code,2000,2001,2002,2003,2004,2005,2006,2007,2008,2009,2010,2011,2012,2013,2014,2015,2016,2017,2018,2019,2020,2021,2022,2023,2024
IT,4.6,4.8,5.1,5.4,5.7,6.0,6.3,6.6,6.9,6.6,6.9,7.2,7.0,6.9,7.2,7.5,7.9,8.2,8.6,8.9,8.3,9.1,9.9,10.7,11.1
001001,7.0,7.6,7.7,8.4,8.7,8.8,9.4,9.8,10.1,10.0,10.1,10.7,10.9,10.2,10.2,11.6,11.7,12.3,13.1,13.5,12.7,13.8,14.1,16.6,16.5
001002,4.6,4.3,5.1,4.9,5.3,5.9,5.9,6.6,6.5,6.1,6.8,6.9,6.8,7.0,7.4,7.7,7.3,7.8,7.8,8.8,8.2,8.9,10.3,10.6,10.7
001003,4.7,4.9,5.6,5.6,5.9,6.7,6.4,6.4,7.4,6.8,6.9,7.3,7.3,7.1,7.5,7.9,7.6,8.8,8.9,9.5,8.5,9.7,10.7,11.0,11.5
001004,4.4,4.7,5.4,5.6,6.0,5.9,6.4,6.9,7.2,7.1,6.8,7.4,7.1,7.4,8.1,7.9,8.3,8.3,9.4,9.7,8.7,9.6,10.9,11.0,12.1
001006,5.1,5.7,5.6,6.2,6.4,6.7,6.5,7.4,7.7,7.5,8.2,8.6,8.1,7.7,7.7,8.9,9.2,9.4,9.6,11.1,9.2,10.8,12.3,12.2,13.0
001007,5.8,6.1,6.9,7.4,7.6,7.7,7.9,8.8,8.6,8.5,9.3,8.4,9.1,9.1,9.1,10.5,10.2,10.8,10.7,11.0,10.9,11.9,12.8,14.3,14.6
001008,4.1,4.2,4.6,4.9,5.6,5.4,5.9,6.7,6.5,5.8,6.5,7.1,6.7,6.7,7.2,7.4,7.9,8.0,8.8,10.0,8.6,9.4,9.8,10.6,11.3
001009,4.2,4.6,4.6,4.7,5.4,5.7,5.8,6.3,6.1,6.1,6.8,7.2,6.3,6.4,6.8,6.9,7.0,7.6,7.8,8.5,7.4,8.0,8.6,9.7,9.6
001010,3.1,3.6,3.6,3.9,4.5,4.2,4.8,4.7,5.4,4.6,5.7,5.9,5.6,5.4,5.7,6.2,6.0,6.7,7.1,7.2,7.6,7.9,8.4,9.6,10.6
001011,3.3,3.5,4.0,3.8,4.4,4.7,5.0,4.5,5.0,5.3,5.2,5.5,5.0,5.4,5.6,5.5,6.0,6.3,6.8,7.4,6.5,7.4,8.2,9.1,9.7
001012,4.9,5.2,5.0,6.0,5.6,6.1,6.4,7.2,7.6,6.9,7.4,8.0,7.4,7.4,7.7,8.1,8.2,8.8,8.8,9.3,8.7,9.7,10.3,11.5,11.4
001013,6.0,6.7,6.6,6.8,7.6,7.7,8.7,8.5,9.6,8.4,8.8,9.5,8.8,10.0,9.7,10.3,10.6,10.1,11.4,11.1,10.6,12.7,12.6,13.8,14.2
001014,5.0,5.0,5.5,5.7,5.8,6.0,7.0,6.6,7.3,6.5,7.2,7.4,7.4,6.9,7.4,7.2,7.9,7.9,7.8,8.5,8.5,9.0,9.6,10.2,10.4
001015,6.8,7.3,7.5,7.7,8.2,8.5,8.4,9.2,9.7,9.2,9.7,9.7,9.9,10.2,9.7,10.4,10.7,10.7,11.5,12.2,11.1,11.9,12.8,12.9,14.1
001016,5.9,6.0,6.1,6.2,6.8,8.0,7.6,8.3,8.6,9.0,9.4,8.9,8.7,8.9,8.9,9.8,9.6,9.9,10.6,11.5,10.5,11.8,12.3,13.5,14.2
001017,5.9,5.2,6.1,6.3,6.7,6.7,7.9,7.4,8.1,7.7,7.9,8.7,8.2,8.0,8.2,9.3,8.9,9.7,10.0,10.3,9.5,10.1,11.1,12.0,11.9
001018,4.5,4.7,4.8,5.2,5.5,5.7,6.2,5.7,6.4,6.0,6.5,6.9,6.2,6.6,6.6,7.0,6.5,7.2,7.3,7.7,7.0,8.0,8.9,9.8,9.4
001019,3.1,3.2,3.3,3.7,3.6,4.3,3.9,4.3,4.3,4.4,4.7,5.3,4.9,4.5,5.4,5.1,5.6,5.9,6.0,6.9,5.6,6.6,7.5,7.7,8.5
001020,5.4,5.9,6.3,6.4,6.5,7.2,7.5,7.5,8.1,8.1,8.6,8.7,8.2,8.6,8.5,8.7,9.3,10.1,10.6,10.6,10.1,11.3,11.5,12.9,12.9
001021,3.3,3.7,4.4,4.2,4.1,4.5,5.0,4.9,4.9,5.0,5.1,5.6,5.6,5.7,5.6,6.1,6.3,6.2,6.8,6.9,6.4,6.7,7.6,8.7,8.7
001022,7.0,7.1,8.7,7.3,8.2,8.9,9.2,9.6,9.6,9.7,9.2,10.2,10.1,9.7,10.5,10.5,10.1,11.6,12.5,12.1,11.3,12.5,13.6,14.8,14.8
001023,3.6,3.9,4.2,4.5,4.9,4.7,5.1,5.9,5.9,5.7,6.3,6.4,6.0,6.1,6.5,6.5,6.9,7.4,7.4,7.9,7.5,8.4,9.3,9.9,9.8
001024,3.5,3.1,3.9,3.9,4.1,4.3,4.1,5.1,4.8,4.7,4.9,5.1,5.2,4.8,5.3,5.6,6.0,6.2,6.5,7.2,6.0,6.9,8.1,8.2,9.2
001025,4.0,4.7,5.2,5.3,5.7,6.5,6.4,6.7,6.8,7.3,7.4,7.7,7.5,7.0,7.7,8.2,8.2,9.1,9.0,9.3,8.7,9.5,10.8,11.6,12.4
001026,7.8,7.5,8.0,8.6,9.0,9.4,9.0,9.8,9.9,9.7,10.6,10.5,10.6,10.4,10.2,10.9,11.0,11.7,12.1,12.9,11.0,12.9,13.5,14.2,15.1
001027,7.0,7.1,7.6,7.8,8.3,8.6,8.6,9.2,9.1,8.9,9.6,9.3,9.1,9.2,9.6,9.9,10.9,10.9,10.9,11.4,10.9,11.5,12.6,13.1,13.6
001028,5.0,4.9,5.6,5.6,5.7,6.0,6.3,6.2,6.7,6.4,7.2,6.9,6.9,6.8,7.2,7.5,7.8,8.2,8.4,8.9,8.3,8.8,9.8,10.5,10.4
001029,6.3,6.4,6.5,6.9,7.0,7.5,7.4,7.8,8.5,8.3,9.0,8.8,8.6,8.3,9.5,8.8,9.5,10.0,10.1,10.5,10.1,10.9,11.6,13.4,13.3
001030,5.0,5.7,5.8,6.2,6.4,6.1,6.7,7.3,8.0,7.8,8.0,7.4,7.9,8.1,8.0,8.1,8.4,9.3,9.8,10.3,9.9,10.1,11.6,11.9,12.0
001031,6.9,6.5,6.7,7.5,7.7,7.9,8.5,9.3,10.6,9.1,10.0,10.3,9.6,9.0,9.6,10.6,10.9,10.4,11.3,12.0,10.6,11.0,11.9,13.2,13.3
001032,5.0,5.5,5.7,6.1,6.4,6.7,6.9,7.5,7.9,7.6,7.9,7.6,8.1,7.9,8.7,8.7,8.7,9.3,9.6,10.1,9.5,10.0,11.1,12.1,12.2
001033,6.3,6.4,6.4,6.9,7.2,7.2,8.4,9.0,8.7,8.8,8.8,9.1,9.6,8.8,9.7,10.2,10.5,11.1,11.0,12.2,11.5,11.5,13.1,13.5,14.4
001034,5.9,6.4,6.4,6.4,7.3,7.6,8.7,8.7,8.7,7.9,9.8,9.5,9.2,9.3,9.2,10.0,10.2,10.5,11.4,11.9,10.8,11.8,13.3,13.3,14.7
001035,3.5,3.8,4.1,3.7,4.4,4.7,4.9,5.3,5.6,5.3,4.8,5.4,5.7,5.4,5.3,6.3,6.3,6.6,7.1,7.3,7.0,7.9,8.6,8.5,9.6
001036,3.0,2.9,3.3,3.3,3.7,4.0,4.3,4.4,4.8,4.2,4.8,4.8,4.9,4.5,5.0,5.4,5.2,5.9,6.1,6.6,6.7,6.7,7.5,8.1,8.5
001037,5.7,5.9,6.9,6.7,7.0,7.4,7.5,7.3,7.9,7.7,8.5,8.4,7.7,7.5,8.3,8.8,9.3,9.7,9.5,10.0,9.5,10.0,11.1,12.4,12.4
001038,4.5,5.2,4.8,5.2,5.9,5.9,6.2,6.9,7.2,6.6,7.3,7.6,7.0,6.9,7.6,8.4,8.5,8.6,9.0,9.3,9.0,9.0,10.6,11.4,11.7
001039,6.0,6.0,6.5,6.7,7.8,7.7,8.2,8.2,9.0,8.0,8.6,9.9,9.0,9.1,9.3,9.7,9.8,10.8,10.4,11.1,10.5,11.3,12.1,12.5,14.0
001040,8.7,9.0,9.8,10.4,10.6,11.4,10.6,11.5,12.5,11.4,12.2,11.5,11.3,12.2,12.3,12.5,13.2,13.6,14.6,15.0,13.4,14.2,15.6,16.9,17.5
001041,3.4,3.5,3.9,4.0,4.0,4.6,4.6,5.2,5.6,5.1,5.7,5.8,5.1,5.5,5.5,5.7,6.1,6.5,6.8,7.4,6.9,6.9,8.4,8.6,9.0
001042,7.2,7.6,7.6,7.7,8.9,8.7,9.0,9.4,9.5,9.8,9.5,9.5,9.6,10.0,10.3,10.7,11.4,10.9,11.8,11.8,11.1,11.4,13.6,13.9,14.2
001043,2.7,2.8,2.8,3.4,3.3,3.3,3.8,3.9,4.5,4.3,4.3,4.7,4.4,4.6,4.9,4.6,5.9,5.6,5.8,6.3,5.4,6.0,6.9,7.3,7.9
001044,5.9,6.3,7.2,7.3,7.5,7.7,7.6,8.7,8.5,8.4,8.8,8.5,9.0,9.0,9.4,9.4,10.2,10.1,10.7,10.8,9.9,11.2,12.1,12.3,13.5
001045,5.2,5.3,5.4,6.0,6.5,6.5,6.7,7.4,7.9,7.6,7.1,8.0,7.7,7.6,7.9,8.5,8.6,9.2,9.7,10.4,8.8,10.8,11.1,12.4,12.4
001046,6.3,6.4,7.7,7.8,7.4,8.2,8.9,8.8,8.9,9.1,9.9,9.5,9.3,9.3,10.0,9.9,11.0,11.6,11.6,11.8,10.9,12.8,12.5,14.4,14.4
001047,4.2,4.3,4.4,5.0,4.9,5.1,5.6,5.4,6.3,6.0,6.2,6.1,6.0,5.7,6.2,6.9,7.1,7.9,8.1,8.5,6.8,8.2,9.2,9.3,10.8
001048,4.3,5.3,5.3,5.5,6.1,6.0,6.6,7.3,7.3,7.2,7.1,7.7,7.3,7.0,7.7,8.0,8.3,8.4,8.7,8.9,8.7,9.8,10.6,11.5,11.4
001049,6.2,6.4,6.4,6.9,7.3,7.4,7.2,8.2,8.5,8.0,8.8,8.5,8.4,8.5,8.9,9.6,9.5,10.0,10.7,10.5,9.5,10.9,12.6,12.9,13.6
001050,5.7,6.0,6.1,6.3,6.9,7.1,7.3,7.7,8.6,7.3,8.1,8.3,8.2,8.0,7.9,9.0,9.1,9.8,10.0,11.5,9.4,10.4,10.8,12.5,13.4
001051,4.4,4.5,4.8,5.2,5.7,5.8,6.2,6.7,6.4,6.9,7.3,7.3,6.6,6.7,7.4,7.4,7.6,8.1,8.6,8.9,7.9,9.3,9.4,11.1,11.6
001052,4.5,4.8,4.9,5.3,5.4,5.7,6.2,6.2,7.2,6.5,6.8,6.7,6.8,6.7,7.4,7.1,8.0,8.2,8.0,8.6,8.0,9.3,10.0,11.0,10.8
001053,4.3,4.9,5.6,5.3,5.6,6.6,6.2,6.5,7.4,6.3,7.1,7.1,6.8,6.9,6.8,7.6,8.0,8.3,8.8,9.0,7.8,9.2,10.3,10.8,11.0
001054,5.6,6.0,6.0,6.5,7.1,7.8,7.5,8.1,8.5,7.9,8.2,8.5,8.3,8.4,8.8,9.7,9.7,9.7,10.3,10.7,10.0,10.8,11.5,12.9,12.7
001055,3.9,4.1,4.2,4.5,4.9,5.0,5.7,6.0,6.0,5.7,6.2,6.7,6.2,5.8,6.8,6.9,7.6,8.2,8.1,8.2,8.0,8.3,9.1,10.3,10.1
001056,3.7,4.2,4.2,4.9,4.9,5.7,6.4,6.0,6.0,5.8,6.7,6.8,6.9,6.1,6.4,7.5,7.1,8.2,7.8,8.7,8.0,8.7,9.3,9.8,10.7
001057,6.8,6.6,7.1,7.5,8.1,7.8,8.9,9.6,9.7,8.6,8.9,9.2,9.3,9.4,9.9,9.8,10.3,10.8,11.6,12.1,11.2,12.6,13.2,13.2,14.4
001058,7.7,7.5,8.0,9.3,9.6,9.4,10.1,9.8,10.8,10.6,10.7,11.5,10.7,11.3,11.9,12.3,12.2,11.9,13.0,13.5,13.0,13.2,15.1,15.9,16.6
001059,6.4,7.1,8.1,7.9,8.6,8.5,9.3,10.0,10.0,9.7,10.4,10.9,9.7,10.5,11.2,10.7,11.2,11.9,11.8,12.6,12.2,12.4,13.9,15.5,16.4
001060,5.3,5.7,6.5,6.5,6.4,7.3,7.5,8.2,8.3,7.8,8.0,9.2,8.3,8.5,8.6,9.2,9.5,9.5,10.2,10.0,9.5,10.9,11.9,13.0,12.9
001061,7.2,6.6,7.0,7.9,8.3,8.7,9.1,9.5,8.9,8.8,9.3,9.9,9.8,9.0,9.8,10.1,10.2,10.4,11.8,11.2,11.2,11.9,13.0,13.4,13.5
001062,5.5,5.2,5.7,6.4,6.4,6.0,6.7,6.9,7.6,7.0,7.6,7.9,7.5,7.5,7.6,8.7,8.0,9.0,9.2,9.5,8.9,10.1,10.8,11.7,11.0
001063,2.9,3.0,3.2,3.3,3.6,3.8,4.7,4.8,5.1,4.7,5.2,5.9,4.8,5.2,5.4,5.6,5.7,6.3,6.5,7.2,6.6,7.0,8.1,9.1,9.0
001064,6.9,7.5,7.6,8.0,8.7,9.0,9.7,10.0,10.8,10.0,9.7,11.0,10.8,10.2,10.8,10.5,11.5,11.7,12.1,12.6,11.2,13.8,13.5,14.5,15.4
001065,4.4,4.2,4.7,4.7,4.9,5.5,5.7,5.7,6.3,5.8,6.4,6.3,6.3,5.9,6.2,6.5,6.7,6.9,7.4,7.3,7.2,7.9,8.4,8.9,10.3
001066,4.1,4.6,4.4,4.6,5.4,5.7,5.8,6.0,5.8,6.0,6.0,6.5,6.6,6.4,7.0,7.0,7.6,7.4,8.5,8.6,7.9,8.7,10.0,10.2,10.7
001067,4.8,5.3,6.1,6.1,6.2,6.4,7.6,8.0,8.5,7.6,8.6,8.1,8.2,7.7,8.4,7.8,9.1,10.2,10.5,10.0,9.0,10.2,12.0,12.4,12.2
001068,8.3,8.0,9.1,9.3,10.3,10.0,11.3,11.3,12.2,10.8,12.4,12.0,11.7,12.1,12.4,14.0,13.7,13.9,14.7,14.9,14.0,15.2,16.7,17.2,18.0
001069,3.8,4.2,4.4,4.5,5.2,5.1,6.0,6.1,6.9,6.1,6.8,6.8,6.7,6.4,6.8,6.6,7.4,8.1,7.9,8.6,8.3,9.3,10.0,10.5,11.1
001070,6.1,7.0,7.2,7.2,7.7,8.2,8.8,9.2,9.2,9.0,9.8,9.8,9.6,9.3,9.3,10.4,10.0,10.8,11.8,11.6,11.2,11.9,12.5,13.3,14.1
001071,4.3,4.4,4.8,4.9,5.7,6.0,5.6,6.4,6.4,5.9,6.6,6.4,6.2,5.9,6.2,7.1,7.7,7.5,7.9,7.7,7.6,8.4,8.6,9.8,11.0
001072,4.5,4.8,4.9,5.1,5.4,5.7,6.0,7.0,6.4,6.5,7.1,7.1,6.8,6.6,7.3,7.9,7.9,8.5,9.1,9.2,8.8,10.0,10.9,11.4,11.7
001073,3.8,4.1,4.2,5.0,5.2,5.1,5.6,5.7,6.7,5.8,6.0,7.7,6.6,6.8,7.2,7.8,8.3,8.2,8.5,9.0,8.4,9.9,10.4,11.2,11.8
001074,5.5,6.1,6.9,7.0,7.1,7.7,8.4,8.2,8.9,8.6,8.4,8.9,9.0,8.8,9.5,9.7,10.2,10.1,10.2,10.5,10.2,10.8,11.5,13.5,13.8
001075,4.9,5.5,5.6,5.4,5.7,6.6,6.8,7.0,8.1,7.1,7.7,8.2,8.2,7.7,8.1,8.9,9.6,10.0,10.2,10.7,9.8,10.8,11.9,12.7,13.5
001076,6.6,6.8,7.1,7.6,7.7,8.6,8.2,8.9,9.4,8.7,8.9,9.5,9.4,8.6,8.9,9.8,10.9,10.4,10.6,11.1,10.8,12.1,13.2,13.6,14.7
001077,7.6,7.6,8.0,8.3,8.4,9.1,9.3,9.1,9.9,9.4,9.7,10.2,10.0,9.5,9.6,10.8,11.2,11.4,11.4,11.9,10.9,12.1,13.4,14.1,14.2
001078,2.0,2.2,2.4,2.6,2.8,3.0,3.4,3.4,3.9,3.6,3.9,4.4,3.6,4.3,4.0,4.2,4.8,5.1,5.7,5.6,5.2,5.8,6.6,7.4,7.5
001079,3.5,3.8,3.8,4.3,4.7,4.9,5.5,5.3,5.6,5.3,5.6,6.0,5.9,5.3,6.1,6.3,6.2,7.4,7.2,7.8,7.0,7.1,8.3,9.1,9.4
001080,6.7,7.1,6.9,7.2,8.4,8.1,8.3,8.6,9.0,8.7,9.1,9.0,9.0,9.3,9.6,9.6,10.3,10.3,10.8,11.1,10.7,12.8,12.5,13.8,13.9
001081,5.4,5.7,5.8,6.4,6.9,7.4,7.6,8.2,8.5,7.9,8.3,8.7,8.5,8.1,9.3,9.1,9.4,9.9,10.7,11.1,10.1,11.1,12.1,13.4,13.2
001082,3.7,4.1,4.1,4.5,4.5,4.4,5.2,5.0,5.6,5.0,5.8,6.0,5.8,5.4,5.5,6.4,6.5,6.5,7.1,7.3,6.9,7.7,8.6,9.0,9.9
001083,4.0,3.9,4.6,4.8,4.6,5.2,5.5,6.0,6.1,5.7,6.4,6.7,5.9,5.8,6.4,6.2,7.2,7.4,7.4,8.8,7.4,8.6,9.1,9.9,11.2
001084,6.4,6.8,7.0,7.1,8.0,7.4,8.2,9.2,9.4,8.9,9.5,9.5,9.9,9.8,10.0,10.3,11.4,11.6,11.5,11.7,11.8,12.2,13.6,14.2,14.2
001085,2.3,2.3,2.5,2.6,2.7,2.9,3.2,3.7,3.7,3.5,4.2,3.9,3.8,3.6,4.0,4.1,4.5,4.5,4.8,5.2,4.9,5.5,6.0,6.6,6.5
001086,9.4,9.3,9.9,10.1,10.3,10.7,11.6,12.1,11.9,11.3,12.0,12.5,11.8,11.7,12.3,12.8,13.5,13.6,13.9,13.9,13.9,14.4,15.9,16.2,17.8
001087,6.0,5.9,6.3,6.6,7.0,7.4,7.6,8.4,8.8,7.8,8.5,9.1,8.7,8.7,9.0,9.2,10.1,9.5,10.5,11.6,10.2,11.2,12.0,13.6,13.4
001088,5.1,5.7,6.1,6.3,6.7,6.8,7.1,7.4,8.0,7.8,8.2,7.7,8.0,7.8,7.7,8.3,8.8,9.4,9.7,10.2,9.3,10.9,11.1,12.1,12.9
001089,6.0,6.6,6.2,6.7,7.6,7.8,8.2,8.5,8.8,8.3,8.9,8.9,9.4,8.7,9.1,9.3,9.5,9.6,10.9,11.4,11.1,11.4,12.2,13.0,14.3
001090,6.2,6.6,6.5,7.3,7.8,7.9,8.5,8.2,9.3,9.0,9.3,9.5,9.3,8.8,8.9,9.4,10.0,11.0,10.8,12.5,10.3,11.6,12.9,13.8,14.4
001091,6.7,7.2,7.1,8.0,7.7,8.3,9.1,9.0,9.4,9.2,9.5,10.2,10.0,9.3,10.3,10.2,10.5,11.7,11.8,12.8,11.4,12.3,13.4,14.8,14.8
001092,6.0,6.3,7.0,6.7,7.3,7.3,8.1,8.9,9.0,8.3,8.4,8.8,8.7,8.7,9.0,9.4,9.4,9.9,10.4,10.6,9.9,11.2,11.7,12.2,13.4
001093,6.0,5.7,6.3,6.7,6.7,6.6,7.4,7.4,8.0,7.5,8.2,9.0,8.1,8.0,7.7,8.6,8.9,9.2,9.9,10.1,9.5,9.5,10.9,11.8,11.6
001094,6.6,7.2,8.0,8.0,8.1,9.1,9.8,10.1,10.0,10.1,10.3,10.7,9.8,10.6,10.4,11.0,11.4,11.8,12.6,12.3,11.6,13.0,13.8,14.6,15.1
001095,6.1,6.8,6.8,7.3,8.6,8.1,9.3,9.4,9.9,9.5,10.3,9.5,9.8,9.3,10.7,10.2,11.3,12.3,12.0,12.4,10.8,12.5,13.6,14.8,15.3
001096,3.7,3.9,3.6,4.1,4.4,4.9,5.1,5.5,6.3,5.7,5.8,5.8,6.5,6.0,6.0,6.6,7.4,7.3,7.3,7.9,7.0,8.2,8.8,9.4,9.9
001097,5.5,5.4,5.3,6.3,6.4,6.6,7.5,7.4,7.7,8.2,8.1,9.0,7.9,8.0,8.6,9.2,9.3,9.0,9.4,10.2,9.9,10.6,11.0,12.1,12.7
001098,6.5,7.1,7.2,6.9,7.7,8.1,8.7,9.1,9.0,9.0,8.9,9.7,9.5,9.7,9.7,9.8,10.8,10.9,11.4,11.4,10.7,12.2,12.2,13.9,14.0
001099,7.2,7.3,8.3,8.3,8.6,9.2,10.1,10.8,10.2,10.2,10.3,11.8,10.8,11.0,11.0,11.8,12.6,13.6,13.7,14.0,11.9,13.8,15.2,16.1,17.2
001100,6.4,6.9,7.5,7.7,8.1,8.8,9.2,9.5,11.1,10.2,10.8,11.0,10.5,10.2,10.6,11.3,11.9,12.3,12.9,13.2,12.1,13.6,14.1,15.1,15.8
001101,3.8,4.2,4.9,4.9,5.4,5.9,6.0,6.4,6.3,6.7,7.1,7.2,7.0,6.4,7.0,8.1,7.9,8.6,8.5,9.2,8.1,9.6,9.9,11.2,10.9
001102,4.6,4.6,5.2,5.5,5.4,5.7,6.2,6.4,7.5,6.9,7.7,7.3,7.3,7.1,7.5,8.6,8.8,9.6,9.0,9.4,9.2,10.2,11.8,12.5,13.0
001103,6.7,6.5,6.9,7.3,8.6,8.5,8.9,8.8,9.7,8.2,9.2,10.5,9.1,9.4,9.8,10.4,11.2,10.7,10.9,12.1,11.2,12.5,12.8,14.1,14.0
001104,3.6,4.0,3.8,4.3,4.9,4.9,5.5,5.7,5.9,5.5,5.7,6.0,6.1,5.9,6.1,6.7,6.7,7.0,7.7,8.2,7.1,8.1,9.6,9.4,10.5
001105,5.6,5.6,5.9,6.7,6.6,7.3,7.3,7.5,8.2,7.9,8.4,8.7,8.5,8.8,8.8,9.9,9.1,9.7,10.3,10.6,10.2,11.3,11.6,12.5,12.7
001106,4.9,4.7,5.1,5.9,5.8,6.3,6.4,6.5,7.2,6.8,7.1,7.8,7.1,6.6,7.4,7.4,8.4,8.0,8.4,9.1,8.4,9.1,10.7,11.0,11.3
001107,7.4,8.2,8.6,9.2,9.7,9.7,10.1,10.0,11.1,11.3,10.6,11.7,11.2,10.6,11.1,11.3,12.6,13.3,12.9,14.3,12.2,13.4,15.1,15.8,16.8
001108,5.5,5.6,5.9,6.3,6.9,7.2,7.9,7.7,8.2,8.1,8.4,8.4,8.5,7.8,9.0,8.5,9.6,9.5,10.3,10.9,9.4,10.8,12.4,12.6,13.5
001109,6.9,7.4,8.4,8.7,8.5,9.4,9.3,10.3,10.4,9.5,10.2,10.2,10.1,10.3,9.9,10.7,11.1,11.8,11.5,13.0,11.8,13.0,13.5,16.1,16.3
001110,5.1,5.2,5.9,6.2,6.7,6.6,7.3,7.3,7.6,7.3,7.4,8.6,8.3,8.1,8.6,8.6,9.6,10.1,10.3,10.3,9.7,11.2,12.0,13.0,12.9
001111,3.6,3.9,4.0,4.3,4.1,4.5,5.3,5.4,5.2,5.3,5.5,5.8,5.6,5.5,5.6,6.1,6.5,7.0,7.4,7.2,6.8,7.9,8.8,8.9,9.1
001112,4.3,5.0,5.6,5.5,5.8,6.0,6.9,7.0,7.3,6.6,7.1,7.7,7.4,7.5,7.5,7.8,8.1,7.9,9.1,9.2,8.9,9.1,10.3,11.1,10.9
001113,5.3,4.8,5.4,6.1,6.1,6.5,7.0,7.2,7.4,7.5,7.3,7.8,7.5,7.9,8.0,8.2,8.3,8.6,9.5,9.9,9.2,10.0,10.8,11.6,12.1
001114,5.9,6.1,6.7,7.0,7.2,7.1,7.6,7.8,8.6,8.3,8.7,9.0,8.9,8.6,8.7,9.2,9.9,10.5,10.3,11.3,10.0,11.4,12.3,13.3,13.7
001115,5.3,5.7,5.9,6.4,6.8,6.9,7.6,7.5,8.8,7.7,8.0,8.2,8.9,8.6,8.3,9.1,9.7,9.7,10.6,10.8,10.1,10.9,12.4,11.6,13.0
001116,4.3,5.2,5.0,5.4,5.3,5.6,6.8,6.7,7.5,6.8,6.3,6.9,7.9,6.6,7.2,7.6,7.5,8.8,9.1,9.7,8.5,9.7,10.2,11.5,12.4
001117,6.0,6.0,6.2,7.0,7.0,7.3,7.7,8.0,8.1,8.3,8.1,8.5,8.5,8.4,8.5,8.4,9.2,9.7,9.6,10.4,9.9,10.6,11.2,12.2,12.3
001118,2.7,3.4,3.4,3.5,4.0,4.3,4.4,4.6,4.9,4.7,4.8,5.3,4.8,4.9,5.3,5.5,5.6,6.0,6.3,6.7,6.3,7.2,8.2,8.6,8.9
001119,3.7,4.3,4.5,4.9,4.7,5.6,5.7,5.7,6.1,6.1,6.0,6.7,6.4,6.3,6.6,6.9,7.0,7.3,8.1,8.8,7.8,8.7,9.7,10.4,11.0
001120,5.3,5.4,5.6,6.1,6.4,6.5,7.4,7.5,7.6,7.8,7.9,8.2,8.1,7.5,8.2,8.4,9.3,9.3,9.3,9.2,8.7,10.3,10.4,11.5,11.8
001121,6.0,5.8,6.6,7.0,7.3,7.8,7.8,8.5,8.4,7.5,8.3,9.2,8.9,8.7,8.9,8.7,9.2,9.4,10.7,10.6,10.0,10.7,12.1,12.9,13.3
001122,4.0,4.3,4.5,4.3,4.6,5.1,5.2,5.6,6.1,5.3,5.7,5.9,6.3,5.7,5.9,6.8,6.0,6.6,6.9,7.7,7.1,7.9,8.8,8.5,9.4
001123,5.2,5.9,6.3,6.3,6.6,7.1,7.7,7.9,7.8,8.0,7.7,8.3,8.3,7.5,8.0,9.2,8.9,9.2,10.1,10.3,9.2,10.0,10.8,11.5,12.3
001124,7.2,6.8,7.7,8.6,8.7,8.0,8.6,10.3,10.1,10.0,10.4,10.5,10.3,10.1,11.1,11.1,11.1,11.9,13.0,14.0,12.7,13.8,13.4,15.3,15.8
001125,4.3,4.7,4.9,5.2,5.5,5.9,6.2,6.9,6.6,6.8,6.4,6.8,6.8,7.1,7.0,7.6,7.8,8.2,8.4,8.7,7.8,9.0,10.2,10.7,11.2
001126,4.8,5.7,5.7,5.9,6.6,6.6,7.3,8.0,8.5,7.6,8.7,8.5,8.8,8.0,8.7,9.0,9.9,10.0,9.8,10.4,9.8,11.3,12.4,13.7,13.3
001127,6.7,7.1,7.2,7.9,8.2,9.0,9.2,9.5,9.9,9.4,9.4,9.9,9.8,9.2,9.3,10.2,11.1,10.8,12.2,11.9,11.1,11.9,13.0,14.4,14.5
001128,4.1,4.2,4.3,4.4,4.8,5.2,5.7,6.1,6.1,6.0,6.3,6.7,6.2,6.6,6.6,6.8,7.2,7.6,7.9,8.0,7.4,8.6,9.0,9.9,10.0
001129,5.1,5.2,5.6,6.3,6.3,7.0,6.6,8.2,8.8,7.5,7.9,9.1,8.2,8.1,8.6,8.5,9.7,9.6,10.6,10.6,10.0,10.6,11.9,11.7,13.2
001130,5.0,5.2,5.2,5.7,6.0,6.4,7.3,7.3,8.3,7.1,7.9,8.6,8.5,8.5,8.7,8.9,9.7,10.3,9.8,11.1,10.6,10.8,12.3,14.1,13.8
001131,3.6,3.9,4.3,4.5,4.8,4.9,5.3,5.8,6.8,6.0,6.5,7.2,7.1,6.9,7.1,7.2,7.7,8.5,8.3,8.7,8.4,9.4,10.0,10.3,11.3
001132,5.9,5.6,5.8,6.3,6.8,6.3,7.2,7.7,7.6,8.0,7.9,8.1,7.6,8.0,8.3,8.3,8.4,9.4,10.4,10.1,8.9,10.3,11.3,12.5,13.1
001133,3.7,4.3,4.4,4.6,5.6,5.2,5.9,5.8,6.8,6.3,6.3,6.9,7.0,7.0,7.4,7.3,7.7,8.2,8.5,9.0,8.3,9.4,10.3,11.4,11.3
001134,6.4,7.0,8.2,8.2,7.9,8.2,8.6,8.3,9.3,9.1,9.4,10.3,8.5,9.4,9.9,9.5,10.7,11.2,11.6,11.8,11.2,12.3,13.3,14.3,14.2
001135,4.9,5.4,5.5,5.9,6.2,6.7,6.4,6.9,7.1,6.3,7.4,7.7,7.3,7.4,7.5,7.6,7.6,8.5,8.6,9.2,8.1,9.4,9.9,10.6,11.2
001136,8.0,8.6,8.6,10.1,9.3,9.8,10.7,10.9,10.8,10.9,11.5,11.7,11.0,11.0,11.0,11.7,12.3,11.9,13.5,13.1,11.9,13.3,14.6,14.8,15.7
001137,6.5,6.5,7.2,7.7,8.0,8.7,8.4,9.5,10.0,10.5,10.0,11.0,10.2,10.0,9.7,10.9,11.0,11.8,12.5,12.7,12.1,13.0,13.8,15.0,15.7
001139,5.4,5.4,5.6,5.6,6.5,6.1,7.1,7.1,7.7,7.2,7.3,7.3,7.3,7.2,8.0,8.0,8.5,8.4,9.9,9.6,8.7,9.9,11.0,11.4,11.2
001140,4.6,5.1,4.8,5.1,5.3,5.9,6.1,6.4,7.3,6.1,7.1,6.9,6.8,6.7,6.9,7.6,8.0,8.3,8.9,9.3,8.5,10.2,10.7,11.5,11.8
001141,5.6,5.3,6.0,5.8,6.4,6.7,7.5,7.9,7.8,7.7,8.3,8.3,8.3,7.9,8.3,8.9,9.3,10.2,10.1,10.4,10.3,10.7,11.5,13.1,13.5
001142,5.5,5.8,6.7,6.8,6.8,7.5,8.3,9.1,9.4,8.2,8.9,9.5,9.2,8.9,9.5,9.8,10.5,11.0,10.9,11.8,10.5,11.5,12.8,13.1,14.5
001143,4.3,4.6,5.3,6.1,6.2,6.2,7.3,6.8,7.7,7.6,7.5,7.8,7.7,7.8,8.1,8.7,8.9,9.9,9.9,10.4,9.2,10.8,11.1,12.2,13.1
001144,4.8,4.9,5.3,5.5,6.2,5.9,6.7,7.0,6.7,6.6,6.7,7.5,7.7,7.1,6.9,7.9,7.9,8.3,8.8,9.1,9.1,9.7,9.8,11.4,11.7
001145,4.4,4.5,4.7,5.2,5.5,6.1,6.4,6.7,7.1,6.5,7.4,7.7,7.5,6.7,7.0,8.2,7.5,8.6,8.9,9.6,8.4,10.1,10.3,12.2,11.9
001146,6.3,6.5,7.2,7.3,7.6,7.8,8.3,9.1,9.2,8.8,9.0,9.2,9.1,9.1,9.3,9.6,10.4,10.1,11.2,11.3,9.9,11.9,13.0,13.5,13.7
001147,5.8,6.1,6.2,6.5,6.8,7.5,7.9,8.3,8.4,8.1,8.6,9.3,8.7,8.7,9.2,9.0,9.5,10.3,10.8,10.9,9.8,12.3,12.4,13.2,13.5
001148,2.7,2.8,3.3,3.5,3.6,3.6,4.0,4.4,4.6,4.7,4.8,4.7,5.2,5.0,5.1,5.6,5.6,6.2,6.4,6.7,6.4,6.5,7.4,8.4,8.2
001149,4.1,5.0,5.2,5.6,5.7,6.3,6.2,6.5,7.2,6.6,7.5,7.7,7.4,7.3,7.1,8.1,8.5,8.6,9.0,10.1,8.8,10.5,10.7,11.4,10.7
001150,4.9,4.8,5.0,5.1,5.4,5.9,5.9,6.7,7.0,6.7,6.6,7.4,7.5,6.7,7.0,8.3,7.6,8.4,8.5,9.4,8.6,10.0,10.7,11.0,11.4
001152,6.9,6.6,7.5,7.9,7.8,8.5,8.6,8.8,9.7,9.3,9.9,10.1,10.1,9.4,9.8,10.5,11.3,11.2,11.7,12.3,11.0,11.8,12.9,13.9,14.5
001153,5.2,5.7,5.9,6.3,6.7,7.2,6.9,7.2,8.2,8.0,8.2,8.4,7.9,7.5,8.5,8.9,9.2,9.6,9.9,10.3,10.3,10.2,12.0,12.6,13.0
001154,5.2,5.9,5.5,6.1,6.5,7.0,7.1,7.2,7.4,7.8,8.0,8.1,8.1,8.0,7.8,7.9,9.0,9.0,9.5,9.6,8.8,10.3,11.3,11.5,11.9
001155,6.7,7.1,7.7,8.1,8.1,9.3,8.5,8.9,9.4,9.7,9.0,10.2,10.0,9.4,9.7,10.0,11.4,11.0,11.1,12.2,11.0,11.8,13.1,14.1,13.9
001156,3.4,3.9,4.2,4.5,4.7,5.4,5.5,5.7,5.9,5.9,5.8,6.6,6.5,6.0,6.2,6.8,7.5,7.6,7.6,7.8,7.4,8.4,9.0,10.0,10.2
001157,4.3,4.3,4.8,4.6,5.6,5.4,5.5,6.1,6.5,6.2,6.4,6.7,6.8,6.3,6.5,7.0,7.3,7.7,8.0,8.1,7.8,8.4,9.1,10.0,10.5
001158,4.4,4.9,5.1,5.8,5.8,6.0,6.7,7.0,7.5,6.8,7.9,7.4,7.3,6.9,6.6,7.9,7.9,8.1,8.5,8.6,9.1,9.5,10.7,10.5,11.9
001159,5.2,5.6,6.1,6.4,6.3,6.9,6.4,7.7,7.9,7.3,7.5,8.0,8.2,7.8,7.6,8.1,8.9,9.4,9.4,10.4,8.7,10.0,11.0,12.1,12.3
001160,5.4,6.1,6.2,6.3,7.0,6.7,7.4,7.9,7.3,8.0,8.4,8.2,8.3,8.2,8.6,9.2,9.3,9.8,9.9,9.9,10.3,10.6,12.2,12.4,13.3
001161,7.1,7.8,8.3,8.8,9.0,9.3,9.0,10.1,10.7,10.0,10.4,11.1,10.3,10.0,10.6,11.0,11.3,12.5,12.2,12.9,11.1,12.5,14.9,15.3,15.0
001162,4.9,4.9,5.3,5.7,5.8,6.2,6.4,6.4,7.3,6.6,7.1,7.3,7.3,7.0,7.7,7.9,8.4,8.6,8.9,9.1,8.4,9.6,10.1,11.0,11.5
001163,5.7,6.4,6.5,6.6,6.7,7.6,7.9,7.7,8.3,8.2,8.3,9.2,8.4,8.6,8.7,9.0,9.1,9.4,9.7,10.5,10.2,10.9,11.5,12.8,13.1
001164,6.9,6.4,7.1,7.7,8.2,8.3,9.3,9.9,9.7,9.5,9.8,10.3,9.7,9.8,9.4,10.6,11.6,11.4,11.8,12.6,11.6,12.8,13.9,15.1,15.5
001165,5.1,5.1,5.7,5.6,6.5,6.8,6.8,7.6,7.8,7.8,8.2,8.7,8.0,8.5,8.4,8.3,9.3,10.0,10.4,10.4,9.7,10.3,11.6,12.1,12.5
001166,5.7,6.0,6.1,6.0,6.6,6.4,7.3,7.8,7.8,7.4,8.9,8.4,7.5,8.2,8.3,8.3,9.1,9.4,9.4,9.9,9.1,9.9,10.8,12.2,12.2
001167,4.7,4.6,5.3,5.3,5.7,5.5,6.2,6.8,7.2,6.4,7.1,7.2,7.1,6.7,6.8,7.6,8.2,8.6,8.7,9.4,8.6,8.9,10.1,10.5,11.2
001168,7.0,6.9,7.6,7.6,8.9,9.2,9.0,9.5,10.5,9.3,9.8,9.5,10.2,9.4,10.1,10.6,10.0,12.2,11.6,11.8,11.5,12.5,13.2,14.2,14.9
001169,6.0,6.2,6.9,6.7,7.1,7.2,7.9,7.7,8.6,8.4,8.3,8.6,8.8,8.3,8.9,9.2,9.2,9.6,10.2,9.7,9.7,10.4,11.7,12.3,12.5
001170,7.5,8.0,8.3,8.6,9.0,9.6,8.9,9.5,10.5,10.2,10.1,11.1,10.4,10.3,10.0,11.1,12.2,11.6,11.9,13.6,12.1,12.7,13.8,14.4,16.2
001171,5.8,6.3,6.6,7.1,7.3,7.8,8.5,9.1,9.6,8.6,9.1,9.1,8.5,8.6,9.3,8.8,10.3,11.6,10.6,12.5,10.9,11.9,12.2,13.2,14.9
001172,7.9,9.2,9.4,9.4,9.9,10.2,11.5,11.2,11.6,11.1,11.7,11.4,11.6,11.6,12.1,12.0,12.6,13.0,14.3,14.2,13.4,15.0,15.5,16.5,16.7
001173,6.4,5.9,6.5,6.8,6.8,7.6,7.9,8.5,8.7,8.5,8.8,9.1,8.7,8.5,8.6,9.3,10.0,10.3,11.1,10.7,9.9,11.0,12.6,12.7,13.4
001174,5.5,6.4,5.9,6.6,6.7,6.9,7.4,8.3,7.8,7.7,8.3,9.1,8.7,8.6,9.2,9.7,10.3,9.9,10.5,10.5,10.1,11.3,12.0,12.7,13.3
001175,4.3,4.6,4.9,4.8,5.3,5.7,5.5,5.5,6.9,6.1,6.2,6.9,6.6,7.1,7.0,7.0,7.6,7.7,8.4,8.9,7.9,8.6,9.8,10.5,10.7
001176,5.3,5.1,6.0,5.6,6.1,6.5,6.6,7.6,7.8,7.0,7.1,7.4,7.7,7.2,7.9,8.2,8.2,8.4,8.8,9.4,9.2,9.5,10.5,11.3,11.4
001177,3.9,4.1,4.4,4.6,4.8,5.5,5.6,5.8,6.6,6.0,6.6,6.3,6.7,6.0,6.6,7.4,7.6,7.7,8.2,8.9,8.3,9.0,9.9,10.4,11.4
001178,7.4,8.0,7.7,9.1,9.2,9.7,9.5,10.0,11.0,10.4,10.2,11.0,10.8,11.1,11.1,11.2,11.9,11.7,13.0,12.9,12.3,13.6,13.9,14.6,15.6
001179,5.9,6.3,6.8,7.0,7.2,7.8,7.9,7.9,8.3,8.2,8.3,9.1,8.8,8.8,9.3,9.1,10.2,10.3,10.8,11.3,10.3,11.6,12.0,12.5,13.5
001180,5.6,5.0,5.7,6.0,6.3,6.6,7.2,6.9,7.8,7.4,8.0,8.0,8.3,7.5,8.3,8.2,9.1,9.4,9.5,9.5,9.2,10.3,11.2,12.0,11.6
001181,7.3,7.7,7.5,8.0,8.2,8.5,9.8,10.0,10.2,9.8,10.1,10.4,10.1,10.1,10.7,10.6,11.1,11.4,11.3,12.4,11.4,12.3,13.5,13.5,13.8
001183,5.6,5.8,6.3,6.5,6.9,6.7,7.0,8.4,7.8,7.6,8.0,8.4,8.6,8.2,8.1,8.5,9.0,9.1,9.4,10.5,9.1,10.4,10.6,12.1,12.2
001184,4.5,5.0,4.9,5.2,5.4,5.4,6.1,6.4,7.3,6.0,6.8,6.9,6.8,6.9,6.9,7.0,6.8,7.8,7.8,8.5,7.9,9.0,9.7,10.0,10.4
001185,5.5,5.3,5.8,5.8,6.3,6.7,6.8,7.3,7.7,7.2,7.5,7.5,7.8,7.9,8.5,7.7,9.1,9.5,9.5,10.5,9.2,9.8,11.5,12.3,12.4
001186,4.3,4.3,5.1,5.0,5.1,5.5,5.6,6.0,6.4,5.6,6.2,7.0,6.4,6.3,6.4,6.9,7.3,8.1,7.8,8.3,7.8,8.4,9.4,10.2,10.2
001187,3.4,3.3,3.8,4.0,4.4,4.2,4.5,4.6,4.6,4.8,5.3,5.3,5.3,4.8,5.2,5.4,5.6,5.7,6.3,6.8,5.9,6.7,7.0,7.7,8.1
001188,4.6,5.3,5.3,5.6,5.8,6.4,6.5,6.1,6.8,7.1,7.2,7.5,7.3,7.0,7.2,8.0,7.6,8.9,8.4,8.8,8.7,9.5,10.0,10.7,11.2
001189,6.2,6.1,6.7,6.9,7.0,8.1,7.9,7.8,8.9,8.2,8.2,8.9,8.7,9.0,8.2,8.9,9.8,10.0,10.7,10.2,10.5,10.5,12.4,12.8,12.8
001190,4.3,4.4,4.5,5.2,5.6,5.9,6.4,7.0,7.1,7.0,7.2,7.7,7.3,6.6,7.3,7.3,7.7,8.2,8.6,9.1,8.9,9.4,10.2,11.3,11.2
001191,6.3,6.3,6.8,7.1,7.4,7.8,8.4,8.7,8.8,8.6,8.4,9.7,9.0,8.4,9.4,9.6,10.0,10.5,10.5,11.5,10.1,11.3,12.4,12.4,13.7
001192,4.6,4.8,5.3,5.7,5.8,5.9,6.4,6.9,7.2,6.8,7.3,7.4,7.8,7.7,7.8,8.6,8.9,8.6,9.6,10.2,9.1,9.8,11.3,12.1,12.2
001193,6.0,6.6,6.6,7.3,7.7,7.9,8.2,9.0,9.5,9.2,9.3,9.7,9.6,9.3,10.1,9.5,10.3,11.3,11.3,12.8,11.4,12.4,13.7,14.8,15.0
001194,4.1,4.9,5.3,5.7,5.5,5.6,6.3,6.4,7.6,6.3,7.0,7.6,7.2,6.7,7.3,7.8,8.3,8.5,9.2,9.6,8.3,9.5,9.6,11.0,11.7
001195,5.3,5.5,5.9,6.2,6.9,7.6,7.4,8.1,9.1,8.3,8.4,8.8,8.1,8.2,8.7,9.6,9.1,10.0,10.3,11.1,9.8,10.8,11.4,12.7,12.4
001196,5.3,5.6,5.7,6.4,6.3,6.7,6.9,7.9,7.3,8.0,7.9,8.8,8.8,8.4,8.3,8.6,8.9,9.1,10.7,10.6,9.9,11.1,11.8,12.5,13.8
001197,6.3,6.8,7.3,7.5,8.0,8.0,9.0,8.9,9.1,8.5,9.1,9.3,9.4,8.9,9.9,10.5,10.7,11.4,10.8,12.0,10.4,12.1,13.4,13.3,14.5
001198,4.5,4.7,5.1,5.3,5.5,6.2,6.2,6.8,6.7,6.9,7.1,6.9,7.1,6.8,7.1,7.7,8.3,8.1,8.9,9.6,8.8,9.0,10.4,11.6,11.6
001199,6.8,7.4,7.7,7.9,8.0,8.7,9.0,9.4,9.6,8.8,9.9,10.3,9.7,9.3,9.9,10.6,11.0,11.0,12.1,12.1,11.4,11.7,12.2,13.3,14.3
001200,5.9,6.1,6.1,6.7,7.3,6.9,7.8,8.3,8.1,8.3,8.5,8.8,8.2,8.3,9.0,9.1,9.3,9.4,10.4,11.3,10.7,10.9,11.7,13.0,13.4
001201,6.0,6.0,6.4,6.7,7.3,7.4,7.7,7.7,8.1,7.8,8.3,8.7,8.5,8.7,8.8,9.1,9.3,9.8,9.8,10.7,9.8,10.5,10.9,11.7,13.0
001202,3.6,3.8,4.5,4.4,4.5,5.1,5.0,5.3,6.1,5.3,6.1,6.6,6.3,6.5,6.8,7.3,7.2,7.4,7.7,8.1,7.5,8.3,9.6,10.0,10.3
001203,4.6,4.7,5.1,6.0,5.9,5.6,6.7,7.2,7.5,7.2,7.1,7.3,7.6,7.7,7.9,8.1,8.5,8.8,9.3,10.3,8.8,9.8,11.4,12.2,12.9
001204,4.2,4.3,4.8,5.2,5.3,5.8,6.1,6.2,6.3,6.9,7.0,7.0,7.0,7.3,7.4,7.5,8.1,8.1,9.3,9.9,8.7,9.3,10.4,11.0,11.8
001205,6.2,5.5,6.5,6.6,7.5,7.4,7.7,8.5,8.4,8.4,8.8,9.7,8.8,9.1,9.6,9.7,10.1,10.9,11.0,10.8,10.6,11.7,12.8,13.2,13.6
001206,6.5,6.2,6.8,7.1,7.0,7.7,7.9,8.3,8.8,8.1,8.6,9.4,8.8,8.6,8.3,9.1,9.7,10.1,10.2,10.7,9.9,10.8,11.8,12.5,13.2
001207,4.6,5.5,5.9,5.5,5.8,6.6,6.8,7.2,8.1,7.4,7.8,8.3,7.5,7.4,8.1,8.1,8.8,8.7,9.3,10.1,10.1,9.9,10.9,11.3,12.6
001208,5.4,6.4,6.8,7.1,7.2,7.5,8.2,8.2,8.7,8.1,8.4,9.0,8.6,8.4,9.5,10.1,9.9,10.4,10.6,11.2,10.1,11.7,12.7,14.6,12.9
001209,7.9,7.1,8.0,8.1,8.9,9.7,9.2,9.5,10.2,10.2,10.1,10.3,10.2,10.0,10.5,10.7,11.5,12.5,12.1,12.8,12.0,12.8,13.6,15.1,15.6
001210,3.3,3.8,3.9,3.8,4.1,4.4,4.1,4.9,5.4,5.3,5.0,5.0,4.9,5.2,5.2,5.4,5.7,6.6,6.5,6.4,6.6,6.8,7.3,8.6,8.2
001211,7.5,8.0,8.1,8.9,9.1,9.6,9.3,10.6,11.0,10.0,10.2,11.5,11.2,10.6,11.9,12.4,12.5,12.5,12.7,13.1,12.4,14.0,15.1,16.1,16.0
001212,6.3,6.0,6.6,7.0,7.4,7.7,7.9,7.8,8.7,8.3,8.6,8.6,8.4,8.2,9.2,9.1,9.5,10.5,10.9,11.5,10.7,11.7,12.2,12.6,13.1
001213,5.2,5.8,5.9,6.3,6.2,7.0,7.7,7.8,8.2,7.5,8.7,8.8,8.3,8.4,9.0,9.3,10.0,10.7,10.8,11.2,10.0,11.2,12.0,13.2,13.3
001214,3.8,3.8,3.6,4.1,4.6,4.5,5.1,5.6,5.4,5.6,5.9,6.4,6.0,6.0,6.0,6.0,6.1,6.8,6.9,7.3,7.0,7.7,8.7,9.2,9.9
001215,5.2,5.7,6.2,6.4,7.1,7.1,7.4,8.5,9.4,8.3,9.1,9.2,9.0,8.8,9.8,9.6,10.0,10.7,11.6,12.0,11.4,11.9,12.7,13.8,16.3
001216,8.6,8.6,9.1,10.5,9.7,10.7,11.2,11.7,11.8,11.0,12.3,11.9,12.2,11.5,12.5,12.4,13.7,13.4,13.5,14.8,13.7,15.0,16.1,17.3,16.3
001217,5.5,5.8,5.7,6.4,6.9,7.3,7.6,8.4,8.6,8.2,8.9,9.2,8.9,8.9,9.2,9.2,10.0,10.6,10.5,10.5,10.1,11.5,12.5,13.3,13.4
001218,7.9,8.4,8.9,9.2,9.2,9.7,9.9,10.1,11.0,10.5,10.8,11.0,11.2,10.9,11.4,11.6,12.1,12.5,12.4,13.3,12.6,13.0,14.6,15.4,15.3
001219,4.0,4.5,5.0,5.5,5.6,5.9,5.6,5.7,6.5,6.0,6.1,6.7,6.8,6.3,7.1,7.8,7.3,8.1,8.0,8.3,8.1,8.6,9.9,10.5,10.4
001220,4.9,5.2,5.1,5.7,6.3,6.6,6.8,7.3,7.3,7.5,7.5,8.1,8.0,7.7,7.9,8.5,8.3,9.0,9.7,10.0,9.6,9.6,10.8,11.9,12.2
001221,5.0,5.1,5.8,6.2,5.8,6.3,6.4,7.1,7.6,7.3,7.5,7.8,6.9,7.3,7.2,8.0,8.2,8.8,8.7,9.0,8.9,9.6,10.0,10.9,11.3
001222,5.4,5.9,5.9,6.5,6.7,7.3,7.7,7.6,8.4,7.4,8.2,8.5,8.8,8.8,8.2,9.0,9.0,9.6,9.5,10.0,10.1,10.4,11.6,12.4,13.2
001223,3.2,3.6,3.8,3.8,4.6,4.7,5.4,5.1,5.3,5.2,5.5,6.1,6.4,5.3,5.7,6.1,6.7,7.2,7.2,7.5,7.2,7.5,8.5,9.8,9.7
001224,7.0,7.9,7.9,8.7,8.4,8.9,9.6,10.0,10.1,9.5,10.1,10.5,10.5,10.3,10.5,10.9,11.7,12.0,12.0,12.7,12.1,13.3,13.1,14.4,15.4
001225,5.7,5.8,5.9,6.1,6.8,7.8,7.2,7.9,8.1,7.9,8.2,8.4,7.8,7.7,8.5,8.4,9.3,9.0,9.9,9.8,9.2,10.6,12.1,12.2,12.4
001226,6.1,6.3,6.4,6.3,7.3,7.4,8.1,8.7,8.6,8.8,9.1,9.6,9.2,9.4,8.7,9.8,9.7,10.6,10.3,11.6,10.9,11.7,12.1,13.4,14.3
001227,5.2,5.7,6.1,5.7,6.1,6.6,6.6,7.1,7.8,7.4,7.6,7.8,7.7,7.9,8.0,8.4,8.3,8.9,9.1,9.5,9.1,9.8,10.6,12.1,11.4
001228,5.6,6.2,6.2,6.8,6.7,6.9,7.6,8.0,8.2,8.1,7.8,8.5,8.4,8.3,8.4,9.0,9.1,9.5,10.2,10.0,9.6,10.3,11.2,11.3,12.1
001229,6.5,6.9,7.0,7.9,7.6,7.6,7.8,9.0,9.6,9.2,9.1,9.4,9.8,9.0,9.6,10.1,10.1,10.6,10.1,11.9,10.5,11.8,12.5,13.2,14.0
001230,3.5,3.5,3.6,3.9,4.3,4.6,5.1,4.9,5.1,4.8,5.3,5.3,5.3,5.2,5.0,5.6,6.3,6.8,6.5,7.4,6.4,6.8,7.3,7.9,8.6
001231,3.3,3.1,3.4,3.7,3.9,4.4,4.7,5.2,5.4,5.2,5.1,5.8,5.7,5.4,5.7,6.1,6.7,6.5,7.3,7.5,7.3,8.0,8.6,9.7,10.2
001232,5.0,5.1,5.5,6.0,5.8,6.6,6.9,7.1,7.8,7.4,8.0,7.2,8.0,7.5,7.8,8.4,9.0,8.8,9.3,10.3,9.2,9.9,10.9,11.7,11.8
001233,3.8,4.1,4.1,4.5,5.1,4.5,5.5,6.0,6.3,5.5,6.3,6.4,6.4,5.8,6.4,7.3,6.6,7.6,8.0,8.3,7.7,8.2,8.8,10.1,10.9
001234,4.4,4.4,4.8,4.4,4.9,5.3,5.6,5.3,5.7,5.4,5.9,6.5,5.9,5.4,5.9,6.4,6.2,6.5,7.5,7.9,7.0,7.3,8.4,9.0,9.6
001235,5.3,6.1,6.5,6.4,7.3,7.6,7.6,7.8,8.3,7.5,8.2,8.9,8.4,8.1,8.1,8.6,9.1,9.3,10.0,10.3,9.9,10.5,12.2,12.1,12.6
001236,4.4,5.4,4.8,6.4,6.3,7.0,7.0,7.3,7.7,7.7,7.9,8.1,7.8,7.5,8.3,9.1,8.6,9.3,9.4,10.3,9.6,11.0,11.5,12.6,12.4
001237,4.9,4.8,5.2,5.6,6.0,6.0,6.4,6.7,7.0,6.6,7.5,7.4,7.0,7.0,7.6,7.7,8.0,8.2,8.4,9.3,8.9,9.4,9.7,10.4,11.4
001238,6.7,7.3,7.4,7.7,8.9,8.9,8.3,9.2,9.7,9.3,9.7,10.0,9.8,10.2,9.8,11.0,11.2,11.5,12.6,11.7,11.7,13.0,14.0,14.6,14.7
001239,5.7,6.5,7.2,7.5,7.8,7.9,8.0,8.2,9.3,8.0,9.0,9.4,9.1,9.3,9.2,9.7,10.0,11.0,11.0,11.5,10.6,11.9,12.8,13.2,13.7
001240,5.5,5.9,5.8,6.6,6.4,6.4,7.0,7.1,7.7,7.4,7.5,7.7,7.5,7.8,7.8,8.5,8.4,9.1,9.8,10.1,9.3,9.9,10.8,12.8,12.5
001241,4.3,4.3,4.7,5.1,5.2,5.8,5.9,6.2,6.7,6.3,6.8,6.9,7.1,6.6,6.8,7.0,7.9,7.8,8.8,8.9,7.7,9.4,8.9,10.4,11.2
001242,4.0,4.1,4.9,5.2,5.1,5.2,5.8,6.3,6.1,6.2,6.8,7.0,6.1,6.6,7.2,7.3,7.3,7.8,8.0,8.7,7.9,8.6,9.3,10.0,9.9
001243,6.3,6.9,6.5,8.0,7.7,8.3,8.5,8.8,9.5,8.6,9.7,9.7,8.9,9.6,10.1,10.2,10.5,11.2,11.3,12.5,10.9,12.0,13.3,14.3,14.3
001244,4.5,4.7,5.0,5.2,4.8,5.9,5.9,6.5,6.8,6.3,7.0,7.5,7.5,6.9,7.4,7.7,8.0,8.7,8.8,9.0,8.8,10.1,10.5,11.4,12.1
001245,4.8,5.2,5.7,6.2,6.6,6.2,6.9,7.4,8.1,7.4,7.1,8.3,7.7,8.0,8.0,8.2,9.2,9.0,9.5,9.6,8.9,10.1,11.2,12.0,12.2
001246,4.3,4.7,4.8,4.8,6.1,5.4,6.2,6.1,7.0,6.0,6.6,6.9,7.0,7.1,7.4,7.8,8.4,8.2,8.8,8.5,8.3,9.8,10.0,10.9,10.9
001247,3.9,4.6,4.7,5.1,5.3,5.7,6.0,6.6,6.7,6.1,6.8,6.6,6.8,6.4,6.8,6.8,7.7,7.8,8.2,8.4,8.1,9.1,9.2,10.7,11.0
001248,3.3,3.7,4.0,4.2,4.5,4.6,5.7,5.4,5.7,5.1,6.0,6.2,6.4,5.8,6.1,6.9,7.0,7.6,8.1,8.3,7.8,8.7,9.6,10.6,10.2
001249,7.1,7.2,7.8,7.8,8.1,9.1,9.1,9.5,10.0,9.6,10.5,10.4,9.5,9.6,10.6,10.6,11.1,11.6,12.7,13.0,12.1,12.6,13.8,15.0,15.4
001250,6.9,7.6,7.9,7.9,8.6,8.7,9.4,9.3,9.8,9.5,10.2,10.2,10.2,9.8,9.6,9.6,11.0,10.7,11.3,11.8,11.8,11.8,13.2,13.5,14.7
001251,5.4,5.6,5.0,5.9,6.2,6.7,6.5,7.1,8.5,7.1,7.8,7.7,7.6,7.2,7.5,8.5,9.2,8.9,9.3,9.5,8.9,10.0,10.9,11.5,12.4
001252,6.5,6.5,7.4,7.7,7.8,7.9,9.5,9.0,9.2,9.1,9.8,9.9,8.5,9.7,9.9,10.4,11.0,10.8,11.6,12.2,11.2,12.9,13.1,14.7,14.9
001253,4.8,4.9,5.7,5.5,5.8,6.7,7.1,7.0,6.9,7.1,7.7,8.2,7.7,7.7,8.1,8.2,8.6,9.4,9.3,9.5,9.2,9.7,11.9,12.3,12.7
001254,5.1,4.9,5.4,6.0,5.5,6.0,7.4,7.3,7.9,7.3,7.3,7.6,7.3,7.2,7.8,8.8,8.5,8.4,9.3,9.7,9.1,9.7,11.1,11.9,13.1
001255,4.1,3.9,3.8,4.6,4.8,5.2,5.6,5.7,6.0,5.5,6.0,6.1,5.8,6.1,6.7,6.5,7.0,7.0,8.4,8.8,7.7,8.2,9.9,9.8,10.3
001256,4.9,5.5,5.2,6.1,6.1,6.4,6.6,7.2,7.4,6.8,7.5,7.8,8.0,7.2,7.7,8.3,8.1,8.4,8.9,9.5,8.6,9.5,10.9,11.6,11.8
001257,6.5,7.1,7.8,8.1,8.8,8.9,9.1,9.8,9.7,9.4,9.6,10.5,9.8,10.2,10.6,10.6,11.2,11.4,12.0,12.7,11.8,12.8,14.1,15.0,15.5
001258,8.0,9.2,9.6,9.6,9.8,10.4,11.0,11.2,11.5,11.1,11.7,11.8,13.1,11.3,12.5,13.2,12.2,13.3,13.6,14.8,12.9,14.9,16.4,16.9,17.7
001259,4.8,4.8,5.3,5.3,5.7,6.3,6.4,6.5,6.3,6.7,6.8,7.5,7.3,7.1,7.0,7.7,8.3,8.4,9.2,9.4,8.2,9.5,10.4,11.3,11.8
001260,5.3,5.9,6.5,6.0,6.9,7.1,7.3,7.8,8.3,6.9,8.4,8.0,8.4,7.7,9.1,8.6,9.1,9.6,10.0,9.8,9.8,10.7,11.1,11.9,12.7
001261,5.3,5.9,6.2,6.4,7.2,7.7,7.4,7.5,9.0,8.0,8.2,8.8,8.5,8.8,8.7,9.3,9.8,10.4,10.1,10.7,10.2,11.2,12.3,12.7,13.1
001262,6.1,6.7,6.8,6.7,7.5,7.6,8.0,9.0,8.9,8.3,8.4,8.8,8.8,8.6,9.1,9.3,9.9,10.0,10.0,10.9,10.2,11.0,12.1,12.6,13.1
001263,5.5,6.3,7.0,7.1,7.7,8.0,8.1,9.0,9.5,8.4,9.0,10.1,9.3,9.3,9.9,9.8,10.3,11.0,11.6,11.9,11.5,12.2,13.8,14.5,14.3
001264,2.3,2.6,2.5,2.7,3.3,2.9,3.6,3.5,3.8,4.4,4.0,4.2,4.2,4.3,4.5,4.7,5.2,5.7,5.7,6.0,5.4,5.9,6.6,7.2,7.3
001265,5.1,5.0,5.6,5.9,6.5,7.2,7.4,7.7,8.0,8.0,7.5,8.6,8.2,8.0,8.6,8.6,9.1,10.1,10.2,11.4,10.2,10.6,12.0,12.6,13.8
001266,5.5,6.0,5.9,6.3,7.2,7.4,7.4,7.6,7.7,7.8,8.4,7.8,8.0,8.6,8.6,8.5,9.1,9.6,9.7,9.7,9.5,10.6,11.0,11.7,12.4
001267,5.9,5.7,6.2,6.2,7.3,7.3,7.4,8.3,9.1,8.4,8.4,9.2,8.3,8.4,9.4,8.4,9.7,9.7,10.7,11.0,10.3,11.4,12.0,13.4,14.3
001268,5.5,5.5,6.0,6.4,6.4,6.5,7.0,7.6,7.4,7.3,7.5,8.2,8.0,6.5,7.6,8.2,8.8,8.9,9.2,9.4,9.1,9.8,10.8,12.3,12.0
001269,5.7,5.7,6.3,6.7,6.9,6.9,7.5,7.8,8.4,7.8,7.6,9.1,8.2,8.4,8.6,9.3,9.1,10.4,10.1,10.9,9.4,10.8,12.5,12.3,13.2
001270,4.7,5.7,5.5,5.9,6.4,6.7,6.7,7.4,7.9,7.3,7.6,7.5,7.6,7.4,8.1,8.4,8.8,9.2,9.6,9.7,9.3,9.7,11.7,12.3,12.0
001271,4.8,5.1,5.2,5.2,5.8,6.2,7.1,7.0,7.1,7.3,7.4,7.5,7.0,7.7,7.5,7.6,8.2,8.4,9.2,9.8,9.2,9.9,11.2,10.9,12.1
001272,8.7,9.3,9.0,9.4,9.6,10.4,11.0,11.2,11.4,10.9,11.2,11.8,11.4,10.9,11.9,11.8,12.6,12.2,13.1,13.4,12.6,13.8,14.2,15.4,15.5
001273,3.8,4.2,4.5,4.9,5.0,5.2,5.4,5.8,6.3,5.9,6.6,6.6,6.7,6.5,6.5,7.2,7.7,7.5,7.8,8.3,7.5,8.7,9.0,9.8,10.4
001274,4.4,4.7,4.7,5.2,5.4,6.2,6.1,7.1,7.9,6.8,7.5,7.5,7.7,7.3,7.9,8.0,8.2,8.7,9.2,9.5,9.1,10.0,10.6,11.4,12.1
001275,5.8,5.9,6.5,6.7,7.3,7.8,7.9,8.2,8.6,7.9,8.2,8.6,8.5,8.7,8.5,9.3,9.6,10.1,10.0,11.0,9.8,10.3,12.7,13.1,13.1
001276,6.7,7.6,7.8,8.4,7.9,9.0,9.3,9.8,10.3,9.3,10.8,10.9,10.4,9.8,10.7,11.2,11.3,12.6,12.9,13.0,12.0,13.8,14.4,14.8,15.7
001278,3.6,4.2,4.2,4.2,4.7,4.9,4.7,5.0,5.6,5.1,5.8,5.9,6.3,5.7,6.0,6.5,6.7,6.7,7.7,8.1,7.3,7.6,8.5,9.4,9.7
001279,8.5,9.0,9.7,10.2,10.1,10.7,10.8,11.7,12.0,11.1,12.0,12.7,11.9,11.3,12.3,12.4,13.1,14.7,13.8,14.4,13.7,15.1,15.6,17.0,17.1
001280,5.8,6.2,6.9,6.8,7.5,8.0,7.5,8.5,8.6,8.3,8.7,9.2,8.8,8.7,8.7,9.2,9.5,10.2,10.2,10.4,10.0,11.9,11.9,12.8,12.5
001281,4.7,4.6,5.1,5.3,6.1,5.8,6.2,6.9,7.2,6.4,6.9,7.7,7.4,6.8,7.5,7.5,7.7,8.0,9.0,9.0,8.5,9.6,10.1,10.9,10.8
001282,5.8,6.3,6.3,7.0,6.9,7.9,8.4,8.0,8.2,7.9,8.8,8.8,8.2,8.5,9.1,9.6,9.9,10.4,10.5,10.7,10.6,11.3,12.4,13.2,12.8
001283,4.4,5.1,5.5,5.8,6.0,5.9,7.2,7.1,7.5,7.2,8.0,8.2,8.5,7.9,8.0,9.0,9.6,9.7,10.3,10.7,9.7,11.2,11.8,12.8,13.2
001284,5.2,5.5,6.1,6.6,6.3,6.9,7.4,7.7,8.3,7.6,8.7,8.4,7.6,7.9,8.7,8.8,9.0,8.9,10.2,10.0,9.4,10.4,11.6,12.7,12.5
001285,5.6,6.1,6.6,6.4,6.4,7.4,7.9,8.1,7.8,7.9,8.3,8.3,8.6,8.1,8.8,9.5,9.6,10.5,10.1,11.1,9.9,11.2,11.3,12.4,13.1
001286,5.1,5.4,6.0,5.7,6.7,6.7,7.6,7.6,7.9,7.3,7.6,8.4,7.9,7.4,7.8,7.9,8.9,9.1,9.2,10.4,8.9,10.1,11.0,11.3,12.2
001287,7.9,7.7,8.2,8.4,9.1,10.2,10.2,10.4,10.6,10.0,10.7,10.5,10.4,10.8,11.1,10.9,12.0,12.2,12.1,13.0,12.3,13.4,14.2,15.2,16.5
001288,4.2,4.6,4.7,4.8,5.3,5.4,6.2,6.0,6.5,6.2,6.5,6.0,6.4,6.1,6.4,6.9,7.5,7.4,8.2,8.2,7.4,8.8,9.1,9.7,10.8
001289,4.9,4.8,5.7,5.6,5.9,6.1,6.8,6.5,6.8,7.1,6.9,7.0,7.1,6.9,7.1,7.0,8.0,8.0,7.9,9.2,7.8,9.1,10.0,10.3,10.9
001290,6.1,6.4,6.7,7.4,7.7,8.0,8.1,8.2,9.0,8.4,8.8,9.7,9.3,8.7,9.2,9.4,10.0,10.9,11.2,11.4,10.4,11.7,12.8,14.0,13.4
001291,4.8,5.6,6.0,6.2,7.0,6.8,6.8,7.1,8.3,7.7,7.8,7.6,8.1,8.2,7.9,8.0,8.7,9.8,9.8,10.6,10.0,10.2,11.1,12.2,11.9
001292,3.5,3.7,4.1,4.4,4.5,5.3,5.1,5.4,6.0,5.8,6.0,6.3,5.8,5.8,6.0,6.5,6.5,7.1,7.7,8.1,7.3,8.2,8.9,9.7,9.8
001293,5.4,5.1,5.9,6.8,6.7,6.9,7.2,8.0,8.2,7.6,8.4,8.7,7.7,8.2,8.6,9.1,9.0,10.2,10.2,10.5,9.8,10.9,11.0,13.0,14.2
001294,5.0,4.9,5.4,6.0,5.8,5.5,7.0,6.6,7.2,6.4,7.3,7.4,7.2,6.8,7.5,8.2,8.9,8.9,9.1,9.3,8.9,10.3,10.8,11.6,12.4
001295,7.6,7.5,8.1,8.4,9.4,9.7,10.1,10.1,10.3,10.3,10.6,10.6,11.2,10.5,11.0,11.4,12.1,13.4,13.2,13.7,12.1,13.4,14.3,15.4,15.8
001296,4.8,5.1,5.5,5.8,6.7,6.3,6.8,7.3,7.6,7.4,7.6,8.0,7.5,7.0,7.9,7.4,8.0,8.7,8.9,9.5,9.1,9.3,10.7,11.5,12.7
001298,3.5,3.6,4.0,4.3,4.4,5.2,5.2,5.7,5.5,5.5,6.2,6.5,6.4,6.1,5.9,7.4,7.2,7.8,8.0,7.9,7.7,8.8,9.4,10.5,11.0
001299,5.5,6.0,5.5,6.2,6.4,7.6,7.5,7.6,7.3,7.6,8.0,8.4,8.3,7.7,8.3,8.2,9.3,9.9,10.5,11.0,9.8,10.4,11.7,12.8,13.7
001300,6.0,6.0,7.1,6.9,6.9,8.3,8.5,8.5,8.3,9.0,9.0,9.8,9.3,8.4,9.7,9.6,9.4,10.0,11.3,11.4,10.8,11.5,12.3,13.1,13.9
001301,5.6,6.2,6.6,7.2,7.1,7.3,8.1,8.7,9.1,8.4,8.8,8.3,8.7,8.3,8.9,9.2,9.9,10.1,10.3,10.7,10.4,10.6,11.5,12.0,13.0
001302,4.9,5.1,5.4,5.9,5.7,6.5,6.9,6.8,7.6,7.7,7.3,8.0,7.8,7.5,7.6,8.3,8.6,9.0,9.6,9.8,8.7,10.5,10.9,12.4,12.5
001303,3.9,3.9,4.1,4.4,4.9,5.2,4.8,5.7,5.6,5.5,5.8,6.1,5.9,5.8,6.3,5.9,6.9,7.2,7.4,8.0,7.5,8.1,8.7,8.8,9.8
001304,4.6,4.8,5.1,5.1,5.6,6.0,6.5,6.6,6.5,6.9,7.0,7.3,7.2,7.4,7.5,7.8,8.1,8.4,9.0,8.9,8.9,9.4,10.4,11.4,12.1
001305,5.3,5.1,5.5,6.0,6.3,7.2,7.0,8.0,7.4,7.3,7.5,8.3,7.9,7.6,7.5,8.4,8.7,9.3,9.4,9.8,9.2,10.3,11.2,11.7,11.4
001306,6.2,6.3,7.1,7.7,7.7,7.7,8.7,8.7,8.4,8.9,9.3,9.8,8.7,9.3,9.2,9.8,10.3,10.7,11.1,11.1,10.4,11.3,12.6,13.2,13.9
001307,8.6,9.2,10.1,10.1,10.5,10.9,11.9,12.2,12.3,11.3,12.7,13.4,12.8,11.6,12.8,13.2,13.2,14.4,14.4,15.2,14.9,15.0,16.3,18.2,18.0
001308,5.4,5.4,5.3,5.9,5.7,6.5,7.1,7.2,7.8,8.1,8.0,7.9,7.5,7.7,8.2,8.2,8.5,9.0,9.5,9.6,8.6,10.6,10.3,11.4,11.7
001309,6.4,7.0,7.3,7.4,7.8,8.1,8.9,9.3,9.3,9.0,9.5,9.2,9.7,8.9,9.9,10.1,10.3,11.2,12.1,11.7,11.1,12.6,12.2,14.4,14.6
001310,5.3,5.8,6.4,6.4,7.2,7.0,7.4,7.6,8.3,7.6,7.8,8.2,8.4,8.4,8.4,8.7,9.4,9.3,10.2,10.8,9.3,10.5,11.9,12.1,12.9
001311,5.1,5.8,6.0,6.4,6.4,7.3,7.3,8.1,8.8,8.0,8.8,8.5,8.2,8.4,8.3,9.5,9.6,9.7,11.0,10.5,9.8,10.7,11.1,12.6,12.9
001312,5.9,6.2,6.3,6.7,7.3,7.7,8.0,7.8,7.8,7.9,8.4,8.6,8.5,8.6,9.0,9.4,9.2,10.1,9.9,10.8,10.0,10.2,11.7,12.6,13.1
001313,6.5,6.4,6.9,7.7,7.4,8.4,8.7,8.8,9.2,9.1,9.1,9.3,9.8,9.5,9.0,10.3,10.1,11.1,11.5,11.7,10.3,11.4,13.1,13.7,14.1
001314,5.2,5.6,6.0,6.0,6.6,7.0,7.3,7.2,7.6,7.3,7.6,8.1,7.3,8.3,8.1,8.5,8.1,9.1,9.3,10.2,8.9,10.0,10.0,11.7,12.0
001315,5.9,5.6,6.1,6.5,6.6,7.1,7.7,8.7,9.1,8.3,8.9,8.8,8.8,8.3,8.8,10.0,11.3,10.7,10.1,11.3,10.3,11.6,13.3,14.2,14.7
001316,5.8,6.2,6.7,7.3,7.8,7.9,8.3,8.2,8.9,8.3,9.2,9.1,8.8,8.5,9.1,9.6,9.7,10.5,10.6,11.4,10.7,11.6,12.7,13.4,13.4
001317,4.5,4.6,5.0,5.2,5.6,5.4,5.7,6.5,6.5,6.2,6.9,7.3,6.4,6.7,6.7,7.2,7.6,7.8,8.7,8.4,7.4,8.4,9.5,10.0,11.0
001318,5.1,5.2,5.7,5.4,5.8,6.2,7.0,7.5,7.7,7.3,8.5,8.9,7.7,7.9,8.3,8.9,9.2,8.8,10.0,11.2,10.3,10.5,11.8,13.1,13.0
002002,5.2,5.5,5.7,5.8,6.4,6.3,7.5,7.7,8.2,7.5,7.6,8.7,8.1,8.0,7.9,9.3,9.9,9.3,10.0,11.3,9.9,10.3,11.7,11.9,11.8
002003,5.2,5.3,5.5,5.5,5.8,6.6,7.0,7.2,7.5,6.6,6.9,7.2,7.1,6.6,7.0,7.5,8.2,8.7,9.3,9.0,8.6,8.9,10.2,10.6,11.3
002004,6.1,6.7,7.1,6.9,6.8,7.7,7.7,8.9,8.7,8.6,8.2,9.2,9.2,8.7,9.1,9.7,9.7,10.4,10.8,11.4,10.3,11.5,12.7,13.4,13.4
002006,3.2,3.9,3.6,4.3,4.5,5.0,5.0,5.7,5.4,6.0,6.2,6.5,5.9,6.4,6.3,6.8,7.3,7.7,8.4,8.4,7.6,8.1,10.1,10.0,11.0
002007,3.6,3.8,4.2,4.2,4.8,5.1,5.3,5.5,6.6,5.3,5.9,6.6,5.7,5.5,6.5,6.8,7.0,7.5,7.1,7.6,7.2,8.3,9.4,9.9,10.3
002008,5.6,5.6,5.9,6.1,6.3,6.8,7.5,7.8,8.5,7.6,7.8,8.4,8.3,8.5,8.4,8.8,9.2,9.6,10.0,9.9,9.5,10.2,11.6,12.7,12.5
002009,7.4,7.7,8.2,7.8,8.3,8.7,9.3,9.8,9.3,9.6,9.9,10.6,10.0,9.4,9.8,10.8,10.9,11.5,11.8,12.3,11.3,11.7,14.1,13.9,14.7
002011,5.1,5.5,6.0,6.9,6.7,6.8,6.9,7.3,8.1,7.9,7.8,7.9,7.8,7.6,8.5,8.7,8.5,9.9,10.1,9.8,9.0,10.9,11.0,13.0,13.2
002014,4.3,4.6,4.9,5.0,5.3,5.9,5.6,6.5,7.0,6.4,7.0,7.3,7.5,6.9,7.7,7.6,7.2,8.0,8.6,8.8,8.6,9.3,10.4,9.9,11.1
002015,4.6,4.1,5.3,5.9,5.6,5.6,6.3,7.0,6.6,6.8,7.5,7.3,7.2,7.1,7.2,8.1,8.1,8.8,9.2,9.2,9.2,9.7,10.5,12.1,11.9
002016,4.5,5.1,5.7,6.2,6.1,7.2,7.0,7.9,8.7,7.3,8.2,8.2,8.0,7.7,7.9,8.7,9.5,9.0,10.5,10.3,9.8,10.8,11.4,12.9,13.0
002017,5.7,6.1,6.3,6.7,7.1,7.8,7.7,7.7,8.8,7.7,8.6,9.0,8.1,8.6,9.0,8.9,9.7,10.0,10.2,10.7,10.1,10.8,12.9,12.8,13.2
002021,6.4,6.3,6.9,7.3,7.3,8.1,8.0,8.4,9.1,8.6,8.7,8.8,9.1,8.9,8.7,9.8,9.7,10.4,10.5,11.6,10.0,11.8,12.3,13.3,13.6
002025,5.4,5.1,5.9,6.6,6.7,7.1,7.4,7.9,8.5,7.4,8.1,8.4,8.4,8.1,8.7,8.8,9.4,9.7,9.8,10.3,9.7,10.6,10.8,12.2,12.3
002029,4.4,4.7,5.2,5.2,5.4,6.1,6.1,6.4,6.6,6.1,6.8,7.3,6.8,6.5,6.8,7.2,7.8,7.9,8.3,8.7,7.7,8.9,10.0,10.5,11.0
002030,6.0,6.0,6.5,6.9,7.3,7.6,7.9,8.2,8.6,8.5,8.6,8.8,8.6,8.7,9.4,9.1,9.6,10.0,10.6,10.4,9.4,10.9,11.6,12.6,13.4
002031,5.0,5.4,5.3,5.9,6.4,6.1,6.8,7.2,7.6,7.1,7.0,7.2,6.9,7.1,7.4,7.6,7.6,8.5,9.1,9.0,8.4,9.3,10.5,11.5,11.1
002032,6.5,7.2,7.0,7.2,8.1,8.1,9.0,8.9,9.5,8.6,10.1,9.4,9.9,9.8,9.7,10.7,10.9,10.5,11.9,11.5,11.3,12.3,13.1,13.6,14.5
002033,5.8,6.9,6.8,8.1,7.4,8.9,8.9,8.9,9.6,8.4,9.0,10.5,9.5,9.3,9.1,10.2,10.1,11.2,11.5,12.1,10.8,12.4,13.1,14.7,13.8
002035,3.9,4.1,4.5,4.6,4.6,5.0,5.5,5.8,6.1,5.6,6.2,6.2,5.9,6.2,6.9,6.6,7.2,7.4,7.5,8.5,7.6,8.0,8.6,9.6,9.8
002041,5.8,6.0,6.0,6.7,7.3,6.7,7.6,7.9,8.7,8.0,8.2,8.5,9.0,8.7,8.5,9.1,9.5,10.6,10.1,10.7,10.4,10.7,11.9,13.1,13.4
002042,7.8,7.9,7.9,8.9,8.9,9.2,9.8,9.8,9.7,10.0,10.6,11.3,10.5,10.9,11.3,11.2,11.6,12.1,12.4,12.9,12.2,13.6,14.3,15.0,15.3
002043,6.9,7.2,7.6,8.5,8.5,8.9,9.1,10.0,9.6,9.1,10.1,10.6,10.0,8.9,10.2,11.0,10.8,11.7,11.8,12.7,11.7,12.1,13.8,14.4,15.0
002045,6.5,6.2,6.7,7.0,7.8,8.1,8.4,8.7,8.5,8.2,8.8,9.4,9.5,8.5,8.7,10.0,10.0,10.1,10.9,11.3,10.1,11.2,12.5,13.1,13.5
002047,4.6,5.3,5.4,5.7,6.3,5.6,6.6,7.4,7.6,7.1,7.1,7.7,7.4,7.3,7.9,8.2,8.3,8.3,9.2,9.4,8.7,9.8,10.8,11.5,11.8
002048,3.6,4.5,4.6,4.3,4.7,5.6,5.9,5.7,6.1,5.9,5.9,6.3,6.3,6.6,6.4,6.8,7.3,7.8,8.3,7.7,7.3,8.6,8.9,10.0,10.4
002049,5.8,6.4,6.7,7.1,7.0,7.4,7.6,8.5,8.8,7.9,8.4,8.8,8.2,8.3,9.0,9.3,9.2,9.8,10.0,11.0,8.9,10.3,12.1,13.3,12.9
002052,5.1,5.9,5.8,6.6,6.7,7.1,7.9,7.7,7.4,7.7,8.3,8.5,8.1,8.4,8.4,8.7,9.4,9.6,9.5,10.7,9.9,11.2,11.3,12.4,12.3
002054,5.1,5.5,5.8,6.5,6.8,7.1,6.9,7.3,7.9,7.6,7.4,8.1,7.6,7.5,7.9,8.3,8.5,9.1,9.0,9.8,9.0,10.0,11.2,11.5,12.6
002057,4.9,4.8,5.2,5.6,5.7,6.5,6.2,7.0,7.1,6.9,7.0,7.3,6.9,7.0,7.0,7.9,7.7,8.2,8.8,8.8,8.1,9.2,9.9,10.6,10.8
002058,6.2,6.4,6.4,7.1,7.5,8.1,8.0,9.1,8.6,8.8,8.8,9.4,9.3,9.0,9.6,9.2,9.7,10.1,9.9,10.4,10.8,11.3,12.6,13.0,13.3
002059,4.4,5.1,5.1,5.0,5.5,6.0,6.3,6.8,7.2,6.4,7.4,7.0,7.4,7.1,7.3,7.6,7.4,8.2,9.1,9.3,8.5,9.5,10.5,11.9,11.9
002061,6.5,6.4,6.9,7.5,7.8,7.5,8.6,9.9,9.7,9.3,9.3,10.6,10.2,9.8,10.0,10.3,11.4,11.5,12.0,11.7,11.5,13.0,14.4,15.0,15.1
002062,5.5,6.1,6.2,7.0,6.9,7.4,7.6,7.8,8.3,7.6,8.7,8.5,8.0,8.3,8.7,9.4,9.5,10.8,10.1,10.7,10.2,10.7,11.5,12.2,12.5
002065,6.8,7.2,7.8,7.9,8.3,8.4,8.8,10.0,9.8,9.7,10.0,10.1,10.0,10.4,9.9,10.6,10.8,11.5,11.8,12.1,11.6,13.1,14.0,14.0,14.1
002066,3.5,4.0,4.1,4.1,4.3,4.9,5.0,5.2,5.5,5.0,5.5,6.1,5.3,5.8,5.8,5.7,5.9,6.6,6.6,6.8,6.7,6.9,7.9,9.2,9.1
002067,5.0,5.3,5.7,6.2,5.9,7.0,7.3,6.7,7.1,7.4,7.6,7.9,7.5,7.4,8.0,8.2,8.8,9.0,8.9,9.4,8.4,10.0,11.0,11.5,11.5
002068,3.8,3.8,4.1,4.2,4.6,4.9,5.0,5.2,5.6,5.4,5.9,5.9,6.1,6.2,6.2,6.4,6.3,6.9,7.8,7.9,7.3,8.0,9.2,9.3,9.7
002070,4.4,4.6,4.8,5.3,5.9,5.7,5.9,6.6,6.9,6.1,6.8,7.1,6.6,6.9,7.4,7.5,8.0,8.4,8.3,9.1,8.5,9.2,10.4,10.8,10.9
002071,3.3,3.5,3.9,3.8,4.3,4.7,5.2,5.6,5.7,5.4,5.5,6.1,5.9,5.6,5.9,5.6,6.6,7.1,7.5,7.4,6.9,8.1,8.3,9.2,9.6
002072,7.2,7.2,7.8,7.6,8.5,8.4,8.8,8.4,9.8,8.6,9.5,10.2,9.6,9.2,8.9,10.0,10.5,10.9,11.7,12.0,11.1,12.9,13.1,14.4,14.9
002078,7.5,7.9,7.9,8.7,8.9,9.7,9.4,10.0,10.3,10.2,10.4,11.6,10.1,10.3,10.0,11.2,11.3,12.3,12.3,13.2,11.8,13.2,13.7,14.8,15.3
002079,4.9,5.2,5.4,6.2,5.9,6.3,6.1,6.4,6.7,6.8,6.8,7.7,6.7,7.1,7.4,7.8,8.0,8.0,8.8,8.9,8.0,9.2,10.2,10.9,10.8
002082,6.1,7.1,6.3,7.2,7.1,7.6,7.8,8.3,9.5,8.3,8.2,9.3,8.5,8.8,8.5,9.4,9.6,10.5,11.1,11.2,10.2,10.9,12.3,13.5,13.7
002088,6.5,6.7,7.2,7.1,7.7,7.6,8.2,8.6,9.2,8.5,9.0,8.7,8.7,8.8,9.4,9.1,9.6,10.4,10.3,11.0,10.2,10.7,12.3,12.1,13.1
002089,6.9,7.2,7.7,8.2,7.8,9.1,9.3,9.8,10.1,9.9,9.6,10.4,10.2,9.8,9.7,10.7,10.4,11.6,11.7,12.9,11.6,12.4,13.8,14.3,14.6
002090,4.0,4.3,4.6,4.9,5.5,5.4,5.8,5.7,6.2,6.4,6.5,6.7,6.7,6.8,7.1,6.9,7.4,7.7,7.7,8.6,7.8,8.4,9.7,10.4,10.4
002091,5.1,5.2,5.3,5.8,5.5,6.4,6.2,6.5,7.3,6.9,7.3,7.5,7.0,7.0,7.3,8.1,8.0,8.0,8.7,9.1,8.6,8.6,10.3,11.3,11.2
002093,6.0,6.2,6.7,7.3,7.1,8.3,8.3,8.4,9.4,8.5,8.8,9.4,9.1,9.1,9.4,9.3,9.9,10.0,11.1,12.2,10.5,11.1,12.2,13.3,13.7
002096,5.4,5.5,5.9,6.4,6.4,6.8,7.1,7.4,7.9,7.5,8.0,8.4,7.6,7.8,8.4,9.0,8.9,9.4,10.0,10.3,10.1,11.0,11.7,11.9,11.6
002097,4.7,5.1,5.6,5.4,6.2,5.9,6.4,6.6,7.3,6.5,7.0,7.5,6.2,6.5,7.3,7.2,7.8,7.6,7.6,8.7,8.0,8.6,9.5,10.1,11.0
002102,4.3,4.7,4.3,5.1,5.2,5.9,5.6,6.0,6.2,5.5,6.0,6.2,6.1,5.9,6.1,6.1,6.8,7.1,7.7,8.0,7.4,7.7,8.8,10.0,10.8
002104,7.0,7.5,7.3,8.3,7.7,8.9,8.6,9.3,9.7,9.5,8.9,9.7,9.5,9.6,9.4,10.4,11.6,11.4,11.5,12.3,11.7,11.6,13.7,13.3,14.1
002107,3.9,4.5,4.4,4.6,5.2,5.4,5.8,6.1,6.6,6.0,5.9,7.1,6.2,6.7,6.5,6.7,6.9,7.9,8.0,8.5,7.6,8.8,10.0,10.3,10.8
002108,6.3,6.2,7.1,7.0,7.1,8.3,8.2,8.4,9.4,8.7,9.3,9.6,9.3,8.6,9.6,9.5,10.4,10.4,10.8,10.9,10.2,12.0,12.5,13.3,14.0
002110,4.4,4.6,4.6,5.3,5.0,5.6,5.9,6.3,6.4,5.9,6.4,6.9,6.5,7.0,6.9,6.6,7.1,7.7,7.8,8.7,8.0,9.0,10.1,10.4,11.3
002113,4.9,5.6,5.6,6.0,6.4,6.8,6.9,7.2,7.6,7.0,7.6,8.0,7.8,7.4,7.5,8.7,8.3,8.3,9.0,9.9,9.4,10.2,10.6,11.5,12.3
002115,3.7,3.9,4.9,4.8,5.1,6.0,6.0,6.4,6.8,6.3,6.6,7.2,7.2,7.0,7.3,7.5,7.9,8.3,8.7,9.3,8.7,9.3,10.1,11.4,11.1
002116,3.3,3.4,3.5,3.8,4.2,4.4,4.1,5.1,4.7,5.3,5.1,5.8,5.6,5.1,6.2,6.0,6.2,6.9,6.8,7.6,6.7,7.5,8.5,9.5,9.2
002118,3.5,3.7,3.9,4.2,4.2,4.8,4.8,5.0,5.6,4.8,5.5,5.6,5.3,5.4,5.5,6.0,6.0,6.7,6.4,7.0,6.8,7.3,8.3,8.9,9.7
002121,4.2,4.9,4.8,5.1,5.5,5.8,5.9,6.3,6.2,6.5,6.7,7.1,7.0,6.7,7.3,7.1,8.0,7.6,8.1,9.0,7.7,8.8,9.7,11.3,11.6
002122,5.2,5.0,5.8,6.1,6.0,6.7,6.7,6.7,7.9,7.0,7.6,7.6,7.9,7.4,8.6,8.1,8.8,8.7,9.1,9.5,9.0,9.8,10.6,11.8,11.7
002126,5.2,5.8,6.3,6.5,6.9,7.0,7.4,7.4,8.2,7.5,6.8,8.2,8.0,8.0,8.3,8.7,8.6,9.4,9.7,9.8,9.5,10.2,11.0,11.8,11.9
002127,5.7,6.8,6.7,7.3,7.4,7.9,7.9,8.2,8.3,8.1,8.8,9.3,8.8,8.9,9.0,9.6,9.9,9.6,10.4,10.9,11.0,11.7,12.6,12.1,13.5
002128,3.1,3.9,3.6,3.6,4.3,4.1,4.5,5.2,4.8,5.1,5.2,5.3,5.5,5.0,5.5,5.4,5.8,5.9,6.8,6.9,6.1,6.9,7.5,8.7,8.2
002131,3.7,4.0,4.0,4.2,4.8,5.0,5.0,5.4,6.3,5.1,5.6,6.0,5.7,5.5,5.9,6.1,6.4,7.1,7.1,7.7,6.6,7.9,8.3,9.0,9.3
002133,2.9,3.2,3.1,3.6,3.8,4.0,4.1,4.5,4.5,4.4,4.7,4.9,4.8,5.0,5.1,5.1,5.7,5.4,6.1,6.8,6.2,6.5,7.6,8.6,8.2
002134,5.4,5.8,6.0,6.6,6.4,7.3,7.4,8.0,8.6,9.1,8.1,9.0,9.0,9.0,8.8,9.6,10.2,9.6,10.3,11.6,10.5,11.7,12.4,14.0,13.9
002135,7.2,8.1,8.1,8.1,9.2,9.1,9.7,10.7,9.9,9.7,10.4,10.6,10.4,9.9,10.7,10.5,11.2,11.6,12.3,12.2,11.4,12.8,14.0,15.5,15.4
002137,9.1,9.9,9.9,10.8,11.2,11.0,11.5,11.8,12.2,12.7,12.7,13.1,12.7,12.0,12.5,12.3,13.6,14.2,14.2,15.2,14.0,15.3,16.6,17.2,17.3
002142,8.9,8.1,9.0,10.0,10.0,10.6,10.9,10.9,11.3,10.6,11.1,11.8,10.7,11.4,11.2,11.9,12.1,12.3,13.0,13.6,12.5,13.8,14.8,15.5,16.3
002147,5.2,4.7,5.2,5.3,6.4,6.3,6.9,7.3,7.3,6.9,6.7,7.5,7.5,7.2,7.4,7.8,8.6,8.4,9.0,9.6,9.0,10.1,10.9,11.8,12.4
002148,7.0,7.1,8.0,8.3,7.7,8.4,8.4,9.7,9.4,9.2,9.5,9.2,9.7,9.5,10.0,10.2,11.3,11.2,11.4,11.9,12.1,11.7,12.7,14.5,14.4
002150,6.0,5.9,6.5,6.9,6.7,7.8,7.8,8.0,9.0,8.7,9.4,9.0,8.8,9.4,9.3,8.8,10.3,10.3,10.3,11.0,10.9,11.7,12.1,13.1,14.6
002152,4.1,4.2,4.3,5.3,5.5,5.5,6.3,6.5,5.9,6.5,6.5,6.9,6.7,6.8,6.4,7.7,7.1,8.2,8.5,8.9,7.9,8.8,10.2,11.3,10.9
002156,7.7,7.2,8.3,7.8,8.2,8.4,9.0,9.4,10.0,9.3,9.9,10.2,9.7,9.7,9.9,10.1,10.7,10.8,10.8,12.0,11.9,12.1,13.0,13.9,14.5
002158,4.6,5.1,5.4,5.6,5.3,5.7,6.2,7.3,7.1,6.8,7.1,7.2,7.3,7.3,7.4,8.2,7.7,8.4,8.8,9.1,8.8,8.5,9.8,11.1,11.7
002163,5.2,5.7,6.2,6.0,6.1,6.8,7.5,7.0,8.1,7.6,8.0,7.9,8.0,7.8,7.9,8.2,8.6,9.7,10.0,10.0,9.8,11.0,11.3,12.3,13.2
002164,5.7,6.0,6.3,6.7,7.5,7.5,8.2,8.2,8.8,8.3,8.6,8.9,8.6,8.4,9.1,9.6,10.5,10.4,10.7,10.7,10.7,11.0,12.7,13.1,13.6
002166,7.3,8.4,9.3,9.1,9.3,9.5,10.6,10.8,11.0,10.6,10.6,11.4,11.7,10.6,11.6,11.9,12.6,12.3,12.6,13.9,12.2,13.4,15.2,15.6,16.1
002170,5.7,5.4,5.6,6.3,7.2,7.0,7.9,8.0,8.6,7.8,8.5,8.8,8.4,8.2,8.9,8.9,9.9,9.5,10.0,10.8,9.9,11.4,12.0,12.6,12.7
002171,4.7,4.8,5.2,5.7,5.9,5.9,6.2,6.3,7.5,6.8,7.0,8.1,7.5,7.5,7.5,7.7,8.1,8.1,8.8,9.1,8.8,9.7,10.1,10.6,10.9
003001,3.3,3.3,3.8,4.4,4.7,4.8,5.1,5.4,5.5,5.6,5.4,6.3,5.4,5.9,5.8,5.9,6.9,6.8,7.3,7.4,7.3,8.0,9.0,9.5,9.8
003002,5.4,5.9,5.8,6.5,6.9,7.0,7.6,8.1,8.3,8.1,7.8,9.1,8.6,8.7,8.8,8.8,9.2,10.1,10.3,11.1,10.1,10.8,11.1,12.6,13.4
003006,10.0,10.7,10.3,11.6,12.1,12.3,12.7,13.0,13.3,12.7,13.5,13.8,13.6,14.2,13.8,14.8,15.0,14.7,15.5,16.3,15.0,16.7,17.3,18.2,19.1
003008,5.3,6.1,6.4,7.1,7.6,8.2,8.6,8.7,9.2,9.3,9.4,9.7,9.1,9.0,9.4,9.9,9.9,11.1,11.5,11.3,11.2,12.1,12.9,14.3,13.9
003012,9.2,9.4,10.0,10.4,10.8,11.8,12.6,12.3,13.3,13.4,13.2,13.6,12.9,12.6,14.1,13.4,14.1,15.5,16.3,16.1,15.3,16.5,17.5,18.4,19.4
003016,5.2,6.1,5.9,6.4,7.1,7.3,7.1,7.9,8.1,8.0,8.4,8.2,8.2,7.4,8.4,9.0,9.1,9.6,9.6,10.2,9.4,10.8,10.8,11.9,12.8
003018,4.5,4.9,5.2,5.2,5.8,6.0,6.1,7.1,6.8,6.8,7.0,7.4,6.8,7.0,7.5,7.8,8.2,8.3,8.5,9.1,8.0,9.7,9.9,10.5,11.4
003019,5.7,6.2,6.5,6.7,7.5,7.8,7.9,8.0,8.6,8.2,8.9,8.5,8.8,8.3,9.0,8.5,10.2,10.0,10.3,10.7,10.0,11.4,12.1,12.9,13.3
003021,4.3,5.0,5.5,5.5,5.6,6.2,6.4,6.4,7.1,6.1,7.4,7.4,6.8,6.8,7.3,7.9,7.9,8.5,8.5,9.5,7.7,9.2,9.9,10.8,11.2
003022,5.0,4.7,5.5,5.8,6.0,5.7,6.3,6.5,7.5,7.1,7.2,8.0,7.2,7.3,7.4,7.6,8.2,9.0,9.2,9.2,8.9,10.0,10.2,11.5,11.4
003023,4.9,5.9,6.2,6.7,6.4,7.1,7.7,8.1,8.1,7.7,7.9,8.6,8.3,8.6,8.5,9.1,9.9,9.4,10.2,10.1,10.2,11.3,10.9,12.3,12.7
003024,4.0,4.5,4.8,5.0,5.4,5.4,5.4,6.3,7.5,6.0,6.2,6.6,7.4,6.4,6.6,7.3,7.4,7.5,8.4,8.8,8.0,8.3,9.2,10.3,10.6
003025,5.2,4.9,6.0,6.2,6.4,7.6,7.4,7.9,8.5,7.9,8.0,8.9,8.6,8.1,8.8,8.8,9.4,9.8,10.7,10.6,10.4,11.2,12.5,12.9,13.9
003026,6.2,6.5,6.7,7.3,7.6,7.8,7.7,8.2,8.4,8.2,8.5,9.2,8.6,8.8,8.8,8.8,9.9,10.0,10.1,10.8,9.6,10.5,11.3,11.9,12.4
003027,4.1,4.6,4.6,5.0,5.3,5.9,5.9,6.3,7.0,6.7,7.0,6.9,7.0,6.7,6.9,7.8,7.9,8.0,8.6,9.1,8.7,9.2,10.0,10.6,11.6
003030,4.4,5.3,5.3,5.2,6.0,6.1,6.7,6.7,7.5,7.1,7.8,7.6,7.5,7.3,8.0,8.7,8.5,8.7,8.3,9.7,9.2,10.2,10.6,11.4,11.7
003032,5.9,6.3,6.1,6.9,7.1,7.9,7.9,8.6,9.2,8.5,8.9,9.7,9.9,8.4,9.6,9.7,10.3,11.1,11.4,11.3,10.9,11.8,13.1,14.1,14.3
003036,4.8,4.9,5.8,5.6,6.2,6.3,6.8,7.5,7.4,7.2,8.5,7.6,7.8,7.4,7.6,7.9,8.4,8.5,9.7,9.8,8.9,10.0,11.0,12.3,12.4
003037,4.5,4.4,4.8,5.2,5.8,5.5,6.3,6.3,7.0,6.5,7.0,7.1,6.9,6.8,7.1,7.7,7.5,7.6,8.1,9.3,7.9,8.9,9.2,9.8,10.9
003039,5.9,6.8,7.3,7.1,7.5,8.6,9.1,9.4,8.9,9.4,10.1,10.0,10.2,9.3,10.1,10.0,11.4,10.7,12.5,13.0,10.9,13.1,14.1,15.0,15.0
003040,3.8,4.2,4.2,4.8,5.3,5.5,5.9,6.5,6.4,6.0,6.6,6.8,6.7,6.6,7.0,7.2,8.4,8.5,8.6,8.6,8.3,9.4,9.9,11.1,11.4
003041,7.9,7.8,8.2,8.2,8.0,9.1,9.9,10.2,10.0,9.7,10.2,10.4,10.2,10.5,10.0,11.0,11.4,12.2,11.7,13.0,12.0,13.3,14.6,14.9,14.3
003042,3.7,4.0,4.1,4.2,4.4,4.8,5.1,5.7,5.8,5.8,6.2,7.0,6.1,5.8,6.4,7.0,7.3,7.5,7.7,9.0,7.2,8.5,9.7,10.2,9.5
003043,4.0,4.2,4.3,4.6,5.0,5.5,6.0,5.9,6.0,5.8,5.9,6.6,6.6,6.3,5.9,6.6,7.3,7.5,7.8,8.0,7.4,8.3,9.4,9.6,10.3
003044,6.4,6.9,7.1,7.5,7.9,8.1,8.8,8.7,8.7,9.3,9.4,9.1,8.9,9.7,9.3,10.7,10.2,11.0,11.5,12.2,11.1,11.8,12.7,13.3,13.4
003045,4.2,4.6,5.2,5.2,6.0,5.7,6.3,6.7,7.1,6.5,7.1,7.2,7.2,6.5,7.5,7.6,7.5,8.3,8.3,8.3,8.2,8.8,10.0,11.0,11.2
003047,8.2,8.0,8.5,8.8,9.6,9.4,10.5,11.3,10.6,10.5,11.2,11.9,10.6,10.5,11.1,11.6,12.8,13.4,12.6,13.4,13.0,13.4,14.9,15.4,16.4
003049,3.6,4.1,4.3,4.3,4.5,5.1,5.2,5.3,6.0,5.5,6.1,6.3,5.9,6.1,6.4,6.5,6.8,7.6,7.8,7.6,7.4,8.1,8.9,9.1,10.2
003051,5.3,5.5,5.9,5.8,6.8,6.5,6.9,7.4,8.0,7.3,8.5,8.1,8.3,7.6,8.3,8.1,9.0,9.3,9.2,10.1,9.6,10.5,10.8,12.0,12.2
003052,4.0,3.8,4.0,4.1,4.3,4.6,4.9,4.7,5.1,4.6,4.9,5.3,5.1,4.8,5.3,5.5,5.6,6.1,5.9,6.0,6.0,6.8,7.2,8.2,8.5
003055,4.9,5.4,5.5,5.7,6.0,6.7,6.9,6.9,7.0,7.2,7.0,7.5,7.1,7.3,7.4,8.2,8.2,8.7,9.1,9.5,8.8,8.9,10.9,11.2,12.0
003058,7.5,7.3,7.1,7.5,8.3,9.1,9.1,9.6,9.5,9.3,10.0,10.5,10.0,10.2,10.1,9.8,11.2,11.3,12.6,12.3,11.2,12.1,14.1,14.7,15.7
003060,5.0,5.6,5.7,6.1,6.4,6.5,6.9,7.3,7.7,7.1,7.5,7.9,7.9,6.9,7.3,7.8,8.4,8.8,9.1,8.6,9.0,9.3,10.9,11.2,11.8
003062,6.1,6.0,6.9,6.5,7.3,7.6,7.7,8.6,9.0,8.7,9.7,10.0,9.3,8.9,9.7,8.7,10.1,10.8,11.6,11.7,10.9,11.7,13.2,13.5,13.9
003065,7.4,7.8,8.1,7.7,8.7,9.9,9.4,10.2,9.8,10.0,9.9,10.5,10.4,10.2,10.0,10.6,11.2,11.5,11.2,11.9,11.6,12.2,13.7,15.3,15.3
003066,5.7,5.7,6.4,6.4,6.9,7.0,7.6,7.6,8.1,7.7,8.8,8.7,8.8,8.6,9.1,9.6,9.2,10.4,10.0,10.7,10.3,10.4,11.3,12.5,12.7
003068,4.9,5.2,5.6,5.9,5.9,6.8,7.1,7.1,7.9,7.1,7.3,8.0,8.0,7.4,7.8,8.4,8.7,9.2,9.8,9.8,9.2,9.7,10.4,11.9,12.2
003069,3.9,3.9,4.1,4.7,4.6,5.2,5.3,5.7,6.5,6.0,6.2,6.3,6.4,6.3,6.7,6.8,7.6,7.3,8.0,8.2,8.0,7.8,9.4,10.0,10.6
003070,5.6,5.7,6.4,6.3,6.9,7.1,7.6,7.3,8.2,7.2,8.4,7.9,8.3,7.6,8.4,9.3,8.9,9.4,9.7,10.1,9.3,10.1,11.7,11.7,13.0
003073,7.9,8.3,8.4,9.1,9.6,9.4,10.7,10.5,11.3,11.4,11.1,11.5,10.8,12.1,11.3,12.0,12.6,13.1,13.2,14.1,13.1,14.6,14.6,17.2,16.5
003076,5.4,5.9,6.3,7.0,7.1,7.3,7.6,7.8,8.7,8.8,8.4,9.2,8.8,8.3,9.2,9.4,9.8,10.2,11.0,11.6,10.3,12.0,12.6,13.8,14.1
003077,5.0,4.6,5.0,5.2,5.5,5.8,6.1,6.7,6.8,6.7,6.9,7.3,6.9,6.9,7.7,7.6,8.0,8.5,8.3,8.6,8.3,9.3,9.5,10.6,10.6
003079,3.3,3.3,3.8,3.8,4.3,4.2,4.9,5.4,5.9,5.5,5.5,5.4,6.0,5.3,5.5,5.6,6.4,6.7,6.9,7.3,6.6,6.9,7.7,8.3,9.0
003082,6.8,6.8,7.0,7.2,7.9,7.7,9.2,8.9,9.6,9.3,9.2,10.2,9.5,9.4,10.1,10.5,11.0,11.6,11.8,12.1,11.0,12.6,13.3,14.6,13.9
003083,4.9,5.0,5.3,6.0,6.0,6.9,6.5,7.5,7.5,7.1,7.6,8.5,8.0,7.8,8.0,8.5,9.0,9.1,9.7,10.1,9.0,10.8,11.6,12.3,12.5
003084,5.5,5.5,5.7,5.9,6.7,6.8,6.9,7.5,7.8,7.5,7.8,8.2,8.3,7.4,8.1,8.4,9.0,9.0,9.6,9.8,9.3,10.2,11.2,11.7,12.1
003088,5.1,5.0,5.6,5.7,6.4,6.5,7.7,6.8,7.5,7.3,7.4,7.9,7.9,7.4,7.8,8.6,8.7,10.0,9.6,9.5,9.4,10.0,11.0,12.0,12.3
003090,5.8,6.2,5.9,6.4,6.8,6.7,7.3,8.0,8.4,7.8,8.4,8.8,8.6,8.0,8.5,8.2,8.8,9.5,9.8,10.2,10.0,10.7,11.5,11.5,13.0
003091,4.9,5.2,5.6,5.9,5.9,6.7,7.0,7.0,7.4,7.3,7.3,7.9,7.2,7.8,7.9,8.3,8.7,8.9,9.5,9.8,9.1,10.1,11.1,11.3,11.9
003093,4.6,4.3,4.7,5.2,5.3,5.3,6.3,6.3,6.7,6.1,6.4,7.7,7.1,7.3,6.9,6.9,7.9,7.8,8.5,8.7,8.7,8.6,9.4,10.1,11.2
003095,4.2,4.8,4.6,4.9,5.3,5.2,6.3,6.1,6.1,6.5,6.7,6.8,6.6,7.2,7.2,6.8,7.8,8.1,8.4,8.6,7.7,8.8,9.9,9.9,10.8
003097,3.2,3.3,3.8,3.9,4.3,4.6,4.7,5.6,5.6,4.4,5.0,5.4,5.5,5.1,5.4,5.5,5.7,6.0,6.7,6.7,5.7,6.9,7.4,8.3,8.3
003098,5.4,5.3,5.6,6.0,6.6,6.8,7.1,8.0,7.9,7.5,8.3,8.8,7.8,8.0,8.5,8.4,9.3,9.7,11.0,10.5,10.2,10.8,11.5,12.3,12.6
003100,3.2,3.2,3.6,3.9,4.1,4.5,4.3,4.6,5.2,5.0,5.6,5.3,5.8,5.3,5.1,6.1,5.7,6.5,6.5,7.3,6.6,7.3,7.9,9.1,9.1
003103,7.0,7.3,7.0,7.7,8.4,9.3,9.6,9.5,10.6,10.1,10.1,10.9,10.5,9.6,10.8,10.8,11.8,12.0,12.1,12.7,12.1,13.1,14.3,14.9,15.4
003104,5.9,6.4,6.4,6.8,7.7,7.2,8.1,8.9,8.5,7.9,8.6,9.0,8.6,8.6,9.0,9.4,10.4,10.0,11.0,11.0,10.4,11.2,12.4,13.6,13.6
003106,4.0,4.2,4.7,4.7,5.0,5.2,5.8,6.3,6.5,5.7,6.5,6.3,6.3,6.2,7.1,7.4,7.2,7.3,7.9,8.2,7.7,8.6,9.3,9.9,10.7
003108,4.9,4.6,5.3,5.4,5.7,6.4,6.4,6.5,6.5,6.5,7.1,6.9,7.2,7.2,7.0,7.6,8.1,8.2,8.5,8.8,8.7,9.1,10.2,10.7,11.1
003109,5.8,5.8,6.4,6.5,6.6,7.0,7.9,8.2,8.8,7.8,8.4,9.1,8.4,8.2,9.0,8.7,9.9,9.6,10.4,10.5,9.9,10.3,11.9,12.4,13.1
003112,6.9,7.7,7.7,8.0,7.9,8.7,8.6,9.5,9.7,9.1,9.5,10.1,9.8,9.6,10.3,10.5,10.9,10.9,11.6,12.6,11.1,11.8,12.9,14.2,14.5
003114,7.3,8.3,8.5,8.4,9.0,9.4,9.1,10.1,10.3,10.0,10.5,10.7,10.7,10.4,10.8,11.0,12.1,11.7,12.4,12.7,12.0,13.1,14.3,14.9,14.4
003115,3.4,3.5,3.9,4.2,4.6,5.1,5.2,6.1,5.6,5.4,5.7,6.3,6.0,6.2,6.3,7.1,6.9,7.5,7.9,8.1,7.7,8.0,8.7,10.5,10.9
003116,3.1,3.4,3.9,4.1,4.3,4.1,4.6,4.8,5.0,4.8,5.3,5.6,5.3,5.4,5.4,5.4,5.8,5.9,6.3,7.1,6.4,7.4,7.6,8.2,8.7
003119,5.2,5.9,6.1,6.1,6.5,7.0,7.6,7.3,8.5,7.3,7.7,8.5,7.9,8.0,8.5,9.0,8.7,9.5,9.5,10.8,9.2,10.1,11.7,11.9,12.5
003120,5.1,4.9,5.5,5.9,6.7,6.6,7.7,7.5,8.3,7.8,7.7,8.3,8.0,7.4,8.5,8.4,9.3,10.2,10.3,10.5,9.9,11.3,11.5,12.9,12.8
003121,6.8,6.6,7.3,7.4,8.0,8.0,8.3,8.7,9.3,9.3,9.8,9.5,9.6,9.0,9.6,10.0,10.2,10.9,11.2,12.0,10.7,11.7,12.2,14.3,14.7
003122,5.2,5.5,6.2,6.2,6.6,6.1,7.2,7.9,7.7,7.9,7.7,8.0,8.1,7.9,8.3,8.5,9.4,9.6,9.5,10.4,8.9,11.0,11.2,11.9,13.5
003129,6.2,6.4,7.1,7.0,7.5,8.1,8.9,9.0,9.7,9.1,9.5,9.0,9.2,8.3,9.2,10.5,10.3,11.1,10.3,12.5,11.1,11.6,13.8,14.2,13.0
003130,5.9,6.6,6.8,7.0,7.7,7.1,7.6,8.2,8.4,8.5,8.6,9.0,8.4,8.5,8.6,8.7,9.5,9.7,9.7,10.5,9.7,10.8,11.2,12.4,12.1
003131,4.7,4.8,5.2,5.8,6.3,6.3,6.7,7.3,7.8,7.1,8.2,7.9,7.5,7.4,8.3,8.0,8.7,9.1,9.0,9.3,9.5,10.0,10.8,11.3,11.8
003133,2.4,2.8,3.0,3.3,3.2,3.6,3.9,4.2,4.5,4.1,4.3,4.8,4.3,4.5,4.8,4.6,5.4,5.2,5.7,6.0,5.2,5.7,7.1,7.1,7.3
003134,6.8,6.7,7.0,7.5,7.7,8.3,8.7,8.8,9.7,9.0,9.8,9.7,9.3,9.6,9.4,10.0,10.9,10.8,11.6,11.4,10.7,12.3,12.3,14.3,14.3
003135,3.4,4.2,3.8,4.3,4.5,4.6,4.7,5.5,5.7,5.7,6.3,6.8,6.4,5.9,6.6,6.8,7.2,7.8,7.5,8.4,7.5,8.2,9.2,10.0,10.4
003138,5.3,5.9,6.6,6.6,6.8,7.8,7.9,7.9,8.9,7.9,7.9,8.9,8.2,8.4,8.4,8.4,10.2,9.8,10.3,10.7,9.9,10.5,11.4,12.6,12.5
003139,5.1,5.4,6.4,6.4,6.5,7.0,7.3,7.7,7.6,7.6,8.1,8.5,8.2,8.4,8.5,8.8,9.6,10.5,9.4,10.7,9.6,10.6,11.6,12.2,12.9
003140,4.0,4.6,4.3,5.1,5.2,5.2,6.3,6.0,6.0,6.0,6.5,6.8,6.0,6.4,7.0,6.7,7.6,7.9,7.9,8.1,7.7,8.6,9.7,9.7,10.0
003141,5.2,5.5,6.1,6.2,6.6,7.2,7.3,6.9,8.2,7.5,8.1,7.9,8.2,8.5,8.2,9.0,8.3,9.4,9.8,10.3,9.6,9.9,10.3,12.1,11.8
003143,5.6,5.2,5.6,6.5,6.4,6.8,6.9,7.6,7.7,7.5,7.3,8.3,7.6,7.8,8.3,8.9,8.9,8.9,9.3,10.9,9.3,10.7,11.5,12.2,13.3
003144,3.9,4.1,5.1,4.9,5.3,5.6,5.6,5.7,6.3,5.9,6.5,6.6,6.6,6.2,6.6,7.6,7.1,7.3,8.4,8.3,8.3,8.7,9.2,9.8,10.7
003146,3.5,3.6,3.9,4.5,4.9,5.4,5.4,5.3,5.8,5.5,6.1,6.3,5.6,6.3,6.1,6.7,6.9,7.1,7.5,8.4,7.8,8.2,9.5,10.1,10.8
003149,5.7,6.7,6.9,7.7,7.3,7.8,8.6,9.4,9.3,8.8,9.3,9.3,9.7,8.9,9.3,10.3,10.3,10.5,11.3,12.2,11.1,11.4,12.7,13.4,13.5
003153,3.1,3.7,3.8,3.7,4.1,4.5,4.3,5.0,5.6,5.1,5.0,5.1,5.2,5.0,5.0,5.2,6.1,6.1,6.1,6.6,5.7,7.0,7.2,8.4,8.8
003154,4.2,4.9,5.1,5.3,5.7,6.1,6.3,6.9,7.1,7.2,6.8,7.4,7.3,7.1,7.6,7.6,8.1,8.4,9.3,9.8,8.7,9.5,10.5,10.8,11.6
003158,4.7,5.0,5.6,5.4,6.2,6.4,6.8,7.7,8.0,7.2,7.6,7.8,7.6,7.9,7.8,8.0,9.0,8.9,9.8,9.9,9.8,9.8,10.7,12.7,12.2
003159,4.8,4.6,5.4,5.2,5.4,6.1,6.4,6.4,7.0,6.5,7.4,7.5,6.7,6.8,7.8,7.8,8.1,8.6,8.7,9.2,8.1,9.5,10.4,11.0,11.7
003164,4.9,4.9,5.1,5.5,5.8,6.2,6.7,7.2,7.6,6.8,7.2,7.9,7.8,7.6,8.3,8.3,8.6,8.8,9.2,9.9,9.2,9.5,10.6,10.8,11.7
003166,6.6,6.9,7.1,7.3,7.8,7.8,8.2,8.8,9.2,8.8,8.8,10.2,9.4,9.7,9.3,10.0,10.6,10.6,11.6,11.8,10.7,11.4,12.9,13.3,14.3
004001,5.3,5.6,5.8,6.3,6.5,7.1,7.5,7.7,7.6,7.9,8.1,8.3,8.2,8.0,8.8,8.8,9.5,9.8,10.3,10.7,10.0,10.3,11.9,12.6,12.9
004002,7.1,7.4,8.2,7.9,8.1,9.1,9.7,9.5,10.1,9.4,10.2,10.8,10.7,10.1,10.4,10.6,11.5,11.9,12.5,12.3,11.7,13.0,14.2,14.8,15.7
004003,4.2,4.5,4.9,5.2,5.2,5.4,6.0,6.4,6.7,6.5,6.8,7.6,6.8,6.8,6.9,7.8,8.1,8.4,8.7,9.5,8.2,9.2,10.2,10.4,11.7
004004,5.9,6.1,6.2,7.0,7.0,7.2,7.9,7.8,9.1,8.1,8.5,9.1,8.1,8.5,9.1,9.2,9.3,9.9,10.7,10.7,9.7,10.5,11.3,12.2,12.7
004005,4.5,4.2,4.4,4.9,5.2,5.1,5.8,6.2,5.8,5.9,6.2,6.7,6.6,5.9,6.5,6.8,7.0,7.4,8.0,7.8,7.2,8.2,8.8,9.4,9.8
004006,5.6,6.4,6.9,6.9,7.1,7.5,8.2,8.6,9.0,7.3,9.1,8.4,8.6,8.4,8.8,8.7,9.3,10.1,10.6,11.2,9.9,11.3,12.5,13.5,14.3
004007,3.1,3.2,3.6,4.1,4.1,4.2,4.4,4.6,5.4,5.3,4.9,5.2,4.9,5.0,5.5,5.3,5.9,6.1,6.4,6.8,5.6,6.6,7.7,8.7,8.4
004008,4.3,4.7,4.8,5.1,5.0,5.8,5.9,6.7,6.7,6.3,6.3,7.0,7.4,6.6,6.8,7.2,7.8,8.3,8.4,8.4,7.8,8.8,9.5,10.4,10.2
004009,5.9,6.3,6.8,7.4,7.4,8.3,8.6,8.6,8.6,8.8,8.2,9.6,9.0,9.0,9.3,10.1,10.4,10.6,10.9,11.7,11.3,11.5,12.6,14.3,13.8
004010,8.9,9.5,9.5,9.7,10.4,10.8,11.3,11.9,12.1,11.3,11.5,12.1,12.0,11.6,12.3,12.9,13.1,13.7,14.2,13.6,13.8,14.5,14.9,16.4,16.5
004011,5.3,5.6,5.9,5.9,6.5,6.8,6.9,7.0,7.6,7.6,7.1,8.3,8.0,8.0,8.1,8.6,8.8,9.4,9.1,10.3,8.5,9.9,11.2,12.2,12.2
004012,5.7,5.9,6.6,6.2,7.1,8.1,8.7,8.6,8.8,8.6,8.8,8.9,9.3,8.8,8.9,9.3,9.5,10.3,10.9,11.8,10.4,11.7,12.8,14.2,13.9
004013,6.6,7.1,7.2,7.7,8.0,8.2,8.4,8.9,9.0,9.0,9.7,10.1,9.0,9.4,10.1,10.3,10.6,10.3,11.6,12.5,10.8,12.1,13.6,14.0,14.5
004014,6.8,7.6,7.7,8.7,9.0,9.0,9.8,9.9,10.5,9.9,10.3,10.0,9.9,9.3,11.2,11.2,11.6,12.5,12.0,12.9,12.4,13.2,14.5,15.2,15.6
004015,3.7,3.6,4.0,4.1,4.6,4.5,5.1,5.2,5.2,5.5,5.1,5.9,5.6,5.4,5.7,6.1,6.6,7.0,6.7,7.9,6.5,8.4,8.7,9.8,10.1
004016,2.9,3.3,3.3,3.7,3.8,3.7,4.1,4.8,4.8,4.6,5.0,5.3,5.2,5.2,4.7,5.1,5.4,5.8,6.1,6.4,6.0,6.5,7.6,8.2,8.4
004017,6.4,6.9,6.8,7.4,7.4,8.4,8.2,8.3,10.0,8.8,9.6,9.6,9.1,9.2,9.6,9.9,10.2,10.6,10.8,11.3,10.8,11.9,12.3,13.0,14.4
004018,4.0,3.6,4.0,4.9,4.6,5.1,5.3,5.5,5.4,5.5,5.7,6.2,6.3,6.0,6.3,6.6,6.6,7.1,7.7,7.9,7.6,8.3,9.0,9.5,9.6
004019,4.5,4.5,5.0,5.2,5.4,5.6,6.0,6.0,6.7,5.8,6.5,7.2,6.8,6.4,6.7,7.3,7.9,7.8,8.7,9.1,8.3,8.9,10.3,10.1,10.9
004020,6.9,7.4,7.5,8.3,8.3,8.6,9.0,9.4,9.8,9.7,9.4,10.3,10.0,9.0,9.9,10.1,10.3,11.9,12.1,12.3,11.6,12.5,13.8,14.1,13.4
004021,3.4,3.6,3.7,3.9,4.6,4.9,4.9,4.5,5.5,5.1,5.7,5.9,5.7,5.5,5.8,6.0,6.9,7.0,7.1,7.7,6.6,7.3,8.9,9.1,9.9
004022,5.0,5.2,6.0,5.6,6.4,6.9,6.6,7.7,7.4,6.9,7.6,8.1,7.5,7.4,8.5,8.0,8.5,9.3,9.5,9.8,9.6,10.3,10.7,12.1,12.1
004023,6.7,7.1,7.7,7.9,8.4,8.7,8.9,9.7,9.8,9.7,9.7,10.0,10.1,9.1,10.1,10.6,10.7,11.8,11.5,12.5,11.4,12.8,13.2,14.5,14.6
004024,5.2,5.6,6.8,6.4,6.9,7.1,7.5,8.4,8.7,8.4,8.7,9.1,8.6,8.5,8.5,9.5,9.5,9.9,10.4,11.3,10.4,11.1,12.4,12.5,13.1
004025,3.8,4.0,4.3,4.7,5.1,5.1,5.6,5.4,6.1,5.2,5.9,6.0,5.8,5.9,5.8,6.7,7.0,6.5,7.3,7.5,6.9,7.6,8.9,9.0,9.2
004026,7.0,6.7,7.5,7.6,7.9,8.1,8.9,9.0,8.9,8.3,9.3,9.6,9.2,9.2,10.0,9.6,10.7,11.4,11.2,11.0,10.5,12.2,12.4,13.7,13.4
004027,5.3,6.1,6.4,6.7,6.7,6.8,7.4,8.0,7.5,7.8,8.7,8.5,8.4,8.5,8.5,9.0,9.2,9.8,10.0,10.9,9.3,10.7,11.6,12.7,12.9
004028,9.1,9.1,9.9,10.7,11.5,11.6,12.1,12.0,12.8,12.0,12.4,12.0,12.8,12.4,13.0,13.3,13.7,14.2,14.7,15.4,14.4,15.5,16.1,16.6,17.2
004029,6.7,6.2,7.4,7.4,7.4,8.2,8.7,8.9,9.2,9.2,9.6,10.1,9.1,9.7,10.0,9.9,9.9,10.7,11.5,11.5,11.1,11.8,13.1,13.9,14.3
004030,4.1,4.6,4.8,4.9,5.1,5.6,6.1,6.6,6.6,6.2,6.8,7.0,6.6,6.0,6.9,7.3,7.4,7.5,7.9,8.7,7.8,8.7,8.9,9.9,10.5
004031,5.3,5.5,5.7,6.4,6.3,7.0,7.1,7.7,7.9,7.4,8.0,8.5,7.8,7.3,7.6,8.3,9.3,9.0,9.7,9.5,8.6,10.6,11.2,11.9,11.8
004032,5.5,5.7,6.3,6.6,6.5,6.5,7.1,7.5,8.5,7.9,8.3,8.6,8.3,8.0,8.6,8.6,9.4,10.0,10.1,10.3,9.5,11.3,12.5,12.2,13.2
004033,4.7,4.7,5.1,4.9,5.6,5.9,5.8,6.1,7.2,6.4,6.2,6.8,6.7,6.2,6.6,7.4,7.5,7.4,8.1,8.7,7.6,8.6,8.9,10.0,10.8
004034,4.8,5.1,5.1,5.3,5.7,6.5,7.0,7.3,7.2,7.4,7.5,8.5,7.4,7.3,8.3,8.3,8.6,9.0,9.2,10.6,9.4,10.8,11.1,12.5,11.8
004035,4.6,4.6,4.7,5.3,5.5,5.5,6.7,6.2,6.5,6.3,7.0,7.5,6.8,7.3,7.0,7.1,8.2,8.4,8.7,9.0,8.6,9.4,10.7,10.6,11.7
004037,5.7,6.3,6.5,7.5,7.4,7.9,8.2,8.8,9.3,8.8,9.7,8.8,9.5,9.1,9.8,9.9,10.5,10.6,11.2,11.6,10.8,11.7,13.0,13.5,13.5
004038,4.6,4.9,4.9,5.2,5.4,5.5,5.5,6.2,6.4,5.9,6.6,7.1,6.8,6.8,6.7,7.3,7.9,7.9,8.5,8.5,7.9,8.7,9.9,10.1,10.3
004039,6.2,6.3,7.2,7.2,7.4,8.3,8.1,8.7,9.2,8.7,9.3,9.5,9.3,9.2,9.9,9.4,10.0,10.6,11.2,11.8,11.1,11.9,13.2,14.1,14.3
004040,6.0,6.3,6.4,6.9,7.2,7.5,7.8,8.1,8.6,7.9,8.6,8.5,8.6,8.8,9.1,9.2,9.8,9.9,10.4,10.8,9.8,11.0,11.9,12.6,13.7
004041,4.4,4.3,5.0,5.1,5.4,6.3,5.7,6.4,6.3,6.6,6.5,7.0,6.6,6.5,7.4,6.9,7.2,8.1,8.2,9.2,8.0,9.2,9.7,10.1,11.3
004042,2.7,3.3,3.6,3.5,3.9,3.9,4.5,4.8,4.7,4.8,4.9,5.5,5.4,5.0,5.6,5.6,5.9,6.2,6.5,6.7,6.4,7.0,8.1,9.1,9.0
004043,4.3,4.5,5.0,4.8,5.4,5.7,5.6,6.3,6.4,6.4,6.1,6.9,6.4,6.6,7.1,7.4,7.9,7.4,8.3,8.7,8.4,8.4,9.6,10.5,10.5
004044,5.4,5.6,5.9,6.1,6.5,6.7,7.0,7.1,7.4,7.1,7.7,8.0,7.7,7.6,8.0,8.2,8.6,9.3,9.2,9.7,9.5,9.5,10.4,11.0,11.6
004045,5.1,5.8,6.3,6.4,6.5,6.8,6.9,7.4,7.6,8.0,7.9,7.9,7.7,7.9,8.0,8.5,8.1,9.3,9.9,9.7,9.5,9.3,10.0,11.7,12.2
004046,5.5,6.0,6.1,6.4,6.7,7.4,8.1,8.4,8.7,7.9,8.0,8.5,8.3,8.0,8.8,9.0,9.4,9.8,10.0,10.8,9.8,10.2,11.5,12.6,13.1
004047,5.6,5.9,6.6,6.5,7.3,7.3,8.1,8.1,8.5,8.0,8.3,9.3,8.4,8.0,8.9,8.9,8.9,10.1,10.3,10.7,9.7,11.1,11.7,12.7,12.7
004049,4.1,4.0,4.1,4.5,4.9,4.9,5.1,5.3,5.7,5.6,5.8,6.2,6.3,6.6,6.2,7.0,7.1,7.5,7.9,7.9,7.6,8.0,8.9,10.2,10.8
004050,7.4,7.0,7.6,8.7,8.8,8.5,9.0,9.7,10.3,10.1,9.6,9.6,10.0,9.5,10.5,10.5,11.1,11.4,11.9,12.5,11.7,12.5,13.2,14.5,14.7
004051,5.8,6.2,6.3,6.4,7.1,6.8,7.6,7.4,8.1,7.8,8.0,8.1,7.9,7.9,8.5,8.0,8.5,8.9,9.6,10.6,9.9,10.2,11.4,11.9,12.3
004052,4.8,5.0,4.7,5.4,6.1,5.9,6.1,6.5,6.5,6.6,6.4,7.5,7.3,7.1,7.1,7.8,8.0,8.0,8.2,9.4,8.6,9.2,9.7,11.1,11.4
004053,5.0,5.7,6.0,6.4,7.3,7.2,7.2,8.2,8.3,7.9,8.4,8.8,8.6,8.1,8.2,8.9,9.3,9.3,9.7,10.3,10.0,10.4,10.9,12.0,12.4
004054,6.9,6.9,7.3,6.8,7.4,8.3,8.9,9.6,9.5,8.5,9.0,9.6,8.9,9.3,10.3,9.8,10.4,10.8,11.2,11.5,10.9,11.9,12.8,14.1,14.0
004055,5.9,5.9,6.2,6.7,6.6,7.0,7.2,7.9,8.4,8.1,8.4,8.3,8.5,8.6,8.3,9.0,9.6,9.9,9.7,10.6,9.7,11.3,11.5,11.8,13.2
004056,4.8,5.1,5.2,5.7,5.9,5.9,6.9,6.9,7.5,7.3,7.3,8.5,7.6,7.2,7.9,7.9,9.3,9.4,9.7,10.1,9.3,9.8,10.6,11.9,12.5
004057,3.7,3.6,3.8,4.2,4.7,5.0,5.3,6.0,6.5,5.8,6.9,5.9,7.3,6.6,7.1,7.3,7.9,7.8,7.9,8.9,8.5,8.7,10.1,11.4,12.1
004058,4.9,5.1,5.9,5.8,5.9,6.3,6.4,7.0,7.3,6.5,6.9,7.1,7.5,7.0,7.3,7.4,7.9,8.4,8.9,8.7,8.7,8.9,9.7,10.5,10.8
004059,3.4,3.6,3.6,3.5,4.2,4.4,4.9,5.3,5.0,4.8,5.4,5.2,5.4,4.8,5.4,5.8,6.1,7.2,7.2,7.3,6.7,6.6,8.1,9.1,8.7
004060,8.4,8.7,9.3,10.1,10.4,10.8,10.6,11.3,11.8,11.6,11.8,12.2,11.3,12.0,12.2,12.9,13.2,13.6,14.2,14.2,13.6,14.3,15.7,16.4,16.4
004061,3.0,3.5,3.6,3.3,3.9,4.5,4.6,4.6,4.7,4.7,4.8,5.2,4.9,4.9,5.1,4.7,5.1,5.6,5.9,6.8,5.8,6.4,7.0,8.0,7.6
004062,4.0,4.0,4.5,4.0,4.9,5.3,5.5,5.9,6.1,6.0,6.5,6.6,5.8,6.4,6.0,6.7,6.8,7.4,7.7,8.0,7.5,9.3,9.5,9.9,11.2
004063,5.6,5.1,4.9,5.6,6.1,6.5,6.6,7.1,6.8,6.7,7.4,8.1,7.7,7.8,7.6,8.1,8.2,9.0,9.3,9.3,9.2,9.8,10.3,11.2,12.0
004064,6.1,6.8,7.4,7.4,7.3,8.3,8.2,9.5,9.5,9.0,9.1,9.5,9.5,9.3,10.0,9.9,10.8,10.7,11.1,11.7,11.3,12.0,13.0,14.3,14.2
004065,4.1,4.5,4.5,5.0,4.6,5.3,5.6,6.1,6.9,6.3,6.4,6.8,6.3,6.2,6.6,7.3,7.5,7.9,8.1,8.2,7.6,8.4,9.6,10.1,10.5
004066,6.3,6.4,6.5,6.5,7.3,7.3,8.1,8.0,8.5,8.2,8.5,8.5,8.5,7.9,8.2,9.5,9.7,10.2,10.1,10.9,9.7,10.0,11.6,12.5,12.9
004067,4.9,4.9,5.1,5.2,5.8,5.9,7.0,7.4,7.3,7.0,7.6,7.7,7.3,7.1,7.3,8.3,8.6,9.0,9.9,9.4,9.0,9.9,11.0,11.5,11.2
004068,7.4,8.5,8.7,8.6,9.3,9.1,9.8,10.4,10.7,10.0,10.6,10.6,11.1,10.9,10.8,11.3,11.6,12.3,12.6,13.1,12.2,13.3,13.9,14.9,15.7
004069,3.9,4.2,4.7,4.6,5.0,5.4,5.4,5.8,6.2,6.1,5.8,6.0,6.5,5.7,6.8,6.7,6.9,7.2,7.6,8.1,7.3,8.0,8.3,10.0,9.5
004070,5.4,5.4,6.0,6.4,6.1,6.5,6.7,7.2,7.9,7.5,7.5,8.1,7.7,7.7,7.8,8.4,8.7,8.3,9.5,10.0,9.3,10.2,11.0,12.2,12.0
004071,3.5,3.9,3.6,4.3,4.5,4.6,5.0,4.9,5.8,5.2,5.9,5.9,5.9,5.8,6.0,6.6,6.4,7.2,8.1,7.4,7.5,8.0,9.0,9.4,9.8
004072,4.7,4.8,5.4,4.9,5.9,6.2,5.7,6.5,7.2,6.9,6.9,7.0,7.0,7.0,7.4,8.3,8.1,9.3,9.1,9.2,8.4,9.8,10.8,11.7,12.2
004073,4.5,4.7,5.5,5.9,5.8,6.3,6.6,6.6,7.5,7.1,7.0,7.4,8.0,7.4,7.7,7.9,8.1,8.6,9.2,9.0,9.1,9.7,10.6,11.1,11.2
004074,5.7,6.2,6.3,6.6,7.4,7.5,8.1,8.5,8.8,7.8,9.2,8.5,8.9,9.0,8.9,9.9,9.6,10.2,10.2,11.1,10.6,11.3,12.4,13.5,13.7
004075,7.9,8.4,8.7,9.5,8.9,9.9,10.3,10.5,11.2,10.9,11.3,11.5,11.1,11.0,11.8,11.6,12.6,13.0,14.0,14.9,13.9,14.4,16.6,17.1,17.1
004076,6.4,6.6,6.7,7.4,7.7,7.9,9.2,8.8,9.7,8.7,9.7,10.1,9.8,9.6,10.3,11.0,11.2,11.5,12.1,13.2,11.9,13.0,13.9,14.4,15.1
004077,5.2,5.8,6.0,6.3,6.4,6.7,7.1,7.9,7.7,7.7,8.4,8.4,8.2,8.8,8.6,8.9,9.7,9.3,10.2,10.6,9.7,11.2,12.1,12.7,12.6
004078,7.1,8.4,8.3,9.1,9.3,9.4,10.2,9.7,11.6,10.0,10.9,11.3,11.0,10.8,11.0,12.1,12.0,12.5,13.5,13.9,13.1,13.8,15.0,16.0,16.1
004079,5.4,5.3,5.7,5.9,6.6,6.7,6.6,7.2,8.3,7.7,7.5,8.0,8.1,7.8,7.9,8.2,8.2,9.3,9.5,9.6,8.9,9.4,10.7,11.5,11.9
004080,5.9,6.3,6.8,6.7,7.5,7.3,8.2,8.2,8.1,7.9,8.4,8.7,8.8,8.1,8.8,9.4,9.2,9.9,10.0,10.2,9.6,10.5,11.6,12.1,12.7
004081,3.4,3.6,3.6,3.8,4.5,4.5,5.2,4.8,5.2,4.6,5.1,5.4,5.5,5.0,5.4,5.4,5.9,6.4,6.8,7.0,6.3,6.9,7.3,8.1,8.3
004082,6.9,6.8,7.4,7.9,8.7,8.4,8.4,9.6,9.4,8.8,9.2,10.1,9.9,9.7,9.7,10.4,11.5,10.5,12.5,12.6,12.2,12.6,13.7,14.6,14.9
004083,5.1,5.0,5.6,5.5,6.0,6.6,6.6,7.4,7.6,6.8,7.4,7.3,8.0,8.0,8.1,8.4,8.2,9.0,9.4,9.1,9.8,9.9,10.7,11.5,12.1
004084,6.6,7.0,7.9,7.3,7.6,8.6,8.6,8.7,9.2,8.4,9.8,9.5,8.9,9.0,9.8,9.5,10.7,10.6,11.6,11.4,10.5,11.6,12.4,13.4,13.8
004085,6.5,6.8,7.5,6.6,8.0,8.6,8.9,8.5,9.3,9.1,9.4,9.8,9.6,9.7,10.0,10.5,10.4,10.1,11.1,11.8,11.2,11.6,13.0,13.3,13.7
004086,8.1,8.5,9.4,9.3,10.4,10.2,10.7,10.7,11.6,10.8,11.0,11.6,11.6,11.7,11.9,12.3,12.0,12.6,13.7,13.2,12.5,13.5,15.4,16.1,16.5
004087,4.5,4.4,5.1,5.2,6.1,6.0,6.4,6.9,7.4,6.7,6.9,8.0,7.7,7.1,7.8,7.9,8.4,9.5,8.8,9.2,9.2,9.4,10.5,11.8,12.4
004088,5.5,5.8,5.9,6.3,6.6,6.9,7.4,7.7,8.1,7.8,7.6,8.4,8.1,8.5,8.5,8.4,9.3,10.0,9.9,10.3,9.7,10.3,11.2,12.1,12.5
004089,7.3,6.8,7.4,8.2,8.3,9.3,9.1,10.4,10.3,9.5,9.8,10.7,10.0,10.2,10.1,11.0,10.7,11.3,11.7,12.2,12.0,11.7,14.6,13.9,15.3
004090,5.4,6.0,6.1,7.1,7.2,7.0,7.6,8.2,9.0,7.8,8.8,8.7,8.3,8.0,8.7,8.9,9.8,10.4,9.8,10.0,9.7,10.4,12.4,13.1,13.1
004091,3.5,3.6,3.8,4.0,4.0,4.8,5.0,5.1,5.4,5.3,5.7,5.6,5.4,5.6,6.1,5.8,6.3,7.2,6.8,7.5,6.8,7.6,8.3,9.3,10.3
004092,4.0,4.2,4.6,4.8,5.0,5.3,5.3,6.1,6.5,6.5,6.5,6.4,6.4,6.5,5.8,6.8,7.5,7.1,7.7,8.3,7.4,7.8,9.7,10.3,11.3
004093,4.9,5.0,5.7,6.0,5.7,6.2,6.8,7.0,7.5,7.5,8.0,7.8,7.5,7.2,7.9,8.0,9.2,8.7,9.0,10.1,9.6,10.7,11.0,11.4,13.1
004094,6.0,7.0,6.3,7.5,7.1,8.2,8.6,8.9,8.9,9.1,9.1,9.4,9.2,8.4,9.4,9.5,10.4,10.6,11.2,11.8,10.4,11.7,13.0,13.4,14.0
004095,5.4,6.9,6.7,7.0,7.3,7.6,8.0,8.6,8.2,8.0,8.4,9.4,8.6,8.5,8.9,9.6,9.4,9.5,10.3,10.9,10.2,11.0,12.1,13.5,13.3
004096,4.2,4.2,4.2,4.7,5.2,5.2,5.6,6.2,6.5,5.9,6.3,6.5,6.2,5.9,6.5,6.6,7.3,7.8,8.2,9.3,7.7,8.8,9.7,10.5,10.9
004097,6.0,7.0,7.4,7.5,7.9,8.4,9.1,9.4,9.6,9.4,9.9,10.4,9.8,9.9,10.5,11.4,10.9,12.0,11.9,12.8,11.5,12.7,14.3,14.7,15.2
004098,6.2,6.3,7.0,6.8,7.6,7.9,8.2,8.8,8.7,8.7,8.7,9.3,9.1,8.6,9.0,10.0,10.2,10.3,10.9,10.8,10.2,11.8,11.8,13.0,14.0
004099,6.6,6.9,7.1,7.1,8.2,7.5,7.9,9.3,9.2,8.5,9.3,9.0,9.5,8.9,9.2,9.1,10.4,10.1,11.3,11.9,10.8,11.2,12.2,13.7,14.0
004100,4.2,4.4,5.0,5.0,5.4,5.6,6.1,6.3,6.8,6.2,6.6,6.6,6.6,6.5,7.2,6.7,7.2,8.2,7.9,8.3,7.7,9.2,10.0,10.6,10.8
004101,6.3,7.0,7.0,7.4,8.0,8.0,9.0,8.9,9.6,9.0,9.0,9.7,9.5,9.5,9.3,9.5,9.8,10.4,11.5,11.1,10.9,11.3,12.5,12.7,13.2
004102,4.3,4.5,4.4,5.0,5.2,5.7,5.8,6.3,7.1,6.7,6.7,6.9,6.9,6.9,7.0,7.5,7.5,8.6,8.9,9.1,8.4,9.0,10.1,10.8,11.5
004103,2.1,2.0,2.0,2.0,2.4,2.4,2.5,3.2,3.0,2.6,3.3,3.1,2.9,2.6,2.9,3.4,3.9,3.8,4.1,3.9,3.7,4.3,4.7,5.8,5.6
004104,6.8,6.7,7.2,7.6,7.8,8.0,8.8,8.9,9.9,9.2,9.6,10.1,9.6,9.2,9.9,10.2,10.7,11.0,12.2,12.4,11.5,12.7,14.0,14.7,15.7
004105,5.8,5.9,6.6,6.6,7.0,7.5,7.9,8.0,8.6,8.5,8.2,8.5,8.7,8.5,9.0,9.4,9.7,10.1,11.0,10.7,10.2,11.2,12.1,13.3,13.0
004106,5.6,5.5,6.0,6.5,7.5,7.8,6.9,8.2,8.3,8.8,8.7,8.4,8.9,8.3,9.4,9.2,9.7,10.3,10.9,11.6,10.4,11.5,12.8,13.4,13.6
004107,7.9,7.8,8.2,9.6,9.5,10.6,10.5,11.2,11.5,10.8,11.2,12.0,11.7,11.9,12.1,12.4,12.8,13.3,14.3,14.6,13.7,14.8,16.0,16.8,17.8
004108,5.0,6.0,6.3,6.9,6.4,7.3,7.7,8.1,8.9,8.2,7.9,9.3,8.4,8.2,8.6,9.1,10.4,10.6,10.4,11.1,10.6,11.4,13.0,13.0,14.6
004109,4.0,3.8,4.6,4.3,5.4,5.3,5.4,5.9,6.2,6.4,6.4,6.9,6.5,6.6,6.9,6.5,7.3,7.4,8.0,8.6,8.1,8.9,9.9,9.5,10.3
004110,6.8,7.5,7.5,8.1,8.1,9.4,9.1,9.6,9.9,9.2,9.6,9.3,10.0,8.8,9.3,10.8,10.7,11.2,11.1,12.6,11.5,11.8,12.8,14.6,13.3
004111,8.2,8.9,9.4,9.3,9.6,10.0,10.3,10.6,11.5,11.1,11.7,12.1,11.8,11.8,11.8,11.9,13.1,14.0,14.2,15.2,13.7,14.9,15.8,16.9,16.2
004112,7.3,8.0,8.1,8.6,9.5,9.9,9.0,10.0,10.2,10.3,10.0,11.5,10.4,10.1,10.7,11.3,11.6,12.6,12.4,12.6,12.0,14.5,14.3,15.3,15.9
004113,6.0,6.7,7.2,7.0,7.7,7.8,8.0,8.4,8.9,8.1,8.2,9.5,8.8,8.3,8.9,9.6,9.8,10.3,10.7,11.9,10.9,11.7,12.1,13.1,13.7
004114,4.1,4.6,4.8,5.0,5.2,5.0,5.8,6.0,6.1,6.2,6.3,6.6,6.3,6.3,7.2,7.2,7.5,7.9,8.0,8.1,8.1,8.8,9.7,10.2,11.4
004115,5.5,5.8,6.3,6.3,6.7,7.3,7.4,7.9,8.1,8.0,8.2,9.0,8.6,8.9,8.9,9.0,9.6,10.4,10.7,11.1,10.5,11.3,12.1,12.7,13.1
004116,5.5,5.8,6.0,6.7,7.1,7.0,7.8,7.8,8.1,8.0,8.5,8.4,8.2,7.9,8.4,9.2,9.2,9.8,9.5,9.8,9.7,10.9,10.9,12.7,12.8
004117,5.5,6.0,6.7,6.6,6.5,7.5,8.0,7.8,8.7,8.6,8.4,9.2,9.2,8.6,9.5,9.9,9.6,10.5,10.2,11.5,10.2,11.5,12.1,13.0,13.5
004118,5.0,5.5,5.8,6.2,5.9,6.8,7.1,7.0,7.5,7.3,7.7,7.4,7.8,7.6,7.9,7.5,8.5,8.4,9.9,9.3,8.5,9.9,10.2,11.0,11.7
004119,6.3,6.1,7.0,7.0,7.4,7.6,8.3,8.9,8.7,8.1,8.7,9.1,9.0,9.0,9.3,9.8,9.6,10.2,10.8,11.1,9.7,11.1,11.9,13.9,13.9
004120,4.7,5.2,5.2,5.9,6.4,6.7,6.7,7.6,7.5,6.8,7.6,7.9,7.4,7.6,7.9,8.8,9.0,9.3,9.9,9.6,9.3,10.1,11.4,11.8,12.2
004121,4.8,4.7,5.7,5.5,5.7,6.4,6.5,7.1,7.0,7.2,7.9,7.5,7.7,7.3,8.0,7.9,8.3,8.6,9.4,9.7,8.7,9.8,11.0,12.0,12.6
004122,3.3,3.4,3.9,4.2,4.5,4.4,4.6,5.3,5.6,5.1,5.7,5.3,6.0,5.6,6.0,6.2,6.4,6.7,7.3,7.3,6.9,7.9,8.5,9.8,9.4
004123,4.5,4.8,5.4,6.1,5.7,5.7,7.0,7.1,7.2,7.2,7.9,8.2,8.1,7.5,7.9,8.5,9.4,8.9,10.1,10.5,9.5,10.4,11.6,11.6,13.3
004124,5.7,6.1,6.4,6.2,6.7,7.2,8.0,8.5,8.5,8.0,8.1,8.5,8.5,8.2,8.8,9.3,9.4,10.7,10.5,10.5,9.9,11.5,12.0,12.5,12.1
004125,6.8,6.9,7.1,7.3,7.9,8.0,8.3,8.8,9.7,9.6,10.1,10.3,10.5,9.3,9.6,10.3,11.2,11.9,11.6,12.6,11.5,13.2,14.2,15.6,15.3
004126,4.2,5.1,5.2,5.3,5.5,6.0,6.4,6.6,7.1,7.0,7.3,7.6,7.4,7.3,7.6,8.3,8.1,8.8,8.4,9.1,8.6,9.5,10.6,10.7,11.6
004127,6.5,6.2,7.2,7.5,7.9,8.0,8.1,8.8,8.9,8.7,9.7,9.6,8.9,9.4,9.2,9.5,10.1,9.6,11.2,10.4,10.1,11.3,12.6,13.5,13.6
004128,4.9,5.7,6.0,5.9,6.2,6.2,6.5,7.6,7.9,7.6,7.8,8.2,8.3,7.9,8.0,8.9,8.2,9.4,10.2,10.3,9.6,9.8,11.4,12.0,12.4
004129,4.8,5.0,5.9,5.8,6.2,6.6,6.6,7.0,7.9,7.3,7.9,8.2,8.0,7.3,7.8,8.3,8.2,9.1,8.9,9.8,9.0,10.0,11.3,11.8,12.0
004130,5.9,6.9,6.5,7.2,7.6,8.5,8.2,8.4,8.4,8.9,8.5,9.7,9.1,9.1,9.2,9.2,11.0,10.7,10.2,11.8,10.9,10.9,12.0,12.6,13.1
004131,7.3,7.5,8.2,8.8,9.0,9.4,9.6,10.5,11.2,10.8,10.9,11.2,10.8,11.1,10.8,11.2,12.2,12.4,12.6,12.7,13.1,13.6,14.7,14.7,15.8
004132,5.7,6.3,6.3,6.8,6.6,8.0,7.6,7.8,8.9,8.4,8.9,8.5,8.5,8.6,8.7,8.6,9.5,10.1,10.9,11.0,9.4,10.8,11.1,12.5,14.3
004133,3.4,4.0,4.0,4.4,4.6,4.5,5.1,4.9,5.5,5.4,5.5,5.5,5.3,5.5,5.8,5.8,6.4,6.5,6.9,7.0,7.0,7.7,8.3,8.4,9.2
004134,3.2,4.0,3.7,4.1,4.5,4.9,5.3,5.4,5.7,5.8,5.5,6.4,5.6,5.9,6.3,5.8,6.7,6.7,7.9,7.7,7.1,7.9,8.5,8.8,9.8
004135,7.1,7.1,8.3,8.5,8.5,8.7,9.1,10.2,10.4,9.9,9.7,10.5,10.3,10.4,10.2,11.5,11.2,10.9,11.5,12.6,11.5,12.5,13.9,14.9,14.9
004136,5.7,6.0,6.6,6.5,6.9,7.5,7.8,8.1,8.3,8.2,8.3,8.4,8.6,8.3,8.7,8.8,9.2,9.7,9.8,10.4,9.6,10.4,11.1,11.9,13.0
004137,4.2,4.3,4.6,4.9,5.2,5.2,5.8,5.8,6.5,5.9,6.1,6.6,6.2,5.8,6.7,6.8,7.0,7.0,7.7,7.3,7.2,7.7,9.1,9.4,10.1
004138,3.4,3.8,4.0,4.5,4.7,5.2,4.7,5.3,5.5,5.7,5.4,6.1,5.5,6.1,6.1,6.4,7.1,6.8,6.8,7.4,7.0,8.0,8.5,9.3,9.4
004139,5.1,5.0,5.5,5.7,5.6,6.1,6.5,6.7,7.4,6.7,6.6,7.8,7.0,7.0,7.2,7.9,7.8,8.0,8.6,9.2,8.1,9.2,10.0,10.6,11.0
004140,4.3,4.7,5.0,5.2,5.4,5.9,5.8,6.1,7.1,6.3,7.1,7.4,7.1,6.9,7.3,7.6,8.3,8.4,8.2,9.0,8.4,9.1,9.7,10.6,10.8
004141,4.1,4.0,4.2,4.2,4.3,4.9,4.8,5.3,5.7,5.5,5.7,6.0,5.8,5.3,5.8,6.1,6.1,6.9,6.9,7.3,6.4,7.3,8.3,8.7,8.9
004142,5.5,5.7,5.9,6.2,6.6,7.0,7.5,7.3,7.5,7.3,8.1,7.4,7.9,7.5,7.5,8.6,8.5,9.2,9.3,10.4,9.4,9.8,10.9,11.2,12.2
004143,2.5,2.6,3.1,3.0,3.0,3.7,4.0,3.9,4.4,4.5,4.4,4.9,4.6,4.6,4.7,4.7,5.3,5.4,6.3,6.3,5.8,6.6,7.2,8.2,9.0
004144,4.6,5.0,5.4,5.4,5.8,6.1,6.7,6.5,6.7,6.8,6.8,7.6,6.9,6.6,7.5,7.4,8.2,8.3,8.3,9.0,8.2,8.9,9.6,11.2,11.5
004145,2.9,3.3,3.7,4.3,4.0,4.6,4.8,5.2,5.0,5.1,5.7,5.9,5.7,5.8,6.4,6.2,6.7,7.1,6.8,7.9,7.3,7.3,8.5,9.1,10.2
004146,5.7,6.4,6.9,7.1,7.2,7.4,7.6,8.7,9.0,8.3,9.0,8.8,8.7,9.3,8.9,9.9,9.7,10.9,11.5,11.5,10.2,11.5,12.4,12.9,14.2
004147,4.2,4.4,4.9,4.7,5.5,5.7,5.9,6.6,6.6,6.4,7.0,7.5,7.6,6.6,7.1,7.5,8.0,8.4,8.9,9.0,8.2,8.8,10.6,10.7,11.4
004148,4.3,4.9,4.9,5.4,6.1,6.2,6.4,7.2,8.0,7.0,7.7,7.5,7.3,7.1,7.8,8.5,9.0,9.3,9.5,9.8,9.1,10.4,11.1,12.5,13.1
004149,5.7,6.1,6.1,7.2,7.4,8.2,7.8,8.6,8.8,8.7,9.4,8.8,8.6,8.8,8.8,9.5,10.1,10.2,10.7,11.7,11.0,12.0,13.1,13.3,13.6
004150,4.5,4.8,4.9,5.6,5.4,5.8,6.4,6.4,6.6,6.4,6.6,6.4,6.4,6.4,6.5,6.9,7.8,7.7,8.2,8.5,7.8,8.7,9.3,10.2,10.8
004151,8.0,8.2,8.9,9.4,9.8,10.0,10.9,11.6,10.9,10.7,11.3,13.1,11.9,11.6,12.2,12.4,12.2,13.5,13.6,14.2,13.2,15.0,15.8,16.3,16.9
004152,4.0,4.2,4.3,4.5,5.2,5.3,5.4,6.3,6.1,5.7,6.1,6.1,6.7,6.3,6.3,6.8,7.6,7.8,7.8,8.1,7.3,8.1,9.0,10.2,10.9
004153,5.2,6.1,6.0,5.9,6.7,6.7,7.2,7.6,7.9,7.5,7.6,8.7,7.9,7.6,8.7,8.3,9.3,9.2,9.9,10.3,9.9,9.7,10.7,12.2,13.2
004154,5.6,5.5,6.7,6.1,7.3,7.2,8.2,8.0,8.9,8.2,8.8,8.5,9.0,8.8,8.5,9.1,9.9,10.1,10.0,11.0,10.3,10.8,12.5,13.5,13.3
004155,7.6,8.5,8.6,8.8,8.8,9.1,9.5,9.9,10.7,9.9,10.9,11.6,11.3,10.2,11.2,10.8,11.8,12.8,12.6,13.3,12.1,13.1,14.9,14.8,15.9
004156,7.2,7.6,7.3,7.5,8.5,8.8,8.4,9.0,9.3,8.9,9.5,9.8,8.9,9.8,10.1,10.2,10.0,10.4,11.2,12.1,11.2,12.0,13.1,13.3,14.2
004157,5.5,6.2,6.0,6.8,6.6,7.3,7.9,8.2,8.4,7.7,8.4,9.4,8.6,8.6,9.0,10.0,9.6,10.4,10.5,10.1,10.4,11.0,12.1,12.9,13.0
004158,3.2,3.4,3.2,3.7,3.8,4.4,4.7,4.6,5.0,4.5,4.6,5.1,5.2,5.0,5.5,5.1,5.8,6.6,6.4,6.6,6.5,7.4,7.5,9.0,9.2
004159,7.0,7.3,8.0,8.3,8.2,8.4,8.6,9.5,9.3,9.3,9.9,10.2,10.1,9.7,10.4,10.9,11.3,11.2,11.4,11.4,11.3,12.9,13.8,14.8,14.3
004160,3.5,3.4,3.4,4.1,4.3,4.6,5.0,5.4,5.4,5.1,5.5,5.9,5.9,5.7,5.6,6.7,6.6,6.5,7.0,7.8,7.1,7.3,8.5,9.2,9.2
004161,3.5,3.6,3.4,4.1,4.8,4.6,4.7,5.6,5.7,5.1,5.5,6.0,5.6,5.7,6.1,6.4,6.7,6.6,7.2,7.4,7.0,7.6,7.7,9.2,9.7
004162,4.2,4.4,5.1,5.3,5.4,5.4,6.4,5.9,7.0,6.3,6.6,7.1,7.0,6.8,6.7,7.6,8.1,7.9,8.4,8.9,8.3,9.0,9.6,10.6,11.4
004163,3.3,3.7,4.1,4.1,4.4,4.6,4.9,5.5,5.6,5.2,5.2,5.9,5.8,5.8,5.8,5.9,6.5,6.4,7.1,7.8,6.6,7.9,9.7,9.4,10.1
004164,4.0,4.4,5.3,5.0,5.2,5.6,6.0,6.3,6.2,6.5,6.6,7.1,6.4,6.1,6.3,7.2,7.4,7.5,8.0,9.1,7.6,8.8,9.5,10.5,10.8
004165,8.3,8.8,8.6,9.2,9.5,9.7,10.7,11.0,11.1,10.6,10.7,11.8,11.9,11.2,11.3,12.1,12.9,12.9,12.7,13.5,11.5,13.6,14.9,15.4,16.5
004166,5.6,5.4,6.0,6.1,6.5,7.7,8.0,8.0,8.3,7.7,8.5,8.6,8.3,8.0,8.4,9.2,9.2,10.0,11.0,11.2,10.2,10.8,12.3,12.8,14.5
004167,4.5,4.8,5.0,5.6,5.6,6.2,6.4,6.7,7.0,7.3,6.7,7.0,7.0,6.9,7.5,7.5,7.2,7.9,9.0,8.8,7.9,9.5,9.2,10.7,11.6
004168,4.7,5.2,5.2,5.1,5.9,6.0,6.5,6.9,6.7,6.2,6.9,6.9,7.2,6.5,7.3,7.4,8.1,8.2,8.2,8.0,8.4,8.7,9.8,10.5,10.0
004169,7.5,8.5,9.0,9.7,9.8,9.8,10.8,11.4,11.6,10.3,11.6,12.2,11.9,11.2,11.8,12.5,12.3,13.3,13.3,14.5,14.0,14.6,16.4,16.1,17.9
004170,7.4,7.8,7.8,8.2,8.4,9.6,9.6,9.8,10.5,9.5,10.3,10.8,10.7,9.5,11.0,11.3,11.3,11.9,12.1,13.1,11.4,13.0,13.2,14.2,15.1
004171,7.1,7.5,8.0,8.6,8.5,9.5,9.6,9.7,10.8,9.9,10.7,11.2,11.3,10.7,11.5,11.5,11.5,12.7,12.2,13.2,12.6,14.0,14.2,15.8,16.0
004172,4.5,4.8,5.4,5.3,5.9,6.2,6.1,6.4,7.0,6.8,6.8,7.8,7.4,6.9,7.4,7.3,8.2,8.1,8.3,8.5,8.7,9.8,10.2,10.8,11.1
004173,5.7,5.6,6.5,7.0,7.3,7.5,7.5,9.1,9.2,8.5,8.9,9.4,8.7,8.6,9.2,9.2,10.3,10.2,10.9,11.1,10.2,11.2,12.2,13.2,12.7
004174,3.2,3.5,4.0,3.8,4.4,4.4,4.5,4.5,5.0,4.6,5.2,5.9,4.8,5.5,5.7,5.4,6.0,6.7,7.4,7.0,6.5,7.8,7.5,9.2,9.5
004175,7.1,7.7,7.5,8.6,8.5,9.7,9.7,9.8,10.5,10.2,11.0,11.1,10.0,9.9,10.9,11.0,11.5,12.4,12.2,12.7,12.5,12.6,14.3,15.7,16.1
004176,5.4,5.9,5.9,6.4,6.6,7.2,8.2,7.5,8.2,8.1,8.3,8.6,8.4,8.2,7.9,8.8,9.7,9.5,10.5,10.3,9.9,10.5,11.4,12.0,12.1
004177,4.3,4.0,4.6,5.1,5.2,5.3,5.5,5.6,6.2,5.6,6.3,6.5,6.2,6.0,6.2,6.7,6.7,7.0,7.3,7.8,7.2,7.6,8.9,9.5,9.9
004178,3.9,4.0,4.0,4.5,5.2,5.7,5.5,5.4,6.1,5.5,6.3,6.3,6.4,6.4,6.2,6.6,7.3,7.4,7.4,8.1,7.7,8.4,9.7,9.5,10.2
004179,4.2,4.5,4.5,4.8,4.5,5.6,6.3,5.7,6.8,5.9,6.5,7.2,5.8,6.0,6.0,7.4,7.7,7.8,8.2,8.6,8.3,9.1,10.1,10.5,11.4
004180,2.8,3.4,3.4,3.4,3.6,4.2,4.0,4.8,4.1,4.4,4.6,5.0,4.5,4.4,4.8,5.0,5.5,5.9,6.0,6.6,5.9,6.6,6.7,7.6,7.8
004181,5.0,5.1,5.1,5.5,5.7,6.1,6.2,7.2,7.5,6.7,7.3,7.6,7.6,7.0,7.8,7.8,8.6,8.6,8.8,9.3,8.6,9.1,9.9,11.5,11.7
004182,4.4,4.8,5.1,5.6,5.9,5.6,5.9,6.7,6.8,6.4,6.3,7.4,6.9,6.6,7.1,7.3,7.8,8.4,8.8,9.6,8.2,9.1,9.9,11.0,11.7
004183,5.6,6.1,6.0,6.7,6.6,6.8,7.8,8.1,8.2,7.7,7.9,8.3,8.3,8.2,9.0,8.8,9.4,10.3,9.4,10.2,9.8,11.0,11.4,11.6,12.9
004184,5.2,5.8,6.2,6.1,6.9,7.1,7.5,7.0,7.8,8.0,8.1,9.0,8.3,7.9,8.3,9.0,9.9,9.1,9.8,10.5,9.3,11.1,11.9,12.4,12.8
004185,3.2,3.2,3.4,3.4,3.9,4.3,4.3,4.6,5.0,4.8,5.2,5.1,5.3,5.1,5.5,6.0,5.9,6.1,6.3,7.1,6.8,7.1,8.1,8.9,9.1
004186,3.8,3.8,4.4,4.5,5.1,5.2,5.6,6.2,6.2,5.6,6.6,6.7,6.4,6.3,6.1,7.0,7.0,7.5,7.8,8.8,7.7,9.0,9.6,10.0,11.5
004187,5.7,6.0,5.8,6.9,6.4,7.1,7.6,8.0,8.1,7.4,8.1,8.1,8.0,8.0,8.4,8.2,9.1,9.4,9.4,10.4,9.4,10.4,10.5,12.4,12.5
004188,5.3,5.2,5.9,6.3,6.5,6.2,7.2,8.2,8.6,7.5,7.9,8.1,8.2,7.7,8.5,8.8,9.7,9.4,9.6,10.6,9.6,11.5,11.6,12.8,12.7
004189,5.6,5.8,6.4,6.0,6.8,7.0,7.5,7.5,8.1,7.6,7.6,7.7,8.2,7.8,7.8,8.2,8.8,10.1,10.0,10.3,9.7,10.6,11.1,12.4,12.5
004190,4.6,4.9,6.1,6.0,6.3,6.6,6.8,7.1,7.8,7.5,7.4,8.3,7.5,7.7,8.5,8.0,8.6,9.2,9.3,9.5,8.8,10.0,10.4,11.3,11.6
004191,8.1,8.3,8.9,9.2,9.2,10.1,10.3,11.1,11.0,10.7,10.7,11.6,11.2,10.8,11.5,12.4,11.8,12.4,13.6,13.2,12.5,13.0,15.5,15.1,16.8
004192,3.8,3.9,4.5,4.6,5.1,5.1,5.0,5.2,5.1,5.3,5.5,5.5,5.7,5.5,5.3,6.0,6.1,6.1,6.5,6.7,6.3,7.4,8.1,8.5,8.9
004193,5.5,5.3,5.8,6.1,6.6,6.3,6.7,7.5,7.8,7.1,8.1,8.7,7.8,7.5,7.7,8.5,8.6,9.8,9.9,10.0,9.3,10.3,11.0,11.9,12.9
004194,4.9,5.4,5.9,5.9,6.0,6.7,6.8,7.5,7.6,7.0,7.4,7.2,8.0,7.3,7.9,8.5,8.3,9.1,9.4,9.7,9.0,9.5,10.9,11.7,11.7
004195,7.1,7.3,7.6,8.5,8.6,9.2,9.7,9.6,10.0,9.7,9.8,10.7,9.8,10.0,10.4,11.1,11.8,11.9,12.5,12.1,11.8,12.3,14.0,14.4,15.0
004196,2.3,3.1,3.3,3.5,3.6,4.2,4.4,5.0,5.2,4.7,5.0,5.3,5.6,5.2,5.3,5.7,6.6,7.1,6.9,7.3,6.1,7.4,8.4,9.5,9.6
004197,6.0,6.1,6.5,6.2,7.1,7.4,7.5,7.8,8.3,7.6,8.5,8.6,8.2,8.3,8.2,8.6,9.3,9.5,10.3,10.3,9.5,11.0,11.7,12.0,12.7
004198,5.3,5.8,5.5,5.5,6.2,6.4,7.3,6.9,7.6,7.6,7.5,8.0,8.0,7.3,8.2,8.5,8.7,9.1,9.6,9.6,9.4,10.1,10.9,11.6,12.3
004199,4.7,5.0,4.9,5.7,6.1,6.4,6.4,6.8,7.8,6.4,7.2,7.4,7.9,7.4,7.9,8.2,8.6,9.0,9.5,9.1,8.8,10.2,10.5,11.6,11.4
004200,5.8,6.4,6.1,6.7,7.5,7.7,7.7,8.2,9.0,7.9,8.9,9.2,9.1,9.3,8.5,9.9,10.6,10.2,10.3,11.2,10.4,10.9,12.1,13.8,13.7
004201,4.6,4.7,4.9,5.4,4.9,5.7,6.1,6.8,6.7,6.5,6.5,7.4,7.0,7.1,7.0,7.7,8.1,8.9,8.9,8.9,8.5,9.4,10.3,11.6,11.8
004202,6.8,7.1,7.1,7.5,8.5,8.2,8.3,9.3,9.3,9.0,10.3,10.4,9.7,9.3,10.2,10.5,10.2,10.7,11.6,12.0,11.2,12.7,13.2,13.9,14.3
004203,4.3,4.5,4.7,5.3,4.9,5.8,6.0,6.4,6.2,6.2,6.5,6.7,7.2,6.3,6.8,7.5,7.8,7.9,8.2,8.8,8.2,9.2,9.4,10.4,10.8
004204,5.0,5.4,5.6,5.4,5.8,6.3,6.1,7.1,7.5,7.4,7.3,7.8,7.2,7.2,7.7,8.0,8.7,9.3,9.2,10.0,8.6,10.3,10.9,11.2,11.4
004205,6.7,7.8,8.4,8.8,9.0,9.9,10.6,10.6,10.4,10.1,11.1,11.7,11.6,11.2,11.6,11.5,11.8,12.4,12.7,13.3,13.0,13.5,14.9,15.3,16.3
004206,7.2,7.8,8.0,8.4,8.8,9.3,9.9,9.9,10.2,9.7,10.3,10.9,10.2,10.3,10.4,10.6,11.6,11.5,12.3,13.5,12.0,12.6,14.4,15.0,16.0
004207,5.1,5.0,5.9,5.7,5.7,6.7,7.2,7.6,7.7,7.6,7.0,7.9,8.1,7.9,7.9,8.8,8.5,9.5,9.9,9.7,9.0,10.3,11.3,11.7,11.9
004208,2.6,2.8,3.0,3.8,4.0,4.1,4.6,4.5,4.4,4.6,4.8,5.7,5.1,5.0,5.5,5.8,6.1,6.3,6.6,7.1,6.4,7.0,8.0,8.7,9.3
004209,8.3,8.5,8.8,10.0,10.2,10.4,11.3,11.3,11.0,11.0,11.0,11.9,11.8,11.4,12.1,12.5,12.5,13.1,13.2,14.3,12.9,14.1,15.4,16.1,16.2
004210,7.4,6.7,7.2,7.6,8.2,8.2,9.7,9.8,9.9,10.4,10.5,11.1,10.6,10.2,10.5,11.4,11.0,11.6,12.8,12.9,11.8,12.7,14.7,14.9,15.5
004211,4.7,4.7,5.5,5.3,5.9,6.1,6.3,6.5,6.8,6.5,7.3,7.5,7.3,6.7,7.7,7.6,8.2,8.0,9.2,9.6,8.5,9.8,10.4,11.3,11.3
004212,6.5,6.6,6.6,7.0,7.5,7.9,7.4,8.3,8.5,8.1,8.9,8.8,9.0,9.0,9.1,9.6,9.8,10.3,10.2,10.7,10.7,11.3,11.5,13.1,12.6
004213,4.9,5.8,5.9,6.2,6.9,6.6,7.2,7.5,8.3,7.7,8.1,8.2,8.1,8.1,8.1,8.6,8.6,9.7,9.4,9.7,9.5,10.2,11.2,11.4,12.3
004214,5.5,5.7,5.6,6.1,7.0,6.6,6.9,7.5,8.1,7.6,7.5,8.3,8.2,7.7,8.6,8.6,8.5,10.0,10.1,10.8,9.6,10.5,12.7,13.1,12.8
004215,7.0,7.4,7.3,7.6,8.4,8.6,9.0,9.7,10.2,9.7,9.5,10.3,10.3,9.9,10.3,10.5,10.9,11.5,11.9,12.3,12.1,13.4,13.1,14.2,15.6
004216,4.6,4.5,5.4,5.0,5.5,5.7,5.9,6.0,6.1,6.2,7.0,6.5,7.1,7.0,6.6,7.0,7.7,8.5,8.4,8.3,8.1,8.9,9.4,10.7,10.7
004217,5.3,5.9,6.0,6.5,6.7,7.3,7.2,7.3,8.9,7.4,8.5,8.4,8.5,7.9,9.0,8.6,9.6,9.4,9.8,10.5,9.5,11.0,11.9,12.3,12.0
004218,6.1,6.0,6.2,6.9,7.1,7.3,7.8,8.3,8.8,9.0,8.7,9.2,8.7,8.6,8.8,10.0,10.0,10.6,10.6,11.6,10.7,12.9,12.9,14.4,13.4
004219,4.3,4.5,4.7,4.9,5.3,5.8,5.5,6.0,6.0,5.9,6.4,6.8,6.5,6.0,6.4,6.9,7.4,7.7,7.4,8.2,7.6,8.0,9.5,10.0,10.5
004220,6.1,6.7,6.8,7.3,7.6,8.0,8.5,8.8,9.2,8.9,9.3,9.6,8.8,9.0,9.5,9.7,10.4,11.7,11.5,10.8,10.4,12.2,12.5,13.4,14.7
004221,4.1,4.2,5.1,4.8,5.5,5.4,5.9,6.3,7.2,6.2,7.6,7.4,6.9,6.6,6.8,8.0,7.9,8.1,8.6,9.0,8.5,9.7,10.6,10.9,12.2
004222,5.7,6.3,6.4,7.1,7.3,7.9,7.9,9.0,9.1,9.0,9.2,9.1,8.7,8.6,9.9,10.5,10.8,10.5,10.8,12.4,10.7,12.6,12.7,13.5,13.8
004223,5.2,5.4,5.7,5.8,5.8,6.0,7.6,7.1,7.6,7.0,8.2,7.8,8.2,8.0,7.9,8.3,8.5,9.8,9.2,10.0,9.4,10.7,11.0,12.2,11.9
004224,4.7,4.9,5.3,5.7,6.1,6.6,6.7,6.9,6.9,7.0,7.6,7.3,7.6,7.0,7.1,8.5,8.2,8.4,8.6,9.3,7.8,9.5,9.8,11.2,11.8
004225,6.4,7.0,6.9,7.7,7.8,8.3,8.0,8.2,9.1,8.7,9.5,9.4,9.4,8.9,9.5,9.7,10.4,10.4,10.9,11.1,10.6,11.1,12.6,13.3,13.6
004226,9.0,9.1,10.3,10.6,10.4,11.6,11.9,12.7,12.8,12.5,13.1,13.7,12.7,11.4,13.4,13.9,13.9,14.7,15.2,16.5,15.5,16.1,17.4,18.2,18.4
004227,3.6,3.7,4.1,4.4,4.5,4.9,5.0,5.1,5.9,5.5,5.9,5.7,5.4,5.6,6.3,5.9,6.5,7.4,7.3,7.6,7.3,7.4,8.6,9.2,9.6
004228,3.2,3.7,4.4,4.4,4.0,5.2,5.1,6.1,5.6,5.6,6.1,6.5,6.6,5.5,6.7,6.8,6.7,8.1,8.3,8.5,8.0,9.0,9.2,10.0,11.0
004229,6.4,7.1,7.8,8.4,8.2,8.5,8.9,9.1,9.8,9.5,9.5,10.2,9.7,10.2,10.1,10.4,11.1,11.1,11.4,12.4,11.1,12.0,13.0,13.8,14.2
004230,3.5,3.6,3.9,4.3,4.6,4.9,5.4,5.4,5.5,5.5,5.8,6.0,5.9,6.0,6.1,6.5,6.4,7.0,7.4,7.3,7.1,7.8,9.3,9.6,10.0
004231,6.9,7.2,7.5,7.8,8.1,8.5,9.4,9.6,9.6,8.8,9.9,10.7,9.8,9.5,10.1,10.0,10.6,11.2,11.9,11.9,11.3,12.7,13.1,13.5,14.2
004232,5.6,5.9,6.5,7.0,7.8,7.4,8.0,7.9,9.1,8.6,9.2,8.8,9.2,8.6,9.1,9.3,9.7,10.6,10.5,10.2,11.0,11.9,12.8,13.6,13.9
004233,5.1,5.5,5.3,5.8,5.9,7.0,6.5,7.0,7.2,7.1,7.7,7.7,7.1,7.6,8.0,8.3,8.3,8.7,8.9,9.1,8.6,9.1,10.1,11.1,11.4
004234,3.4,3.8,4.5,4.3,4.4,5.0,4.9,5.5,5.6,5.6,5.8,5.9,6.0,6.1,6.3,6.4,6.9,6.9,7.9,7.9,7.5,8.0,9.2,9.7,10.0
004235,4.7,5.0,5.5,5.9,6.1,6.3,6.6,7.2,7.6,7.1,7.5,6.8,7.6,7.0,7.9,8.5,8.4,8.4,9.5,9.3,9.3,10.1,10.9,11.8,12.0
004237,3.3,3.6,3.6,4.1,4.2,4.5,4.9,5.2,5.4,4.9,5.5,5.8,5.3,5.9,5.8,6.2,6.9,7.0,7.8,7.7,7.5,8.0,9.5,9.5,9.8
004238,5.4,6.0,6.4,6.7,6.9,6.9,7.0,7.8,8.4,7.8,8.2,9.4,8.2,8.5,8.9,9.1,9.5,9.7,10.3,10.8,9.8,11.1,11.9,12.5,12.8
004239,6.6,6.6,6.9,7.6,8.1,8.1,8.2,8.8,9.4,8.6,9.3,9.8,10.1,9.8,9.8,9.9,10.2,11.2,11.1,11.4,10.5,11.8,12.8,13.7,13.8
004240,5.5,6.0,6.2,6.1,6.2,6.8,7.8,7.4,8.4,7.8,7.9,8.1,8.3,8.0,7.9,9.0,9.3,9.4,10.1,10.1,9.6,11.0,11.7,13.2,13.2
004241,5.9,5.6,6.4,6.3,7.6,7.3,7.6,7.6,9.2,8.8,8.7,9.4,9.0,8.8,10.4,9.6,9.7,11.1,11.7,11.9,11.2,12.0,13.1,14.0,15.1
004242,3.0,2.9,3.3,3.6,4.0,3.9,4.3,5.0,4.8,4.8,5.3,5.0,5.5,5.1,6.0,5.7,6.3,6.5,6.9,7.1,7.0,7.2,8.2,8.6,9.1
004243,4.9,5.7,5.8,6.2,6.4,6.8,6.7,7.4,7.6,7.5,7.6,8.4,7.9,7.6,8.1,8.5,9.1,9.5,10.1,9.8,10.1,10.9,11.4,12.6,12.5
004244,4.5,4.6,5.2,5.5,5.9,5.4,6.5,6.4,6.6,6.4,7.0,6.9,6.7,6.8,7.5,7.6,8.5,8.6,8.2,9.1,8.6,9.0,10.1,11.0,11.7
004245,5.3,5.6,6.0,6.3,6.3,6.9,7.1,7.1,7.5,7.1,7.6,7.8,7.8,8.1,8.2,8.6,8.9,9.0,9.7,9.6,9.3,10.4,10.6,12.0,12.0
004246,4.7,4.9,5.2,5.2,6.1,5.8,6.6,6.6,6.8,6.8,6.7,7.6,6.8,6.8,7.8,7.7,7.7,8.4,9.0,8.8,8.0,9.3,10.6,10.6,11.4
004247,4.8,4.9,5.6,5.4,5.8,5.9,6.6,7.3,7.0,7.1,7.4,8.0,7.0,6.9,7.6,7.9,8.0,9.2,8.8,10.1,8.7,9.7,10.2,11.4,11.8
004248,5.5,6.1,5.8,6.1,6.7,7.0,7.5,7.9,8.2,9.0,8.4,8.9,8.8,8.7,8.7,9.0,9.3,10.0,10.4,11.0,10.5,11.0,12.5,13.3,13.2
004249,2.7,3.1,3.1,3.7,3.7,4.0,4.1,4.7,5.0,5.1,4.8,5.7,5.4,4.8,5.8,5.2,5.7,6.6,6.5,7.3,6.8,7.5,8.2,9.3,9.3
004250,7.0,7.3,7.5,7.7,8.7,8.9,9.0,9.7,10.0,9.9,9.3,10.0,10.0,10.2,10.6,11.2,11.1,11.1,11.6,12.3,11.6,12.5,14.0,14.5,14.4
005001,6.5,6.1,7.3,7.4,7.7,7.9,8.7,8.6,8.9,8.0,9.1,9.2,8.9,9.0,9.7,10.2,10.6,10.9,11.2,11.5,11.5,11.1,12.4,13.4,13.5
005002,5.1,5.6,5.8,5.9,6.8,6.9,7.0,6.7,8.3,6.8,7.5,7.6,7.9,7.7,8.1,8.0,8.8,8.7,9.2,9.8,8.4,10.2,10.9,11.1,11.5
005003,6.1,6.7,7.7,7.7,7.8,8.4,8.4,9.2,9.3,8.6,9.4,10.0,9.3,9.8,10.1,10.3,10.9,11.4,11.3,11.2,11.2,12.4,13.3,14.0,13.9
005004,6.1,6.5,7.0,7.5,8.1,8.1,8.1,8.7,9.7,9.2,9.5,9.1,9.3,9.2,10.1,9.5,10.5,10.6,11.3,11.7,11.2,11.7,12.9,13.5,13.8
005005,5.6,6.2,6.4,6.3,7.0,7.6,7.8,7.7,8.7,8.0,8.4,9.5,9.2,7.9,9.0,9.3,9.3,10.2,10.7,11.4,9.9,10.4,11.5,13.5,13.4
005006,4.8,5.0,5.4,5.7,6.1,6.9,7.4,7.1,8.2,7.5,8.0,8.0,7.6,7.2,7.9,8.1,8.8,8.5,10.0,10.1,9.5,10.7,11.8,11.9,13.0
005007,4.1,4.4,4.4,4.7,5.3,5.9,5.8,6.5,6.5,6.0,6.4,7.1,6.4,6.2,6.5,6.8,7.3,7.2,8.3,8.0,7.8,8.9,8.8,10.9,10.5
005008,5.0,5.1,5.7,5.7,6.4,6.1,7.3,7.2,8.1,7.5,7.4,8.0,8.2,7.9,8.0,8.4,8.6,9.8,10.1,10.4,10.3,10.5,11.9,12.2,12.9
005009,7.1,7.3,7.6,8.2,8.5,9.2,9.7,10.1,10.5,10.3,10.1,10.6,10.5,10.5,10.6,11.0,11.8,11.7,12.4,12.4,11.9,13.6,13.8,16.4,15.6
005010,3.8,3.5,4.0,4.4,4.9,4.9,4.9,5.7,5.8,5.2,5.9,6.2,6.1,5.5,6.0,6.8,6.9,7.2,7.1,7.9,7.1,8.2,9.1,10.2,9.7
005011,4.8,4.9,5.4,5.8,5.9,6.5,6.7,6.9,7.4,6.9,7.6,8.0,7.2,7.5,7.8,8.1,8.5,8.3,9.2,9.5,9.0,9.4,11.2,11.6,11.4
005012,3.0,3.1,3.4,3.6,4.0,4.3,4.5,4.5,5.1,4.9,4.7,5.4,5.4,5.1,5.3,6.1,6.0,6.6,7.0,7.3,6.6,7.2,8.4,9.0,9.1
005013,6.5,6.7,7.0,7.1,8.0,9.0,8.9,8.8,9.5,8.5,10.3,9.8,10.4,9.8,10.0,10.2,10.6,11.0,12.0,12.5,11.3,12.0,13.2,14.2,15.2
005014,4.4,4.6,4.6,5.0,5.3,5.5,6.0,6.2,6.8,6.5,7.0,7.0,6.6,6.7,6.6,7.1,7.6,7.7,8.7,8.5,8.5,9.4,9.4,10.4,10.9
005015,6.7,7.6,7.3,7.9,8.6,8.9,9.4,10.0,9.5,9.7,9.6,10.5,10.5,9.9,10.5,11.2,11.0,12.2,12.8,12.9,11.5,13.0,13.4,15.0,15.5
005016,7.8,9.0,8.7,9.3,10.1,9.4,10.4,10.9,11.5,10.4,10.9,10.8,11.1,11.0,11.8,11.8,12.4,11.9,12.5,13.6,12.1,13.0,14.2,15.4,16.0
005017,4.6,4.7,4.9,4.8,5.6,5.8,5.8,6.1,6.4,6.1,6.9,6.9,6.9,6.9,7.0,7.6,7.7,7.7,8.1,8.5,8.1,8.7,9.5,10.0,10.8
005018,4.1,4.3,4.3,4.8,5.6,5.1,5.4,5.4,6.0,5.7,6.4,6.1,5.8,6.1,6.2,6.8,6.6,7.2,7.5,8.3,7.6,8.1,9.0,10.1,10.5
005019,5.2,5.5,5.8,5.9,6.4,6.9,6.9,7.3,7.6,7.9,7.7,8.0,8.0,7.9,7.9,8.7,8.9,9.1,9.3,9.9,9.3,10.2,11.3,11.5,11.8
005020,6.1,6.7,6.1,7.3,7.1,7.8,7.8,8.4,9.0,8.2,8.6,9.4,9.2,8.7,8.9,9.2,10.4,10.6,10.1,11.2,10.3,10.7,11.7,13.1,13.0
005021,4.5,4.8,5.4,5.2,5.6,5.8,6.2,7.2,7.9,7.0,7.3,7.9,7.9,7.0,7.7,8.1,8.3,8.7,8.6,9.2,9.4,9.8,10.4,11.5,12.0
005022,4.5,4.5,4.7,5.0,5.2,5.1,5.4,6.1,6.1,6.3,6.1,6.8,6.4,6.0,6.8,7.0,6.9,7.3,7.5,7.9,7.7,8.2,9.2,8.9,9.7
005023,4.4,4.6,4.4,4.7,5.3,5.8,5.5,5.9,6.6,6.2,6.2,6.7,6.6,6.2,6.2,6.9,7.9,7.4,7.9,8.6,7.6,8.1,9.5,9.8,10.4
005024,6.9,7.1,6.9,8.2,8.5,8.7,9.2,9.9,10.4,9.7,10.6,10.1,10.2,10.0,9.9,10.9,10.7,12.0,12.4,12.7,11.2,12.7,14.2,16.0,15.5
005025,3.8,3.9,4.4,4.7,5.0,5.5,5.4,5.5,6.1,6.4,6.3,6.7,7.0,6.4,6.8,7.0,7.5,7.3,8.3,8.0,8.1,8.8,9.3,9.8,10.5
005026,7.1,7.5,7.5,7.8,8.4,8.7,9.0,8.9,10.1,9.9,9.5,9.7,10.0,9.6,10.5,10.9,11.8,10.7,11.6,11.7,11.3,12.0,13.3,14.3,14.4
005027,5.2,5.4,5.3,6.2,6.4,6.2,6.2,7.6,8.0,7.0,8.0,8.0,7.7,7.3,7.6,8.7,8.4,8.9,8.9,9.9,9.4,10.9,11.2,12.2,12.1
005028,4.1,4.8,5.1,5.4,5.4,6.4,6.5,6.5,6.4,6.9,6.5,7.5,7.1,6.9,7.3,8.0,8.2,8.5,9.2,9.6,9.1,9.2,10.0,11.3,12.1
005029,6.4,6.5,6.4,7.1,7.2,8.1,8.2,7.8,8.9,8.4,9.1,9.7,9.3,8.9,9.0,9.5,10.6,10.8,11.1,11.2,10.5,11.3,12.2,13.8,13.8
005030,5.3,5.6,6.6,6.6,6.9,7.2,7.3,7.7,8.1,7.8,7.8,8.5,8.0,7.6,8.2,8.3,8.7,9.6,10.1,10.3,10.2,10.5,11.3,12.5,12.4
005031,4.0,4.3,4.4,4.9,4.8,5.4,5.3,6.1,6.3,6.3,6.4,6.6,6.4,6.2,6.9,7.6,7.3,7.9,7.9,8.0,8.0,9.1,9.4,10.8,11.0
005032,4.3,4.6,4.8,4.8,5.5,5.1,5.8,5.6,6.1,6.1,5.8,6.4,6.3,6.2,6.6,6.7,6.6,7.3,7.5,8.0,7.2,7.5,8.2,9.4,9.4
005033,1.3,1.8,1.8,1.7,2.0,2.3,2.4,2.6,2.4,2.9,2.9,2.9,3.3,2.6,3.1,3.5,3.6,4.3,4.4,4.7,4.2,4.6,5.9,6.3,6.0
005034,6.0,7.5,7.1,7.7,8.2,8.4,8.9,8.9,9.1,9.4,10.2,10.4,10.0,10.1,9.7,10.3,10.8,11.4,11.9,11.7,11.1,12.6,13.5,14.0,14.0
005035,6.2,6.5,6.4,6.9,6.9,7.4,8.6,9.0,9.7,8.4,9.1,9.5,9.3,9.0,9.1,10.1,10.7,11.0,11.5,11.7,11.1,12.5,12.4,14.8,15.5
005036,2.6,3.1,2.9,3.3,3.8,3.7,3.8,4.5,4.6,4.1,4.7,4.7,4.8,4.5,4.8,4.8,5.5,5.5,5.7,6.4,5.9,6.7,7.0,7.4,8.1
005037,6.5,6.0,7.2,7.2,7.5,7.8,8.2,8.4,8.7,8.5,8.6,9.4,8.7,8.6,8.6,9.6,9.8,10.2,10.7,11.4,10.6,11.2,12.2,13.2,13.4
005038,5.9,5.7,6.5,6.6,7.3,7.7,8.8,8.6,8.6,8.4,9.0,9.6,8.8,8.9,9.6,10.0,10.2,11.6,11.5,12.2,11.2,12.2,12.6,13.4,15.1
005039,5.8,5.6,6.1,6.5,6.6,7.3,7.4,7.5,8.2,7.5,7.9,8.7,8.8,8.2,8.5,8.7,8.7,9.5,9.5,9.6,9.7,10.5,11.4,12.1,12.8
005040,4.8,4.9,5.1,5.5,5.8,5.5,6.1,6.6,7.1,6.2,6.6,6.6,6.8,6.7,7.0,7.4,7.8,8.3,8.1,8.6,7.7,9.0,9.8,10.7,10.9
005041,5.4,5.5,5.5,5.8,6.3,7.0,7.0,7.0,7.7,7.2,7.5,7.9,7.2,7.4,7.7,8.1,8.3,9.3,9.5,9.6,8.9,9.6,10.8,11.4,12.2
005042,5.1,5.3,5.6,6.1,6.2,6.8,6.9,7.1,7.5,7.0,8.0,7.3,7.4,7.7,7.9,8.7,9.0,8.5,9.1,10.0,9.6,10.3,10.6,11.7,12.4
005044,5.1,5.5,5.3,5.6,5.9,6.6,6.9,7.2,7.3,6.8,7.3,8.0,7.6,7.7,7.8,8.6,8.3,8.8,9.4,10.0,8.8,10.6,11.5,12.2,12.7
005045,5.9,5.8,6.4,6.3,7.2,7.4,7.5,8.1,8.4,7.9,8.4,8.7,8.8,8.3,8.3,8.5,9.3,9.4,10.0,10.1,10.7,11.7,11.7,12.7,13.3
005046,5.6,6.3,6.2,7.3,6.6,7.2,7.5,8.6,8.6,8.1,8.6,9.1,8.6,8.1,8.7,8.9,9.5,10.1,10.2,11.1,10.3,10.5,11.6,12.4,12.9
005047,6.8,7.8,7.5,7.7,8.5,8.5,9.1,9.8,10.1,9.8,10.0,10.4,9.8,9.8,10.7,10.6,11.0,10.2,11.4,12.2,11.1,13.1,13.2,14.1,14.7
005048,5.0,4.9,5.7,5.8,6.0,6.4,6.8,7.3,7.5,7.3,8.1,8.1,7.8,7.9,8.3,8.5,9.2,9.4,10.0,10.8,9.2,10.5,11.8,12.4,12.9
005049,6.1,6.3,6.4,6.6,7.6,7.6,8.4,8.5,9.3,8.8,8.9,9.8,9.2,8.7,9.5,9.6,10.0,10.5,10.8,11.1,10.7,11.4,13.2,13.2,14.5
005050,3.0,3.2,3.4,3.8,4.4,4.4,4.4,4.7,5.2,5.2,5.3,5.8,5.3,5.0,5.3,6.0,6.8,6.8,7.4,6.9,7.0,7.8,8.5,8.6,9.5
005051,4.1,4.8,4.7,4.9,5.6,5.5,5.7,5.9,6.3,6.3,6.4,6.5,6.9,6.4,7.0,6.9,7.6,7.7,8.4,8.8,7.7,8.7,9.8,9.6,10.4
005052,8.4,8.3,9.0,9.5,9.7,10.4,11.3,11.3,12.2,11.5,11.2,12.1,11.7,11.6,11.8,12.6,12.8,13.4,14.7,14.1,12.8,14.4,15.5,16.3,17.8
005053,4.5,5.2,5.2,5.8,6.4,5.8,6.3,6.9,7.4,6.6,7.3,8.3,7.1,7.1,7.6,8.0,8.4,8.4,9.2,9.6,8.2,9.4,10.0,12.3,12.1
005054,4.8,5.2,5.4,5.7,6.4,5.8,6.6,6.9,7.3,6.3,7.5,7.5,7.0,7.3,7.7,7.4,8.2,8.4,8.9,9.6,8.3,10.1,9.9,11.0,11.4
005055,4.0,4.2,4.7,4.4,4.8,5.2,5.1,5.7,6.1,5.6,6.2,5.7,6.0,6.2,6.3,6.3,6.5,6.8,7.5,7.4,6.7,8.0,8.7,9.7,9.9
005056,4.8,5.5,5.3,5.8,5.5,6.3,6.0,6.7,7.1,6.6,6.8,6.7,7.4,6.8,7.3,7.3,8.3,8.4,7.8,8.5,8.2,8.9,9.8,10.6,10.4
005057,4.1,4.4,4.7,5.1,5.3,5.5,5.6,5.9,5.8,6.2,6.2,6.9,6.5,6.5,7.1,7.4,7.3,7.7,8.2,8.7,7.9,9.1,9.7,9.8,10.7
005058,2.8,3.6,3.7,3.8,4.5,4.6,5.1,5.0,5.6,4.4,4.7,6.2,5.7,5.2,5.7,6.3,6.1,6.2,6.2,7.5,7.1,7.2,8.5,8.9,9.3
005059,8.7,8.7,9.5,9.5,9.9,10.3,11.1,11.6,10.5,10.7,10.9,11.1,11.2,11.4,12.0,11.3,12.4,13.1,13.4,13.2,13.4,13.8,14.6,15.1,15.9
005060,6.2,6.8,6.7,7.0,7.2,7.8,7.9,8.6,8.5,8.9,9.0,8.9,8.8,9.0,8.9,9.1,9.9,9.8,10.7,11.3,9.8,10.7,11.8,13.5,13.0
005061,3.5,4.2,4.6,4.3,5.1,4.7,5.8,5.8,6.5,5.9,6.3,5.9,6.3,6.0,6.4,6.2,6.9,7.0,8.0,7.7,7.3,8.0,8.6,9.6,10.6
005062,7.1,8.2,7.1,7.4,9.0,9.6,9.0,9.0,10.2,10.2,10.3,10.3,10.7,10.1,10.7,11.0,11.7,11.3,11.5,12.8,11.4,13.2,14.9,15.1,15.1
005063,5.9,6.2,6.2,6.6,7.4,6.9,7.9,7.5,8.2,7.8,8.6,9.0,8.5,8.0,8.6,8.3,9.0,9.9,9.6,10.0,9.8,10.5,11.2,12.0,12.9
005064,5.3,5.5,5.9,5.6,6.3,6.3,6.8,7.5,8.0,7.6,8.0,8.1,8.3,7.4,8.1,8.2,8.6,9.6,9.5,9.8,9.6,9.7,10.6,11.4,12.0
005065,6.2,6.1,7.7,7.6,7.9,8.7,9.1,9.4,10.3,9.4,9.7,9.7,9.7,9.7,9.7,10.6,11.1,11.3,12.5,13.4,11.6,13.3,14.5,14.8,15.3
005066,5.6,6.5,6.7,6.8,6.9,7.2,7.9,8.3,9.1,8.3,8.7,9.2,8.5,8.5,8.4,9.6,9.8,10.0,10.9,11.0,10.2,11.9,12.6,12.9,13.6
005067,4.3,4.8,5.0,5.3,5.5,5.3,6.1,5.8,7.0,6.4,6.9,7.3,6.6,6.8,7.1,7.1,8.4,8.7,8.5,9.7,8.8,9.1,10.4,10.8,11.8
005068,5.3,5.6,5.4,6.6,6.5,7.1,7.9,8.4,8.1,7.6,8.3,8.9,9.0,8.5,8.6,9.5,10.0,10.1,10.2,11.1,9.5,11.3,11.7,13.7,13.4
005069,3.1,3.1,3.5,4.2,4.1,4.3,4.6,5.2,4.9,4.9,5.9,5.8,5.8,5.9,5.7,6.4,6.6,6.2,7.4,7.6,7.0,7.8,8.6,9.8,9.9
005070,3.8,4.3,4.7,4.9,5.1,5.5,4.8,5.8,6.1,6.3,6.2,6.3,6.4,6.4,6.2,6.5,7.0,7.4,7.6,7.8,7.6,8.2,8.8,10.2,10.3
005071,7.0,6.8,7.3,7.1,7.9,8.1,8.3,8.9,9.0,8.8,8.7,9.1,8.5,9.1,10.0,9.9,10.1,9.5,10.9,11.8,9.9,11.9,12.5,13.6,14.0
005072,4.9,5.0,5.3,5.3,5.4,6.2,6.1,6.4,6.7,6.6,6.9,7.2,6.5,6.4,7.3,7.8,7.2,8.1,8.7,9.1,8.3,8.5,9.4,10.7,10.8
005073,7.7,7.6,8.5,8.7,8.8,9.3,9.1,9.5,10.0,9.8,10.0,11.0,9.6,9.4,10.2,10.8,10.8,11.4,11.7,11.8,11.4,12.0,12.6,13.6,14.3
005074,4.6,4.6,4.7,5.3,5.9,6.3,6.4,6.6,7.5,6.3,6.6,7.3,7.6,6.8,7.3,8.5,8.5,8.4,8.9,9.7,8.9,9.5,10.4,11.0,12.1
005075,5.1,5.8,5.6,5.9,6.4,6.3,7.2,7.6,7.6,7.2,7.2,7.7,7.9,7.1,7.9,8.0,8.5,8.5,8.6,9.4,8.5,9.5,10.3,12.1,11.3
005076,6.0,5.7,6.0,6.4,6.7,7.0,7.4,8.8,8.3,7.6,8.4,8.8,8.7,8.9,8.1,9.2,9.6,9.9,10.4,10.5,9.8,11.0,12.3,12.8,13.7
005077,5.0,5.6,5.4,5.7,6.2,6.8,7.1,7.1,7.6,7.3,7.5,8.0,7.9,7.3,8.0,8.3,8.1,8.6,9.5,9.1,8.7,9.6,10.9,11.7,12.7
005080,7.9,7.9,8.3,9.0,8.6,9.3,9.9,10.1,10.4,10.0,10.9,10.7,10.9,10.6,10.9,11.6,12.2,11.7,12.7,12.6,12.3,13.3,14.1,14.9,14.4
005081,5.2,6.0,5.4,6.4,6.8,6.8,7.6,7.2,7.7,7.1,8.0,7.8,8.3,8.1,8.7,8.3,8.8,9.4,9.1,10.1,9.3,10.5,11.0,11.3,12.2
005082,4.0,4.6,4.5,4.6,4.9,5.2,5.2,5.8,6.1,5.9,5.8,6.3,5.9,5.6,6.0,6.1,6.1,6.8,7.0,7.6,7.0,7.7,8.2,8.8,9.9
005083,3.8,4.1,4.5,5.0,4.8,5.4,5.9,6.0,5.8,5.5,5.9,6.7,6.0,6.1,5.9,6.5,7.3,7.3,7.7,8.4,7.2,8.3,9.3,10.2,9.7
005084,3.7,3.6,4.1,4.4,4.5,4.8,4.9,5.4,5.7,5.8,5.6,6.3,5.8,5.7,6.1,6.4,6.4,7.2,7.3,7.7,7.0,8.1,8.3,9.2,10.7
005085,5.0,5.3,5.6,6.1,6.1,6.8,6.7,6.8,7.7,7.3,7.0,8.7,8.0,7.4,8.5,8.0,8.7,9.0,9.3,10.4,9.0,9.8,11.1,11.2,12.5
005086,4.0,4.6,4.9,5.2,5.2,5.9,5.8,6.3,7.2,6.4,6.0,7.4,6.4,6.5,6.6,7.4,7.4,8.2,8.0,8.3,8.0,8.7,10.4,10.9,10.5
005087,5.4,5.3,5.6,6.2,5.6,7.2,7.2,7.8,8.4,7.3,7.5,8.6,8.0,7.7,8.1,8.4,8.6,9.2,9.1,10.1,9.4,10.4,11.4,11.7,12.1
005088,4.5,5.0,5.0,5.8,5.7,6.3,6.3,7.2,7.4,7.0,7.7,7.8,8.1,7.2,8.0,8.4,8.7,8.6,9.7,9.9,9.3,10.0,10.9,11.9,12.6
005089,6.3,6.4,6.7,6.9,7.5,7.5,8.0,8.7,9.2,9.1,8.5,9.5,9.0,9.0,9.4,9.7,10.3,10.3,11.6,11.6,10.8,11.7,11.8,12.8,14.0
005090,4.2,4.6,4.7,4.4,5.4,5.5,6.0,5.7,6.2,5.5,6.3,6.1,6.5,6.1,6.5,6.8,6.8,7.1,8.1,8.1,7.4,8.0,8.7,9.3,10.0
005091,4.2,4.7,4.8,5.1,5.5,5.8,6.0,6.5,6.7,6.1,7.1,7.1,7.2,6.7,6.8,7.3,7.9,7.9,8.5,8.4,8.0,8.7,9.6,10.5,11.1
005092,6.4,6.8,7.5,7.6,7.8,7.8,7.9,8.3,8.3,8.6,8.7,9.2,9.1,8.4,9.3,9.4,9.9,10.0,10.9,11.3,10.8,11.8,12.4,12.5,14.3
005093,4.7,5.9,5.7,6.1,6.0,6.5,6.6,7.3,7.4,7.1,7.8,8.2,7.6,7.3,7.7,8.4,8.7,9.1,9.6,9.5,8.7,9.6,10.6,11.4,11.0
005094,5.4,5.4,5.6,6.0,6.1,6.5,6.9,7.0,7.3,7.1,7.3,7.7,7.5,7.0,7.5,7.8,8.3,8.4,9.1,9.5,8.8,9.6,10.6,10.8,11.4
005095,7.3,8.0,8.4,8.0,9.1,8.9,9.0,9.6,9.6,9.3,10.3,9.9,9.6,10.3,10.4,10.6,10.7,11.2,11.9,12.1,11.8,12.6,13.6,14.4,15.1
005096,5.0,5.2,6.2,6.2,6.4,6.3,7.0,7.3,7.6,7.4,7.9,8.3,7.8,7.5,7.8,8.5,9.4,9.6,10.0,10.1,9.5,10.1,11.0,11.7,12.4
005097,5.4,5.8,5.8,6.0,6.6,6.8,7.5,6.9,7.8,7.2,7.4,8.2,7.5,7.6,7.7,7.8,8.2,8.6,9.3,9.5,8.6,9.7,10.3,11.2,12.0
005098,3.2,3.6,3.6,4.3,3.9,4.3,5.2,4.6,5.2,5.0,5.6,5.7,5.1,5.6,5.9,5.6,6.5,6.4,6.9,7.5,6.5,7.3,8.6,9.0,9.4
005099,3.8,3.7,4.1,4.3,4.3,4.8,5.1,5.6,5.9,5.2,5.4,5.8,5.7,5.5,6.1,5.9,6.2,6.8,7.3,8.2,7.5,7.2,8.5,9.4,9.7
005100,5.0,5.5,6.1,6.1,6.5,6.4,7.2,6.8,8.2,7.3,8.3,8.1,8.5,8.3,8.8,9.2,9.3,9.5,10.0,10.3,9.7,10.7,11.3,11.9,12.8
005101,5.5,5.3,6.3,6.4,6.9,6.9,6.9,7.5,7.7,7.3,7.8,8.0,8.0,7.9,7.7,8.0,8.9,9.0,9.3,9.5,9.7,10.1,11.0,11.5,11.8
005103,5.8,6.1,6.5,6.4,6.4,7.2,7.6,7.5,8.0,7.7,7.7,9.2,8.3,7.7,8.7,9.4,8.7,9.9,9.9,10.1,10.0,10.3,11.8,12.3,13.1
005104,7.7,8.1,8.4,9.2,9.1,9.7,10.5,10.3,10.7,10.3,10.8,10.9,11.1,10.0,10.8,11.3,11.7,12.0,12.8,12.6,12.4,13.3,14.0,16.0,14.6
005105,3.7,4.1,4.2,4.7,4.8,5.0,5.1,5.8,5.9,5.5,5.9,6.5,5.7,5.6,6.1,6.4,6.6,6.8,7.2,7.5,7.1,7.8,8.4,9.2,9.8
005106,5.3,5.8,6.1,6.9,7.2,7.0,7.3,7.8,8.2,8.5,8.2,9.1,8.5,8.3,8.3,8.8,9.6,10.4,10.0,10.7,9.8,10.2,11.2,13.0,13.5
005107,5.4,5.7,5.8,6.6,6.6,7.8,7.0,7.6,7.9,7.9,8.3,8.4,8.4,7.9,8.3,8.3,9.4,9.8,10.4,10.8,10.2,10.7,11.1,12.2,13.2
005108,2.7,2.7,3.0,3.1,3.3,3.3,3.8,4.1,4.2,4.2,4.2,4.6,4.8,4.4,4.6,5.1,5.5,5.8,5.6,6.0,5.9,6.6,7.4,7.5,7.7
005109,6.4,6.8,7.6,7.9,7.2,8.0,8.6,9.1,8.8,8.3,9.1,9.9,8.9,9.0,10.0,9.7,10.3,10.5,10.3,11.6,10.5,11.1,12.5,13.7,14.5
005111,5.2,5.6,5.7,6.3,6.4,6.4,7.1,7.3,7.5,7.4,7.7,8.1,7.6,8.1,8.1,8.3,8.8,9.0,9.3,9.5,9.5,10.0,11.3,11.7,12.0
005112,7.2,7.3,7.4,7.8,8.4,7.9,9.2,9.0,9.3,8.3,9.9,10.0,9.3,9.0,9.4,9.7,10.1,10.5,11.2,11.2,10.2,11.0,12.6,13.0,13.1
005113,3.5,3.4,4.0,4.4,4.2,4.7,4.9,5.3,6.2,5.6,5.4,6.3,5.8,5.6,6.2,6.0,6.4,7.3,7.4,7.6,7.1,8.1,8.4,9.7,9.7
005114,6.1,6.6,6.8,7.1,7.5,7.7,8.6,8.5,9.2,9.2,9.3,9.4,9.5,9.0,9.3,9.8,10.6,10.9,11.3,11.4,10.7,11.8,12.6,13.8,13.9
005115,5.5,5.4,6.1,6.0,6.4,6.8,7.1,7.2,7.7,7.3,7.9,8.3,7.7,7.7,8.2,8.9,8.6,9.4,9.7,9.8,8.5,10.1,10.4,12.2,12.2
005116,7.4,7.5,8.3,8.1,8.7,9.4,9.2,10.1,9.9,9.6,10.3,10.0,10.2,10.1,10.6,10.3,10.7,11.8,11.8,11.9,11.4,12.5,13.4,14.0,13.9
005117,4.4,4.3,4.8,5.1,5.1,5.4,5.6,6.4,6.3,5.8,6.3,6.8,6.1,6.2,6.7,7.0,7.3,7.7,8.3,8.1,8.0,8.2,8.8,9.8,10.1
005118,7.1,7.1,7.6,8.0,8.4,8.5,9.1,9.0,9.4,9.3,9.5,10.4,9.7,9.5,9.7,10.1,11.0,10.8,10.7,11.6,10.6,11.8,13.1,13.7,13.8
005119,4.4,5.0,5.8,6.1,6.4,5.9,6.0,6.5,8.1,7.1,7.8,7.3,6.8,7.0,7.3,7.6,7.8,8.6,9.3,9.5,8.6,9.2,10.5,12.0,12.3
005120,6.1,6.6,7.1,7.1,7.5,7.6,8.3,8.7,9.1,8.7,9.1,9.7,9.6,9.0,9.6,10.3,10.3,10.4,11.5,11.5,10.9,11.7,12.4,13.1,13.6
005121,5.2,4.7,5.8,5.8,5.9,6.1,6.8,7.5,7.1,6.7,7.3,7.8,7.2,7.0,7.8,7.5,8.5,8.4,8.7,8.9,8.3,8.9,9.8,10.8,11.3
005122,8.0,8.9,9.9,9.9,10.0,10.8,11.2,11.1,12.3,11.5,12.5,11.8,11.8,11.9,12.3,13.1,13.7,13.7,14.2,13.9,13.4,15.2,16.0,17.1,17.8
006001,7.4,8.5,8.0,8.8,9.2,9.8,10.6,10.7,11.2,10.8,11.0,10.9,10.7,10.7,10.8,11.8,11.9,13.3,13.2,14.0,11.8,13.8,15.2,16.6,17.2
006002,5.5,5.5,6.7,6.6,7.4,7.4,7.5,8.5,8.6,8.2,8.5,8.9,8.7,9.3,8.8,9.9,10.1,10.2,10.2,10.6,10.5,11.3,12.5,13.5,14.0
006003,6.3,6.8,7.1,7.6,7.7,8.0,8.3,8.9,9.6,9.4,10.1,10.6,9.7,9.5,9.4,11.0,10.7,10.9,12.3,11.7,11.5,12.2,14.6,15.5,15.3
006004,4.9,5.3,5.4,5.9,5.9,6.2,6.8,6.9,7.6,7.4,7.4,8.4,8.0,7.7,8.6,8.0,8.9,9.0,9.7,10.2,9.8,10.4,10.4,12.1,12.8
006005,7.0,7.6,8.1,8.4,8.4,9.0,8.8,9.7,9.8,10.1,9.6,10.6,9.9,9.6,10.5,10.9,11.0,11.6,12.2,12.3,11.0,12.4,13.9,14.4,15.1
006007,3.6,3.9,4.0,4.5,4.3,4.5,4.6,5.8,5.6,5.4,5.8,5.9,5.2,5.6,5.8,6.0,6.4,6.9,6.9,7.2,6.5,7.6,8.4,9.4,10.3
006008,4.3,4.4,5.1,5.8,5.7,6.6,7.1,7.0,7.5,6.6,7.9,7.7,7.8,7.4,7.4,8.2,8.8,8.5,9.6,9.9,9.2,9.9,10.7,11.9,12.4
006009,4.7,4.6,5.0,5.4,5.1,5.4,6.3,6.0,6.6,6.3,6.8,6.8,6.3,6.9,6.9,6.9,7.7,8.5,8.5,8.4,8.0,8.8,9.2,10.7,10.6
006010,4.9,5.1,5.2,5.6,6.2,6.9,6.8,7.2,6.9,7.0,7.8,7.7,7.6,7.0,7.8,7.9,9.2,8.9,9.3,9.9,8.9,10.4,10.9,12.2,12.5
006011,6.8,7.1,7.4,7.4,8.5,8.1,8.6,9.3,9.3,9.7,9.8,9.9,9.7,8.8,9.8,10.1,10.5,10.7,11.2,11.9,10.6,12.1,13.2,13.3,14.8
006012,5.8,6.2,6.7,6.6,7.4,7.9,8.2,8.4,8.4,8.6,8.6,9.0,8.4,8.7,8.8,10.0,9.6,10.6,11.2,10.8,10.9,11.9,12.2,13.1,14.1
006013,4.3,4.8,5.5,6.2,5.7,6.5,6.4,6.7,7.4,7.2,7.5,7.7,7.5,7.5,7.9,9.0,9.0,9.1,9.5,9.9,8.9,9.8,11.2,12.6,12.8
006014,3.8,3.8,4.2,4.3,4.7,5.1,5.3,5.6,5.6,5.4,5.9,5.7,5.8,5.9,6.2,6.7,6.4,6.9,7.4,8.1,7.3,7.7,8.7,8.8,9.8
006015,6.7,7.4,7.5,8.3,8.4,8.4,8.9,9.1,10.3,9.2,9.8,10.3,9.5,9.4,10.0,10.2,10.7,11.5,11.1,11.6,10.9,12.1,13.2,13.9,14.5
006016,3.6,4.0,4.0,4.4,4.5,4.4,5.1,5.0,5.5,5.0,5.4,5.8,5.2,5.2,5.6,5.5,6.3,6.7,7.5,7.2,6.5,7.5,8.0,9.3,9.0
006017,6.1,5.7,6.2,6.2,6.7,7.0,7.6,7.6,8.1,7.9,8.3,8.8,8.3,7.9,8.4,9.3,9.6,8.8,10.1,10.6,9.6,10.9,11.6,12.4,12.8
006018,5.7,6.6,6.4,6.8,7.1,7.7,7.6,8.1,9.0,8.6,8.5,8.5,8.6,8.4,8.8,8.9,9.7,10.0,10.4,10.5,10.4,11.4,11.6,12.4,13.2
006019,3.5,3.5,4.1,4.1,4.1,4.7,5.1,4.9,5.5,5.2,5.3,5.6,5.9,5.1,5.2,5.7,6.4,6.9,6.7,7.1,6.6,7.6,7.9,9.0,9.2
006020,4.4,4.7,4.7,5.3,5.2,6.1,6.0,6.2,7.2,6.5,6.8,7.2,6.8,7.1,7.3,7.6,7.9,8.3,8.8,9.5,8.0,9.6,9.9,11.1,12.2
006021,4.8,5.0,5.5,5.3,5.5,6.3,6.2,7.1,7.0,7.0,7.9,7.7,7.5,7.0,7.5,7.9,8.2,8.9,8.8,9.4,8.6,9.8,10.3,11.0,11.4
006022,5.3,5.4,6.3,6.4,6.6,6.6,6.4,7.4,7.7,7.2,8.3,8.2,7.7,7.6,8.2,8.6,8.3,8.5,9.6,9.8,9.3,9.6,11.0,11.4,12.0
006023,3.4,3.9,3.5,3.7,4.3,4.6,5.0,4.8,5.3,5.3,5.4,5.6,5.5,5.3,5.7,6.0,6.5,6.8,7.3,7.8,7.2,8.0,7.6,9.9,9.9
006024,3.1,3.6,3.6,3.8,4.4,4.6,4.3,4.6,5.3,4.6,5.0,5.3,4.8,4.9,5.0,5.4,5.8,6.0,6.3,6.2,5.9,6.3,7.4,7.8,7.9
006025,5.9,6.3,6.8,6.9,7.0,7.4,7.1,8.9,8.7,8.3,9.3,9.7,8.7,8.6,8.8,9.1,10.3,9.6,10.9,11.5,10.5,11.3,13.0,14.4,15.4
006026,5.7,6.7,6.2,6.8,7.6,7.8,8.8,8.0,9.3,8.2,9.1,8.9,9.2,9.6,8.9,9.8,9.6,10.9,11.1,10.5,10.3,12.3,12.5,13.6,13.9
006027,7.5,7.2,8.4,8.6,8.8,9.0,9.7,10.4,10.8,10.3,10.6,10.5,10.3,10.3,10.4,11.0,11.5,11.8,12.2,12.3,11.6,12.7,14.0,15.0,15.8
006028,6.0,6.8,6.7,6.6,7.1,7.6,8.1,7.9,8.4,8.6,8.8,8.9,8.8,8.7,8.4,8.9,10.0,10.1,10.9,10.6,9.4,10.2,11.6,12.2,13.1
006029,4.5,4.7,5.4,5.5,6.3,6.8,6.1,7.4,7.1,6.7,7.2,8.4,7.6,7.5,7.5,7.7,8.3,8.4,9.6,9.2,8.9,9.6,11.5,11.8,12.5
006030,5.1,5.7,6.3,6.3,6.7,8.1,8.2,8.0,8.5,8.1,8.3,8.7,8.6,8.3,8.7,9.1,9.3,10.1,10.0,10.9,10.0,10.3,12.0,13.1,13.7
006031,6.0,6.7,6.9,7.0,7.8,7.7,7.9,9.1,9.0,8.5,8.8,8.6,9.0,8.5,9.5,9.4,9.9,10.3,11.4,11.5,11.0,11.7,12.8,13.7,14.6
006032,4.8,5.0,5.2,5.2,5.9,5.1,6.0,6.3,6.6,6.4,6.9,7.5,6.8,6.5,6.8,6.8,7.9,7.8,8.4,8.6,8.2,8.8,9.7,10.1,10.8
006033,4.5,4.5,4.9,5.0,5.3,5.3,5.9,6.4,6.9,6.4,6.7,7.0,6.9,6.5,7.2,7.2,7.5,8.2,9.0,9.2,8.3,9.6,10.2,10.2,11.9
006034,8.6,9.7,9.5,10.1,10.4,11.0,11.3,11.3,12.0,11.5,12.0,13.3,12.4,11.9,12.2,12.8,13.1,13.8,13.5,15.1,14.1,14.9,15.5,16.0,16.8
006035,6.9,7.2,7.6,7.9,8.5,8.0,8.6,9.4,9.8,9.7,10.1,10.7,9.7,9.5,9.8,10.7,11.3,11.4,11.6,12.0,11.5,13.5,13.8,14.0,14.4
006036,5.0,4.8,6.0,6.6,6.7,6.5,7.2,7.7,8.3,7.8,7.9,8.3,7.8,8.4,7.9,8.3,8.8,8.9,10.0,9.9,9.4,10.3,10.7,12.1,11.9
006037,5.8,5.9,5.8,6.1,5.9,6.3,6.8,7.0,7.7,7.3,7.3,8.7,7.8,7.7,7.7,8.4,8.7,8.8,9.8,9.8,9.0,10.4,10.1,12.5,12.0
006038,4.4,4.8,5.5,5.3,5.5,6.1,6.6,6.6,6.9,7.1,7.2,7.8,7.7,6.9,7.0,7.3,8.5,8.3,8.6,9.6,8.3,9.3,10.0,11.5,12.0
006039,7.4,7.3,8.0,9.0,8.9,9.5,9.8,10.0,10.1,10.0,10.5,10.6,10.8,10.1,11.0,11.4,11.8,12.5,12.6,13.3,11.9,13.2,14.3,14.6,15.1
006040,4.5,4.7,5.0,5.5,5.5,6.0,5.8,6.6,6.8,6.8,7.7,6.8,7.0,6.9,7.1,7.9,7.4,8.7,8.1,8.8,8.7,9.8,10.4,11.4,11.2
006041,5.0,5.6,5.7,6.2,6.5,7.1,7.3,7.3,8.2,7.9,8.3,8.1,7.6,7.5,7.7,8.5,9.4,9.5,9.6,9.9,9.9,10.3,11.1,11.7,12.9
006043,4.4,4.7,5.0,5.3,5.6,5.6,6.3,6.0,6.4,5.7,6.2,7.3,6.3,6.5,6.4,6.4,7.6,8.3,8.1,8.5,7.9,9.0,8.9,10.5,11.0
006044,4.9,5.4,5.9,5.8,6.4,6.4,7.0,7.2,7.5,6.9,7.9,7.8,7.3,7.1,7.4,8.0,8.3,8.9,9.2,9.7,9.0,10.3,11.0,11.6,12.7
006045,6.0,5.9,6.6,7.0,6.6,7.1,8.1,8.2,8.7,8.7,9.0,9.3,9.1,8.7,8.9,9.1,9.8,10.1,11.1,11.0,10.6,11.0,12.2,13.2,14.1
006046,4.4,4.4,5.1,5.6,6.2,5.8,6.9,7.5,7.0,7.6,7.5,8.1,8.2,7.4,8.3,8.6,8.3,9.3,9.3,9.3,9.7,10.1,11.6,11.7,12.4
006047,4.1,4.3,4.1,4.0,4.9,5.1,4.9,5.3,5.9,5.7,5.9,6.7,6.5,6.0,6.4,6.6,6.4,7.0,7.2,8.2,7.4,8.2,8.8,9.3,9.6
006048,8.0,7.5,8.0,9.1,8.9,9.2,9.6,9.2,10.0,10.0,10.0,10.6,10.3,10.4,10.4,10.8,11.2,11.9,11.8,12.4,10.8,12.6,13.3,15.1,15.4
006049,4.2,4.2,4.3,4.9,5.0,5.2,5.7,5.8,5.9,5.8,6.0,6.0,6.1,6.0,6.7,6.8,6.8,7.9,7.6,8.3,7.5,8.8,9.6,10.1,10.1
006050,5.3,5.5,5.9,6.6,6.4,6.9,7.5,7.9,8.1,7.6,8.2,8.5,8.0,7.3,7.6,9.5,9.5,9.7,10.2,10.6,9.7,10.1,11.9,12.5,13.6
006051,3.7,4.0,4.5,4.9,5.0,5.8,5.6,6.1,6.5,6.1,6.1,6.7,6.6,6.7,6.5,7.3,8.0,7.9,8.2,8.9,7.9,8.7,10.7,10.5,11.0
006052,6.7,6.4,7.2,7.4,7.9,8.3,8.7,8.5,9.6,9.0,9.5,9.7,9.3,9.0,10.0,9.6,10.2,11.1,12.0,11.8,11.2,12.7,13.5,14.4,14.4
006053,5.0,5.4,5.3,5.9,5.9,6.7,7.0,7.2,8.2,6.9,7.4,8.0,7.6,7.8,7.9,8.3,8.0,8.9,9.2,9.6,9.1,9.5,10.9,11.3,11.5
006054,5.9,6.0,6.2,6.5,6.6,7.2,7.6,7.7,7.4,7.6,8.4,8.3,8.0,8.1,8.2,8.4,8.9,9.1,9.5,9.5,9.6,9.9,11.5,11.8,12.3
006055,4.9,5.2,5.4,5.7,6.0,6.3,6.6,7.4,7.7,7.0,7.9,8.2,7.9,8.0,8.1,8.5,8.8,9.3,9.6,10.7,9.3,9.9,12.2,11.7,12.9
006056,7.4,7.9,7.5,7.6,8.4,8.9,10.1,10.3,10.4,9.9,10.2,11.0,10.9,10.6,11.7,11.2,12.7,12.1,11.7,13.6,12.0,13.2,14.8,16.6,16.0
006057,3.4,3.7,3.9,4.2,4.8,4.9,5.3,5.0,5.9,5.2,5.9,5.9,6.1,5.6,6.8,6.7,7.1,7.3,7.2,8.7,7.5,8.5,10.1,10.1,10.7
006058,4.0,4.4,4.5,4.9,5.4,5.6,6.1,6.6,6.3,6.2,7.1,7.2,6.7,6.8,7.3,7.6,7.8,8.3,8.4,9.0,8.2,9.3,10.0,11.2,11.3
006059,4.3,4.5,5.1,5.5,5.6,6.3,6.8,6.9,6.9,6.5,7.2,8.1,6.9,7.3,8.1,8.3,8.5,8.4,9.8,9.0,9.4,9.8,11.4,12.1,12.5
006060,8.6,9.2,9.0,9.7,10.4,10.6,10.5,11.2,12.4,10.8,11.0,12.0,11.4,11.5,11.1,12.7,12.3,13.2,13.7,14.6,13.3,14.1,15.2,15.6,16.8
006061,6.0,6.3,6.6,6.8,7.1,7.5,7.7,8.6,8.9,8.5,9.2,9.4,8.8,8.7,9.1,9.4,10.1,11.5,10.9,11.0,10.0,12.2,12.4,13.7,15.2
006062,7.9,8.0,9.0,9.5,9.9,10.0,10.5,10.8,11.5,10.2,10.9,11.6,11.2,11.0,11.8,12.2,12.7,12.4,13.2,13.9,13.1,13.2,14.9,15.2,15.7
006063,4.0,3.9,4.5,4.4,4.9,4.9,5.3,5.5,6.0,6.1,6.4,6.3,6.1,6.0,6.4,6.1,7.1,7.1,7.6,7.9,7.2,8.1,8.6,9.2,9.7
006065,7.8,8.0,7.8,8.9,9.8,9.9,10.0,10.0,11.3,10.8,11.1,11.4,10.7,10.9,12.0,11.5,12.1,12.2,13.2,13.7,12.4,13.8,14.5,14.9,15.9
006066,4.8,4.5,5.2,5.6,5.7,5.5,6.4,6.9,7.0,7.1,7.1,7.2,6.8,7.1,7.3,8.0,7.5,8.2,7.9,8.6,8.1,8.9,10.6,9.9,10.8
006067,4.0,4.6,4.9,4.5,5.1,5.4,5.4,5.6,6.0,5.7,6.5,6.5,6.1,6.1,6.6,6.3,6.9,7.3,7.8,8.0,7.7,8.0,9.1,9.2,10.2
006068,5.9,6.1,6.0,6.5,7.1,7.2,7.5,7.8,8.3,7.5,7.8,8.6,9.0,7.6,8.2,9.0,8.8,9.5,10.1,10.5,9.9,10.2,11.0,12.7,12.5
006069,3.6,3.4,3.8,4.2,4.5,5.0,5.1,5.3,5.3,5.6,6.2,5.7,6.1,5.9,6.5,6.7,6.7,7.5,7.4,8.6,7.4,8.4,8.7,9.9,9.7
006070,5.0,5.4,5.7,5.6,6.3,6.5,7.1,7.0,8.1,7.4,7.8,7.9,7.0,7.6,7.6,8.4,8.7,9.3,9.4,10.1,9.2,10.0,11.0,12.1,12.8
006071,4.9,5.0,5.1,5.7,5.4,6.3,6.4,6.9,6.6,7.2,7.4,7.6,7.5,7.3,7.7,8.3,7.7,8.8,8.9,9.1,8.7,9.7,10.8,11.2,11.8
006072,4.9,5.3,6.2,6.1,7.0,7.1,7.4,7.6,9.0,8.2,8.1,9.1,9.0,8.4,8.9,9.1,9.9,10.1,10.3,11.9,10.0,12.6,12.7,13.7,14.3
006073,4.5,4.5,5.1,5.3,5.7,5.7,6.6,6.4,6.9,6.3,7.1,7.5,7.3,6.9,7.4,7.6,7.9,8.3,8.8,8.8,8.0,9.1,10.3,10.8,11.2
006074,4.8,5.3,5.1,5.6,6.1,6.4,6.5,7.0,7.2,6.9,7.3,7.1,7.3,7.1,7.4,8.0,8.3,8.3,8.8,8.7,8.6,9.2,9.8,11.3,11.7
006075,5.7,6.5,6.8,7.2,7.3,7.6,8.2,8.3,8.3,8.2,9.1,8.8,9.0,8.7,9.3,9.5,10.3,10.4,9.8,10.9,10.1,11.1,12.2,13.1,12.9
006076,5.9,6.0,6.4,6.0,7.0,7.3,7.4,8.3,8.0,7.7,8.1,8.8,8.2,7.9,8.2,8.5,8.5,9.7,9.9,10.9,9.7,9.8,11.5,12.1,12.1
006077,6.6,6.4,6.8,7.7,7.9,7.9,8.0,8.2,9.1,8.4,8.5,8.7,9.4,8.7,8.8,9.2,10.2,10.0,10.4,11.4,10.6,11.4,12.1,13.0,13.7
006078,5.6,6.0,6.0,6.5,6.6,7.0,7.6,7.6,7.7,7.7,7.4,8.2,7.6,7.7,8.2,8.8,8.2,8.8,9.3,9.6,9.5,9.7,10.9,11.2,11.7
006079,6.1,6.9,7.4,7.4,7.4,8.1,8.3,9.2,9.6,9.0,9.6,10.0,9.2,8.8,9.2,9.6,10.6,10.8,10.6,11.3,10.3,11.9,12.4,13.1,13.8
006081,1.8,2.2,2.0,2.3,2.7,2.9,2.9,3.1,3.6,3.0,3.6,3.6,3.2,3.5,3.8,3.6,4.2,4.2,4.7,4.9,4.3,4.9,5.8,6.4,6.7
006082,6.5,6.5,7.6,6.9,6.9,8.0,8.9,8.3,9.1,8.2,9.1,9.2,8.9,9.6,9.5,10.1,10.8,10.9,11.2,11.6,10.6,11.8,12.8,13.3,14.3
006083,6.2,6.3,6.8,6.7,7.2,7.8,7.7,8.2,9.1,8.2,9.1,8.9,8.8,9.1,9.1,9.2,10.1,10.5,10.7,10.8,9.7,11.6,12.6,13.9,13.6
006084,6.9,6.9,7.6,7.9,8.0,8.1,8.7,10.2,9.6,8.9,9.9,9.9,10.1,10.3,9.4,10.5,11.1,10.8,12.4,12.8,11.0,12.5,13.6,13.9,15.6
006085,5.0,5.6,6.1,5.9,6.5,7.2,7.4,7.7,8.5,8.0,8.7,9.2,8.5,8.5,9.1,9.5,9.5,10.1,10.9,11.1,10.2,11.0,12.0,13.5,13.0
006086,3.5,3.8,3.9,4.2,4.6,4.7,4.5,5.0,5.2,5.0,5.6,5.4,5.7,5.3,5.4,6.0,5.9,6.7,6.5,7.0,6.6,6.6,7.8,8.4,8.5
006087,4.1,3.6,4.4,4.8,5.1,5.3,5.6,5.7,5.9,6.0,5.9,6.2,6.3,6.2,6.4,6.7,6.9,7.4,8.0,7.5,7.8,9.0,8.8,9.9,10.4
006088,4.6,4.2,5.2,5.3,5.6,6.3,6.4,6.6,6.4,6.8,7.2,7.3,7.5,6.7,7.2,7.8,7.8,9.0,9.2,9.4,8.8,9.4,10.9,11.4,12.4
006090,6.3,6.2,6.4,6.9,7.5,8.1,8.1,8.6,9.0,9.1,9.1,9.8,9.3,8.8,9.3,10.2,10.1,10.6,10.8,11.2,11.0,11.5,11.9,13.2,13.6
006091,4.8,5.8,6.1,6.5,6.9,6.7,7.2,7.9,7.7,7.9,8.0,9.4,8.8,7.6,8.3,9.3,9.6,9.3,9.7,11.2,10.2,10.9,12.0,12.9,13.1
006092,5.1,5.0,4.9,5.8,5.6,5.6,6.4,6.6,7.0,6.5,6.7,7.4,6.9,6.6,7.4,8.0,7.6,8.4,8.6,8.8,7.9,8.5,10.0,10.3,10.3
006093,5.6,6.6,6.2,6.9,6.5,7.7,8.2,8.5,8.1,8.1,8.9,9.1,8.3,8.1,9.8,9.1,10.0,10.0,11.2,11.2,10.4,11.2,12.3,12.9,13.1
006094,4.2,4.2,4.1,4.7,5.0,5.1,5.5,6.0,6.2,5.7,6.3,6.4,6.4,6.0,6.6,6.4,7.4,8.1,7.5,8.0,7.3,8.1,9.2,9.1,10.3
006095,7.0,7.3,8.1,8.0,8.5,9.6,9.7,10.1,10.9,9.8,10.3,10.5,11.0,10.0,11.0,10.6,11.5,12.0,12.5,13.0,12.1,13.1,13.7,14.7,14.9
006096,3.6,4.2,4.5,4.4,5.1,5.1,5.2,5.8,6.0,5.8,5.5,6.3,6.3,6.0,6.2,6.7,6.7,7.3,6.9,7.8,7.3,8.4,8.8,9.6,10.1
006097,2.5,2.7,3.1,3.0,3.5,3.5,4.2,4.0,4.3,4.3,4.3,5.0,4.8,4.8,5.0,5.2,5.7,5.7,6.2,6.4,5.7,6.7,6.7,7.7,8.3
006098,4.8,4.9,5.0,5.2,5.5,6.2,6.6,6.5,6.9,6.5,6.8,7.1,7.1,6.9,6.7,7.7,8.0,8.2,8.5,8.7,8.6,9.0,9.9,11.0,11.3
006099,7.6,7.8,8.7,9.2,9.2,9.6,10.4,11.6,11.1,10.4,10.9,11.8,11.5,11.1,11.5,11.7,12.3,12.7,12.8,13.9,12.5,13.6,15.3,16.2,16.4
006100,6.8,6.4,7.4,8.2,8.2,8.3,8.4,9.9,9.7,9.0,9.7,9.6,9.8,9.3,10.5,10.2,11.1,11.4,11.7,12.3,11.2,11.9,13.6,13.7,13.9
006101,4.6,5.2,6.1,5.7,6.2,6.3,7.6,7.3,7.6,7.4,8.4,8.8,8.1,7.7,7.9,9.2,8.9,9.8,10.0,10.6,10.2,11.5,12.1,12.5,14.0
006102,8.0,8.4,9.1,8.4,9.6,9.3,10.2,10.4,11.4,11.0,11.2,11.3,10.8,10.6,11.3,12.2,12.1,12.7,12.7,12.8,13.0,13.4,14.5,15.4,16.3
006103,4.7,4.8,5.1,5.5,5.7,5.9,5.7,6.4,6.5,6.7,6.8,7.1,7.3,7.1,6.8,7.0,7.9,8.4,8.2,9.0,8.7,9.5,9.1,10.2,10.9
006104,6.7,6.7,6.8,7.3,7.5,8.7,9.0,9.0,9.9,8.8,9.0,9.9,8.7,8.8,9.5,10.2,10.2,11.0,11.1,11.5,10.3,11.4,13.1,13.5,14.2
006105,5.2,5.8,6.1,6.0,6.4,6.9,7.4,8.1,7.7,8.2,7.9,8.2,7.8,7.7,8.1,9.0,9.8,10.1,10.4,11.0,10.0,11.7,12.1,13.6,13.2
006106,5.4,6.6,7.1,6.7,6.7,7.1,7.4,7.4,8.6,8.2,7.8,8.7,7.8,8.4,8.3,8.8,9.3,9.2,9.9,10.5,9.6,10.9,11.8,12.4,12.9
006107,5.5,5.7,5.5,6.2,7.2,7.5,7.9,8.0,8.1,8.1,8.5,8.5,9.0,7.9,9.0,9.5,10.5,10.2,10.9,10.6,9.8,10.9,12.3,13.5,13.5
006108,5.5,5.7,5.7,6.1,6.3,7.0,7.2,7.8,8.1,7.9,7.8,8.3,8.0,8.3,8.5,8.4,8.7,9.8,10.1,10.3,10.1,10.8,11.9,11.9,12.5
006109,2.8,3.3,3.6,4.1,3.9,3.9,4.6,4.9,5.3,4.8,5.3,5.5,5.5,5.4,5.2,5.8,6.0,6.0,6.6,7.1,6.4,6.9,7.5,8.6,8.7
006110,6.1,6.0,6.8,7.1,6.9,8.2,8.1,8.2,8.8,7.9,8.6,8.7,8.2,8.4,8.9,8.8,9.7,10.6,10.5,10.6,9.7,10.8,12.0,12.9,13.4
006111,4.9,4.9,5.3,5.9,5.5,6.8,6.6,6.9,7.5,7.5,7.5,7.8,7.6,7.6,7.5,8.1,8.7,9.0,9.7,9.3,8.8,9.8,10.3,11.1,11.5
006112,3.1,3.1,3.2,3.7,3.8,4.1,4.5,4.3,4.8,4.5,5.1,5.0,5.1,4.7,5.2,5.3,5.6,6.0,6.3,7.2,5.9,7.0,7.9,8.8,8.5
006113,6.7,7.2,7.3,7.5,7.5,8.9,9.2,9.4,9.5,9.0,10.1,9.9,10.1,10.0,10.1,10.7,10.8,11.3,11.9,11.6,12.0,11.4,13.1,14.9,14.7
006114,5.6,5.9,5.8,6.0,6.8,6.6,7.4,7.3,8.2,7.4,7.7,7.9,7.7,8.0,8.1,8.5,8.7,9.3,10.4,9.7,10.1,10.2,10.9,12.1,11.5
006115,6.7,7.1,7.1,7.7,7.7,8.3,8.4,8.8,9.1,8.9,8.6,9.6,9.2,9.2,9.7,10.1,10.3,10.7,11.2,11.8,10.8,11.5,12.4,13.5,14.0
006116,4.9,6.3,5.5,6.3,6.8,7.0,7.3,7.6,8.0,7.6,7.6,8.4,8.2,7.6,8.6,9.0,9.1,9.8,9.9,10.2,10.0,10.4,11.2,12.2,12.7
006117,4.2,4.4,4.9,4.8,5.0,5.9,6.0,5.9,7.1,6.4,6.5,7.3,6.8,6.4,7.1,7.5,7.5,8.2,8.4,8.5,8.0,8.6,9.9,10.3,11.4
006118,5.0,5.4,5.7,6.2,6.7,6.4,7.1,7.8,7.9,8.2,8.4,8.9,8.0,8.0,8.4,9.3,9.1,9.7,10.2,11.1,9.6,11.3,12.0,12.8,14.5
006119,4.8,4.5,5.2,5.0,6.0,6.0,6.5,7.3,7.0,6.5,7.4,7.3,7.0,6.9,7.8,8.0,7.9,8.6,9.2,9.1,8.9,9.8,10.8,11.0,11.8
006120,5.1,4.9,5.2,5.7,5.8,6.4,6.8,7.4,7.4,7.6,7.8,7.7,7.7,7.6,7.2,8.9,8.6,9.0,9.7,10.0,9.0,10.0,11.0,12.0,12.4
006121,5.2,5.7,6.2,6.4,6.7,6.6,7.6,7.9,7.9,7.9,7.8,7.7,7.6,8.2,8.3,8.5,8.6,9.4,9.2,10.1,9.4,10.0,11.7,11.3,12.0
006122,5.7,6.2,6.6,6.6,7.7,7.7,7.8,8.0,8.8,8.3,8.7,9.5,9.4,8.6,9.1,9.7,9.5,10.6,10.8,11.3,10.1,11.7,12.5,13.5,13.7
006123,7.0,7.1,7.0,8.0,8.6,8.9,9.0,9.4,9.9,9.3,10.3,9.7,10.0,9.8,10.3,10.9,10.9,11.4,11.7,12.3,11.4,12.4,13.2,13.5,14.5
006124,5.9,6.9,7.0,6.8,7.5,8.2,8.0,9.4,8.7,9.2,8.6,9.5,9.1,9.4,9.2,9.4,10.1,11.0,11.2,11.4,10.6,11.4,12.9,13.7,13.8
006125,5.1,5.8,5.5,6.3,6.8,6.6,6.8,7.5,8.0,7.6,7.8,8.7,8.3,7.6,8.5,8.7,9.0,9.6,10.2,10.6,9.5,10.9,11.3,12.5,13.3
006126,6.0,6.5,7.2,7.4,7.8,7.6,8.0,9.4,9.4,8.7,9.4,9.9,9.6,9.6,9.8,10.1,10.0,10.9,11.9,11.8,10.9,12.3,13.1,13.9,14.7
006127,3.2,3.3,4.0,3.8,3.8,4.2,4.4,4.3,4.7,4.7,5.0,5.3,4.8,5.1,5.2,5.7,5.6,6.2,6.1,6.9,6.1,6.8,7.2,7.7,8.2
006128,5.4,6.3,6.8,7.4,8.0,7.7,7.9,8.8,9.0,8.8,9.4,9.2,8.6,9.0,9.5,10.5,10.5,11.3,11.5,11.8,11.4,12.4,12.3,14.2,14.7
006129,5.5,5.7,6.0,6.1,6.7,7.5,7.5,7.8,8.0,8.0,8.0,8.2,8.2,8.4,8.3,8.7,9.1,9.4,10.2,10.5,10.0,10.8,11.2,12.1,12.6
006131,4.6,4.6,5.1,5.2,5.5,6.0,6.4,6.7,6.8,7.0,7.0,7.4,7.2,7.1,7.0,8.7,8.2,8.3,9.1,9.0,8.0,9.9,10.3,10.7,11.5
006132,4.8,5.1,5.4,5.0,5.9,6.2,6.3,6.5,7.3,6.6,7.0,7.5,7.5,6.9,7.0,8.2,8.4,8.6,9.3,9.6,8.9,10.1,11.1,10.8,11.8
006133,5.4,5.7,6.0,5.9,6.4,6.7,6.7,7.4,8.1,6.8,7.3,7.6,6.9,7.2,7.5,8.3,8.4,8.8,9.3,9.2,8.6,9.9,10.5,11.6,11.7
006134,6.3,6.3,6.7,7.3,7.8,7.8,7.7,8.7,8.6,8.7,8.5,9.7,9.4,8.9,9.2,9.7,9.8,10.6,11.0,11.0,10.7,11.5,12.3,13.7,13.0
006135,5.3,5.5,6.1,6.1,7.0,7.0,7.4,7.4,7.8,7.6,8.5,8.7,8.2,8.1,8.9,8.9,8.8,10.1,10.0,10.8,9.9,10.3,11.8,12.8,13.2
006136,5.7,6.1,6.4,6.4,6.9,7.4,7.5,8.1,8.6,8.2,8.4,9.1,8.4,8.5,8.5,9.0,8.9,10.4,10.1,10.6,9.6,10.9,11.3,12.1,12.6
006137,5.0,5.5,6.2,5.9,6.4,7.5,7.0,7.7,7.8,8.3,8.4,8.3,8.4,8.3,8.8,8.6,8.9,9.3,10.0,10.0,9.6,11.0,12.2,12.4,13.0
006138,7.0,6.9,7.5,7.5,8.1,8.5,9.5,9.3,9.4,9.3,9.1,10.1,9.7,9.7,9.5,10.9,10.2,11.5,11.5,12.9,11.3,12.3,13.8,14.1,14.6
006139,3.4,3.7,4.1,4.1,4.7,5.2,5.2,5.4,5.7,5.6,5.7,6.0,5.7,5.5,5.8,6.2,6.8,7.4,8.0,7.7,7.0,7.6,8.7,9.6,9.7
006140,5.8,6.2,6.7,7.0,6.9,7.7,8.2,7.9,8.2,8.3,8.9,8.8,8.5,8.6,8.8,9.1,9.8,10.2,10.8,10.8,10.6,11.8,11.8,12.7,13.3
006141,3.2,3.7,3.5,4.1,4.1,4.6,4.0,5.0,5.3,4.8,5.2,5.5,5.3,5.3,5.2,5.4,6.0,6.2,6.2,6.6,6.6,6.9,7.2,8.2,8.4
006142,3.9,3.9,4.3,4.7,5.0,5.2,5.6,5.7,5.7,5.5,5.9,6.6,6.1,5.8,6.0,6.6,6.9,7.6,8.0,8.1,7.7,9.2,9.1,9.9,10.2
006143,5.0,5.2,5.6,5.6,6.0,6.0,6.5,6.1,7.3,6.6,6.8,7.1,7.2,6.6,7.9,8.0,8.5,8.5,8.7,9.2,9.0,9.5,9.8,10.9,11.8
006144,6.0,6.0,6.4,6.5,7.2,7.2,7.2,8.1,8.1,8.3,8.5,9.4,8.5,8.2,8.6,8.8,9.5,10.5,10.8,11.0,10.0,11.3,12.7,12.1,13.9
006145,5.4,6.5,6.7,6.8,7.5,7.3,7.7,8.3,8.3,8.2,8.6,8.9,8.7,8.2,8.9,8.6,9.7,9.5,10.4,10.4,9.5,10.9,11.4,12.2,13.3
006146,4.4,4.4,5.2,5.2,5.5,5.4,5.5,6.4,6.1,6.1,6.5,6.8,6.3,6.5,6.6,6.8,6.9,7.5,8.0,8.3,7.9,8.9,9.0,9.6,10.0
006147,6.7,6.5,7.2,7.2,7.4,8.0,8.7,8.8,9.1,8.7,9.4,9.3,9.1,9.6,9.6,10.1,10.3,10.0,11.8,11.3,10.9,11.3,12.3,12.9,14.1
006148,5.5,5.4,6.4,6.9,6.7,7.2,7.7,7.7,8.4,8.6,8.6,8.8,8.4,9.2,9.6,9.1,10.4,10.8,11.0,11.8,10.6,11.9,11.9,13.4,14.1
006149,4.0,4.5,4.9,5.1,5.2,5.4,5.9,6.3,6.6,6.3,6.7,6.9,6.6,6.6,6.7,7.3,7.9,8.0,8.2,8.7,8.1,8.3,9.5,10.3,11.3
006150,4.7,5.0,5.0,5.5,6.1,6.1,6.5,7.3,6.9,7.1,7.3,7.4,7.3,7.1,7.7,7.6,8.2,8.7,9.1,8.6,8.8,9.8,10.0,10.6,12.0
006151,4.1,4.9,5.0,5.7,5.9,6.1,6.3,6.8,6.7,6.3,6.3,7.0,6.5,6.6,6.8,7.5,7.8,7.7,8.5,9.5,7.6,9.0,10.1,10.4,10.8
006152,6.1,6.2,7.1,7.2,7.9,8.0,8.3,8.5,9.4,8.2,9.2,9.8,9.7,8.7,9.8,9.7,11.1,10.3,10.9,11.4,11.1,11.3,12.6,13.3,14.5
006153,3.4,3.8,3.7,4.3,4.8,4.9,5.1,5.2,5.5,5.5,5.3,6.3,5.7,5.1,6.1,5.7,6.4,6.9,6.6,6.8,6.9,7.6,8.3,8.5,9.2
006154,3.4,3.7,4.3,4.4,4.6,5.0,5.3,5.7,5.9,5.3,5.6,6.4,6.3,5.6,6.4,6.6,6.8,7.3,7.3,8.0,7.6,8.3,9.0,9.8,10.6
006155,3.7,3.8,4.0,4.3,4.6,5.1,5.2,5.7,5.8,5.6,6.0,5.9,5.9,5.5,6.7,7.0,6.6,7.5,7.8,7.7,7.2,7.6,9.0,10.6,11.0
006156,3.6,3.8,4.1,4.5,4.4,4.8,4.9,5.4,6.0,5.4,6.0,6.2,5.6,5.4,6.2,6.2,6.7,7.4,7.3,8.2,7.4,8.1,8.7,8.9,9.6
006157,4.8,5.0,6.0,5.6,6.8,6.7,6.9,6.8,7.6,7.5,6.9,7.8,7.4,7.1,7.9,7.7,8.5,7.9,8.8,9.4,8.3,9.3,10.6,11.7,12.0
006158,5.4,5.6,6.4,6.4,6.9,7.4,7.5,7.8,8.2,7.7,8.3,9.0,8.4,8.7,8.8,9.2,9.9,9.7,10.8,10.3,10.0,11.1,11.7,13.5,13.1
006159,4.1,4.9,5.1,5.2,5.6,6.2,6.5,7.1,7.2,6.4,7.0,7.9,6.9,7.6,7.8,7.2,8.8,8.6,9.6,9.7,8.4,9.8,10.2,11.2,12.1
006160,4.5,5.1,5.3,5.7,6.2,6.8,6.2,7.0,7.7,7.3,7.4,7.7,7.8,7.5,8.1,8.2,8.3,9.6,9.7,9.5,9.0,9.9,11.2,12.0,12.0
006161,5.7,6.3,6.5,6.8,7.2,7.0,7.7,9.3,8.9,8.4,9.3,8.9,9.2,9.1,8.8,9.0,9.8,10.5,10.1,11.1,10.0,11.8,12.3,12.7,13.5
006162,5.9,6.6,6.7,7.3,7.8,7.5,8.1,8.3,9.3,8.8,8.8,10.1,9.3,9.0,10.1,9.3,10.9,10.6,11.2,11.1,10.6,12.0,13.1,14.0,14.3
006163,6.1,5.6,6.2,6.4,6.9,7.2,8.4,8.1,8.9,8.2,8.3,8.6,8.8,8.4,8.9,8.5,10.1,9.8,10.5,10.9,9.6,10.8,12.2,12.9,14.0
006164,5.8,5.9,6.2,7.2,7.3,7.4,8.0,8.2,7.9,8.2,9.0,8.9,8.8,7.9,8.9,9.3,9.3,10.2,10.4,10.2,10.2,11.1,11.7,12.7,13.2
006165,6.0,6.6,6.3,6.5,6.7,7.6,7.9,7.9,8.1,8.0,8.1,8.5,8.2,7.9,8.5,9.2,9.6,9.4,9.5,10.1,9.7,10.4,11.0,12.3,12.5
006166,3.9,4.1,4.5,4.9,4.9,5.6,5.1,5.5,5.8,5.7,5.9,5.7,6.1,6.0,6.4,6.3,6.6,7.5,7.1,7.5,7.7,7.7,9.1,9.8,10.2
006167,7.1,7.9,7.9,8.4,8.1,8.8,9.2,10.2,9.8,10.1,10.3,10.8,10.2,10.7,11.3,11.1,11.6,11.6,12.7,12.4,12.8,13.0,14.6,15.4,15.9
006168,5.9,6.5,6.3,6.9,7.0,7.5,7.4,8.3,8.5,8.3,8.7,8.8,8.9,8.5,8.9,9.7,9.7,10.4,10.1,10.8,10.2,10.9,12.0,12.9,13.5
006169,4.5,4.4,4.8,5.4,4.8,5.8,5.7,6.6,6.9,6.6,7.3,7.2,7.0,6.6,7.2,7.6,7.3,8.4,8.9,9.0,9.0,9.3,10.7,10.4,11.8
006170,6.2,6.3,6.7,6.9,6.6,7.9,7.6,7.8,8.2,8.2,7.8,9.2,8.3,8.5,8.6,8.7,8.9,9.9,10.5,10.2,10.1,10.9,11.0,11.7,12.7
006171,6.7,6.2,6.8,7.1,7.0,7.5,8.0,8.1,8.7,8.6,8.7,9.3,8.6,8.9,8.9,9.0,10.1,10.5,10.7,10.6,10.0,11.2,12.8,13.3,13.2
006172,5.2,5.9,5.7,6.6,6.4,6.7,7.6,7.5,8.1,7.4,8.1,8.2,7.6,8.0,8.3,8.7,9.3,9.6,9.6,10.6,9.2,11.0,10.1,12.7,13.2
006173,5.2,5.6,5.8,6.1,6.5,6.7,6.7,7.8,7.4,7.2,7.8,8.7,7.6,7.7,7.8,8.7,8.9,9.5,9.8,9.4,9.4,10.3,11.5,11.2,12.4
006174,5.5,5.9,5.8,6.4,6.9,6.8,7.6,7.6,8.6,8.0,8.3,8.2,8.4,8.7,8.2,9.6,9.0,9.7,10.0,10.8,10.0,10.4,11.2,12.7,13.0
006175,4.3,4.8,5.0,5.2,5.8,5.9,6.2,6.7,6.9,6.8,6.6,7.5,7.7,6.8,7.5,7.5,7.9,9.2,9.2,8.8,7.7,9.4,10.2,11.5,11.1
006176,7.3,7.0,7.1,7.8,8.4,8.1,8.9,8.7,10.1,9.0,9.6,9.8,9.8,10.1,10.3,10.3,10.8,11.1,12.0,12.4,11.2,11.9,12.8,14.3,14.6
006177,4.7,5.0,5.2,4.8,5.6,6.3,6.0,6.7,6.6,6.4,6.9,7.0,6.8,7.0,6.8,7.4,7.7,8.3,8.1,8.7,7.8,8.9,9.5,10.9,11.3
006178,4.7,5.0,5.5,5.9,6.1,6.3,6.9,6.9,7.4,7.2,7.7,8.4,7.2,7.4,7.5,7.2,8.3,8.3,8.9,9.0,8.8,9.9,10.4,11.3,10.7
006179,3.7,3.6,4.3,4.0,4.7,4.7,5.4,5.5,5.6,5.1,5.9,6.4,6.0,5.6,6.0,6.5,6.5,7.8,7.7,8.2,7.4,8.1,9.1,10.2,10.1
006180,4.3,4.6,5.1,5.4,5.7,6.1,6.2,6.5,6.4,6.5,7.2,7.3,7.0,6.7,6.8,7.4,7.8,8.3,8.5,9.2,8.3,9.6,9.3,10.8,11.3
006181,7.8,8.0,9.6,9.1,9.8,10.2,10.9,11.1,12.2,11.7,11.3,12.4,11.2,11.2,12.2,12.5,12.9,13.9,14.0,14.2,13.4,14.5,15.2,17.5,17.1
006182,6.1,7.1,6.8,7.2,7.2,8.3,8.0,8.6,9.3,8.9,9.3,9.4,9.4,9.7,9.5,10.2,10.7,10.9,11.5,11.9,11.2,12.1,13.7,13.2,14.6
006183,5.4,5.8,6.1,6.6,6.8,6.9,7.8,7.2,8.7,8.1,8.1,8.7,8.1,8.0,8.4,8.2,9.5,9.9,10.1,10.3,10.1,10.6,11.9,12.2,12.7
006184,5.3,5.5,6.0,6.4,6.3,6.9,6.7,7.9,7.8,7.6,7.4,8.2,7.9,7.8,8.5,8.3,9.3,9.6,9.8,9.9,9.7,10.4,11.5,12.4,12.7
006185,4.2,4.6,5.0,5.3,5.7,5.8,6.0,6.5,6.8,6.9,6.5,7.3,7.2,7.0,7.4,7.8,7.9,8.2,9.1,8.7,7.9,9.2,10.3,10.7,11.8
006186,2.8,3.1,3.2,3.9,3.7,3.9,4.1,4.8,4.9,4.7,5.3,5.1,5.3,5.1,5.4,5.6,6.1,5.8,6.4,6.8,6.7,6.5,7.2,8.5,8.3
006187,6.2,6.3,6.4,6.8,6.9,7.3,7.6,7.9,8.6,8.8,8.8,8.8,8.9,8.7,9.0,9.7,9.9,10.8,10.3,11.4,9.8,11.1,11.8,12.8,13.6
006188,4.6,5.1,4.9,5.3,5.7,5.7,6.1,6.3,6.9,5.6,7.0,7.0,6.9,6.8,7.1,7.2,7.3,8.1,8.1,9.2,8.2,8.7,9.8,10.6,11.2
006189,5.8,7.3,7.3,7.5,8.2,8.2,7.9,9.1,9.4,9.9,9.2,10.0,8.7,9.7,9.6,9.6,11.1,10.8,11.4,11.8,11.0,11.5,12.8,13.6,13.9
006190,3.9,3.9,4.6,4.4,4.6,5.2,5.2,6.0,6.1,5.7,5.8,6.6,6.2,5.7,6.2,6.7,6.9,6.7,7.3,8.0,7.7,8.2,8.6,9.3,9.9
006191,4.3,5.3,5.2,5.0,5.6,5.9,6.3,6.3,6.8,6.2,6.8,7.1,6.5,6.7,7.1,7.2,7.4,8.3,8.5,8.6,8.0,9.2,9.7,10.4,10.8
006192,4.8,5.3,5.5,5.6,6.3,6.6,6.4,8.1,7.2,7.5,7.8,8.2,7.7,8.2,8.2,8.9,9.2,9.4,10.3,10.9,9.2,10.4,11.6,13.0,12.5
006193,5.9,5.9,6.3,6.6,7.4,7.4,7.9,7.9,8.2,7.7,8.0,8.2,8.3,7.7,8.3,8.6,9.3,9.9,9.2,9.8,9.9,10.5,10.8,12.0,12.9
007001,4.5,5.4,5.5,5.8,5.9,6.2,7.0,6.8,7.2,6.7,7.2,7.5,7.5,7.3,7.5,8.0,8.3,8.8,8.8,9.2,8.7,9.6,10.5,11.2,11.2
007002,4.5,4.9,5.4,5.4,5.6,6.0,6.1,6.7,6.9,6.3,6.8,8.2,7.3,7.2,7.7,8.0,8.1,8.6,8.8,9.4,8.5,9.9,10.6,11.4,11.5
007003,6.9,6.7,7.0,7.3,7.8,8.6,9.0,8.7,9.4,9.0,9.6,9.6,9.4,9.9,10.0,10.6,11.1,11.0,11.8,11.4,11.1,11.6,11.8,13.1,13.8
007004,4.7,5.0,5.6,6.1,6.9,6.6,7.4,8.2,8.2,8.1,8.3,8.3,8.7,8.5,8.4,9.0,9.9,9.7,10.0,10.3,10.3,12.2,12.5,13.2,13.4
007005,4.4,4.6,5.0,5.4,5.8,5.7,5.7,6.5,6.5,6.4,6.4,6.8,6.9,7.0,7.1,7.7,7.4,8.4,8.3,9.1,8.3,9.1,9.9,10.8,11.4
007006,7.0,7.2,7.7,7.7,7.6,8.6,9.1,8.6,9.4,8.7,10.3,9.7,9.9,10.1,10.1,10.5,11.1,11.1,11.4,12.1,11.6,12.4,13.8,14.6,14.5
007007,4.4,4.8,5.3,5.3,5.6,5.8,6.0,6.5,7.1,6.6,7.1,7.3,7.1,6.6,7.2,8.1,8.1,8.8,8.3,9.2,8.6,9.4,9.6,11.3,11.6
007008,3.6,3.4,3.9,3.7,4.4,4.9,4.3,4.9,5.2,4.9,5.1,5.5,5.4,5.2,5.5,5.8,6.0,6.6,6.3,7.1,6.1,7.2,7.8,8.3,8.2
007009,4.3,4.3,4.6,4.9,5.4,6.0,5.7,6.2,7.2,6.3,6.5,7.6,7.3,6.7,7.0,7.3,7.4,7.6,8.5,8.5,8.1,9.3,9.8,11.1,11.6
007010,6.8,6.7,6.9,7.8,7.6,8.1,8.6,8.6,9.0,8.4,9.0,9.4,9.5,9.2,9.6,10.0,9.6,10.8,11.2,11.6,10.9,12.3,12.1,13.1,12.9
007011,5.5,5.7,6.8,7.2,6.8,7.8,7.7,8.4,8.9,8.0,7.9,8.7,8.6,8.6,8.7,9.7,10.4,9.8,10.7,11.9,10.7,11.8,13.2,13.9,14.9
007012,4.3,4.5,4.5,5.3,5.5,5.7,5.9,6.3,6.7,6.2,6.9,7.3,7.1,6.9,7.4,8.2,7.9,8.2,8.4,9.3,8.5,9.4,10.4,11.0,12.3
007013,2.9,3.1,3.8,3.9,3.7,4.2,4.3,4.7,4.9,4.3,4.5,4.8,5.2,5.1,4.9,5.6,5.6,6.0,6.4,6.9,6.5,7.3,7.2,7.8,8.4
007014,3.6,3.8,4.1,4.5,4.6,4.7,5.2,5.3,5.6,5.8,6.2,6.4,5.9,6.3,6.0,6.2,6.9,7.9,6.6,8.3,6.9,8.0,9.2,9.4,9.7
007015,5.2,5.1,5.8,5.8,6.0,6.4,6.9,7.1,7.0,7.2,7.3,7.4,7.5,7.3,7.7,8.0,8.4,8.6,8.7,9.2,8.3,9.2,9.9,10.9,11.6
007016,5.1,4.7,5.9,5.7,5.6,6.0,6.3,7.3,7.7,6.7,7.5,7.7,7.0,7.2,7.6,8.3,8.7,8.8,9.3,9.9,8.6,10.1,11.2,11.0,11.6
007017,6.2,6.9,7.2,7.3,8.0,7.9,8.4,9.0,9.0,8.2,9.0,9.8,9.0,9.2,9.2,9.8,9.8,10.5,10.1,10.8,10.1,11.3,12.2,12.4,12.7
007018,4.3,4.8,4.6,5.0,5.1,5.9,5.7,6.5,6.6,6.2,6.8,6.9,6.8,6.5,6.7,7.4,7.4,7.6,8.4,9.1,7.7,9.1,9.3,9.9,11.4
007019,6.4,6.3,7.2,7.9,8.5,8.3,9.3,8.8,10.0,9.5,10.0,9.8,10.2,9.3,10.4,10.1,10.2,11.7,12.4,12.4,11.7,13.0,14.3,14.1,14.2
007020,5.1,5.8,5.8,6.3,6.9,6.9,8.4,8.0,8.4,8.0,8.2,9.2,7.9,7.8,8.4,8.9,9.7,10.1,10.7,10.9,9.6,10.4,12.2,12.0,13.8
007021,3.1,3.4,3.5,3.7,4.0,4.1,4.3,4.4,5.2,4.8,4.9,5.5,5.6,5.1,5.6,6.0,5.5,6.5,6.9,7.7,6.9,7.2,7.4,9.1,8.8
007022,5.8,5.9,7.2,7.0,7.2,8.3,7.9,7.8,9.0,8.8,7.8,9.4,8.8,8.6,9.2,8.4,9.2,9.8,11.2,11.3,10.0,10.8,11.9,13.4,12.9
007023,7.9,7.8,8.6,8.3,9.8,9.9,10.0,10.4,10.6,10.3,10.5,10.7,10.6,10.7,11.0,11.3,12.3,12.0,12.4,12.8,11.3,13.5,14.7,14.7,14.9
007024,3.7,3.9,4.4,4.5,5.1,5.3,5.0,6.2,7.0,6.1,6.4,6.9,6.9,6.6,7.4,6.9,7.5,8.4,8.8,9.4,8.5,10.1,10.6,11.2,11.4
007025,5.6,6.3,6.2,6.8,7.5,7.9,7.9,8.3,8.4,9.0,8.5,8.7,9.1,8.7,9.0,9.9,10.6,10.6,11.1,11.0,10.7,11.8,12.9,13.6,14.4
007026,7.0,7.0,7.6,7.8,8.1,8.6,9.3,9.3,9.1,9.6,10.2,10.7,9.4,10.1,9.7,11.0,11.3,11.9,12.8,12.9,11.5,13.1,14.3,16.2,16.3
007027,5.6,6.2,6.3,7.0,6.6,7.9,7.8,8.0,7.8,8.5,8.8,9.5,8.4,7.9,8.4,9.5,9.2,10.3,10.2,10.7,10.1,11.2,11.9,14.1,13.4
007028,4.0,4.5,4.6,5.0,4.8,5.3,5.7,5.6,5.9,5.7,5.6,6.0,5.8,5.4,6.4,6.4,6.5,7.1,6.8,7.1,7.1,7.2,7.9,8.6,9.4
007029,6.4,6.7,6.6,7.2,7.3,7.9,8.7,8.8,9.4,8.4,9.3,8.7,8.5,9.1,8.9,9.2,9.7,10.6,10.3,10.9,9.9,11.2,12.4,12.8,13.0
007030,7.8,7.6,8.1,9.0,9.6,9.3,9.1,10.3,10.7,9.7,10.6,11.1,10.2,10.4,11.1,11.9,11.7,12.1,12.1,13.2,11.8,13.4,14.4,14.9,15.6
007031,4.3,4.3,5.2,4.9,5.5,5.6,6.1,6.4,6.8,6.3,7.1,7.0,7.1,7.0,7.3,7.6,7.7,7.7,8.9,9.3,8.0,9.5,10.7,11.2,11.8
007032,5.6,6.1,5.7,6.6,6.7,7.3,7.7,8.1,8.7,8.1,8.4,9.5,8.4,8.4,9.3,9.6,9.8,10.9,10.9,11.1,10.5,11.4,12.6,13.8,13.9
007033,8.2,8.7,9.1,9.3,9.6,10.6,10.4,10.6,10.7,10.7,10.9,11.3,11.4,10.5,10.8,11.0,12.6,12.8,13.6,14.1,12.7,13.8,15.0,15.5,16.5
007034,7.8,8.4,8.3,8.6,9.6,9.7,10.2,10.5,11.1,9.9,11.3,11.0,11.4,10.9,11.2,11.5,11.7,13.1,13.8,13.4,12.3,13.6,14.1,15.7,16.0
007035,5.6,7.0,6.9,7.5,7.3,7.5,8.1,8.6,9.3,8.6,8.7,9.3,8.8,8.9,9.5,9.1,9.9,10.2,10.7,11.3,10.1,11.5,12.6,14.3,13.5
007036,4.9,4.9,5.9,6.4,6.1,6.7,6.9,7.3,8.0,7.2,7.7,8.2,8.1,7.6,7.4,8.3,9.1,9.6,9.4,10.4,9.0,10.1,11.1,11.9,11.9
007037,4.6,5.4,5.6,5.9,5.8,7.1,6.7,7.5,7.7,6.8,7.3,8.0,8.1,7.4,7.6,8.3,8.4,9.0,10.0,9.6,9.0,9.8,11.0,12.3,11.9
007038,3.9,3.9,4.6,4.6,4.9,4.9,5.2,5.8,6.0,5.7,6.1,6.1,5.8,5.7,6.0,6.4,6.9,7.2,7.2,7.4,7.0,8.0,8.4,9.5,9.5
007039,7.0,7.0,6.9,7.4,7.9,8.2,8.8,9.4,9.7,9.0,9.1,9.9,9.7,10.0,9.4,10.0,10.6,10.9,11.3,12.2,11.4,12.0,13.0,13.9,14.2
007040,6.3,6.5,7.4,8.3,8.1,8.6,9.0,9.7,11.1,9.2,11.0,10.5,10.0,10.9,10.5,11.7,11.2,12.3,12.6,12.9,12.9,13.1,14.8,15.2,16.5
007041,5.7,5.5,6.2,7.0,7.3,7.9,8.0,8.0,9.4,8.9,9.4,9.5,9.4,8.5,10.0,10.3,10.6,11.4,11.1,11.7,10.5,11.9,13.1,14.2,14.7
007042,5.2,6.0,6.9,6.7,7.0,7.3,7.6,8.8,8.6,7.9,8.3,8.8,8.7,8.9,8.7,9.8,9.4,10.0,10.7,11.0,9.7,11.5,12.2,13.1,13.4
007043,5.0,4.8,5.3,5.5,6.2,6.0,6.8,6.4,7.2,6.7,7.2,7.4,6.6,7.8,7.3,8.0,8.1,8.7,8.6,8.7,8.7,9.3,10.3,10.8,11.6
007044,3.7,4.0,4.5,4.8,4.6,5.0,5.4,5.4,6.1,5.2,5.9,6.0,5.5,5.5,6.1,6.0,6.5,6.6,7.5,7.2,7.4,7.8,7.9,9.2,9.0
007045,3.7,3.7,4.2,4.1,4.5,5.4,5.4,5.2,5.6,5.5,5.5,5.7,5.7,5.9,6.1,6.7,6.5,7.6,7.2,7.5,7.2,8.1,8.2,9.4,9.9
007046,9.0,9.0,10.1,10.3,10.7,10.3,11.1,11.5,11.8,11.7,11.8,12.3,12.8,11.8,12.2,12.6,13.1,13.2,14.5,15.0,14.1,14.7,16.3,17.2,17.2
007047,5.0,5.4,5.5,5.9,6.3,6.3,7.1,7.5,7.2,7.1,7.6,7.8,7.3,7.4,8.6,8.2,8.8,8.9,9.5,9.7,8.9,10.5,11.1,11.5,12.0
007048,3.2,3.4,4.1,3.8,4.0,4.3,4.5,5.0,5.3,5.2,5.7,6.1,5.7,5.4,5.9,6.0,6.7,6.8,7.5,7.1,7.2,8.1,8.3,9.5,10.0
007049,3.9,4.1,4.8,4.5,4.9,5.0,5.4,5.7,6.0,6.0,6.5,6.3,5.7,6.4,6.7,7.5,7.5,7.8,8.3,8.2,7.9,8.4,9.8,10.9,10.9
007050,7.5,7.9,7.9,8.5,9.5,9.3,9.8,10.0,10.6,10.2,10.7,10.5,10.9,9.8,10.8,10.8,12.6,12.3,12.0,13.2,12.4,12.4,14.4,15.8,16.1
007051,7.0,7.8,8.0,7.8,8.4,8.5,8.9,9.4,10.1,9.9,10.3,10.4,9.9,10.0,10.2,9.8,11.1,11.6,11.9,11.9,11.1,12.0,12.7,14.1,14.1
007052,9.3,9.9,10.2,10.9,11.7,11.5,12.3,12.6,13.2,11.8,13.4,13.5,13.0,13.4,12.7,13.7,13.8,14.2,15.1,15.2,14.4,15.6,16.6,17.6,18.7
007053,5.2,5.6,5.7,6.2,6.7,6.6,7.4,7.5,8.3,7.2,7.8,8.7,8.2,8.4,8.4,8.6,9.2,9.4,10.1,9.9,9.8,10.5,12.0,12.7,12.6
007054,8.1,8.4,9.1,9.5,8.8,10.4,10.7,10.4,11.9,11.2,11.3,12.1,10.7,11.8,11.8,12.3,12.9,13.8,13.9,14.5,13.3,15.0,15.7,16.6,17.5
007055,5.0,5.6,5.9,6.3,6.4,6.2,7.3,7.3,7.5,7.6,7.9,7.6,7.4,7.8,7.8,8.4,8.9,9.3,9.5,9.9,9.3,9.9,10.8,12.1,12.1
007056,4.6,4.3,5.1,5.4,5.1,6.2,5.9,6.8,6.6,6.4,7.1,7.0,6.9,7.0,7.4,8.3,8.3,8.6,9.0,8.9,8.4,9.1,10.7,11.0,12.1
007057,5.4,5.8,6.4,7.1,6.7,6.8,7.1,8.0,8.7,8.0,8.7,8.3,8.6,8.5,8.1,8.6,9.3,10.1,10.1,10.5,9.6,10.7,11.5,11.8,12.5
007058,5.9,6.0,6.5,6.8,7.1,7.5,7.9,8.1,8.4,8.0,8.3,8.7,8.8,8.3,8.5,9.3,10.0,10.4,10.8,10.5,9.9,11.0,11.8,13.6,13.5
007059,8.5,9.0,9.5,9.8,10.6,10.8,10.7,11.0,11.2,11.2,12.0,11.3,12.4,11.8,12.0,11.7,12.8,13.2,13.5,14.7,13.5,14.7,15.1,17.1,17.5
007060,4.0,3.9,4.0,4.5,5.1,5.6,5.7,6.1,6.0,6.5,6.7,7.2,6.7,6.9,7.1,6.6,7.7,8.3,8.6,8.6,7.9,9.6,10.5,10.8,12.1
007061,4.5,4.8,5.0,5.0,5.8,5.8,6.4,6.3,7.2,6.5,6.8,7.3,7.4,6.9,7.1,7.9,8.2,8.5,8.6,8.8,8.3,9.3,10.3,10.7,10.9
007062,6.7,7.0,7.3,7.5,7.7,8.2,8.6,9.0,9.9,10.2,9.9,10.3,9.5,10.1,10.1,10.7,11.0,11.9,12.2,12.9,12.2,12.6,14.9,15.0,15.8
007063,5.0,4.9,5.5,5.9,6.1,6.4,7.2,7.4,7.9,6.5,7.1,7.7,7.4,7.5,7.6,7.9,8.9,8.8,9.7,9.4,9.3,9.9,10.8,11.7,12.0
007064,6.0,6.3,6.6,6.6,7.6,7.6,8.4,8.5,9.3,8.2,8.9,9.3,9.5,8.6,8.7,9.5,9.2,10.7,10.2,11.7,10.3,10.8,12.5,12.8,13.4
007065,5.0,5.5,5.1,6.1,6.6,6.8,6.9,7.2,7.9,7.0,7.4,7.7,7.9,7.8,8.0,8.0,8.9,9.2,9.0,9.2,9.3,10.2,11.6,12.4,11.9
007066,7.9,7.7,8.1,8.2,8.9,9.4,9.3,10.3,11.3,10.2,10.9,10.6,10.8,10.7,11.1,12.1,11.9,12.4,12.3,13.8,11.8,13.6,14.1,15.4,16.4
007067,5.1,5.5,6.0,5.7,6.5,6.8,7.1,7.3,7.5,7.6,7.5,7.9,7.6,7.6,8.1,8.6,8.7,9.4,9.0,9.8,8.9,10.7,11.2,11.6,12.9
007068,3.9,4.1,4.7,4.7,4.8,5.6,5.6,5.6,6.9,5.7,6.5,7.0,7.2,5.7,7.3,7.4,8.0,7.8,8.3,9.1,8.3,9.5,10.7,11.2,12.4
007069,4.2,4.5,4.7,5.4,5.4,5.7,6.1,6.2,6.4,6.4,7.1,7.5,6.8,6.8,7.0,7.7,7.7,7.8,8.8,8.8,8.1,8.9,9.8,10.4,10.8
007070,6.5,7.0,7.8,7.9,8.5,9.1,9.6,9.4,9.9,9.8,10.3,10.6,9.3,10.6,10.1,10.6,11.3,11.9,11.7,12.9,11.6,12.6,13.8,14.9,15.5
007071,4.8,5.3,5.9,5.7,5.7,6.5,7.2,7.2,7.5,6.7,7.5,8.1,7.5,7.0,7.1,7.5,8.1,8.4,8.5,9.3,8.9,9.5,10.1,10.8,11.3
007072,4.4,4.6,4.9,5.0,5.2,5.7,6.1,6.2,6.7,7.2,6.8,7.3,7.1,7.6,6.8,7.5,8.1,8.2,8.7,8.8,8.3,9.1,10.1,10.3,11.2
007073,5.0,5.0,5.4,6.1,6.0,6.2,6.2,6.6,7.2,6.8,7.0,7.2,7.0,6.9,7.6,7.8,7.6,8.4,8.7,9.3,8.1,9.7,9.6,10.1,11.3
007074,3.6,3.7,3.7,3.9,4.4,4.3,4.5,5.4,5.8,5.3,5.2,5.3,5.6,5.3,5.9,6.3,6.8,6.5,6.3,7.4,7.3,8.5,7.8,8.6,9.6
008001,4.2,4.9,4.8,4.9,5.1,5.5,6.2,6.3,6.8,6.1,6.5,6.7,6.9,6.2,6.8,6.8,7.5,7.2,8.0,7.5,7.9,8.4,9.3,10.3,10.3
008002,5.1,5.1,5.4,5.7,6.5,6.5,6.5,7.1,7.1,6.8,7.3,7.5,7.6,7.4,7.0,7.4,8.3,8.2,8.3,9.2,8.5,9.7,9.8,11.0,10.7
008003,6.2,7.2,6.9,8.0,7.7,8.4,8.4,9.0,10.1,8.9,9.5,10.0,9.6,9.1,9.6,10.1,11.0,11.1,11.3,12.4,10.7,11.7,13.4,13.5,14.4
008004,6.2,6.7,7.0,7.3,7.6,8.3,8.8,9.1,9.6,9.0,9.4,9.7,9.0,9.2,9.7,10.5,9.7,10.6,11.2,11.1,11.1,11.5,13.1,13.9,14.1
008005,5.4,5.5,5.9,6.0,6.6,6.7,7.3,7.3,7.7,7.4,8.0,7.5,8.1,8.0,8.6,8.2,8.7,8.8,9.4,10.4,9.7,10.5,11.5,12.3,12.5
008006,4.2,4.9,4.7,5.5,5.4,6.2,5.9,6.8,7.1,6.6,6.7,7.0,7.3,6.6,7.3,7.5,7.8,8.5,8.5,9.2,8.4,9.2,10.2,10.9,11.4
008007,7.2,7.4,7.3,7.7,8.0,8.1,8.7,9.4,10.0,9.2,9.4,10.0,10.2,9.5,9.6,10.2,10.5,11.0,11.7,11.9,10.7,12.2,12.8,13.6,13.5
008008,5.1,6.0,5.8,6.5,6.4,7.3,7.7,7.9,8.7,7.8,8.3,8.6,8.1,8.2,8.3,8.9,9.2,9.2,9.9,10.2,10.5,10.7,11.6,12.0,12.4
008009,5.9,5.9,6.6,7.1,7.7,7.7,8.2,8.6,9.2,8.6,8.8,8.7,8.6,8.8,8.5,9.6,9.8,10.5,11.2,11.6,10.2,12.2,13.1,13.9,13.5
008010,3.3,3.1,3.7,3.8,4.0,4.6,5.3,4.7,5.2,5.3,5.7,5.9,5.7,5.7,5.7,6.4,6.7,6.9,6.8,7.8,6.6,7.5,8.3,9.1,9.2
008011,5.0,5.2,5.5,5.3,5.8,6.6,7.0,6.9,7.2,7.0,7.0,7.3,7.7,6.7,7.3,8.4,8.5,9.2,8.6,9.7,9.1,9.3,10.9,12.5,11.9
008012,7.5,7.9,8.8,9.0,9.5,10.1,10.6,10.4,10.9,10.6,11.5,11.5,11.8,11.2,11.1,12.3,12.4,12.8,13.5,14.4,12.9,14.7,15.3,16.2,16.1
008014,4.7,5.0,5.0,5.2,6.0,5.6,6.6,6.5,7.6,6.5,7.6,7.2,7.3,6.8,7.4,7.3,7.9,9.0,7.7,9.2,8.5,10.1,10.3,10.8,11.6
008015,5.1,6.0,5.9,6.2,6.5,6.7,7.2,7.5,7.8,7.7,8.2,8.7,8.0,8.1,8.9,8.8,9.7,9.8,10.4,11.2,9.3,10.8,11.3,12.8,13.1
008016,4.5,5.2,5.0,5.9,5.6,6.0,6.4,6.9,7.8,6.9,7.1,7.5,7.1,7.7,7.6,8.0,8.5,9.0,9.7,9.6,9.4,10.2,11.8,12.1,12.0
008017,8.5,7.9,8.6,9.4,9.3,9.3,10.5,10.7,11.2,10.4,11.2,11.1,10.8,11.1,11.4,11.1,12.3,12.6,12.9,13.6,12.8,14.0,15.4,15.8,16.5
008018,5.4,5.7,5.7,6.2,6.5,6.9,7.1,7.1,7.9,7.5,7.9,8.1,8.0,7.8,8.1,8.9,8.6,8.9,10.0,10.1,8.6,10.2,10.5,11.8,12.7
008019,6.5,7.0,7.4,7.0,7.6,7.9,8.5,8.6,9.4,9.1,9.2,9.3,9.1,9.7,9.8,9.9,10.6,10.6,11.1,10.7,10.3,11.9,13.1,14.6,15.0
008020,6.4,7.1,7.9,7.5,7.7,8.4,8.6,9.1,9.1,9.2,9.4,9.7,9.0,9.4,9.4,9.8,10.2,10.1,10.9,11.6,10.9,11.6,12.7,13.4,13.6
008021,4.6,4.7,4.9,5.3,5.3,5.8,6.6,6.8,7.1,7.2,7.3,7.4,7.9,6.7,7.6,7.9,8.5,8.5,9.1,9.3,8.7,10.0,10.7,12.0,12.1
008022,5.3,5.2,5.8,5.8,5.6,6.6,6.6,6.8,6.8,7.0,7.7,8.2,7.4,7.6,7.7,7.9,8.3,8.6,9.2,9.1,9.1,9.6,10.8,10.5,11.7
008023,3.0,2.9,3.7,3.6,3.8,4.2,4.4,4.7,5.2,4.5,5.3,5.5,5.2,4.8,5.5,5.8,5.8,6.6,6.6,6.7,6.1,6.9,8.1,8.5,8.6
008024,7.9,8.2,8.3,8.8,9.8,9.9,10.3,10.7,11.2,10.4,10.8,10.5,10.8,10.5,11.1,11.2,11.8,12.1,13.0,13.5,12.4,13.6,13.9,15.1,14.8
008025,5.2,5.5,5.4,6.2,6.6,6.7,7.6,7.8,8.7,8.0,8.5,8.0,8.2,8.8,8.1,9.0,9.8,9.5,9.5,9.9,9.2,10.4,11.9,12.6,13.0
008026,5.8,5.6,6.4,6.2,6.8,7.8,7.5,8.0,8.3,8.5,8.4,8.9,8.2,8.6,9.0,9.8,9.6,9.8,10.6,11.1,10.3,11.0,12.1,13.2,13.6
008027,5.9,5.9,6.0,6.4,7.1,7.6,7.8,8.4,8.1,8.6,8.8,8.7,8.9,8.9,9.1,9.4,9.9,10.0,10.3,10.7,10.2,11.0,12.2,13.1,13.5
008028,6.0,6.4,7.6,7.3,7.9,7.8,9.2,9.1,9.9,9.1,9.3,9.6,9.3,9.3,9.2,9.7,10.3,10.9,10.8,11.7,11.0,11.7,13.2,14.2,14.7
008029,4.7,4.8,5.1,5.5,5.4,5.8,6.4,7.1,7.1,6.5,6.6,7.8,7.5,7.3,7.6,8.1,9.2,8.7,9.1,9.6,8.7,9.9,10.8,11.4,11.5
008030,5.0,5.5,5.5,5.9,6.6,6.7,7.2,8.0,8.0,8.1,8.0,8.4,8.5,7.9,8.6,9.1,9.2,9.3,10.3,10.3,10.2,10.8,12.1,12.8,12.3
008031,5.4,5.5,5.9,6.1,6.7,6.8,7.0,7.3,7.8,7.5,8.0,8.2,8.0,8.3,7.9,8.4,8.9,9.1,9.3,9.8,9.2,10.4,11.0,12.4,12.0
008032,5.4,5.6,6.5,6.8,6.6,7.5,7.9,8.3,8.9,8.4,8.5,8.7,8.7,8.4,9.0,10.0,9.4,10.4,10.3,11.1,10.9,11.5,11.7,13.5,12.7
008033,3.2,3.3,3.9,3.8,4.6,4.3,4.8,5.2,5.4,5.0,5.2,6.0,5.8,5.2,5.7,6.3,6.9,6.8,7.5,8.2,7.1,7.6,9.2,10.1,9.8
008034,6.1,6.6,6.6,7.0,7.4,7.8,8.2,8.3,8.5,8.3,8.3,9.0,8.9,8.6,8.9,9.6,9.7,9.8,10.7,10.7,9.8,11.1,11.9,12.7,12.8
008035,6.2,6.4,6.4,6.8,7.6,7.7,7.8,7.8,8.5,8.0,8.0,8.2,7.8,8.0,8.0,9.1,9.1,9.8,10.0,10.2,9.6,10.5,11.1,12.2,12.2
008037,5.9,6.1,6.4,6.7,6.4,7.6,7.8,7.9,8.7,8.2,8.1,8.7,8.5,8.4,8.7,9.3,9.2,10.3,11.0,11.1,9.6,11.1,11.3,12.1,13.2
008038,7.0,7.7,8.5,8.6,8.7,9.5,9.9,11.2,10.7,10.4,10.9,12.2,11.0,10.4,10.6,12.3,12.8,13.2,13.9,13.6,13.7,14.3,15.5,16.9,16.7
008039,5.5,5.7,6.4,6.1,6.8,7.1,8.3,8.2,8.7,8.0,8.6,8.7,7.9,8.4,8.5,9.5,9.9,10.4,9.5,11.4,9.8,11.3,12.8,13.1,14.2
008040,5.5,6.0,6.1,6.2,7.0,7.3,8.3,8.6,8.7,8.1,8.5,9.3,9.4,9.1,9.1,9.3,10.4,10.5,11.2,11.3,10.1,11.8,12.7,13.2,13.7
008041,4.8,5.4,5.4,6.1,5.9,6.7,6.4,6.4,7.7,6.4,7.0,7.2,6.9,7.4,7.7,7.7,7.9,8.7,8.2,9.0,8.1,9.3,10.3,11.3,11.5
008042,3.7,4.2,4.0,4.1,4.8,4.8,5.3,5.7,6.0,5.5,6.1,6.1,6.2,6.0,6.1,6.2,7.4,7.0,7.3,7.9,7.8,8.7,9.4,10.2,11.0
008043,6.3,7.0,7.3,7.9,7.5,8.6,8.6,9.3,9.6,9.1,9.0,9.8,9.6,9.5,9.3,9.9,10.3,10.9,10.9,12.2,10.6,12.3,12.1,14.0,14.1
008044,4.7,5.3,5.4,5.6,5.7,6.7,6.8,7.6,8.0,7.1,7.6,8.4,7.8,7.7,8.0,8.4,9.3,9.2,9.2,10.1,9.6,10.7,11.3,12.2,12.4
008045,4.3,4.1,4.4,4.7,5.0,5.4,5.8,6.4,6.1,6.1,7.0,6.6,7.0,6.2,7.1,7.8,7.5,7.8,9.0,9.0,8.5,9.6,9.8,11.3,11.7
008046,6.6,7.1,7.1,8.2,8.1,8.5,8.5,9.4,9.1,8.6,9.5,10.0,9.3,9.5,9.5,9.7,10.1,11.0,11.0,11.5,10.8,12.0,12.7,13.6,14.1
008047,5.6,5.8,5.9,6.1,6.5,6.6,6.9,7.0,7.7,7.1,8.3,8.2,8.3,7.5,7.7,8.3,7.9,9.0,8.6,9.4,9.0,9.7,10.7,11.7,11.2
008048,5.4,5.5,6.0,5.9,6.6,6.8,7.4,7.6,7.8,7.0,7.9,8.3,7.3,7.8,7.9,8.0,9.1,9.0,8.7,9.3,9.1,9.4,10.2,10.6,11.7
008049,5.7,5.7,6.4,6.7,6.6,7.7,7.5,7.9,8.4,7.9,8.2,8.4,8.3,8.4,8.4,9.2,9.3,9.6,10.7,10.7,9.7,10.6,11.8,12.7,12.9
008050,6.5,6.4,7.3,6.8,7.7,8.3,8.4,8.7,8.8,8.5,8.5,9.6,8.6,9.4,9.6,9.7,10.3,10.2,10.7,11.5,10.4,11.4,12.0,12.7,13.5
008051,3.4,3.9,3.6,3.8,4.3,5.0,5.3,5.8,5.7,5.4,5.8,6.1,6.2,5.8,6.3,6.0,6.8,6.9,8.1,8.0,7.5,8.2,9.2,10.4,10.3
008052,3.7,3.9,4.3,4.7,4.8,5.1,5.5,6.0,6.0,5.8,5.7,5.9,6.3,6.0,6.6,6.7,7.0,7.1,7.7,7.9,7.5,7.8,9.1,9.9,9.7
008053,5.2,5.6,6.0,6.4,6.5,6.7,6.9,7.8,8.1,7.5,7.4,7.4,8.0,7.2,7.8,8.2,9.0,8.7,9.1,9.8,9.1,10.1,10.7,11.0,12.0
008054,3.6,3.7,3.8,4.4,4.5,5.0,5.1,5.4,5.8,5.3,5.6,6.2,5.5,6.2,5.9,6.9,7.3,7.1,7.8,7.7,7.1,8.9,9.5,10.8,10.9
008055,4.7,4.6,4.8,5.6,5.9,6.4,7.0,7.7,7.5,7.1,7.5,7.7,7.3,7.6,7.9,8.4,8.4,9.1,9.3,9.9,9.0,9.8,11.3,11.4,12.0
008056,5.5,5.7,6.1,6.5,6.3,6.6,7.6,7.6,7.5,7.8,8.4,8.2,8.3,7.8,8.3,8.4,8.7,9.1,9.0,9.6,9.6,9.5,11.2,11.6,11.9
008057,4.9,5.3,5.2,5.6,5.3,6.0,6.7,6.9,6.9,6.7,6.6,7.5,7.0,7.2,6.6,7.3,7.5,8.5,8.5,9.5,8.0,9.5,10.0,11.1,11.4
008058,4.8,5.2,5.1,5.2,5.9,5.5,6.6,6.6,6.8,6.5,7.4,7.3,7.4,6.7,7.2,7.8,7.8,8.3,8.7,8.5,8.8,8.8,9.7,10.5,10.6
008059,5.2,5.7,6.5,6.3,6.8,7.5,8.0,8.1,8.3,7.8,8.9,9.0,8.3,8.4,9.0,9.1,9.1,9.7,10.0,10.7,10.3,10.9,11.8,13.3,12.8
008060,6.3,6.7,7.0,7.3,8.0,8.9,8.6,8.6,9.1,9.2,9.2,9.6,9.3,9.1,10.2,10.5,10.4,10.6,11.5,11.4,11.5,11.6,12.9,13.5,14.2
008061,4.5,4.4,4.6,5.5,5.8,6.1,6.1,6.3,6.9,6.5,7.0,7.7,7.4,7.2,7.7,8.2,8.1,9.1,8.9,9.4,8.7,9.4,11.0,11.9,12.1
008062,5.3,5.6,6.2,6.2,6.9,6.7,7.4,7.0,8.2,7.5,7.8,8.0,7.8,7.3,7.8,9.0,9.1,9.2,9.7,9.3,9.3,10.1,11.2,12.9,12.3
008063,6.5,6.5,6.4,7.0,7.7,7.9,8.1,8.4,8.6,8.3,9.0,9.0,9.2,9.1,9.6,9.8,9.9,10.3,10.8,11.6,10.2,11.5,11.7,13.3,13.7
008064,7.8,7.7,8.2,8.2,9.1,9.3,9.8,10.7,10.5,10.2,10.9,11.1,11.2,11.1,10.7,11.4,11.6,12.7,12.3,13.6,12.3,13.0,14.4,14.9,15.8
008065,7.9,7.9,7.6,8.5,8.9,10.0,10.2,10.3,10.8,10.3,10.8,11.6,10.6,10.6,11.2,11.3,12.0,12.0,12.3,12.2,12.7,13.5,14.3,15.6,15.9
008066,4.4,4.6,5.4,5.4,5.4,5.8,5.5,6.6,6.7,6.3,6.7,7.4,7.0,6.1,6.8,7.2,7.7,7.7,8.1,9.0,8.0,8.7,9.6,10.5,11.8
008067,4.8,5.5,5.6,6.1,6.6,6.1,6.9,6.6,7.7,7.5,7.5,8.3,7.5,7.2,8.3,8.3,8.2,9.2,9.5,9.6,8.6,9.7,10.6,11.1,11.5
008068,4.5,4.7,5.4,5.4,6.0,6.4,6.7,7.2,7.7,6.4,7.6,7.5,8.1,7.0,7.9,8.0,9.1,9.9,9.8,9.8,9.2,10.5,11.5,12.2,12.3
009001,3.2,3.7,3.6,4.2,4.0,4.3,4.5,5.0,5.0,4.5,4.7,5.6,5.2,4.8,5.2,5.3,5.7,6.0,6.3,7.1,6.0,7.1,7.4,8.2,8.4
009002,3.5,3.8,3.9,4.1,4.3,4.5,4.5,5.7,5.4,5.8,5.7,6.4,6.1,6.1,6.6,6.7,6.7,7.7,7.5,8.6,8.0,8.5,9.2,10.1,9.9
009003,5.6,6.1,5.3,6.3,6.3,6.8,7.1,7.0,7.9,7.4,8.1,8.1,7.5,7.1,8.1,8.0,8.6,9.9,9.1,9.9,9.0,10.1,10.8,11.3,11.2
009004,4.3,4.7,4.6,5.4,5.8,5.7,6.5,6.2,6.6,6.6,6.7,7.2,7.3,6.4,7.2,7.7,7.5,8.1,8.4,8.3,8.2,9.5,9.8,10.1,10.5
009005,3.5,3.6,3.8,4.1,4.4,4.6,4.5,4.9,4.9,4.8,5.6,5.3,5.4,5.1,5.6,5.4,5.9,6.4,6.3,7.0,5.7,7.0,7.6,7.9,8.7
009006,4.3,4.7,4.8,5.0,5.6,5.3,5.9,6.2,6.3,6.0,7.1,7.2,6.9,6.5,6.8,7.2,8.0,7.9,9.1,9.0,8.1,9.4,9.5,10.5,11.6
009007,5.9,6.5,6.9,6.8,7.9,7.7,8.4,9.0,8.8,8.3,8.8,9.2,9.0,8.8,9.3,9.3,9.9,10.3,10.8,10.8,10.2,10.8,11.9,12.6,13.3
009008,3.7,3.6,4.3,4.2,4.3,4.6,4.5,5.0,5.6,5.2,5.3,5.8,5.3,5.5,6.4,5.7,6.0,6.5,6.4,7.0,6.3,7.6,7.6,8.6,8.8
009009,5.8,5.8,6.2,6.5,6.8,7.4,8.4,8.5,8.7,8.1,8.4,9.1,8.7,8.3,8.8,8.8,9.5,9.8,9.3,10.7,9.5,11.3,12.4,13.5,13.7
009010,4.9,5.1,5.4,5.8,6.2,6.2,7.1,6.8,7.3,7.0,7.1,8.0,7.5,7.5,7.5,7.4,8.2,8.4,9.0,9.4,8.9,9.8,10.3,11.5,11.0
009011,5.9,6.1,6.3,7.1,6.9,6.8,7.8,7.9,8.1,8.1,8.5,8.2,7.7,7.6,8.0,9.2,8.9,10.0,10.2,10.6,9.9,10.5,11.1,11.8,12.8
009012,4.8,4.9,5.2,5.4,5.5,6.3,6.4,6.7,6.6,6.7,7.0,7.4,7.4,7.2,7.3,7.7,8.7,8.6,9.0,9.4,8.4,9.3,10.7,11.6,11.7
009013,4.9,4.9,5.1,5.8,5.9,6.1,6.7,6.5,7.6,6.5,6.8,7.1,6.8,7.0,6.7,7.0,7.2,8.2,9.0,8.7,7.6,8.6,9.4,10.4,11.4
009014,5.5,5.5,5.8,6.2,6.5,6.8,7.5,7.8,8.4,8.2,8.0,8.2,8.6,7.6,8.3,8.6,8.8,9.3,10.2,10.2,9.5,10.2,11.4,11.7,12.1
009015,5.9,5.8,6.3,6.4,7.2,7.1,8.4,8.0,8.9,7.7,8.2,9.1,8.5,8.2,8.3,9.2,9.3,10.0,10.1,10.3,10.0,11.3,11.5,11.7,13.1
009016,5.3,5.3,5.7,6.0,6.5,7.1,7.2,7.6,8.3,7.7,7.9,8.5,7.9,7.7,8.0,8.0,8.7,9.5,9.3,9.5,9.6,10.2,11.0,12.0,12.4
009017,7.5,7.7,8.0,8.0,9.0,8.4,9.2,9.7,10.6,10.5,10.4,10.5,10.4,10.0,10.2,10.9,10.9,12.0,12.3,12.2,11.5,12.9,14.1,14.4,14.3
009018,4.2,4.4,4.7,4.9,5.6,5.7,6.5,6.6,6.9,6.2,6.3,6.7,6.9,6.9,7.3,7.2,8.1,7.6,8.2,8.8,8.7,8.8,10.0,10.1,10.7
009019,6.9,7.1,7.5,8.1,8.2,8.7,9.1,9.2,9.6,9.2,10.0,9.8,9.8,9.9,9.9,10.5,10.6,11.5,11.3,11.7,11.4,12.0,12.9,13.5,14.7
009020,6.6,6.6,6.8,7.5,8.1,7.8,8.8,8.5,8.9,8.1,9.3,9.4,9.2,9.2,9.6,9.6,10.8,10.7,11.4,11.3,10.9,12.1,12.1,14.7,13.8
009021,4.7,4.8,5.6,5.1,6.0,6.4,6.1,6.9,7.1,6.9,7.1,7.5,7.5,7.3,7.7,8.0,8.2,8.7,9.1,9.4,8.5,9.2,11.0,11.1,11.9
009022,5.0,5.6,5.4,5.4,5.7,6.6,6.1,7.0,7.9,7.1,7.1,7.8,7.3,7.8,8.3,8.0,9.3,9.0,9.8,10.2,9.6,10.0,11.1,12.0,12.6
009023,3.9,4.1,4.6,4.6,5.3,5.6,6.2,5.8,6.4,5.8,6.4,6.1,6.1,6.1,6.9,6.7,6.9,7.5,7.7,8.6,8.1,7.9,9.4,10.2,10.4
009024,4.8,4.9,5.3,5.7,5.8,6.5,6.3,7.5,7.2,7.1,7.7,7.6,7.5,8.2,7.6,8.2,8.0,8.8,8.9,9.6,9.0,9.8,10.3,11.3,12.2
009025,5.1,5.4,6.3,6.1,7.1,6.8,7.7,7.7,8.7,8.7,8.3,8.7,8.7,8.6,9.1,9.1,9.8,10.0,10.7,11.2,10.0,11.6,12.4,13.4,13.3
009026,5.3,5.5,5.1,5.6,6.1,6.2,6.5,7.1,7.4,7.3,7.5,7.4,7.3,7.2,8.2,7.8,8.8,8.9,8.7,9.5,8.4,10.2,11.2,11.4,11.8
009027,4.8,5.2,5.1,5.7,6.1,6.5,6.8,7.4,7.6,6.8,7.7,8.4,7.6,8.1,7.7,8.2,9.5,9.3,10.4,10.2,9.2,10.4,11.0,11.9,12.5
009028,5.7,5.9,6.1,6.2,7.1,6.9,7.7,7.9,8.2,8.4,8.0,8.7,8.4,8.7,8.5,8.4,9.7,10.0,10.4,11.0,10.1,10.8,11.9,12.6,12.7
009029,3.9,3.7,4.5,4.6,4.7,4.9,5.4,5.7,6.0,5.6,5.9,6.0,5.8,5.8,6.2,7.2,7.2,7.2,7.5,7.5,7.6,7.8,9.0,9.5,9.9
009030,4.2,4.7,4.7,4.9,5.2,5.5,5.7,5.7,6.6,6.2,6.3,6.5,6.7,6.7,6.9,6.6,7.5,7.9,8.0,8.6,7.7,8.8,9.4,10.7,10.6
009031,7.9,8.4,8.4,9.1,10.3,10.0,9.9,10.9,11.8,11.0,10.9,11.5,11.5,11.3,11.5,12.3,13.0,13.6,13.9,14.4,13.6,14.4,15.3,17.5,16.6
009032,5.6,6.2,6.3,6.5,6.5,7.6,7.8,8.4,8.5,7.5,8.1,8.6,9.0,8.2,8.8,8.7,9.7,9.8,9.2,10.7,10.1,10.3,11.6,12.5,13.2
009033,7.6,7.5,7.8,8.1,8.9,8.4,9.1,10.0,10.5,10.4,9.9,10.8,9.9,10.2,9.9,10.8,11.1,11.9,12.0,12.6,12.3,12.8,13.6,14.9,15.2
009034,4.5,5.0,5.0,5.3,5.9,6.0,6.5,6.9,6.4,6.4,6.9,7.5,7.3,6.9,6.8,7.5,8.1,8.6,9.0,8.9,8.5,9.2,10.2,11.0,11.5
009035,5.3,5.9,6.0,6.3,6.9,6.7,7.0,7.9,8.0,8.3,8.4,8.9,9.2,8.1,8.7,9.4,9.7,10.4,10.5,11.3,9.8,11.0,12.3,13.1,13.1
009036,5.9,5.8,6.7,6.5,7.1,7.0,7.3,8.0,8.1,7.3,7.9,8.7,8.6,8.0,8.4,8.9,9.5,9.3,10.5,11.3,9.6,10.7,11.9,12.4,12.5
009037,7.2,8.1,7.7,8.8,8.9,9.0,10.3,10.6,10.6,10.2,10.2,10.6,10.8,10.6,11.1,11.9,12.0,12.7,13.3,13.7,13.0,14.0,13.9,15.4,16.3
009038,4.0,4.2,3.9,4.6,4.6,5.1,5.2,6.0,6.0,6.3,6.2,6.5,6.3,6.1,6.3,6.9,7.2,7.5,7.5,8.6,7.5,8.3,9.3,10.2,9.9
009039,3.1,2.8,3.2,3.6,3.4,3.7,4.5,5.0,5.0,4.7,4.8,5.6,5.3,4.9,5.2,5.9,5.9,6.4,6.4,7.2,6.7,7.4,7.7,9.0,9.6
009040,5.7,6.1,6.4,6.2,6.8,7.3,7.0,7.9,8.0,7.8,8.4,8.8,8.8,8.6,9.1,8.9,8.8,9.7,10.1,10.7,10.2,9.9,11.5,12.8,13.2
009041,4.8,5.3,5.1,5.4,6.0,6.1,6.4,6.1,6.8,6.4,6.6,7.5,7.1,7.3,7.1,7.9,7.9,8.3,8.4,9.6,8.2,9.2,10.3,10.8,11.4
009042,6.3,7.3,7.0,7.4,7.7,8.2,8.4,8.6,8.6,8.6,8.8,8.8,9.1,8.9,9.3,9.8,10.4,9.8,10.9,10.7,10.0,12.1,12.4,13.8,12.9
009043,6.6,7.2,7.4,8.1,8.5,9.1,8.8,9.0,10.1,8.8,10.3,10.9,10.3,9.4,9.7,10.2,11.1,11.7,10.9,11.9,11.4,12.3,13.7,15.1,14.8
009044,5.3,5.7,6.0,6.4,6.5,6.5,7.1,7.4,8.2,8.0,7.8,8.1,7.4,7.6,8.8,8.6,9.2,9.3,9.7,9.8,9.7,11.0,11.7,12.1,12.2
009045,5.0,5.3,5.8,5.8,6.5,6.7,7.0,7.6,7.3,7.1,7.8,7.8,7.8,8.0,8.7,8.5,8.9,9.3,9.8,9.8,9.0,10.1,11.5,12.2,13.0
009046,5.5,5.8,6.2,6.2,7.2,7.0,7.3,8.2,7.7,7.8,8.1,7.5,8.1,7.6,8.4,8.5,9.0,9.2,9.4,9.8,9.1,10.0,10.8,11.9,11.1
009047,6.1,6.7,6.7,7.2,7.6,7.7,8.3,8.4,9.6,7.9,8.4,9.8,9.4,8.9,9.5,9.2,9.9,10.0,11.3,12.9,10.6,11.8,13.1,13.1,13.6
009048,3.8,4.4,4.2,4.3,4.9,5.0,5.2,5.4,5.8,5.5,5.8,6.4,6.1,5.8,6.1,6.1,6.9,7.7,7.5,8.3,7.3,8.4,9.1,9.3,10.6
009049,4.7,4.9,5.6,5.7,5.6,6.0,6.4,6.8,6.9,6.7,6.7,7.5,6.8,7.2,7.0,7.2,8.4,8.4,8.2,9.0,8.1,9.5,9.4,11.1,11.2
009050,5.8,6.3,6.4,6.3,6.8,7.1,7.3,7.5,8.4,7.3,8.2,8.8,7.7,8.3,8.0,8.5,9.1,9.6,9.4,9.4,9.7,10.9,10.2,11.3,12.2
009051,5.8,6.2,6.6,6.6,7.1,7.5,8.2,8.1,8.6,8.4,8.9,9.7,9.2,8.5,8.9,10.2,10.2,10.1,10.4,11.2,10.9,11.6,12.5,13.5,13.5
009052,5.5,5.5,6.7,6.6,6.8,6.8,7.4,8.0,7.9,7.5,8.1,8.9,9.3,8.4,8.8,8.8,8.9,9.9,9.6,10.9,9.5,11.1,12.4,12.5,12.4
009053,5.3,5.6,5.7,6.4,6.7,7.1,7.4,7.6,8.0,7.6,7.8,8.3,8.3,8.3,8.5,8.7,9.2,9.2,9.6,10.5,9.9,10.5,11.4,12.8,12.1
009054,6.1,6.5,6.9,7.1,7.1,7.8,7.7,8.9,9.1,8.9,8.8,9.3,9.3,9.2,9.2,9.4,9.9,10.7,10.7,11.5,10.6,11.6,12.6,12.8,14.6
009055,3.0,3.7,4.1,4.5,4.6,5.2,4.8,5.5,5.4,5.6,5.7,5.8,5.6,6.1,5.6,6.1,6.4,6.8,6.8,7.3,6.9,7.8,8.2,8.6,9.6
009056,7.4,7.3,7.2,8.1,8.4,9.1,8.8,9.8,10.4,9.8,10.3,10.4,9.9,10.1,10.4,10.5,11.5,11.9,12.4,12.7,11.6,12.8,14.4,14.0,15.1
009057,4.4,4.5,4.2,5.0,5.3,5.6,5.4,5.8,6.4,5.6,6.2,6.3,6.1,6.0,6.5,6.4,6.7,7.6,6.9,8.2,7.6,7.8,9.0,9.6,10.6
009058,5.6,5.1,6.0,6.5,6.4,6.9,7.4,7.2,8.0,7.8,8.1,7.8,8.1,7.8,8.4,8.9,8.3,9.0,9.8,10.7,9.5,10.1,10.6,12.3,11.9
009059,5.3,6.0,5.5,6.3,6.5,7.5,6.8,7.3,8.0,7.9,7.6,8.0,7.7,7.8,7.9,8.3,9.2,9.0,9.3,9.8,9.1,9.7,10.7,11.3,11.6
009060,5.8,5.8,5.9,6.7,6.9,7.3,7.9,7.4,8.8,8.1,8.7,9.5,9.0,8.5,8.6,9.3,9.6,10.2,10.9,11.3,11.1,11.5,11.9,12.6,13.0
009061,7.0,6.9,6.9,7.2,7.9,7.8,8.2,8.6,8.8,8.6,8.9,9.7,9.1,8.4,9.6,10.2,10.1,10.7,11.0,11.9,10.7,11.9,13.0,13.2,14.5
009062,4.5,4.5,5.2,5.7,5.3,5.5,6.1,6.2,6.8,6.6,6.9,7.2,7.4,7.0,6.6,8.0,8.0,8.4,8.8,9.9,8.3,8.8,10.3,11.2,10.5
009063,4.6,4.8,5.3,5.5,5.7,6.0,6.9,7.8,7.3,7.9,7.2,7.6,7.9,7.6,7.9,8.5,8.8,9.3,9.9,9.7,9.4,10.6,11.0,12.7,12.5
009064,4.6,4.7,5.0,5.3,5.4,5.6,6.8,6.2,7.1,6.5,6.8,7.1,6.5,6.5,7.2,7.9,7.9,7.8,8.5,9.0,8.0,9.2,9.3,10.1,9.9
009065,7.1,7.7,7.5,7.9,8.6,8.3,9.5,9.3,10.0,9.7,9.4,10.0,9.9,9.5,9.8,11.1,10.7,10.4,11.0,12.4,11.0,12.1,13.2,13.8,13.7
009066,3.5,3.8,4.0,4.2,4.3,4.4,4.9,5.2,6.0,5.1,5.6,6.2,6.1,5.6,6.3,6.4,6.4,6.5,6.7,7.2,7.1,7.7,8.6,8.3,9.8
009067,6.2,6.1,6.4,6.8,7.5,7.8,8.2,8.5,9.1,8.4,8.2,8.5,9.4,8.1,8.6,9.1,9.7,9.4,10.2,10.4,10.0,11.2,11.9,12.4,13.0
009068,4.5,5.2,5.6,6.1,6.4,6.2,6.9,7.9,7.6,7.2,7.9,8.0,8.0,8.0,7.9,9.1,9.3,9.8,10.6,10.9,9.7,10.7,11.6,12.5,13.0
009069,6.0,6.1,5.9,6.6,7.1,7.4,7.4,8.5,8.0,7.9,8.0,8.7,8.9,7.6,8.4,9.2,9.1,9.4,10.1,10.2,9.8,11.0,11.9,13.1,13.3
010001,8.5,8.6,9.2,9.0,10.1,10.4,11.2,10.7,11.4,11.1,10.8,11.2,11.0,11.7,11.5,12.3,12.8,13.0,13.4,13.7,12.4,14.1,15.5,17.0,17.9
010002,4.7,5.0,5.2,5.4,5.6,5.9,6.5,6.7,7.0,6.9,7.0,7.8,7.4,7.2,7.9,7.5,8.6,8.6,9.1,9.5,8.8,9.8,10.4,10.7,11.3
010003,7.7,8.0,8.5,8.8,8.4,9.5,9.3,9.7,9.7,9.7,9.9,10.1,10.3,10.1,10.1,10.7,10.7,10.6,11.9,12.1,11.4,12.5,13.1,14.3,15.1
010004,5.4,5.6,5.8,6.4,6.2,6.9,7.2,7.8,7.8,8.0,8.1,8.1,8.2,8.1,8.3,8.3,9.2,8.8,9.4,10.5,9.5,10.0,11.9,12.9,12.8
010005,4.1,5.0,5.6,5.7,6.1,6.5,7.4,7.9,7.6,6.7,8.1,8.8,8.3,7.7,8.7,9.3,9.1,10.2,10.6,11.9,10.2,11.3,11.8,14.2,14.3
010006,3.6,4.0,4.2,4.4,4.5,5.0,4.9,5.7,5.7,5.3,5.9,5.9,5.8,5.6,6.1,6.5,6.7,6.7,7.3,7.0,7.0,7.3,8.5,9.3,8.9
010007,6.5,7.2,7.4,8.4,8.5,8.4,9.2,9.3,9.8,9.4,10.3,10.9,10.2,9.6,10.0,10.5,11.2,11.6,12.3,12.6,11.6,12.6,14.2,14.6,15.1
010008,4.2,4.8,4.7,5.0,5.0,5.6,5.9,6.3,6.9,6.8,7.2,7.5,7.4,7.1,7.2,7.6,7.5,8.3,8.9,9.2,8.2,9.6,10.3,11.5,11.5
010009,5.4,5.7,5.9,6.1,6.6,6.7,6.7,7.3,8.2,7.5,8.2,8.4,7.8,8.2,8.5,8.8,8.6,9.5,9.7,10.4,9.2,11.0,11.2,12.2,12.3
010010,5.3,5.1,5.8,5.5,6.0,6.7,7.4,7.7,7.8,7.8,7.9,8.2,8.4,7.9,8.6,8.3,9.2,9.6,10.8,11.0,10.2,11.3,11.9,13.3,12.8
010011,7.1,7.1,7.1,7.6,8.3,8.7,9.3,9.3,10.0,9.6,10.1,10.4,10.3,10.0,10.4,11.0,11.3,12.0,12.4,13.0,12.8,12.9,13.8,14.5,14.9
010012,6.7,7.2,7.6,8.2,7.8,9.1,8.8,9.5,10.6,10.0,9.6,10.1,10.0,9.8,10.3,10.5,11.2,11.1,11.8,12.6,11.2,12.4,13.6,14.3,14.5
010013,6.6,6.8,7.1,7.5,8.2,8.0,8.5,9.0,9.3,8.9,9.5,9.4,9.8,9.7,9.7,10.1,10.1,10.6,11.2,12.1,11.1,12.1,13.0,12.8,13.9
010014,6.5,7.4,7.4,7.4,8.0,8.6,8.6,9.2,9.5,9.0,9.9,9.2,9.3,9.6,9.7,10.0,10.8,11.0,11.1,10.7,11.2,12.4,12.8,13.2,13.9
010015,4.3,4.5,5.0,5.0,5.8,5.5,6.1,6.6,7.2,6.3,7.2,7.5,6.9,6.6,7.1,7.5,7.6,8.2,8.7,9.2,8.4,9.5,10.5,10.6,11.6
010016,5.9,6.5,7.0,6.9,7.3,8.6,8.5,8.6,9.2,9.2,9.2,9.2,9.4,9.8,10.0,9.8,10.6,10.9,10.7,11.7,10.6,12.1,13.2,13.8,14.2
010017,7.2,7.1,6.7,7.4,8.0,8.4,8.5,9.3,9.3,9.3,9.4,10.2,9.3,9.9,9.6,10.6,10.3,11.0,11.2,11.8,11.6,11.9,12.9,14.3,14.8
010018,3.6,4.4,4.6,5.0,4.9,5.4,6.1,5.9,6.2,6.3,6.9,7.0,6.7,6.6,7.2,7.0,7.4,7.7,8.2,8.2,8.1,8.9,9.8,10.0,10.1
010019,7.1,7.6,7.0,8.2,9.5,9.2,9.2,10.4,10.6,10.3,10.0,10.0,9.9,10.2,10.7,10.8,11.5,11.8,12.3,12.6,12.3,12.5,14.1,15.0,15.3
010020,5.2,5.7,5.8,5.8,6.3,6.8,7.3,7.5,7.7,7.0,7.4,8.0,7.5,8.0,7.7,8.9,9.3,9.1,9.1,9.5,9.9,10.2,10.1,11.4,11.8
010021,4.9,5.7,5.5,6.5,6.6,6.7,7.2,7.0,7.9,7.4,8.0,8.1,8.1,8.0,8.6,8.7,8.9,9.4,9.4,10.8,9.6,11.0,11.5,12.7,12.6
010022,7.9,7.3,8.4,8.3,8.5,9.6,9.8,10.2,9.9,10.2,11.1,10.7,10.5,10.6,10.4,10.9,11.2,11.1,12.3,12.5,12.1,12.6,14.0,15.3,14.9
010023,5.0,6.1,6.4,7.2,7.0,7.3,8.0,8.0,8.6,8.0,8.5,9.4,8.4,8.7,9.0,9.0,9.0,9.9,10.4,10.9,10.1,11.8,12.2,12.4,14.1
010024,8.9,9.2,10.2,10.7,10.3,10.6,11.6,12.2,11.9,12.2,12.4,12.7,11.9,11.7,13.4,13.4,13.0,13.9,14.4,14.4,13.9,15.1,15.8,16.6,18.3
010025,8.1,8.8,8.9,9.5,9.7,10.3,10.1,10.6,11.2,10.7,11.2,11.5,11.4,11.2,12.0,12.0,11.8,12.4,12.5,13.3,13.1,13.7,15.5,15.2,15.9
010026,4.8,4.8,5.2,5.7,6.1,6.1,6.8,6.9,7.3,6.8,7.2,7.7,7.5,7.5,7.7,8.2,8.7,8.6,9.1,9.3,8.9,10.1,10.5,11.2,11.3
010027,5.4,6.0,6.4,6.5,6.8,7.0,6.9,7.6,8.2,7.5,8.0,9.1,8.3,8.2,7.7,9.2,9.6,9.2,10.1,9.9,9.2,9.7,10.8,11.9,11.7
010028,4.7,4.7,5.0,5.6,5.5,6.4,6.0,6.5,7.6,6.8,6.5,7.2,7.4,7.1,7.6,7.5,8.6,8.3,8.7,8.9,9.0,9.7,10.1,11.2,11.7
010029,5.6,6.1,6.5,6.3,7.0,7.1,7.3,8.0,9.2,7.8,9.0,9.0,8.6,8.4,9.1,10.2,9.8,10.4,10.5,11.7,10.5,11.0,12.5,13.6,13.7
010030,6.8,7.0,6.9,7.9,7.5,8.7,8.9,9.2,9.8,8.7,9.2,10.0,9.2,9.0,9.9,10.6,10.7,10.7,11.6,11.7,10.8,12.0,13.3,14.0,14.3
010031,4.5,4.4,5.1,5.3,5.3,5.4,6.1,6.5,6.4,6.1,6.5,6.8,6.7,6.3,6.6,7.7,7.2,7.6,7.9,8.6,8.2,8.5,10.1,10.6,11.3
010032,5.5,5.5,5.8,6.0,6.1,6.7,7.0,7.6,7.6,7.7,7.5,8.0,7.4,7.7,8.1,8.3,8.1,8.8,9.5,9.8,9.0,9.9,10.4,11.2,11.7
010033,6.3,6.4,7.5,7.3,7.9,8.2,8.8,8.3,9.2,8.7,8.9,9.3,9.1,8.8,9.8,10.0,10.4,10.8,10.6,11.4,10.3,11.2,11.9,13.5,13.3
010034,6.1,6.9,7.0,7.1,7.7,8.0,8.3,8.7,9.5,8.1,8.8,9.3,9.1,9.1,9.7,9.6,10.6,10.4,10.9,11.4,11.2,11.6,12.5,13.5,14.4
010035,4.4,5.0,5.7,5.5,5.7,6.2,6.1,6.5,7.4,6.6,7.2,6.9,7.6,6.8,7.4,7.6,8.6,8.1,8.3,9.3,8.1,9.2,9.7,10.8,11.2
010036,4.7,5.0,5.3,5.6,6.1,6.2,6.6,7.0,7.1,6.4,7.1,7.8,7.5,7.2,8.0,8.1,8.6,8.8,9.0,10.1,8.6,9.8,10.4,12.2,12.1
010037,5.4,6.2,6.4,6.3,6.6,7.3,7.5,8.6,8.5,7.9,8.8,9.3,9.1,8.8,9.0,8.9,10.2,10.5,11.1,11.6,11.5,11.6,13.4,14.4,14.2
010038,5.8,6.1,6.5,6.5,6.8,7.2,8.2,8.7,8.5,8.3,8.2,8.8,8.6,8.8,9.0,8.9,9.2,9.4,10.1,11.0,10.5,11.2,11.6,12.1,12.7
010039,5.1,5.8,5.7,6.0,6.2,6.8,7.2,7.6,7.3,7.1,7.2,7.6,8.0,7.5,7.3,8.0,7.7,8.7,8.8,9.2,8.9,9.5,10.6,11.2,10.8
010040,5.8,5.9,6.4,6.3,6.7,6.5,7.2,7.8,7.6,7.4,7.9,7.7,7.7,8.0,8.5,8.4,8.9,8.8,9.0,9.5,8.8,10.0,10.5,12.0,12.3
010041,3.7,4.0,4.5,5.1,5.1,5.5,5.3,6.1,7.0,6.5,6.6,7.2,6.5,6.2,6.7,7.1,7.4,8.4,8.6,8.7,8.4,8.2,9.7,11.1,11.5
010042,4.3,4.6,5.0,5.4,5.5,5.4,6.4,6.1,6.6,6.6,7.3,7.0,7.0,6.9,7.2,7.4,7.8,8.6,8.7,8.4,8.2,8.8,9.7,11.0,10.9
010043,5.3,6.1,6.0,6.2,6.7,7.0,7.5,7.4,7.6,7.0,7.6,8.3,7.8,7.6,8.1,8.0,8.5,9.6,10.0,10.3,9.0,10.0,11.4,11.0,12.0
010044,4.8,5.3,5.6,5.8,6.3,6.3,7.4,7.4,7.9,7.3,7.8,8.1,8.2,8.0,8.3,8.3,9.3,8.8,9.6,10.4,9.5,10.1,10.3,11.4,12.1
010045,4.4,5.0,5.3,5.8,5.6,5.5,6.2,6.5,7.0,6.6,7.0,7.3,7.3,7.5,7.1,6.8,7.9,8.4,8.6,8.7,8.3,9.2,10.7,10.8,11.7
010046,4.4,4.8,5.4,5.3,5.9,5.5,6.3,6.8,6.6,6.6,6.8,7.0,7.0,6.3,6.9,7.3,8.0,8.4,8.3,8.8,7.9,9.5,9.8,10.9,11.0
010047,5.3,4.9,5.6,6.6,6.3,6.6,6.8,7.3,7.9,7.4,8.2,8.5,8.5,8.3,8.5,8.2,9.1,10.6,9.3,11.0,9.7,10.9,12.6,13.3,13.6
010048,5.5,6.2,6.1,6.8,7.5,7.3,8.3,9.0,8.2,8.3,8.7,8.7,9.1,9.1,8.8,9.1,10.6,9.9,10.5,11.3,10.9,11.5,12.4,13.4,13.2
010049,4.0,3.9,4.5,4.7,4.8,5.7,5.4,5.4,5.9,5.7,5.6,6.3,5.9,6.0,6.2,6.2,7.4,7.7,7.4,8.5,7.1,7.9,8.8,10.0,10.6
010050,4.3,4.8,5.0,5.5,6.0,6.0,6.1,6.9,6.7,6.5,6.9,7.6,7.1,6.9,7.6,8.0,8.3,8.7,8.7,9.7,8.8,9.6,10.5,11.8,11.7
010051,3.9,4.1,4.3,4.9,5.3,6.2,5.5,6.0,6.5,6.4,6.3,7.2,6.8,6.7,7.0,6.9,7.5,7.8,8.2,8.9,8.2,8.7,9.8,10.7,11.2
010052,6.6,7.1,7.2,7.0,8.2,9.0,9.0,9.2,9.3,9.3,9.4,9.6,9.4,9.9,9.8,9.4,10.0,11.6,11.3,12.0,11.0,11.4,12.4,14.4,14.1
010053,4.7,4.9,5.2,6.2,6.3,7.1,6.8,7.4,8.0,7.9,7.9,8.2,7.9,7.8,8.4,8.7,8.7,9.4,9.8,10.3,9.5,10.0,11.7,12.2,12.9
010054,5.0,5.0,5.7,5.9,6.0,6.0,6.3,6.4,6.7,6.6,6.8,7.3,6.7,6.7,7.3,8.5,7.9,8.0,7.9,8.6,7.7,9.0,9.3,10.8,11.2
010055,2.5,2.9,3.1,3.2,3.6,3.6,4.0,4.5,4.1,4.2,4.6,4.4,4.7,4.4,4.5,4.9,4.9,5.6,5.9,6.4,5.8,6.3,7.5,7.6,8.4
010056,1.9,1.8,2.2,2.6,2.2,2.4,2.6,3.1,3.0,3.1,3.5,3.9,3.3,3.4,3.2,3.6,4.3,4.5,4.8,5.1,4.8,4.7,5.6,6.2,6.8
010057,4.4,4.7,5.1,4.9,5.8,5.9,6.0,6.5,6.6,6.2,6.6,6.9,6.7,6.7,7.1,6.7,6.9,8.2,8.3,8.9,8.4,8.7,9.4,10.9,10.7
010058,4.3,4.4,4.6,4.8,5.0,5.2,6.0,5.8,5.4,6.0,6.5,6.8,6.5,6.7,7.1,6.8,7.3,7.6,8.1,8.6,8.6,8.9,9.1,9.7,10.3
010059,7.3,7.1,6.9,7.8,7.6,8.6,8.6,8.9,9.2,9.2,9.1,8.9,9.5,8.8,9.6,9.8,10.3,10.3,10.8,11.4,10.8,11.5,13.0,13.4,14.0
010060,3.7,4.9,4.9,4.9,5.2,5.6,5.7,6.7,6.6,5.9,6.7,7.3,7.0,6.6,7.5,7.9,7.5,8.8,9.1,9.0,8.6,9.9,10.9,11.7,11.7
010061,5.6,5.7,5.7,6.2,6.5,7.3,7.4,8.6,7.7,8.2,8.5,8.8,8.0,9.1,8.8,9.1,9.5,10.1,10.0,10.9,10.2,11.1,11.9,13.5,13.4
010062,5.6,5.5,5.9,6.4,7.3,7.4,7.6,8.2,8.6,7.9,8.6,9.0,8.5,8.2,8.8,8.9,9.6,9.9,10.4,11.1,10.5,11.0,12.5,13.0,13.1
010063,4.2,4.7,4.5,5.1,5.3,5.6,6.1,7.0,6.4,6.5,6.7,7.4,7.1,7.1,7.2,7.6,8.2,9.0,9.4,10.0,9.3,9.6,10.4,11.1,12.3
010064,4.6,4.7,4.9,5.5,5.7,5.9,7.0,6.8,6.4,7.3,7.4,7.6,7.6,7.7,7.4,7.5,8.6,8.7,8.9,9.4,8.9,10.4,11.1,11.0,11.5
010065,4.5,5.2,5.3,5.8,6.3,6.4,7.2,8.0,7.5,7.4,7.8,7.7,8.1,7.5,8.5,8.0,9.2,9.4,10.0,10.0,9.6,10.4,11.3,11.4,12.2
010066,7.9,7.4,8.0,8.3,8.7,10.0,9.3,10.3,10.2,10.4,10.6,10.9,10.6,10.4,10.5,11.1,12.2,12.9,12.9,13.6,12.3,12.9,14.9,15.8,16.3
010067,7.9,8.1,8.8,9.0,10.0,10.0,10.2,10.5,10.7,10.5,11.2,11.2,11.3,10.3,11.0,11.3,11.8,11.9,12.6,12.7,11.9,13.4,14.3,15.2,15.9
011001,4.9,5.4,4.9,6.1,5.7,6.4,6.8,6.6,6.7,6.6,7.5,8.0,7.1,7.0,7.1,7.8,8.4,8.8,9.3,9.2,8.6,9.4,9.9,11.2,11.5
011002,4.2,4.4,4.4,4.8,5.4,5.5,5.9,6.3,6.5,6.0,6.8,6.6,7.0,6.2,6.8,7.1,7.8,8.1,7.8,8.4,8.2,8.9,10.0,10.8,10.7
011003,6.2,6.4,7.2,7.1,8.0,8.3,8.5,9.0,9.6,9.1,9.4,9.5,9.7,9.7,9.3,10.8,10.9,11.2,12.1,12.6,10.8,12.0,13.5,14.5,14.9
011004,6.2,7.2,7.6,8.3,8.4,8.9,9.2,9.2,9.8,9.1,9.3,9.4,9.6,10.1,10.3,10.6,10.7,11.5,12.3,12.4,11.2,12.4,12.8,13.7,15.0
011005,2.8,3.2,3.0,3.5,3.6,3.9,3.8,4.4,5.0,4.1,4.7,4.8,4.7,5.1,5.4,5.3,5.7,6.4,6.3,6.7,6.0,6.7,7.4,7.7,7.8
011006,3.8,3.8,4.6,4.9,4.8,5.4,5.5,5.8,6.4,6.0,6.4,6.7,6.5,6.5,6.8,7.0,7.4,7.5,8.0,8.4,8.3,8.8,9.4,10.1,10.9
011007,4.2,4.6,4.9,5.3,5.3,5.8,5.9,6.1,6.6,6.1,6.3,7.1,6.5,6.6,6.2,7.0,7.5,7.1,7.3,8.8,8.0,8.6,9.1,9.7,11.0
011008,6.5,6.8,7.4,7.6,8.0,7.9,8.7,9.5,9.4,9.2,9.0,9.6,9.6,9.1,9.3,10.3,10.6,11.5,10.9,12.6,10.5,12.6,13.1,14.8,13.9
011009,6.0,6.3,7.6,7.8,7.9,7.8,7.9,9.3,9.5,8.3,9.7,10.0,9.1,9.3,9.4,10.1,10.9,10.7,12.0,12.0,11.6,11.8,13.0,13.8,15.2
011010,6.4,6.7,6.7,7.5,7.5,7.7,8.0,7.9,8.2,8.1,8.7,8.4,8.2,7.9,8.3,8.8,8.7,9.8,9.5,9.9,9.2,10.1,10.9,11.4,12.5
011011,7.1,7.8,8.1,8.2,8.2,9.8,9.9,9.6,10.6,9.8,10.2,10.7,10.4,10.7,11.0,10.4,11.4,12.1,12.5,12.9,11.8,13.0,13.8,14.7,14.6
011012,6.6,6.9,7.6,7.8,8.1,8.4,8.7,8.7,8.7,8.8,9.1,10.4,10.0,9.8,9.4,10.4,11.1,10.5,11.6,12.1,11.0,12.0,12.3,13.8,14.6
011013,6.4,6.3,6.9,7.2,7.5,8.0,8.3,8.0,9.3,8.8,8.9,9.4,9.7,9.5,9.8,9.3,10.2,10.8,11.5,11.9,11.1,11.3,12.6,13.2,13.6
011014,8.1,8.2,8.7,9.0,9.1,9.8,9.5,10.4,10.6,10.2,11.0,11.5,10.8,10.4,11.0,10.9,12.1,12.6,12.2,12.7,12.1,13.2,13.7,14.8,14.9
011015,8.3,9.1,9.5,9.8,9.7,11.0,11.0,11.8,11.4,10.8,11.9,11.8,11.2,11.1,12.0,12.1,12.5,13.4,13.9,14.6,13.5,14.2,16.0,16.7,17.9
011016,4.8,4.4,5.5,5.1,6.2,5.8,6.4,6.7,7.3,6.8,7.0,8.2,7.1,7.2,7.1,7.5,7.9,8.4,9.0,9.5,9.1,9.5,10.7,10.8,12.0
011017,4.6,4.6,5.0,5.2,5.8,6.0,6.1,6.4,7.1,6.5,7.6,7.5,6.9,7.1,7.2,8.2,7.7,8.8,8.8,9.5,8.6,9.2,10.3,11.3,11.1
011018,5.9,6.3,6.7,7.4,7.2,8.0,7.8,9.1,8.8,8.9,8.8,9.5,8.7,9.1,9.7,9.7,10.2,10.6,10.6,11.2,9.7,11.2,12.1,13.0,14.7
011019,5.2,5.9,5.6,5.9,5.9,6.7,6.9,6.9,7.4,7.5,7.1,8.3,7.9,7.7,7.8,8.5,8.6,8.3,9.3,9.5,9.1,9.8,10.5,11.2,11.7
011020,8.5,8.2,8.6,8.6,9.2,10.2,10.0,10.4,10.4,10.0,10.9,11.4,10.5,10.6,10.7,11.8,11.7,12.3,12.2,13.6,12.4,13.5,14.4,15.3,16.8
011021,4.9,5.0,5.5,5.6,5.6,6.0,6.5,7.4,7.3,7.0,7.7,7.6,7.3,7.5,7.8,8.3,9.1,9.2,9.2,10.0,9.1,9.8,10.3,10.7,12.4
011022,3.2,3.9,4.1,4.1,4.7,5.0,5.4,5.4,5.9,5.8,6.3,6.2,6.4,6.3,5.8,6.9,7.0,7.3,7.6,8.3,7.6,8.3,8.6,9.6,9.9
011023,4.7,5.6,5.3,5.4,5.8,6.4,6.5,6.7,7.5,6.9,7.0,7.5,7.1,7.1,7.4,8.0,8.5,8.7,9.4,9.5,8.5,9.9,10.4,10.8,11.2
011024,4.3,4.2,4.8,5.3,5.5,5.7,5.8,6.5,6.6,6.3,6.4,6.7,6.7,6.7,6.9,6.6,7.6,7.9,8.2,8.7,8.5,8.6,9.2,10.1,10.3
011025,4.9,5.9,5.7,5.8,6.4,7.0,7.7,7.8,8.3,7.9,8.2,8.9,8.3,9.0,8.0,8.9,9.3,9.2,9.9,10.3,9.6,10.3,11.4,13.3,12.6
011026,4.1,4.2,4.4,4.6,4.7,4.7,5.3,5.7,5.8,5.7,5.5,5.8,5.8,5.2,6.2,5.8,6.3,7.5,6.9,7.4,7.4,7.5,8.5,9.2,9.3
011027,5.4,5.6,6.0,6.1,6.5,6.5,7.2,7.8,8.2,7.5,8.0,9.1,7.7,7.5,8.4,8.5,9.0,9.3,9.7,10.1,9.8,10.6,11.9,12.6,13.3
011028,6.3,6.1,6.3,7.4,7.2,7.6,8.0,9.0,8.8,8.0,8.6,8.9,8.5,7.9,8.6,8.9,9.3,9.8,10.8,10.5,9.7,10.8,11.5,12.7,12.5
011029,5.5,6.2,6.2,6.7,7.5,7.1,8.1,8.4,9.5,8.4,8.6,9.1,8.7,8.4,8.9,10.1,9.7,10.6,10.8,10.9,10.7,12.5,12.2,13.8,13.6
011030,4.8,5.5,5.3,5.9,6.0,6.0,6.5,6.8,7.3,7.6,7.8,8.2,7.9,7.4,7.8,8.5,9.1,8.6,9.3,9.9,8.8,10.0,11.2,11.8,11.7
011031,3.7,4.0,4.3,4.6,4.9,5.1,5.6,5.9,6.0,5.6,6.3,6.7,6.4,6.0,6.4,6.4,7.0,7.2,7.5,7.8,7.8,8.1,9.8,9.8,10.7
011032,4.5,4.7,4.9,5.3,5.9,6.3,6.9,7.4,7.2,6.5,7.2,7.9,7.6,7.7,8.3,8.2,9.0,8.2,10.0,9.7,9.3,10.5,11.5,12.1,12.2
012001,7.3,7.1,7.6,8.5,8.8,9.0,9.3,10.1,10.0,9.5,11.0,11.1,10.2,10.3,10.4,11.1,12.6,12.3,12.5,13.3,11.8,13.5,14.4,16.8,16.9
012002,6.4,6.7,6.5,7.0,7.1,7.8,8.0,8.7,8.9,8.5,9.0,9.2,9.0,8.6,9.3,9.5,10.2,10.5,10.8,10.8,10.4,11.6,12.4,12.7,13.5
012003,6.8,7.0,7.4,8.0,8.2,8.6,8.7,9.3,10.0,9.1,9.3,9.7,9.8,9.5,9.8,10.7,11.3,11.7,11.4,12.1,10.6,12.1,13.2,14.0,14.6
012004,3.4,3.4,3.8,4.0,4.3,4.5,5.4,5.2,5.4,5.2,5.1,5.5,5.4,5.9,5.8,6.0,6.1,7.0,7.2,7.6,7.1,7.6,8.6,8.8,9.5
012005,7.0,7.6,7.7,7.9,8.9,8.8,9.2,9.8,10.1,10.2,10.0,10.8,10.6,10.3,10.1,11.0,11.3,12.1,12.8,13.0,11.6,13.8,13.3,14.8,15.8
012006,5.5,5.5,5.8,6.4,6.8,7.2,7.4,7.5,8.0,7.8,8.0,7.9,8.3,8.0,8.5,9.2,8.9,9.4,9.3,10.2,9.3,10.1,11.0,12.1,12.3
012007,8.3,8.9,9.8,9.6,10.3,9.7,11.2,11.8,12.5,11.5,11.9,11.7,11.6,11.5,12.6,12.5,13.2,14.0,13.8,14.9,13.4,15.0,16.8,17.4,16.7
012008,6.5,7.2,8.3,7.6,8.5,8.8,9.1,9.9,10.0,9.6,9.4,9.8,10.2,10.1,9.3,10.6,11.1,11.6,11.9,12.4,11.6,12.1,14.0,14.5,14.9
012010,9.0,9.3,9.4,9.8,10.0,10.4,11.1,12.2,11.6,12.0,11.5,12.5,12.4,12.4,12.1,12.2,13.2,13.8,14.2,14.2,13.3,14.3,16.0,17.1,16.8
012011,7.2,7.8,8.2,8.9,9.3,10.1,10.2,10.9,11.5,10.9,10.4,12.0,11.1,10.9,11.3,12.3,11.7,12.2,13.3,13.8,13.1,13.9,14.8,16.2,17.0
012012,5.4,6.1,6.1,6.4,6.5,7.4,7.7,7.5,8.5,7.6,8.3,8.2,8.2,8.4,8.9,8.7,9.6,9.5,9.7,10.4,9.5,10.4,11.6,11.8,12.4
012013,8.0,8.1,8.6,9.7,10.4,10.1,11.5,11.2,11.9,11.6,11.4,12.8,11.7,12.4,12.0,12.0,13.0,14.3,13.9,15.2,13.9,15.0,16.6,17.3,17.9
012014,3.4,3.4,3.8,3.8,4.2,4.7,5.1,4.6,5.2,4.9,5.4,5.5,5.1,5.2,5.3,6.1,6.3,6.6,7.3,6.9,6.2,7.6,8.1,9.2,8.8
012015,6.7,6.9,7.6,8.1,8.9,9.0,8.8,10.0,10.1,9.6,10.1,10.5,10.0,10.3,10.5,11.3,11.6,12.7,12.5,12.6,12.2,13.2,14.3,15.7,16.0
012016,5.7,6.0,6.9,7.1,7.2,8.0,7.7,9.3,9.1,8.4,9.1,9.1,9.2,8.9,9.4,9.9,10.4,10.8,10.3,12.0,11.2,12.2,12.7,13.8,13.8
012017,4.9,5.0,4.9,5.6,5.8,6.0,6.5,6.6,7.6,7.0,6.7,7.4,7.3,7.1,7.3,7.8,8.2,8.7,8.9,9.3,8.5,9.7,10.9,11.3,11.9
012019,5.9,6.1,6.7,6.4,6.7,7.2,7.4,7.8,8.5,7.6,7.8,8.5,8.0,7.8,8.5,8.3,9.1,9.6,9.7,9.8,9.1,10.1,11.0,11.9,12.6
012020,8.6,8.6,9.9,9.6,10.1,10.8,11.6,12.2,12.5,12.8,12.9,13.0,13.2,12.6,13.0,13.1,14.1,15.0,15.0,15.2,14.5,16.1,16.5,17.6,19.3
012021,6.3,6.6,6.7,8.3,8.1,8.5,9.1,8.9,9.6,9.3,10.1,10.2,9.6,9.3,9.9,10.2,11.1,10.7,11.2,12.0,11.4,13.2,13.5,14.2,14.9
012022,5.0,5.4,6.1,6.0,6.1,7.2,6.9,7.5,8.2,8.0,7.5,8.5,8.0,7.6,8.4,8.5,9.9,9.9,10.0,10.9,10.2,10.3,11.6,12.6,13.6
012023,6.9,6.4,7.3,7.2,7.5,7.8,7.9,8.8,9.3,8.8,9.0,9.0,8.9,8.5,8.5,9.3,9.4,9.9,10.5,11.2,10.2,11.7,12.0,12.3,13.5
012024,8.4,9.0,8.9,9.2,9.5,9.6,11.0,10.9,10.8,10.6,10.4,11.2,10.7,10.3,11.8,11.9,12.5,12.7,13.4,13.1,12.7,14.0,14.7,15.2,16.2
012025,6.4,6.0,6.0,6.3,7.0,8.1,7.9,8.2,9.0,8.7,8.9,8.8,8.5,8.7,9.0,9.4,9.7,10.6,10.7,11.6,10.0,11.6,12.2,12.8,13.2
012026,6.6,7.1,7.5,8.4,8.7,8.6,9.8,10.1,10.5,10.2,9.9,10.6,10.8,9.4,10.4,11.0,11.6,12.0,12.6,12.7,12.1,13.6,13.5,15.2,15.0
012027,7.8,7.9,7.9,8.4,8.6,9.1,9.5,9.7,9.9,9.7,10.2,10.9,10.0,10.0,10.6,10.7,11.1,11.4,11.7,12.5,12.4,12.4,13.2,14.3,14.6
012029,7.1,7.5,7.7,8.0,8.3,8.7,9.2,9.0,9.8,9.2,9.6,9.5,10.2,10.0,10.3,10.8,11.4,11.7,12.4,12.4,11.3,12.0,13.9,13.7,14.9
012030,6.4,6.5,7.2,7.1,7.6,7.6,8.1,9.0,9.1,9.3,9.1,9.7,8.9,8.8,9.2,9.3,10.2,10.6,11.6,11.1,10.8,12.5,12.2,13.2,14.6
012031,6.4,7.0,6.9,7.3,7.2,8.4,8.3,9.1,10.1,10.1,10.1,10.3,10.4,9.7,9.9,10.7,11.5,12.1,12.1,12.6,11.3,13.4,14.3,15.6,15.4
012032,6.8,7.3,7.7,8.2,8.6,9.1,9.4,9.9,10.8,9.8,10.5,11.1,10.3,10.4,9.9,11.4,11.5,11.8,12.5,13.8,12.3,13.2,14.0,15.0,15.2
012033,5.4,6.6,5.8,6.2,6.8,7.1,7.5,7.5,7.7,7.7,8.4,8.5,8.6,7.9,8.8,9.1,9.5,9.7,9.8,10.1,10.2,10.6,11.7,12.7,13.1
012034,5.8,6.3,7.2,7.1,7.1,7.9,8.3,9.0,9.4,8.0,9.3,8.7,10.3,9.6,9.6,9.8,10.5,11.0,11.6,12.6,11.1,12.1,13.4,13.5,14.6
012035,5.5,5.5,5.4,6.2,6.4,6.8,7.5,7.3,8.3,7.6,8.2,8.3,8.1,7.9,8.0,8.4,9.2,9.3,9.8,10.5,9.3,11.0,11.5,12.3,13.2
012036,6.6,6.9,7.3,7.7,7.6,8.0,9.3,9.6,10.1,9.8,9.9,10.3,10.5,10.2,10.9,11.1,10.9,12.2,11.6,12.9,11.7,12.5,14.0,14.4,16.1
012037,5.9,6.3,6.5,6.3,7.4,7.8,8.2,8.6,9.1,8.9,9.0,9.2,9.0,9.2,9.1,10.5,10.0,11.1,10.8,11.7,10.8,12.1,12.5,13.7,14.2
012038,6.1,6.5,7.0,7.1,8.0,8.3,8.3,8.4,9.1,8.6,9.1,9.2,9.3,9.4,9.2,9.7,10.2,10.3,10.7,11.6,10.8,11.7,12.5,13.4,13.5
012039,5.4,5.4,6.1,6.4,6.7,6.6,7.0,7.6,8.0,7.5,7.6,8.0,7.4,7.5,7.6,8.3,8.6,9.3,9.2,9.6,9.0,10.4,10.7,12.0,12.2
012040,6.9,7.4,7.6,7.5,8.3,8.8,8.9,9.5,9.7,9.1,9.1,10.5,9.7,9.4,9.6,10.0,11.0,11.5,11.2,11.7,11.4,11.9,12.8,14.0,14.5
012041,7.8,8.1,8.4,9.0,8.8,9.4,10.0,10.5,10.2,10.1,10.7,10.9,11.2,11.2,11.0,11.9,11.6,12.0,12.9,13.0,12.0,13.5,14.5,14.5,14.9
012042,5.8,6.3,6.0,6.7,6.9,7.4,7.3,8.0,8.8,8.1,8.6,8.5,8.7,8.7,8.2,9.0,9.6,10.3,10.7,10.7,9.9,11.1,12.2,13.2,13.5
012043,6.8,7.2,7.3,8.5,8.5,9.1,9.5,9.6,10.7,9.9,10.7,10.6,10.4,10.2,10.7,10.9,11.5,11.9,12.4,12.3,11.7,12.7,13.8,14.3,15.0
012044,6.8,6.8,7.0,7.3,8.3,8.0,8.6,8.8,8.8,9.3,9.1,9.6,9.4,9.0,9.9,9.6,10.3,10.2,11.3,11.2,11.0,11.8,12.5,13.7,13.7
012045,8.0,7.4,8.1,8.4,9.1,9.9,9.5,10.2,11.0,10.2,10.9,11.0,10.5,10.7,10.5,12.2,11.7,12.3,12.8,13.4,12.1,14.1,13.7,15.9,15.3
012046,9.3,9.3,9.2,9.9,10.9,10.3,11.5,11.7,11.7,11.5,12.0,12.6,12.5,11.9,13.0,12.8,13.6,14.1,14.0,14.4,12.7,14.9,15.5,16.3,17.3
012047,6.1,6.2,6.3,6.5,6.9,7.1,7.8,7.6,8.7,8.4,8.4,8.8,9.0,8.8,8.4,9.2,9.4,9.8,10.5,10.4,10.2,11.6,13.0,12.2,13.2
012048,5.2,5.1,5.2,5.7,6.3,6.7,6.9,7.0,7.8,6.8,7.1,8.3,7.7,7.8,8.0,8.2,8.6,9.2,9.7,9.7,8.9,9.9,10.9,11.7,11.6
012049,6.0,5.9,6.0,6.1,7.5,7.4,8.2,8.3,8.0,8.1,8.4,8.8,8.9,8.5,9.1,9.3,10.1,10.6,10.9,11.7,9.4,11.5,12.5,13.2,14.4
012050,6.6,7.1,7.7,7.9,8.8,8.4,9.2,9.7,9.9,8.9,10.1,10.0,9.8,9.9,10.3,10.2,10.4,10.8,11.6,12.4,10.7,12.0,14.2,14.1,14.9
012051,6.6,6.8,7.4,7.7,8.4,9.0,8.8,9.3,9.2,9.1,9.0,10.8,10.1,9.6,9.9,10.5,10.6,11.1,11.8,12.6,11.4,13.3,14.0,13.9,15.4
012052,4.6,4.8,5.4,5.2,5.6,5.7,6.7,6.5,6.8,6.3,6.8,7.3,7.0,6.7,7.7,7.5,7.7,8.4,8.2,8.6,8.0,9.2,10.4,11.0,11.1
012053,7.9,8.4,8.5,8.8,9.7,10.1,10.0,10.5,11.1,10.1,10.9,11.3,10.7,10.7,10.6,12.1,11.8,13.0,12.4,13.1,12.1,12.6,14.3,15.3,15.5
012054,6.6,6.9,7.4,7.2,8.4,8.3,8.9,9.9,9.4,9.1,9.8,10.4,10.5,9.2,10.3,10.4,11.1,11.2,12.4,12.7,11.8,12.8,14.6,15.6,16.3
012055,7.4,7.8,8.0,8.1,8.9,9.2,9.1,10.2,10.5,9.9,10.8,10.7,10.1,9.9,10.8,11.3,11.7,11.5,12.4,12.5,11.5,13.1,14.7,15.7,15.5
012056,6.6,6.3,7.4,7.3,7.6,8.2,8.5,9.5,8.6,8.2,8.8,9.1,8.7,9.0,9.2,9.8,10.0,11.0,10.7,11.0,10.2,11.6,12.2,13.1,13.1
012057,5.6,5.8,6.0,6.0,6.6,7.3,7.4,7.7,8.7,8.2,8.3,8.6,8.4,8.1,8.6,8.4,9.3,9.4,9.8,11.1,10.2,10.7,11.5,12.6,12.4
012058,7.8,7.8,8.6,9.2,9.6,9.3,10.2,10.9,11.4,10.7,10.8,11.6,11.4,10.1,11.2,11.8,12.1,12.4,12.9,13.4,12.1,13.1,15.0,15.6,16.1
012059,3.8,4.2,4.7,4.8,5.3,5.4,5.9,6.0,5.7,6.2,6.2,6.7,6.3,6.6,6.7,7.6,7.6,7.7,8.0,8.2,8.1,8.5,9.0,10.1,10.1
012060,5.3,5.1,5.9,5.7,6.6,6.6,7.1,7.0,8.3,7.1,7.1,8.0,7.4,7.5,7.6,7.7,8.3,9.2,9.9,9.8,8.8,9.6,11.2,12.5,12.5
012061,6.0,6.6,6.8,7.4,7.5,7.8,8.6,8.5,9.1,8.8,9.0,9.5,9.2,8.6,9.8,9.8,9.9,10.6,11.5,10.9,10.8,12.0,12.9,13.9,13.6
012062,7.4,7.1,7.7,8.6,8.8,9.1,9.1,9.8,10.4,9.3,10.1,10.7,10.3,9.8,10.6,10.6,11.4,11.5,12.0,13.4,11.7,13.3,14.0,14.2,15.2
012063,4.9,5.6,5.5,5.7,6.2,6.4,7.2,7.2,7.7,7.0,7.5,8.4,7.5,7.4,8.3,7.7,8.7,8.7,8.9,9.8,8.9,9.8,10.3,11.7,12.0
012064,8.4,8.3,9.3,9.9,9.8,10.5,10.4,11.0,11.6,11.2,11.0,11.6,11.6,11.0,12.0,12.5,12.6,12.9,12.7,13.7,13.6,14.2,14.4,16.1,16.4
012065,7.6,8.4,8.5,8.6,9.1,9.1,9.7,10.0,10.1,10.1,10.4,10.5,11.0,10.9,11.1,10.9,12.1,11.3,12.3,12.9,11.8,12.4,13.6,15.0,15.1
012066,5.9,6.7,6.8,7.5,7.8,7.9,8.0,8.6,9.0,8.5,9.3,9.7,10.3,9.7,9.9,10.8,10.9,11.6,12.1,12.6,11.9,12.5,13.7,13.6,15.7
012067,6.0,6.8,7.2,7.5,7.7,8.1,8.1,8.9,8.5,8.7,8.9,9.3,9.7,8.9,10.0,9.9,9.9,10.1,11.0,11.9,10.2,11.4,12.6,13.5,13.5
012068,9.3,9.2,9.8,10.6,10.3,11.1,12.0,11.9,12.5,12.4,12.1,12.4,12.8,12.4,12.5,13.2,13.7,13.9,14.6,15.0,14.0,14.9,15.8,15.9,17.6
012069,6.3,6.6,7.3,7.0,7.5,8.1,8.3,8.6,9.2,8.7,9.2,9.5,8.8,8.9,9.3,9.3,10.2,10.3,10.4,10.9,10.6,11.8,12.4,13.8,14.4
012070,7.1,8.0,8.2,8.7,8.9,9.4,9.5,10.0,11.1,9.9,10.8,11.5,10.7,10.6,11.2,11.3,11.7,12.3,12.3,13.0,12.2,13.7,14.4,14.8,15.2
012071,5.7,6.1,6.2,7.0,6.4,7.4,7.6,8.0,8.3,7.8,7.8,7.9,8.3,7.8,8.4,8.5,9.1,9.8,10.0,10.0,10.2,11.2,11.7,12.5,13.2
012072,6.5,7.7,7.5,8.0,8.8,9.6,9.3,10.1,9.9,10.5,10.1,10.9,10.5,10.7,11.0,10.9,11.6,13.1,13.2,13.7,12.9,13.1,14.9,15.8,17.5
012073,10.2,10.5,10.9,11.9,11.7,12.7,12.8,13.3,13.5,13.4,13.3,14.2,13.4,13.7,13.7,13.8,14.4,15.5,15.7,16.9,15.1,16.5,17.7,19.4,18.8
012074,5.3,5.4,6.6,6.3,6.6,7.6,8.1,8.3,8.0,8.5,9.1,9.1,9.3,8.8,8.7,9.5,9.9,10.2,11.4,11.6,10.6,11.5,12.9,14.8,14.4
012075,5.2,5.4,5.7,5.5,6.5,6.7,6.5,7.3,8.1,7.1,7.5,8.0,7.5,7.1,7.7,8.0,8.2,8.7,9.3,9.4,8.6,9.5,10.6,11.7,12.7
012076,6.2,6.6,6.4,7.0,7.3,7.7,8.2,8.5,9.3,8.6,8.7,9.2,8.9,8.4,9.6,9.2,10.2,10.3,11.4,11.1,10.6,11.6,12.9,13.6,14.7
012077,7.1,7.5,8.5,8.9,8.5,9.7,9.7,9.5,10.1,10.0,10.2,10.2,10.8,9.6,10.2,10.8,11.7,11.4,11.9,12.5,11.8,12.2,13.8,15.0,15.0
012078,5.2,6.0,6.1,6.5,6.8,7.4,7.5,7.6,8.0,8.1,8.5,8.8,8.4,8.8,8.7,8.9,10.3,10.0,10.8,10.7,10.8,10.4,12.7,12.0,13.0
012079,6.4,6.3,7.0,7.2,8.0,8.5,8.1,9.7,10.0,9.9,9.7,9.9,10.3,10.0,10.4,11.1,11.6,12.2,11.9,13.1,11.3,13.4,14.1,15.2,16.4
012080,6.8,7.3,7.5,7.7,7.8,8.5,8.8,9.6,10.0,9.6,9.8,10.2,9.6,9.5,10.3,10.6,10.1,11.4,12.2,11.9,11.0,12.2,13.6,13.6,14.1
012081,7.5,8.0,8.7,8.6,9.2,9.1,10.3,9.8,10.5,10.4,11.0,11.0,11.3,10.8,10.7,11.6,12.1,13.1,13.2,13.7,12.9,13.9,14.1,15.1,16.9
012082,6.1,6.4,6.5,6.8,6.9,7.6,8.2,7.8,8.3,8.0,8.7,8.5,8.7,8.1,8.5,8.9,9.4,9.9,10.2,10.0,9.1,11.0,11.4,11.9,12.4
012083,7.9,7.9,9.0,8.6,9.4,8.9,10.1,10.2,10.4,9.8,10.7,10.7,11.1,10.6,11.1,11.3,11.7,12.1,12.3,12.7,11.8,13.0,13.9,14.8,16.0
012084,9.0,8.9,9.7,10.1,10.2,10.7,11.5,12.2,12.7,12.4,11.7,12.9,12.4,12.8,12.2,13.1,12.8,14.2,14.4,15.0,13.9,15.9,16.5,17.9,17.8
012085,6.8,7.2,7.3,8.3,8.3,8.9,9.6,9.9,10.0,9.8,9.8,9.6,9.9,9.8,10.2,10.5,11.3,11.5,11.4,12.3,11.8,12.9,13.3,14.9,15.1
012086,5.6,5.7,5.8,6.1,6.0,6.4,7.2,7.5,7.5,7.3,7.7,7.9,7.2,7.2,8.0,8.1,8.1,8.8,9.3,9.7,8.7,9.2,9.9,11.3,12.0
012087,7.2,7.4,7.4,8.0,8.2,9.2,9.0,9.8,9.8,9.9,9.4,10.2,10.0,9.4,10.0,10.8,11.0,11.5,11.2,12.1,10.8,12.2,12.8,13.9,14.7
012088,4.8,4.5,5.6,5.2,5.9,6.2,6.4,6.8,7.1,6.9,6.8,7.1,6.9,6.8,8.0,8.0,8.1,8.3,9.1,9.9,9.1,9.4,10.3,11.4,11.6
012089,5.9,6.7,7.2,7.3,7.3,8.0,8.1,8.8,8.9,9.0,8.9,9.1,8.8,8.9,9.0,10.0,9.7,10.4,10.4,10.7,10.4,11.3,11.8,12.8,13.2
012090,6.6,6.4,6.8,7.9,7.6,9.2,8.8,9.4,10.1,9.5,9.5,10.3,9.8,9.5,10.3,11.9,10.9,11.6,12.3,12.4,11.6,11.9,13.5,15.3,15.4
012091,6.1,6.7,6.8,6.8,7.4,7.9,8.9,8.6,9.2,8.3,9.4,9.6,8.4,9.7,10.1,9.6,10.1,11.4,10.9,11.6,10.8,11.1,13.3,14.2,13.8
012092,4.5,4.1,4.6,4.4,5.1,5.5,5.8,6.1,6.3,5.8,6.3,6.5,6.4,6.2,7.2,6.9,7.5,7.9,8.1,8.1,7.7,8.9,9.5,10.2,10.5
012093,8.4,8.5,9.0,9.8,10.0,10.2,10.9,11.0,11.6,10.4,11.5,11.4,11.6,11.4,10.8,11.3,12.2,12.1,13.3,13.7,12.8,13.8,14.8,15.4,15.7
012096,5.8,5.6,6.6,6.6,7.3,7.6,7.4,9.2,9.3,8.3,8.3,8.9,8.0,8.9,8.3,9.4,9.6,10.4,10.6,10.9,9.7,10.7,13.3,13.7,13.5
012097,5.6,6.1,6.6,6.6,7.0,7.4,7.9,8.1,8.7,8.4,8.8,8.6,8.8,8.5,8.9,9.6,9.5,9.6,10.6,10.4,10.1,11.0,11.6,12.1,13.0
012098,8.7,9.9,9.6,10.4,10.9,10.6,11.3,12.4,12.3,11.7,12.1,13.6,12.5,11.6,11.9,13.1,12.9,13.7,13.8,14.8,14.4,15.4,15.7,17.0,16.7
012099,6.3,7.0,6.8,7.4,8.0,8.1,8.1,8.6,9.3,9.1,8.6,9.7,9.8,8.9,9.7,9.6,10.7,10.6,11.0,11.5,11.0,11.8,12.1,13.7,14.3
012100,6.0,7.3,6.9,7.9,7.9,8.6,8.7,8.8,9.4,8.8,9.6,10.5,9.5,9.4,10.0,10.5,10.2,11.0,11.4,11.7,11.2,12.1,12.8,13.8,14.7
012101,8.2,9.2,9.6,9.8,10.4,10.3,11.0,11.9,12.5,11.8,11.9,12.3,12.3,11.9,12.1,12.5,14.0,13.9,13.9,14.8,13.6,14.3,16.1,17.6,17.8
012102,7.0,6.8,8.3,8.1,8.2,8.5,9.3,9.7,9.8,9.7,9.6,10.2,9.5,10.0,11.0,11.2,11.2,10.8,11.1,12.9,11.7,12.6,13.1,15.1,15.1
012103,7.3,8.0,8.3,8.6,8.9,9.7,9.3,10.0,10.7,10.2,10.6,11.0,11.2,10.3,10.8,10.7,11.5,11.3,11.4,13.2,12.3,13.5,14.6,14.9,16.2
012104,7.0,7.2,7.6,8.1,9.1,9.3,9.1,9.5,9.9,9.1,9.7,10.1,9.6,9.9,10.4,10.8,10.2,11.8,12.4,11.6,11.9,12.7,13.0,14.4,14.4
012105,6.4,7.3,7.2,7.6,7.6,8.1,8.7,9.0,10.0,9.4,9.7,10.0,9.6,9.4,10.1,10.4,11.1,11.2,11.2,11.8,11.4,12.2,13.3,13.9,13.6
012106,6.4,5.6,6.3,6.9,7.1,7.7,7.8,7.8,8.4,8.0,9.0,8.8,8.5,8.6,8.7,8.8,10.2,11.1,11.1,10.8,10.0,11.0,11.6,13.4,13.4
012107,5.3,5.7,5.9,6.3,6.7,6.8,7.8,8.0,9.0,8.1,8.1,8.8,8.0,8.2,9.4,9.1,10.1,9.6,10.4,11.3,10.5,11.3,12.6,13.0,13.6
012108,4.3,5.4,5.2,5.2,5.9,6.5,6.6,7.0,7.3,6.9,7.2,7.0,7.3,7.0,7.8,8.3,8.5,8.8,8.9,9.6,8.6,9.6,10.4,11.1,10.8
012109,4.5,5.2,5.3,5.6,5.8,5.8,6.1,6.5,7.6,6.7,7.4,7.1,7.1,7.4,7.3,7.5,8.0,7.9,8.2,8.8,7.8,9.4,10.4,11.4,11.9
012110,5.6,5.6,5.5,6.3,6.5,7.2,7.0,7.4,7.5,7.8,7.0,7.8,7.5,7.5,7.3,8.1,8.7,9.0,8.8,9.7,8.7,9.5,10.5,12.0,11.7
012113,4.8,5.4,5.3,6.0,6.5,6.7,6.8,7.5,8.1,7.2,7.6,8.3,7.8,7.9,7.9,8.5,8.9,9.1,10.2,10.3,9.7,10.1,10.8,12.2,12.5
012114,5.6,5.7,6.1,6.1,6.1,6.9,7.3,7.3,8.0,6.8,7.4,7.7,7.5,7.3,8.1,7.7,7.7,8.4,9.2,9.8,8.9,9.7,10.1,11.3,11.6
012115,6.5,6.8,6.5,7.0,7.6,7.8,8.3,8.8,8.8,8.5,9.0,9.0,8.8,9.0,9.1,10.4,9.6,9.9,11.1,11.2,10.2,11.6,12.8,13.4,13.8
012116,7.7,7.9,8.4,8.4,9.2,9.0,9.4,9.9,10.7,10.1,10.5,11.1,10.2,10.4,11.0,11.0,11.2,11.5,12.7,12.9,11.7,12.9,13.4,14.4,15.4
012117,7.0,7.3,7.7,8.9,8.6,8.7,8.9,9.5,11.2,9.8,10.3,10.0,10.1,9.3,10.3,11.3,11.8,11.6,12.5,12.3,11.9,12.7,14.1,14.8,16.2
012118,4.1,4.5,4.4,4.4,5.3,5.3,5.7,6.2,6.3,5.9,6.3,6.9,6.3,6.5,6.3,7.4,7.6,8.0,8.2,8.1,8.1,8.9,9.9,10.3,11.2
012119,6.0,5.7,6.7,6.7,7.3,7.8,8.2,8.3,8.8,7.8,8.3,9.3,8.3,8.6,8.7,9.5,9.4,9.9,10.2,10.2,9.8,11.2,11.9,13.4,13.1
012120,5.8,6.4,6.3,6.8,7.2,7.9,8.3,7.7,8.3,9.0,8.7,8.6,8.9,7.8,8.8,9.0,10.0,9.7,10.9,10.3,9.9,11.2,11.9,13.3,13.1
012121,4.8,5.1,5.3,5.9,6.5,6.3,7.7,6.9,7.1,6.7,8.0,7.4,7.8,6.8,7.3,6.8,8.2,9.3,8.8,9.2,8.6,9.9,11.7,12.1,11.9
012122,6.5,6.6,6.8,7.7,7.7,8.3,8.4,8.8,9.3,8.6,9.6,9.8,9.0,9.7,9.9,10.2,10.8,11.2,11.6,11.8,10.9,12.4,13.4,13.3,14.6
012123,3.4,4.0,3.7,4.2,4.5,4.6,4.9,5.1,6.0,5.4,5.9,6.0,5.6,5.7,5.5,6.1,7.1,6.8,7.2,7.3,7.3,8.3,8.8,9.6,9.5
012124,6.2,6.4,6.6,7.2,7.2,8.0,8.2,8.6,9.1,8.6,9.1,10.1,8.6,8.3,9.8,9.3,10.7,11.1,11.2,11.2,11.2,12.1,13.3,14.4,14.0
012125,6.8,7.0,7.0,7.5,8.2,8.9,9.0,8.7,9.9,9.0,9.5,9.6,9.6,9.2,9.9,10.1,10.7,11.3,11.7,11.4,11.5,12.4,13.0,13.9,14.6
012126,5.6,6.0,6.8,7.0,6.5,7.6,7.9,8.4,8.4,8.5,8.4,9.4,9.2,8.5,9.0,9.5,10.1,10.5,11.0,11.1,10.4,10.9,12.7,13.1,14.1
012127,6.1,6.3,6.8,6.6,7.1,7.9,7.7,7.5,8.2,8.0,8.9,8.9,8.1,8.6,8.7,8.9,9.0,9.6,10.5,10.9,9.8,10.5,11.7,12.9,13.7
012128,5.4,5.9,6.9,6.5,7.0,7.1,8.1,8.3,8.4,8.2,8.9,8.6,9.1,9.1,8.9,9.5,9.5,10.6,11.2,11.1,10.5,11.3,12.3,12.8,13.2
012129,5.6,5.3,6.2,6.6,6.5,7.0,7.5,7.8,8.2,7.8,8.0,8.7,8.4,8.4,8.7,9.2,9.7,10.1,10.2,10.6,9.4,11.2,11.1,13.5,13.3
012130,9.0,9.8,10.4,10.5,11.3,11.8,11.7,12.0,12.5,12.3,13.0,13.7,12.2,12.4,13.1,13.1,13.9,14.9,15.0,14.8,14.2,15.2,16.9,18.1,18.4
012131,5.4,6.4,6.9,6.5,7.0,7.4,8.4,8.4,9.2,8.7,9.2,9.3,8.8,8.9,9.7,9.6,10.3,11.4,11.1,11.3,11.2,11.2,13.1,13.5,14.0
012132,10.0,10.2,10.7,10.6,11.5,11.5,12.3,12.1,12.7,12.6,12.7,13.0,12.8,12.6,12.7,13.1,13.6,14.8,15.0,15.6,14.1,15.3,16.8,18.0,18.0
012133,6.2,6.4,6.7,7.4,7.8,8.4,9.0,9.1,9.0,9.2,9.6,9.7,9.7,8.9,10.2,10.5,10.8,11.1,11.6,11.8,11.2,12.4,13.1,14.0,14.3
012134,6.9,7.3,7.4,7.7,7.9,8.0,8.7,9.4,9.5,9.9,10.1,9.9,9.7,10.0,9.7,10.2,11.6,11.8,11.3,11.8,11.2,11.8,13.8,14.5,14.4
012136,8.3,9.4,9.4,9.8,9.7,10.0,10.9,10.9,11.5,11.1,11.6,12.1,11.8,11.3,11.8,12.0,12.9,12.9,13.9,13.9,12.4,14.2,14.8,16.0,16.0
012137,6.1,6.9,7.5,7.5,7.6,8.0,7.9,8.9,9.2,8.3,9.2,9.7,9.0,9.3,9.1,9.1,10.0,11.2,11.1,10.9,10.0,10.4,12.0,13.0,13.1
012138,7.4,8.6,9.6,9.4,9.2,9.7,10.6,10.5,11.0,9.8,10.6,11.4,11.2,11.9,11.0,11.5,11.9,12.4,12.9,13.6,12.8,13.2,14.5,15.7,16.7
012139,1.7,1.8,2.0,2.2,2.7,2.5,3.0,3.0,3.3,2.8,3.1,3.5,3.7,3.4,3.3,3.8,4.1,4.3,4.4,5.4,4.3,4.6,6.1,6.3,6.8
012140,6.2,5.9,6.4,6.8,7.3,7.4,7.6,7.7,8.3,8.0,8.6,8.7,8.4,8.7,8.9,9.0,9.1,9.5,10.5,10.7,10.1,10.5,11.1,12.5,13.2
012141,6.6,6.2,7.1,7.4,8.0,8.2,9.4,9.1,10.5,9.0,10.1,9.9,9.8,10.4,10.3,10.3,10.7,11.5,12.2,12.5,12.0,13.0,14.2,14.2,15.4
012142,8.8,9.2,9.5,9.8,10.1,11.2,11.0,11.2,12.2,11.3,12.3,12.6,12.6,11.9,12.7,12.8,13.5,13.7,13.4,15.2,13.2,14.2,15.5,17.0,17.9
012143,5.7,5.7,6.7,7.3,7.2,7.2,7.5,8.2,8.8,8.0,8.1,9.1,8.4,9.0,8.7,9.5,10.2,10.1,10.9,9.8,10.3,11.1,11.5,12.8,13.3
012144,5.8,5.7,5.6,6.2,6.3,7.2,7.5,8.7,8.3,7.8,8.3,8.6,8.0,8.4,7.9,9.2,9.6,9.5,9.6,10.3,9.1,10.6,11.9,12.4,13.1
013003,5.5,5.8,6.5,6.4,6.6,7.1,7.6,7.8,8.5,7.6,8.3,8.2,8.2,7.6,8.2,8.5,8.6,9.4,9.3,10.1,9.0,10.0,11.2,12.1,12.8
013004,4.4,4.8,5.4,5.7,5.7,6.1,6.8,7.3,7.4,7.2,7.2,7.0,7.3,7.8,7.0,7.8,8.5,8.8,8.6,9.0,8.9,10.3,11.1,11.2,11.9
013005,6.4,7.0,6.8,7.3,8.3,8.5,8.4,9.4,9.6,9.2,9.5,9.9,9.8,9.5,9.5,10.4,10.9,11.1,12.5,11.6,10.7,12.3,12.9,13.9,14.8
013006,7.7,8.1,8.4,9.0,9.9,9.6,10.4,10.2,10.5,10.7,11.6,11.5,10.9,11.0,11.5,12.4,12.1,13.1,14.0,14.1,13.0,14.1,14.6,16.2,16.8
013007,7.0,6.8,7.3,7.0,7.8,8.2,8.3,8.9,9.3,9.2,9.3,9.6,9.2,9.0,9.0,9.7,9.9,10.6,11.1,11.3,10.6,11.5,12.0,13.2,13.3
013009,4.5,4.9,5.4,5.5,5.6,5.9,6.5,6.8,6.4,6.2,7.3,7.0,7.1,6.8,7.3,7.3,8.3,8.1,8.2,8.5,8.1,9.1,10.6,11.1,10.9
013010,5.5,6.2,6.6,6.9,6.9,7.4,7.6,7.9,8.4,7.9,7.9,8.2,8.0,7.8,8.1,8.9,8.6,9.0,9.8,9.6,9.2,10.4,12.1,12.0,13.7
013011,5.6,5.6,5.5,6.0,6.9,6.7,7.3,7.9,8.3,8.5,7.9,8.8,7.8,8.7,8.4,9.5,9.6,10.3,10.3,10.8,10.2,11.3,11.5,12.8,13.8
013012,8.4,9.4,9.2,10.3,10.8,11.0,11.3,12.0,12.4,12.0,12.4,13.2,12.2,12.4,12.5,13.2,13.9,13.5,14.7,15.0,14.6,15.0,16.3,17.6,17.4
013013,7.7,8.2,8.2,9.2,9.5,9.6,10.5,10.2,10.7,10.1,10.8,11.8,10.6,10.6,10.9,11.3,11.7,11.7,12.5,13.3,12.6,13.2,14.0,15.6,15.5
013015,8.4,8.6,9.2,9.0,9.7,9.8,10.9,11.2,11.1,10.8,11.9,11.5,11.7,12.2,12.2,12.1,13.2,13.3,13.4,14.2,13.2,14.6,16.3,15.8,17.2
013021,6.5,6.8,7.3,7.6,7.9,8.2,9.0,8.4,9.7,9.1,10.1,10.0,9.2,9.7,9.3,10.4,10.7,11.4,11.5,12.5,11.1,12.3,13.4,14.5,15.3
013022,3.9,4.5,5.1,5.5,5.5,5.6,6.8,6.6,7.2,6.3,6.6,7.1,7.2,6.8,7.4,8.0,7.6,8.0,9.8,9.1,8.4,9.8,10.3,11.2,11.6
013023,6.2,5.7,6.3,6.6,7.3,7.2,8.3,7.7,8.3,8.1,8.1,8.5,8.4,8.2,8.9,8.9,9.2,9.5,9.9,10.7,9.8,10.9,11.8,12.6,11.8
013024,5.8,6.0,5.9,6.7,6.4,7.1,7.4,8.5,8.2,7.9,8.3,9.2,8.5,8.5,8.4,8.8,8.8,9.9,10.0,10.5,9.0,10.6,11.7,12.3,12.0
013025,7.6,7.9,8.8,8.9,8.8,9.9,9.6,11.0,11.1,11.2,10.6,11.5,10.6,10.4,11.5,11.7,12.1,12.5,12.6,13.8,12.4,14.1,15.2,16.1,16.0
013026,6.6,7.0,7.3,7.6,7.7,8.3,8.8,9.1,9.4,8.9,9.6,9.5,9.5,9.4,9.8,10.1,10.6,10.8,11.1,11.7,11.1,11.7,12.5,13.8,13.6
013028,10.6,11.2,12.2,12.8,12.7,13.2,12.7,13.9,13.8,14.0,14.8,14.4,14.2,13.7,14.1,16.0,16.2,16.7,16.8,16.5,16.3,18.3,19.4,19.6,19.6
013029,4.4,5.0,5.4,5.3,5.4,6.6,5.5,6.5,7.1,6.5,6.9,7.2,7.4,6.8,7.2,7.5,8.1,8.2,9.0,9.1,8.6,8.8,10.4,11.2,12.1
013030,4.8,5.8,5.6,5.9,6.6,5.9,6.8,6.5,7.5,7.4,7.4,7.7,7.5,7.3,7.5,8.0,8.0,8.7,8.6,9.3,9.0,9.7,10.8,11.1,11.3
013032,7.1,7.6,8.2,8.0,8.8,9.1,9.9,9.5,10.5,9.5,10.1,10.7,11.0,10.3,11.3,10.9,11.1,11.6,12.2,12.9,12.2,13.0,14.5,14.5,16.1
013034,5.0,5.2,6.0,5.8,7.1,6.8,7.2,7.3,7.5,7.6,7.8,8.0,8.2,7.7,8.2,8.3,9.5,9.3,9.6,10.1,9.8,10.2,10.6,11.6,12.5
013035,7.2,7.1,7.7,7.6,8.5,8.7,9.5,9.9,9.4,9.1,10.3,10.5,9.9,9.6,10.6,10.8,11.3,11.8,12.2,13.3,11.8,12.1,14.0,14.8,15.6
013036,3.5,4.2,4.8,4.3,4.8,5.7,5.5,6.1,6.2,6.0,6.3,6.8,7.0,6.3,7.3,7.2,7.3,7.5,7.8,8.4,7.7,8.9,9.5,10.6,11.3
013037,6.4,6.7,7.0,7.5,7.3,7.9,8.7,8.9,8.5,8.5,9.0,8.9,8.3,8.8,9.0,9.6,9.3,10.0,10.3,11.0,10.0,11.0,12.2,13.0,13.3
013040,8.9,8.2,8.8,9.4,9.7,10.9,11.0,11.5,11.4,11.0,12.3,12.2,11.4,11.9,12.0,12.0,13.3,13.8,14.1,14.2,13.3,14.7,15.6,16.8,17.5
013041,4.6,5.1,5.9,5.7,6.3,6.4,7.4,8.0,7.6,7.1,8.1,8.8,7.9,7.3,8.3,8.5,8.8,9.6,10.0,10.3,8.8,10.7,11.5,12.3,13.5
013042,9.5,10.2,10.5,10.9,11.1,11.6,11.6,12.2,13.2,13.1,12.4,13.4,12.5,12.4,13.2,12.1,14.1,14.6,14.5,15.3,13.4,15.2,16.9,17.7,17.4
013043,5.8,5.9,6.4,7.0,7.3,7.2,7.2,8.3,8.6,7.6,8.9,9.3,8.7,8.2,9.3,9.4,10.3,10.0,10.5,11.3,10.1,11.5,12.4,12.7,13.6
013044,6.6,7.4,7.6,7.9,7.7,9.1,9.0,9.5,9.1,9.0,9.6,10.2,10.1,9.7,10.0,10.6,10.0,10.7,11.1,12.0,11.0,12.6,14.2,14.4,14.7
013045,7.1,7.6,9.3,9.0,8.9,9.6,10.6,11.3,11.8,11.0,10.4,11.5,10.9,10.8,11.6,11.9,13.0,13.4,13.6,13.6,13.5,14.6,15.8,16.2,16.9
013046,7.3,7.0,7.8,8.4,8.2,8.7,8.9,9.5,9.9,9.6,10.3,10.0,10.5,9.5,10.4,10.1,10.9,11.7,11.7,12.0,11.1,13.0,14.0,14.8,15.0
013047,6.9,7.2,7.5,8.4,8.2,9.0,8.6,9.4,9.6,9.5,9.8,10.1,9.3,9.7,10.0,10.5,10.8,11.7,11.8,12.5,11.0,12.1,13.7,14.6,15.0
013048,3.8,4.7,4.6,5.1,5.3,5.2,6.3,6.6,6.7,6.7,6.9,6.7,6.3,6.9,7.0,7.3,7.4,8.2,8.5,8.8,8.0,8.6,9.6,11.1,11.5
013052,6.0,6.5,6.5,7.9,8.0,8.2,8.9,9.8,9.8,9.9,9.4,10.0,9.7,9.3,9.5,10.6,11.4,11.6,11.6,12.5,11.0,12.6,13.4,14.4,14.9
013053,6.0,6.5,6.9,7.1,7.1,7.6,8.4,8.7,10.0,8.5,9.2,9.7,9.2,8.7,9.7,9.6,10.5,10.8,11.5,12.8,11.7,11.7,13.3,14.0,13.6
013055,6.0,6.4,6.8,7.6,7.5,8.1,8.2,8.6,8.8,8.7,9.3,9.5,9.0,9.0,9.5,10.3,10.5,10.5,11.1,11.5,10.7,12.0,13.4,13.7,14.6
013058,5.7,6.0,6.5,6.8,7.2,7.4,8.3,8.6,8.3,8.1,8.4,9.4,8.8,8.5,9.0,9.9,10.3,10.6,10.5,11.2,10.5,11.5,12.1,13.8,13.5
013059,7.2,7.5,7.3,7.9,8.4,9.1,9.4,9.7,9.7,10.2,9.1,10.1,9.8,9.5,10.3,10.6,10.7,11.3,11.7,12.2,11.0,12.7,13.1,13.9,13.9
013062,5.4,5.6,5.9,6.4,6.7,6.5,7.6,8.3,8.1,8.2,8.2,8.6,9.1,8.6,8.7,9.1,9.4,10.3,11.0,12.1,10.5,12.0,13.0,13.5,13.7
013063,9.2,9.6,10.3,10.2,10.5,10.8,11.0,12.1,12.4,11.7,12.3,12.8,12.2,12.2,12.3,12.8,13.0,13.6,14.1,13.8,13.0,14.2,16.0,17.0,17.6
013064,7.3,7.7,7.8,8.5,9.2,9.5,9.5,10.6,10.2,10.1,10.3,11.4,10.3,10.4,10.6,11.8,12.3,11.9,13.1,13.1,12.6,13.7,14.9,15.3,16.3
013065,7.4,8.1,8.3,8.2,9.4,10.2,9.5,10.5,10.9,10.5,11.6,11.4,11.4,10.8,11.4,11.3,12.3,12.6,12.6,13.5,12.6,13.8,14.5,15.0,15.4
013068,6.7,6.8,7.4,7.6,8.3,8.5,9.0,9.3,9.4,9.1,9.2,9.7,9.9,9.7,10.3,10.0,10.5,11.2,11.6,12.4,11.5,12.6,13.3,14.8,14.9
013071,3.7,3.7,3.7,4.5,4.9,5.2,5.2,5.4,6.2,5.3,5.5,6.8,6.5,6.0,6.2,6.6,6.7,7.3,7.6,7.8,7.4,8.1,9.0,9.8,10.4
013074,6.2,6.3,7.1,7.0,7.7,8.2,8.6,9.3,8.7,7.9,9.4,10.2,10.0,9.9,9.7,10.1,11.0,11.2,10.8,11.7,10.8,12.7,14.0,14.3,15.2
013075,3.8,4.2,4.6,4.7,5.0,5.4,5.4,5.3,5.8,5.6,6.2,6.4,6.3,5.9,5.7,5.8,6.5,6.9,7.3,7.7,7.3,7.5,8.1,9.4,8.9
013077,8.4,8.7,9.2,9.6,10.2,10.1,11.3,11.4,11.4,11.2,11.1,12.0,11.9,10.8,11.9,12.3,12.8,13.5,13.8,13.9,12.5,14.2,15.2,16.8,17.2
013083,3.5,3.2,3.6,3.9,4.4,4.6,4.9,5.2,5.3,5.1,6.0,6.2,5.6,6.0,5.8,6.1,6.7,7.7,8.4,7.4,6.9,8.3,9.3,10.0,10.7
013084,5.7,6.4,6.7,7.2,7.7,7.6,7.9,8.4,8.6,8.7,8.6,9.1,9.2,8.8,9.3,9.2,10.1,9.9,10.8,11.5,10.5,11.0,11.9,12.3,13.3
013085,6.6,6.8,6.5,7.6,7.6,7.8,8.7,9.4,9.6,9.3,9.5,9.7,9.2,9.6,9.9,9.7,11.0,11.2,11.3,11.9,11.4,11.9,12.9,14.0,14.5
013087,5.0,6.0,6.1,6.6,6.7,7.5,7.7,7.9,8.0,7.7,8.3,8.0,8.8,8.3,8.6,9.0,9.0,9.5,9.2,10.6,10.1,10.2,11.2,12.8,12.3
013089,6.5,7.0,7.1,6.8,7.6,8.0,8.5,8.7,8.9,8.4,9.0,10.0,8.9,8.9,9.2,9.6,10.2,10.3,10.9,11.6,11.1,11.9,12.3,13.2,13.1
013090,8.0,8.3,8.8,8.6,9.6,10.4,10.7,11.4,11.5,10.9,11.2,11.7,12.1,11.4,11.5,12.7,13.2,13.7,13.7,14.7,13.6,14.3,16.8,17.2,18.1
013092,5.6,5.2,5.7,6.1,6.3,6.8,7.0,7.9,7.7,7.3,7.5,8.0,7.7,7.1,7.6,8.0,8.4,9.4,9.2,9.5,9.7,10.2,11.2,11.3,12.4
013095,6.1,7.0,7.3,7.5,7.7,8.8,8.0,8.9,9.4,9.3,10.1,9.5,9.0,9.8,9.4,10.2,10.3,10.9,12.1,11.8,10.9,12.7,13.2,14.8,14.6
013097,9.0,9.0,10.3,10.0,10.0,11.0,11.5,12.0,12.3,11.7,12.4,12.6,12.4,13.0,12.2,13.1,14.3,14.5,13.8,15.9,12.9,15.8,16.2,17.3,19.0
013098,3.8,3.6,4.4,5.1,5.0,5.3,5.8,5.5,6.2,5.7,5.7,6.3,6.1,6.1,6.3,7.0,7.1,7.5,7.8,7.9,7.8,8.2,9.1,10.3,10.8
013099,7.2,8.2,8.4,8.3,9.2,9.6,9.7,9.9,10.0,10.3,10.6,11.1,11.0,10.4,11.1,10.6,11.7,12.3,12.5,13.3,11.9,13.0,13.6,14.9,15.0
013100,4.6,4.7,5.4,5.2,5.5,5.8,6.0,6.4,6.6,6.4,6.6,6.5,6.8,6.5,7.1,7.0,7.5,8.1,8.2,8.1,7.8,8.4,9.3,9.7,11.1
013101,9.6,10.1,10.0,11.1,11.5,11.6,12.2,13.1,12.9,13.0,13.4,14.2,13.8,13.0,14.1,14.2,14.8,15.2,15.6,16.4,14.7,15.7,17.6,18.9,18.9
013102,6.8,7.1,8.0,7.6,7.9,8.4,8.8,9.7,10.9,9.6,10.1,11.1,10.1,9.7,10.7,10.9,10.6,12.1,12.0,12.6,12.5,12.7,14.8,14.5,16.0
013106,5.5,5.6,6.1,6.6,6.7,7.3,7.8,7.8,8.5,7.9,8.2,8.1,8.7,7.9,8.4,9.0,9.4,9.4,10.3,9.8,9.2,10.0,11.4,12.3,12.0
013107,6.5,7.2,7.7,7.6,7.9,8.5,8.6,9.1,9.4,9.4,9.8,10.5,9.6,9.7,9.7,10.3,10.3,10.6,11.2,11.4,11.2,12.4,13.7,14.7,14.8
013110,5.1,4.8,5.4,5.3,5.7,6.3,6.5,6.6,6.8,6.4,7.4,7.1,7.2,7.0,7.7,7.6,7.8,8.5,8.6,8.6,8.3,9.0,10.3,10.6,11.3
013111,6.6,7.4,7.1,7.5,8.0,8.5,9.2,9.4,9.8,10.1,10.1,11.0,9.8,9.7,10.5,11.0,11.2,11.8,12.4,12.9,11.0,12.5,13.7,13.9,14.9
013113,7.6,7.5,8.4,9.1,9.2,9.7,9.9,10.5,10.8,10.4,10.7,11.9,10.9,10.9,11.6,11.9,12.3,12.7,13.2,13.2,13.3,13.4,15.5,16.5,16.0
013114,9.3,10.2,10.7,10.7,11.6,12.3,11.9,13.2,13.7,13.1,13.0,12.9,13.2,12.6,13.0,14.5,14.2,15.2,16.5,16.6,15.0,16.2,17.3,18.5,20.0
013118,6.7,6.6,7.0,7.5,8.1,8.4,8.6,8.5,9.4,9.1,8.8,9.7,9.5,9.4,9.7,9.7,10.7,10.8,11.0,11.2,10.4,11.9,12.7,13.3,14.1
013119,5.6,6.2,5.8,6.8,6.9,7.2,7.7,7.4,8.0,8.4,8.2,9.4,9.2,8.8,9.0,9.2,9.6,10.0,11.1,11.2,10.1,11.6,13.3,14.1,14.5
013120,8.9,9.3,9.5,9.4,10.0,10.5,11.2,11.3,11.2,10.7,11.2,12.4,11.6,12.1,12.6,11.9,13.3,12.8,13.6,13.6,13.2,14.5,15.5,16.6,17.0
013121,5.0,4.8,5.3,5.1,5.9,5.6,6.3,6.5,7.2,6.9,7.0,7.5,6.9,6.8,7.3,6.9,7.5,8.2,8.6,8.5,7.8,9.0,9.4,9.8,11.0
013123,5.9,6.2,6.8,6.4,7.5,7.5,8.0,8.5,8.6,8.1,8.6,8.9,8.4,8.8,8.5,8.7,9.4,9.1,10.3,10.3,9.9,11.2,11.5,12.6,12.7
013126,4.5,5.2,5.2,5.5,6.3,7.1,6.7,7.0,8.2,7.2,7.4,8.2,8.5,7.5,8.3,7.9,8.6,9.7,9.7,9.9,10.0,11.6,12.0,12.2,13.4
013128,8.6,9.1,9.5,10.0,10.4,10.8,11.7,12.1,11.8,12.5,12.2,13.3,12.9,12.4,12.8,12.9,13.5,13.6,14.7,14.7,13.6,15.0,16.2,17.0,18.1
013129,5.5,5.3,6.2,6.3,6.6,6.6,6.8,7.8,8.3,7.4,7.7,7.7,7.9,7.3,8.2,8.4,9.0,9.6,10.2,10.3,9.4,9.6,11.5,12.3,12.9
013130,6.0,6.3,7.1,6.7,8.0,7.9,8.2,8.7,9.7,9.0,8.6,10.1,9.1,9.2,9.3,9.4,10.4,10.7,11.8,12.2,11.2,11.5,13.1,13.6,14.6
013131,6.7,6.9,7.9,7.8,7.9,8.3,9.2,9.2,9.3,9.3,9.3,10.0,9.8,9.3,11.0,10.7,11.2,11.3,11.4,12.1,11.9,12.6,13.6,14.4,15.1
013133,7.0,7.0,7.4,7.5,7.9,8.9,9.6,9.6,9.9,9.0,9.4,9.7,10.1,9.7,10.2,9.6,10.1,10.3,11.9,12.2,11.2,12.4,13.6,14.0,13.5
013134,4.7,5.1,5.6,5.7,6.2,6.4,7.0,7.0,7.5,7.1,7.9,8.0,7.5,7.3,7.6,7.7,8.7,9.2,9.1,10.1,9.1,10.2,10.2,11.5,11.9
013135,8.2,8.7,9.6,9.7,9.7,10.7,11.1,11.5,12.4,11.5,11.7,12.0,11.5,11.7,12.0,12.3,12.5,13.3,13.5,13.2,12.9,14.4,15.4,15.6,16.7
013136,5.4,5.7,5.8,6.3,6.8,6.4,7.3,7.3,7.8,7.9,8.1,8.8,7.5,8.0,8.0,8.7,9.3,9.3,9.9,10.5,9.5,10.1,10.8,12.6,12.6
013137,7.8,8.6,9.0,9.4,9.8,10.4,10.5,10.7,11.9,10.8,10.8,11.9,12.1,11.2,11.7,12.1,12.1,13.4,13.1,14.4,12.3,14.4,15.3,15.8,16.3
013138,4.5,4.8,5.3,6.0,5.9,6.3,6.5,7.2,7.5,7.0,7.8,7.8,8.2,8.0,8.5,8.7,9.3,10.1,10.4,10.1,9.8,11.5,11.7,12.6,13.8
013139,5.7,6.5,6.3,6.8,6.9,7.6,8.1,8.4,8.3,8.4,8.5,9.0,8.6,8.4,9.3,9.3,9.6,10.1,10.8,11.5,10.1,12.2,12.6,13.2,13.9
013143,6.1,5.9,6.3,7.5,6.9,7.3,8.2,8.3,8.9,8.4,8.7,9.2,9.1,9.2,9.6,8.9,10.0,10.7,10.6,11.3,10.9,11.5,12.1,13.4,13.2
013144,5.8,5.8,6.4,6.9,7.4,7.4,7.8,8.8,8.5,9.0,9.0,9.3,8.8,8.5,9.8,9.3,9.6,10.3,10.2,11.2,9.9,11.5,12.4,12.5,13.3
013145,10.3,9.9,10.5,11.5,11.3,12.2,13.2,12.7,14.3,13.1,13.3,14.3,13.7,13.1,14.1,14.4,14.8,15.8,16.3,16.2,15.9,17.9,18.2,18.9,19.8
013147,6.7,6.7,6.5,7.1,7.2,7.3,8.7,8.8,9.0,8.4,8.5,9.3,9.2,9.2,9.5,9.9,10.2,11.2,11.0,11.1,10.3,11.1,13.2,13.3,14.2
013152,8.4,9.2,8.5,10.3,10.9,10.5,11.8,11.4,13.0,11.9,12.4,12.7,12.8,12.7,12.1,13.0,13.1,14.5,14.9,14.8,14.2,15.4,16.4,17.5,18.7
013153,7.6,8.1,8.6,9.5,8.9,9.4,10.0,11.2,10.4,10.6,11.2,11.1,11.2,11.2,11.6,11.2,12.5,13.4,13.6,13.7,12.7,13.9,14.8,16.5,16.4
013154,6.9,6.8,7.2,7.7,8.2,8.5,9.0,9.0,9.4,8.6,9.4,9.9,9.5,9.8,9.5,9.6,10.0,10.0,10.7,12.2,11.4,11.4,12.3,14.0,13.8
013155,5.7,5.7,6.3,6.5,6.8,6.9,7.5,7.5,8.3,7.3,7.7,8.7,8.0,7.8,8.6,8.0,8.9,9.5,9.8,10.0,9.2,10.1,11.4,11.9,12.8
013157,5.6,5.3,5.8,6.4,6.2,6.9,6.8,7.0,7.6,6.9,7.3,8.1,7.7,7.6,7.2,8.0,8.4,9.3,9.1,9.4,8.2,9.9,10.4,11.7,11.3
013159,5.6,5.7,6.3,6.9,6.7,7.0,7.6,7.8,7.9,7.6,7.9,8.6,8.6,8.1,8.7,8.5,8.9,9.5,10.0,9.7,9.6,10.6,11.7,12.2,12.1
013160,5.8,6.4,6.5,6.7,7.2,6.8,7.4,7.9,8.4,7.8,8.7,8.4,8.4,8.2,9.0,8.8,9.8,10.1,10.2,10.2,10.2,11.0,11.4,13.0,13.0
013161,7.0,6.7,7.3,7.3,8.3,8.7,8.6,9.0,10.3,8.7,9.2,9.8,9.7,9.8,9.8,10.3,10.7,10.9,11.0,12.2,11.3,12.2,13.2,13.9,14.4
013163,7.3,7.7,8.4,7.4,9.1,8.8,9.8,10.0,10.7,10.0,10.3,10.1,10.9,10.2,10.8,11.6,11.2,11.6,12.7,12.5,12.7,13.8,13.6,15.6,15.7
013165,6.1,6.4,6.3,6.6,7.2,7.1,7.4,8.5,8.3,8.4,8.6,9.1,8.7,9.1,9.2,9.9,9.7,9.9,10.2,11.2,9.9,10.5,11.5,12.4,12.5
013169,5.2,5.5,5.5,6.3,6.4,6.6,6.7,7.1,8.2,7.1,7.7,7.7,7.3,7.5,7.5,8.3,9.0,8.3,9.8,9.7,9.6,10.3,11.0,11.3,12.4
013170,5.0,5.8,6.0,6.6,7.0,7.2,7.6,7.8,8.0,8.2,7.9,8.7,8.1,7.9,8.6,8.7,8.7,9.4,9.8,10.1,9.5,11.1,11.8,12.1,13.0
013178,7.0,7.7,8.0,8.7,8.9,8.9,10.0,10.0,10.0,9.8,10.3,10.7,10.0,10.2,10.7,10.7,11.8,12.3,12.1,12.7,11.8,12.9,14.3,15.2,16.3
013183,4.5,5.3,5.2,6.3,5.8,6.5,7.7,7.3,7.9,8.1,7.5,8.3,8.0,7.9,8.9,9.1,9.6,10.1,9.6,11.0,10.1,10.7,12.1,12.5,14.3
013184,5.7,6.4,7.1,7.1,7.2,7.2,8.1,8.1,9.4,8.6,9.0,9.3,9.3,9.0,8.9,9.3,10.2,10.4,10.7,10.9,10.3,11.9,12.3,13.3,12.7
013185,7.5,7.9,8.1,8.2,8.5,9.4,10.0,10.7,11.0,10.0,11.2,11.6,10.1,10.4,10.6,11.4,12.0,13.1,12.9,12.7,12.8,13.5,15.1,16.0,16.5
013186,4.1,4.6,5.2,5.0,6.0,5.8,6.4,6.7,6.8,7.1,6.7,6.8,6.8,6.4,6.6,7.4,7.4,8.0,8.2,8.9,7.7,9.0,9.9,11.0,10.3
013187,5.1,5.9,6.1,7.0,6.1,7.0,7.2,7.8,8.0,7.4,8.2,8.9,8.4,8.1,8.5,9.4,9.2,9.6,11.2,10.2,9.5,10.7,11.5,12.6,12.9
013188,9.3,10.4,10.2,10.9,11.9,12.1,12.3,12.7,13.4,12.5,13.8,14.0,14.1,13.4,13.9,14.0,15.1,15.5,15.3,16.0,15.3,16.9,18.3,19.2,19.6
013189,6.2,6.5,7.0,6.5,7.1,7.3,8.0,8.1,8.6,8.0,8.5,9.4,8.4,8.4,8.6,9.2,9.0,9.4,10.2,10.8,10.1,10.7,11.3,12.9,12.8
013192,5.2,5.1,5.7,6.2,6.4,6.7,6.8,7.3,7.6,7.5,7.5,7.8,7.1,7.0,8.4,8.2,8.5,8.6,8.7,9.3,8.9,10.0,10.7,11.3,11.2
013193,7.0,7.3,7.3,8.0,8.5,8.6,9.0,8.9,9.8,9.2,9.2,10.0,10.2,10.0,10.2,9.9,10.9,11.1,11.4,12.2,11.8,12.9,13.5,13.8,14.6
013195,4.7,5.0,4.9,5.1,5.4,5.8,6.7,6.7,7.3,6.8,7.2,7.9,7.1,6.7,6.9,7.2,7.9,8.7,8.9,8.8,8.2,9.2,9.6,10.1,11.8
013197,7.0,6.8,6.7,7.6,7.3,7.8,8.3,8.5,9.0,8.5,8.8,9.1,8.7,8.8,9.0,9.6,9.5,10.0,10.0,10.8,10.4,11.2,12.3,12.1,12.9
013201,5.7,6.5,6.6,6.6,7.7,7.2,7.9,7.8,8.7,8.1,8.7,8.5,8.8,8.4,8.4,8.9,9.8,9.9,10.6,10.5,10.1,10.9,11.4,12.7,12.9
013202,8.8,8.7,9.5,9.1,9.2,10.4,10.9,11.7,12.7,10.9,12.1,12.4,11.6,11.2,11.7,13.0,12.9,13.3,14.6,14.7,13.6,14.6,16.0,17.1,17.0
013203,5.5,6.0,6.3,6.8,7.0,8.0,8.1,8.4,9.1,8.8,8.4,9.3,9.2,8.7,9.3,9.8,10.0,10.5,11.1,11.1,10.7,12.0,13.1,13.6,14.3
013204,5.0,5.4,5.7,5.8,6.9,6.9,7.0,7.4,7.9,7.8,7.5,8.8,8.7,7.7,8.3,8.0,9.1,10.0,9.4,10.8,9.5,10.5,11.1,12.0,12.1
013206,9.1,10.2,10.5,10.4,11.0,11.8,11.5,11.9,12.4,12.3,12.6,13.0,12.9,12.3,12.9,14.0,13.5,14.5,13.8,16.5,14.3,15.7,17.0,16.9,18.6
013207,6.1,6.3,7.3,6.7,7.8,7.7,8.4,8.1,9.1,8.1,8.8,9.5,9.2,8.7,9.3,9.4,9.5,10.1,11.1,11.4,10.9,11.1,12.6,12.9,13.8
013211,3.8,4.4,4.6,5.0,4.9,5.3,5.6,6.2,6.4,6.2,6.3,7.2,7.2,6.7,6.7,7.3,7.6,8.0,8.3,8.8,8.0,8.9,10.5,10.9,11.3
013212,6.2,7.2,7.5,7.6,8.4,8.1,8.6,9.7,9.6,9.5,9.9,9.7,10.2,9.4,10.1,10.2,11.6,11.7,11.6,12.7,11.3,12.5,12.6,14.3,14.3
013216,5.1,5.8,6.1,6.4,6.4,7.1,7.9,8.0,8.1,7.8,8.8,8.7,8.7,8.8,9.1,9.5,9.5,10.9,11.1,11.0,10.6,10.9,12.2,13.9,14.1
013217,6.8,7.5,7.5,8.2,8.5,8.6,9.5,9.6,9.8,9.8,10.3,11.0,10.4,10.0,10.5,10.9,11.2,11.8,12.6,13.0,11.3,13.0,14.2,15.2,15.6
013218,4.6,4.8,4.8,5.1,5.1,5.8,6.1,6.4,6.8,6.1,6.6,6.5,6.5,6.7,6.3,6.8,7.2,7.6,8.5,8.5,7.9,8.3,9.6,10.4,10.9
013222,6.3,7.0,8.3,8.3,8.5,9.0,9.1,9.2,9.7,10.1,9.6,9.7,9.9,10.0,10.2,11.3,11.2,11.9,12.7,13.1,11.3,12.1,14.1,13.8,15.7
013223,6.8,6.4,7.1,7.5,7.9,8.7,8.6,9.3,9.3,8.7,9.0,9.7,9.3,9.2,9.1,9.7,10.4,11.3,11.0,11.4,11.0,12.6,13.7,14.3,14.0
013226,6.8,7.7,7.8,7.9,7.9,9.1,8.9,10.3,10.2,9.3,9.3,9.8,10.1,9.3,10.5,10.7,11.1,11.2,11.1,12.8,11.8,12.4,13.4,15.0,15.3
013227,6.7,7.0,7.5,7.3,7.7,8.5,8.6,9.6,9.5,8.8,8.9,9.3,8.8,9.2,9.7,9.7,10.2,9.1,10.4,11.4,11.1,11.3,12.4,13.5,14.4
013229,3.7,3.8,3.9,4.3,4.2,5.1,5.3,5.4,5.4,5.4,5.8,5.9,5.6,5.7,5.7,6.3,6.2,6.7,7.0,7.2,7.0,7.1,8.4,8.6,9.1
013232,6.5,7.2,7.2,7.7,8.3,8.6,8.9,9.5,9.3,8.5,9.9,10.4,9.8,9.7,10.0,10.7,11.4,11.1,11.9,11.8,11.6,12.1,13.4,14.0,14.7
013233,5.3,5.6,5.8,6.1,6.5,6.9,7.2,7.4,7.4,7.4,8.1,8.3,8.2,7.8,7.8,8.3,8.7,9.0,9.9,9.9,9.5,9.7,10.8,11.9,12.1
013234,4.9,5.2,5.1,6.1,6.0,6.7,6.6,7.2,7.0,6.9,7.3,7.9,7.3,7.2,7.5,8.4,8.0,8.3,9.0,9.0,9.0,10.0,10.2,10.5,11.5
013236,6.1,6.0,6.2,7.3,7.5,8.0,8.4,9.1,9.5,8.9,9.7,9.2,9.5,9.0,9.6,10.1,10.4,11.2,11.6,10.8,11.3,11.9,13.5,14.3,15.7
013238,7.2,7.6,7.4,7.9,8.0,8.7,10.0,10.0,10.4,10.1,10.4,10.3,10.6,10.5,11.2,11.1,11.6,11.3,12.3,12.6,11.8,12.7,14.4,14.9,15.1
013239,5.7,5.9,6.2,6.4,7.1,7.5,8.0,8.2,9.0,8.2,8.6,9.4,8.9,8.5,8.6,9.7,9.9,10.4,11.2,11.0,10.6,11.9,13.3,14.1,13.8
013242,5.8,6.3,6.4,6.8,7.6,7.8,8.2,8.6,9.1,8.4,9.2,9.5,9.8,8.1,9.4,9.9,10.3,10.5,11.0,11.9,11.2,12.3,12.1,13.6,14.2
013245,5.5,5.3,5.6,5.6,6.7,6.5,7.0,7.2,7.6,7.4,7.8,7.9,7.6,8.0,7.9,8.2,8.9,9.1,9.6,9.9,9.1,10.3,11.1,12.4,12.1
013246,5.5,6.4,6.3,6.4,6.9,7.7,8.1,8.7,8.4,8.6,8.3,9.2,8.9,9.0,9.1,9.3,9.8,11.0,10.6,11.3,9.7,11.7,11.9,13.2,13.5
013248,7.1,7.5,7.2,7.6,7.8,8.9,9.6,9.9,10.9,9.2,9.5,10.7,10.2,10.2,10.5,10.9,11.2,12.0,12.4,11.9,12.0,12.7,13.4,14.5,15.2
013249,8.7,9.2,8.9,9.2,9.8,9.8,10.8,11.0,11.6,11.4,12.1,12.4,11.3,11.5,12.6,12.5,13.3,13.2,13.3,14.9,13.1,15.0,15.5,16.1,17.8
013250,5.6,5.4,6.3,7.3,7.1,7.6,7.4,7.9,8.7,8.5,8.6,9.3,8.6,8.7,8.6,9.4,9.9,10.2,10.3,10.7,9.7,11.7,11.8,12.4,13.4
013251,8.4,8.4,8.6,9.1,10.1,9.9,10.3,11.1,12.0,11.6,11.7,12.1,11.3,11.7,12.0,12.2,12.6,13.5,14.1,14.7,13.5,14.4,15.2,15.9,16.6
013252,10.9,11.2,11.2,12.5,12.3,13.6,12.9,14.1,14.7,13.9,14.8,15.0,14.8,14.3,14.8,14.4,15.4,16.1,17.0,16.8,15.9,17.9,19.5,20.0,20.1
013253,6.2,6.7,6.9,7.3,7.7,8.3,8.1,8.4,9.3,8.8,9.6,9.5,9.4,9.1,9.6,10.4,10.0,11.2,11.5,12.3,11.5,11.7,12.6,13.6,14.5
013254,9.3,10.0,10.1,10.6,10.7,11.6,12.1,12.4,13.7,12.3,12.7,13.3,12.7,12.6,13.1,13.7,13.9,14.3,14.8,15.1,13.8,15.6,16.2,17.7,18.2
013255,4.3,4.6,4.7,5.4,5.4,5.7,6.2,6.4,6.5,6.8,6.7,7.4,6.7,6.6,7.1,7.7,7.5,8.3,8.4,9.0,8.6,9.3,10.6,11.0,10.9
013256,6.4,6.9,7.9,7.9,8.7,8.5,9.2,8.8,10.2,9.4,10.4,9.7,10.5,9.7,10.1,11.0,11.9,11.8,11.5,13.0,11.0,12.6,14.1,14.8,15.8
014001,7.3,7.3,7.6,8.2,8.8,9.1,9.1,9.6,10.0,10.1,10.1,9.9,10.3,9.2,9.6,10.8,10.9,11.8,11.8,11.7,11.8,11.9,13.5,14.8,14.9
014002,6.6,6.8,7.3,8.3,8.6,9.2,9.4,9.6,10.1,9.1,9.7,10.6,10.2,10.3,11.0,11.2,11.5,12.2,11.9,13.2,12.3,13.2,13.6,14.8,15.3
014003,6.7,7.3,7.6,7.9,8.2,9.0,8.8,9.7,10.2,10.0,10.3,11.0,10.7,10.3,11.3,11.8,12.1,11.7,12.3,12.7,12.0,13.5,15.0,15.3,16.8
014004,8.5,9.8,9.7,9.9,11.1,11.0,12.6,11.6,12.7,12.1,12.7,13.0,12.2,11.6,12.5,13.3,13.4,14.4,14.6,15.4,14.2,15.6,16.6,16.3,18.0
014005,6.3,7.7,7.2,8.1,7.8,7.8,8.4,8.5,9.1,8.7,9.0,9.5,9.5,8.9,9.2,9.8,10.7,10.4,11.2,11.9,10.8,11.5,13.0,12.7,14.2
014006,5.7,5.9,6.3,7.0,6.9,7.3,8.0,8.6,8.7,8.4,8.8,9.0,8.8,8.7,9.0,9.7,10.1,10.6,11.2,10.6,10.0,11.4,13.4,14.2,13.9
014007,6.0,6.9,6.7,6.6,6.9,8.4,8.2,9.1,9.1,8.7,9.4,9.5,9.1,9.5,9.9,9.2,10.2,10.8,11.4,11.1,11.1,11.9,13.0,13.8,14.0
014008,6.4,6.9,6.9,7.9,7.8,8.2,7.9,8.9,9.5,9.0,10.0,10.3,10.1,9.8,10.3,10.7,11.6,11.6,13.0,12.8,10.7,12.8,14.8,15.5,15.5
014009,4.4,4.7,5.2,5.4,5.9,5.6,6.4,6.5,6.6,6.8,7.1,6.7,7.8,6.8,7.4,7.5,8.5,8.6,8.4,8.8,8.5,9.5,10.4,11.3,11.9
014010,6.9,7.2,7.0,7.6,7.7,7.8,8.6,8.4,9.4,8.6,9.3,9.8,9.2,9.6,9.3,9.8,10.6,10.7,11.2,12.0,11.5,11.9,13.0,13.3,14.9
014011,4.8,4.9,5.0,5.7,5.8,6.4,7.1,7.3,7.5,6.9,8.2,7.7,7.8,7.9,8.3,9.1,8.5,9.4,9.9,10.8,9.7,10.4,11.3,12.5,13.0
014012,7.4,7.8,8.4,8.6,9.3,9.8,9.9,10.5,10.6,10.7,10.3,11.6,10.8,10.7,11.2,11.7,12.3,12.8,13.6,13.9,12.1,13.7,14.9,15.3,16.9
014013,6.8,7.5,8.0,8.1,8.8,8.6,9.7,10.1,10.7,9.4,10.7,10.6,10.2,10.3,10.1,11.4,11.7,13.1,12.7,13.2,12.9,13.2,14.3,16.3,16.3
014014,4.3,5.3,5.4,5.6,5.8,6.1,6.7,6.3,7.1,6.8,7.2,7.8,7.1,7.1,7.5,7.8,8.1,8.9,9.1,9.8,8.8,9.5,10.3,11.3,12.0
014015,4.6,5.0,5.3,5.4,5.9,6.2,6.7,6.7,8.5,7.9,7.3,7.4,7.5,7.5,7.8,8.8,9.2,8.9,9.4,9.6,9.6,9.9,11.1,12.5,12.6
014016,6.6,7.1,7.6,7.3,7.6,8.0,8.1,8.7,9.3,9.1,9.0,9.1,9.4,9.5,9.2,10.0,10.3,10.9,10.9,12.4,10.8,11.3,13.1,13.8,14.7
014017,6.2,7.3,7.2,7.3,7.7,8.2,8.6,8.9,10.3,8.9,9.6,9.6,9.5,9.6,9.9,10.1,11.4,11.3,11.9,12.4,11.4,13.1,13.8,14.6,15.0
014018,5.8,5.6,6.2,6.5,7.2,7.0,7.4,8.4,8.8,8.7,8.0,8.9,8.5,8.6,9.2,9.0,10.0,10.4,10.6,11.5,10.0,11.1,12.2,13.3,13.8
014019,6.2,6.6,6.4,7.0,7.6,8.8,7.9,8.6,8.8,8.3,9.2,9.5,9.1,9.0,9.3,8.9,9.9,11.0,11.6,11.0,10.2,12.0,13.5,13.6,14.6
014020,8.4,9.0,9.0,9.6,9.3,10.4,10.1,11.1,11.0,10.9,11.5,11.2,11.6,10.7,11.3,12.0,12.4,12.6,13.0,13.5,12.1,14.2,14.5,15.4,15.8
014021,5.0,5.0,6.0,5.8,6.7,6.4,7.4,7.7,7.8,7.9,8.1,8.8,7.3,8.3,8.9,8.8,9.8,9.6,10.4,10.6,9.5,10.5,11.5,12.2,13.7
014022,8.0,7.7,8.7,8.3,9.0,9.6,9.9,10.4,10.7,9.9,10.2,11.2,10.7,10.8,10.7,11.5,11.7,12.1,12.2,12.6,11.7,12.8,13.9,14.9,15.7
014023,3.5,3.8,4.1,4.4,4.6,5.0,5.2,5.5,5.9,5.4,5.6,6.4,6.4,6.2,5.7,6.7,6.9,7.4,7.5,7.8,7.0,8.1,9.1,9.0,10.0
014024,10.0,10.7,10.8,11.5,12.0,13.0,12.6,13.2,14.0,13.0,14.0,14.2,13.6,13.4,13.7,14.4,15.0,15.6,16.5,16.6,16.2,16.7,17.6,18.4,19.9
014025,5.8,6.6,7.0,7.0,7.3,7.5,7.8,8.8,8.7,8.8,9.1,9.4,8.6,8.6,9.2,9.2,10.3,10.7,10.9,11.3,10.6,10.9,11.7,13.1,13.7
014026,7.2,7.5,7.4,8.4,8.7,8.7,8.9,9.9,9.9,9.6,10.1,10.5,10.3,10.0,10.1,11.0,11.3,11.3,12.0,11.8,11.1,12.4,14.5,14.9,15.4
014027,4.4,4.9,5.3,5.3,5.8,5.8,6.3,6.9,7.3,6.9,7.3,7.4,7.1,6.4,6.9,7.7,8.2,8.6,9.4,9.2,8.6,9.1,10.3,11.1,12.8
014028,6.8,7.5,7.9,9.0,9.1,9.4,10.3,10.7,11.1,11.1,10.8,11.3,11.2,11.8,12.2,12.3,13.2,13.1,13.6,14.8,13.4,14.5,15.3,16.6,17.2
014029,4.8,4.7,5.4,5.5,5.9,5.7,6.0,6.2,7.0,6.8,6.9,6.9,6.8,6.5,6.6,7.4,8.0,7.9,8.8,8.9,8.2,8.8,9.4,10.4,10.4
014030,7.4,7.7,7.9,8.1,8.9,9.1,10.0,9.7,11.1,10.3,10.9,11.3,10.3,11.2,11.2,11.5,12.5,12.6,13.6,13.0,12.2,14.1,14.8,15.4,16.3
014031,5.0,4.6,5.5,5.3,5.7,6.6,6.4,6.6,7.4,6.7,6.6,7.4,7.6,7.0,7.7,7.9,8.6,9.1,9.0,9.5,9.0,10.4,10.3,12.0,12.5
014032,10.2,10.4,10.5,11.1,11.4,12.0,12.8,13.2,13.1,13.0,13.5,14.1,12.8,12.8,14.0,14.4,14.6,15.5,15.8,16.1,15.0,16.5,17.8,17.9,19.9
014033,6.0,5.5,6.2,6.5,7.1,6.5,7.9,7.6,8.1,8.9,7.5,8.8,8.4,8.7,8.2,9.9,9.8,9.8,9.7,11.0,9.5,10.8,11.8,12.6,13.7
014034,9.3,9.8,9.8,10.5,10.3,10.7,11.0,12.0,12.2,12.0,12.3,13.0,12.4,12.3,13.1,13.1,14.1,14.5,14.5,15.4,14.1,15.9,16.2,17.9,17.9
014035,6.1,6.0,7.1,7.5,7.7,7.9,7.7,8.8,9.3,8.6,8.7,9.8,9.6,9.8,9.4,10.2,10.5,11.2,11.2,11.5,10.8,12.0,13.8,13.3,14.2
014036,8.0,8.5,8.8,9.6,10.7,10.7,10.7,11.6,11.5,11.3,11.6,12.3,11.6,11.0,12.3,12.7,13.5,13.4,13.5,15.1,13.3,14.8,16.2,17.7,18.1
014037,5.9,6.3,6.4,6.5,7.1,7.3,7.6,7.7,8.0,7.4,8.1,8.5,8.1,7.8,8.3,9.2,9.3,9.3,10.3,9.9,9.1,10.8,11.1,11.5,13.2
014038,4.2,5.3,5.2,4.8,5.9,5.7,7.0,6.5,7.3,6.7,7.1,7.4,6.9,7.2,6.4,7.5,8.0,8.2,8.6,9.3,8.4,8.9,10.1,11.8,12.6
014039,8.1,8.6,8.8,9.9,10.6,10.8,10.9,11.9,12.0,11.2,11.3,12.4,12.1,11.9,12.0,13.1,13.4,13.6,13.6,15.0,13.5,15.1,16.1,17.3,17.0
014040,6.5,6.9,7.3,7.7,7.5,8.1,9.0,9.0,9.6,8.8,10.1,10.1,9.7,9.4,10.1,10.9,11.3,12.0,11.8,12.8,11.4,12.6,13.7,14.3,15.7
014041,6.1,6.0,6.7,7.4,7.1,7.8,8.3,9.0,9.1,8.7,9.3,8.4,9.3,9.1,10.1,9.7,11.3,11.2,10.8,11.8,10.8,11.6,12.8,13.8,14.5
014043,6.2,6.4,6.9,6.5,7.6,7.5,7.9,8.7,9.2,9.0,8.9,9.2,9.0,9.2,9.6,10.0,9.9,10.2,11.0,11.1,9.6,10.4,12.2,12.8,13.2
014044,7.9,8.3,9.0,8.5,9.6,9.3,10.0,10.9,10.6,10.3,10.4,11.9,11.1,10.4,11.4,12.0,12.7,13.1,12.9,13.9,13.0,14.5,15.6,15.8,15.9
014045,5.7,6.4,6.5,6.8,7.6,7.9,8.1,8.3,8.9,8.1,9.4,9.2,8.6,8.4,9.0,9.6,8.9,9.8,11.4,10.9,10.0,12.3,12.5,14.4,14.3
014046,6.1,6.4,6.5,6.8,6.5,6.6,7.8,8.1,8.9,7.8,8.6,8.9,8.8,8.4,9.4,9.3,9.3,9.8,10.5,10.8,10.1,10.6,11.7,13.2,13.0
014047,3.5,3.6,4.0,4.5,4.5,4.6,4.9,5.1,6.1,5.0,5.9,6.2,6.4,5.6,5.7,6.2,7.0,7.3,7.7,7.9,7.4,7.4,8.8,9.6,10.0
014048,6.0,6.5,7.3,7.1,7.6,7.9,8.1,8.3,8.7,8.7,8.8,9.2,9.2,8.9,9.3,9.7,10.2,10.1,10.7,11.3,10.5,11.2,12.0,13.7,13.4
014049,6.8,7.7,7.9,8.4,9.5,9.7,9.9,10.6,10.1,9.7,10.1,10.7,9.9,10.3,10.7,11.2,10.9,12.0,13.3,13.1,11.5,13.0,15.0,15.2,15.9
014050,5.4,6.1,6.5,6.4,7.0,7.0,7.3,8.4,8.0,7.9,8.0,8.8,8.6,7.9,8.5,9.4,9.5,10.4,9.9,10.9,10.4,10.8,12.3,12.6,13.6
014051,4.5,5.5,5.0,5.5,5.5,5.8,6.4,6.9,6.8,6.6,6.9,6.8,7.0,6.7,7.5,7.3,8.5,8.3,8.4,8.8,7.8,9.1,10.3,10.6,12.0
014052,7.0,7.2,7.5,7.6,8.1,8.8,9.4,9.5,10.1,10.2,10.1,10.4,9.8,10.1,10.3,11.1,10.8,11.0,12.7,12.2,11.3,13.0,14.1,14.2,15.4
014053,9.2,9.1,10.3,10.4,10.1,11.3,11.7,12.5,12.0,12.0,12.9,12.7,12.5,12.6,13.0,12.7,14.1,14.0,14.8,15.7,14.8,15.8,15.8,18.0,17.5
014054,7.5,7.7,7.7,8.4,8.9,9.0,8.7,9.4,10.4,9.3,10.2,10.9,10.2,10.1,9.9,10.4,10.8,12.1,11.5,11.9,11.8,12.3,13.7,14.8,15.2
014055,6.0,6.7,6.5,6.7,7.6,7.9,8.6,8.8,9.6,9.2,8.9,9.7,9.7,9.5,10.0,10.0,10.9,11.0,11.4,11.9,11.1,12.3,13.4,15.0,15.3
014056,5.1,5.1,5.5,6.2,6.5,6.3,7.2,8.0,8.0,7.5,7.6,8.6,8.0,8.0,8.4,9.4,9.0,9.5,9.7,10.8,9.1,11.5,11.3,12.8,12.5
014057,7.1,7.8,8.4,8.4,9.0,9.4,9.1,10.1,10.9,10.3,10.2,11.1,9.9,9.7,10.6,11.1,12.3,12.7,12.4,13.6,12.1,13.6,15.0,15.5,16.7
014058,3.7,4.3,4.4,4.7,4.7,5.2,5.1,5.9,6.0,5.3,5.9,6.5,5.7,6.2,6.6,6.6,6.9,7.8,7.6,7.8,7.6,8.4,8.5,10.1,10.2
014059,5.3,5.5,5.1,5.9,6.0,6.3,7.0,6.8,7.9,7.2,7.1,8.6,8.3,7.7,8.5,8.2,8.9,9.0,9.6,10.2,9.2,10.1,10.6,11.9,12.1
014060,5.4,6.0,6.4,6.4,7.3,7.3,7.7,8.1,8.6,8.3,8.9,9.2,9.0,8.8,9.3,9.4,10.2,11.1,10.8,11.0,10.4,11.5,12.7,13.6,14.2
014061,6.5,8.0,7.8,8.2,8.8,8.6,8.6,10.2,9.9,10.0,10.2,10.2,10.2,10.2,10.6,11.2,11.0,11.4,12.1,12.3,12.5,12.7,13.3,15.1,15.9
014062,5.7,5.9,5.6,6.3,6.7,7.4,7.9,7.8,8.0,7.8,8.3,8.7,8.6,7.7,9.1,9.4,9.7,10.0,9.6,10.6,10.0,10.9,12.2,13.3,13.7
014063,8.9,9.3,9.4,9.4,10.5,10.7,11.0,11.7,11.4,11.4,12.4,12.0,12.0,11.8,12.3,12.8,13.0,13.2,14.2,14.5,12.9,14.5,16.0,16.3,17.1
014064,6.4,7.0,7.2,7.4,8.4,8.6,9.6,9.6,9.6,9.9,9.8,10.2,9.7,9.3,10.5,10.2,11.8,11.4,12.2,12.6,11.6,11.9,13.9,14.2,15.5
014065,6.0,5.7,6.5,7.4,7.9,7.8,8.1,8.6,9.2,8.6,8.9,9.0,9.8,8.5,9.3,9.9,10.5,10.0,11.4,11.6,9.9,10.6,12.8,14.0,13.8
014066,3.7,3.7,4.1,4.6,4.5,5.0,5.5,5.6,5.7,6.2,5.9,6.2,6.2,5.7,6.0,6.5,7.0,7.1,7.8,7.9,7.7,8.2,9.1,9.7,10.1
014067,6.0,5.6,6.1,6.5,6.2,7.3,7.8,8.4,8.6,8.3,7.6,8.3,8.9,8.3,8.6,8.7,9.6,9.8,10.6,10.5,10.0,11.0,12.4,12.6,12.7
014068,5.6,5.7,6.7,6.7,6.6,8.1,8.3,8.1,9.3,8.8,9.0,9.5,8.5,8.6,8.6,9.0,9.6,10.5,10.8,10.8,10.0,11.7,13.5,12.8,13.9
014069,8.8,10.3,10.7,10.3,11.0,11.1,12.3,11.6,12.7,12.5,12.6,13.3,13.4,11.9,13.3,13.4,13.2,14.7,15.7,15.3,13.9,15.9,16.5,18.0,18.9
014070,7.3,7.7,8.4,8.6,9.4,10.0,9.9,10.1,10.1,10.1,10.6,11.3,10.7,10.4,10.3,11.4,11.8,11.7,12.7,12.9,12.2,12.8,13.7,14.2,16.0
014071,6.9,6.7,7.4,7.9,8.2,9.1,9.3,9.6,9.5,9.5,9.8,10.8,10.7,10.1,10.5,10.6,11.3,11.6,12.4,12.6,11.2,12.8,13.8,14.9,15.1
014072,6.2,6.5,7.3,7.3,8.1,8.8,9.7,9.6,9.9,8.9,9.7,10.6,9.6,9.9,10.7,10.8,11.6,11.9,11.8,13.5,11.7,12.9,13.7,15.7,16.1
014073,6.1,6.1,6.2,6.3,6.7,7.6,7.8,8.5,8.4,8.0,9.1,9.1,9.0,8.4,8.8,9.3,9.6,9.3,10.1,10.6,10.2,10.8,11.9,12.7,13.6
014074,5.3,5.2,5.3,6.0,6.1,5.9,7.0,7.2,7.5,7.2,7.9,7.7,7.2,8.0,7.8,8.1,8.4,9.1,9.5,10.1,8.8,10.2,10.7,11.4,12.1
014075,6.9,8.0,7.8,7.9,9.0,9.5,9.4,10.5,10.3,9.6,10.3,10.5,11.2,10.3,10.9,11.6,11.8,12.7,12.1,13.8,13.0,13.9,14.7,15.7,15.3
014076,6.7,7.1,7.1,7.8,8.2,8.4,9.0,8.9,9.2,9.2,9.1,10.3,9.3,9.2,9.5,10.0,10.5,10.0,10.8,11.5,10.6,11.5,12.4,13.5,13.9
014077,7.8,7.7,8.6,8.9,10.1,9.9,9.8,10.5,10.7,10.7,11.1,11.5,11.3,10.5,11.5,11.6,11.7,12.3,13.4,13.6,12.7,13.2,15.0,15.1,17.4
014078,6.2,6.0,7.1,6.9,7.6,8.0,8.5,8.4,9.3,9.2,9.3,10.1,9.1,8.8,10.0,10.4,10.5,10.4,11.4,11.3,10.8,11.6,12.7,13.0,14.3
015002,5.4,5.7,6.0,6.1,6.8,7.3,7.3,7.8,8.4,7.7,8.2,8.1,8.0,8.2,8.6,8.3,9.2,9.0,9.5,9.7,8.6,10.0,11.5,11.9,11.8
015005,8.2,7.8,8.5,9.1,8.8,9.8,10.5,11.0,10.8,10.5,10.6,11.7,11.4,10.8,11.2,11.9,11.4,12.6,13.4,13.9,12.5,13.0,14.3,14.7,16.9
015007,5.4,6.3,6.3,6.4,7.1,7.4,7.5,7.8,8.1,8.5,7.9,8.6,8.5,8.3,8.7,8.5,9.6,9.9,10.0,10.1,9.8,10.1,12.0,12.6,13.2
015009,3.1,3.3,3.6,4.0,4.0,4.0,4.5,5.0,5.4,5.0,5.2,5.2,5.3,5.3,5.3,5.6,6.0,5.7,6.7,6.8,6.0,7.0,7.8,8.6,8.4
015010,5.6,6.1,6.7,7.2,7.1,7.6,8.1,9.2,8.9,8.6,8.8,9.5,8.8,9.0,9.2,10.0,9.9,10.3,11.1,11.4,11.2,11.6,13.5,13.4,14.0
015011,4.8,5.4,5.3,6.3,6.6,7.1,7.4,7.8,8.4,7.3,8.5,8.7,8.2,8.1,8.7,8.9,8.8,9.8,9.7,10.1,9.9,11.0,11.6,13.1,13.5
015012,7.4,7.9,8.2,9.0,9.0,9.6,9.4,9.9,10.8,10.2,10.1,11.1,10.3,10.1,10.4,11.5,11.4,12.5,12.4,13.4,12.1,13.3,14.3,15.1,15.5
015014,3.8,4.2,4.5,4.5,4.6,4.9,5.2,5.9,5.8,5.6,6.1,6.5,6.1,6.1,6.3,6.7,7.2,6.7,8.2,8.6,7.3,8.2,9.4,9.6,10.6
015015,7.7,8.2,9.0,9.4,9.6,10.5,10.7,11.5,11.8,10.9,11.3,11.8,11.8,11.7,12.3,13.0,12.8,13.5,14.6,15.1,14.2,15.0,16.4,17.0,18.0
015016,6.9,7.4,7.4,7.9,8.6,8.6,9.1,9.6,9.3,9.3,9.4,10.3,9.2,9.2,10.3,10.3,10.8,11.0,11.6,12.1,10.8,12.6,13.3,14.2,15.3
015019,8.1,8.2,9.5,9.6,9.3,9.5,10.5,10.7,11.3,11.1,11.1,11.7,11.0,11.3,11.7,12.4,12.4,12.9,13.3,13.7,13.3,14.1,15.7,15.6,17.0
015022,6.7,7.1,7.4,7.6,7.9,8.4,8.6,8.8,9.7,9.4,9.4,10.2,9.8,9.6,10.0,10.1,10.2,10.8,11.2,11.7,11.3,12.2,12.7,12.9,13.7
015024,9.1,9.6,9.9,10.4,11.6,11.2,11.8,12.8,12.6,12.6,12.8,13.4,13.8,13.4,13.1,13.6,14.9,14.4,14.5,15.6,15.1,16.5,17.6,18.4,18.7
015026,4.1,4.4,4.5,5.0,5.1,5.9,6.1,6.2,6.8,6.4,6.1,6.9,6.6,6.4,6.6,6.8,7.0,7.1,7.9,8.3,8.1,8.4,9.6,9.5,11.2
015027,4.8,4.4,4.9,5.4,5.2,5.6,6.1,6.7,7.1,6.1,6.8,7.7,7.2,6.6,7.1,7.7,7.4,8.1,8.7,8.8,8.4,9.2,10.1,10.6,11.5
015032,6.1,6.3,6.5,6.8,7.5,7.8,8.0,8.3,8.9,8.7,8.7,9.5,9.1,8.9,9.1,9.1,9.7,10.0,10.6,11.2,10.1,11.1,12.2,13.4,13.5
015035,7.6,8.4,8.6,8.7,9.0,9.0,9.9,9.9,11.5,10.4,10.9,11.7,10.7,11.5,11.5,11.9,11.6,12.5,13.5,13.8,12.4,13.7,14.2,15.4,15.6
015036,6.4,6.7,7.3,8.2,8.6,8.3,9.0,9.2,10.3,9.3,9.9,9.4,9.4,9.8,10.1,10.6,11.4,11.5,11.9,12.6,11.0,12.9,13.4,14.2,15.3
015038,5.3,5.6,5.9,5.9,6.5,6.9,7.1,8.3,8.1,7.7,8.4,8.0,8.1,7.8,8.5,8.7,8.8,9.9,10.0,10.7,9.9,10.8,11.6,12.2,12.6
015040,5.0,5.0,5.4,5.9,6.0,6.4,6.7,6.9,7.6,7.0,7.5,7.9,7.6,7.9,8.1,8.5,8.4,8.6,9.6,10.1,9.5,10.4,11.2,12.5,12.6
015041,5.2,5.8,5.9,5.9,6.6,6.6,7.2,7.5,8.0,7.5,7.7,7.7,7.8,7.8,7.8,8.7,9.0,9.5,9.3,9.7,9.2,9.8,11.2,11.6,12.4
015042,10.2,11.0,10.7,12.3,12.0,12.4,12.7,13.9,14.0,13.7,14.9,13.9,13.2,13.1,14.4,14.6,16.1,16.0,16.1,16.7,15.9,17.1,18.1,19.9,19.9
015044,4.1,4.6,5.3,5.2,5.8,6.3,6.2,6.8,7.4,7.1,7.3,7.8,7.5,7.7,7.5,8.2,8.9,8.3,9.3,10.0,9.7,10.2,11.0,11.8,12.1
015046,7.0,7.1,7.0,7.7,8.1,8.7,8.9,9.1,10.1,10.7,10.1,9.9,10.1,9.4,10.6,10.8,11.4,11.8,11.7,12.1,11.8,13.1,14.1,15.2,14.5
015050,7.3,7.7,8.2,8.6,8.3,9.2,9.9,10.6,10.5,10.3,10.2,11.1,10.7,11.0,11.5,11.5,12.4,13.0,12.7,13.4,12.6,14.3,15.1,15.2,16.6
015051,4.5,4.7,4.9,5.2,5.5,6.1,6.7,7.0,7.1,6.9,6.9,7.8,7.7,7.1,7.0,8.0,7.9,8.8,9.1,9.2,8.4,9.7,10.8,11.3,11.8
015055,6.6,7.1,7.3,7.5,8.2,8.2,8.8,8.9,9.4,8.9,9.3,9.9,9.3,9.5,9.1,10.2,10.1,10.5,11.4,11.8,10.9,12.2,13.6,14.4,14.2
015058,4.9,4.9,5.4,5.7,6.2,6.3,7.0,7.2,8.0,7.6,7.6,8.2,7.8,7.9,8.4,8.5,8.9,9.3,9.8,10.6,9.8,10.3,11.3,11.6,12.1
015059,6.8,6.9,7.4,7.6,8.4,8.8,9.2,9.3,10.0,10.1,9.8,9.7,10.1,10.7,10.2,11.0,11.6,12.6,12.4,13.0,12.6,14.0,15.1,15.8,16.9
015060,6.8,7.2,8.0,8.6,8.6,8.8,9.4,9.7,9.8,9.3,9.8,9.7,9.4,10.1,10.2,10.6,10.4,11.3,12.4,12.6,12.0,12.4,13.8,14.6,15.1
015061,5.5,5.8,6.4,6.4,7.1,6.8,8.1,8.1,8.3,8.3,8.1,9.0,8.4,8.4,9.3,8.7,9.3,9.3,10.0,10.5,9.8,10.6,11.8,12.6,13.1
015062,7.5,7.8,8.2,7.9,9.5,9.2,9.6,9.9,10.0,9.9,9.8,10.6,10.5,9.9,10.1,10.8,11.4,12.3,12.1,12.6,12.1,13.0,14.0,14.9,15.0
015070,6.5,6.7,7.4,7.7,7.9,7.8,8.4,8.6,9.3,9.0,9.3,9.9,9.3,9.3,9.5,10.2,10.3,10.8,11.3,11.8,10.6,12.1,12.8,13.8,13.9
015071,8.3,8.5,8.7,9.9,9.1,9.6,9.7,10.4,11.1,10.6,11.0,11.3,10.4,11.2,10.7,11.6,12.0,11.6,13.5,13.5,12.0,13.2,14.7,16.4,15.6
015072,3.5,3.8,3.7,4.3,4.3,4.8,4.9,5.5,5.6,5.6,5.9,5.9,5.9,5.4,5.9,6.3,6.6,7.4,7.4,7.8,7.2,7.5,8.5,9.8,10.1
015074,7.8,8.4,8.6,8.8,9.7,10.4,10.3,10.5,11.3,10.6,11.9,11.3,11.3,11.3,11.8,11.6,12.8,12.5,12.8,14.3,12.5,14.9,15.1,15.8,16.2
015076,2.9,3.1,3.6,3.9,3.7,4.6,5.1,5.2,5.3,5.0,5.7,6.2,5.7,5.5,6.3,6.8,6.7,6.9,7.7,8.0,7.8,8.4,9.7,10.5,10.5
015077,6.8,7.1,7.7,7.5,7.9,8.7,9.3,9.9,9.9,9.4,10.0,10.7,9.6,9.8,9.8,10.7,11.3,11.8,11.4,12.1,11.4,12.5,13.6,13.8,15.0
015078,4.4,4.6,4.4,5.0,5.2,5.5,5.8,6.2,6.5,6.1,6.7,7.1,6.9,6.3,6.9,7.3,7.5,8.1,7.6,8.4,8.3,8.6,9.8,10.6,11.4
015081,7.2,7.4,7.8,8.4,8.7,8.9,8.7,9.6,10.2,9.2,9.7,10.2,10.0,9.6,9.7,10.6,10.4,10.9,11.5,11.9,11.2,12.0,13.3,14.5,14.7
015082,6.9,7.1,7.7,8.2,8.7,8.6,9.5,9.5,10.6,9.8,10.2,10.4,9.7,9.7,10.4,10.4,11.0,11.9,11.7,12.4,11.3,13.0,14.3,14.1,15.8
015085,4.9,5.4,6.0,6.4,6.6,7.5,7.8,8.3,8.0,8.7,7.8,9.2,8.9,8.9,8.5,9.5,10.2,10.1,10.9,11.3,10.3,12.0,11.6,14.0,14.2
015086,4.1,4.6,4.6,5.3,5.0,5.8,6.5,6.8,6.8,6.5,6.8,7.7,7.1,6.8,7.4,8.2,8.1,7.8,8.4,8.8,8.2,9.5,10.4,10.3,11.7
015087,7.8,8.4,8.8,9.2,8.9,10.1,10.4,10.4,10.6,10.3,11.1,11.2,10.9,10.3,10.5,11.3,11.6,12.6,12.5,12.8,11.8,13.3,13.5,15.4,15.0
015093,6.1,6.7,6.8,7.3,7.5,8.0,8.7,8.6,9.6,9.2,9.1,9.5,9.3,8.6,9.7,9.8,9.9,10.8,10.6,11.2,10.7,12.0,12.1,13.0,13.6
015096,5.6,6.6,6.2,6.7,6.7,7.3,7.7,8.0,8.4,7.8,8.7,8.9,8.2,8.3,8.3,8.9,9.5,9.7,10.2,10.7,10.2,11.5,12.0,13.2,13.6
015097,8.7,9.0,9.1,9.4,10.1,10.9,11.1,11.5,12.2,11.0,12.0,11.9,11.8,11.7,12.0,12.0,12.8,13.0,14.4,14.3,13.5,14.3,15.3,16.8,17.1
015098,5.1,6.3,6.3,6.7,7.1,7.6,7.8,8.3,8.3,8.3,8.6,8.8,8.5,8.8,8.9,9.9,10.4,10.7,10.8,11.1,10.1,11.8,12.7,13.6,14.5
015099,5.3,5.9,5.8,6.3,5.9,7.3,7.0,7.6,7.7,7.9,8.0,8.2,7.8,7.6,7.6,8.6,9.0,9.9,9.6,10.5,9.2,10.9,11.7,13.0,12.8
015101,7.3,7.7,8.4,8.0,8.6,9.2,9.7,10.3,10.5,10.0,11.1,11.3,10.8,10.3,10.3,11.5,11.8,11.6,12.5,13.1,12.3,12.9,14.7,15.3,15.9
015103,8.3,8.7,8.4,9.2,9.2,9.9,10.5,10.5,10.7,10.5,11.6,11.3,11.4,11.1,11.6,12.4,12.4,12.0,13.3,13.2,12.4,13.9,14.0,15.3,15.9
015105,4.4,5.0,5.0,5.8,5.9,6.2,6.4,7.3,7.2,6.7,7.5,7.9,7.8,6.9,7.6,8.0,8.3,9.0,10.0,9.7,8.8,9.4,11.2,11.9,11.6
015106,6.7,6.7,7.3,7.5,7.2,8.0,8.7,9.2,9.1,8.9,9.6,9.6,9.2,9.2,10.2,9.4,9.8,11.0,11.5,10.9,11.5,11.9,13.3,14.1,14.8
015108,7.1,7.0,7.7,8.1,8.8,8.6,9.1,9.2,10.2,9.6,10.2,10.2,10.0,9.0,9.9,10.3,10.7,11.3,12.2,12.1,11.6,12.5,14.0,13.8,15.1
015110,7.4,7.6,8.0,7.9,8.3,8.4,9.2,10.3,10.4,10.0,10.3,10.3,10.4,10.9,10.3,11.1,11.4,12.4,12.3,13.7,12.4,13.0,14.6,15.6,16.0
015112,4.8,5.4,5.8,5.9,6.6,6.5,7.2,7.7,7.6,7.3,7.8,8.2,8.4,7.5,8.3,8.3,9.4,8.9,9.6,10.3,9.3,10.7,11.4,12.4,12.9
015113,7.2,7.1,7.2,7.3,8.3,8.4,8.5,9.4,9.5,8.9,9.7,9.3,9.2,9.7,10.1,10.3,10.1,10.7,11.9,11.4,10.5,11.8,12.0,13.7,13.6
015114,5.2,5.7,5.8,6.5,6.1,6.5,7.5,7.5,7.7,7.3,7.8,8.2,7.9,8.0,7.9,8.3,8.8,9.2,9.5,9.2,8.8,10.3,10.7,11.6,11.9
015115,5.0,5.3,5.5,5.9,7.0,6.5,7.5,7.4,8.1,7.9,7.9,8.4,7.7,8.3,7.7,8.6,8.9,9.9,10.1,10.0,9.6,11.0,11.3,12.4,12.4
015116,6.0,6.1,6.2,7.0,7.0,7.4,7.6,8.1,8.5,8.4,8.0,8.6,8.2,8.4,9.1,9.6,9.7,9.9,11.2,10.8,10.9,11.7,12.2,12.4,12.8
015118,5.3,6.1,6.6,6.7,7.2,7.6,8.7,7.6,8.7,8.5,8.4,8.8,8.9,8.5,9.3,9.5,9.7,9.7,10.7,10.5,9.8,10.7,12.0,12.2,13.3
015122,8.1,8.3,9.4,9.5,10.1,9.7,10.9,11.0,11.7,10.8,10.9,11.8,11.5,11.1,11.6,11.6,12.1,13.0,12.9,13.8,12.6,14.0,14.8,15.2,15.1
015125,6.5,6.8,7.5,8.0,7.9,8.6,8.8,8.8,10.0,8.7,10.2,10.4,9.9,9.2,10.2,10.4,10.7,11.6,12.0,12.1,11.3,12.5,13.9,15.0,14.4
015130,5.7,6.4,6.4,6.5,7.3,6.9,8.0,8.7,8.6,8.6,8.6,9.2,8.8,9.0,9.4,9.4,9.5,10.8,11.2,11.2,10.4,11.9,12.6,13.7,14.1
015131,6.4,7.1,7.4,7.5,8.2,8.0,8.7,8.7,9.6,9.9,9.8,10.2,10.1,9.7,9.8,10.3,10.7,11.1,11.9,12.0,11.2,11.6,12.8,14.2,15.2
015134,7.2,7.4,7.5,7.6,8.2,8.2,9.0,9.0,9.2,8.9,9.0,9.7,9.7,9.4,9.7,10.3,9.8,10.2,11.3,11.2,10.3,11.8,12.1,13.5,13.6
015136,8.2,9.4,9.4,9.7,10.8,10.5,9.8,10.7,11.6,11.3,11.8,11.9,11.9,11.1,11.6,11.8,12.6,12.5,13.7,13.8,12.7,13.6,15.4,16.3,16.1
015139,5.6,5.7,6.8,6.2,6.8,7.5,7.7,8.1,8.8,7.4,9.2,9.0,9.1,8.7,9.4,9.3,10.0,10.1,10.6,11.0,10.3,11.6,12.4,13.6,14.6
015140,4.7,5.5,5.8,6.0,6.6,7.0,7.2,7.0,7.0,7.3,7.7,8.6,7.2,7.8,8.0,8.1,8.5,9.0,9.8,11.0,9.3,10.2,11.3,12.9,12.6
015142,7.1,7.5,8.2,8.6,8.7,8.9,10.0,10.8,11.1,11.0,11.0,11.0,10.6,10.5,11.6,12.2,12.3,13.3,12.8,13.8,12.6,13.7,15.3,16.6,16.9
015144,5.5,5.8,5.8,6.8,7.0,7.5,7.7,8.2,8.2,8.1,8.0,8.8,8.6,8.3,9.0,9.5,9.3,10.5,11.0,10.7,10.5,11.3,12.1,13.2,14.2
015146,13.6,14.2,14.7,14.7,14.9,15.4,15.8,17.0,16.8,16.6,17.6,17.4,17.1,16.5,16.1,17.4,18.1,18.6,18.3,19.4,18.0,19.8,21.1,22.6,22.5
015150,4.4,4.4,4.7,4.7,4.6,5.8,5.7,6.3,6.7,6.1,6.1,6.3,6.2,6.2,6.2,7.0,6.5,6.9,7.4,7.3,7.1,7.7,8.8,10.2,10.0
015151,7.8,7.8,8.1,8.9,9.2,9.6,9.9,10.3,9.9,10.5,10.9,11.2,11.1,10.7,11.0,11.7,11.9,12.2,12.8,13.4,12.5,12.5,14.6,15.0,16.3
015154,4.6,4.7,5.0,5.5,6.0,6.1,6.6,6.9,6.7,6.7,7.2,8.1,7.2,7.4,7.2,8.4,8.1,9.0,8.8,9.3,8.9,9.6,10.4,10.9,11.7
015155,5.5,5.8,6.0,6.8,6.5,7.6,7.5,7.9,8.4,8.1,9.2,8.5,8.3,8.1,8.8,8.6,9.2,9.7,10.2,11.1,9.8,10.5,12.4,13.1,13.5
015157,5.7,5.9,6.2,6.8,7.0,7.2,8.9,8.9,8.9,8.9,8.6,9.8,8.8,9.6,9.7,10.4,10.6,11.3,11.8,12.3,10.7,12.8,13.5,14.7,15.4
015158,4.4,4.8,4.9,5.2,5.1,5.7,5.8,6.4,6.5,6.3,6.6,7.0,6.2,6.6,6.9,6.9,7.6,7.4,8.4,8.7,7.7,8.8,9.7,10.4,11.2
015159,6.0,6.9,6.8,7.4,7.5,8.1,8.3,8.8,9.4,8.9,8.9,9.4,8.9,8.8,9.3,10.1,10.4,11.0,10.9,11.6,10.6,11.7,12.5,13.4,13.6
015164,7.3,7.1,8.1,8.6,8.7,8.9,8.9,9.8,10.2,10.3,10.7,10.3,10.4,9.9,9.8,11.1,11.5,12.7,12.6,12.8,11.9,13.5,14.8,15.3,16.1
015165,4.2,4.7,5.5,5.7,5.9,6.2,6.6,6.5,6.8,6.8,6.6,7.7,6.8,7.4,7.0,7.3,8.0,7.8,8.5,8.9,8.2,8.7,10.4,10.6,10.9
015166,4.3,5.1,5.6,5.5,6.0,6.5,7.3,7.0,7.3,7.5,7.9,7.6,7.7,8.2,8.6,8.8,9.0,9.3,10.0,10.6,10.3,10.5,12.2,12.3,12.7
015167,6.4,7.3,6.9,7.4,8.2,8.9,9.1,9.8,8.8,9.2,8.9,9.7,9.7,9.3,10.1,10.4,10.6,11.0,11.1,11.8,10.5,11.9,12.4,14.2,13.7
015168,4.1,4.4,4.1,5.2,5.6,5.4,6.5,6.1,6.5,6.5,6.9,7.1,7.3,6.9,7.1,7.4,7.9,8.4,8.6,8.8,8.4,9.1,10.1,11.5,11.6
015169,5.2,5.6,5.8,5.7,6.7,7.0,7.1,7.8,8.3,7.8,8.1,8.1,8.5,8.7,8.6,8.3,9.2,9.4,10.4,10.2,10.1,11.0,12.1,12.5,13.0
015170,6.0,6.1,7.1,7.1,8.0,8.5,8.3,9.6,9.7,9.4,9.7,10.7,9.9,9.9,9.9,10.5,11.4,10.9,11.6,12.7,11.8,13.5,14.0,14.4,16.5
015171,8.1,8.8,8.9,8.7,9.6,9.5,9.8,10.8,11.0,10.2,11.0,11.6,11.3,11.1,11.6,11.3,12.1,12.3,13.0,14.0,12.6,14.6,15.4,16.0,16.6
015172,9.4,9.5,10.0,10.8,11.5,11.4,11.7,12.5,13.0,12.0,12.3,14.1,12.6,12.7,13.3,13.5,14.1,14.9,15.2,15.6,14.8,16.2,17.2,17.5,18.1
015173,8.4,8.4,9.1,9.1,9.6,10.0,10.3,11.0,11.8,11.4,11.8,11.8,11.4,11.1,11.3,11.9,12.1,13.2,13.0,13.5,12.6,14.5,15.2,15.9,16.0
015175,7.0,6.9,8.1,8.1,8.6,9.0,9.6,9.7,10.0,9.6,10.5,10.3,10.6,9.6,10.7,10.5,11.1,11.3,12.0,12.8,11.6,12.8,14.2,14.9,15.0
015176,9.3,8.9,9.5,9.1,10.3,9.9,11.1,11.9,12.1,11.1,11.6,11.9,11.5,12.2,11.9,12.8,12.7,13.5,14.0,14.7,13.6,14.0,15.8,16.8,17.6
015177,7.4,7.6,7.9,8.4,9.1,9.4,9.9,10.9,11.6,10.3,10.7,11.1,11.4,11.6,11.3,11.5,12.7,12.8,13.6,13.4,13.8,14.0,15.5,16.8,17.4
015178,6.1,6.1,6.7,7.0,7.7,7.5,8.0,8.6,9.5,8.1,8.8,9.1,9.1,8.7,9.0,9.4,10.0,10.1,10.7,10.0,10.7,11.2,11.8,12.6,13.2
015179,5.4,6.1,5.9,6.6,6.9,7.3,7.4,8.2,8.3,7.6,8.1,9.0,8.2,8.1,8.2,10.4,9.3,10.2,10.4,11.2,11.1,11.4,13.3,14.6,14.1
015181,6.5,6.6,7.1,7.4,7.7,8.5,8.3,9.5,10.0,8.7,9.1,9.4,9.1,9.0,9.6,9.9,10.3,11.0,11.4,12.2,10.9,12.2,13.9,14.4,14.6
015182,8.7,9.3,9.9,10.3,10.9,11.1,11.0,12.0,12.2,12.6,12.2,13.5,12.5,12.8,12.6,13.9,14.0,14.2,14.7,15.2,14.3,15.7,17.2,18.3,18.1
015183,6.3,7.1,7.5,8.3,7.5,8.7,9.2,9.0,9.9,9.1,9.5,9.7,9.4,9.4,10.2,10.8,11.6,11.5,11.5,11.8,10.9,12.8,13.5,14.5,14.8
015184,5.1,5.7,6.3,6.1,6.7,7.1,7.3,7.6,8.4,7.6,8.5,8.3,8.3,7.8,8.4,8.7,9.2,9.6,9.9,10.4,9.5,10.8,11.5,11.9,12.5
015185,8.0,9.0,9.3,9.7,10.4,10.0,11.2,10.8,11.8,11.2,11.6,11.6,11.7,11.3,11.8,12.4,13.8,12.9,13.2,14.0,13.3,14.9,15.1,15.8,16.3
015188,4.7,5.5,5.1,5.7,6.5,6.9,7.3,7.6,7.7,7.4,8.1,9.1,8.1,8.4,9.0,8.2,9.3,9.9,9.2,10.1,9.9,11.7,11.8,14.2,13.5
015189,7.3,7.7,8.3,8.9,9.3,9.7,10.2,10.6,11.9,11.4,11.1,11.8,11.5,11.6,11.9,11.8,13.4,12.3,14.0,14.2,12.8,15.3,16.3,16.9,16.6
015191,7.5,7.7,8.6,8.4,9.0,9.1,10.4,10.2,10.6,10.5,11.0,12.2,11.5,11.3,12.5,12.1,13.2,13.0,14.0,14.8,13.5,14.2,15.8,16.1,16.9
015192,6.8,6.8,7.6,7.3,7.8,8.5,8.7,9.4,9.6,9.3,9.7,9.3,9.7,9.0,10.5,10.5,10.8,10.8,12.1,11.4,11.7,12.8,13.0,14.5,15.0
015194,5.2,5.8,6.2,6.3,7.3,7.4,6.8,7.6,7.9,7.9,7.7,8.6,8.3,8.6,8.4,8.4,9.3,9.7,10.0,10.4,9.6,11.0,11.9,12.8,13.4
015195,6.8,7.6,7.6,8.2,7.8,8.8,9.0,9.5,9.9,10.1,9.6,10.2,10.1,9.6,10.0,10.8,11.4,11.5,12.7,12.0,11.6,12.4,13.3,13.9,14.0
015200,8.3,8.5,9.1,9.4,9.5,10.6,11.0,10.9,11.4,10.8,12.4,11.3,11.2,11.1,11.7,12.5,12.5,12.6,14.6,14.0,13.1,14.0,15.0,15.8,16.5
015201,5.4,6.0,6.4,6.6,7.1,7.5,7.3,7.7,8.5,7.5,8.4,8.7,8.4,8.4,8.9,9.5,9.9,10.1,10.3,10.8,9.7,11.5,11.6,13.2,12.5
015202,5.2,5.4,5.5,5.8,6.6,6.7,6.7,6.9,6.9,7.2,7.9,8.4,8.3,7.9,8.2,9.3,9.2,9.2,9.4,10.1,9.9,10.4,11.2,11.6,12.9
015204,5.2,5.1,5.6,5.9,6.8,6.5,7.1,7.3,7.2,7.2,8.0,8.1,7.2,7.6,7.8,8.3,9.3,8.6,9.0,9.9,8.9,10.2,11.4,12.9,13.1
015205,7.1,7.5,8.0,7.5,8.2,8.7,8.8,9.7,9.5,9.4,9.5,10.4,9.5,9.4,10.2,10.0,10.9,11.8,12.0,11.9,11.9,12.3,12.7,14.2,15.1
015206,6.7,6.4,6.6,7.3,7.5,8.2,8.6,9.1,9.3,9.0,9.2,9.4,9.7,9.1,9.6,9.3,10.1,10.4,11.0,11.4,10.9,11.7,13.0,13.4,15.2
015209,6.7,6.5,7.0,7.1,7.4,7.4,8.2,8.2,8.6,8.6,9.0,9.5,8.5,9.0,8.9,9.5,9.3,11.4,10.2,11.1,10.2,10.9,12.5,12.8,12.9
015210,3.7,3.8,4.2,4.4,4.0,4.2,4.9,5.0,5.2,4.9,4.9,5.5,5.4,5.2,5.5,5.7,6.0,6.5,6.5,6.3,6.5,7.0,7.2,8.9,8.7
015211,7.6,7.7,8.0,8.2,8.5,9.0,9.6,9.9,10.3,9.9,10.0,10.4,10.4,9.7,10.5,10.5,10.7,11.3,13.0,12.7,10.9,12.6,13.3,14.7,14.7
015213,5.9,6.2,6.8,7.7,7.9,7.8,8.8,9.4,9.2,8.6,9.1,9.5,9.7,9.4,9.5,10.4,10.7,11.1,11.1,11.4,10.9,12.1,13.2,14.2,14.0
015219,7.5,7.6,8.4,8.6,9.3,10.3,10.8,10.6,11.0,10.8,11.7,11.5,11.9,11.7,11.7,12.1,12.6,13.3,13.5,13.7,13.0,15.0,15.2,16.8,18.0
015220,6.6,6.9,7.6,7.4,8.5,8.2,9.2,9.0,10.5,9.2,8.9,9.8,10.0,9.9,10.1,10.6,10.7,11.6,12.3,12.4,11.0,11.8,13.3,14.2,14.9
015221,7.8,8.3,8.7,8.6,10.0,9.4,10.4,11.7,11.6,11.3,11.2,12.1,11.2,11.9,12.3,12.6,13.5,13.8,13.5,14.1,13.1,15.0,16.6,16.7,17.4
015222,8.0,8.3,8.3,9.6,8.7,9.7,10.2,10.8,11.4,11.2,11.5,11.5,12.0,11.3,11.6,11.9,12.5,12.7,13.7,14.9,13.7,14.7,15.3,17.0,17.1
015224,7.1,7.5,8.0,8.1,9.4,9.0,9.8,10.5,10.9,10.9,11.2,10.6,10.3,11.4,10.9,12.1,12.5,12.4,12.2,13.6,12.5,14.0,14.6,16.0,16.6
015226,6.0,5.6,5.9,6.5,6.3,6.5,7.4,7.7,8.7,8.1,7.7,8.6,8.5,7.8,8.8,8.7,9.6,10.4,10.5,10.4,9.6,10.4,12.0,12.3,12.8
015229,8.8,9.2,9.9,9.8,9.9,10.4,10.8,11.7,11.3,11.4,11.8,12.1,12.3,11.6,12.2,12.4,12.6,13.1,13.6,13.8,12.9,13.4,15.3,15.9,16.7
015230,7.2,7.4,8.1,7.8,9.2,9.0,9.9,9.7,10.0,9.9,10.2,10.9,10.1,10.6,10.7,11.4,12.0,11.8,12.4,13.6,12.2,13.1,14.5,15.5,15.1
015236,7.8,7.9,8.3,8.2,8.8,9.2,9.0,9.6,10.5,10.0,10.7,10.5,10.9,10.2,10.8,11.1,12.0,12.3,12.3,12.5,11.8,12.9,13.9,15.0,14.7
015237,7.0,6.9,7.7,7.7,7.5,8.4,8.8,9.1,9.4,9.3,8.8,9.4,9.1,8.7,9.4,10.0,10.4,10.5,11.6,11.1,11.1,11.4,12.1,13.7,14.5
015242,5.7,6.4,6.4,6.8,7.1,7.5,8.6,8.3,9.2,8.8,8.9,9.5,8.6,8.8,10.1,9.8,10.6,10.9,11.0,12.0,10.7,12.6,13.7,13.9,14.7
015243,8.0,8.2,8.2,8.7,9.5,9.3,10.2,9.5,10.0,10.1,10.4,10.8,9.9,10.4,10.7,10.5,10.4,11.4,12.0,13.0,11.3,12.4,14.1,14.9,15.1
015244,6.1,6.4,7.0,7.3,7.0,7.6,8.4,8.8,8.5,8.5,8.6,8.9,9.4,8.8,8.3,9.5,9.8,10.1,10.8,10.0,10.4,11.2,12.1,12.9,13.5
015247,4.0,4.2,3.9,4.6,5.0,5.3,5.5,5.8,5.9,5.5,6.1,6.4,6.2,6.1,5.9,6.7,7.5,7.6,7.9,8.7,8.0,8.5,9.1,9.8,10.7
015248,6.6,7.0,7.5,8.4,8.0,8.7,9.2,9.0,10.0,9.8,9.7,10.6,9.6,9.9,9.9,10.4,10.8,11.4,11.4,12.2,11.6,12.3,13.8,14.2,15.7
015249,6.1,6.7,7.4,7.3,7.2,7.8,7.4,8.7,8.7,8.4,8.6,8.8,9.1,8.5,8.8,9.6,9.4,10.1,10.3,10.8,10.2,11.4,12.3,12.3,14.2
015250,8.3,8.7,9.7,10.5,9.8,10.7,11.5,12.2,12.4,11.6,12.3,12.9,12.3,12.1,12.6,12.7,13.5,14.1,14.5,15.2,14.2,14.8,16.0,17.8,18.6
015251,7.9,7.8,8.5,8.2,9.1,9.5,10.1,10.7,10.4,10.1,10.4,10.7,10.5,10.5,10.8,10.9,11.5,11.8,12.3,12.6,11.7,12.7,13.0,14.5,15.0
016001,7.3,7.6,7.9,8.5,8.6,9.1,10.0,10.4,10.8,10.2,10.3,10.1,10.3,10.3,10.8,11.8,11.9,12.7,12.8,13.9,12.4,13.7,14.3,16.1,15.6
016002,8.5,8.8,9.5,9.9,10.3,10.7,11.1,11.8,11.8,11.1,12.2,13.3,12.6,12.2,12.9,13.0,14.0,14.1,14.1,16.1,13.9,15.1,16.5,16.8,17.6
016003,7.5,7.3,8.1,8.7,8.7,9.1,9.5,10.2,10.1,9.9,10.3,10.9,10.3,10.2,10.0,11.1,11.5,11.6,12.1,12.3,11.0,12.9,13.5,14.1,14.5
016004,4.8,5.4,5.4,6.1,5.8,6.3,7.1,7.7,7.4,7.3,7.4,7.9,7.9,7.5,7.6,8.0,8.4,9.3,9.1,10.3,8.7,9.8,10.1,10.9,11.6
016005,7.9,7.6,8.2,8.6,9.4,9.2,9.8,10.5,10.6,10.0,11.0,10.9,10.5,10.8,11.5,11.4,12.5,11.8,12.6,13.0,12.8,13.3,14.4,15.7,15.8
016006,7.1,7.9,7.7,7.8,9.0,9.8,9.5,10.4,10.9,10.9,10.9,11.4,10.2,10.2,11.5,11.4,12.1,12.4,12.9,14.2,12.9,14.1,15.5,16.7,16.8
016007,7.8,8.4,8.7,9.4,9.3,9.8,10.2,10.9,11.7,10.9,12.0,11.8,11.1,11.3,11.5,13.0,13.1,12.9,13.2,14.5,13.0,14.9,15.7,16.6,16.9
016008,5.2,5.8,6.1,6.8,6.5,6.9,7.9,8.1,8.8,7.4,8.8,9.2,8.3,8.3,9.0,8.7,9.6,10.4,10.3,10.8,10.2,11.4,11.2,12.9,13.3
016009,6.7,7.3,7.8,7.5,8.3,8.3,9.2,9.9,10.5,9.8,10.2,10.7,10.2,10.5,10.5,10.7,11.3,11.9,12.4,12.5,12.1,12.8,13.8,15.4,16.0
016010,5.9,6.3,6.6,6.3,7.0,7.4,7.6,8.0,8.9,8.0,8.8,9.3,8.5,9.0,9.1,9.2,9.6,10.1,10.4,11.1,10.5,11.1,12.6,12.7,12.9
016011,6.2,6.6,6.7,7.9,7.9,8.6,9.2,8.6,9.8,8.4,9.4,10.2,9.5,8.6,9.8,10.5,10.7,11.6,11.3,12.7,11.0,11.8,13.4,14.7,14.4
016012,7.4,7.8,7.9,8.4,8.8,8.9,9.6,10.7,10.8,10.3,10.3,11.0,10.8,10.6,10.8,10.6,11.2,12.2,12.6,12.7,11.6,13.3,14.5,15.0,15.2
016013,6.3,6.5,7.2,7.2,8.0,8.0,8.8,9.5,9.3,8.9,9.9,9.5,9.9,10.0,10.3,10.1,11.2,11.5,12.1,11.6,11.4,12.2,13.6,14.9,15.7
016014,4.6,5.0,6.0,5.9,6.8,6.4,7.4,7.3,7.9,7.8,7.8,8.0,8.3,7.1,7.9,8.4,8.2,9.4,9.3,10.2,8.6,10.2,11.9,12.1,12.1
016015,4.6,5.3,4.9,5.6,5.9,6.4,6.6,6.6,7.5,7.2,7.8,8.0,7.6,7.5,8.2,8.4,8.9,8.9,9.7,9.4,9.4,10.8,11.6,12.1,12.4
016016,4.7,5.6,6.0,5.5,6.2,6.7,7.1,7.5,8.0,7.6,7.7,8.0,7.4,7.8,8.7,8.6,9.3,9.2,10.4,10.2,9.8,10.0,11.8,12.6,13.0
016017,6.5,7.5,7.3,8.0,8.4,8.3,8.9,9.5,9.5,9.4,9.7,10.3,9.2,9.5,10.5,10.3,10.7,11.1,11.2,12.3,11.0,12.3,13.4,14.2,14.4
016018,7.4,7.2,8.7,8.7,8.5,10.5,9.1,10.5,10.8,10.5,10.7,10.6,11.2,11.1,12.1,11.6,11.9,12.4,13.0,14.1,13.2,13.1,15.6,16.1,17.4
016019,5.6,5.8,6.0,6.7,6.9,7.3,7.4,7.9,7.9,7.6,8.0,8.6,7.7,8.2,8.3,9.0,9.2,9.6,9.7,10.4,9.5,10.2,11.5,11.6,12.8
016020,4.9,4.6,5.3,5.5,5.8,6.3,7.1,6.5,7.5,7.2,7.3,8.1,7.4,7.5,7.6,7.8,8.5,8.9,8.6,9.7,8.4,10.0,10.8,11.6,11.9
016021,7.2,7.5,7.7,8.8,8.2,8.9,10.3,10.2,10.2,9.8,10.5,10.2,10.4,10.1,11.8,11.7,11.7,12.6,12.9,13.2,11.8,12.9,14.2,15.8,15.8
016022,5.1,5.2,5.5,5.5,6.5,6.9,6.3,7.6,7.6,7.6,7.7,7.8,8.2,6.9,8.1,8.0,8.6,9.0,9.3,10.0,8.8,10.0,11.3,12.2,12.0
016023,6.9,7.1,7.9,7.8,7.7,8.5,8.7,9.3,9.3,9.0,9.0,9.8,10.2,9.7,9.4,9.8,10.7,11.2,11.1,11.9,10.6,12.0,13.1,13.9,13.9
016024,4.7,5.1,5.4,6.2,6.4,6.1,7.1,7.1,7.8,6.7,7.6,8.5,7.4,7.1,8.2,8.3,9.0,8.2,9.4,9.6,8.5,10.2,11.4,12.1,12.3
016025,6.0,6.0,6.7,7.0,7.1,7.0,8.2,7.8,9.1,8.2,8.9,8.8,8.2,8.6,9.3,9.1,10.0,10.7,10.4,10.4,10.2,11.8,11.8,13.3,13.4
016026,9.2,9.4,10.3,10.3,11.0,11.1,11.8,12.1,12.8,12.5,13.0,13.9,12.9,12.3,13.6,13.4,14.6,14.9,16.0,15.8,16.1,16.3,17.6,18.4,18.2
016027,8.8,8.8,9.4,10.7,11.1,11.0,11.9,11.6,12.9,12.8,12.7,13.0,12.6,13.4,13.6,13.4,14.5,14.1,14.7,15.5,13.8,15.5,15.9,17.5,18.0
016028,6.5,6.7,7.2,8.1,8.0,8.3,8.9,8.9,9.8,9.1,8.8,9.8,9.1,9.3,9.6,9.7,10.3,10.6,11.5,12.0,11.0,12.1,13.2,13.9,13.9
016029,5.2,5.4,5.5,6.2,6.9,6.4,7.4,7.2,7.7,7.7,7.6,7.9,7.9,7.7,8.0,8.7,8.8,8.8,9.3,10.4,9.5,9.7,11.8,10.8,12.5
016030,7.1,6.8,8.0,7.9,8.5,8.9,9.5,9.7,9.6,9.5,9.6,10.6,10.0,10.0,9.7,10.9,10.7,11.3,11.3,12.2,10.6,12.2,13.7,15.3,14.3
016031,6.1,6.4,6.6,7.0,7.5,7.9,8.0,9.1,8.9,8.5,8.3,9.4,9.2,9.2,9.7,10.3,10.3,10.8,11.1,11.4,10.2,11.9,12.1,13.3,14.0
016032,7.0,7.2,7.8,8.4,8.1,8.7,9.4,10.0,9.8,9.2,9.8,10.1,9.8,9.2,10.2,10.8,10.8,11.0,11.6,11.3,11.2,12.6,13.2,13.8,14.2
016033,5.4,5.8,5.7,6.7,7.2,7.3,7.2,7.7,8.2,7.4,8.2,8.3,8.0,8.2,8.7,8.9,9.5,9.6,10.4,10.4,9.6,10.5,11.1,12.2,13.3
016034,6.1,6.3,6.5,6.9,7.0,7.1,8.0,8.2,8.6,7.7,8.7,8.5,8.6,8.5,8.9,9.7,9.7,10.0,10.1,11.0,10.0,11.2,12.0,13.0,13.5
016035,2.4,3.3,3.4,3.3,3.7,3.8,3.8,3.9,4.6,4.6,4.8,5.1,4.9,4.8,4.9,5.0,5.1,5.9,6.6,6.1,6.2,6.2,7.0,8.2,8.4
016036,4.0,4.7,4.4,4.8,5.1,5.6,6.2,6.3,6.4,6.3,6.0,6.5,6.5,6.1,6.7,7.2,6.9,7.4,8.1,8.4,7.5,8.5,9.3,10.6,10.3
016037,8.2,8.7,9.1,9.7,10.0,10.3,10.8,10.5,11.5,11.5,12.2,12.0,12.1,11.6,11.9,12.8,12.7,13.3,13.9,14.6,13.1,14.3,15.3,16.6,16.5
016038,3.8,3.9,4.2,4.3,4.8,5.0,5.2,5.7,5.9,5.6,6.2,6.5,6.8,6.4,6.9,6.6,6.9,7.5,8.5,8.2,8.1,8.7,9.5,10.1,10.4
016040,6.6,6.7,7.1,7.9,7.4,7.9,8.4,8.9,9.8,8.8,9.1,9.5,9.4,9.1,9.8,9.8,10.5,10.9,11.6,11.6,10.3,12.3,12.8,14.4,14.1
016041,7.2,8.3,8.0,8.7,8.9,9.1,10.2,10.3,10.7,9.7,10.1,10.8,10.9,10.2,11.2,11.1,11.6,13.0,13.1,13.5,12.7,13.6,15.7,15.8,16.0
016042,8.4,8.9,9.5,10.0,10.3,11.0,11.1,11.9,11.7,10.9,12.0,12.6,11.9,11.5,13.0,12.1,13.0,13.5,14.2,15.3,13.1,14.5,16.3,17.2,17.1
016043,5.8,5.6,5.4,6.5,6.3,7.3,7.5,7.3,8.3,7.7,7.7,8.0,7.7,7.8,7.9,8.5,8.8,9.3,9.9,10.0,9.3,10.3,10.8,12.1,13.2
016044,9.9,9.8,10.5,11.1,11.5,12.2,12.8,13.7,13.7,12.8,12.9,13.7,13.1,13.3,13.2,13.9,14.3,14.9,15.2,15.4,14.2,16.5,17.8,18.2,18.6
016046,9.3,9.4,10.4,11.3,11.7,12.0,12.1,13.0,13.3,13.2,13.3,14.2,13.4,12.6,13.7,13.4,13.8,14.6,15.6,15.6,14.9,16.8,16.4,17.2,18.5
016047,4.7,5.1,5.5,5.8,6.1,6.5,6.4,7.2,7.1,7.0,7.3,7.8,7.5,7.5,7.8,7.9,8.7,9.2,9.9,10.0,8.9,9.5,10.3,10.8,13.0
016048,6.3,6.6,6.9,7.2,7.3,7.7,8.3,8.5,9.3,8.9,9.5,10.3,8.9,9.2,10.1,10.6,10.8,10.3,11.4,12.3,11.7,12.0,12.8,14.1,14.3
016049,5.6,5.9,6.9,7.1,7.3,7.4,8.1,8.1,8.3,8.1,8.7,8.8,8.4,8.9,8.7,10.0,9.1,10.2,10.2,10.3,10.2,12.0,12.1,12.9,13.9
016050,7.2,7.6,8.1,8.7,8.5,9.1,10.0,10.2,10.9,10.4,10.4,11.1,10.6,11.1,11.1,11.2,11.4,12.2,12.5,13.3,12.4,13.7,14.3,15.0,15.0
016051,6.4,6.5,7.2,7.4,7.7,8.1,8.4,8.9,9.2,9.2,9.1,9.2,9.4,8.6,9.4,9.8,11.2,10.7,11.1,11.9,10.7,12.2,13.0,14.6,14.8
016052,6.5,7.0,7.1,7.1,7.7,8.6,9.2,9.8,10.4,9.6,10.4,9.8,10.3,10.2,10.7,11.2,10.8,11.9,12.9,13.0,11.4,13.2,14.4,15.0,16.1
016053,6.8,7.6,8.0,8.6,8.8,9.0,9.1,10.0,10.8,10.3,9.8,10.8,10.5,10.8,10.8,10.7,11.5,12.4,12.6,13.4,12.3,13.5,14.4,15.5,15.9
016055,3.6,3.7,3.7,3.6,4.2,4.1,4.6,5.2,5.4,5.4,5.4,5.7,5.8,5.6,5.5,6.5,6.4,6.7,7.2,7.5,6.7,7.6,8.0,8.7,9.0
016056,5.5,5.8,6.0,6.5,6.6,7.3,7.6,7.5,8.1,6.8,6.8,7.7,8.0,7.9,7.9,8.5,8.6,9.6,9.9,11.0,9.7,10.2,12.2,12.7,12.6
016057,8.7,8.8,10.1,9.9,10.6,11.2,11.3,12.8,12.8,12.3,12.3,13.3,12.2,12.5,13.0,12.8,14.2,14.3,14.7,15.9,14.1,15.9,17.8,19.0,18.7
016058,3.0,3.2,3.5,3.7,4.0,4.2,4.8,4.7,5.1,4.8,5.2,5.5,5.1,5.7,5.0,5.5,5.6,6.4,6.7,6.8,6.4,7.2,7.3,8.9,9.1
016059,6.5,6.6,6.7,8.7,7.6,8.4,8.4,9.3,10.1,9.4,9.7,9.9,10.0,9.5,10.3,10.7,11.1,11.6,12.1,12.3,10.9,12.8,13.6,15.9,16.2
016060,7.6,8.3,9.5,9.5,10.5,10.4,11.8,10.8,11.6,11.2,12.0,12.4,11.9,11.3,12.2,13.1,12.7,13.1,13.7,14.3,13.7,14.1,15.8,17.0,17.1
016061,7.9,8.6,9.0,9.6,9.3,10.0,11.0,11.5,11.8,11.5,11.1,12.0,11.1,11.6,11.8,12.6,12.8,13.5,13.3,14.8,13.3,14.3,15.6,16.5,16.4
016062,7.2,7.2,8.3,8.3,8.5,9.0,9.4,8.9,10.7,9.8,10.3,10.6,9.7,9.7,9.5,10.8,10.8,10.5,11.4,11.6,10.8,12.2,13.7,14.3,15.5
016063,5.8,6.1,6.6,7.6,7.8,7.9,8.1,8.1,8.3,8.4,8.6,8.7,9.0,8.7,8.5,9.6,9.4,9.4,10.0,10.7,9.7,11.5,11.8,13.2,13.0
016064,9.1,9.5,9.6,10.5,11.4,10.6,12.3,12.1,12.6,12.1,12.8,12.6,12.6,12.4,14.0,13.4,13.9,14.0,14.9,15.4,14.6,16.5,17.6,18.2,18.8
016065,3.5,3.9,4.4,4.6,5.2,5.3,5.6,5.7,6.3,5.8,6.4,6.4,6.4,6.5,6.8,6.8,7.8,8.2,8.2,8.3,7.8,8.9,10.4,10.9,11.0
016066,8.3,8.7,9.3,8.9,9.9,10.9,10.3,10.9,12.1,10.8,11.4,11.8,11.6,11.1,11.1,11.5,12.4,12.5,13.3,13.5,12.5,14.3,14.4,16.3,16.2
016067,5.3,5.5,5.6,6.1,6.6,6.9,7.1,7.4,7.1,7.6,8.3,8.0,8.4,7.3,7.7,8.0,8.7,9.2,10.1,9.8,9.1,10.2,10.6,11.8,11.9
016068,6.7,6.9,7.2,7.4,7.9,7.8,9.0,8.7,9.5,9.0,10.0,9.6,10.1,9.2,9.9,9.9,10.4,11.5,12.1,11.2,10.9,12.4,12.9,13.5,15.0
016069,10.8,11.0,11.5,12.0,11.7,12.7,13.0,13.4,13.7,12.8,13.6,15.3,13.9,13.9,15.1,14.5,14.7,15.7,16.0,15.9,15.2,16.6,17.9,18.5,19.2
016070,5.1,5.3,5.6,6.5,6.6,6.7,7.1,7.6,7.9,7.2,7.5,7.9,8.4,7.3,7.8,8.4,9.2,9.4,9.6,10.5,8.9,10.5,11.7,12.1,11.9
016071,4.7,5.1,5.4,6.2,6.2,7.2,6.9,7.8,7.3,7.3,7.8,8.0,8.0,7.6,7.9,8.5,9.0,9.4,9.7,9.8,9.5,10.7,11.9,12.0,12.8
016072,4.6,5.2,5.4,6.0,6.0,6.5,6.9,7.0,6.8,6.5,7.2,7.7,7.5,7.7,7.7,7.8,8.7,8.6,9.1,9.3,8.5,9.5,10.4,11.3,11.6
016073,5.8,6.3,6.5,7.2,6.9,7.4,8.0,8.3,9.3,8.6,9.3,8.8,9.7,7.5,8.8,9.5,9.8,10.4,10.6,10.8,10.9,11.7,11.9,13.1,14.6
016074,8.2,8.3,8.3,8.9,9.7,9.7,10.4,10.6,10.9,10.5,10.8,11.2,10.9,10.8,11.3,11.7,12.0,12.6,12.8,12.8,12.7,13.3,15.0,15.3,15.9
016075,6.1,5.8,5.9,6.5,6.6,7.1,7.7,7.9,8.2,7.5,7.7,8.2,8.4,7.9,8.2,8.6,9.4,9.6,9.3,10.3,9.3,10.0,10.7,11.5,12.4
016076,6.6,7.0,6.9,8.6,8.4,9.1,9.3,10.6,10.0,10.2,10.1,11.0,10.3,10.4,11.2,11.0,11.8,13.2,12.1,12.7,12.8,13.1,14.3,15.4,16.4
016077,6.2,5.6,6.5,6.6,7.2,7.5,8.0,8.6,8.4,8.1,8.5,8.5,8.5,8.9,9.2,9.1,10.3,10.4,10.5,10.6,10.4,11.4,11.6,13.9,14.0
016078,7.3,6.9,7.9,8.1,8.3,8.7,8.6,9.2,10.0,9.4,9.5,10.1,10.2,10.2,10.4,10.4,10.8,11.0,10.9,11.7,11.2,12.3,13.0,13.8,14.7
016079,7.4,8.4,8.6,8.7,9.3,8.9,10.3,10.7,10.8,10.0,10.9,11.3,11.7,10.2,10.5,11.1,12.1,12.2,12.5,12.3,12.1,13.7,14.4,15.3,15.7
016080,6.1,7.3,7.1,7.5,8.1,8.4,9.6,9.4,9.8,9.2,9.7,10.5,9.9,9.4,10.3,10.3,11.0,12.0,12.1,12.5,11.8,12.8,14.1,14.9,15.4
016081,6.3,6.6,7.0,7.3,7.8,7.7,7.8,8.5,9.4,8.7,9.3,9.9,9.4,9.2,9.6,10.1,10.6,11.0,11.4,11.3,11.5,11.4,13.7,14.4,15.1
016082,6.4,6.8,6.9,7.3,7.6,8.1,8.2,8.1,8.5,8.3,8.8,10.0,9.4,9.3,9.7,10.4,9.5,10.5,10.5,11.2,10.6,11.7,13.0,14.2,14.2
016083,7.6,8.0,7.9,9.1,9.4,9.9,9.9,10.4,10.8,10.5,10.4,11.4,10.6,11.5,11.8,12.2,12.3,13.0,14.3,13.6,12.6,14.8,15.6,16.5,16.8
016084,8.3,8.3,8.8,9.9,9.8,10.7,9.8,11.2,11.7,11.0,11.7,12.6,11.5,11.2,11.9,12.6,12.4,13.0,13.2,14.1,13.2,13.9,14.8,16.0,17.0
016085,6.8,7.1,7.1,7.9,7.8,8.8,8.4,9.6,9.7,9.3,9.5,10.1,9.9,9.5,10.0,11.3,10.9,11.4,12.5,12.3,12.0,12.6,12.9,14.2,14.8
016086,4.8,5.6,6.3,6.5,6.5,7.7,7.6,7.8,8.0,7.3,7.7,8.5,8.6,8.4,8.8,9.1,8.4,9.5,10.6,10.2,9.6,11.1,10.9,13.1,12.4
016087,7.2,7.8,8.2,8.6,8.9,9.7,9.9,10.4,10.5,10.7,10.1,11.0,11.5,10.2,10.7,11.5,12.3,12.5,13.1,13.1,12.5,13.2,14.5,15.5,16.0
016088,8.8,9.2,9.8,10.4,10.3,11.5,11.4,11.4,12.1,12.3,12.5,12.8,12.1,12.3,12.6,12.8,13.9,14.0,14.6,14.8,13.8,15.1,15.7,16.6,17.4
016089,5.8,5.8,6.0,6.6,7.0,7.0,7.6,7.7,8.4,7.9,7.8,8.8,8.3,7.9,8.4,8.5,8.9,9.6,10.0,10.3,8.9,10.4,11.5,12.2,12.9
016090,6.9,7.2,7.8,8.2,8.6,9.3,9.5,10.1,10.4,10.6,10.7,11.2,10.8,10.3,11.5,11.5,11.9,12.3,12.9,13.6,12.9,14.3,14.8,15.8,16.6
016091,7.1,7.6,7.9,8.4,8.9,9.4,9.2,9.8,10.5,9.5,10.9,10.5,10.7,10.2,10.6,11.3,12.4,12.4,12.9,12.8,12.3,14.0,15.2,15.3,17.4
016092,6.2,6.1,6.7,6.7,7.6,8.0,7.9,9.3,8.7,8.9,8.7,9.4,9.2,8.4,9.4,10.0,10.3,10.1,10.9,11.8,10.3,11.6,12.4,14.1,14.3
016093,8.6,9.6,9.9,9.7,10.2,10.9,11.5,12.2,12.4,11.5,12.4,13.0,11.9,11.6,13.2,13.1,13.0,14.5,14.0,14.3,13.6,15.3,16.1,17.5,18.3
016094,3.3,3.9,4.2,4.3,4.8,4.9,5.6,5.7,5.8,5.4,5.8,6.1,6.3,6.3,6.5,6.4,6.6,7.7,8.1,8.1,7.5,8.8,9.1,10.2,10.2
016096,4.6,4.9,5.5,4.9,6.0,6.6,6.5,7.0,7.4,7.6,7.2,7.7,8.0,7.7,8.3,9.0,8.3,9.3,10.4,9.5,9.5,9.6,11.5,13.0,13.4
016097,6.2,6.7,6.9,6.8,8.0,8.0,8.6,8.4,8.9,9.6,9.3,9.4,9.4,8.9,9.7,9.8,10.6,10.9,11.5,11.5,10.9,12.4,13.0,14.5,14.7
016098,6.5,6.7,7.0,7.3,7.6,7.8,8.5,9.1,9.4,8.7,9.2,9.7,9.3,8.7,9.2,10.0,9.8,10.9,11.1,11.3,10.6,11.6,12.1,13.9,13.5
016099,5.8,5.8,6.6,6.7,7.2,7.3,8.1,8.4,9.0,8.6,8.4,9.0,8.6,8.2,8.7,9.3,9.8,10.0,10.2,11.0,10.1,11.3,12.1,13.2,13.8
016100,3.4,4.2,3.9,4.4,4.5,4.4,5.5,5.5,5.9,5.6,5.5,6.2,5.7,5.5,6.1,6.5,6.3,7.1,6.8,7.4,6.8,7.8,7.9,9.4,9.2
016101,7.0,7.3,7.8,7.9,8.1,8.9,8.9,9.5,9.9,9.3,10.0,10.3,9.8,9.8,9.7,10.2,10.5,11.0,11.2,11.5,11.4,11.6,12.1,13.1,14.6
016102,7.3,6.8,7.4,8.0,8.4,8.8,8.5,9.8,10.5,9.8,10.0,10.8,10.2,9.9,10.3,10.3,10.8,11.3,12.2,12.5,11.2,12.5,13.0,14.3,15.0
016103,6.0,5.9,6.8,7.0,7.3,7.7,8.0,8.2,8.8,8.8,9.2,9.5,8.7,8.6,9.1,9.7,10.1,10.6,10.9,10.7,10.7,12.2,12.2,12.9,13.5
016104,7.5,7.9,8.7,9.3,9.4,10.0,10.2,10.6,10.7,10.3,10.4,11.5,10.7,11.1,10.6,11.8,12.5,11.9,12.9,13.9,12.2,13.3,15.1,16.7,15.6
016105,4.6,4.9,5.2,5.4,5.6,6.1,6.2,6.2,6.3,6.9,6.4,7.0,7.0,6.3,6.4,6.9,6.8,6.9,8.0,8.8,7.7,8.2,9.1,9.8,10.5
016106,5.8,6.2,6.6,6.3,6.6,7.3,8.2,8.4,8.1,7.9,8.5,9.1,8.5,8.7,8.6,10.0,10.0,10.3,10.3,11.0,10.2,10.9,11.5,13.0,13.5
016107,6.3,6.2,6.9,6.9,7.2,7.5,8.6,8.4,8.5,8.0,8.9,8.9,8.8,8.2,8.8,8.9,9.1,9.7,9.8,10.6,9.6,10.1,11.9,12.9,12.9
016108,7.1,7.7,8.0,8.0,9.2,9.1,9.4,9.7,10.0,9.2,9.5,9.7,9.9,9.4,9.9,11.1,10.7,11.5,11.9,12.1,11.6,12.4,13.0,13.1,14.7
016109,6.4,6.8,6.6,6.9,7.2,8.0,7.4,8.8,9.0,8.5,9.1,9.3,8.8,8.7,9.3,9.5,9.3,10.4,11.4,11.2,10.9,11.3,12.5,13.2,13.5
016110,4.5,4.8,5.3,5.4,5.9,5.5,6.3,7.2,6.5,6.7,6.9,7.6,7.1,7.5,7.5,7.8,8.3,8.8,8.7,9.1,8.6,9.9,11.2,11.9,11.8
016111,4.8,5.3,5.4,5.7,6.1,6.4,7.1,6.9,7.6,7.4,7.6,7.6,7.1,7.2,7.8,8.7,8.8,9.0,9.3,9.6,9.4,10.3,11.3,11.6,12.0
016113,4.8,4.9,5.0,5.4,5.8,5.5,5.8,5.9,6.1,6.0,6.2,7.2,6.2,6.6,6.9,6.6,7.3,7.4,8.2,8.4,7.5,8.1,9.4,9.6,10.4
016114,5.9,5.6,6.7,6.4,6.9,6.8,7.5,7.9,8.1,8.0,8.1,8.3,7.9,7.7,8.5,8.7,8.5,9.5,9.7,10.3,9.7,10.0,12.1,12.3,13.0
016115,10.1,10.4,11.0,10.9,11.5,12.3,13.1,13.8,14.0,13.4,13.1,14.2,13.8,13.4,14.1,14.3,15.2,15.6,16.8,15.8,14.6,16.0,17.1,18.7,18.6
016116,3.6,3.4,4.0,4.4,4.8,4.6,5.2,5.5,5.7,5.2,6.0,5.9,6.2,5.4,6.0,6.0,6.5,7.0,7.3,7.6,7.4,7.8,8.9,9.2,10.4
016117,5.7,5.7,6.1,6.7,6.5,6.8,7.2,7.8,7.7,7.3,7.9,8.0,7.9,7.7,8.6,8.8,9.4,9.2,9.4,9.3,9.5,10.5,11.8,11.0,12.4
016118,4.9,4.4,5.2,6.2,6.2,6.3,7.0,6.9,6.5,6.6,6.8,7.3,7.3,6.7,7.7,8.2,8.3,9.0,9.3,10.0,8.2,10.6,10.7,11.5,11.6
016119,8.9,9.6,9.8,10.1,11.1,11.5,11.7,11.9,12.7,11.8,12.8,13.5,13.3,12.7,13.4,13.5,13.8,14.3,14.7,15.0,13.8,15.5,17.1,17.1,17.7
016120,8.3,8.9,9.6,9.6,10.2,10.3,10.4,11.2,11.8,11.0,11.8,11.8,11.8,11.4,12.4,12.5,12.6,13.2,13.6,13.6,13.1,14.2,15.0,16.1,16.1
016121,6.7,6.2,7.3,7.6,7.7,8.3,8.7,8.3,9.3,8.8,9.1,9.6,9.1,8.9,9.7,9.9,10.0,10.2,11.2,10.9,10.5,12.0,12.6,14.1,14.1
016122,7.3,6.9,7.4,7.5,8.2,8.1,8.4,9.0,9.5,9.5,9.7,9.7,9.8,9.5,9.5,9.9,10.7,11.5,11.3,12.0,11.0,12.2,13.3,14.0,13.9
016123,6.0,5.6,6.1,6.1,6.8,6.4,7.1,7.4,7.5,7.2,8.2,8.7,7.9,7.5,7.8,8.7,8.6,9.4,10.0,10.1,9.7,9.9,11.8,12.1,13.0
016124,6.7,6.3,6.5,7.0,7.6,8.1,7.9,8.9,9.1,8.6,9.3,9.4,8.8,9.5,9.7,10.5,10.2,10.3,11.3,11.7,10.2,11.5,12.8,14.2,14.4
016125,5.6,6.0,6.0,6.6,6.8,7.4,8.0,8.4,8.4,8.8,8.8,9.2,9.4,8.4,9.2,9.2,10.1,10.1,10.6,11.1,10.4,10.6,12.7,13.2,13.7
016126,9.1,9.5,10.3,10.5,11.7,12.0,12.2,12.7,12.7,12.7,13.3,14.0,14.1,13.1,13.7,14.1,14.3,15.2,15.7,14.9,15.0,16.3,17.1,18.3,18.8
016127,5.9,6.4,6.1,6.8,6.9,7.5,7.6,8.2,8.5,8.6,8.6,9.3,8.6,8.9,9.2,9.8,9.7,10.4,11.2,11.4,10.5,11.0,12.1,13.3,14.3
016128,7.7,8.7,9.1,9.1,9.6,9.9,10.6,10.4,10.7,10.6,11.1,11.6,10.9,11.4,11.0,11.0,12.3,13.2,12.8,13.6,12.8,14.0,14.2,15.6,16.2
016129,7.5,8.0,8.3,8.6,8.7,9.8,10.0,10.2,11.1,10.3,10.9,11.2,10.1,10.5,10.5,11.0,11.7,12.3,12.4,12.4,12.1,13.3,14.2,15.3,15.9
016130,8.2,9.1,9.8,9.6,9.9,11.3,11.4,12.5,12.4,11.8,12.2,12.6,12.1,11.4,12.8,12.9,13.2,14.1,14.8,14.9,13.5,14.1,16.5,18.1,18.3
016131,6.0,6.1,6.4,6.7,7.1,7.7,7.9,8.7,9.0,8.7,9.1,8.4,9.3,8.4,8.9,9.5,9.4,10.5,10.8,10.7,9.9,11.7,11.8,12.8,13.6
016132,7.1,7.3,7.4,8.4,8.4,9.6,9.9,10.6,10.3,10.4,10.6,10.6,9.6,10.2,10.5,10.7,11.3,12.1,11.7,12.9,12.3,12.8,14.2,14.6,15.0
016133,6.9,7.5,7.5,7.3,8.0,8.5,8.9,9.2,10.3,9.8,9.2,10.1,9.2,9.5,9.3,10.3,10.8,11.2,11.2,11.9,10.9,11.9,12.9,13.6,14.0
016134,4.8,5.2,5.7,5.9,5.9,6.1,7.0,7.4,8.2,7.3,8.0,7.7,8.3,7.8,7.9,8.4,9.1,8.7,9.9,9.4,9.3,10.6,11.7,11.7,12.9
016135,6.2,6.1,7.1,7.7,7.9,8.2,8.4,8.9,9.6,9.2,9.9,9.6,9.7,9.1,9.6,10.7,10.5,11.6,12.3,12.2,11.2,12.5,12.8,14.8,14.8
016136,6.0,6.0,6.8,6.7,7.3,7.4,8.1,8.3,9.3,8.5,9.6,9.2,8.7,8.6,9.1,9.9,9.8,10.5,10.7,11.0,11.1,11.3,13.7,12.7,13.2
016137,5.6,5.4,6.0,6.6,6.9,7.1,8.0,7.7,8.4,7.7,8.8,8.7,7.9,7.8,8.9,9.2,9.6,9.9,10.2,10.3,10.1,11.2,11.9,12.7,13.6
016139,6.0,7.2,7.4,7.1,7.9,8.3,8.7,9.1,9.4,9.3,10.2,10.8,9.3,9.6,10.2,9.7,10.6,10.6,11.4,12.4,12.0,12.4,13.2,14.8,15.2
016140,7.8,8.6,8.4,8.6,9.1,9.5,9.7,9.9,10.4,9.9,10.9,10.6,10.4,9.9,10.1,11.3,11.8,11.5,11.8,13.0,11.9,13.1,13.7,14.6,15.5
016141,5.1,5.4,6.4,6.2,7.1,6.9,7.4,7.2,8.3,8.0,7.7,9.4,8.2,8.8,8.8,9.0,10.2,9.5,9.7,10.8,9.9,11.0,13.6,12.5,13.9
016142,6.9,6.9,7.5,7.7,8.1,8.5,8.7,8.5,9.1,8.8,9.5,10.2,9.3,9.4,9.9,9.5,10.5,10.8,10.9,12.1,10.8,12.4,12.4,13.3,14.0
016143,4.3,4.6,5.4,5.1,5.6,6.1,6.0,6.6,7.0,6.5,6.9,6.9,7.3,6.8,7.3,8.3,7.9,8.0,8.7,8.9,7.6,9.2,10.4,10.7,11.1
016144,6.4,7.1,7.4,7.4,7.7,8.0,8.8,9.2,9.6,8.8,9.2,9.6,9.9,9.1,10.1,9.9,10.5,11.1,11.6,11.9,11.5,12.0,12.7,14.9,14.2
016145,7.2,7.5,7.6,8.2,8.4,8.9,9.6,10.6,10.6,9.8,10.4,10.5,11.0,9.9,10.7,10.9,12.2,12.7,12.5,12.8,12.0,14.4,14.0,16.0,15.6
016146,4.6,5.3,5.1,5.3,5.6,5.8,6.1,6.1,7.3,7.0,6.7,7.4,7.0,7.1,7.6,8.0,8.2,8.5,9.0,8.8,8.6,9.2,10.4,10.9,11.3
016147,7.7,7.8,8.7,9.2,9.2,9.6,10.5,10.8,11.3,10.1,11.2,11.5,11.2,11.3,11.7,11.9,11.8,11.6,13.3,13.5,12.5,13.4,15.1,15.6,16.1
016148,5.3,5.3,5.6,6.2,7.0,7.0,7.6,7.4,8.0,8.0,8.0,7.9,8.3,8.1,8.9,8.7,8.7,9.5,9.6,10.3,10.6,11.0,12.1,12.5,12.9
016149,7.5,7.6,8.2,8.3,8.7,9.4,10.3,10.8,10.2,10.5,10.7,10.8,11.0,10.0,11.1,11.4,11.8,12.4,12.9,13.7,12.0,13.4,15.4,15.5,16.6
016150,6.0,5.7,6.5,7.0,6.8,7.4,7.5,7.9,8.4,7.6,8.6,8.5,8.2,8.2,9.0,9.1,9.1,9.5,9.8,11.0,10.1,10.3,11.3,12.2,12.9
016151,8.5,8.2,8.8,9.3,9.8,9.8,10.7,10.9,11.6,10.7,10.6,11.5,11.3,11.7,11.7,12.5,12.5,13.2,14.0,13.4,13.2,13.8,15.2,15.6,16.5
016152,5.5,6.0,6.6,6.2,6.2,7.4,7.1,8.3,8.5,8.8,8.1,9.5,9.4,8.3,8.5,8.7,9.0,9.9,10.8,11.0,9.8,11.4,11.9,12.8,12.9
016153,6.4,6.6,6.6,7.1,7.7,7.7,8.0,8.1,9.0,8.4,8.6,9.3,8.8,9.1,9.1,10.0,10.0,9.9,11.7,10.6,10.7,12.4,12.5,13.5,13.6
016154,7.5,8.1,8.3,8.8,8.4,9.5,9.6,10.1,10.9,10.1,10.2,11.2,10.8,10.0,11.0,11.2,11.3,12.3,12.6,13.0,12.1,13.2,13.8,15.0,15.7
016155,6.8,7.5,8.0,7.6,8.9,9.0,9.4,10.2,9.8,9.7,10.3,10.1,10.2,9.9,9.9,11.5,11.3,11.6,12.4,12.7,11.7,12.8,13.6,14.9,15.1
016156,7.2,7.6,7.9,8.0,8.3,9.2,9.1,10.2,10.4,10.1,10.8,11.0,10.7,10.5,11.1,10.9,11.2,12.1,12.5,13.3,12.1,13.1,14.3,15.4,15.3
016157,6.1,6.8,6.7,7.4,7.8,8.1,7.9,8.4,8.5,8.4,9.0,9.1,9.3,8.9,9.4,9.8,9.5,9.8,10.7,11.1,10.1,11.3,12.2,13.0,13.1
016158,7.7,8.2,8.3,9.0,9.1,10.4,10.4,11.1,11.1,10.5,11.8,12.1,11.4,11.3,12.5,11.8,12.5,13.5,14.2,14.2,13.1,14.2,15.4,16.9,17.2
016159,7.5,7.7,8.1,8.1,8.2,8.8,9.4,10.2,10.4,9.6,9.8,10.3,10.2,10.0,9.8,10.0,11.0,11.6,11.5,12.1,10.8,12.7,13.2,15.0,14.9
016160,5.1,5.6,6.2,6.1,6.9,7.3,6.9,8.0,7.6,7.7,7.8,8.3,8.3,7.5,8.3,8.8,9.1,9.4,10.2,10.5,9.6,10.9,11.7,12.0,12.8
016161,5.8,6.4,6.7,6.7,6.9,7.6,7.7,7.9,8.2,8.2,8.5,9.1,8.6,9.2,8.6,9.3,9.8,9.6,10.7,10.8,10.5,10.8,11.7,12.6,12.6
016162,7.6,7.7,7.5,9.0,9.8,9.6,10.3,10.3,10.1,10.7,11.1,11.2,11.0,10.8,11.2,11.5,12.2,12.5,13.0,13.5,12.3,13.6,14.5,15.6,17.4
016163,7.2,7.1,7.6,8.3,8.8,8.6,8.8,9.1,9.8,9.4,9.3,9.8,9.0,9.1,9.2,9.4,10.4,10.0,11.1,11.0,10.5,11.3,11.9,13.6,13.3
016164,8.1,9.2,9.3,10.1,9.2,10.4,10.6,11.2,11.4,11.0,10.8,11.7,11.9,10.9,11.3,11.6,13.1,13.4,13.6,13.5,13.5,14.5,15.2,16.1,16.5
016165,5.7,5.8,6.8,6.6,7.4,8.0,8.3,9.1,8.9,9.0,9.3,9.3,9.4,9.0,9.5,10.3,10.3,11.1,11.3,12.0,10.9,12.3,12.9,14.5,13.8
016166,6.9,7.5,7.7,7.8,8.1,8.4,8.4,9.0,9.9,9.3,10.0,9.9,9.7,9.9,9.9,10.5,10.6,11.3,10.7,11.9,11.2,11.8,12.8,13.4,14.2
016167,7.9,8.7,9.3,9.8,9.9,10.0,11.0,11.9,11.5,11.1,11.4,12.1,11.8,12.2,12.1,12.4,13.3,13.6,14.0,14.0,12.8,14.1,15.5,16.7,16.4
016168,6.6,6.7,7.2,7.4,7.7,8.4,8.6,9.1,8.8,8.9,9.2,9.3,9.5,8.9,9.4,9.8,10.4,10.7,10.4,11.3,10.4,11.3,11.9,12.8,13.4
016169,4.2,4.4,4.6,5.4,5.3,5.9,6.1,6.2,6.9,6.7,7.1,7.3,6.5,6.8,6.9,7.5,7.9,7.8,8.1,8.8,8.7,9.6,10.3,11.4,11.6
016170,8.6,8.5,8.8,9.4,9.1,9.7,10.4,11.1,11.2,10.5,11.1,11.6,11.7,10.9,11.7,12.4,12.2,12.4,12.6,13.7,13.0,13.9,14.6,15.1,15.7
016171,4.5,5.1,5.2,4.9,5.8,6.3,6.4,6.9,7.4,6.0,7.3,7.7,7.3,7.2,7.4,7.7,8.4,8.9,9.4,9.6,9.0,10.4,10.7,11.8,12.0
016172,6.9,7.6,7.9,8.4,8.6,8.5,9.7,9.3,9.9,10.0,10.8,10.7,10.6,10.0,10.4,11.5,11.6,12.1,12.6,12.7,12.2,13.8,14.0,14.9,14.8
016173,7.6,8.2,8.2,8.6,9.5,9.0,10.4,10.0,10.7,9.7,10.8,11.3,11.4,10.2,11.8,11.0,11.5,12.2,12.3,13.2,11.8,13.0,14.4,15.4,15.9
016174,7.5,7.5,8.2,8.5,8.7,9.2,8.8,9.4,10.3,9.5,10.4,10.6,9.8,9.6,10.1,10.5,10.6,11.8,11.7,12.2,11.0,12.4,13.6,14.8,14.8
016175,6.5,7.3,7.7,8.1,8.6,9.0,9.6,9.9,11.2,9.3,9.8,10.9,10.0,9.6,10.5,11.5,11.8,11.4,12.3,13.0,12.4,13.0,14.4,15.1,14.8
016176,5.5,6.0,6.1,6.3,6.7,7.1,7.3,8.1,8.2,7.3,7.8,8.0,8.1,7.6,8.3,8.6,9.5,9.4,9.6,10.2,9.9,10.2,11.1,11.4,11.6
016177,6.0,6.3,6.2,6.5,6.5,7.7,7.6,7.8,8.6,8.2,8.7,8.7,8.5,8.2,8.9,9.0,9.7,9.7,10.0,10.2,10.2,10.4,12.3,12.4,13.3
016178,4.2,4.1,4.7,4.9,5.4,5.3,5.9,6.2,5.5,6.0,6.4,6.4,6.3,6.3,6.4,6.7,7.1,7.0,7.9,8.3,7.6,8.1,9.2,9.5,10.2
016179,5.7,6.6,6.4,6.5,7.1,7.3,8.4,8.7,9.1,8.8,9.2,9.5,8.6,8.4,9.6,9.3,9.7,10.7,10.7,11.5,11.0,11.5,12.9,14.0,14.6
016180,6.0,6.4,7.0,7.3,7.5,8.3,8.1,8.6,9.1,8.6,8.9,9.0,8.9,8.6,9.7,9.2,10.0,10.4,10.6,11.0,10.3,10.8,11.4,12.5,13.3
016182,3.8,4.0,4.4,4.6,5.0,5.5,5.5,5.7,6.0,4.9,6.4,6.4,6.3,5.4,6.0,6.4,6.6,6.7,7.9,7.7,6.5,7.7,8.7,9.2,10.0
016183,7.3,7.9,7.9,9.0,9.5,9.9,9.9,9.9,10.5,10.3,9.8,10.9,10.3,10.2,10.8,11.1,12.2,12.7,12.3,13.0,11.6,13.3,14.2,15.9,15.7
016184,10.0,10.1,9.5,10.7,11.2,11.3,12.2,12.6,12.2,12.6,12.8,13.1,13.3,12.7,13.6,13.8,14.3,14.8,15.1,15.9,14.7,16.0,17.6,18.2,18.8
016185,6.7,6.9,7.6,7.3,7.7,8.4,9.0,8.7,9.8,9.2,9.3,9.7,8.8,9.9,9.3,9.8,11.0,11.2,11.3,11.9,11.2,11.5,12.5,14.0,13.5
016186,4.2,4.7,5.6,5.7,6.0,6.5,7.0,6.7,7.8,6.7,7.3,7.9,8.0,7.3,8.2,8.2,8.9,8.9,9.0,9.5,9.4,10.1,11.0,11.6,12.3
016187,6.5,5.9,7.0,6.9,7.7,7.5,8.1,9.1,8.8,8.3,9.3,9.9,9.5,8.8,9.3,9.5,10.3,10.5,11.0,11.6,11.1,12.3,12.4,14.3,14.2
016188,6.2,6.4,7.0,7.1,7.9,7.8,7.9,9.1,8.6,9.0,8.8,9.4,9.9,9.4,9.6,10.6,10.1,10.9,11.2,11.9,11.3,11.7,13.0,13.7,13.7
016189,6.1,6.3,6.3,6.5,6.9,7.2,7.5,7.6,8.3,8.1,8.2,9.0,8.4,8.2,8.5,8.6,9.2,10.2,10.0,10.6,10.3,10.9,12.2,12.4,13.6
016190,7.1,7.6,7.9,8.3,8.5,9.0,9.8,10.4,10.6,9.7,11.0,10.8,10.7,10.5,10.9,11.1,12.5,12.7,13.3,13.0,12.5,13.4,15.0,15.5,16.6
016191,9.3,9.8,9.8,10.9,10.7,11.0,11.3,12.1,13.2,12.0,13.2,12.9,12.7,12.5,13.3,13.3,14.0,13.9,15.0,16.0,14.9,15.4,17.2,17.8,18.0
016193,6.2,6.7,6.6,7.5,7.3,8.1,8.1,9.0,9.3,8.2,9.2,9.5,9.0,9.5,9.1,9.8,10.4,10.5,11.2,12.4,10.8,11.5,12.5,13.5,14.0
016194,6.3,6.5,7.3,7.4,7.9,7.5,8.2,8.1,8.8,9.5,9.1,9.8,9.5,9.1,9.9,10.3,10.8,11.0,10.9,11.8,11.3,12.5,12.8,13.5,14.4
016195,7.8,7.5,7.9,8.4,8.5,8.8,9.3,10.4,10.2,10.2,10.9,11.1,10.6,10.3,10.8,11.9,12.1,12.3,13.2,13.0,11.8,13.8,14.0,14.6,14.7
016196,6.2,6.3,6.9,7.0,7.7,7.7,8.6,8.3,8.7,8.6,9.0,10.0,9.2,9.5,9.6,9.9,9.9,10.3,10.7,11.6,11.4,11.8,13.4,13.8,14.4
016197,7.1,7.3,7.1,8.3,8.3,9.5,9.1,10.1,9.8,10.6,10.4,11.1,10.5,10.7,11.1,11.2,11.9,12.2,12.4,12.9,11.2,13.2,13.9,14.2,16.0
016198,5.2,5.6,6.0,6.3,6.4,6.7,7.1,7.5,8.3,7.6,7.7,8.5,8.7,7.2,8.5,8.8,9.7,10.0,10.4,10.9,9.9,11.0,12.1,13.3,14.2
016199,5.3,5.5,5.9,6.2,6.5,7.1,6.6,7.9,8.4,7.5,8.0,9.0,8.3,7.9,8.3,9.0,8.9,9.7,10.8,10.3,9.6,10.1,11.7,12.2,12.9
016200,5.0,5.5,5.8,5.8,6.4,7.2,7.0,7.4,7.1,7.2,7.8,7.8,7.9,7.6,8.4,8.5,8.3,9.3,9.4,9.5,9.2,9.7,10.3,11.2,11.6
016201,10.4,11.1,11.5,11.0,12.1,12.5,12.8,13.2,15.3,14.1,14.6,14.0,14.1,13.4,14.1,14.5,14.8,16.3,16.9,17.0,15.5,16.6,18.3,19.3,21.1
016202,8.6,9.4,9.9,9.8,10.6,11.3,11.3,11.9,12.3,11.8,12.1,13.3,12.5,12.6,13.2,13.7,13.2,13.9,14.8,15.6,14.4,14.9,17.3,17.8,18.4
016203,4.4,5.1,5.0,5.4,5.7,6.0,6.1,6.8,7.2,6.3,7.4,7.5,7.4,7.3,7.6,8.0,8.6,8.7,9.1,9.3,8.3,9.7,10.1,11.5,11.8
016204,8.3,8.8,9.0,9.5,10.5,10.6,10.9,11.7,11.4,11.2,10.9,12.3,11.9,11.9,12.2,12.8,12.5,13.2,14.1,14.4,12.9,14.5,15.7,16.2,17.6
016205,5.4,6.4,6.2,7.1,7.7,7.8,8.4,8.8,8.9,8.5,9.4,9.4,9.2,9.3,9.4,9.6,10.4,11.2,11.0,11.9,11.4,11.7,13.0,13.6,14.9
016206,5.6,5.4,6.3,6.2,7.1,6.9,7.1,7.5,8.2,8.0,8.2,8.5,8.3,7.9,8.4,8.3,9.1,9.3,9.8,9.8,8.9,9.9,11.2,12.0,12.2
016207,7.2,7.6,7.7,7.6,8.5,9.4,9.5,9.4,10.7,10.0,10.4,10.6,9.8,9.7,10.3,11.0,10.6,11.4,12.5,12.3,12.2,13.5,13.9,15.5,16.8
016208,5.1,5.7,5.9,6.8,6.5,7.5,7.7,8.8,9.1,8.1,8.5,9.2,9.1,7.7,8.8,9.1,10.0,10.0,11.0,11.9,10.1,11.8,12.5,14.1,14.0
016209,6.9,7.0,7.2,7.3,8.3,8.0,8.6,8.6,9.4,8.9,9.9,9.8,9.5,9.2,9.8,10.3,10.7,10.5,11.3,11.7,10.4,11.9,12.6,13.7,13.9
016210,7.2,7.5,8.1,8.4,8.8,9.1,9.8,10.3,10.2,9.7,9.8,10.6,10.6,10.4,10.9,11.2,11.4,12.1,12.0,12.4,11.2,12.3,13.9,14.1,15.6
016211,8.5,8.3,9.3,9.8,10.5,10.6,11.4,11.7,12.3,11.3,11.7,12.2,12.1,11.2,12.9,12.7,13.3,14.1,14.5,14.6,14.3,15.6,15.8,16.9,18.1
016212,5.8,6.4,6.1,6.8,7.2,7.4,8.1,8.3,8.7,7.8,8.6,8.7,9.4,8.5,8.7,9.2,9.7,9.7,10.6,10.6,9.9,10.4,11.2,12.7,14.2
016213,6.8,6.9,7.1,7.0,8.0,8.2,9.0,9.1,9.5,9.0,9.7,10.3,10.2,9.4,9.9,11.0,10.9,11.6,11.3,11.2,11.8,12.6,13.6,14.4,15.3
016214,6.9,7.3,7.9,8.7,8.1,9.4,10.0,9.5,9.9,9.9,10.2,10.2,9.9,10.2,10.3,11.2,11.1,11.6,11.9,12.9,11.5,13.4,14.2,14.3,16.0
016215,8.9,10.2,9.9,10.5,10.6,11.6,12.9,13.3,13.3,13.5,13.9,13.8,12.3,13.0,14.3,13.6,14.7,15.8,15.1,16.7,16.2,16.3,19.1,19.4,20.1
016216,6.4,6.7,7.0,7.3,7.8,7.9,8.9,8.5,9.2,8.9,9.0,9.9,9.2,9.4,9.1,10.3,10.3,9.6,10.8,11.9,11.3,11.0,12.7,13.4,14.6
016217,7.9,8.9,9.5,9.7,9.5,10.6,11.4,11.4,12.1,10.8,11.6,12.4,12.6,11.3,11.8,11.8,13.4,13.2,14.0,14.1,13.1,14.3,16.4,17.3,18.1
016218,6.3,6.9,7.0,7.0,7.7,7.8,8.1,8.4,9.5,8.1,9.1,9.1,9.0,8.6,9.2,9.3,10.0,10.3,11.0,11.1,10.8,11.5,12.6,12.7,13.7
016219,8.0,8.5,9.1,8.8,9.8,10.2,10.5,10.8,11.9,11.0,10.8,11.0,11.6,11.4,11.1,12.5,12.7,13.5,13.8,14.6,12.5,13.9,16.4,16.0,16.9
016220,4.7,4.8,5.4,5.8,5.5,6.1,6.2,6.6,6.8,7.2,7.6,8.0,7.5,6.9,7.5,8.0,8.8,9.0,9.3,9.4,9.5,10.1,11.2,11.6,12.3
016221,5.6,5.3,5.4,6.4,6.0,6.8,7.3,7.4,8.2,8.1,8.2,8.7,8.3,8.2,8.2,9.7,9.7,9.3,10.1,10.5,10.0,10.8,11.2,12.6,13.3
016222,6.0,6.3,6.7,7.0,7.1,7.5,7.9,8.6,8.8,8.8,9.1,9.2,8.7,8.1,8.8,8.5,10.2,10.1,10.8,11.2,10.4,11.1,12.1,13.1,13.2
016223,6.3,6.7,7.1,6.8,7.7,7.9,8.5,9.0,9.2,8.6,9.1,9.1,9.1,8.9,9.0,9.5,10.8,10.8,10.7,11.3,10.7,11.2,13.6,13.6,13.7
016224,6.5,6.5,6.6,7.5,7.5,8.0,9.3,8.8,9.3,8.8,9.2,9.6,9.3,9.4,9.9,10.5,10.2,11.0,11.0,12.3,11.2,12.0,13.4,14.9,15.7
016225,5.2,5.5,5.7,6.4,6.3,7.4,7.1,7.5,7.9,7.8,7.6,8.1,8.1,7.6,9.0,8.8,8.7,9.1,9.7,10.0,9.3,10.1,10.8,11.5,12.6
016226,4.1,4.0,4.7,5.2,5.3,5.8,6.1,7.0,7.3,6.7,6.8,7.3,7.0,6.7,7.5,7.7,8.3,8.4,8.7,10.1,8.6,9.2,10.7,10.6,11.7
016227,5.1,5.5,5.4,6.0,6.0,6.6,6.3,7.4,7.6,7.4,7.5,7.8,7.5,7.2,8.4,7.9,8.6,8.7,9.0,9.7,9.2,9.7,10.5,11.2,12.5
016229,7.0,7.2,7.6,8.3,8.5,9.3,9.4,10.2,10.2,9.2,10.1,10.2,10.2,10.3,11.2,11.0,11.1,11.7,12.8,13.1,11.3,12.6,13.8,15.2,15.3
016230,7.9,8.6,9.0,9.2,9.1,10.7,11.2,10.6,12.1,10.8,11.8,12.0,11.8,12.0,11.8,13.1,12.9,13.4,13.6,14.6,13.3,14.4,15.4,16.4,16.7
016232,8.9,9.5,10.0,11.2,11.0,11.9,11.9,12.1,13.2,13.1,13.1,13.5,13.4,13.3,13.1,14.1,14.3,14.7,15.4,16.6,15.0,15.9,17.1,18.3,18.3
016233,5.8,5.9,5.7,6.9,7.1,7.3,8.4,8.7,8.8,8.0,8.8,9.6,8.6,9.2,9.4,8.9,9.8,11.0,10.8,11.0,10.4,12.0,12.1,13.8,14.4
016234,7.5,7.2,8.2,8.3,8.5,9.0,9.6,9.7,10.4,9.4,10.4,11.0,10.3,10.9,10.8,11.2,11.6,11.8,13.4,13.5,12.4,13.5,14.7,16.2,15.4
016235,9.2,8.9,8.9,10.2,10.6,10.1,11.4,11.7,11.8,11.0,12.2,12.3,11.2,11.5,12.0,12.7,12.7,13.4,13.3,13.9,13.5,14.1,15.7,16.5,16.8
016236,8.2,8.7,9.0,9.5,10.8,10.5,11.8,11.9,12.5,11.5,12.0,12.1,11.9,12.1,12.1,13.2,13.7,14.0,14.5,15.8,14.2,15.3,16.9,17.6,17.7
016237,3.7,4.0,4.2,4.6,5.2,5.6,6.3,6.6,6.0,5.9,6.4,7.1,6.8,6.3,6.7,7.2,7.2,8.1,8.8,8.0,8.1,9.3,9.6,10.6,10.4
016238,5.0,6.6,6.3,6.8,6.6,6.8,7.0,8.0,7.9,7.8,8.3,8.4,8.6,8.2,8.8,8.9,9.7,10.3,10.0,10.4,10.0,11.0,12.0,13.7,13.6
016239,5.5,5.5,6.0,6.3,6.5,6.9,7.5,7.9,8.0,7.8,7.8,8.4,7.8,6.9,8.1,8.5,8.8,9.4,9.5,10.3,9.5,10.6,11.6,12.1,12.4
016240,4.7,4.9,5.4,5.3,5.9,6.3,6.6,6.8,7.2,7.3,7.2,7.9,7.5,7.3,7.6,7.6,8.4,9.4,9.4,9.8,9.3,10.2,10.6,12.1,12.1
016241,6.4,7.4,7.9,7.9,8.6,8.6,9.2,9.1,9.8,9.3,9.1,10.0,9.7,9.4,10.2,10.5,11.6,10.8,12.6,11.9,11.3,12.7,13.8,14.3,15.3
016242,6.3,7.0,7.0,7.7,8.4,8.6,8.4,9.0,10.1,8.9,9.3,9.1,10.0,9.1,10.0,9.9,10.9,10.7,10.8,11.1,10.7,12.3,13.2,14.1,14.5
016243,5.6,5.8,6.2,6.6,7.1,7.6,7.8,8.6,8.8,8.4,8.7,9.0,9.1,8.9,9.1,9.2,10.1,10.8,11.0,11.9,10.7,12.4,13.0,14.6,14.3
016244,4.5,4.8,4.9,4.9,5.5,5.3,6.1,5.8,6.6,6.2,6.3,6.6,6.6,6.4,6.6,7.1,7.0,7.7,8.3,8.4,8.0,8.4,9.3,10.4,10.3
016245,5.1,5.1,6.0,6.2,6.2,6.8,6.7,7.3,7.5,8.1,8.0,7.8,8.2,8.0,8.2,9.2,9.6,9.7,9.0,10.5,9.1,11.0,11.7,12.4,13.0
016246,7.3,7.0,8.2,8.2,8.5,8.5,9.3,9.8,9.7,9.3,9.5,10.5,9.9,10.8,10.6,11.2,10.7,11.6,12.1,12.5,12.0,12.5,13.7,14.7,15.4
016247,7.9,8.3,8.7,8.7,10.0,10.1,10.6,10.8,11.2,10.9,11.9,11.5,11.5,11.3,11.8,11.7,12.1,13.3,14.1,14.1,12.4,14.0,14.9,15.2,16.5
016248,5.9,6.5,6.8,7.3,7.2,7.6,8.2,8.7,8.5,8.4,9.4,9.0,8.8,8.5,9.1,9.8,9.6,10.8,11.3,11.7,10.7,12.0,12.4,13.4,13.8
016249,6.5,6.1,6.5,7.3,7.2,7.3,8.5,8.8,9.0,8.7,8.7,8.8,9.2,9.1,8.9,9.2,9.9,10.2,11.0,11.2,10.7,11.8,12.3,13.9,13.8
016250,6.2,6.3,6.5,7.7,7.4,7.9,8.7,8.8,9.2,9.6,8.9,9.3,9.2,10.0,9.7,9.8,10.9,11.5,12.0,11.8,11.5,11.7,13.6,14.2,14.8
016251,6.5,7.0,7.0,7.9,8.5,8.7,8.9,8.9,10.0,9.2,9.7,9.9,9.5,9.4,10.1,10.4,11.7,11.6,11.9,12.2,11.4,11.7,13.3,14.6,14.3
016252,5.9,6.1,6.6,6.9,7.2,7.6,7.6,8.5,8.9,8.5,8.6,8.9,8.7,8.6,8.4,9.2,9.9,10.1,9.9,10.9,9.6,11.1,11.5,13.0,12.9
016253,4.8,5.8,6.2,6.3,6.4,7.7,7.2,7.5,8.1,7.3,9.0,9.1,8.5,8.8,8.9,9.4,8.8,9.7,10.4,11.1,10.0,11.6,12.2,13.4,14.8
017001,8.4,8.8,10.3,10.2,9.8,10.9,11.0,12.7,12.2,12.1,12.5,13.5,12.2,11.9,12.8,13.4,14.4,14.3,15.1,15.3,14.1,15.3,16.9,18.2,19.4
017002,7.7,7.2,8.0,8.1,8.9,9.1,9.0,9.7,9.9,10.0,10.2,11.1,10.3,9.8,11.0,10.6,11.2,11.6,12.0,13.3,11.0,13.0,14.3,15.7,15.6
017003,8.8,9.1,9.3,10.4,10.2,10.1,11.2,11.7,12.1,10.6,11.6,12.2,12.4,11.6,12.4,13.3,12.9,12.8,13.3,15.4,14.0,14.7,15.5,16.8,17.0
017004,8.1,8.9,8.4,9.0,10.5,10.4,11.7,11.0,11.9,11.4,11.6,12.9,11.5,11.8,12.1,13.2,13.5,13.9,14.4,14.7,13.9,16.1,16.1,17.5,17.8
017005,5.5,5.6,5.8,6.2,6.1,6.8,6.3,7.6,7.9,7.3,8.2,8.0,7.7,7.3,8.2,8.5,8.5,8.6,9.5,9.7,8.9,10.7,11.3,11.8,13.2
017006,2.9,3.5,3.2,3.4,3.6,4.2,4.7,4.4,5.1,5.0,4.8,5.0,5.2,5.0,5.2,5.3,6.2,6.4,6.4,6.8,6.6,7.1,7.9,8.4,8.7
017007,8.2,9.1,8.8,9.8,10.1,10.6,10.9,11.5,12.5,11.2,10.6,12.5,12.2,10.9,12.0,12.3,13.7,13.0,13.9,14.3,13.1,15.0,16.5,17.0,19.2
017008,4.6,5.5,6.1,5.8,6.3,6.5,6.8,7.2,7.3,7.7,7.9,7.7,7.5,7.7,8.1,7.6,8.2,9.4,9.6,9.9,9.0,9.4,11.0,11.4,12.5
017009,7.3,7.3,7.9,8.0,8.8,8.6,8.9,10.2,10.6,9.1,10.4,10.5,9.5,9.8,10.0,11.3,12.0,11.8,12.2,12.6,12.2,12.6,13.8,14.7,15.4
017010,5.1,5.8,5.8,6.4,6.3,7.4,7.7,7.9,8.0,7.8,7.5,8.7,8.0,8.0,8.1,9.1,8.9,8.8,9.9,9.8,9.7,10.4,11.2,11.9,12.3
017011,7.7,7.9,8.5,8.7,9.7,9.9,10.2,10.6,10.7,10.3,10.2,10.9,10.6,11.2,10.7,12.3,11.8,12.8,12.7,13.2,13.2,13.5,14.9,16.0,16.1
017012,7.5,8.2,7.6,8.2,8.5,9.1,9.4,9.8,10.2,9.4,10.0,11.0,10.1,10.4,10.7,11.1,11.8,11.7,12.8,12.5,12.3,12.9,13.6,15.5,15.4
017013,8.4,8.5,9.1,9.1,9.8,10.5,10.7,10.7,11.6,10.8,11.5,12.2,11.7,11.5,11.8,12.7,13.5,13.3,13.2,14.0,13.2,14.7,15.0,15.9,18.0
017014,4.4,4.5,5.0,4.6,5.0,5.2,6.3,6.5,6.1,6.6,6.9,7.0,6.6,6.6,7.0,7.2,8.3,8.0,8.6,8.3,8.9,9.5,10.3,11.1,11.9
017015,6.6,6.7,7.2,7.4,7.5,8.3,8.6,9.8,9.5,9.1,10.2,10.4,9.8,9.4,10.7,10.5,11.2,11.7,12.3,12.4,11.2,13.2,13.4,16.0,16.2
017016,7.3,7.3,8.1,8.4,8.1,8.9,8.6,8.9,9.9,8.6,9.6,10.7,9.3,8.8,10.3,10.4,11.3,11.2,11.2,12.1,11.5,12.0,15.2,14.7,13.9
017017,5.6,6.4,6.4,6.8,6.7,7.1,7.4,7.6,8.3,7.4,8.3,8.8,8.4,8.0,8.7,9.1,9.3,9.5,10.6,10.9,9.9,10.8,11.7,12.7,13.5
017018,7.3,7.0,7.5,8.3,8.2,9.1,9.0,10.1,10.3,9.3,10.8,11.1,10.0,9.0,10.8,10.5,11.2,12.2,12.6,13.6,11.7,13.2,14.3,15.1,16.3
017019,6.6,6.8,7.3,7.0,7.4,8.0,8.8,8.8,9.3,9.2,9.2,10.0,9.5,8.8,9.4,9.9,9.5,10.8,10.6,11.3,11.0,11.9,12.9,13.8,13.7
017020,5.2,5.3,6.4,6.4,6.6,7.0,7.9,8.1,7.7,8.0,8.4,8.5,8.7,8.4,8.7,9.2,9.7,9.7,10.7,10.3,10.4,11.4,11.5,12.7,13.6
017021,6.7,7.0,8.2,7.8,8.7,8.7,9.5,9.2,9.9,9.2,10.1,10.0,10.1,9.9,10.3,10.4,11.1,11.3,11.5,12.5,11.4,12.0,13.8,14.4,15.4
017022,6.2,7.2,7.6,7.4,7.7,8.5,8.4,9.0,10.2,9.3,9.8,9.6,9.6,10.1,10.3,10.5,11.2,11.8,12.1,12.5,11.9,12.6,13.6,14.7,16.0
017023,6.2,6.7,7.0,7.3,8.2,8.6,8.6,8.5,9.6,8.1,9.6,9.9,9.5,8.9,9.7,9.7,10.1,11.7,11.6,12.8,10.9,12.7,12.7,13.4,14.7
017024,4.1,3.9,4.4,4.5,4.7,4.9,5.7,5.3,6.2,5.5,6.0,6.1,6.2,5.7,6.4,6.5,6.5,6.7,7.3,8.3,7.1,7.4,9.0,9.6,9.7
017025,9.8,9.8,10.7,10.4,11.2,11.6,11.8,12.7,13.4,12.8,12.5,13.2,13.4,12.8,13.9,14.4,14.3,15.3,15.6,16.6,14.8,16.2,17.8,18.7,20.0
017026,5.5,6.1,6.6,6.9,7.3,7.3,8.5,8.6,8.5,8.2,9.3,9.5,9.1,9.1,9.5,9.6,10.4,10.4,11.3,11.1,10.7,11.1,12.7,13.2,13.8
017027,6.0,6.1,6.8,7.0,7.4,8.2,7.8,8.6,8.8,7.9,8.6,9.0,8.2,8.5,8.8,9.5,9.9,10.8,10.5,11.2,10.3,11.0,12.4,13.5,13.5
017028,5.1,5.0,5.9,6.4,6.5,6.9,6.7,7.6,7.4,7.7,7.9,8.1,8.2,6.9,8.0,8.7,9.2,8.5,9.4,10.1,9.0,10.1,11.1,11.6,12.1
017029,5.5,6.0,6.6,6.1,7.0,7.3,7.5,7.9,8.0,7.9,7.9,8.8,8.3,8.8,8.9,9.2,9.5,10.1,10.2,10.3,9.5,11.3,12.4,12.8,13.0
017030,8.8,8.9,10.0,9.5,10.9,10.6,11.5,11.9,11.4,12.0,12.2,12.7,12.3,12.0,12.4,12.8,13.5,13.6,14.7,14.7,14.0,14.9,16.8,17.7,17.1
017031,5.3,5.6,5.4,5.8,7.0,6.1,7.0,7.7,8.1,7.5,7.9,8.0,8.0,7.8,7.8,8.6,9.0,9.2,10.1,10.1,9.0,10.6,11.1,12.9,13.7
017032,6.9,8.0,8.7,8.7,9.4,9.3,10.0,10.1,10.9,9.8,10.4,10.7,10.2,10.8,10.6,10.8,11.7,13.2,12.9,13.3,13.0,14.0,14.8,15.7,16.4
017033,6.4,6.8,7.5,7.7,8.0,8.0,8.6,8.8,8.8,8.7,8.7,9.1,8.8,8.9,8.8,9.4,9.8,10.0,10.4,11.1,10.3,10.8,12.6,12.7,12.8
017034,7.9,7.6,9.1,9.3,9.1,9.8,10.6,10.1,11.0,11.1,10.7,11.7,11.7,11.5,11.2,12.8,12.8,13.1,14.0,14.0,13.7,14.8,15.6,17.5,17.7
017035,5.6,6.0,6.2,6.2,7.4,7.3,7.3,8.4,8.6,8.4,8.6,9.3,8.8,8.0,8.8,9.5,9.7,10.1,10.6,10.8,10.3,10.9,12.0,13.2,13.9
017036,6.6,6.6,7.0,7.2,7.2,7.5,8.0,7.6,9.1,8.2,8.7,9.4,8.8,8.7,8.7,9.1,9.9,10.0,9.8,10.6,9.9,10.8,11.3,12.7,13.8
017037,6.0,5.8,5.9,6.3,7.2,7.2,7.8,7.9,8.6,8.1,8.6,8.7,8.4,8.2,8.5,9.0,9.6,10.2,10.3,11.3,9.6,11.0,11.8,12.6,13.8
017038,4.1,3.9,4.4,4.7,4.7,5.1,5.6,6.0,6.1,6.2,6.1,6.8,6.8,6.3,6.9,7.5,7.4,8.2,8.4,8.6,8.1,8.9,10.0,10.4,11.0
017039,6.3,7.3,7.7,8.0,8.7,9.0,9.0,9.7,9.6,9.5,9.7,10.0,9.9,10.0,9.9,10.7,11.2,11.9,11.8,12.7,11.0,12.5,13.4,14.4,15.3
017040,4.5,4.4,5.1,5.3,5.6,5.8,6.0,6.5,7.2,6.9,7.0,7.3,7.2,7.2,7.1,7.5,8.3,7.9,9.0,8.8,8.8,9.1,10.5,11.6,11.2
017041,3.6,4.1,4.4,4.3,5.0,5.5,5.4,5.9,5.9,5.6,6.2,6.4,6.5,6.2,6.2,6.6,6.6,7.9,8.1,8.4,7.5,8.5,9.3,10.2,10.7
017042,5.9,5.5,5.7,6.8,7.0,7.1,7.2,7.6,8.1,7.4,8.0,8.1,7.9,7.8,8.0,8.5,8.1,8.8,9.3,9.6,8.9,10.0,10.7,11.6,11.7
017043,7.3,7.7,7.7,8.6,8.4,8.9,9.0,10.2,10.2,9.5,10.0,11.4,10.3,10.5,10.7,10.1,11.6,11.8,12.0,12.2,12.1,12.9,13.7,15.1,15.3
017044,7.3,7.4,8.2,8.1,8.7,9.1,9.8,9.1,10.3,9.9,10.4,10.3,10.5,9.8,9.5,11.1,11.4,12.0,12.2,12.5,11.3,13.4,14.0,14.6,15.5
017045,5.8,6.2,6.6,7.2,7.6,8.4,8.4,9.0,9.9,9.1,9.4,10.0,9.5,9.8,9.9,10.0,10.4,11.2,11.5,11.8,11.4,12.1,12.6,14.1,14.2
017046,8.9,10.0,10.4,10.8,11.6,11.5,12.0,13.0,13.5,11.9,12.2,12.9,13.2,12.8,13.2,13.8,13.9,14.8,15.1,15.3,14.8,16.0,16.6,17.7,19.2
017047,6.4,6.0,7.2,7.0,8.0,8.7,8.2,9.2,9.9,7.9,9.4,9.7,9.3,9.3,10.4,10.7,11.1,11.0,12.6,12.3,10.8,12.6,13.8,14.8,16.4
017048,7.6,7.9,8.7,8.7,9.0,9.9,9.8,10.1,11.2,10.3,10.6,11.3,10.8,10.9,11.7,10.7,12.3,12.4,13.7,13.4,11.5,13.9,15.2,16.2,17.3
017049,4.5,5.0,5.4,5.2,6.3,5.9,6.4,6.8,7.0,7.1,7.0,7.1,7.4,7.0,7.5,7.8,8.4,8.7,9.3,9.6,8.5,8.9,10.4,10.7,11.7
017050,4.1,4.2,4.6,4.8,5.1,5.4,5.5,5.6,6.4,6.0,6.1,6.9,6.3,6.1,6.2,7.2,7.4,7.5,7.8,8.5,8.3,8.5,10.0,10.5,10.4
017051,5.1,5.4,5.8,6.1,5.8,6.4,6.5,7.4,7.7,7.2,7.7,7.9,8.0,7.9,7.8,8.2,9.0,9.2,9.0,9.8,9.9,10.1,11.0,11.6,12.0
017052,5.0,5.2,5.8,6.0,6.7,7.1,7.2,7.6,7.7,8.3,8.1,9.1,8.1,8.6,8.9,9.7,9.4,9.4,10.0,10.6,10.2,10.9,12.4,12.9,13.3
017053,6.8,6.8,7.1,7.4,7.7,8.9,8.1,9.4,8.9,9.0,9.7,9.7,9.0,9.3,9.1,9.4,10.1,11.2,11.6,11.5,10.4,12.5,12.5,14.3,14.2
017054,6.8,7.4,7.4,7.9,8.3,8.7,9.0,8.9,10.2,9.5,9.9,10.4,9.9,10.1,9.9,10.4,10.7,11.8,11.4,11.6,11.7,12.1,13.3,14.1,14.5
017055,4.9,5.3,5.7,6.1,6.1,6.6,6.4,7.1,7.1,7.6,7.4,7.8,8.3,7.2,7.7,8.2,8.4,8.8,9.4,10.1,9.1,10.6,10.9,11.3,12.9
017056,7.0,7.6,8.0,8.4,8.7,8.9,9.4,10.4,10.5,10.0,10.4,10.2,10.0,10.4,10.8,10.9,11.2,11.9,11.3,13.3,11.8,12.7,13.1,14.6,14.5
017057,5.5,5.7,6.2,6.8,6.7,7.5,7.6,7.5,8.5,8.4,8.3,8.5,8.8,8.4,8.6,8.8,9.6,9.1,10.1,11.0,10.0,10.8,12.2,12.3,13.6
017058,9.5,10.0,11.0,11.0,11.6,12.7,12.1,13.0,13.2,13.0,13.1,12.9,12.9,12.4,13.5,14.1,14.4,15.1,16.1,16.1,14.4,15.5,16.6,18.1,19.4
017059,5.6,5.9,5.8,6.9,6.3,7.3,7.5,7.5,8.3,7.3,8.9,8.4,8.5,7.5,9.2,9.0,9.5,9.5,10.4,10.9,9.7,11.0,12.1,13.1,13.9
017060,5.7,6.1,7.0,7.0,6.8,7.2,8.3,8.3,8.5,7.9,8.5,8.9,8.4,8.3,9.1,8.8,9.7,9.9,10.5,11.3,10.0,10.7,12.7,12.8,14.1
017061,4.9,4.9,5.6,6.2,6.0,6.8,7.6,7.6,7.7,7.1,8.1,7.9,8.1,8.5,7.7,8.6,8.8,9.2,10.3,9.9,9.8,10.5,11.3,12.4,12.9
017062,6.8,6.2,6.4,7.5,7.5,7.3,8.2,8.6,8.8,8.4,9.0,9.0,9.5,8.9,9.0,9.5,9.7,10.5,11.0,10.7,10.6,11.6,12.3,12.7,12.8
017063,7.9,8.5,9.4,8.7,9.7,10.2,10.2,10.8,11.7,11.1,11.3,12.3,12.3,11.8,12.0,12.3,13.3,13.2,13.3,13.7,13.6,15.1,15.5,15.5,16.5
017064,7.2,7.0,7.8,8.3,8.5,9.0,9.4,9.2,9.9,9.6,9.0,10.4,10.0,11.1,10.4,11.3,11.7,11.9,12.0,12.0,11.5,12.8,13.9,14.8,15.6
017065,5.6,5.6,6.1,6.4,6.9,7.4,7.5,8.3,8.5,8.5,9.0,9.0,9.1,9.1,8.9,10.2,9.5,10.3,10.7,11.1,10.7,10.9,11.9,13.2,13.3
017066,8.1,8.0,9.1,9.0,9.3,10.4,10.0,10.6,11.5,11.1,11.4,11.6,11.1,11.0,11.5,12.0,12.7,13.1,13.4,13.6,12.8,14.3,15.8,15.2,17.0
017067,4.1,4.3,4.6,4.8,5.0,5.7,6.1,6.2,6.3,6.5,7.0,7.5,6.2,6.5,7.3,7.9,7.3,8.2,8.3,8.5,8.2,9.1,9.6,11.5,10.7
017068,3.6,3.8,4.2,4.1,5.2,4.9,5.3,5.1,5.9,5.3,5.5,5.7,6.1,5.6,5.3,6.5,6.5,6.9,6.9,7.3,6.7,7.0,8.7,9.0,8.7
017069,6.2,6.5,6.4,6.8,6.8,7.6,8.1,7.6,7.7,8.0,8.3,8.7,8.4,7.9,8.4,8.7,8.9,9.3,10.5,10.5,9.5,10.3,11.2,12.0,13.2
017070,9.4,9.6,10.5,10.8,11.0,10.6,11.6,12.3,12.7,12.0,12.2,13.3,12.1,12.3,12.6,13.9,13.9,14.1,15.0,15.0,13.7,15.7,16.9,17.0,18.2
017071,6.9,7.5,7.1,7.4,8.2,8.1,8.7,9.8,9.9,8.7,9.9,10.3,9.6,9.8,10.0,10.6,11.0,11.5,11.9,11.9,11.2,12.7,13.2,14.0,14.9
017072,7.5,7.4,7.7,8.5,8.6,9.0,9.4,9.9,10.6,9.3,10.3,10.7,10.0,9.4,10.7,11.4,11.4,11.8,12.2,13.2,12.2,13.7,13.4,15.5,15.4
017073,6.7,6.6,7.4,7.9,8.2,8.6,8.9,9.5,10.0,9.3,9.3,9.9,9.5,9.3,9.4,10.4,10.7,11.0,11.3,12.5,12.0,13.0,14.2,14.6,15.2
017074,8.8,9.0,9.1,10.1,10.4,11.0,11.8,11.6,11.8,11.5,12.5,12.3,11.9,12.1,12.3,12.2,12.5,14.3,14.6,14.3,14.1,14.5,15.9,16.8,17.7
017075,6.2,7.1,7.2,7.1,7.5,8.2,9.1,8.6,8.9,8.6,9.6,9.8,9.5,9.2,9.5,10.0,10.7,10.8,11.0,10.8,10.9,11.8,12.7,13.0,13.9
017076,4.4,5.0,5.3,5.6,5.5,6.5,6.8,7.1,7.5,7.7,7.7,7.8,7.4,7.7,7.9,8.0,8.6,9.1,10.1,10.4,9.5,10.3,11.4,11.9,12.6
017077,6.6,6.4,6.6,8.1,8.0,7.5,8.6,9.1,9.1,9.0,8.5,9.9,8.4,9.4,9.3,9.7,10.1,11.0,11.1,11.7,11.0,12.0,13.5,14.2,14.4
017078,4.2,4.8,4.5,5.0,4.8,5.7,6.3,6.6,7.1,6.5,7.1,7.0,6.8,6.8,7.2,7.6,8.5,8.1,8.5,9.4,8.8,9.6,10.6,11.0,11.8
017079,4.3,4.5,4.8,4.9,5.0,5.6,5.9,6.2,6.7,5.9,6.7,6.9,7.2,6.8,6.7,7.7,7.6,7.7,8.7,9.3,8.6,9.6,10.7,10.9,11.6
017080,5.1,6.0,6.2,6.2,6.8,6.7,7.1,7.7,8.5,7.6,7.9,8.6,8.7,7.7,8.6,8.7,9.0,9.4,10.3,10.1,9.3,10.2,11.0,12.0,12.6
017081,8.3,8.2,8.9,9.9,10.1,10.7,11.1,11.6,12.5,12.0,11.9,13.1,12.8,11.7,12.8,13.5,14.3,14.4,14.4,15.5,13.7,15.0,16.3,17.4,17.9
017082,4.7,4.9,5.3,5.7,6.2,6.2,6.4,6.7,7.1,7.0,7.2,7.6,7.5,7.3,7.5,7.6,7.9,9.1,8.4,9.3,8.6,9.7,10.6,10.9,11.3
017083,6.5,7.2,7.3,7.6,8.0,8.7,9.1,10.0,10.1,9.1,9.8,10.8,10.3,9.4,9.6,11.0,10.9,11.2,11.5,13.3,12.2,13.2,14.9,15.3,16.1
017084,5.5,6.3,6.3,6.7,7.2,7.4,7.7,8.5,8.6,8.3,8.5,9.5,8.7,8.1,9.6,9.9,9.6,10.2,9.9,11.0,10.6,11.7,12.8,13.8,14.2
017085,8.2,8.0,8.2,8.3,9.3,9.7,10.1,10.4,11.2,10.6,10.7,10.7,11.7,10.8,11.3,12.1,12.1,12.6,13.1,14.1,12.8,14.1,15.9,16.4,16.0
017086,7.2,7.5,8.0,7.9,9.1,9.2,9.4,9.7,10.3,10.2,10.4,11.1,10.1,10.1,10.6,10.8,11.1,11.6,12.0,12.4,11.8,12.9,14.2,14.8,14.6
017087,4.5,4.9,4.8,5.0,5.7,5.6,6.3,7.5,7.2,7.4,7.1,7.7,7.8,7.4,7.8,8.3,8.6,9.0,9.3,9.7,8.8,10.9,11.9,12.4,13.5
017088,4.6,5.6,5.8,6.6,6.6,6.9,7.3,8.0,7.8,8.4,8.2,8.4,8.3,8.3,9.2,8.7,9.4,9.8,10.5,10.3,9.7,11.4,11.6,12.5,14.3
017089,9.1,9.5,9.3,9.7,10.7,10.7,11.9,12.4,12.6,11.4,11.6,12.5,12.1,12.2,12.2,12.9,13.8,14.5,15.5,15.4,14.2,15.1,16.5,17.5,17.7
017090,6.1,6.6,7.0,7.2,7.4,8.0,8.8,8.7,9.4,8.2,9.4,9.9,9.3,9.0,9.2,10.3,9.8,10.6,11.1,11.9,11.0,11.8,13.0,13.5,15.5
017091,3.9,4.5,4.6,5.0,4.9,5.3,5.6,6.0,6.4,6.2,6.6,6.7,6.1,6.4,6.8,7.1,7.0,7.2,7.5,8.3,7.8,8.2,9.2,9.4,10.7
017092,8.0,8.6,8.5,10.1,10.4,9.8,10.6,11.1,11.1,11.4,11.0,11.8,11.7,11.7,11.2,12.1,12.2,13.3,13.0,14.0,12.8,14.5,15.2,16.2,15.9
017093,8.2,8.4,9.0,9.6,10.3,10.4,10.6,11.3,12.4,11.8,12.5,12.2,11.9,11.8,12.2,12.9,13.5,13.6,14.7,14.6,13.4,14.8,16.5,17.8,18.5
017094,7.2,7.7,8.2,8.2,8.7,9.9,10.0,9.7,10.5,10.0,10.2,10.4,10.7,10.9,10.6,11.1,11.6,12.1,12.3,13.0,12.1,13.3,14.0,14.4,15.5
017095,4.7,4.7,5.4,5.6,5.9,6.2,6.5,6.5,7.4,6.3,7.4,7.3,7.2,6.9,7.3,8.4,8.3,8.5,9.2,9.1,9.1,9.6,10.5,11.3,11.9
017096,3.2,3.6,3.8,3.6,4.6,4.5,4.6,5.0,5.7,5.1,5.4,5.9,5.5,5.6,5.7,6.2,6.9,7.0,7.7,7.6,7.1,7.6,8.8,8.9,10.8
017097,5.6,5.7,5.7,5.6,6.3,6.4,6.7,7.3,7.9,7.7,8.1,8.5,8.2,8.4,8.3,8.8,8.5,9.2,9.6,10.8,9.6,11.1,11.8,12.6,13.7
017098,4.1,4.4,4.9,5.0,5.7,5.5,6.2,6.0,7.2,5.9,6.5,7.4,7.1,6.4,7.4,7.5,7.5,8.5,8.9,8.4,8.2,9.4,10.3,11.3,11.4
017099,6.4,7.0,7.6,7.6,8.3,8.7,8.8,9.9,9.3,9.2,9.2,9.5,8.4,9.2,9.4,9.8,10.7,11.2,11.3,11.5,10.3,11.5,12.9,13.2,14.6
017100,6.0,6.8,6.8,7.3,7.9,8.0,8.1,8.7,9.0,9.1,8.8,9.8,9.2,8.8,9.6,9.5,10.1,10.3,10.5,11.5,11.3,11.4,12.3,13.2,13.5
017101,8.7,9.4,9.4,10.2,10.3,10.6,10.8,11.5,11.4,11.4,11.7,12.9,11.8,11.6,12.1,13.2,12.6,13.7,14.2,14.8,13.6,15.4,15.6,16.9,16.9
017102,6.7,7.5,7.6,8.5,8.5,8.3,8.9,10.0,9.6,9.3,9.9,10.3,9.9,10.2,10.1,11.1,11.0,12.1,12.5,12.0,11.7,11.9,14.1,14.3,15.2
017103,4.2,4.5,4.9,5.2,5.2,5.8,5.7,6.3,6.8,6.3,6.6,6.9,7.0,6.6,6.7,7.7,7.5,7.5,8.4,8.6,8.0,8.6,10.0,10.5,10.6
017104,6.7,7.2,7.2,8.2,8.1,8.8,9.3,9.9,10.1,9.8,9.8,10.1,10.8,10.3,11.2,11.4,11.1,11.9,12.7,12.4,12.3,12.7,14.1,15.2,15.8
017105,3.5,3.6,4.0,4.5,4.9,5.0,5.1,5.6,6.1,5.9,5.9,6.5,5.6,5.9,6.4,6.7,6.9,7.5,7.2,7.7,7.7,8.5,9.2,9.7,9.9
017106,5.7,5.8,6.3,6.6,6.6,7.3,8.2,7.9,8.6,7.7,8.4,9.3,9.1,8.7,9.1,9.2,10.0,10.5,10.0,10.6,10.6,10.9,12.4,12.8,14.2
017107,7.9,9.0,8.2,9.0,9.4,9.8,10.1,9.9,10.8,10.5,10.4,11.1,10.8,10.0,10.7,11.1,12.3,12.8,12.4,13.6,11.9,12.8,13.6,14.3,14.5
017108,4.2,4.9,4.6,4.8,5.4,5.6,5.5,6.2,6.4,5.7,6.2,6.7,6.9,6.6,7.3,6.7,7.6,7.9,8.3,8.6,7.9,8.7,9.2,10.3,10.5
017109,6.3,7.2,6.8,7.7,8.0,8.7,9.0,8.3,9.5,9.4,9.8,10.2,9.7,9.3,10.0,11.0,11.3,11.1,11.3,11.8,11.2,12.2,13.0,14.6,15.1
017110,8.9,9.5,10.0,10.4,11.1,11.2,11.9,12.5,12.7,11.2,12.6,13.1,12.6,12.7,12.9,14.0,12.7,13.8,14.3,14.8,13.5,15.3,15.7,16.4,16.9
017111,5.8,6.3,6.6,7.1,7.2,7.5,8.2,8.5,9.1,8.5,8.9,9.4,8.5,8.8,9.6,9.5,10.4,10.1,10.1,11.5,10.1,11.4,11.9,13.4,14.0
017112,8.1,7.9,8.4,8.5,9.0,9.6,9.7,10.1,10.7,10.2,10.6,10.9,10.5,10.5,10.6,10.9,11.7,11.9,12.8,12.4,12.5,13.4,14.5,14.9,16.0
017113,5.1,5.0,5.7,5.8,5.9,6.8,7.0,6.9,7.6,6.6,6.9,7.5,7.1,6.8,7.5,7.7,8.6,7.9,8.6,8.3,8.3,8.9,9.9,10.4,10.8
017114,8.3,8.1,9.1,9.3,10.2,11.3,10.9,11.4,11.1,11.2,11.6,11.8,12.5,11.6,12.7,13.5,13.5,14.0,14.1,15.0,13.8,15.1,16.6,18.2,17.4
017115,5.2,5.4,5.8,5.5,6.2,6.8,6.8,6.9,7.6,7.2,7.6,7.9,8.2,7.8,8.0,8.6,8.9,9.1,9.4,9.8,9.5,11.0,11.0,11.8,12.5
017116,6.7,7.0,7.2,7.8,7.8,8.2,8.5,9.5,9.4,8.6,9.6,10.2,9.5,9.0,9.1,10.2,10.0,10.8,11.5,12.2,11.4,12.4,13.8,13.8,14.6
017117,6.3,6.8,6.9,8.1,7.7,8.0,9.0,9.4,9.4,9.4,8.8,10.3,9.5,9.3,9.4,10.3,10.2,11.5,11.3,11.3,10.7,12.1,13.6,14.3,14.7
017118,9.1,9.2,9.5,10.1,11.4,11.7,11.5,12.0,12.6,12.1,13.0,13.1,12.3,12.6,12.9,13.2,13.7,14.2,15.3,15.4,13.6,15.9,16.8,18.0,18.6
017119,8.3,7.8,9.2,9.5,10.3,9.8,10.2,10.6,11.4,10.8,11.0,11.6,11.5,11.4,11.9,11.3,12.4,13.0,13.3,13.6,13.8,14.4,15.4,16.0,17.5
017120,7.5,7.8,8.9,9.5,8.7,9.3,10.0,10.7,11.2,10.1,11.2,11.5,10.8,11.4,11.1,11.9,11.9,12.3,12.9,13.0,13.1,14.3,16.0,15.6,16.9
017121,6.0,6.3,6.6,7.1,7.3,7.3,8.0,8.1,8.4,8.2,8.4,8.7,8.8,9.0,8.4,9.1,9.9,9.8,10.3,11.1,10.4,10.9,12.1,13.5,13.1
017122,6.6,6.8,8.2,8.1,7.9,8.8,8.8,9.7,9.5,9.1,10.0,9.8,9.7,9.3,10.5,11.1,10.6,11.1,11.7,11.6,11.5,12.0,13.1,14.0,15.0
017123,4.8,5.0,5.7,6.0,6.1,6.9,6.6,7.4,7.1,7.6,8.2,8.1,7.7,7.5,8.1,8.4,8.7,9.2,9.6,9.1,9.5,9.4,11.4,10.7,12.8
017124,8.2,8.2,8.7,9.1,9.5,10.4,10.5,10.5,10.8,10.8,11.1,11.2,11.1,12.0,11.6,12.2,12.3,11.8,13.1,13.7,12.5,14.1,15.9,16.0,16.7
017125,7.8,8.5,8.7,10.3,9.5,10.1,10.5,11.5,11.9,11.6,11.3,12.0,11.6,10.9,11.4,12.2,12.8,13.0,13.9,13.4,12.4,13.0,15.1,15.8,16.7
017126,7.4,8.0,8.1,8.7,9.0,9.7,9.7,10.8,10.8,9.8,10.7,11.3,11.0,10.3,11.9,12.3,12.1,12.6,12.8,13.2,12.7,13.7,15.0,15.9,15.6
017127,6.4,6.2,7.0,7.1,7.9,7.7,7.8,8.5,7.9,8.4,8.5,9.2,8.9,8.9,9.1,9.7,9.5,10.1,10.5,11.6,10.1,10.8,12.1,13.2,13.7
017128,4.2,4.7,4.9,5.0,5.6,5.7,5.9,6.5,6.3,6.4,7.3,7.7,6.7,6.8,6.7,8.1,8.4,8.5,8.8,9.4,8.0,9.1,11.1,11.1,12.3
017129,8.2,8.5,8.6,8.9,9.6,10.4,10.3,11.3,11.0,9.6,11.2,11.2,11.7,11.1,11.9,11.8,12.3,12.7,13.3,13.7,12.4,14.2,15.4,15.6,16.0
017130,5.7,6.3,6.3,6.6,6.3,7.7,7.5,7.7,8.0,7.8,8.5,9.3,8.8,8.4,8.8,9.0,9.8,10.1,10.0,11.1,10.4,11.4,12.7,13.4,12.9
017131,4.9,5.2,4.9,5.3,6.2,6.1,6.6,6.9,7.4,6.9,7.2,7.6,7.1,6.8,7.1,8.1,7.8,9.2,9.0,8.6,8.7,10.0,10.3,11.2,12.1
017132,5.5,6.2,6.9,6.8,7.3,7.7,7.4,8.5,8.9,8.1,8.7,9.2,9.1,8.1,9.0,9.6,9.4,9.2,10.0,10.4,10.4,10.9,11.7,13.2,13.0
017133,3.6,3.7,4.1,4.3,4.8,4.6,5.2,5.4,5.7,5.4,5.5,5.9,5.9,5.6,6.0,6.1,6.4,6.8,7.0,7.5,7.3,7.2,8.3,9.1,9.0
017134,3.6,3.8,4.4,4.4,4.4,4.8,5.7,5.7,6.0,5.5,5.6,6.2,6.1,6.2,6.5,6.3,6.9,7.1,7.7,8.3,7.9,8.3,9.0,9.8,10.0
017135,7.0,7.7,7.8,8.2,8.3,9.0,9.1,9.3,9.6,9.6,9.9,10.5,10.1,9.7,10.6,9.7,10.7,11.7,11.9,12.2,11.6,12.1,13.0,14.4,14.9
017136,3.6,3.7,4.6,4.3,5.5,4.7,6.0,5.3,5.8,6.1,6.3,6.9,6.4,6.2,6.8,7.6,7.2,7.6,7.7,8.9,7.7,9.6,9.5,10.2,10.9
017137,8.2,8.2,9.0,8.8,9.4,9.6,9.7,10.3,10.8,10.3,10.8,11.7,11.6,10.8,11.1,12.0,12.4,13.0,13.3,13.8,12.5,14.0,16.0,16.4,17.0
017138,6.9,6.7,7.6,8.0,8.4,8.6,9.2,9.1,9.3,9.1,10.2,9.6,9.7,10.1,10.3,10.3,11.3,12.0,11.8,12.1,11.5,13.0,13.7,14.6,15.0
017139,5.0,5.2,5.2,5.9,5.6,6.5,6.9,7.3,7.8,7.8,7.6,7.8,8.0,7.7,8.0,8.7,8.6,9.3,9.7,9.6,9.0,10.5,11.3,11.9,12.4
017140,9.0,9.0,10.4,9.9,11.1,11.1,11.7,12.2,12.7,11.2,12.7,13.4,12.7,12.2,12.5,13.4,14.1,15.0,14.5,15.7,14.9,16.0,16.2,18.4,18.9
017141,8.3,8.9,9.0,8.7,9.8,10.1,10.3,10.9,11.5,11.3,11.0,11.9,11.5,11.1,11.1,11.5,13.0,13.0,12.9,13.4,13.0,13.4,14.2,16.2,15.6
017142,4.0,4.9,4.9,5.4,5.5,5.8,6.2,6.2,6.7,6.8,6.3,6.9,6.5,7.2,7.3,7.4,7.8,7.8,8.2,9.2,8.3,9.6,10.5,10.6,12.0
017143,8.2,8.5,9.0,9.2,9.9,9.8,10.8,11.0,11.4,11.0,11.0,12.2,11.5,11.4,12.6,13.3,12.8,14.1,13.9,14.2,13.6,15.1,16.5,16.5,17.4
017144,6.4,6.9,7.2,7.6,8.1,8.5,8.8,9.3,10.1,9.7,9.3,10.0,10.1,10.1,10.1,10.7,11.7,11.9,12.0,12.5,11.8,12.4,14.2,15.2,15.2
017145,5.3,5.3,5.4,6.1,6.7,6.4,7.3,7.6,7.3,7.2,7.3,8.2,8.2,7.7,7.5,8.3,9.1,9.4,9.7,10.3,9.8,10.2,10.7,12.5,11.9
017146,8.1,8.1,8.8,9.4,9.7,10.6,10.5,11.0,10.8,11.0,11.5,11.9,11.6,11.4,11.5,11.4,13.1,13.1,13.1,13.9,13.4,14.3,15.5,15.9,16.2
017147,7.6,7.9,8.3,8.9,9.4,9.9,9.9,11.0,10.4,10.8,10.9,11.3,10.6,11.1,11.0,11.6,12.2,12.5,13.1,13.1,12.8,14.4,14.7,15.6,17.2
017148,6.1,6.5,7.0,7.7,8.0,8.4,8.8,8.7,9.5,9.1,9.4,9.7,9.8,9.2,9.7,9.9,10.7,10.7,11.7,12.4,10.6,12.0,12.7,14.0,14.6
017149,4.6,5.1,5.5,5.5,6.1,6.2,6.5,7.1,7.4,7.7,7.6,8.1,7.4,7.6,7.9,7.9,8.4,9.1,9.4,9.8,8.7,10.9,10.9,12.1,11.8
017150,7.3,7.6,7.7,8.5,8.6,9.2,9.0,10.1,10.4,9.7,9.8,10.7,10.5,9.7,10.6,11.1,11.5,12.4,12.2,13.3,11.9,13.0,13.5,15.5,15.2
017151,9.2,8.8,9.5,10.1,10.3,10.8,10.8,11.5,11.6,11.7,12.1,12.2,11.4,11.5,12.6,12.7,13.0,13.5,13.2,14.8,12.5,14.7,15.2,15.9,17.4
017152,6.4,6.7,7.4,7.9,8.6,8.1,8.5,9.4,9.7,8.7,9.8,10.1,10.4,9.7,9.8,10.1,10.3,10.9,11.0,11.8,11.3,11.7,13.7,14.5,14.4
017153,9.9,10.5,10.8,11.4,11.3,12.1,12.9,13.7,14.0,12.7,13.3,13.9,13.8,14.1,14.1,14.8,14.3,16.4,15.4,17.0,16.1,16.7,18.0,19.4,18.7
017155,6.9,6.9,7.3,7.5,7.1,8.4,8.5,8.8,9.2,9.2,10.0,9.7,10.0,9.6,9.9,9.8,10.2,10.9,11.4,10.9,11.1,12.2,13.3,13.9,14.5
017156,6.0,7.0,6.8,7.2,8.8,8.2,8.7,9.5,10.3,9.0,10.0,10.7,10.1,9.9,10.6,11.2,12.1,11.4,12.4,11.9,11.8,13.0,13.5,15.4,16.0
017157,6.6,6.2,6.6,7.8,7.4,8.5,8.7,8.7,9.1,8.1,9.6,9.9,9.6,9.2,9.8,9.7,10.8,10.5,11.5,12.2,11.4,11.8,12.7,13.8,14.3
017158,6.9,7.1,6.7,7.2,8.0,8.7,8.8,8.8,9.5,9.0,9.5,9.5,8.8,9.3,10.2,10.1,10.2,10.6,11.1,11.8,11.0,12.4,12.2,14.2,13.8
017159,5.9,6.3,7.0,6.9,7.5,8.4,8.4,9.1,8.9,8.5,9.9,9.8,9.1,9.0,9.2,9.9,10.6,10.6,11.1,12.5,11.1,11.1,12.6,13.3,13.9
017160,6.9,6.5,7.1,7.6,7.8,7.8,8.2,8.7,8.7,9.0,9.0,9.7,9.7,9.3,9.7,10.1,9.8,10.4,10.6,11.3,10.2,11.4,12.0,12.6,13.3
017161,7.0,7.2,7.6,8.2,8.5,8.0,8.6,9.6,9.4,9.3,9.4,9.7,10.3,9.7,10.4,10.7,11.1,11.2,11.7,12.1,11.0,12.5,13.1,13.9,14.4
017162,6.2,7.0,7.0,7.9,7.7,8.9,9.0,9.1,9.8,9.2,9.2,9.2,10.0,9.1,10.2,9.9,10.7,10.5,11.1,11.9,10.4,11.6,13.1,13.8,14.6
017163,7.0,8.4,7.6,9.1,9.3,9.3,10.0,10.6,11.4,9.9,10.7,11.8,10.7,10.7,10.8,11.8,12.3,12.8,13.1,13.7,12.8,14.3,16.0,16.1,17.0
017164,4.6,5.1,4.9,5.9,5.5,5.9,5.8,6.9,6.9,7.0,6.8,7.0,7.2,6.7,7.1,7.5,7.5,8.0,8.3,8.6,8.3,9.0,9.7,9.5,11.2
017165,5.3,5.8,5.4,6.2,6.3,7.0,6.8,7.1,7.0,7.2,8.0,7.5,7.6,7.6,7.8,8.4,8.6,8.7,9.3,10.1,8.9,9.2,10.1,12.0,11.4
017166,8.3,8.8,9.3,9.1,10.0,10.7,10.6,10.9,11.8,11.1,12.1,12.1,11.6,11.8,12.1,11.8,13.0,13.5,13.4,15.3,13.3,14.8,16.5,16.6,17.1
017167,8.2,8.3,9.0,9.2,9.7,10.5,10.6,10.9,11.2,11.1,11.7,11.6,11.4,11.6,11.7,12.9,12.6,13.8,14.3,14.6,12.9,15.4,16.0,18.0,17.7
017168,4.4,4.6,4.6,5.0,5.2,5.2,6.2,5.8,6.3,6.4,6.6,7.3,6.4,6.7,6.8,7.4,7.2,7.9,8.7,8.6,8.0,8.8,9.8,10.8,10.6
017169,3.9,3.8,4.5,4.5,4.8,5.3,5.4,5.5,6.2,6.3,6.1,6.6,6.4,6.2,6.5,7.4,7.0,7.9,7.8,8.1,7.5,8.8,9.9,9.8,10.8
017170,6.1,5.8,6.4,6.7,7.2,7.5,8.2,8.4,8.8,8.0,8.8,9.1,8.9,8.6,9.3,9.8,10.2,9.9,10.8,11.8,10.5,11.1,12.5,13.1,13.4
017171,7.3,7.4,8.1,8.1,8.6,10.0,9.8,9.8,10.0,10.6,11.5,12.3,10.7,11.0,11.1,12.0,11.8,13.4,13.8,14.2,14.0,14.0,15.2,16.6,16.8
017172,6.1,6.5,6.8,7.8,7.9,8.5,8.6,9.1,9.9,9.3,9.1,10.2,8.9,8.7,9.9,10.1,11.0,10.9,11.6,11.7,11.0,12.2,13.2,14.1,14.5
017173,4.8,4.9,5.3,5.6,5.8,6.8,7.0,7.3,7.2,7.3,7.4,7.4,7.6,7.2,7.4,8.0,9.1,9.2,9.6,10.0,9.3,10.3,11.0,12.0,12.4
017174,6.2,6.3,6.8,6.6,6.3,7.8,8.0,8.4,8.6,8.2,8.8,9.1,8.7,8.3,8.4,9.4,9.7,9.7,10.5,10.4,10.3,10.7,11.7,12.6,12.4
017175,7.0,7.5,8.4,8.3,8.8,8.9,9.2,10.0,10.3,10.2,10.4,10.8,11.0,10.6,10.3,11.4,11.3,12.2,12.7,13.3,12.3,12.7,14.1,15.1,15.4
017176,6.1,6.0,7.0,6.9,6.9,7.5,8.0,9.0,8.5,8.5,9.0,9.2,9.6,9.2,9.4,10.4,10.8,10.4,10.9,12.1,11.4,12.1,13.5,14.0,15.0
017177,5.6,6.4,6.4,7.1,7.1,7.7,7.8,8.5,9.0,8.9,8.5,9.6,8.8,8.9,9.7,10.0,9.9,10.4,11.0,11.9,11.0,12.4,12.7,13.0,13.8
017178,5.4,5.8,5.9,6.6,6.7,7.3,7.5,7.9,7.8,7.7,8.1,8.1,8.6,8.2,8.5,8.8,9.4,9.5,10.1,10.0,9.9,10.8,11.7,12.4,13.4
017179,6.6,6.5,6.8,7.3,7.8,7.7,9.3,8.0,9.8,9.0,9.5,9.2,9.4,9.6,10.1,9.8,10.8,11.2,11.5,12.2,11.2,12.1,13.2,13.7,14.4
017180,6.8,7.5,7.7,8.1,8.9,9.0,9.4,9.8,9.7,9.5,10.4,10.7,10.2,9.7,10.3,11.6,11.3,11.6,12.7,12.9,11.7,13.4,13.7,14.3,14.8
017181,6.6,6.8,7.4,7.5,8.0,8.4,8.9,9.2,9.6,9.1,9.6,10.3,9.6,9.4,9.7,10.1,10.5,11.6,11.1,11.9,11.2,11.6,12.5,14.1,13.9
017182,7.1,7.2,7.1,8.0,8.2,8.2,9.5,10.4,10.0,9.8,9.4,10.1,9.8,10.2,10.6,10.8,11.4,11.7,12.2,12.9,11.8,13.4,13.5,15.4,15.6
017183,10.0,10.6,10.6,11.9,11.8,12.4,12.9,12.8,14.3,13.1,14.0,14.9,14.2,12.9,13.6,15.1,14.4,15.1,16.9,15.7,15.6,16.9,17.8,18.6,19.5
017184,7.8,8.0,8.6,9.2,9.1,9.0,10.9,11.2,11.1,11.1,11.0,11.6,11.8,11.0,11.1,11.9,11.6,12.9,13.3,13.7,13.0,13.6,15.6,15.8,16.1
017185,7.7,8.2,7.8,9.4,9.0,10.0,9.8,11.0,11.1,10.5,11.2,11.6,11.2,11.2,12.0,12.5,12.7,13.3,12.9,14.0,12.3,14.3,15.1,16.4,17.7
017186,6.7,6.9,8.0,7.1,8.0,8.3,8.6,9.1,9.4,9.7,9.6,10.5,10.3,10.5,10.3,10.5,11.2,11.4,11.8,12.4,11.5,12.5,13.4,14.7,14.5
017187,5.7,5.5,5.7,6.4,6.6,6.8,6.9,7.8,7.9,7.6,8.3,8.6,8.1,7.8,8.4,8.8,8.8,9.2,9.4,10.4,9.7,11.1,11.3,12.1,12.8
017188,7.8,7.7,8.0,8.3,9.4,9.3,10.0,10.6,10.9,10.3,10.8,10.5,10.7,10.9,11.7,12.1,12.4,13.1,13.2,13.0,12.5,14.2,14.8,15.9,16.2
017189,6.8,6.8,6.6,7.3,7.1,8.4,8.6,8.9,9.8,8.6,9.6,10.4,9.7,8.9,9.8,10.3,11.0,11.0,12.0,11.2,11.5,11.9,13.7,14.1,14.6
017190,7.3,7.8,8.6,8.4,8.6,9.0,10.0,11.2,10.8,10.0,10.8,10.5,11.1,10.4,11.0,11.9,12.5,12.9,12.8,13.4,12.9,13.7,14.5,14.8,15.5
017191,7.8,7.6,8.1,8.1,8.6,9.4,9.9,10.1,10.4,10.0,10.8,10.9,10.9,10.4,10.6,11.5,11.8,12.2,13.0,12.6,12.1,13.4,14.3,15.6,15.8
017192,6.3,6.0,6.3,6.7,6.9,7.2,7.8,8.2,8.0,7.5,8.6,8.2,8.4,8.4,8.5,8.8,9.4,9.4,10.1,10.7,9.6,9.7,11.2,12.0,12.4
017193,5.6,6.1,5.8,6.3,6.7,7.3,6.9,7.7,7.8,7.5,8.0,7.8,7.8,7.7,7.5,8.7,8.9,8.6,9.9,9.7,9.0,9.6,10.7,12.0,12.3
017194,7.1,7.4,7.4,8.4,8.2,8.0,9.7,9.7,10.0,9.5,9.6,10.5,10.4,9.8,10.3,11.0,10.7,11.5,11.9,12.0,11.4,12.6,13.9,13.8,13.5
017195,11.6,11.9,11.5,12.7,13.2,13.0,13.9,13.9,14.4,13.7,14.3,14.6,13.8,13.8,14.4,15.0,15.7,16.2,16.6,17.2,15.8,17.2,18.8,20.2,19.9
017196,7.3,7.3,7.5,8.2,8.5,9.0,9.6,9.0,10.4,10.2,10.4,10.5,10.0,9.8,10.3,11.1,11.5,11.3,12.2,13.4,12.4,13.0,14.3,14.5,15.9
017197,8.5,7.9,8.9,9.4,10.3,10.4,11.5,10.7,11.3,10.8,12.1,12.2,11.4,11.8,11.8,12.4,13.0,13.1,14.5,14.6,13.2,14.7,16.0,17.0,17.5
017198,6.4,7.8,7.3,7.4,8.0,8.6,9.2,10.0,10.2,9.7,10.4,10.2,10.3,10.0,10.5,11.1,11.3,12.1,12.4,13.5,11.7,13.3,14.6,15.0,17.0
017199,6.2,6.4,7.0,7.4,7.3,8.1,8.5,8.7,9.0,8.5,9.0,9.2,9.2,8.2,8.7,9.3,9.6,9.6,10.8,10.6,10.4,11.6,12.2,12.9,13.2
017200,5.6,6.3,6.6,6.8,7.2,7.7,7.3,7.9,8.3,7.9,8.1,8.6,8.2,8.0,8.7,9.3,9.3,10.0,10.4,10.4,10.2,11.2,12.7,12.5,13.8
017201,6.3,6.5,7.1,6.7,7.8,8.2,8.5,8.9,8.6,7.8,9.0,9.2,8.7,8.9,9.2,9.7,9.8,10.8,11.5,11.4,10.7,12.7,13.0,13.6,13.5
017202,6.6,7.5,8.1,7.6,9.0,8.9,9.7,11.0,10.6,10.1,10.5,10.8,10.3,10.9,11.5,11.7,12.3,12.5,13.4,14.0,12.7,13.4,15.0,16.0,16.4
017203,6.5,6.9,6.3,7.4,7.6,8.1,8.7,9.0,9.6,8.7,8.8,9.4,9.2,9.1,9.2,10.0,10.3,10.1,10.9,11.2,11.0,11.5,12.5,12.6,13.2
017204,6.9,7.0,7.3,7.7,8.1,8.5,8.1,8.5,9.1,8.8,9.1,9.7,9.3,9.4,9.9,9.8,10.1,10.8,11.0,10.9,10.5,11.3,11.8,12.9,14.2
017205,5.0,5.3,5.0,5.8,6.3,6.5,7.1,7.6,7.6,7.0,7.6,8.2,8.2,7.6,8.1,8.1,8.5,8.9,9.4,9.3,8.8,9.5,10.5,11.7,12.0
017206,6.3,7.5,7.0,7.7,7.9,9.1,8.5,9.1,9.5,10.2,9.4,9.8,9.5,9.4,10.0,10.3,10.8,11.1,11.5,11.9,10.9,11.7,13.1,13.6,13.7
018001,4.0,4.6,4.5,5.0,4.8,5.8,5.5,5.8,6.3,6.2,6.1,6.3,6.8,6.6,6.4,7.1,7.6,7.5,7.5,7.8,7.6,8.0,9.4,9.3,10.1
018003,6.9,7.1,7.1,8.2,8.0,8.6,9.5,9.0,9.8,9.4,9.3,9.7,10.3,9.9,10.2,10.5,11.4,11.6,11.7,11.9,11.4,12.5,13.2,14.6,14.8
018004,6.4,6.8,7.1,7.5,7.9,8.1,8.0,8.5,8.9,8.8,9.9,9.6,9.0,9.3,9.1,9.9,10.4,10.8,11.1,11.3,10.4,11.8,13.2,14.1,14.1
018005,8.6,9.1,9.2,9.2,10.6,10.2,10.5,12.4,11.8,11.0,12.2,12.6,12.2,11.9,11.9,13.3,12.8,14.6,13.9,15.2,13.7,14.9,16.6,17.7,17.3
018006,6.9,6.5,7.3,7.5,8.4,8.9,9.0,9.6,9.8,9.3,10.3,10.2,10.1,10.7,10.3,11.0,10.6,11.5,12.3,12.3,11.5,12.8,13.9,15.2,15.5
018007,7.3,7.8,7.7,8.6,8.7,9.0,9.5,9.7,10.4,10.0,11.0,11.4,10.5,10.5,10.6,11.5,12.2,12.0,12.6,13.8,12.3,13.5,14.3,15.7,16.1
018008,4.5,4.4,4.2,5.0,4.9,5.1,6.1,6.0,6.4,5.8,6.2,6.8,6.4,6.3,6.1,7.0,7.4,7.3,7.6,8.3,7.6,8.3,9.1,10.1,10.6
018009,4.2,4.6,4.0,4.3,4.9,5.0,6.0,6.4,6.0,5.8,6.2,6.7,6.2,6.0,6.6,6.6,7.3,7.2,8.0,8.1,6.9,8.2,9.4,10.0,10.5
018011,8.4,8.7,8.6,9.9,10.3,11.1,11.4,10.4,11.4,11.0,11.8,11.8,11.5,11.2,12.0,12.8,13.1,13.2,14.0,15.1,13.0,14.9,16.2,15.8,17.3
018012,8.7,8.3,8.9,9.5,9.5,10.1,10.3,10.9,11.4,10.8,11.2,11.9,11.7,11.6,12.2,12.3,12.9,13.2,14.5,14.9,13.6,14.8,15.9,17.4,17.7
018013,6.8,7.8,7.6,8.5,8.3,8.8,9.2,9.4,10.0,9.8,10.3,10.7,10.7,10.4,10.4,11.3,10.8,12.0,11.7,13.0,12.0,12.4,14.1,14.9,15.4
018014,4.1,4.2,4.6,5.0,5.1,5.4,6.4,6.4,6.5,6.6,6.9,7.2,6.6,6.8,7.0,7.3,7.7,8.7,8.9,9.3,8.6,9.5,10.4,12.1,11.5
018015,5.0,5.9,5.7,6.1,6.4,7.1,6.9,7.2,8.0,7.3,8.0,8.2,7.8,8.2,8.5,9.0,9.1,9.6,10.0,10.2,9.7,10.6,11.4,12.2,12.6
018016,7.0,6.7,7.7,8.1,8.3,8.7,8.7,9.5,10.2,9.4,9.5,10.0,9.9,9.6,9.7,11.0,11.0,11.3,11.8,12.3,11.2,12.2,14.0,14.2,14.1
018017,9.1,9.7,10.0,10.1,10.3,11.0,11.9,12.3,12.8,12.3,13.0,12.2,12.8,12.0,13.1,13.1,13.1,14.6,14.3,15.3,14.1,15.4,16.4,17.1,17.8
018018,7.9,8.4,9.5,9.6,9.9,10.2,11.0,10.9,11.0,10.7,11.5,11.9,10.8,11.1,12.1,12.4,12.6,13.2,13.7,14.2,12.8,13.9,15.2,16.2,16.3
018019,4.8,5.3,5.5,5.9,6.5,7.0,6.9,7.5,7.6,7.0,6.8,8.6,7.3,8.1,8.0,7.7,7.9,9.1,9.7,9.8,8.9,10.6,11.6,11.0,12.7
018020,5.2,5.5,5.3,5.7,6.0,6.5,6.5,7.1,8.0,6.8,7.5,8.3,7.7,7.8,7.9,8.1,8.5,10.1,9.7,9.8,9.5,11.1,11.6,11.9,12.6
018021,4.9,5.1,5.1,5.3,5.4,6.3,6.6,6.4,6.6,6.8,7.1,7.8,7.1,7.5,7.2,7.8,8.5,8.0,9.0,9.2,8.5,9.6,10.3,11.3,11.2
018022,7.1,8.1,8.2,8.8,9.4,10.0,10.0,10.4,11.5,10.1,11.1,10.4,10.8,10.7,10.7,11.1,12.0,12.1,12.7,13.7,12.5,13.3,14.5,15.3,15.8
018023,5.7,5.5,6.3,6.6,6.7,7.2,7.8,8.0,8.1,7.9,8.0,8.9,8.6,8.4,8.8,8.6,10.0,9.3,10.6,11.5,10.1,10.9,12.1,13.5,13.5
018024,7.4,8.2,8.2,8.3,9.2,9.0,9.5,9.8,10.3,9.6,10.7,10.7,10.4,10.4,10.4,11.0,11.6,12.0,12.0,12.8,12.2,12.3,13.6,14.8,14.7
018025,8.4,9.2,8.7,9.6,9.6,10.4,10.7,11.5,11.7,11.8,11.1,12.6,11.7,10.8,12.0,12.9,13.2,13.8,14.3,14.4,13.5,15.1,16.8,18.7,19.4
018026,5.6,5.9,6.0,6.2,7.0,7.3,7.7,8.5,8.2,7.8,8.2,8.4,8.3,8.0,8.7,8.9,9.3,9.7,9.9,10.4,9.3,10.5,12.0,12.0,12.9
018027,6.2,6.7,7.1,7.3,7.2,8.0,8.6,8.9,9.2,8.6,9.0,9.0,9.4,8.6,9.2,9.5,9.4,11.0,10.6,11.2,11.2,11.5,11.7,13.3,12.9
018029,5.7,6.0,6.5,6.2,6.8,7.2,7.4,7.6,8.1,7.9,8.3,8.6,8.2,8.1,8.1,8.5,9.3,9.2,10.0,10.0,9.6,10.2,10.8,12.2,12.5
018030,6.8,6.4,7.6,7.5,8.7,8.9,8.9,9.2,9.5,9.2,9.5,10.2,9.4,9.6,9.8,10.5,10.8,11.1,12.0,12.4,11.5,12.3,13.0,14.8,14.5
018031,5.7,5.3,6.0,6.8,6.7,7.1,7.4,7.4,8.3,8.1,7.9,8.3,8.2,8.3,8.5,8.6,8.7,9.4,10.1,9.8,9.4,10.7,11.5,11.7,12.0
018032,5.8,6.6,6.9,7.0,7.4,7.9,8.2,8.2,9.4,8.1,9.1,9.5,9.6,8.6,9.4,9.5,10.4,11.0,10.6,11.6,10.0,12.0,12.3,13.7,13.5
018033,7.1,7.2,7.4,8.0,8.8,9.0,8.7,10.1,9.3,9.7,10.0,10.3,10.2,8.9,10.2,11.4,11.3,11.5,12.7,13.0,11.3,12.6,13.8,14.4,15.4
018034,7.7,8.2,8.4,8.8,9.2,9.4,10.2,11.1,10.8,10.1,11.2,11.5,10.5,10.3,11.2,11.3,11.8,12.3,12.9,13.2,12.5,13.3,14.1,14.5,15.5
018035,6.2,6.6,6.9,7.2,7.6,7.8,8.6,8.8,9.2,9.0,9.4,9.9,9.1,8.9,9.9,9.7,10.4,10.5,11.1,11.7,10.6,11.5,12.9,13.6,13.7
018036,7.0,7.1,7.5,7.8,8.3,8.8,9.2,9.3,10.2,9.2,10.0,10.8,10.0,9.7,10.2,10.6,11.0,10.9,12.1,11.5,11.3,13.4,13.4,14.2,14.7
018037,6.2,6.3,6.6,7.7,7.8,8.4,8.2,9.1,10.0,9.3,9.0,9.7,9.2,8.5,9.9,10.0,10.9,11.2,11.1,11.8,10.8,12.9,14.2,14.5,15.1
018038,6.4,7.3,7.8,8.4,8.0,8.4,8.8,9.6,9.6,9.4,9.7,9.9,10.3,10.0,9.8,9.9,10.5,11.6,12.0,12.3,11.2,12.9,13.3,14.2,14.3
018039,9.5,10.6,10.4,11.0,11.0,11.9,11.9,12.6,13.5,12.6,13.2,13.8,13.1,13.2,13.3,14.0,14.9,15.1,15.2,15.6,15.2,16.2,16.8,18.2,18.0
018040,5.8,5.8,6.5,6.4,7.2,7.9,8.1,8.2,8.5,8.7,8.3,9.4,9.3,9.1,9.7,10.1,10.2,10.7,10.3,11.0,10.1,11.6,12.5,13.1,13.0
018041,4.7,5.5,5.5,5.8,6.1,6.3,7.0,6.9,7.1,7.2,7.7,8.1,7.5,7.3,7.5,7.3,8.2,8.3,8.7,9.6,8.8,9.5,10.3,11.4,11.7
018042,7.5,8.6,8.7,9.3,10.3,10.0,10.9,11.6,12.1,11.9,11.9,11.5,12.1,11.8,12.2,13.0,12.8,13.5,14.2,14.6,13.1,14.7,15.7,17.1,16.9
018043,5.6,6.1,6.4,6.9,7.2,8.0,7.3,8.2,9.0,8.2,8.5,8.8,8.3,8.7,8.9,9.1,9.4,9.7,10.6,11.0,10.1,10.4,12.6,13.6,13.9
018044,7.2,7.4,8.0,7.7,8.0,8.5,9.2,9.3,10.4,9.8,9.6,10.6,10.4,9.2,9.8,10.7,11.5,11.8,11.4,13.1,11.7,13.3,14.3,14.9,15.0
018045,8.0,8.2,8.1,8.6,10.0,10.1,10.7,10.7,11.4,11.1,11.3,11.0,11.6,10.9,10.9,12.4,12.6,13.0,13.0,13.7,12.8,14.5,16.1,16.4,17.5
018046,5.7,6.1,7.1,7.3,7.6,8.0,8.7,9.1,9.5,9.0,9.1,9.8,10.0,9.0,10.6,10.3,10.1,11.6,11.9,12.7,11.2,12.7,15.2,14.9,16.0
018047,5.0,6.1,5.9,5.8,7.1,7.0,7.3,8.1,8.3,7.8,8.5,8.5,8.7,7.8,9.1,9.1,9.4,9.7,10.3,10.3,9.9,11.2,12.3,12.4,13.0
018048,6.4,7.6,7.8,8.1,8.5,8.7,9.2,9.5,10.0,9.4,9.8,10.0,10.2,9.9,10.2,10.5,10.8,11.6,11.7,12.1,11.2,12.7,14.5,14.3,14.4
018049,7.3,7.3,8.9,8.1,9.4,9.4,9.3,10.4,10.7,9.9,10.5,10.7,10.4,10.9,10.6,11.1,11.8,12.4,13.2,12.9,12.2,13.7,14.4,15.6,16.6
018050,8.8,8.9,9.4,9.9,10.2,10.6,11.7,11.4,12.2,11.9,11.2,11.8,12.1,11.4,13.4,12.1,13.4,13.8,14.2,14.7,13.7,14.3,16.2,16.9,17.6
018051,7.0,7.7,7.9,8.0,8.4,8.9,9.1,9.1,10.2,9.5,9.6,10.6,9.8,9.8,9.7,10.1,10.9,11.7,12.1,12.1,11.9,12.1,13.0,13.6,15.5
018052,7.2,7.6,7.9,8.2,8.2,8.8,9.0,9.4,10.3,9.6,9.8,9.9,9.3,10.4,9.9,10.2,11.3,11.5,12.3,12.6,10.9,12.4,13.9,14.4,15.6
018053,4.8,5.1,5.6,6.0,6.4,6.7,6.4,7.5,7.6,7.3,7.7,8.1,7.9,7.8,7.9,8.2,8.6,8.8,9.8,10.0,9.0,10.6,10.6,11.9,12.7
018054,5.7,5.9,6.2,6.5,6.6,7.3,7.1,8.1,8.4,8.1,8.2,8.8,8.0,8.2,9.0,8.5,9.1,10.0,9.9,10.4,9.3,10.7,11.4,12.8,12.8
018057,9.0,9.7,10.0,10.1,10.3,11.5,11.4,11.8,12.4,11.8,12.4,12.6,12.3,12.5,13.0,13.9,13.1,14.3,14.3,14.9,14.6,15.1,16.5,17.5,18.3
018058,3.9,4.0,4.5,4.8,4.9,5.4,5.7,5.6,6.2,5.6,6.2,6.4,6.1,6.3,6.2,7.2,6.7,7.6,7.6,8.1,8.0,8.9,9.5,9.7,10.5
018059,7.4,7.9,8.2,8.3,8.9,9.5,10.4,10.2,10.1,10.0,10.7,10.9,11.0,10.7,11.3,11.3,11.7,12.3,12.8,13.1,12.1,13.5,14.1,15.8,15.8
018060,8.6,8.3,8.8,10.0,9.3,9.6,10.2,11.4,11.0,11.4,11.9,11.5,11.5,11.1,11.3,12.1,13.2,13.5,14.0,13.3,13.6,14.0,16.0,16.0,17.6
018061,8.5,9.1,9.6,9.7,9.6,10.5,10.6,11.2,11.4,10.7,11.9,13.2,11.7,11.3,12.2,12.2,13.2,13.7,14.0,14.5,14.0,15.8,15.8,17.4,17.3
018062,5.6,5.6,6.0,6.2,7.0,7.9,7.6,8.1,7.9,8.2,8.8,9.2,9.3,8.7,9.1,10.0,10.3,11.4,11.0,11.5,10.8,11.3,12.4,13.5,14.5
018063,7.7,7.4,7.7,8.3,8.3,9.0,9.5,10.0,10.7,10.2,10.2,10.0,10.6,10.1,10.4,10.6,11.3,10.8,12.1,12.9,12.0,11.7,13.3,14.8,15.5
018064,5.8,5.9,6.2,6.7,6.8,7.6,7.4,7.9,8.0,7.8,8.0,8.1,7.9,7.8,8.3,8.8,9.0,9.1,10.0,10.2,9.8,11.2,11.4,11.8,12.1
018065,4.9,4.8,5.1,5.7,5.8,6.1,6.6,6.5,6.9,6.9,7.3,7.6,7.2,7.5,7.7,7.5,7.9,8.7,8.8,9.3,8.5,9.1,10.4,10.8,11.9
018066,7.6,7.5,7.2,8.1,8.3,8.9,8.8,9.0,10.4,10.0,9.8,10.2,9.8,9.8,10.6,10.8,11.3,11.7,12.5,12.5,11.1,12.0,13.9,14.5,14.9
018067,7.3,7.7,8.3,8.7,8.0,9.3,9.4,10.6,10.4,9.5,10.3,10.9,9.4,9.9,10.5,10.9,10.9,12.0,12.7,12.6,12.3,13.4,13.5,14.8,14.2
018068,5.9,5.7,6.5,6.2,7.0,7.5,7.4,8.4,8.4,8.0,8.8,8.7,8.0,8.5,9.0,9.2,9.5,10.1,10.0,10.5,9.3,11.0,12.0,12.3,12.7
018069,5.0,5.2,5.9,6.2,7.2,6.0,7.1,7.6,7.5,7.4,8.2,8.2,7.7,7.6,8.2,8.5,9.6,9.1,9.8,10.8,9.5,10.1,12.4,12.8,13.2
018071,6.5,7.1,7.6,8.5,8.0,9.2,9.2,9.7,10.0,10.1,9.8,10.8,10.5,10.1,10.3,11.4,11.5,11.8,12.4,13.0,12.3,12.6,13.9,14.9,15.9
018072,4.2,4.8,5.3,5.9,5.9,6.9,6.9,7.3,7.7,7.3,7.5,8.0,8.0,7.6,7.8,8.6,8.6,9.3,10.0,10.2,9.3,9.8,11.5,11.8,13.1
018073,5.0,4.6,5.1,6.3,5.7,6.7,7.0,6.9,8.0,7.7,7.7,8.2,7.5,7.4,8.1,8.4,8.6,9.4,10.3,10.3,9.0,10.5,11.5,11.7,13.1
018074,4.2,4.3,4.8,5.2,5.8,6.0,6.5,6.7,6.8,6.7,6.9,7.2,7.1,6.9,7.5,8.1,8.9,9.0,9.7,10.3,8.2,9.9,11.0,11.4,12.5
018075,5.5,5.0,5.7,5.4,6.1,6.6,7.0,7.3,7.6,7.2,7.5,8.2,7.9,7.9,8.1,8.8,8.9,9.4,9.6,10.1,9.4,10.7,11.7,12.8,13.3
018076,6.1,6.4,6.8,6.6,7.3,7.7,7.8,8.3,8.6,8.7,8.8,8.8,8.3,8.8,9.4,9.7,10.2,10.7,11.0,12.1,10.8,11.7,12.2,13.8,14.1
018077,5.9,6.1,6.4,7.0,6.7,8.0,7.8,8.1,9.1,8.1,8.9,8.1,8.4,8.4,8.6,9.3,8.9,9.9,10.5,10.7,10.6,11.6,11.7,12.9,13.0
018078,4.9,5.0,5.2,6.0,5.5,6.2,6.9,6.8,7.8,7.2,8.2,8.2,7.8,7.8,8.1,8.6,8.8,9.7,9.5,9.8,9.9,11.1,11.3,13.5,12.8
018079,4.9,5.4,5.9,6.2,6.4,7.4,7.1,7.8,8.0,7.5,7.8,8.1,8.1,7.5,7.7,8.9,9.0,9.4,9.7,10.7,9.5,10.7,10.6,11.3,12.2
018080,4.3,4.4,5.2,5.1,5.6,5.8,6.7,6.4,6.8,7.0,7.3,7.5,7.6,7.2,7.7,7.9,8.2,8.8,9.7,10.1,8.7,10.0,10.7,11.6,13.1
018081,7.3,8.0,7.7,8.5,9.7,8.8,9.8,10.1,10.4,10.5,11.2,11.0,11.3,10.3,11.1,11.1,11.5,12.0,13.0,13.2,13.0,13.7,15.3,16.3,16.4
018082,5.3,6.2,6.8,7.0,7.0,7.4,7.2,8.0,8.8,8.5,8.4,8.9,9.1,8.7,8.9,9.8,10.2,10.0,10.8,11.9,10.3,11.7,13.0,12.9,14.3
018083,8.0,8.4,9.4,9.0,9.7,10.3,10.0,11.1,11.4,11.0,11.1,11.7,11.2,10.8,10.9,11.6,11.8,13.2,12.7,13.6,12.5,13.8,14.1,16.3,16.3
018084,7.0,6.7,6.7,7.5,8.3,8.4,8.6,8.9,9.6,9.5,9.5,10.4,9.8,9.4,9.5,10.2,11.0,11.1,11.7,12.4,11.3,12.2,13.8,13.4,14.5
018085,5.2,5.7,6.3,6.8,7.5,7.6,7.7,8.3,8.5,8.6,8.8,9.2,8.7,8.8,9.5,9.3,10.2,10.6,11.0,11.4,11.0,11.8,12.8,13.8,14.4
018086,6.2,6.1,6.2,7.2,7.0,7.7,8.1,8.3,8.4,7.7,8.7,9.3,8.7,8.8,9.3,9.6,9.5,10.3,10.5,10.3,10.6,11.7,12.3,12.8,13.6
018087,4.6,5.0,5.4,5.6,5.8,6.3,6.3,7.1,7.2,6.6,7.1,7.2,7.6,7.1,7.3,8.4,8.9,8.4,9.0,9.5,8.7,9.4,10.7,11.1,11.7
018088,5.0,5.4,5.7,5.9,5.4,6.6,7.2,6.9,7.1,6.6,7.2,7.9,7.6,7.1,7.4,7.2,8.7,8.8,8.6,8.7,8.6,9.0,10.6,11.2,11.2
018089,6.2,6.6,7.1,7.2,6.6,8.3,8.2,8.8,8.3,8.7,9.2,8.7,9.3,8.8,9.3,8.8,9.7,10.4,10.3,10.2,10.1,11.0,12.1,12.1,13.2
018090,5.0,4.4,5.4,4.7,5.4,5.9,6.0,6.6,6.7,6.7,6.7,6.8,7.1,7.1,6.8,7.0,7.8,8.3,8.6,9.4,8.8,8.7,10.0,10.9,11.0
018091,5.5,5.8,6.4,6.2,6.5,7.1,7.4,7.3,7.8,7.5,7.7,7.6,7.6,7.8,8.2,8.8,9.1,9.1,10.1,10.3,9.6,10.0,10.7,10.7,12.0
018092,5.7,6.0,6.1,6.9,6.8,7.2,7.6,8.6,8.3,8.0,9.0,9.1,8.5,9.1,8.4,9.7,9.1,9.5,9.9,10.4,9.8,11.2,12.2,13.5,13.4
018093,6.0,5.5,6.7,6.8,7.0,7.6,7.7,7.9,8.0,8.2,8.2,9.1,8.3,8.0,8.4,9.2,9.8,9.7,10.2,10.6,9.7,10.6,11.7,13.1,13.6
018094,5.5,5.8,6.1,6.9,6.7,7.3,8.0,8.2,8.1,8.3,8.3,8.4,8.2,7.7,8.4,8.8,9.6,9.8,9.9,10.4,9.5,10.9,11.9,13.1,13.6
018095,5.7,5.6,6.2,6.3,6.8,7.1,7.3,7.8,7.6,7.1,8.2,8.2,8.0,7.9,7.9,8.4,8.9,9.4,9.9,10.2,9.5,10.0,11.0,12.0,13.0
018096,6.1,6.6,7.1,6.8,7.6,7.8,8.1,8.2,9.3,8.5,8.8,9.8,8.9,8.8,9.0,10.0,10.6,11.1,10.7,11.8,10.7,12.1,13.1,13.9,14.7
018097,5.0,5.5,6.0,6.1,6.3,6.5,7.1,7.6,7.5,7.5,8.0,7.7,7.9,7.5,8.2,8.5,9.0,8.8,9.4,9.7,9.1,9.6,10.7,11.7,12.4
018098,7.0,7.5,7.3,7.7,7.6,7.9,8.1,9.2,9.8,9.6,9.6,10.3,9.8,9.7,9.7,10.8,10.4,11.5,11.0,12.5,12.1,13.1,14.0,14.6,15.4
018099,5.8,6.2,6.3,6.6,7.0,7.3,7.3,8.0,8.2,8.1,8.5,8.0,7.9,7.7,8.3,8.4,9.0,8.8,10.2,9.8,9.3,10.9,11.3,11.7,13.1
018100,8.8,9.4,8.9,9.5,9.6,10.9,10.9,11.2,11.6,11.4,12.5,12.1,12.2,11.7,11.8,12.4,13.2,13.8,14.0,15.4,14.5,15.3,16.0,17.0,18.7
018101,5.9,5.9,6.6,6.4,6.4,7.5,7.2,7.7,8.1,7.9,8.1,8.5,8.0,8.3,9.0,9.0,8.9,9.6,10.2,11.1,10.5,10.2,11.2,13.0,13.7
018102,9.2,10.1,10.1,10.8,12.0,11.1,12.4,12.7,12.7,12.9,13.4,14.1,13.1,13.1,14.0,13.8,14.3,14.0,15.6,16.1,14.8,16.3,17.6,19.1,19.7
018103,7.4,7.6,7.7,8.1,8.4,8.9,9.7,9.6,10.1,9.9,10.4,10.6,11.4,10.1,10.9,10.9,11.7,12.4,12.9,13.5,12.8,13.7,14.2,15.2,15.9
018104,4.8,4.4,5.0,5.2,5.5,6.1,5.9,7.1,7.1,6.5,6.6,7.0,7.3,6.6,7.2,8.4,8.8,8.6,9.4,9.2,9.3,10.4,11.0,11.9,12.2
018105,5.9,6.3,6.7,7.0,7.3,7.8,7.6,8.2,9.3,8.2,8.4,9.2,8.6,8.3,8.7,9.1,9.6,9.2,10.9,11.3,9.3,10.7,12.4,12.4,13.5
018106,5.2,5.4,6.3,6.2,6.6,7.4,7.6,8.1,8.5,7.7,8.2,8.0,8.6,8.2,8.7,8.9,9.2,9.7,10.2,10.1,9.6,11.2,11.5,11.6,14.0
018107,5.8,6.6,6.7,7.2,7.7,7.8,8.6,8.3,8.4,8.9,8.7,9.2,9.0,8.7,9.4,9.8,10.2,10.3,11.6,11.3,10.5,11.9,12.7,12.7,14.7
018108,5.6,6.4,6.8,6.8,7.2,7.6,7.8,8.3,8.8,8.6,8.8,9.4,8.7,8.3,8.9,9.4,10.3,10.5,10.6,10.9,10.4,11.3,12.6,13.1,13.6
018109,6.0,6.4,6.3,7.1,7.4,7.7,8.1,9.1,8.6,7.6,8.4,9.5,9.1,8.8,9.0,9.4,9.6,10.5,10.7,11.1,10.6,10.6,11.8,13.1,13.6
018110,9.7,10.2,11.0,10.9,11.9,11.6,12.2,13.2,13.3,13.2,13.2,14.2,13.4,13.2,13.3,14.7,15.5,15.8,16.5,16.3,16.0,16.3,18.0,18.9,19.4
018111,5.3,5.5,5.4,6.9,6.6,6.1,7.0,7.4,8.5,7.9,7.7,8.0,8.3,8.4,8.2,8.8,9.5,10.1,10.3,11.3,10.3,11.1,13.1,13.2,13.9
018112,4.5,4.8,4.8,5.4,5.6,5.7,6.0,6.5,7.0,6.9,7.3,7.6,7.2,6.7,7.2,7.8,7.8,8.6,8.9,9.1,7.8,9.5,10.0,11.4,11.1
018113,6.2,6.6,7.7,8.1,8.2,8.6,9.3,9.0,10.1,8.8,9.4,10.2,9.7,9.8,10.3,10.0,10.9,12.0,11.3,11.9,10.9,12.3,12.8,14.1,14.2
018114,6.3,6.3,7.1,7.3,7.6,8.3,8.6,9.1,9.3,9.3,9.3,9.3,9.5,9.7,10.0,10.1,10.9,11.0,11.8,11.7,11.0,12.1,12.7,14.9,13.9
018115,6.8,7.2,8.3,8.3,8.4,8.6,9.8,9.4,10.1,9.5,10.5,11.0,10.0,10.1,10.0,10.7,10.7,11.3,12.7,13.2,11.5,12.6,13.4,14.6,15.7
018116,7.2,6.8,7.8,7.9,8.1,9.0,8.8,9.0,9.4,8.7,9.2,9.9,9.7,9.5,9.5,10.4,10.8,10.6,11.6,11.6,10.9,11.9,12.9,14.4,15.1
018117,9.3,9.5,9.9,10.0,10.5,11.8,11.0,12.1,12.9,11.9,12.9,12.8,11.8,11.2,12.2,13.0,14.0,13.3,14.1,14.6,14.2,15.2,16.6,18.0,17.6
018118,6.1,6.1,7.0,6.7,7.1,7.9,8.3,9.9,9.3,8.6,9.2,9.8,9.9,9.4,9.6,10.0,9.9,11.0,11.3,11.4,10.9,13.2,13.7,14.1,15.4
018119,7.0,7.0,8.4,8.6,8.3,9.2,10.5,9.9,10.4,9.7,10.6,10.1,10.4,10.1,10.5,11.1,11.5,12.8,12.8,14.1,11.8,13.4,15.4,15.9,16.0
018120,8.4,8.9,9.3,9.5,10.1,10.2,10.2,11.1,11.3,11.2,11.0,12.1,10.4,11.3,11.2,11.8,11.9,13.4,12.9,14.9,12.3,14.1,15.3,16.6,16.5
018121,4.9,5.6,6.1,6.8,6.6,7.4,8.1,8.1,7.8,8.0,8.6,9.1,8.5,8.4,8.2,9.2,9.5,10.3,10.5,11.2,9.4,11.5,12.1,13.3,13.7
018122,6.3,7.0,6.9,7.8,7.8,8.2,9.0,8.6,9.4,8.0,9.7,10.1,9.6,9.6,10.7,10.1,11.2,11.2,12.5,11.8,11.4,12.5,13.5,14.2,15.0
018123,6.4,8.1,7.4,8.8,8.7,9.2,9.1,9.6,10.2,8.8,9.9,10.3,10.1,10.1,9.6,11.1,10.8,11.4,11.5,12.3,11.4,12.3,13.8,15.4,15.3
018124,7.6,7.6,8.1,7.7,9.0,9.2,9.0,9.8,10.1,9.7,9.9,10.0,10.6,9.8,10.5,10.8,11.6,12.1,12.2,12.3,11.0,13.0,13.7,14.8,14.9
018125,5.1,5.7,6.5,6.1,7.2,7.1,7.8,7.6,8.4,8.4,8.0,8.2,8.2,8.2,9.0,9.2,9.4,10.6,10.3,11.7,10.6,11.8,12.7,12.9,13.1
018126,5.2,5.6,5.7,6.3,6.3,6.8,6.4,7.7,7.1,6.7,7.8,7.8,7.5,7.7,7.4,7.9,8.3,8.2,8.8,8.6,8.6,9.8,10.2,10.9,12.4
018127,6.8,6.5,7.6,7.5,7.6,7.9,8.8,9.0,9.6,9.3,9.1,9.5,9.3,9.2,9.1,10.3,10.2,11.4,10.8,10.8,11.1,12.2,12.7,13.2,13.0
018128,6.9,7.0,7.5,7.7,8.2,8.8,9.5,9.3,9.3,9.6,9.8,10.6,9.9,9.7,10.1,10.4,11.0,11.1,11.2,11.5,11.2,11.9,14.1,14.5,15.5
018129,5.8,5.9,6.3,7.0,6.9,7.0,8.4,8.2,8.0,7.6,8.3,9.2,8.3,8.0,8.3,9.1,8.9,9.6,10.1,10.3,9.5,10.5,11.9,12.2,11.9
018130,7.7,8.0,8.3,8.8,8.8,9.3,9.5,9.9,10.5,10.4,10.5,11.0,10.7,10.6,10.1,10.7,11.4,12.0,12.4,13.3,12.0,13.5,14.1,15.3,15.6
018131,6.0,6.6,6.6,7.2,7.7,8.0,8.3,9.0,9.5,8.7,8.9,9.9,8.7,8.8,9.5,9.4,10.4,11.1,11.6,12.8,11.5,11.8,12.8,13.7,14.1
018133,7.2,7.7,8.4,8.6,9.6,9.0,10.1,10.4,10.6,9.9,10.1,11.2,10.2,10.5,10.8,11.1,11.3,12.2,13.0,13.1,11.6,13.5,15.0,16.1,15.7
018134,7.8,7.8,8.8,9.0,9.0,10.5,10.9,10.8,11.9,9.9,10.9,12.1,11.3,11.1,11.7,12.2,12.6,12.2,12.9,13.7,12.9,14.4,15.8,16.3,17.4
018135,6.1,6.0,6.8,6.8,7.1,7.8,7.7,8.4,7.5,7.9,8.6,8.4,8.0,8.7,8.5,8.9,8.9,10.0,10.7,10.6,9.6,10.8,11.6,12.7,12.9
018136,8.0,8.4,8.2,8.6,9.1,9.6,9.8,9.7,10.9,9.8,10.7,11.3,11.0,10.8,10.5,11.8,11.0,12.6,13.4,13.5,12.2,12.5,14.5,15.1,16.1
018137,8.7,8.6,9.0,10.0,10.1,10.5,11.2,11.7,11.8,11.1,11.6,11.8,12.2,12.0,11.9,13.1,12.9,13.5,14.4,13.5,14.0,14.2,15.6,16.4,16.7
018138,6.8,7.0,7.1,7.2,8.2,8.3,8.7,9.1,9.6,9.8,9.9,10.2,9.3,9.4,10.3,10.4,10.8,11.8,12.5,12.2,12.0,12.6,13.8,14.7,14.6
018139,5.0,5.6,5.7,6.2,6.8,6.8,7.3,7.8,8.0,7.1,8.2,8.1,7.8,8.0,8.7,8.3,9.4,9.6,9.8,9.7,9.5,10.2,11.3,11.7,13.0
018140,7.3,8.0,8.4,9.0,9.4,9.1,9.9,10.4,10.5,9.9,11.0,10.8,10.0,10.4,11.1,11.3,12.1,12.6,13.2,13.3,12.6,13.9,15.5,16.0,16.3
018141,8.0,8.3,8.7,9.0,8.5,9.4,10.3,10.6,11.0,11.1,10.6,10.7,11.4,10.4,10.9,11.5,12.4,11.8,13.2,13.8,12.3,14.2,14.0,15.9,16.4
018142,9.4,10.6,10.3,11.2,11.1,11.9,11.9,13.0,13.7,12.8,13.1,14.1,13.2,13.6,14.0,14.2,15.0,14.9,15.6,16.1,15.3,16.6,17.1,18.9,18.3
018143,5.4,5.2,5.6,6.2,7.1,7.0,7.5,7.7,7.8,7.4,8.2,8.1,8.2,7.8,8.7,9.1,8.9,9.8,10.1,10.1,9.9,10.2,11.3,11.5,12.3
018144,5.6,6.0,6.5,6.0,7.2,7.4,7.4,8.3,8.0,7.8,8.2,9.0,8.5,8.7,8.6,8.7,9.4,9.9,10.8,11.0,9.9,11.3,11.8,12.9,12.8
018145,7.6,8.1,8.6,9.0,9.0,10.3,10.5,10.6,11.3,10.3,10.9,11.4,11.5,10.7,11.7,12.7,12.7,13.0,14.1,14.0,13.1,15.1,14.8,16.8,16.9
018146,5.5,6.0,6.5,6.5,7.6,7.8,7.4,7.9,8.5,8.1,8.0,8.8,8.5,8.2,8.3,9.1,9.1,10.4,10.7,10.8,9.9,10.8,11.8,12.1,12.7
018147,4.8,5.2,5.2,5.7,5.8,6.6,6.1,6.7,7.1,7.0,7.3,7.4,6.8,7.4,7.0,7.3,8.0,8.2,8.8,9.1,8.5,9.1,10.1,10.5,10.8
018148,5.5,5.6,6.4,6.3,7.3,7.8,7.8,7.9,9.0,8.5,8.5,9.0,9.5,8.7,8.7,9.8,10.0,10.2,11.1,11.3,10.3,11.8,12.9,13.6,13.7
018149,6.2,7.4,7.7,7.7,9.0,8.4,9.0,9.0,10.1,9.8,10.5,9.9,9.8,10.1,9.7,10.7,11.2,11.9,11.6,13.0,11.3,12.1,14.1,14.1,15.8
018150,7.3,7.9,7.6,8.6,8.5,9.3,9.5,10.2,10.2,10.3,10.3,10.9,10.2,10.0,10.5,11.0,11.0,11.1,12.5,12.7,10.8,13.2,13.8,14.9,15.3
018151,6.2,6.7,7.0,7.3,7.5,7.6,8.3,9.2,8.6,8.9,9.3,9.5,8.9,8.4,9.3,10.1,10.6,10.5,10.9,11.2,10.8,11.8,12.3,13.8,13.8
018152,5.9,6.7,7.0,7.1,7.7,8.7,8.1,9.2,9.7,9.4,9.7,9.9,9.6,8.8,9.5,11.3,11.8,12.7,11.6,13.4,11.3,13.2,14.0,15.2,16.5
018153,7.2,8.0,8.1,8.6,9.2,9.3,10.1,11.3,11.1,10.9,11.0,11.6,10.8,10.5,11.9,11.8,12.7,12.6,13.4,14.2,13.0,13.7,15.4,16.4,18.0
018154,5.8,6.2,6.5,7.1,6.9,7.7,8.1,8.5,8.7,8.7,9.3,9.1,9.5,8.5,9.0,10.3,9.8,10.6,11.2,11.5,10.6,11.6,12.8,14.5,14.4
018155,6.5,6.8,6.9,7.3,8.4,8.0,8.1,8.9,10.6,9.3,9.5,10.6,10.0,10.2,10.2,11.4,10.9,11.6,12.2,12.6,11.6,14.1,14.1,15.2,15.1
018156,5.8,5.4,6.3,6.0,6.7,7.1,7.0,7.7,8.1,7.5,8.3,8.5,8.1,7.6,8.2,7.8,8.3,8.8,9.7,10.5,10.0,10.8,12.2,12.9,13.5
018157,5.1,5.7,5.7,6.2,6.4,7.0,7.2,7.4,7.8,7.4,8.1,7.9,8.3,7.9,8.5,8.7,9.3,9.9,10.1,10.7,9.2,11.2,12.2,12.3,13.4
018158,6.4,6.8,7.4,8.2,8.4,8.3,8.9,9.5,9.7,9.3,9.5,10.3,9.6,10.1,10.8,10.6,11.8,11.5,11.8,12.5,12.1,13.0,14.1,15.5,15.4
018159,5.3,6.0,5.6,6.1,6.2,7.1,7.0,7.8,7.4,8.0,7.9,8.4,8.1,7.8,8.2,8.5,8.8,8.9,9.7,10.1,9.2,10.3,11.0,12.1,11.9
018160,5.2,6.1,6.4,6.5,6.4,6.9,7.7,8.0,8.8,7.7,8.6,8.4,8.1,8.2,8.4,8.4,9.3,9.2,9.9,10.5,9.5,10.7,11.0,12.4,12.7
018161,7.9,8.5,8.7,9.5,9.3,10.0,10.8,10.8,11.6,11.7,12.4,11.9,11.6,11.0,12.1,12.5,12.1,13.8,13.7,14.3,12.6,13.6,15.5,16.5,16.4
018162,6.3,6.7,6.7,7.2,7.7,8.1,8.2,8.2,9.0,8.8,8.9,8.9,8.8,8.8,8.9,9.3,10.0,9.8,10.7,10.6,10.0,11.4,12.2,12.7,13.4
018163,7.8,8.0,9.2,9.0,9.7,10.6,10.4,10.9,11.2,10.8,11.3,12.2,11.9,10.4,11.6,11.9,12.9,12.3,14.0,13.8,12.8,14.3,15.0,16.4,16.5
018164,5.5,5.1,5.8,5.9,6.3,7.2,7.6,8.1,8.2,7.7,8.7,8.5,8.2,8.8,8.1,8.8,8.7,9.8,9.9,10.4,10.4,10.6,12.0,12.4,12.9
018165,5.2,5.9,6.2,6.6,6.9,6.6,7.8,7.9,8.1,7.5,8.3,9.1,8.3,8.4,8.7,8.9,9.2,9.5,9.7,10.5,9.8,10.8,12.6,12.3,13.3
018166,6.0,6.2,6.6,6.8,7.3,8.1,7.9,8.5,9.5,8.9,9.4,9.9,8.9,8.6,9.5,10.1,10.9,10.9,11.7,11.7,10.8,12.3,13.0,13.9,14.1
018167,6.8,6.7,7.2,8.5,8.1,9.2,9.0,9.8,10.5,9.6,10.2,10.6,10.7,9.8,11.2,11.2,11.7,11.9,12.2,12.4,11.7,13.3,14.2,14.7,14.5
018168,7.9,8.1,8.8,8.7,9.3,9.9,10.0,10.6,11.0,10.7,11.1,11.9,11.0,11.0,11.3,11.8,12.5,11.7,14.0,13.7,12.7,14.7,15.0,16.4,16.3
018169,6.9,7.6,7.7,8.9,8.4,9.0,9.6,10.4,10.4,9.6,10.4,11.2,10.6,10.1,11.0,10.9,11.3,12.7,12.4,13.2,12.3,13.1,14.6,15.6,15.6
018171,4.9,5.0,5.4,5.5,6.3,6.4,6.5,7.1,8.0,7.5,7.8,8.1,7.7,7.8,7.9,8.6,8.5,9.3,9.5,10.0,9.3,10.2,11.3,11.8,11.7
018172,6.2,6.3,7.1,7.9,7.9,8.6,8.8,9.1,9.2,8.6,9.5,10.3,9.7,9.4,9.8,10.7,11.0,11.8,11.4,12.0,10.7,12.6,13.6,14.2,15.7
018173,6.9,6.8,7.2,7.7,7.7,8.3,8.8,9.7,9.8,9.1,9.9,10.6,9.7,9.8,9.6,10.2,10.6,10.8,11.9,11.7,11.2,12.5,14.2,14.8,15.2
018174,5.4,6.0,5.9,6.5,6.5,7.1,7.7,7.7,8.5,7.6,7.7,8.5,8.2,7.8,7.9,8.4,9.2,9.4,9.9,10.2,9.0,9.8,10.9,11.3,12.0
018175,7.3,7.8,7.4,8.3,8.1,9.3,9.4,9.6,10.6,9.6,11.0,11.3,11.2,10.6,10.4,11.1,11.9,12.0,12.9,13.4,12.6,13.3,14.7,15.0,16.2
018176,7.2,7.9,7.8,7.8,8.9,9.1,9.6,9.6,9.7,9.4,10.4,10.4,10.6,9.4,10.5,10.7,10.6,11.2,12.1,13.0,11.3,13.6,14.2,14.1,14.5
018177,6.1,6.7,6.6,6.8,7.5,8.1,8.3,8.3,9.1,8.9,8.7,10.2,8.8,8.7,9.5,10.1,9.9,10.7,10.8,10.8,9.9,11.3,12.2,13.5,14.0
018178,6.4,7.4,7.7,8.2,8.6,9.1,9.8,9.5,10.5,9.6,10.2,10.7,10.4,10.0,10.3,10.4,10.9,11.2,12.5,13.1,11.6,12.5,13.5,14.4,16.1
018179,6.5,6.5,7.0,7.1,7.8,7.8,8.3,8.8,9.7,8.9,8.7,9.4,9.3,9.2,9.2,10.0,10.1,10.6,10.8,11.2,10.9,11.6,12.6,13.0,14.2
018180,7.1,7.6,7.9,8.7,9.2,9.0,9.3,10.5,11.0,10.1,10.2,10.5,11.3,10.2,11.2,11.2,11.6,12.0,13.0,13.4,11.8,13.3,14.6,15.9,16.2
018181,8.8,9.4,9.8,10.0,10.4,10.3,11.5,11.7,11.8,11.7,12.4,12.4,12.6,11.8,12.4,12.8,13.4,14.0,14.2,15.4,14.4,15.3,16.5,17.3,17.0
018182,7.5,7.7,8.0,8.5,9.2,9.0,9.9,10.1,10.5,9.9,10.9,10.8,10.5,10.4,10.6,11.4,12.0,12.5,12.9,13.4,12.2,13.2,15.1,14.4,16.0
018183,7.1,7.3,8.0,8.4,8.5,9.0,9.6,10.1,10.9,9.8,10.4,11.0,11.2,10.8,10.3,11.2,11.6,12.7,12.4,12.6,12.1,13.0,13.7,14.0,14.8
018184,5.4,6.0,6.4,6.0,6.1,6.8,7.6,7.6,8.5,7.7,8.0,8.5,7.7,8.3,7.9,8.9,9.0,9.4,10.1,10.3,9.5,10.7,11.1,13.0,13.2
018185,4.4,5.0,5.1,5.2,5.2,6.0,6.4,6.3,7.2,6.8,6.8,7.4,6.9,6.6,7.3,7.6,7.6,8.0,8.6,8.9,8.3,9.1,9.9,10.5,10.6
018186,6.7,6.8,7.8,7.7,8.3,8.8,8.4,9.5,9.8,9.3,10.0,10.8,9.9,9.2,9.8,11.0,11.3,12.0,12.7,13.2,11.5,13.1,13.8,14.5,15.0
018187,7.4,7.4,8.2,8.4,8.9,9.1,9.7,10.2,10.6,9.8,10.1,10.5,10.4,10.1,10.5,10.7,11.2,11.0,11.7,12.2,11.4,12.4,13.0,14.8,14.8
018188,8.1,9.1,8.7,9.2,9.7,9.8,11.0,10.8,11.8,10.9,11.5,12.0,11.8,11.2,12.2,12.3,12.6,13.1,14.3,14.2,13.6,14.7,16.3,16.6,17.0
018189,6.9,7.2,8.0,8.0,9.2,8.6,9.5,9.7,10.1,10.2,10.8,10.9,10.2,10.1,11.0,11.3,11.3,11.8,12.2,12.7,12.2,12.4,13.6,15.2,15.3
018190,6.4,7.3,7.1,7.8,8.4,8.3,8.5,9.4,9.5,9.1,9.5,10.6,10.0,10.3,10.8,11.4,11.5,12.3,11.9,12.8,11.7,12.7,14.6,15.9,15.2
018191,6.9,7.6,7.5,7.5,8.5,8.7,9.6,9.8,10.1,9.6,9.8,10.5,10.2,10.2,10.4,10.9,11.1,11.4,12.2,12.7,12.1,12.6,13.5,14.7,15.9
018192,6.4,6.7,7.0,7.6,7.9,9.1,8.7,9.0,9.7,9.0,10.3,10.1,10.3,9.3,9.8,10.5,10.3,12.0,11.2,11.7,11.0,12.5,13.0,14.9,14.3
018193,7.7,8.1,8.8,9.2,8.8,9.3,10.5,10.6,11.4,10.1,11.5,12.1,11.1,11.2,11.8,11.8,12.9,13.0,13.3,13.9,12.2,13.8,15.6,16.5,15.5
019001,5.9,6.0,6.7,6.6,7.0,7.0,7.9,7.6,8.5,7.9,7.9,8.6,8.2,7.8,8.7,8.6,9.4,9.4,10.1,10.0,9.2,10.3,11.0,11.2,12.1
019002,5.3,5.6,6.0,6.8,6.6,6.8,7.3,7.6,8.3,8.2,8.5,9.3,8.7,8.5,8.8,8.8,9.6,10.6,10.8,10.9,9.5,10.7,12.1,12.9,13.9
019003,5.3,5.6,6.2,5.8,6.9,6.6,7.9,8.1,8.8,8.4,8.3,9.4,8.4,8.8,8.9,9.5,9.2,10.3,11.2,11.2,10.3,11.0,13.0,13.9,14.4
019004,2.8,3.4,3.7,3.5,3.6,4.7,4.4,4.7,4.9,5.0,5.2,5.5,5.6,5.3,5.9,5.8,6.5,7.0,6.4,6.8,6.6,7.3,8.5,9.3,9.2
019005,6.0,6.3,6.6,6.8,7.1,7.5,7.7,8.1,8.1,7.8,8.6,9.1,8.5,8.6,8.7,9.3,9.2,9.7,10.1,10.2,10.4,11.2,12.0,13.1,12.9
019006,5.4,6.2,5.7,6.8,6.8,7.4,7.8,8.1,8.0,8.0,8.1,8.9,8.1,9.0,9.0,9.2,9.5,9.5,10.6,10.3,9.9,11.1,11.7,12.3,12.8
019007,7.2,7.5,8.5,8.0,8.8,9.1,9.4,10.1,10.7,10.2,10.7,11.2,10.5,10.0,10.6,11.6,11.4,12.2,12.3,12.9,12.2,13.0,14.1,14.6,15.4
019009,5.4,6.1,6.4,6.5,6.9,7.1,8.3,8.4,8.4,7.9,8.4,8.5,8.5,8.1,8.9,9.2,10.3,9.8,10.7,11.2,9.5,10.9,13.0,13.3,14.2
019010,6.1,6.5,6.3,6.8,7.4,7.7,7.4,8.1,8.1,8.1,8.3,8.8,8.3,8.1,8.3,8.6,9.5,9.7,10.0,10.9,9.6,10.4,11.4,12.1,12.3
019011,6.3,7.6,7.3,8.2,8.5,8.6,9.5,9.5,9.8,9.9,9.8,10.7,10.7,9.7,10.7,10.3,10.7,11.9,11.9,12.3,11.8,12.3,13.7,14.0,14.5
019012,9.6,10.1,10.9,11.1,11.2,11.5,12.4,13.2,13.7,12.3,12.8,13.4,12.8,13.8,13.4,14.3,14.8,15.2,15.3,16.7,14.6,16.3,17.6,17.1,18.5
019013,3.9,4.1,4.4,5.0,5.0,5.4,5.6,6.2,6.5,5.9,6.0,5.8,6.0,5.6,6.2,6.2,6.8,6.9,7.7,7.9,7.1,8.6,8.5,10.6,10.0
019014,6.8,7.4,7.3,8.3,7.9,8.9,8.9,9.4,9.2,9.4,9.3,9.4,9.4,9.9,9.6,10.5,11.1,11.0,11.8,11.6,11.0,13.0,13.4,14.8,16.5
019015,4.9,5.3,5.5,5.7,6.2,6.8,7.8,7.5,8.1,7.8,7.9,7.9,7.5,8.1,7.9,8.3,8.9,9.0,9.9,10.0,10.1,10.9,11.5,12.3,12.4
019016,5.0,5.3,5.7,6.2,6.7,6.9,7.3,7.8,8.0,7.4,8.5,9.0,8.1,7.8,8.3,8.8,9.4,10.0,10.2,10.0,9.9,10.2,10.8,13.0,12.8
019017,3.2,3.3,3.9,4.1,4.6,4.6,5.1,5.5,5.1,5.3,6.3,5.9,5.6,5.8,6.2,6.0,7.3,7.0,7.5,8.1,7.6,8.5,9.0,9.9,10.2
019018,6.0,6.6,6.3,6.8,7.5,7.6,8.3,8.3,8.9,8.9,9.1,9.4,8.9,9.5,9.1,9.3,10.4,10.6,11.7,11.7,10.8,11.0,13.3,13.6,13.9
019019,10.4,10.2,11.0,11.1,11.5,12.6,12.9,13.3,13.9,13.7,13.8,14.1,13.0,14.1,14.4,14.5,14.8,15.9,15.8,16.1,15.1,16.3,16.7,18.4,18.8
019020,5.4,5.7,6.4,6.5,6.1,7.1,7.4,7.7,8.4,7.7,8.2,7.7,7.4,7.4,7.9,8.3,8.4,8.9,9.4,9.2,8.8,10.1,10.0,11.6,11.0
019021,6.7,7.6,7.6,8.0,8.5,9.0,9.1,9.6,10.2,9.9,9.9,10.8,10.4,9.8,11.1,11.1,12.0,12.3,12.7,13.8,11.8,12.9,14.3,15.2,17.0
019022,7.9,9.5,9.2,9.8,10.1,10.0,10.5,10.3,11.4,10.6,10.8,11.5,10.9,10.6,11.5,12.4,11.8,13.3,14.0,14.0,13.3,14.3,16.0,16.1,16.8
019023,6.8,7.4,7.0,7.5,7.9,8.7,9.6,9.4,10.3,9.3,9.9,10.1,9.7,9.5,10.2,10.4,11.0,11.3,12.0,12.9,11.8,12.7,13.7,14.9,15.2
019024,4.7,4.9,5.2,5.4,5.9,6.3,6.3,6.8,7.0,7.1,7.5,7.4,7.7,7.3,8.3,8.1,8.4,9.0,10.1,10.2,9.0,10.5,11.6,12.3,13.3
019025,5.9,6.6,6.9,6.6,7.4,7.5,8.3,8.8,9.4,8.5,9.1,9.9,9.1,8.7,9.8,10.0,9.8,11.2,11.0,11.6,10.8,11.2,12.3,12.7,13.5
019026,4.9,5.5,5.7,6.2,6.4,6.7,6.5,7.1,8.0,7.1,7.2,7.7,7.5,7.5,8.3,8.5,8.6,8.8,9.1,9.8,9.3,9.9,10.5,11.4,12.2
019027,4.4,4.5,5.0,5.1,5.5,5.2,5.9,6.3,7.0,6.7,6.5,6.9,6.8,6.2,7.0,7.5,7.3,8.1,8.1,7.9,7.3,8.3,9.6,10.0,9.9
019028,7.6,8.0,8.4,8.9,9.4,10.0,10.5,10.6,11.2,10.5,11.2,11.5,11.0,10.4,11.6,11.4,12.0,12.4,13.2,13.6,12.9,13.3,14.7,16.2,16.5
019029,5.0,5.5,5.9,6.0,6.6,7.0,7.4,7.5,7.9,7.7,7.8,7.8,7.8,7.6,7.4,8.4,8.4,8.9,9.3,10.2,9.1,9.4,11.1,11.5,12.2
019030,6.6,6.6,7.6,7.7,7.7,8.2,8.1,9.2,9.1,8.4,9.0,10.3,9.3,9.3,10.0,9.7,10.9,11.6,11.0,11.5,10.8,11.6,13.2,14.3,14.8
019031,3.8,4.2,3.9,4.4,4.9,4.4,4.9,5.5,5.6,5.7,5.4,5.8,6.3,5.6,5.8,6.4,6.8,6.5,7.0,7.8,6.8,7.9,8.9,9.1,9.7
019032,5.0,5.5,5.4,6.1,6.2,6.7,6.7,7.6,7.6,6.8,7.4,7.8,8.0,7.2,7.7,8.3,8.5,9.4,9.3,10.3,9.7,9.9,11.1,12.0,12.2
019033,4.1,4.9,4.7,4.9,5.5,5.6,6.3,6.5,6.3,6.4,6.5,7.7,6.5,7.1,6.9,7.4,7.5,8.9,9.0,8.6,8.5,9.2,9.5,10.8,11.6
019034,7.6,7.7,8.2,8.9,9.0,9.8,9.9,10.9,10.9,9.5,10.5,11.1,10.8,10.3,10.1,11.3,12.0,12.6,12.4,13.2,12.3,13.4,14.5,14.8,15.7
019035,7.6,7.8,8.4,8.5,9.0,9.6,10.1,10.4,11.2,9.8,10.9,11.1,10.5,11.0,11.6,11.4,12.0,12.5,12.9,13.6,12.2,13.6,13.6,15.4,16.2
019036,9.5,10.1,10.3,10.8,12.1,11.4,12.1,13.2,13.8,13.3,12.5,12.9,13.3,13.0,13.0,13.1,13.7,14.2,14.4,16.5,14.0,14.8,15.8,17.1,18.6
019037,8.7,9.3,9.6,10.0,10.1,10.3,10.9,11.1,12.0,11.3,11.1,12.3,12.3,12.0,12.3,12.6,13.5,14.4,13.9,14.8,13.5,14.5,15.3,17.0,16.9
019038,7.4,8.2,8.8,8.4,8.9,9.2,10.0,10.6,10.1,10.3,10.8,11.2,10.9,9.9,10.5,11.0,12.0,12.5,12.0,13.5,12.2,14.0,14.9,16.2,15.8
019039,3.9,4.0,4.4,4.5,5.1,5.2,5.9,5.7,6.4,6.4,6.7,6.5,6.6,6.0,6.9,7.1,7.2,8.2,7.9,8.7,8.0,9.0,9.6,10.2,10.3
019040,7.6,7.6,8.7,8.8,8.8,9.2,9.5,10.3,10.2,9.4,10.7,10.6,10.4,10.7,10.4,11.7,11.5,11.9,12.1,13.2,12.0,13.0,14.3,15.1,14.2
019041,4.7,4.6,5.2,5.5,5.4,6.1,6.2,6.7,6.9,6.8,7.3,7.2,6.8,7.1,7.1,7.4,8.0,8.4,8.6,8.2,7.7,8.9,9.6,9.9,10.6
019043,5.0,5.3,5.7,5.7,5.9,6.8,6.4,7.5,8.4,7.4,7.9,8.4,7.7,8.0,7.8,9.2,8.5,9.0,10.1,10.1,8.9,10.5,10.6,11.9,12.8
019044,6.0,6.6,7.0,7.4,7.5,7.9,8.3,9.6,9.7,9.0,9.4,9.4,9.5,9.6,10.3,11.0,10.6,11.9,12.3,12.3,11.3,13.0,13.5,14.5,15.8
019045,8.5,8.3,9.1,9.0,9.7,9.8,11.1,11.6,12.5,10.2,11.8,12.5,12.0,11.8,13.0,12.5,13.6,13.8,14.5,14.7,14.1,16.2,16.0,17.0,17.5
019046,6.4,6.0,6.7,6.9,7.3,7.4,7.8,7.5,8.0,8.3,7.9,8.6,8.0,7.9,8.3,8.3,9.2,9.7,9.4,10.6,9.0,10.5,11.4,11.8,12.6
019047,5.5,6.0,5.8,6.5,6.4,7.1,7.8,7.4,8.9,7.9,8.4,8.5,8.4,8.4,8.8,9.0,9.3,9.7,9.9,10.2,9.3,10.6,10.8,12.3,12.2
019048,6.6,6.9,7.5,7.8,7.8,8.6,8.6,8.4,8.9,8.7,8.5,9.2,8.8,9.3,9.4,9.7,10.3,10.8,11.1,10.6,10.3,12.0,13.0,13.5,14.1
019049,11.0,11.0,11.6,12.7,12.0,12.9,12.9,13.4,13.8,13.3,13.7,15.2,14.0,14.0,14.2,14.5,14.7,15.4,15.9,16.5,15.6,17.1,17.8,19.4,19.3
019050,8.1,9.2,8.8,9.5,10.3,10.1,10.4,10.7,11.2,11.3,10.8,11.9,11.7,11.2,12.2,12.3,12.5,13.4,12.7,13.7,13.5,15.5,14.9,16.2,16.8
019051,5.5,5.9,6.0,6.7,7.4,7.7,7.2,7.8,8.1,8.4,8.4,8.8,8.1,8.9,8.4,8.7,9.2,9.7,10.0,10.5,9.7,11.0,11.5,11.8,13.2
019052,8.5,8.7,8.7,9.0,10.4,10.3,10.5,10.4,11.7,10.7,11.0,12.1,11.5,11.3,11.8,12.2,12.0,13.3,14.1,14.6,13.5,14.5,15.6,17.2,17.6
019053,7.8,8.3,9.2,9.8,10.6,10.9,11.1,12.1,12.0,12.0,12.0,12.3,13.2,11.6,12.7,13.4,12.9,15.1,15.3,14.4,14.5,14.9,16.7,17.5,18.1
019054,4.9,5.1,5.6,5.7,5.9,6.4,6.8,7.1,8.0,8.3,7.7,8.1,8.1,7.4,8.5,8.2,9.1,8.8,9.8,9.9,9.3,10.3,11.1,12.3,12.4
019055,6.4,6.6,6.6,7.0,7.4,7.7,8.3,8.6,8.9,8.3,8.7,9.7,9.2,9.0,9.5,9.4,9.2,9.9,10.9,11.3,10.9,11.0,12.6,13.5,13.8
019056,6.8,7.3,7.8,8.2,8.0,8.9,9.4,10.1,9.7,9.5,10.0,10.6,9.7,9.4,9.7,10.4,10.3,11.1,12.0,12.1,11.2,12.3,13.2,13.5,14.1
019057,8.4,8.4,8.4,8.8,8.7,9.0,9.9,10.5,10.7,9.9,11.0,12.2,10.6,10.7,11.4,11.3,12.4,12.7,13.7,13.8,12.8,13.5,15.6,15.8,16.3
019058,9.0,9.4,9.9,10.0,10.2,11.0,12.0,12.2,12.7,11.7,12.6,13.0,12.9,12.7,13.2,12.8,14.1,14.0,14.9,14.5,14.1,14.9,16.2,16.8,17.8
019059,6.6,7.4,7.2,7.6,8.3,8.9,9.9,9.8,9.3,9.2,9.8,10.1,9.7,10.0,10.5,11.1,11.6,12.3,12.5,12.9,12.3,13.2,13.9,15.4,16.0
019060,4.0,4.5,4.5,5.0,4.8,5.5,5.8,6.5,6.3,6.2,6.9,7.3,6.6,7.1,7.1,7.7,8.4,8.2,8.4,9.5,8.9,9.0,10.4,11.6,11.7
019061,7.6,8.9,8.4,9.0,9.6,9.6,10.0,11.0,11.6,11.1,11.0,11.4,11.0,11.3,11.0,11.9,12.7,12.3,13.3,13.5,12.9,13.7,14.8,16.1,16.5
019062,8.2,8.7,9.3,9.5,10.6,10.3,10.3,11.1,11.5,11.7,11.6,12.3,12.0,11.5,11.6,11.9,13.0,12.7,13.8,13.9,13.2,14.3,14.7,15.7,15.9
019063,10.2,10.2,10.5,10.5,11.2,11.6,12.8,12.9,13.3,12.5,12.5,12.8,12.8,12.1,13.3,13.4,13.9,14.9,15.2,15.1,14.5,16.5,16.3,17.3,18.2
019064,9.7,10.3,10.9,11.6,12.6,12.5,12.0,13.6,13.4,13.1,13.8,13.7,13.9,13.8,13.6,14.1,14.5,15.3,15.6,16.5,15.3,16.3,19.0,18.6,20.1
019065,5.5,6.5,6.4,7.2,7.3,8.1,8.5,8.7,9.3,9.3,9.0,9.4,9.3,9.4,9.2,9.6,10.8,11.4,11.6,11.8,11.2,12.4,14.0,14.3,15.4
019066,7.7,8.0,8.4,8.3,8.4,9.2,9.2,10.4,10.2,9.7,10.4,10.4,10.6,10.2,10.2,11.4,11.1,11.8,12.2,12.1,11.9,13.4,13.7,14.2,15.1
019067,6.9,7.1,7.3,8.2,8.2,8.5,8.7,9.9,9.6,10.1,9.7,10.1,10.2,9.8,10.5,10.0,11.1,11.1,11.8,12.4,11.1,12.5,13.4,14.5,15.0
019068,6.4,6.5,6.8,7.3,7.1,8.0,7.7,8.8,9.1,8.9,8.8,8.8,8.5,9.1,9.0,10.1,9.9,10.7,10.7,11.9,10.3,11.1,12.2,13.5,14.1
019069,6.4,6.6,6.9,7.3,7.4,8.2,8.3,8.9,8.5,8.8,8.7,9.2,8.1,8.5,8.9,9.4,9.5,9.5,10.7,10.5,9.8,11.3,11.8,12.1,13.1
019070,5.3,5.9,5.9,6.7,6.5,6.9,7.3,7.7,7.9,7.5,7.9,8.4,8.0,7.4,8.2,9.3,9.0,9.4,10.0,9.4,9.8,10.7,10.5,11.5,12.6
019072,4.7,5.1,5.3,6.0,5.9,6.4,7.0,7.2,7.7,7.2,7.8,7.8,8.5,7.1,7.9,8.9,9.2,9.0,9.7,10.0,9.2,10.7,11.5,12.7,12.3
019073,6.0,5.9,6.7,6.7,6.9,7.3,7.5,8.0,8.4,7.9,8.5,8.7,8.4,8.5,8.2,9.3,9.0,10.3,9.7,10.9,9.5,10.6,11.3,12.6,13.5
019074,6.8,7.3,7.5,8.3,7.9,8.8,9.2,9.5,10.1,9.4,10.0,10.5,9.9,9.9,10.1,10.6,11.0,11.5,12.3,12.7,11.4,12.3,13.6,13.7,15.0
019075,4.3,4.9,5.5,5.6,6.5,6.3,7.0,7.5,7.5,7.4,7.7,8.1,8.0,7.2,8.2,8.3,8.6,9.7,9.4,10.0,9.7,10.3,11.3,12.9,11.6
019076,6.8,7.6,8.0,8.6,8.8,9.4,9.7,10.8,11.6,10.2,10.7,11.0,10.6,11.1,11.6,11.8,11.9,12.7,13.4,13.6,12.6,14.0,14.9,15.6,16.7
019077,7.2,7.2,7.2,7.5,8.0,8.9,9.1,9.2,9.3,9.5,9.5,9.9,9.9,9.7,10.0,9.9,9.9,11.0,11.4,11.6,11.5,12.4,12.6,14.3,14.5
019078,7.1,7.2,7.0,7.9,8.9,8.7,9.0,9.7,10.5,9.8,9.7,10.5,10.0,10.1,10.6,10.9,11.8,11.0,12.7,13.2,11.9,13.3,14.1,14.7,16.1
019079,4.4,4.7,5.0,5.3,5.5,5.6,6.2,6.5,6.7,7.1,6.9,7.5,7.4,7.3,7.7,8.3,8.1,8.2,8.7,9.2,9.4,9.0,10.4,11.1,12.1
019080,4.8,5.2,5.8,5.4,6.2,6.4,7.2,7.0,7.2,7.0,7.7,7.7,7.5,7.3,7.8,8.2,8.8,8.7,9.6,9.6,8.5,9.5,10.3,11.4,12.3
019081,5.9,6.2,7.0,7.3,7.6,8.5,8.0,9.1,9.4,8.8,9.4,10.1,9.8,9.5,9.7,9.3,11.5,11.2,12.2,11.9,12.1,12.1,14.7,14.4,15.5
019082,5.4,5.3,6.0,6.0,6.1,7.2,7.3,7.8,8.7,7.8,8.4,9.4,8.4,8.3,8.7,10.0,9.7,10.4,11.5,11.2,10.4,11.3,12.6,14.3,14.5
019083,7.2,7.7,7.8,8.0,8.6,8.6,9.7,9.6,10.3,9.6,10.5,10.5,10.3,9.9,10.6,10.4,11.4,11.5,12.3,12.5,12.0,13.9,14.2,14.5,15.5
019084,9.1,8.8,9.1,9.3,9.9,10.8,10.8,12.0,11.7,10.8,11.5,12.6,11.6,12.1,11.8,12.8,13.0,13.5,14.0,15.0,13.4,14.6,15.6,17.3,17.1
019085,4.0,4.6,5.3,5.3,5.8,6.2,6.4,6.5,6.8,7.1,7.6,7.2,7.4,7.1,7.1,7.9,8.0,8.6,8.7,9.9,9.0,9.4,10.8,11.0,11.8
019086,7.7,8.1,8.2,8.4,8.9,9.6,10.1,10.0,11.5,10.2,11.3,11.1,10.9,10.8,11.2,11.4,11.9,12.3,12.8,12.8,12.5,13.6,15.0,15.8,15.7
019087,9.1,9.4,9.8,10.5,11.0,11.4,11.6,11.5,13.9,12.0,12.6,13.3,12.9,12.4,13.4,13.9,14.4,14.4,15.1,15.7,14.9,16.1,16.4,18.5,18.3
019088,5.0,6.3,6.4,6.7,7.5,7.2,8.0,8.4,8.8,8.7,9.0,9.2,9.2,8.9,9.8,9.2,10.4,11.4,10.7,12.1,10.7,12.2,13.0,13.8,15.0
019089,6.1,6.3,6.6,7.5,8.0,8.1,8.0,9.3,8.7,8.5,8.6,8.7,9.4,8.8,9.7,9.8,9.8,11.0,10.7,11.3,9.9,12.0,12.4,13.8,13.8
019090,3.6,4.0,4.6,4.7,5.2,4.9,5.6,5.9,6.8,5.9,6.3,6.5,6.2,6.6,6.7,7.1,7.3,7.6,7.3,8.2,7.9,9.0,9.0,9.7,10.5
019091,5.9,6.5,6.7,6.6,7.2,7.8,7.9,8.3,8.4,8.6,8.6,9.2,9.2,8.6,9.1,9.9,10.5,10.2,11.4,11.5,10.5,10.9,12.3,13.1,13.3
019092,5.7,6.4,6.3,6.5,7.1,7.0,7.5,7.8,8.2,7.9,8.1,8.6,8.3,8.4,8.6,8.5,9.2,9.7,9.6,10.0,9.3,10.4,11.0,12.5,12.6
019093,5.5,6.6,6.6,7.0,7.4,7.5,8.1,8.3,9.7,8.6,8.8,9.2,9.1,9.5,9.4,9.9,10.0,10.5,10.6,11.3,11.0,11.5,12.6,13.4,14.2
019094,6.5,7.0,7.3,7.6,8.1,8.4,8.7,9.0,9.6,9.2,9.8,10.1,9.4,9.4,9.4,10.1,10.7,11.6,10.7,11.7,11.6,11.8,12.8,13.9,14.2
019095,6.4,6.4,6.6,6.5,7.0,7.5,7.3,8.1,9.1,8.4,8.7,9.1,8.7,8.4,8.5,9.2,9.5,9.8,10.5,11.7,10.0,11.1,12.2,13.7,13.0
019096,6.5,7.1,7.0,7.8,8.5,8.2,9.2,9.6,9.9,9.1,9.5,10.1,10.0,9.3,10.1,10.6,11.0,10.5,11.4,12.0,11.6,12.7,13.4,14.4,14.1
019097,3.9,4.1,4.1,4.7,5.1,5.4,5.1,6.1,6.6,6.3,6.5,7.0,7.2,6.6,6.7,7.6,7.6,8.6,8.5,8.5,8.1,8.8,9.4,10.1,11.1
019098,3.3,3.8,4.0,4.3,4.0,4.9,4.7,5.2,5.1,5.0,5.1,5.4,5.2,5.5,5.3,5.9,6.2,6.2,6.5,6.4,6.2,6.8,7.8,8.6,8.2
019099,5.6,6.0,6.8,6.2,6.7,7.0,7.8,8.2,7.9,8.4,8.7,8.9,9.1,8.8,8.9,9.5,10.5,9.8,10.4,11.3,10.6,11.4,12.8,12.5,14.4
019100,6.1,6.5,7.3,6.9,7.6,8.1,8.7,8.5,9.0,8.9,8.7,9.3,9.0,9.3,9.6,9.5,9.6,11.3,11.5,11.3,11.3,11.8,13.1,14.0,13.1
019101,2.9,3.0,3.7,3.7,3.7,4.2,3.9,4.3,5.0,4.9,4.7,5.0,4.9,5.0,4.9,5.1,6.0,6.3,5.8,6.5,6.4,7.0,7.6,8.6,9.2
019102,4.4,4.8,4.9,4.9,5.6,5.8,5.7,6.4,6.8,6.4,6.6,7.4,6.2,6.2,6.1,7.0,7.0,8.3,8.0,8.2,7.5,9.1,9.5,10.5,10.5
019103,6.5,7.1,7.3,7.6,7.4,8.7,8.6,9.0,9.0,8.9,9.2,10.0,9.4,9.2,9.4,9.8,10.2,11.1,11.3,11.9,10.8,12.4,12.7,13.1,14.5
019104,8.8,8.4,9.0,10.0,10.1,11.2,11.1,10.8,12.4,11.4,11.9,12.2,12.0,12.1,12.1,12.8,13.3,14.0,13.8,15.0,13.5,15.0,15.9,16.9,17.0
019105,6.0,6.1,6.8,7.0,7.5,7.7,8.0,9.0,9.0,8.7,9.6,9.9,9.6,9.4,9.7,9.8,11.0,11.2,10.8,12.2,11.4,12.3,13.0,13.7,14.8
019106,9.1,9.2,9.0,9.9,10.5,10.7,11.5,11.7,12.4,12.8,11.5,12.7,12.6,12.2,12.4,12.9,14.1,14.3,14.5,15.3,14.5,14.9,16.4,18.2,17.7
019107,5.8,6.0,5.9,6.4,6.8,6.5,7.5,7.5,8.1,8.0,7.9,8.7,8.0,7.8,8.5,8.4,9.3,9.7,9.7,10.1,8.8,9.8,10.9,12.2,11.7
019108,6.5,6.3,7.2,7.0,8.3,8.2,8.2,8.3,8.8,8.6,9.2,8.9,9.4,9.1,9.0,9.4,10.0,10.0,10.7,11.1,10.7,11.1,12.1,13.0,13.1
019109,5.4,5.6,5.7,6.1,6.8,6.6,7.5,7.4,7.4,7.3,8.0,8.4,7.6,7.8,8.1,8.5,8.4,9.3,9.8,10.1,9.6,11.2,11.3,12.9,13.5
019110,8.5,8.4,9.2,9.4,9.7,11.1,11.4,11.7,12.1,11.5,12.3,12.6,11.9,11.9,12.4,12.1,13.2,13.6,13.8,14.4,13.0,13.8,16.3,16.7,16.8
019111,8.1,8.3,8.9,9.5,9.2,9.9,10.1,10.3,10.9,10.1,11.3,11.9,11.0,10.4,11.5,11.9,12.4,13.1,13.6,13.6,12.1,13.4,14.8,15.7,16.3
019112,7.3,7.8,8.5,8.2,8.7,9.4,9.8,10.4,10.5,10.0,9.9,10.6,10.5,10.5,10.8,10.2,10.8,11.3,12.1,12.9,11.4,13.2,13.2,15.0,15.4
019113,7.6,7.9,8.2,8.9,9.3,9.4,9.7,10.2,10.4,10.1,10.2,11.1,10.1,11.1,11.1,11.4,12.4,12.1,12.3,13.3,12.2,13.8,13.7,15.0,15.5
019114,5.3,5.7,6.1,6.3,6.7,7.1,7.8,8.1,8.5,8.3,8.5,8.4,9.0,9.1,9.0,9.8,9.8,10.4,10.4,10.1,10.1,11.2,11.8,12.7,13.6
019115,5.5,5.9,6.5,7.3,7.0,7.5,8.1,8.4,8.5,8.4,8.8,9.0,9.0,8.8,9.4,9.7,10.3,10.2,10.8,11.5,10.4,12.1,12.4,13.2,13.5
019116,5.1,5.5,5.6,6.2,6.3,6.7,7.6,7.3,7.5,7.2,8.0,8.7,8.3,8.3,8.1,9.1,9.0,9.1,9.9,9.8,8.8,10.6,11.3,12.4,12.0
020001,6.3,6.2,6.4,6.6,7.6,8.2,7.8,7.7,8.7,8.7,9.2,9.0,9.1,8.0,9.6,9.4,10.0,10.0,10.2,11.1,10.1,11.5,12.3,13.1,13.3
020002,7.1,7.0,8.1,8.1,8.3,8.6,9.9,9.6,10.3,9.7,10.3,11.0,10.1,9.4,10.3,10.2,11.9,12.5,12.8,12.9,12.2,13.5,13.7,14.5,15.7
020003,8.0,8.5,8.8,9.0,9.6,9.7,10.4,11.7,11.6,11.1,10.8,11.0,11.1,11.3,11.9,11.3,12.2,12.2,14.2,14.2,13.0,14.7,15.2,15.6,16.9
020007,7.8,7.7,8.2,8.5,8.6,8.6,9.2,9.5,10.2,10.0,10.5,10.2,9.9,9.3,10.9,11.1,10.7,11.1,11.4,12.4,11.2,12.2,13.2,14.2,15.3
020008,6.3,7.0,6.7,7.3,7.6,8.5,8.0,8.6,9.6,8.8,9.0,9.7,9.1,8.6,9.0,9.6,10.0,9.9,11.4,10.7,10.3,10.9,12.3,12.7,13.2
020010,4.4,4.4,5.2,5.2,5.8,5.8,6.4,7.0,7.0,6.5,7.2,7.6,7.1,7.1,7.3,8.0,8.0,8.2,8.8,9.3,9.0,9.4,10.3,10.9,11.1
020011,7.6,7.7,8.5,8.1,8.5,9.7,9.9,9.9,10.3,10.5,10.4,11.1,10.7,10.8,11.0,11.9,11.6,12.4,12.6,13.2,12.3,12.8,14.1,14.6,15.7
020012,5.3,5.8,6.0,6.4,6.5,7.4,7.7,7.5,8.2,7.5,8.4,8.1,7.8,8.2,8.6,8.6,8.8,9.7,9.6,10.3,10.2,10.8,11.7,12.3,13.0
020013,7.2,8.1,8.0,8.4,8.6,9.8,9.2,9.9,9.6,9.8,10.3,10.3,10.0,10.3,10.5,10.7,11.9,11.8,12.6,13.4,12.4,12.8,13.9,15.4,15.3
020014,3.4,4.0,3.9,4.1,4.6,4.9,5.3,5.4,5.3,5.1,5.9,6.0,5.6,5.7,6.1,6.6,6.6,6.9,7.0,7.6,7.7,7.8,8.2,9.3,10.1
020015,4.2,4.7,4.5,5.0,5.6,5.8,6.0,6.0,7.2,6.0,7.0,7.2,6.8,6.4,7.0,6.5,7.5,8.0,8.6,9.3,7.8,9.1,10.3,10.2,11.3
020016,5.7,6.0,6.0,7.0,6.5,7.6,7.7,8.4,8.8,8.4,9.1,9.3,8.8,8.5,9.1,9.8,8.7,10.3,11.1,11.6,9.8,11.4,11.7,13.1,13.4
020017,2.4,2.9,3.3,3.5,3.3,3.7,3.7,4.1,4.3,4.2,4.1,4.5,4.8,4.8,4.6,5.2,5.2,5.3,5.9,5.9,5.9,6.2,6.9,7.2,7.9
020018,9.7,10.7,10.6,11.9,12.1,12.7,12.7,13.9,13.8,13.8,13.4,14.6,13.7,13.8,14.7,13.9,14.9,15.3,16.4,17.1,15.6,17.3,17.9,18.8,19.8
020019,5.2,5.1,5.5,5.6,6.6,6.6,6.8,7.2,7.6,6.9,7.4,7.6,7.6,8.0,7.9,7.8,8.1,8.3,9.2,9.5,8.4,9.7,10.3,10.9,11.0
020020,6.0,5.9,7.3,6.8,7.2,8.3,8.9,9.0,9.6,8.8,9.1,9.5,9.6,9.2,9.7,9.9,10.6,11.0,11.8,11.7,11.4,12.5,13.8,14.7,14.6
020021,8.8,9.1,9.5,10.1,10.3,10.4,11.3,11.7,12.2,11.9,11.6,12.2,11.9,11.9,12.1,12.6,13.2,13.1,14.7,14.7,13.8,14.5,16.2,16.7,17.3
020022,5.3,5.2,6.3,6.1,6.7,7.2,7.2,7.7,7.8,7.7,7.5,8.0,8.1,7.6,8.2,8.7,9.0,9.4,9.9,9.5,9.4,9.4,11.3,12.1,11.8
020024,9.9,10.7,10.9,10.9,11.6,11.9,12.7,13.2,13.5,12.8,13.2,13.2,13.2,13.7,14.4,14.3,14.9,15.0,15.5,16.0,14.7,16.4,17.0,18.1,19.0
020025,4.7,5.0,5.3,6.5,6.4,6.5,7.1,7.8,7.9,6.9,7.6,8.3,7.4,7.4,7.7,9.1,9.0,9.0,10.4,9.8,9.4,10.6,11.4,12.8,13.7
020026,9.3,9.3,10.1,9.9,10.6,10.5,11.8,11.5,12.6,12.4,12.4,12.5,12.7,12.5,12.8,13.1,13.2,13.6,14.3,14.7,13.5,14.5,16.3,16.9,17.2
020027,7.0,7.6,8.1,7.4,8.1,9.0,8.2,8.9,9.1,9.0,8.9,10.9,9.1,9.9,9.8,10.2,10.0,11.2,11.0,11.9,11.1,12.0,13.7,13.8,14.6
020028,8.9,8.8,9.2,9.3,9.9,10.8,10.5,10.7,11.2,10.4,10.9,11.9,11.5,11.2,11.9,12.5,12.7,13.1,12.8,13.7,12.7,13.7,15.3,16.6,15.8
020029,8.5,8.5,9.3,9.5,10.4,10.6,11.2,11.6,12.4,11.7,11.6,11.6,12.2,12.4,12.1,12.8,13.5,13.4,14.3,14.6,14.4,15.0,17.5,17.6,18.2
020030,6.8,7.6,8.2,8.2,9.1,9.2,8.7,10.6,10.5,10.3,10.8,11.1,10.4,10.0,11.1,11.8,11.9,12.3,12.4,13.7,11.6,14.0,14.4,15.8,17.0
020031,8.8,9.0,9.3,9.3,10.4,10.1,10.5,11.6,10.9,11.7,12.0,12.3,11.6,11.0,11.6,12.6,12.5,12.5,14.2,14.0,12.8,13.8,14.7,14.5,16.0
020032,7.0,8.0,7.9,8.5,9.0,9.7,9.2,10.2,11.0,10.7,10.4,11.5,11.3,11.3,11.0,11.8,12.8,12.9,13.4,13.6,12.8,13.7,15.5,15.4,16.4
020033,6.9,7.3,8.0,8.2,8.3,8.7,9.1,9.6,10.4,9.5,9.6,10.3,10.9,9.5,10.0,11.0,10.8,11.5,11.9,12.9,11.4,13.4,13.8,13.9,14.6
020034,7.3,7.0,8.0,8.3,8.8,8.8,8.8,9.3,10.2,9.6,9.6,10.3,10.2,9.3,10.2,11.0,10.2,11.1,11.5,12.1,11.5,12.3,13.0,13.8,14.6
020035,8.4,8.2,9.3,9.7,10.1,10.6,11.2,11.7,11.6,12.3,12.0,12.2,13.1,12.5,12.5,12.8,12.7,14.1,14.1,15.8,14.3,15.5,16.4,17.3,17.9
020036,4.8,4.8,5.2,5.5,6.1,6.1,6.3,6.7,6.9,6.9,7.2,8.1,7.6,7.5,7.5,8.0,8.4,8.6,9.4,9.5,8.7,9.3,10.1,11.1,11.4
020037,4.5,4.7,4.9,5.3,5.8,6.1,6.0,7.2,6.8,7.0,7.6,7.5,7.9,7.7,7.2,8.1,8.6,9.2,9.1,10.0,8.4,9.5,10.7,11.7,12.3
020038,5.4,5.5,6.2,6.2,6.5,7.1,6.9,7.9,8.0,7.3,7.7,7.7,7.6,7.8,8.2,8.7,8.6,8.7,8.8,10.1,9.5,9.2,10.7,11.1,11.9
020039,6.3,6.3,6.5,6.9,7.2,7.6,7.4,7.8,8.1,7.7,8.3,8.7,8.7,8.0,8.8,9.1,9.9,10.8,10.2,10.7,10.1,11.4,11.6,12.8,13.2
020041,7.5,8.0,8.2,8.2,8.8,9.4,9.4,10.8,10.9,9.9,10.5,11.0,10.6,10.1,10.6,10.9,11.0,12.5,11.7,12.6,11.9,13.3,14.1,14.8,14.7
020042,3.7,3.5,4.1,4.4,4.9,4.9,5.5,5.2,6.0,5.8,6.2,6.1,5.8,5.7,6.1,6.1,6.8,7.3,7.7,7.9,7.5,8.3,9.5,9.7,10.2
020043,4.6,5.0,5.3,5.6,5.9,6.5,6.1,6.8,7.1,7.3,8.1,7.9,8.6,7.6,8.0,9.1,8.5,9.5,9.1,10.5,9.6,10.6,11.5,12.5,12.6
020044,6.6,7.2,7.2,8.3,8.4,8.8,9.4,9.8,10.4,9.5,9.5,10.1,10.1,9.5,10.0,10.5,11.1,11.4,11.5,12.6,11.3,12.0,14.3,14.3,15.4
020045,5.6,6.3,6.7,6.9,7.5,7.4,8.0,8.4,10.0,8.8,9.0,9.3,9.0,9.0,9.5,9.6,10.3,10.7,10.8,11.5,10.8,12.1,13.5,14.3,13.9
020046,4.3,4.5,5.3,5.5,5.9,6.0,6.6,6.7,7.8,7.3,7.3,7.6,7.6,7.0,7.4,8.0,7.9,8.3,9.3,9.8,8.9,10.0,11.4,12.3,11.6
020047,7.2,7.4,7.9,8.1,8.6,8.9,8.7,9.6,10.4,9.3,9.5,10.4,9.6,9.4,9.4,9.8,11.1,10.7,11.6,11.5,10.8,12.3,11.9,13.9,15.1
020048,3.8,4.0,4.7,4.9,4.7,5.2,5.6,5.5,6.2,5.8,6.3,6.5,6.4,5.8,6.5,6.3,7.3,8.0,8.0,8.4,7.9,8.7,9.4,10.0,11.2
020050,4.1,4.8,4.9,5.4,5.2,5.9,6.2,7.0,7.1,6.8,7.0,8.0,7.2,7.4,7.3,7.8,8.1,8.6,9.5,9.5,9.0,10.1,11.7,11.7,12.0
020051,6.3,6.5,6.8,7.7,7.8,8.3,8.6,8.2,9.1,8.9,8.8,9.5,9.3,9.1,9.4,10.3,9.8,12.2,10.8,11.5,10.5,11.8,13.3,15.2,14.3
020052,7.6,7.0,7.6,8.2,8.1,8.0,9.2,9.4,9.9,9.3,9.9,10.2,9.6,9.6,9.3,10.2,10.8,11.4,12.0,11.7,11.8,12.3,12.7,13.5,14.2
020053,7.6,8.1,8.4,8.7,9.0,9.7,10.2,11.2,11.4,10.4,10.7,11.5,11.3,10.3,10.5,12.1,12.2,12.6,13.2,13.2,12.5,14.4,14.7,16.3,16.2
020054,6.2,6.9,6.7,7.7,7.1,8.3,8.5,8.9,9.4,9.3,9.4,9.7,9.7,9.7,9.5,10.3,11.4,10.9,12.1,12.6,11.7,12.9,13.9,15.2,14.4
020055,6.5,6.7,6.8,7.6,7.7,8.4,8.2,8.5,9.4,8.5,9.1,9.8,9.4,9.3,9.5,10.1,9.5,10.7,10.8,11.5,10.7,11.8,12.9,13.5,14.1
020056,8.6,9.3,9.3,9.6,10.3,11.3,11.2,12.1,12.4,12.4,12.5,12.6,12.2,11.7,12.3,13.5,13.4,13.9,15.0,15.1,13.3,15.1,16.7,18.7,19.3
020057,7.5,6.8,7.7,8.0,8.4,9.0,9.5,9.5,9.9,10.4,10.1,10.1,10.2,9.6,10.7,10.5,11.0,11.3,11.5,12.4,11.0,13.1,13.9,14.6,15.6
020058,7.3,7.5,7.5,8.3,9.0,8.7,9.4,9.7,10.9,9.5,10.1,10.7,10.2,10.6,10.2,10.6,10.7,11.9,11.7,12.5,11.6,13.4,14.1,14.7,15.8
020059,5.1,5.2,4.9,5.5,5.9,7.0,6.5,7.3,7.5,6.8,7.5,7.8,8.1,8.2,8.0,8.2,8.3,9.1,9.2,9.4,9.2,10.2,10.2,11.9,12.1
020060,4.9,5.1,5.3,5.9,5.6,6.5,6.8,7.3,7.1,6.8,6.7,7.5,7.4,7.4,7.2,7.8,8.3,8.3,8.7,8.9,8.4,9.7,9.4,11.4,11.6
020061,3.9,3.8,4.6,5.3,4.8,5.2,5.6,5.4,6.1,6.9,6.6,6.6,6.3,6.6,6.9,8.0,8.1,8.7,9.2,9.6,8.2,9.2,10.8,11.3,12.4
020062,6.3,6.7,7.1,7.5,7.8,8.4,8.3,9.0,8.7,9.2,9.1,10.0,9.0,9.2,9.7,9.9,10.1,10.7,10.9,11.1,10.9,11.6,12.3,13.2,13.7
020063,6.6,7.7,7.8,8.0,8.8,8.9,9.6,9.8,10.2,10.1,10.4,9.9,10.6,9.5,10.8,11.3,11.5,12.1,12.6,13.3,12.1,12.4,13.9,15.6,15.8
020064,7.3,7.3,7.6,8.0,8.2,8.7,9.0,9.3,9.2,9.5,8.9,10.5,9.6,9.6,9.9,10.0,10.0,11.1,11.7,11.4,11.1,12.3,13.7,13.8,14.0
020065,6.8,7.4,7.5,7.5,8.6,8.9,9.0,9.5,10.2,9.7,9.8,10.3,10.1,10.0,10.5,11.3,11.2,11.8,12.4,12.2,11.2,12.7,14.2,14.4,15.1
020066,8.3,8.9,9.1,9.7,9.6,10.5,11.3,11.3,11.5,11.5,12.0,12.2,12.2,12.2,12.3,12.1,13.6,13.4,14.6,14.1,13.0,14.6,15.7,16.5,17.4
020068,5.7,6.0,6.3,6.6,7.0,7.2,8.1,8.4,8.9,8.2,8.7,8.8,8.8,8.7,8.7,9.3,9.7,10.7,10.3,10.7,10.3,10.5,11.9,13.3,14.0
020070,7.2,7.3,7.1,8.0,8.4,8.8,9.3,10.4,10.3,9.4,10.8,10.4,10.7,10.0,10.4,10.3,11.4,11.8,12.9,12.1,11.8,13.3,14.3,14.8,15.2
020071,9.0,9.4,9.7,9.8,10.7,10.7,10.9,10.9,11.8,11.6,11.1,11.6,11.5,11.5,12.6,12.2,13.1,12.8,13.6,14.1,13.0,14.8,15.0,15.9,16.7
020072,8.0,7.8,8.1,8.4,8.9,9.5,9.9,10.3,11.5,10.8,10.6,11.0,11.6,10.3,11.1,12.1,11.4,12.0,13.4,13.6,13.2,13.6,15.1,16.7,16.8
020073,7.8,7.9,8.3,8.3,8.7,9.4,9.4,9.7,10.4,10.1,10.6,10.7,10.5,10.3,10.9,10.7,11.3,11.9,11.2,12.5,12.4,12.5,13.8,14.3,15.3
021001,6.6,6.4,6.8,7.2,7.5,7.6,7.8,8.0,9.2,8.1,8.7,8.3,8.7,8.5,9.1,9.0,9.8,10.3,10.1,10.1,10.4,11.2,11.3,12.9,13.0
021002,5.8,6.0,6.0,6.6,6.8,7.4,7.2,8.0,8.1,7.8,8.6,8.6,7.9,8.2,8.5,8.8,9.2,9.3,10.0,10.3,9.7,10.4,11.4,11.7,12.1
021003,3.8,4.1,4.1,4.7,5.0,5.2,5.5,5.9,6.5,5.6,6.3,6.7,6.3,6.2,6.3,6.8,7.2,7.8,8.0,8.4,7.5,8.3,9.3,11.0,10.2
021004,4.7,4.7,5.2,5.6,6.2,6.2,6.7,7.7,7.4,7.5,7.4,7.4,7.8,7.6,7.0,8.3,8.7,8.8,9.0,9.5,9.3,10.0,10.5,12.1,12.3
021005,5.5,5.8,5.9,6.2,6.8,7.5,7.2,7.2,7.9,7.8,8.3,9.0,7.6,7.3,8.0,8.9,9.0,9.3,9.8,10.3,9.6,10.9,11.8,12.3,12.2
021006,6.8,7.2,7.6,7.8,8.0,8.4,9.3,9.4,9.8,8.8,9.7,10.2,10.1,9.4,9.9,10.8,10.6,11.1,11.2,11.6,11.4,12.1,12.6,13.7,14.7
021007,4.7,4.7,5.9,5.8,6.3,6.7,6.7,7.2,7.6,7.4,8.0,7.8,7.7,7.4,7.7,7.5,8.1,7.9,9.2,9.3,9.5,10.4,10.8,11.8,12.8
021008,6.4,7.3,7.2,7.8,8.2,8.8,8.7,9.9,10.0,10.0,10.2,9.8,9.9,9.6,10.1,10.2,10.9,10.8,12.2,11.4,11.1,12.2,13.2,13.6,13.9
021009,4.9,5.2,5.8,5.7,6.4,6.5,6.5,7.2,8.0,7.1,8.1,7.8,7.4,7.1,7.5,8.3,8.2,9.0,9.4,9.1,8.7,9.9,11.1,11.8,12.2
021010,6.0,6.7,7.2,7.5,7.1,8.0,8.2,9.0,9.2,8.4,9.1,9.6,9.3,9.0,9.7,9.6,10.4,10.7,11.4,11.2,10.4,11.2,12.5,13.4,14.0
021011,4.0,3.6,4.3,4.5,5.1,4.8,5.3,5.5,5.6,5.8,5.8,5.9,6.3,5.5,5.8,6.6,6.8,7.0,7.0,7.5,6.4,8.0,8.6,9.4,9.6
021012,8.4,8.0,9.0,9.0,9.7,10.0,10.4,10.4,11.5,10.6,11.0,12.0,11.2,11.0,11.5,11.8,12.6,12.9,13.3,14.0,12.7,14.5,15.2,16.7,16.8
021013,7.2,7.8,8.0,8.6,8.7,9.2,8.8,9.8,9.4,9.1,10.0,10.7,9.9,10.2,10.5,11.1,10.9,12.0,11.3,11.7,11.7,12.9,13.9,14.3,14.7
021014,4.1,4.5,4.3,4.8,4.8,5.5,5.6,5.7,6.1,5.6,6.0,6.7,6.3,6.0,6.2,7.2,6.9,7.6,7.9,8.4,7.8,8.3,9.3,10.0,9.8
021015,4.4,4.1,4.4,4.6,5.0,5.6,5.6,6.3,6.4,6.1,6.2,6.9,6.4,6.0,6.4,6.6,7.4,7.8,8.1,8.9,7.7,8.6,9.5,10.9,9.8
021016,6.1,7.1,7.4,7.5,7.9,7.9,8.7,9.2,9.0,8.1,9.3,8.9,9.7,9.0,9.5,9.7,10.0,10.4,11.1,11.2,10.2,11.1,11.7,12.6,13.6
021017,6.2,6.1,5.9,6.9,6.6,7.4,7.8,7.8,8.7,8.4,8.5,8.7,8.5,8.1,7.8,8.8,9.2,9.6,9.9,10.9,9.7,11.0,12.0,12.3,12.3
021018,4.1,4.4,4.8,5.2,6.3,6.2,6.2,6.3,7.0,7.4,7.0,7.2,7.7,7.5,7.6,8.0,8.5,8.3,9.1,9.3,9.1,10.5,10.6,11.1,11.6
021019,5.7,6.5,6.0,6.5,6.8,7.3,7.5,7.9,8.6,8.3,8.7,8.4,8.6,8.3,8.9,9.3,9.5,10.3,10.0,10.4,9.9,10.1,12.2,12.6,13.0
021020,5.7,6.5,6.2,7.1,7.1,7.8,7.8,8.6,8.4,8.3,8.5,9.4,9.4,9.1,9.5,9.9,9.6,10.2,10.8,11.4,10.4,12.3,13.4,14.9,13.8
021021,4.6,4.5,5.2,5.3,5.9,6.1,5.9,7.5,7.1,7.0,7.0,7.4,6.8,6.9,7.0,7.8,7.7,8.3,9.1,9.7,8.8,9.1,10.7,11.9,11.5
021022,8.3,8.6,9.2,9.9,10.1,10.0,11.1,11.3,11.8,10.6,11.7,12.2,11.0,11.3,11.8,12.3,12.7,13.1,14.0,13.2,12.9,14.0,15.1,16.4,17.6
021023,7.8,8.3,8.3,9.6,9.4,9.6,9.9,11.2,11.7,10.9,10.6,11.7,11.3,10.9,11.6,11.5,11.9,12.7,13.5,13.3,12.5,14.5,14.2,16.3,16.3
021024,5.9,7.0,7.4,6.8,8.1,8.1,8.4,9.0,9.7,9.2,10.2,10.6,8.7,10.2,10.5,10.6,11.4,11.5,12.1,11.8,11.8,12.8,13.7,15.0,15.1
021025,4.1,4.3,4.5,4.6,4.8,5.3,5.8,5.9,6.8,6.0,6.3,6.4,6.0,6.1,6.3,6.9,7.0,6.9,7.4,7.9,7.8,8.3,9.3,9.9,10.7
021026,6.2,6.2,6.4,6.7,7.4,7.6,8.1,8.3,8.5,8.3,8.5,9.3,9.1,8.9,9.1,9.7,10.1,9.6,10.1,11.1,10.8,11.6,12.5,12.6,13.7
021027,6.0,6.6,7.4,7.3,7.7,7.8,8.2,9.0,9.3,8.7,9.3,9.8,9.0,9.5,9.4,9.7,10.2,10.3,10.9,12.4,10.2,12.0,12.4,14.1,14.2
021028,4.9,5.3,5.0,6.0,6.0,6.1,6.6,6.7,7.6,6.9,7.1,8.0,7.7,7.2,7.4,7.7,8.1,8.2,8.4,9.5,8.0,8.9,9.9,10.9,11.2
021029,6.9,6.3,7.1,7.9,8.0,8.6,8.8,9.5,9.7,10.1,9.8,9.9,9.5,9.3,10.2,10.3,11.2,11.4,11.9,12.2,11.7,12.8,13.7,14.6,15.3
021030,7.9,8.8,8.9,8.7,9.4,9.9,10.4,10.5,11.0,10.7,10.8,11.6,11.3,10.7,11.5,12.6,12.5,12.6,13.6,14.3,13.2,14.6,15.3,15.8,16.6
021031,6.1,6.4,6.7,7.4,7.1,8.0,7.9,8.8,8.8,7.9,9.2,9.2,9.3,8.8,9.6,10.3,9.8,10.9,11.1,11.3,10.2,12.4,12.7,13.2,14.2
021032,4.9,5.2,5.5,5.3,5.9,6.6,6.6,7.0,7.0,7.2,8.0,7.6,7.6,7.1,7.6,8.1,8.5,8.7,9.5,9.8,9.2,10.4,10.9,12.0,12.1
021033,7.0,7.9,7.7,7.3,8.3,8.7,9.9,9.2,9.5,9.3,9.9,10.0,9.8,9.5,9.7,10.9,10.9,11.4,11.4,11.6,11.6,12.4,12.6,14.3,15.7
021034,6.1,6.2,7.0,7.5,7.4,7.8,8.0,8.9,9.0,8.6,9.3,9.1,8.8,8.9,9.4,9.7,9.8,10.5,11.1,11.1,10.3,11.4,12.0,13.3,14.1
021035,8.3,8.3,8.9,9.3,9.7,10.3,11.0,11.1,12.4,11.6,12.4,11.6,11.3,11.3,12.1,12.8,13.3,13.4,14.4,14.9,13.4,15.0,16.0,15.8,17.2
021036,5.3,6.6,6.0,6.5,6.7,7.1,7.3,7.8,8.1,8.0,8.7,8.4,8.4,8.6,8.2,8.8,8.8,9.7,10.3,10.7,9.8,11.4,12.3,12.7,13.0
021037,3.9,3.9,4.8,4.4,4.8,4.9,5.8,5.7,5.9,5.3,6.4,6.0,6.3,5.7,6.2,6.7,7.2,7.6,7.6,8.3,7.9,8.6,9.1,10.3,10.3
021038,5.8,5.9,7.0,6.9,7.2,7.4,7.6,8.8,8.6,8.0,8.9,9.0,9.1,8.7,9.3,10.0,9.6,9.9,10.3,11.2,10.8,11.0,12.5,12.9,13.7
021039,8.2,7.9,8.5,9.3,9.3,9.3,10.6,10.4,10.7,10.3,11.2,11.8,11.5,10.7,11.2,11.4,12.1,12.3,12.8,13.3,13.9,13.6,15.4,16.3,16.7
021040,5.7,5.6,6.2,5.8,6.9,7.3,7.2,7.9,7.6,7.3,7.6,8.2,7.9,8.3,8.4,8.8,9.3,9.7,10.0,10.8,9.8,10.3,10.7,11.7,12.6
021041,8.8,9.5,9.2,9.9,10.1,11.5,11.7,11.6,12.5,11.6,12.2,12.9,12.9,12.2,13.1,13.0,14.1,14.2,14.5,15.2,13.8,15.3,17.0,17.9,18.7
021042,7.6,7.9,8.4,9.4,8.8,10.0,10.5,10.1,10.3,10.3,11.4,11.6,10.7,10.9,11.4,11.9,13.1,13.4,12.7,13.7,12.1,13.8,14.7,16.0,16.4
021043,9.0,9.9,10.0,9.9,9.9,10.7,11.4,11.6,12.3,11.2,12.3,13.1,12.1,11.9,12.3,12.8,13.0,13.2,14.7,15.0,13.5,14.9,16.8,18.4,17.3
021044,5.7,5.7,6.4,6.7,6.8,7.2,8.0,8.6,8.1,7.6,8.6,8.7,8.4,8.3,8.9,8.7,9.4,9.8,10.3,10.1,9.7,10.5,11.5,12.5,14.3
021045,4.2,4.9,4.8,5.3,5.7,5.7,6.2,6.2,6.3,6.4,6.9,6.8,6.8,6.4,7.1,7.4,7.4,8.0,8.0,8.5,8.1,8.9,9.4,10.1,10.8
021046,5.9,5.5,5.6,6.3,6.7,6.7,7.8,8.2,8.0,8.2,8.7,8.5,8.5,8.4,9.1,9.0,9.4,10.0,10.3,11.3,10.2,11.6,11.9,12.4,13.1
021047,7.2,7.8,8.6,8.6,8.8,9.6,10.2,10.6,10.6,10.8,10.1,11.4,11.4,10.9,11.6,12.2,12.6,12.3,13.7,14.4,12.9,14.3,14.6,15.5,16.2
021048,4.4,5.0,4.6,5.1,5.6,5.7,6.0,6.0,6.3,6.3,7.1,7.0,7.1,6.6,7.4,7.2,8.0,7.5,9.0,8.9,8.0,9.2,10.5,10.6,12.1
021049,7.2,7.4,8.4,8.4,9.5,9.4,10.2,10.8,11.2,10.9,11.3,11.5,12.2,11.0,11.5,11.6,12.5,13.3,13.1,14.0,12.4,14.1,15.1,15.9,16.9
021050,7.4,7.5,8.5,9.3,9.3,9.6,10.5,10.6,10.8,10.7,10.1,11.7,10.5,10.7,11.4,11.5,12.0,12.4,12.6,13.4,12.7,15.0,14.9,16.9,17.1
021051,6.5,6.8,7.1,7.0,7.6,8.2,8.6,9.1,9.7,8.7,9.3,10.1,9.8,9.2,9.4,10.1,10.7,10.5,11.0,11.7,10.7,11.8,12.4,13.3,13.2
021052,7.2,7.0,7.8,7.6,8.7,8.7,9.3,9.1,9.3,9.6,9.4,9.7,9.6,9.5,10.4,10.1,11.1,11.5,11.3,11.5,11.2,12.0,12.9,13.4,14.5
021053,5.7,6.5,6.8,7.2,8.0,8.7,8.1,9.0,9.2,8.6,8.9,9.3,9.4,9.6,10.3,9.9,10.3,10.9,10.9,11.7,11.4,11.8,12.8,13.3,14.3
021054,7.3,7.4,8.5,9.0,8.5,8.7,9.8,10.2,11.0,10.3,11.1,11.6,11.6,10.2,11.3,11.0,11.5,13.3,12.6,13.5,12.6,14.1,14.7,16.0,16.5
021055,6.6,7.0,7.2,7.8,8.1,8.7,9.1,9.5,9.8,8.9,10.2,10.1,9.7,9.4,10.0,10.1,10.9,11.1,11.5,12.5,11.2,13.0,13.6,14.0,14.6
021056,6.6,6.6,7.0,7.6,8.2,8.6,9.1,8.5,9.8,9.2,8.8,9.9,9.8,9.3,10.0,10.1,10.7,10.8,11.7,11.6,11.9,12.6,13.3,14.3,14.5
021057,7.3,7.8,8.2,7.7,8.7,8.6,8.9,9.0,9.6,9.5,8.9,10.7,9.7,9.1,10.5,9.9,11.5,11.5,11.3,11.6,11.0,12.3,12.9,14.0,14.7
021058,6.1,6.6,6.7,7.2,7.4,7.8,8.8,9.0,8.7,8.6,8.9,9.0,9.0,9.1,9.0,10.0,10.1,10.5,10.5,12.0,11.1,11.8,12.4,13.8,14.5
021059,4.6,5.0,5.7,5.5,5.8,5.9,6.6,6.8,6.8,6.8,7.4,7.1,7.4,7.3,7.6,7.5,8.4,8.1,8.7,9.5,9.1,8.8,9.9,10.4,11.4
021060,4.7,5.2,5.2,5.8,6.1,6.5,6.6,7.5,7.2,7.2,7.9,8.1,7.4,7.4,8.2,8.0,8.5,9.1,9.1,10.1,9.5,10.3,10.9,11.5,12.2
021061,3.7,4.1,3.6,4.1,4.6,4.9,4.8,5.3,5.7,5.5,5.7,6.2,6.0,5.7,5.7,6.2,6.6,6.8,7.7,8.0,7.3,7.8,8.6,9.5,9.7
021062,6.8,6.5,7.4,7.4,8.4,8.2,9.2,9.0,9.6,9.1,9.7,9.7,9.9,9.4,9.5,9.8,10.9,10.0,11.2,11.6,11.1,11.8,13.1,13.5,14.1
021063,6.5,7.1,7.0,7.3,7.7,8.3,8.7,8.9,9.4,9.5,9.6,10.0,9.2,8.9,9.8,10.3,11.0,10.6,11.5,12.3,11.3,12.4,13.8,14.2,15.3
021064,6.0,6.3,6.9,7.4,7.9,7.7,8.2,8.1,8.9,8.8,9.3,10.1,9.5,8.9,9.6,10.2,10.3,10.9,11.0,11.1,10.4,11.8,13.7,14.1,13.7
021065,6.0,5.9,6.7,6.7,6.9,7.4,7.6,8.0,8.3,8.0,8.4,8.6,8.3,8.4,8.5,8.9,8.8,9.5,10.2,10.6,9.2,10.3,12.1,12.3,12.6
021066,3.1,3.5,4.1,4.2,4.5,4.4,4.8,5.0,5.5,4.7,5.3,5.7,5.5,5.9,5.6,6.0,6.8,6.5,6.6,7.2,6.8,7.2,8.2,9.2,9.8
021067,4.3,4.5,4.6,5.0,5.7,5.6,5.6,5.7,6.3,6.3,6.7,6.9,6.8,6.7,7.3,7.3,7.3,8.0,8.4,9.2,8.1,9.2,10.2,10.3,11.2
021068,5.2,5.8,5.8,6.7,6.7,6.4,7.1,8.0,7.8,7.9,7.7,8.5,8.4,7.9,8.7,8.5,9.2,9.7,10.4,10.5,9.7,10.5,12.0,13.0,13.7
021069,7.1,6.7,7.7,7.7,8.8,8.8,9.0,9.3,10.5,8.9,9.9,11.2,9.8,10.7,10.6,10.7,11.2,12.1,12.3,12.3,12.1,13.5,14.0,15.4,15.9
021070,6.6,7.0,7.4,7.7,8.5,9.1,9.0,9.3,9.2,9.5,9.7,10.5,9.5,9.3,9.8,10.8,10.2,11.8,11.7,12.4,12.0,12.3,13.7,13.9,15.0
021071,7.9,8.2,8.9,8.5,9.2,9.4,9.4,10.5,11.3,10.7,10.6,11.4,10.9,10.6,11.9,11.8,11.8,12.8,12.7,13.8,11.9,14.2,15.5,15.7,16.7
021072,5.8,7.0,6.6,7.0,7.7,8.0,8.2,8.5,9.4,8.6,9.1,9.4,9.5,8.7,9.7,10.3,11.3,11.1,11.1,11.6,11.0,12.0,13.8,13.8,14.4
021073,5.4,5.6,5.6,5.6,6.5,6.8,7.1,7.4,8.2,7.5,7.5,8.4,7.4,8.0,7.6,8.4,8.8,9.0,9.3,10.8,9.3,9.9,11.3,11.1,12.2
021074,7.7,8.4,8.4,8.9,9.2,9.6,10.0,10.8,10.8,10.7,10.4,12.0,11.4,11.1,11.5,11.7,12.6,13.4,13.7,13.3,13.1,13.7,15.5,15.8,16.6
021075,4.9,5.2,5.4,5.7,5.7,6.5,6.7,6.9,7.6,7.1,7.7,7.4,6.6,6.5,7.4,7.4,8.4,8.2,9.1,8.8,8.4,9.1,9.8,10.9,11.4
021076,5.7,5.9,6.8,7.1,6.9,8.1,8.2,8.3,8.5,8.7,8.8,8.9,8.8,8.7,9.6,9.7,9.9,10.2,10.5,10.9,10.8,11.1,12.7,13.1,14.2
021077,5.9,6.2,6.4,7.0,7.6,7.7,8.2,7.8,9.3,8.6,8.9,9.1,8.9,8.2,8.7,9.4,9.6,9.8,10.5,10.6,10.6,11.0,11.6,13.2,13.4
021079,5.5,5.6,6.5,6.3,6.4,7.1,6.7,8.4,8.1,7.6,8.4,8.6,8.4,8.0,9.2,9.2,9.1,9.5,9.8,10.2,10.1,10.6,11.3,12.2,12.5
021080,5.0,5.6,5.6,6.4,6.1,6.8,6.8,7.7,7.6,7.2,8.0,7.7,7.8,7.4,8.1,8.1,8.9,8.8,9.5,9.2,8.6,9.7,10.7,11.7,11.8
021081,6.4,6.8,6.2,7.3,7.2,7.5,8.4,8.7,9.0,8.4,8.9,9.4,9.2,8.6,8.6,9.7,10.0,10.8,10.9,11.5,10.4,11.7,11.9,13.5,13.6
021082,6.7,7.2,7.7,7.5,7.9,8.7,8.8,9.1,10.3,9.3,9.4,9.8,10.7,9.8,9.8,10.6,11.5,11.2,11.8,12.6,11.3,12.3,14.0,14.6,14.5
021083,8.1,8.5,8.6,9.4,9.6,10.1,10.1,10.9,11.2,10.9,10.6,11.6,10.9,11.1,12.1,12.0,12.7,12.3,13.6,14.4,12.8,15.1,15.2,16.5,16.5
021084,6.8,7.2,7.8,7.3,8.5,8.1,8.8,8.9,10.0,9.5,9.1,10.2,9.7,10.1,10.4,10.9,10.6,12.5,12.3,12.6,10.9,12.4,13.9,13.9,15.3
021085,7.1,6.7,7.5,7.7,8.3,8.2,9.3,9.3,9.9,9.5,9.7,10.0,9.8,9.2,10.1,10.3,11.4,11.6,12.6,12.6,11.0,12.7,13.5,15.5,15.1
021086,5.6,5.7,6.2,6.1,6.7,7.1,7.0,7.6,7.9,7.6,7.9,8.2,7.7,8.1,8.2,8.3,8.7,9.8,9.7,9.6,8.6,9.5,11.0,11.4,11.6
021087,4.9,5.3,5.8,5.9,6.3,6.6,7.0,6.9,8.0,7.1,7.5,7.9,7.8,7.7,8.3,8.5,8.8,8.5,9.3,9.7,9.2,9.7,10.6,11.3,12.4
021088,5.5,5.3,5.8,6.2,6.4,7.3,7.6,7.7,8.2,8.0,8.8,9.2,8.6,9.1,9.1,8.9,10.1,9.7,10.7,11.8,10.5,11.1,12.4,13.3,13.7
021089,5.3,5.0,5.6,5.7,6.2,6.4,6.9,7.2,7.2,6.9,7.4,8.2,7.3,7.4,7.7,7.7,8.9,8.6,9.4,9.8,8.9,9.3,10.7,12.0,11.2
021091,4.7,4.9,5.2,6.0,6.1,6.4,7.3,7.5,7.7,7.5,7.9,7.7,8.1,7.7,7.7,7.9,8.6,9.1,9.7,10.2,9.2,9.7,11.0,11.7,12.0
021092,3.9,3.7,4.0,4.3,4.8,5.0,5.0,5.6,6.1,5.9,6.1,6.2,5.8,5.5,5.9,6.7,7.1,7.6,7.5,7.6,6.9,7.9,8.5,9.7,9.8
021093,7.1,7.4,8.2,8.8,8.9,9.2,10.0,9.9,10.9,9.6,10.5,10.8,10.8,10.2,10.6,10.6,11.5,11.7,12.3,12.6,11.1,13.0,14.7,15.3,15.7
021094,4.0,4.3,4.6,4.9,5.0,5.2,5.9,5.7,6.3,6.3,6.3,6.7,6.6,6.2,7.1,7.0,7.5,8.0,8.3,8.5,8.6,8.9,10.0,10.6,11.1
021095,4.3,4.5,4.9,5.1,5.1,5.4,5.9,6.8,7.3,7.0,6.9,6.5,6.8,6.1,7.4,7.1,7.8,8.3,8.6,8.8,8.7,9.7,10.0,10.8,11.4
021096,5.9,5.6,5.3,6.6,6.3,6.8,7.9,7.6,7.7,7.3,8.8,9.1,8.1,7.8,8.3,8.9,10.1,9.0,10.0,10.8,9.7,10.8,11.6,12.1,13.3
021097,5.4,5.4,5.7,6.2,6.4,6.9,7.0,7.8,8.4,7.0,7.4,8.6,7.3,7.9,8.4,7.8,8.9,9.2,9.2,9.7,9.1,10.5,11.4,12.0,12.4
021098,5.3,5.6,5.5,6.1,6.4,7.1,7.2,6.9,8.2,7.1,7.6,8.1,8.1,8.2,8.6,9.4,9.3,9.7,10.0,10.4,10.2,10.7,11.6,12.2,12.2
021099,6.6,7.2,7.2,7.7,7.9,8.1,8.5,9.0,9.2,9.5,9.7,9.6,9.5,9.3,9.9,10.1,10.7,11.0,11.6,11.1,11.0,12.5,12.7,13.9,14.7
021100,6.3,6.7,6.9,7.2,7.7,7.6,8.3,8.4,9.2,8.5,9.1,10.0,9.4,8.8,9.1,9.1,10.3,10.4,10.3,11.2,10.3,10.9,11.8,12.6,13.7
021101,6.7,7.6,7.7,8.7,9.1,9.3,9.7,10.8,11.0,10.9,11.6,11.4,11.1,10.8,11.3,11.4,11.9,12.7,13.7,13.8,12.0,13.6,14.0,15.5,16.0
021102,7.2,7.4,7.9,8.0,8.2,8.5,8.6,9.5,10.6,9.0,9.8,10.1,9.7,9.7,9.8,10.5,10.2,11.3,11.7,12.3,11.3,12.4,13.4,14.3,14.3
021103,4.2,4.0,4.2,4.4,4.9,5.4,5.6,5.4,5.8,5.8,6.0,6.0,6.0,5.9,6.3,6.1,6.7,6.8,7.1,8.0,7.4,8.1,8.3,9.3,9.6
021104,3.9,4.7,4.8,4.7,5.2,6.0,6.6,6.3,6.8,6.8,6.5,7.4,7.0,6.7,7.1,7.5,7.8,8.1,8.8,9.2,8.1,8.9,10.3,10.7,11.4
021105,9.0,9.4,10.0,10.3,10.1,11.0,11.1,11.3,12.2,11.4,12.1,12.4,11.8,11.8,12.5,12.2,13.0,12.6,13.9,14.9,13.6,14.7,15.5,15.5,17.0
021106,6.0,5.9,6.1,6.2,6.6,7.3,7.0,7.6,8.6,7.9,8.7,9.0,8.0,8.5,8.8,8.5,8.7,9.9,9.8,10.5,9.5,11.2,12.1,12.4,12.1
021107,7.4,7.5,8.0,8.8,8.9,9.9,10.1,10.9,11.2,10.9,11.6,12.1,10.9,10.6,12.0,11.8,12.8,12.6,14.1,14.4,13.3,14.6,15.9,16.2,16.7
021108,7.2,7.6,8.5,8.1,8.7,8.3,9.8,10.2,10.3,9.7,10.1,10.2,10.4,10.1,11.0,10.5,11.3,11.7,12.2,12.5,11.5,11.8,13.8,14.9,14.5
021109,6.0,6.5,6.6,7.3,7.5,7.3,8.0,8.5,9.1,8.6,8.7,9.0,9.4,9.1,9.2,9.8,10.0,10.6,11.0,11.1,10.8,12.2,13.3,13.7,14.4
021110,10.3,10.9,11.2,12.3,12.0,12.9,13.4,13.2,13.5,13.4,12.9,13.9,13.3,12.8,13.3,14.2,14.8,14.9,15.4,16.4,14.8,15.9,16.6,17.9,18.6
021111,6.4,6.1,7.1,7.4,7.3,8.0,8.5,8.8,9.8,8.6,9.0,9.6,9.1,8.9,9.1,10.1,9.7,11.1,10.4,11.7,10.8,11.9,13.1,13.2,13.7
021112,5.2,5.5,5.9,6.1,6.5,6.5,7.1,7.9,8.2,7.0,8.0,8.5,8.3,8.2,8.8,8.8,9.3,8.9,9.7,9.4,9.6,10.8,11.6,11.9,12.3
021113,6.6,7.2,7.4,7.7,8.1,8.5,8.5,9.2,9.7,9.2,9.7,10.1,9.6,9.8,10.2,10.6,11.0,11.2,11.5,11.9,12.0,12.6,13.4,14.6,15.2
021114,6.3,6.0,6.6,6.9,7.2,7.6,7.7,8.2,8.6,8.1,8.6,9.2,8.7,8.2,8.5,9.1,9.6,9.9,9.8,10.4,9.9,11.4,11.6,12.8,12.9
021115,4.2,4.9,4.7,5.6,5.5,5.7,6.1,6.2,7.0,6.8,7.2,7.3,7.3,7.3,7.6,8.0,8.5,8.7,9.2,9.3,8.3,10.4,11.0,10.7,11.8
021116,3.7,4.0,4.4,5.3,5.3,5.6,5.6,6.2,6.2,6.2,6.2,7.0,6.9,6.5,6.9,6.9,7.5,8.1,8.8,8.8,8.2,8.3,9.7,10.8,11.1
021117,3.5,4.2,4.3,4.5,4.8,5.0,5.1,5.5,6.3,5.6,6.1,5.9,6.3,6.2,6.3,6.4,6.6,7.4,7.7,7.9,7.0,8.1,8.7,9.3,10.2
021118,5.1,5.4,5.5,5.6,6.9,6.4,6.6,7.8,8.3,7.7,8.5,9.3,8.1,7.8,8.1,9.1,9.0,10.1,10.3,11.5,10.9,11.2,13.0,13.4,14.0
022001,6.3,5.7,6.4,6.7,6.9,7.5,8.2,8.0,8.7,8.4,8.3,8.9,9.1,8.7,8.7,9.1,9.9,10.1,11.0,11.1,10.8,11.1,12.2,12.5,13.5
022002,6.6,6.9,7.0,7.6,8.0,8.3,8.8,9.1,9.6,8.8,9.5,10.0,9.5,9.0,9.3,10.4,10.5,11.2,11.1,11.5,10.6,11.7,13.1,13.2,14.9
022003,3.8,4.0,4.0,4.5,4.4,5.3,5.3,5.9,6.7,5.4,5.7,5.9,6.3,5.9,6.5,6.4,6.8,7.2,7.5,8.0,7.4,8.5,9.0,9.2,10.2
022005,5.1,4.8,5.3,5.4,6.1,6.2,6.4,6.7,7.2,6.3,6.5,7.9,7.3,7.1,7.1,7.7,7.4,8.3,8.4,9.3,8.8,8.7,10.6,10.1,10.6
022006,6.9,7.6,7.6,8.0,8.9,9.1,9.1,9.5,9.6,9.4,10.3,10.5,10.2,10.8,9.8,11.0,11.0,11.9,12.3,13.5,11.3,13.2,13.5,14.4,15.5
022007,4.8,5.6,5.8,6.2,6.9,6.6,7.2,8.0,8.1,7.5,8.3,8.6,8.3,7.9,8.2,9.2,9.2,9.7,11.0,10.4,10.1,10.7,12.4,13.3,13.8
022009,6.7,7.8,7.8,7.0,8.2,8.9,8.8,9.1,9.1,9.1,9.0,10.4,9.8,9.1,9.5,10.0,10.5,10.4,11.2,12.5,10.5,11.8,13.1,13.7,13.9
022011,4.8,4.9,5.0,5.3,5.9,6.6,6.3,7.0,7.8,7.0,7.8,7.9,7.4,7.8,8.2,8.3,8.7,9.2,9.7,10.5,8.8,9.7,11.3,11.4,12.4
022013,4.2,4.5,4.9,5.2,5.4,6.2,5.9,6.3,6.9,6.5,6.9,7.2,7.2,6.7,7.6,7.9,8.2,8.4,8.7,8.9,8.0,9.4,10.4,11.3,11.7
022015,5.6,6.2,6.0,6.7,7.1,7.4,7.4,8.0,8.1,7.8,8.3,8.4,8.6,7.5,8.7,8.5,9.1,8.9,9.9,10.3,9.7,10.5,10.5,12.0,12.3
022017,5.3,5.1,5.5,6.3,6.5,6.4,6.5,7.5,8.3,7.2,8.2,8.1,8.5,7.6,7.7,8.5,9.2,9.9,10.0,10.3,9.5,10.9,11.8,13.0,13.2
022018,5.3,5.3,5.8,6.3,6.5,6.6,7.4,7.9,8.3,8.0,8.4,8.5,8.3,8.0,9.2,8.8,9.5,10.6,10.1,11.7,10.6,11.7,12.7,13.7,13.8
022021,5.1,5.1,5.4,5.4,5.4,6.4,6.3,7.0,7.0,6.9,7.1,7.4,7.1,6.9,7.7,7.8,8.4,8.7,8.9,8.9,9.1,10.0,10.2,11.4,11.2
022022,3.6,4.3,4.6,4.1,4.9,5.3,5.5,5.6,5.7,5.7,6.0,6.6,6.5,6.0,6.6,7.0,7.2,7.7,8.4,8.5,7.7,8.9,9.4,10.9,10.9
022025,6.3,6.6,6.8,7.3,7.5,7.7,7.9,8.3,8.7,8.2,9.7,9.0,9.0,9.1,9.8,10.0,9.8,10.4,10.6,10.7,10.1,11.3,12.1,13.4,13.3
022026,6.7,6.9,7.5,8.3,8.5,8.5,9.1,9.5,9.6,9.7,9.7,10.0,10.2,9.7,10.6,10.5,11.5,11.1,11.2,11.9,11.1,12.4,13.4,13.9,14.2
022029,3.8,4.3,4.6,4.9,5.6,5.3,5.9,6.1,7.2,6.2,6.8,7.5,6.6,7.1,7.4,7.5,7.8,8.2,8.0,9.4,7.6,9.0,10.5,10.7,11.8
022032,7.1,7.5,8.0,8.3,8.4,8.8,8.7,9.4,9.8,9.4,10.0,11.0,10.2,9.9,10.3,10.9,10.8,12.4,12.8,12.3,12.4,12.5,13.4,15.0,15.0
022033,8.3,8.9,9.2,9.5,9.5,10.2,11.0,11.8,11.6,11.3,11.6,11.9,11.9,11.6,11.9,12.5,13.4,12.4,14.3,13.5,13.2,15.2,15.9,16.8,16.4
022034,4.5,4.7,5.3,5.7,5.3,5.9,6.2,7.1,6.6,6.3,7.0,6.6,7.2,6.6,7.2,7.4,8.1,7.8,8.4,8.9,8.4,8.9,9.6,10.1,10.5
022035,10.3,11.5,11.2,12.1,12.7,13.5,13.8,14.2,14.4,13.4,14.2,15.4,15.1,14.6,14.9,15.0,15.7,16.0,16.4,16.8,16.2,17.4,18.2,19.5,20.5
022036,8.1,9.0,8.9,9.3,9.5,9.8,10.6,11.5,12.1,10.9,11.5,11.3,11.9,11.1,11.9,12.0,11.9,13.4,13.4,14.0,13.1,13.8,14.9,15.5,15.8
022037,7.4,7.8,8.0,9.3,8.6,9.9,9.2,10.0,10.4,10.1,10.5,11.1,10.3,10.0,10.7,11.3,11.3,11.8,11.4,12.7,11.6,13.1,14.0,15.4,16.1
022038,7.3,8.4,7.8,8.7,8.8,8.4,9.9,9.4,10.6,9.6,10.7,10.7,11.0,9.8,10.4,11.5,11.6,11.7,11.6,13.3,11.8,13.0,13.3,16.1,16.1
022039,5.8,6.2,6.3,6.3,6.7,7.0,7.6,7.2,7.6,7.5,8.4,7.9,8.0,7.9,8.1,8.2,8.7,8.9,9.1,9.4,9.0,9.3,10.2,11.3,11.4
022040,7.5,7.5,8.1,8.7,8.4,9.4,9.1,10.1,10.3,9.6,10.3,11.1,10.7,10.2,10.7,10.9,11.8,12.1,12.3,12.5,11.5,13.2,13.5,14.7,15.0
022042,5.9,7.0,7.7,8.0,8.0,8.4,8.8,10.0,9.7,9.5,10.1,11.2,10.9,10.4,10.3,10.5,11.4,12.0,12.6,13.1,12.1,12.4,13.9,14.8,15.2
022043,3.8,4.1,4.5,5.1,5.4,5.5,5.6,6.4,7.2,6.4,6.7,6.9,6.4,6.4,6.4,7.6,8.3,8.5,8.4,8.7,8.4,8.5,10.7,11.1,12.7
022045,6.3,7.2,6.8,7.4,8.0,7.8,8.6,9.1,9.7,8.9,9.8,10.2,10.0,9.9,10.1,10.0,11.3,11.1,12.0,12.1,10.9,12.3,13.4,14.8,14.8
022047,6.6,5.8,6.8,7.0,7.6,7.8,8.3,9.6,9.1,8.2,9.0,9.5,9.3,9.8,9.3,10.2,9.7,10.1,11.5,11.2,10.9,12.2,13.9,14.3,14.3
022048,6.0,6.4,7.3,7.1,7.8,7.6,7.8,8.3,8.8,8.6,9.1,8.9,9.3,8.7,8.9,9.6,10.3,9.8,10.4,11.0,9.9,10.7,11.6,13.1,12.8
022049,7.1,8.1,8.3,9.4,9.5,9.2,10.0,10.2,11.0,10.5,10.4,11.5,10.9,11.5,10.9,11.7,12.3,12.5,12.4,13.8,12.6,13.8,15.6,15.7,17.1
022050,5.9,6.7,7.4,7.2,6.8,8.3,8.3,8.5,9.1,8.5,8.8,9.8,9.3,9.1,9.5,10.3,10.8,10.8,11.3,12.1,10.9,12.0,12.8,13.6,14.0
022051,6.0,6.5,6.9,7.1,7.9,7.7,7.9,8.5,9.1,8.9,8.6,9.5,8.7,8.5,9.0,9.7,10.0,10.3,10.6,11.6,10.1,11.3,11.6,12.9,13.2
022052,6.6,6.2,6.9,8.0,7.2,8.4,8.4,8.5,9.2,8.4,8.6,9.9,9.1,9.2,9.3,9.3,9.9,10.5,10.9,11.3,10.6,11.0,12.8,13.1,14.1
022053,5.5,5.5,5.7,6.4,6.8,7.2,7.1,8.3,8.0,7.6,8.5,8.5,8.5,8.1,9.1,8.6,9.5,9.4,10.3,11.0,9.8,10.9,11.9,12.6,12.6
022054,5.7,6.0,6.4,6.7,6.8,7.5,8.0,8.0,9.1,8.5,8.7,8.3,8.7,8.5,9.1,9.7,9.5,10.3,10.6,10.7,9.7,11.2,12.1,12.8,13.6
022058,6.5,7.1,7.1,7.4,7.8,8.0,8.7,9.1,9.8,9.1,9.3,10.1,9.2,9.9,9.3,10.3,10.1,11.1,12.2,11.9,11.0,12.7,13.3,13.8,14.4
022059,7.8,7.4,8.0,8.3,8.8,9.7,9.1,9.4,11.1,9.8,10.4,10.4,9.9,10.3,10.0,10.8,11.2,11.5,12.2,12.1,11.4,12.9,14.5,14.7,15.3
022060,6.3,6.6,6.4,6.7,7.0,7.9,8.0,8.9,9.3,8.9,9.1,9.4,9.3,8.7,9.1,9.8,10.3,10.2,11.1,11.4,10.3,11.7,12.7,14.4,14.1
022061,6.5,5.9,6.3,7.2,7.0,7.1,8.0,7.4,9.0,8.4,9.1,9.2,9.0,8.7,8.8,9.5,10.2,10.0,10.9,11.2,9.5,11.4,11.9,13.3,13.9
022062,6.1,6.1,7.1,6.8,7.5,8.1,8.2,9.1,9.1,9.6,9.0,9.2,9.7,9.2,9.4,10.5,9.5,10.4,11.2,12.0,10.8,11.9,12.5,13.3,14.0
022064,7.9,8.0,8.7,8.8,9.3,9.7,10.2,11.0,11.6,10.9,11.1,11.1,11.4,10.9,11.8,11.8,12.4,13.1,14.3,14.0,13.3,15.2,15.4,16.8,16.3
022068,6.1,6.9,6.6,6.7,7.5,8.1,8.6,8.8,9.3,8.4,8.9,9.5,8.7,9.2,9.4,9.9,9.9,10.6,10.5,11.3,10.5,11.5,11.9,13.0,13.3
022071,6.5,5.9,7.2,7.1,7.7,8.1,9.4,9.1,9.7,9.3,9.6,10.5,9.3,9.5,9.9,10.2,10.7,11.2,11.4,12.2,11.3,12.2,13.6,14.5,14.2
022074,6.0,6.4,6.9,7.6,7.4,8.3,8.4,8.8,8.8,8.5,8.6,8.8,9.1,9.7,9.7,9.6,10.1,9.9,11.1,11.2,11.3,11.3,12.6,13.6,13.7
022078,4.3,4.8,5.3,5.6,6.2,5.8,6.5,7.3,7.9,6.9,7.9,7.7,7.3,8.0,8.0,8.2,8.3,9.7,9.7,10.1,9.1,10.2,11.6,13.0,13.0
022079,4.7,5.2,5.6,5.8,5.8,6.3,6.7,7.0,7.3,6.7,7.0,7.8,7.5,7.3,8.1,8.5,8.1,8.6,9.7,9.7,8.6,9.0,10.5,11.1,11.3
022081,5.0,5.3,6.3,6.3,6.5,7.0,7.5,7.3,7.7,7.4,8.3,8.4,8.0,7.6,8.1,8.7,9.4,9.1,9.5,10.5,9.3,10.6,11.0,11.8,12.4
022083,8.6,8.8,9.2,9.7,10.2,10.9,11.5,11.6,11.9,11.5,10.7,11.4,11.5,11.3,12.1,13.2,13.5,12.8,14.3,14.8,13.5,15.1,16.1,16.8,16.8
022085,9.5,9.7,10.5,10.7,10.6,11.7,11.2,11.8,12.4,12.5,12.2,13.2,12.8,12.2,12.7,13.1,13.9,13.9,14.7,15.9,14.3,15.4,16.5,16.9,17.1
022087,8.0,8.8,8.9,9.4,9.8,9.6,10.3,11.0,11.4,11.5,11.4,11.7,11.2,11.2,11.4,12.5,11.9,13.0,13.9,14.6,12.9,13.6,15.3,15.8,17.4
022089,4.8,5.0,5.8,5.6,5.8,6.3,6.6,7.1,7.1,7.1,7.5,7.4,7.8,7.4,7.8,8.5,7.6,8.0,9.1,9.5,9.0,9.3,10.7,11.9,11.4
022090,4.8,5.6,5.9,5.8,6.6,6.7,7.4,7.3,7.7,7.2,7.7,7.8,7.9,7.4,8.1,8.2,8.8,8.7,9.6,9.8,8.7,10.0,10.9,11.7,11.7
022091,6.3,6.4,7.1,6.9,7.4,7.5,8.2,8.5,8.6,8.4,8.3,9.0,9.0,8.9,9.5,9.7,9.5,10.4,10.5,10.7,9.9,10.6,12.0,13.3,12.6
022092,7.1,8.1,8.1,8.5,8.9,9.7,10.0,10.8,11.1,10.5,11.0,11.4,10.9,10.7,10.9,11.8,11.4,12.3,13.7,13.7,12.8,14.2,15.2,16.3,16.4
022093,6.4,6.5,6.4,7.1,7.9,7.3,8.0,8.5,8.7,8.1,8.7,9.4,9.2,8.9,9.6,9.5,10.2,9.8,10.4,11.5,10.4,11.5,11.7,12.9,13.2
022095,5.5,5.4,6.3,6.3,6.8,6.8,7.6,8.0,7.9,7.9,8.0,8.3,8.1,8.2,7.5,8.4,9.1,9.6,10.2,10.8,9.8,10.6,11.4,12.5,12.4
022097,7.9,8.7,8.7,8.6,8.5,9.9,9.7,10.9,10.8,10.6,11.2,11.4,10.1,11.1,11.5,11.5,12.2,12.4,13.9,13.8,12.6,13.0,15.1,16.4,16.3
022098,3.9,4.0,4.4,4.6,5.5,5.6,6.0,6.4,6.3,6.1,6.7,7.0,6.7,6.7,6.8,7.4,7.7,8.0,8.5,8.6,8.6,8.8,10.5,10.2,11.7
022102,6.0,6.1,7.1,7.5,8.0,8.3,8.4,8.7,9.5,9.0,9.6,9.6,9.6,9.1,9.8,10.0,10.7,11.3,11.9,12.0,12.0,12.3,13.5,14.6,14.8
022103,7.6,8.1,7.9,8.7,8.9,10.0,9.9,9.9,10.9,10.8,10.6,11.2,11.1,10.8,11.7,11.5,11.9,12.6,13.2,14.0,12.6,14.1,15.0,16.2,16.2
022104,7.6,8.3,8.6,9.3,9.8,9.7,10.4,10.4,11.4,10.3,11.7,11.4,11.3,11.1,11.7,11.9,11.6,12.7,13.4,13.6,12.4,14.0,15.3,15.8,16.1
022106,4.6,4.6,5.0,5.1,5.9,6.4,6.5,6.7,7.0,6.5,6.5,7.2,6.9,6.5,7.2,7.5,7.6,8.1,8.1,8.5,8.2,9.1,10.0,10.5,11.7
022108,7.9,8.1,8.4,9.5,9.4,9.8,10.6,11.1,11.1,10.9,10.7,11.8,11.9,10.9,11.3,11.7,12.5,12.9,14.0,13.7,12.7,13.7,15.1,16.3,16.3
022109,7.9,8.5,8.5,9.0,9.0,9.9,9.8,11.2,11.1,10.5,11.2,11.3,11.1,10.7,10.9,12.1,11.9,13.0,13.2,14.0,13.1,14.6,14.5,15.7,16.3
022110,6.5,6.8,7.6,7.7,8.7,8.3,8.5,9.3,9.7,9.1,9.5,10.5,9.6,10.1,9.8,10.7,10.8,11.1,11.6,11.1,10.9,12.3,13.5,14.3,15.1
022112,7.1,7.0,7.3,8.3,8.6,8.5,9.5,9.8,9.8,9.4,10.3,10.0,9.6,10.1,10.6,10.3,10.5,11.4,11.3,12.0,11.2,12.8,14.1,14.8,15.2
022113,9.2,9.6,9.7,10.6,10.7,11.4,11.2,12.5,11.9,12.4,12.1,13.0,12.4,11.8,12.9,13.6,13.9,13.5,14.9,14.6,14.1,15.5,16.4,17.3,18.2
022114,7.5,7.7,8.4,8.2,9.3,9.0,9.8,10.4,10.8,9.6,10.4,11.1,10.2,10.4,10.7,11.2,11.7,13.0,12.8,13.8,12.3,13.3,14.8,16.0,16.3
022115,3.4,3.4,3.6,4.0,4.0,4.3,4.6,4.9,5.3,4.7,5.3,5.0,5.3,5.2,5.3,5.6,6.2,6.8,6.4,7.3,6.9,6.4,7.8,8.9,9.1
022116,4.8,4.8,5.0,5.6,5.9,5.7,5.7,6.8,6.8,6.1,6.9,7.6,6.7,6.4,7.7,8.0,8.3,8.2,8.3,9.1,8.4,9.2,10.2,10.7,10.5
022117,3.0,3.5,2.9,3.7,3.8,3.9,4.0,4.5,4.7,4.4,4.8,4.7,5.0,4.3,5.3,5.4,5.4,5.8,6.1,5.8,5.8,6.4,7.0,7.5,7.6
022118,7.5,7.7,8.3,8.6,9.2,9.5,9.5,10.5,11.1,10.3,11.4,11.2,11.2,11.1,11.7,11.7,12.2,12.4,13.7,13.7,13.4,14.6,14.8,16.0,16.2
022120,4.1,4.7,4.7,5.2,5.4,5.6,6.2,6.4,6.8,6.0,6.7,6.6,6.4,6.5,6.5,7.4,7.3,8.1,8.3,8.7,7.7,9.1,9.5,10.7,10.5
022123,5.2,5.2,5.7,5.3,6.1,6.8,7.1,7.0,7.3,7.3,7.5,8.3,7.9,7.6,8.4,8.1,8.5,9.7,9.9,9.4,9.3,9.8,11.0,11.7,12.6
022124,4.3,5.0,5.3,5.9,5.9,6.4,6.4,7.1,7.1,6.9,7.8,7.2,7.9,7.3,7.7,8.3,8.6,9.1,8.6,10.4,9.1,10.0,10.6,11.8,12.4
022127,7.4,8.0,7.4,7.5,8.5,8.9,8.6,9.8,10.1,9.5,9.8,10.0,9.5,10.0,10.3,10.8,10.7,11.0,11.5,12.2,11.5,12.4,13.1,13.9,15.3
022128,5.0,5.1,5.4,5.4,5.9,6.0,6.6,7.1,7.5,7.1,7.3,7.7,7.1,7.2,8.0,7.5,8.4,8.4,9.4,9.7,8.4,9.7,11.3,11.6,12.3
022129,6.8,6.6,7.2,7.2,7.2,8.0,8.0,9.1,9.4,8.9,9.0,10.0,9.2,8.7,9.6,9.7,10.2,11.1,11.5,11.9,10.2,11.4,13.4,14.1,15.4
022130,4.8,5.3,6.0,6.3,6.7,6.7,7.3,7.9,8.0,7.8,8.1,8.2,8.5,8.1,8.0,8.6,9.6,9.7,10.1,10.5,9.8,10.7,11.2,12.7,12.9
022131,3.9,4.5,4.6,5.1,5.2,5.7,5.7,6.3,6.4,6.7,6.9,7.0,6.6,6.4,7.3,7.8,7.3,8.3,8.9,9.4,8.7,9.6,10.0,10.7,11.4
022133,6.8,6.6,7.4,7.0,8.2,8.2,8.8,9.2,9.7,9.4,9.4,9.8,9.9,9.3,10.4,10.7,11.4,11.0,12.5,12.3,10.7,12.4,14.3,13.9,15.4
022134,6.6,6.6,7.1,7.5,7.4,8.2,8.1,8.6,8.6,8.6,8.6,9.4,8.6,9.1,8.9,9.6,9.4,10.6,11.0,10.9,10.2,11.4,12.1,13.0,13.6
022135,6.9,7.5,8.0,8.5,8.8,9.3,9.4,10.1,10.1,10.0,9.7,10.7,9.8,10.1,10.5,10.6,11.8,10.8,12.3,12.2,11.6,12.4,13.1,14.1,14.7
022136,6.3,7.1,7.4,7.6,8.0,8.2,8.8,9.3,10.1,9.3,9.8,9.8,9.8,9.7,9.3,10.2,10.1,10.8,11.6,11.8,10.8,11.7,12.7,13.7,14.5
022137,7.4,7.6,8.5,8.3,8.7,9.8,9.3,10.0,10.1,9.7,10.0,11.4,11.0,10.8,11.1,10.9,11.3,12.0,12.7,12.6,12.1,13.7,15.0,15.6,16.3
022138,3.0,3.7,3.5,4.0,4.2,4.2,4.8,5.4,5.6,5.2,5.6,6.0,5.7,5.4,6.0,6.3,6.5,7.0,7.2,7.5,7.2,7.4,8.5,9.6,9.8
022139,3.4,3.4,3.7,4.2,4.3,4.5,4.7,5.3,5.4,4.7,4.5,5.8,5.1,4.8,6.1,5.8,6.2,6.4,6.7,6.7,6.6,7.2,8.4,8.3,8.8
022142,2.7,3.1,3.4,3.8,4.0,4.2,4.4,4.6,5.4,4.7,5.5,5.9,5.6,4.8,5.4,5.7,6.5,6.7,6.5,7.5,7.0,7.4,8.4,8.9,9.8
022143,5.3,5.9,5.9,7.0,6.0,7.1,6.4,7.3,7.5,8.1,8.0,8.7,7.6,7.3,8.0,8.7,9.8,9.0,10.5,10.0,9.4,10.6,12.5,13.3,13.7
022144,5.8,5.4,5.7,5.9,6.3,7.3,6.9,7.5,7.8,7.9,7.5,8.6,7.9,7.8,8.0,8.2,9.1,9.5,10.3,9.8,9.2,10.2,11.3,11.7,12.7
022147,4.0,4.4,4.3,4.9,5.1,5.1,5.4,5.7,5.7,6.0,6.0,6.7,6.7,6.1,6.4,6.5,7.0,7.1,7.8,8.0,7.6,8.2,8.7,9.9,10.3
022150,6.6,7.0,7.8,7.4,8.1,8.6,8.9,9.4,9.3,9.2,9.6,9.8,10.0,9.7,10.1,10.6,10.6,10.9,11.4,12.0,10.5,11.6,13.4,14.1,14.0
022153,8.0,7.8,8.1,8.9,9.2,9.5,10.1,10.8,10.9,10.6,10.4,11.3,11.0,10.8,11.1,11.5,12.1,12.5,13.3,13.1,13.3,14.7,15.0,16.2,15.8
022155,7.2,6.8,7.6,7.8,7.6,8.2,8.7,9.2,9.0,9.5,9.6,9.5,9.2,9.6,9.2,10.8,10.7,11.1,11.2,12.0,10.1,12.1,12.8,13.1,14.2
022156,8.1,8.1,9.0,9.2,9.9,10.6,10.4,11.3,11.9,11.6,11.1,12.5,11.9,11.5,12.5,12.7,13.2,13.9,14.0,15.1,14.0,14.8,15.5,17.5,17.9
022157,8.4,9.3,9.5,10.3,10.7,10.6,11.6,11.8,11.8,12.3,12.2,12.8,13.0,12.1,13.0,13.8,13.6,15.0,14.2,15.1,14.1,14.6,17.0,17.6,17.7
022159,5.1,5.5,5.9,6.5,7.0,7.0,6.9,7.1,8.1,7.3,8.0,8.3,7.7,7.8,8.6,8.5,9.1,10.2,9.9,10.9,9.9,10.5,11.5,12.1,12.7
022160,7.4,8.1,8.6,9.5,10.0,10.2,10.7,11.0,11.3,10.3,11.1,11.8,10.5,10.8,11.8,11.6,11.8,12.9,13.6,13.9,12.2,14.6,14.9,16.4,16.6
022161,5.2,5.1,6.1,6.0,6.5,6.7,6.9,7.2,7.3,6.9,7.6,7.6,7.1,7.5,8.0,7.9,8.5,9.2,9.6,9.9,9.0,9.8,10.5,12.4,12.2
022162,5.5,6.0,5.7,6.1,6.8,6.8,7.4,8.2,8.4,7.5,8.2,9.2,8.7,7.9,8.7,9.0,9.5,10.3,10.1,10.2,10.2,11.1,11.9,12.2,12.2
022163,6.8,8.0,8.1,8.4,9.2,9.6,10.3,10.7,11.1,10.4,11.1,11.1,10.9,10.6,11.7,11.6,12.3,13.1,13.3,12.9,12.4,13.9,15.3,16.3,16.3
022164,4.1,4.7,5.2,5.5,5.7,6.0,6.1,6.0,7.0,7.0,6.8,7.2,7.0,7.2,7.1,7.8,7.7,7.9,8.5,9.0,8.2,8.8,10.2,10.2,10.9
022165,7.1,6.7,7.7,7.9,8.8,9.3,8.9,9.9,9.7,9.4,9.9,10.4,10.0,10.0,10.5,10.9,10.8,11.6,12.7,12.1,11.9,13.4,14.5,15.7,15.6
022167,6.4,6.6,7.4,6.8,7.8,8.1,8.8,9.1,8.8,9.0,9.5,9.8,9.2,9.2,9.6,10.7,10.7,11.1,12.2,11.7,11.1,12.0,13.6,14.2,14.6
022168,5.4,6.1,6.2,6.4,7.2,7.1,7.4,8.2,8.6,8.1,8.8,9.3,8.8,8.9,9.2,9.3,10.4,10.6,10.8,11.2,10.8,11.5,12.3,13.2,13.4
022169,3.5,3.7,3.8,4.5,4.5,5.1,5.6,5.3,5.5,6.0,6.0,5.7,5.9,5.8,5.7,6.1,7.4,7.2,7.6,8.4,7.4,7.9,8.7,9.1,10.0
022170,4.2,4.3,4.5,4.9,5.4,5.8,6.1,5.6,6.6,6.0,6.4,6.4,6.9,7.1,7.3,7.3,7.4,7.6,8.1,9.1,8.2,8.8,9.9,10.5,10.8
022171,8.4,8.5,9.0,9.5,9.2,10.2,10.1,11.3,11.8,11.2,11.2,12.4,11.0,11.2,12.0,11.8,12.8,13.5,13.1,13.5,13.1,13.8,14.9,15.7,16.3
022172,5.5,5.8,5.5,6.2,6.6,6.6,6.8,7.1,7.6,6.5,7.8,8.0,7.2,7.8,7.8,8.4,9.0,9.6,9.4,10.0,9.0,9.9,10.7,11.9,12.6
022173,5.8,6.3,6.7,7.0,7.1,7.4,8.0,8.3,8.9,8.4,9.1,9.2,8.9,9.0,9.1,9.9,9.4,10.5,11.3,11.1,10.3,11.5,12.2,12.4,13.4
022176,8.5,8.7,9.0,10.1,9.8,10.5,10.4,11.3,12.1,11.8,12.3,11.8,11.6,11.3,11.8,12.7,12.3,13.1,13.1,14.4,12.6,14.3,15.6,15.7,16.3
022177,6.8,7.3,7.5,7.3,8.3,8.5,8.4,9.2,9.5,8.7,9.0,9.9,9.4,9.3,9.4,9.7,10.7,10.9,11.1,11.4,10.5,11.3,12.2,13.3,13.6
022179,6.2,7.1,6.9,7.9,8.1,8.4,8.3,9.1,9.5,8.8,9.0,9.9,9.2,9.0,10.2,9.9,9.8,10.9,11.5,11.9,10.9,11.2,12.7,13.3,14.1
022180,5.9,6.3,7.0,6.6,7.2,7.5,8.1,7.9,8.1,7.4,8.4,9.1,8.7,7.9,8.6,9.4,9.4,10.4,10.4,10.5,10.0,10.4,11.3,12.7,12.9
022181,6.6,6.4,6.8,7.0,7.4,7.5,8.1,8.5,9.0,8.5,8.6,9.7,8.6,8.7,9.4,9.9,10.4,10.0,10.8,11.1,11.0,11.3,12.1,13.4,14.2
022182,5.6,6.3,6.5,6.5,7.5,7.6,8.0,8.1,8.7,7.7,8.8,9.6,9.0,8.5,8.7,8.9,10.0,9.5,11.1,11.5,10.9,11.5,11.8,13.8,14.0
022183,7.3,6.8,7.8,7.7,9.0,9.4,8.7,9.9,9.7,9.0,9.5,10.4,10.5,9.2,10.3,10.3,11.1,11.2,12.3,12.2,11.7,12.7,13.2,13.8,14.9
022184,4.8,5.4,5.1,5.7,5.8,6.2,6.5,6.9,7.3,7.2,7.2,7.5,7.3,6.8,7.3,8.0,8.7,9.1,8.9,9.6,8.6,9.9,10.5,11.3,12.2
022188,5.2,5.9,6.2,6.6,6.7,7.2,7.6,7.9,8.0,8.0,8.7,8.6,8.7,8.5,8.9,9.1,9.7,9.7,9.5,10.9,10.2,10.3,11.7,12.0,13.3
022189,7.1,7.6,7.7,8.2,8.0,9.1,9.3,10.2,10.0,10.2,10.1,10.1,9.9,9.9,9.9,11.3,10.9,11.7,12.0,11.8,11.8,12.5,13.6,14.1,14.9
022190,6.1,6.6,7.3,6.8,7.7,8.4,8.5,8.6,9.2,8.6,9.5,9.1,8.9,9.4,9.6,9.2,10.2,10.7,10.4,11.1,11.0,12.0,13.2,13.7,14.8
022191,7.8,7.3,8.1,8.4,8.6,9.6,9.4,10.3,9.6,10.4,10.6,11.4,10.7,10.1,11.3,11.7,11.4,12.7,12.9,13.5,12.0,13.8,13.6,15.1,16.1
022193,6.3,6.7,6.8,7.2,7.6,8.0,8.3,7.9,9.3,8.0,9.2,8.8,8.3,8.8,8.9,10.0,9.7,10.5,10.7,10.9,10.4,11.1,12.1,12.6,13.2
022195,4.0,3.9,4.4,4.6,4.9,4.9,5.3,5.5,5.2,5.7,5.9,6.1,6.2,5.5,5.6,6.2,6.8,7.0,6.9,7.8,6.6,7.4,7.6,8.9,9.2
022196,6.9,7.6,8.1,8.4,8.9,8.5,9.5,9.9,10.8,9.9,10.4,11.1,10.3,10.3,10.7,11.1,11.4,11.9,12.4,12.4,11.7,13.1,14.5,16.2,15.4
022199,6.6,7.1,7.0,7.8,8.4,9.1,9.4,9.3,10.1,9.5,9.9,11.0,10.1,9.8,10.1,10.5,11.2,12.5,12.4,13.2,11.4,12.2,14.2,15.2,15.7
022200,7.1,6.6,7.6,7.6,7.9,8.1,8.9,9.1,9.4,8.8,9.7,9.9,9.6,9.3,9.6,10.1,10.2,10.6,11.6,11.7,10.5,11.5,12.6,13.2,13.5
022202,4.3,4.1,4.5,4.7,5.2,5.2,5.9,6.2,6.0,6.3,6.8,6.8,6.4,6.2,7.0,7.1,7.7,7.7,8.8,8.2,8.4,9.0,9.5,10.2,10.3
022203,4.1,4.8,4.8,5.5,5.5,6.0,6.2,6.6,7.0,6.9,6.9,7.5,6.7,6.9,6.8,7.8,7.9,8.1,7.9,8.9,8.1,9.1,10.1,10.7,10.6
022205,4.2,4.0,4.4,4.7,5.5,5.5,6.0,6.5,6.5,6.1,6.3,7.0,6.6,6.5,7.2,7.2,7.7,8.2,8.4,8.2,8.3,8.6,10.2,10.5,11.1
022209,6.6,6.4,7.3,7.2,7.5,8.0,8.1,9.0,9.8,8.9,8.9,10.1,9.7,9.4,9.3,10.2,10.9,11.8,10.9,11.8,11.3,12.7,12.8,13.8,14.1
022210,7.2,7.5,8.0,8.1,9.1,9.3,9.4,9.9,10.3,9.9,10.1,11.0,10.7,10.6,11.4,11.0,11.5,11.8,12.6,12.3,12.0,13.0,13.6,14.9,15.4
022213,5.3,6.2,6.5,6.6,6.9,7.8,8.5,8.3,8.2,8.2,8.7,9.6,9.0,8.3,9.2,9.6,10.0,10.2,11.2,10.9,10.7,11.0,12.0,13.2,13.7
022216,6.1,5.7,6.3,6.5,7.1,7.0,7.4,7.9,8.4,7.5,8.4,8.7,8.5,8.2,8.2,9.1,9.9,9.7,9.8,10.2,10.2,11.1,11.2,12.8,12.2
022222,5.8,6.9,6.7,6.9,7.2,8.4,8.1,8.5,9.3,8.6,8.5,9.4,8.9,8.8,9.1,9.7,9.9,10.3,10.7,11.3,10.1,11.1,12.5,13.1,13.1
022224,6.8,7.6,8.2,7.7,8.4,9.1,9.5,9.7,10.5,9.7,10.1,10.8,10.1,9.4,10.7,11.6,11.8,11.7,12.7,13.1,11.8,13.0,13.9,15.2,15.7
022226,6.6,6.9,7.1,7.8,8.1,7.8,8.6,9.1,9.7,8.6,9.5,9.8,9.1,8.9,9.6,9.9,11.0,10.8,12.1,11.9,10.7,11.6,13.8,14.5,14.3
022228,7.8,7.8,8.8,9.0,9.6,10.3,10.4,10.9,11.1,11.2,11.3,12.0,11.7,11.5,11.1,12.0,12.0,12.6,12.9,13.1,12.7,14.4,14.4,15.4,16.4
022229,8.3,8.7,8.5,8.6,9.3,10.1,10.3,11.0,11.7,11.4,11.4,12.0,11.4,11.9,12.0,12.8,12.7,14.2,14.2,13.8,13.5,13.7,15.1,16.9,16.9
022230,6.3,6.8,7.0,7.1,7.1,7.6,7.6,8.8,8.3,8.4,8.3,8.6,9.2,8.6,8.8,9.2,9.1,10.5,10.2,10.8,9.9,11.3,11.9,14.0,13.1
022231,5.2,5.7,5.7,6.5,6.4,6.5,6.9,7.3,8.0,7.3,7.8,7.9,7.8,7.7,7.5,7.9,8.1,8.6,8.9,9.1,8.8,9.2,10.5,11.2,11.2
022232,7.8,7.4,8.7,9.0,9.3,10.3,10.0,10.7,11.6,10.6,11.3,12.3,10.7,11.1,11.1,12.3,12.8,14.1,13.5,14.2,13.3,15.0,15.7,16.1,17.8
022233,5.8,5.6,6.9,6.3,7.1,6.9,7.8,8.3,8.8,8.5,8.8,9.9,9.7,9.2,8.9,9.0,10.2,11.0,11.2,11.7,10.7,12.0,13.4,13.5,14.7
022234,7.1,7.4,8.2,8.2,9.0,9.1,9.6,10.0,10.3,9.5,10.3,10.5,11.4,10.1,10.8,10.9,11.3,12.4,12.0,12.6,12.3,13.0,15.0,15.1,15.1
022235,8.1,8.7,8.1,9.6,9.8,9.7,10.6,11.2,11.4,10.3,11.0,11.8,11.4,11.5,12.3,11.5,12.3,13.0,13.8,13.0,13.1,14.0,14.5,16.0,16.9
022236,4.9,4.9,4.9,5.3,5.5,5.9,6.3,6.8,7.3,6.2,7.1,7.1,7.0,6.9,7.0,7.3,7.5,7.9,8.9,8.9,8.5,9.0,9.9,10.8,11.6
022237,7.6,7.1,7.7,8.4,8.6,9.3,9.8,10.2,11.1,9.9,10.2,10.8,11.1,10.7,11.0,11.7,11.1,11.7,13.0,12.6,12.2,13.7,13.9,15.5,15.4
022238,6.6,7.4,7.3,6.9,7.9,8.3,9.1,9.3,9.6,9.1,9.1,10.0,9.1,8.9,9.8,10.2,10.7,10.6,12.3,11.6,11.1,12.3,13.3,13.7,14.7
022239,5.5,5.4,5.7,5.6,6.6,6.6,7.0,7.4,7.5,7.6,7.8,8.0,7.8,8.0,8.2,8.2,8.8,9.0,9.4,9.4,9.4,10.6,11.0,11.7,12.0
022240,5.9,6.5,6.5,7.0,7.8,7.9,8.3,8.1,8.8,8.4,9.1,9.0,8.8,8.8,8.9,9.3,9.9,10.4,10.8,10.8,10.4,11.5,11.6,12.8,13.5
022241,4.1,4.9,5.1,5.4,5.7,5.7,6.2,6.6,7.3,6.7,6.6,7.1,6.7,6.7,7.1,7.4,7.7,8.1,8.7,8.9,8.1,9.6,10.4,10.5,11.1
022242,7.5,8.1,7.8,7.9,9.4,9.9,9.7,10.2,10.7,10.0,11.0,11.5,11.1,10.5,10.7,11.1,11.4,13.0,12.5,14.3,12.4,13.6,15.3,16.6,16.1
022243,5.0,5.1,5.6,5.9,5.7,6.3,7.1,7.3,7.3,7.2,7.1,7.5,7.6,7.6,7.8,8.1,8.4,8.7,8.4,9.7,8.9,9.7,10.8,11.0,12.1
022244,6.8,7.9,7.8,8.2,8.7,9.5,9.4,9.5,10.2,9.3,10.3,10.2,10.3,10.1,10.7,10.5,11.4,11.8,11.6,12.8,11.7,12.2,13.9,14.3,15.5
022245,3.9,4.5,4.4,5.0,5.4,5.7,5.9,6.6,6.8,5.7,6.9,7.1,6.7,6.6,7.3,7.3,7.8,7.8,8.2,8.9,8.0,9.5,10.4,11.1,10.8
022246,7.0,6.8,7.5,7.9,7.8,8.8,9.0,9.0,9.5,9.3,9.5,10.1,9.8,9.6,9.6,10.0,10.9,11.2,11.9,11.6,11.5,12.8,14.0,14.4,14.9
022247,5.0,5.0,5.3,5.7,6.1,5.8,6.1,6.4,6.8,7.1,6.6,6.9,7.0,6.8,7.2,7.2,7.5,7.8,7.9,8.2,8.1,8.9,8.8,9.6,9.8
022248,5.4,5.3,5.8,6.7,6.4,6.9,7.1,7.8,8.6,7.0,8.1,8.4,7.7,7.6,8.6,8.4,8.9,9.2,9.4,9.9,9.5,10.8,11.0,12.3,13.2
022249,6.2,6.8,6.9,7.6,7.3,7.5,8.1,8.6,9.2,8.2,9.3,8.8,9.2,9.0,9.3,9.6,9.8,10.7,10.9,11.3,10.7,11.4,12.0,13.6,13.7
022250,4.8,5.8,6.2,6.3,6.9,6.4,6.9,7.5,7.8,7.5,7.3,7.9,7.8,7.5,8.1,8.6,8.5,9.5,8.9,10.4,9.3,10.2,10.9,11.3,12.3
022251,7.3,8.1,8.1,8.4,9.1,9.6,10.1,10.2,10.6,10.5,10.4,11.8,11.0,10.5,11.0,11.9,13.0,12.5,12.6,13.2,13.2,13.6,14.2,15.4,15.6
022252,5.7,6.1,6.8,6.9,7.0,8.0,7.9,8.9,8.7,8.6,8.6,9.3,8.5,9.2,9.2,9.2,10.0,10.7,11.1,11.5,10.7,11.5,12.4,13.2,13.6
022253,4.6,4.6,4.8,5.6,5.7,5.8,6.2,6.9,6.3,6.8,6.2,7.7,6.8,6.8,7.0,7.8,8.3,8.5,8.8,9.3,8.2,9.3,10.6,10.5,12.0
022254,8.0,8.0,8.4,9.2,9.3,9.6,10.5,10.6,11.9,10.4,11.6,10.7,11.7,10.0,11.1,11.3,12.4,13.1,12.3,13.2,12.2,14.1,14.5,15.7,16.2
023001,5.1,5.2,6.1,6.1,6.5,6.7,6.3,7.0,7.5,7.1,7.8,7.6,7.4,7.1,7.7,7.7,8.1,8.3,9.7,9.3,9.0,10.4,10.4,11.6,11.9
023002,5.2,5.7,5.4,5.8,6.5,6.6,6.6,7.0,7.7,6.9,7.3,7.7,7.0,7.5,7.9,7.6,7.9,8.1,8.8,9.3,9.1,9.6,9.7,11.3,11.0
023003,4.9,4.7,5.2,6.4,6.6,6.8,7.3,7.4,8.0,8.1,7.9,8.9,8.7,8.1,8.2,8.8,9.4,9.1,9.8,10.8,9.2,10.6,10.9,12.0,12.7
023004,5.0,5.2,5.2,5.9,5.7,6.1,6.1,6.9,7.1,6.4,7.2,7.5,7.1,6.7,7.1,7.2,8.1,7.9,8.3,8.6,8.6,9.4,9.3,10.7,11.0
023005,4.2,4.5,4.8,4.8,5.5,5.9,6.3,6.7,6.8,6.2,6.5,7.2,7.0,6.9,7.2,7.3,8.7,8.4,9.2,8.9,8.5,9.5,9.8,10.4,10.7
023006,4.0,4.2,4.8,5.0,5.3,6.3,6.0,6.0,6.6,6.4,6.8,7.1,7.2,7.1,7.1,7.5,7.5,7.4,8.3,8.3,8.4,8.7,9.8,10.6,10.9
023007,5.5,5.8,6.0,6.3,6.4,6.8,7.4,7.9,8.5,7.6,8.0,8.2,8.6,8.0,8.5,8.6,9.2,9.4,10.1,10.3,9.5,10.7,11.5,11.9,12.5
023008,8.4,8.7,9.4,9.9,10.4,10.3,11.1,11.4,12.4,10.9,12.3,12.4,11.7,11.7,11.8,11.7,12.8,13.2,14.1,14.3,14.1,14.5,15.4,16.2,16.9
023009,4.1,4.3,4.4,4.9,5.0,5.2,5.8,5.6,6.0,6.2,6.1,6.6,6.6,6.2,6.9,6.5,7.4,7.9,7.9,8.4,7.7,8.5,10.2,9.8,10.8
023010,5.3,5.7,5.6,6.4,6.8,6.8,7.5,7.7,8.2,7.8,8.2,8.2,8.5,8.0,8.6,9.0,9.5,10.0,9.7,10.2,9.9,10.5,11.6,12.0,13.6
023011,3.9,4.2,4.9,5.7,6.1,5.8,6.3,6.9,7.5,6.3,7.1,7.4,7.1,7.3,7.1,7.8,8.5,8.5,9.4,9.9,8.6,10.3,11.4,12.2,12.4
023012,5.2,6.1,6.2,6.1,6.8,6.8,7.3,7.6,7.8,7.3,7.9,8.0,7.5,7.8,8.3,9.0,9.3,9.5,9.4,10.4,9.4,10.5,11.8,12.0,12.4
023013,3.9,4.2,4.7,4.9,5.1,5.7,5.7,6.1,6.5,6.1,6.6,6.7,6.0,6.4,6.1,7.0,7.0,7.9,7.6,8.3,7.6,8.5,9.0,9.9,10.2
023014,6.7,7.0,7.1,7.7,8.1,8.9,8.7,9.4,9.9,9.3,10.0,9.3,10.0,10.1,10.0,10.4,11.3,11.9,11.9,12.4,11.5,12.9,13.5,14.6,15.0
023015,5.0,5.7,5.8,6.0,6.0,6.6,6.5,7.2,7.5,7.4,7.6,8.2,8.0,7.5,7.8,8.4,8.5,8.9,9.5,9.9,8.5,10.1,11.3,11.8,11.9
023016,8.1,8.5,8.8,9.1,9.1,10.0,10.4,10.4,11.4,10.3,10.7,11.4,11.7,11.4,12.1,11.9,12.5,12.7,13.6,14.7,12.7,14.2,15.1,15.8,17.0
023017,5.0,5.5,5.6,5.4,6.0,6.6,6.6,6.5,7.1,6.8,7.8,7.6,7.3,7.1,7.9,7.8,7.7,8.2,8.7,8.5,8.8,9.9,10.3,11.0,11.1
023018,4.6,4.9,5.3,5.4,5.8,6.7,6.6,7.0,6.9,7.3,7.7,8.2,7.3,7.2,8.1,8.0,8.9,9.1,9.6,9.3,9.8,10.0,10.3,11.9,12.1
023019,4.9,5.6,5.7,6.0,6.4,6.5,6.9,6.9,7.5,7.2,7.7,7.3,7.4,7.2,7.8,7.9,8.2,8.9,9.0,9.3,9.2,9.7,10.1,11.1,11.7
023020,7.1,7.2,7.8,8.4,8.4,9.1,9.1,9.0,10.0,9.6,9.8,10.8,10.6,9.7,10.8,11.0,11.2,11.2,12.1,12.5,10.8,13.0,13.6,14.4,14.2
023021,7.0,7.3,7.4,7.6,8.3,8.4,8.6,9.2,9.5,9.4,10.0,10.5,10.7,9.9,10.3,10.5,10.9,10.8,11.4,13.0,11.1,12.4,13.7,14.3,15.6
023022,7.6,7.8,8.2,9.0,9.4,9.8,10.3,11.4,11.5,9.9,11.2,11.8,11.4,11.3,11.8,11.3,12.9,12.7,13.4,14.8,13.2,14.4,15.4,16.8,17.0
023023,5.0,4.7,5.3,4.9,5.8,6.5,6.9,7.3,7.3,7.0,7.6,7.4,7.5,7.5,7.4,7.8,8.5,9.7,9.3,9.7,8.7,10.8,11.6,12.1,12.3
023024,8.1,8.8,8.9,8.5,9.5,9.8,10.3,10.6,11.0,10.7,11.2,11.7,10.6,11.5,12.2,12.4,12.0,13.2,13.9,14.0,13.0,14.1,15.9,16.7,16.2
023025,2.9,3.0,3.7,3.7,4.1,4.0,4.6,5.2,5.1,5.1,5.4,6.2,6.2,5.7,5.9,5.7,6.2,6.7,7.2,7.8,6.6,7.4,8.9,9.3,9.7
023026,5.5,6.5,6.0,6.6,7.1,7.5,7.8,8.1,9.1,8.2,8.6,9.3,9.0,8.8,9.4,8.8,9.8,10.1,10.5,11.6,9.9,11.2,11.9,13.3,13.8
023027,5.0,5.8,5.6,6.1,6.6,6.8,7.2,7.5,8.2,7.5,8.2,8.2,8.3,7.6,8.0,8.3,9.2,9.7,9.8,9.8,10.1,10.5,11.2,12.5,12.2
023028,4.9,4.9,5.5,5.2,6.1,5.9,6.2,6.9,6.3,7.0,7.2,7.4,6.7,6.7,7.3,7.6,8.2,7.7,8.6,9.6,9.1,9.2,10.2,10.8,11.6
023029,3.9,4.3,4.4,4.8,5.0,5.5,5.6,6.2,6.4,5.8,6.5,6.5,6.5,6.6,6.6,6.8,7.0,7.5,8.5,8.1,7.8,8.2,9.4,9.9,10.7
023030,4.8,4.7,5.2,5.4,5.5,6.2,6.4,6.4,6.7,6.3,7.2,7.2,6.8,7.0,7.0,7.6,7.7,8.2,8.7,8.5,8.0,8.9,9.8,10.3,10.9
023031,5.2,5.9,6.0,6.7,6.4,7.1,7.0,8.4,8.0,8.5,8.1,8.8,8.6,7.9,8.7,8.7,9.8,10.0,10.1,10.6,10.8,10.9,11.9,12.3,12.1
023032,5.9,6.5,6.3,7.0,7.3,8.2,7.7,8.9,9.4,8.9,9.1,9.9,9.2,9.0,9.5,9.9,10.5,10.7,11.4,12.3,11.3,12.0,13.0,13.4,14.5
023033,4.0,3.9,4.4,4.0,4.6,4.7,5.1,5.3,5.8,5.6,5.5,6.0,6.0,5.7,5.9,6.4,6.3,7.0,7.4,7.8,6.8,7.6,8.8,8.5,9.3
023034,5.2,5.7,5.2,5.7,6.5,6.3,6.2,7.3,7.5,6.7,6.7,7.3,7.4,7.0,7.1,7.6,7.9,8.1,8.9,9.3,8.6,9.2,10.4,10.4,11.0
023035,2.6,3.2,3.4,3.4,3.8,4.0,4.1,4.5,4.7,4.4,4.7,4.7,4.5,4.6,4.8,5.4,5.6,5.6,5.7,6.2,5.8,6.3,7.3,7.2,8.2
023036,5.3,5.8,6.1,6.0,6.6,6.8,7.3,7.1,7.9,7.6,7.7,7.9,8.1,7.8,8.1,8.1,8.6,9.4,9.8,9.5,9.1,9.5,11.2,11.5,11.8
023037,5.5,5.6,5.8,6.3,6.9,7.4,8.0,8.1,8.4,8.0,8.0,8.6,8.6,7.8,8.5,9.5,10.1,10.4,11.1,12.0,10.7,11.7,12.3,13.6,14.4
023038,5.8,6.3,6.7,7.2,7.3,7.8,8.1,8.3,8.9,8.4,9.3,9.1,9.1,8.7,9.2,9.5,10.3,9.7,10.7,11.1,10.7,10.9,12.1,13.0,13.7
023039,5.4,6.0,6.6,7.0,7.3,8.1,8.2,8.7,9.0,8.9,8.7,9.3,9.0,8.8,9.2,9.8,10.2,10.1,11.0,11.6,10.2,11.0,12.7,13.8,14.5
023040,6.8,7.1,7.6,7.8,8.2,7.6,8.7,8.9,8.9,9.1,9.5,10.0,10.2,9.5,9.7,10.5,10.5,11.3,11.6,11.6,11.0,12.1,13.1,14.5,14.8
023041,5.5,6.0,6.7,6.7,6.7,6.9,7.4,8.0,7.9,7.6,7.8,8.5,8.3,7.6,8.5,8.8,8.9,9.0,10.0,10.1,9.5,9.8,11.2,12.2,12.0
023042,5.0,5.5,6.0,6.0,6.8,6.6,7.1,7.0,7.8,7.4,7.9,7.8,7.7,7.8,8.1,8.9,8.5,9.1,9.8,10.1,9.6,10.4,10.7,11.5,12.8
023043,3.8,4.3,4.4,4.5,4.8,5.4,5.5,6.0,6.2,6.2,6.5,6.1,6.8,6.5,6.8,7.1,7.5,8.1,8.2,9.1,8.0,9.3,9.7,10.2,11.0
023044,4.8,5.6,5.6,6.3,6.4,7.0,7.4,7.4,8.2,7.7,8.1,8.7,8.7,8.4,8.5,9.6,9.3,10.3,11.0,10.6,10.0,11.6,12.2,11.9,14.3
023045,5.4,5.7,5.8,6.3,6.6,6.8,7.3,7.1,7.6,7.8,8.1,8.2,8.0,8.0,8.1,9.0,8.6,9.4,9.6,10.0,9.6,9.7,10.7,12.4,12.6
023046,5.1,5.3,5.2,5.7,6.3,7.0,6.6,7.2,7.4,7.2,7.8,7.8,7.8,7.9,7.9,7.9,9.1,8.6,9.3,10.4,9.1,9.9,11.3,12.0,12.8
023047,5.4,6.0,6.9,6.5,7.3,7.0,7.3,8.3,8.5,8.5,8.7,8.9,8.7,8.2,9.1,9.3,10.0,9.8,10.8,10.4,11.0,11.2,12.5,13.1,13.6
023048,3.9,4.1,4.5,4.4,4.4,5.1,5.5,5.7,6.4,6.2,6.0,6.5,6.3,5.9,5.9,6.6,7.3,7.6,7.7,8.3,6.9,8.2,9.3,9.5,11.2
023049,5.9,5.9,6.1,6.8,7.4,7.0,7.5,7.9,8.3,7.8,7.9,8.8,8.7,8.7,8.8,9.7,10.0,9.8,10.3,11.2,9.9,10.9,12.2,13.1,13.2
023050,5.6,6.0,6.0,6.7,7.1,7.0,7.0,7.5,8.2,7.7,7.7,8.1,8.1,8.0,8.3,8.6,8.9,8.9,9.3,9.9,9.0,10.3,10.8,11.6,11.8
023051,5.6,5.5,6.0,6.3,6.4,6.8,7.2,8.0,8.8,7.5,8.0,8.8,7.9,8.3,7.8,8.9,9.2,9.6,9.8,10.4,9.2,11.0,11.0,12.5,12.5
023052,4.3,4.1,4.5,4.9,5.2,5.4,5.5,6.1,6.6,6.1,6.1,6.8,6.3,6.5,6.4,7.3,7.2,7.3,8.3,8.2,8.1,8.3,9.3,9.7,9.9
023053,6.0,6.3,6.9,6.8,7.1,7.8,7.9,8.1,8.6,8.4,8.1,9.3,8.9,8.7,8.8,9.5,10.0,10.2,10.0,11.6,10.4,10.6,12.6,12.5,13.7
023054,4.2,4.5,5.1,5.5,6.0,5.7,6.2,6.1,7.2,6.2,6.8,6.8,7.0,6.2,7.0,7.4,7.9,7.8,8.5,8.7,7.8,9.4,9.2,11.1,11.0
023055,5.7,6.4,6.5,6.7,6.7,6.8,7.6,8.0,8.1,7.4,7.7,8.7,8.0,8.2,8.6,8.7,8.9,9.8,10.3,9.9,9.2,9.8,11.9,12.8,12.3
023056,7.1,7.3,7.1,8.0,8.1,8.8,8.6,9.4,10.2,9.9,10.3,10.4,10.1,9.4,10.9,11.4,11.1,11.1,11.9,12.2,11.6,12.0,12.5,14.1,14.3
023057,5.2,5.3,5.6,6.2,5.9,6.5,6.4,6.8,7.7,7.1,7.2,8.0,7.6,7.3,7.3,7.6,8.6,9.2,9.6,9.6,8.6,9.5,10.1,10.7,11.0
023058,3.9,4.7,4.7,4.8,4.8,5.2,5.8,6.4,6.5,6.2,6.4,7.1,6.2,6.3,6.8,7.1,7.0,7.4,7.8,8.0,7.5,8.3,9.4,9.8,10.3
023059,5.2,5.8,5.8,5.9,6.2,6.1,6.5,7.0,8.0,7.1,7.8,8.7,7.7,7.7,7.5,8.4,8.7,8.9,9.4,10.2,9.3,9.2,11.1,11.0,12.3
023060,5.7,5.9,6.4,6.5,7.1,7.5,7.6,7.5,8.5,7.7,8.4,8.6,8.5,8.5,8.9,9.3,9.7,9.8,10.1,10.5,10.0,10.8,11.6,12.8,12.7
023061,5.6,5.2,5.8,6.3,6.7,6.8,7.0,7.9,7.6,7.4,7.6,8.3,7.9,7.9,8.4,8.2,8.9,9.0,9.9,10.2,9.0,9.9,11.3,11.1,12.4
023062,6.8,7.5,7.5,7.7,8.2,8.4,8.8,9.0,9.5,8.7,9.3,9.7,9.3,9.1,10.3,10.0,10.4,10.9,11.7,11.6,10.9,11.9,12.4,13.9,13.2
023063,5.6,5.6,5.8,6.1,6.2,6.8,7.2,8.0,7.9,7.6,7.9,8.4,8.1,8.4,8.7,8.5,10.0,9.9,10.3,10.5,9.6,10.2,11.9,12.8,12.3
023064,5.7,6.1,6.5,7.0,7.3,7.4,7.6,8.7,8.8,8.2,8.4,9.0,8.5,8.5,9.0,9.4,9.6,10.1,10.7,10.6,10.1,11.2,11.8,12.1,13.5
023065,5.3,5.3,6.2,6.1,6.9,6.7,7.4,7.5,7.9,7.6,8.1,8.1,7.7,7.6,8.2,8.5,8.4,9.3,9.2,10.3,9.0,9.7,10.4,11.8,11.7
023066,4.9,5.0,5.5,6.1,6.0,6.5,7.3,7.7,7.7,7.0,7.7,8.3,7.8,7.6,7.8,8.5,9.1,9.4,9.8,9.6,9.3,10.1,11.4,11.8,11.8
023067,4.4,4.8,5.0,5.8,5.9,6.2,6.7,7.0,7.6,6.6,6.7,7.8,7.2,7.1,7.5,8.3,7.7,9.1,9.5,9.8,8.4,9.2,10.5,11.2,12.3
023068,7.2,7.7,8.0,8.5,9.0,9.2,9.4,9.7,10.5,9.5,9.8,11.0,10.1,9.4,10.2,10.6,11.2,11.8,12.1,12.2,11.6,12.7,13.8,14.2,14.7
023069,5.9,6.2,6.1,6.5,6.9,7.1,7.8,7.9,8.5,8.5,8.2,8.7,8.1,8.2,8.7,8.6,9.2,9.5,9.6,10.6,9.1,10.7,11.5,12.1,13.1
023070,5.5,6.0,6.3,6.4,6.9,7.2,8.0,8.6,8.1,8.7,8.6,8.5,8.9,8.1,8.4,9.2,9.5,9.9,9.5,10.2,10.2,10.9,11.5,12.2,12.3
023071,5.8,5.8,6.2,7.0,6.5,7.8,7.7,8.3,8.0,7.5,8.5,8.8,8.2,8.2,8.9,9.0,9.3,10.0,10.3,10.0,9.2,10.8,11.3,12.9,13.4
023072,9.1,9.4,9.9,10.4,10.2,10.7,11.3,12.1,11.4,11.8,12.6,13.0,13.2,11.6,12.5,13.7,13.1,14.2,15.0,14.7,13.9,16.0,16.6,18.2,17.9
023073,3.3,3.6,3.9,4.0,4.0,4.9,4.6,5.2,5.3,5.6,5.5,5.7,5.7,5.2,5.4,6.2,5.8,6.4,7.0,7.1,6.8,7.6,7.8,8.7,8.4
023074,5.5,6.1,5.9,6.8,6.7,7.1,7.8,7.6,8.4,7.8,8.4,8.0,7.9,7.9,8.7,8.8,9.6,9.4,10.1,11.0,9.6,11.0,11.4,11.6,13.4
023075,4.7,4.4,4.7,5.5,5.2,5.7,6.8,6.6,7.4,7.0,6.8,7.3,7.4,7.0,7.1,7.9,8.3,8.7,8.9,9.6,8.8,10.1,10.2,11.2,12.2
023076,4.7,5.2,5.7,5.8,6.4,6.5,7.1,7.3,7.9,7.9,7.9,8.2,7.8,7.5,7.6,8.7,8.4,9.3,8.7,10.3,10.1,10.4,11.3,12.4,12.8
023077,6.8,7.6,7.7,7.3,8.0,7.8,9.0,9.3,10.1,9.5,9.9,9.7,10.3,9.7,10.2,10.5,10.5,11.1,12.2,12.1,12.1,12.9,13.1,14.3,15.3
023078,2.5,2.5,2.8,3.0,3.2,3.5,3.6,3.9,4.2,3.9,4.3,4.6,4.5,4.6,4.9,4.6,5.2,5.3,5.6,5.5,5.8,6.6,6.7,7.7,8.4
023079,6.0,6.0,6.5,7.1,7.3,7.5,8.3,8.4,8.4,8.0,9.2,9.8,8.9,8.6,9.6,9.8,10.2,10.3,11.1,12.0,11.4,11.5,12.6,13.7,14.2
023080,6.3,6.0,6.5,7.2,7.4,8.0,8.5,8.4,8.5,8.0,8.5,8.4,8.6,9.0,9.0,8.9,9.5,10.0,10.2,10.3,9.8,10.9,11.7,12.7,13.1
023081,7.6,8.2,8.4,8.6,9.0,9.3,10.2,10.1,10.3,10.5,10.5,11.2,10.5,10.5,10.9,11.7,12.4,12.3,12.8,13.2,12.1,13.8,14.1,15.1,15.4
023082,6.1,6.1,6.4,7.0,7.1,7.5,8.0,8.3,9.3,8.7,8.3,9.0,9.0,8.5,9.4,9.3,10.6,10.3,10.1,10.9,9.8,11.6,12.2,12.9,13.9
023083,4.0,3.9,3.8,4.6,4.8,5.0,5.3,5.5,6.4,5.4,5.9,6.8,5.8,6.0,6.6,6.6,7.7,7.5,8.2,8.3,7.9,8.6,9.3,10.1,10.2
023084,5.7,5.6,6.0,6.5,6.6,7.3,7.4,7.9,7.6,7.3,7.9,8.0,8.6,8.3,8.1,8.8,9.4,8.9,10.1,10.5,9.5,10.0,11.5,12.9,12.4
023085,2.9,3.5,3.6,3.6,4.1,4.3,4.6,4.9,4.8,4.9,5.3,5.4,4.9,4.9,5.3,6.2,6.3,5.8,6.5,7.1,6.4,7.2,7.6,7.8,8.4
023086,5.1,6.4,6.1,6.7,6.4,8.0,8.0,8.3,8.0,7.8,8.3,8.9,8.5,8.4,8.4,9.0,9.6,10.4,10.1,11.1,10.0,11.1,11.8,14.0,13.4
023087,4.1,4.7,5.0,4.7,4.8,5.3,5.8,5.9,6.9,6.2,6.6,6.9,7.1,7.0,7.5,7.5,8.0,7.8,8.2,8.9,7.7,8.9,10.0,10.3,10.5
023088,5.9,6.5,6.7,7.3,7.7,7.3,7.9,8.3,8.9,8.4,8.7,9.2,9.3,8.5,9.4,9.9,10.4,10.5,10.5,11.6,11.0,12.0,12.3,13.1,13.5
023089,6.7,7.0,7.2,7.8,8.2,8.8,9.1,9.3,9.6,9.7,8.9,10.1,9.3,9.3,9.9,11.3,10.6,11.5,12.3,12.2,10.5,12.5,13.3,14.9,14.7
023090,4.2,4.1,4.6,4.7,4.9,5.0,5.4,5.8,5.9,5.9,5.8,6.5,6.3,6.1,6.7,6.9,7.2,7.4,7.5,8.4,7.5,8.7,9.5,9.9,10.6
023091,8.5,8.5,9.0,8.9,9.9,10.1,10.2,10.7,11.2,11.2,10.8,11.4,11.5,10.8,11.1,11.8,11.9,12.7,12.2,14.5,13.5,13.6,14.3,15.8,16.6
023092,3.2,3.6,3.6,4.3,4.6,4.4,4.6,5.1,5.4,5.2,5.2,5.4,5.3,5.6,5.9,6.1,6.3,6.3,6.8,7.0,7.1,8.1,8.4,9.7,9.5
023093,5.2,5.7,5.7,6.5,6.1,6.7,7.1,7.6,7.5,7.4,7.8,8.1,8.3,7.5,8.6,8.9,9.5,9.0,9.6,10.4,9.1,10.2,11.0,11.8,11.8
023094,4.7,4.9,6.1,6.1,5.8,6.4,7.1,6.5,7.6,6.8,7.6,8.1,7.4,6.8,8.0,8.3,8.6,9.2,8.8,9.8,8.6,9.7,10.8,11.5,12.3
023095,4.2,4.1,4.4,5.1,4.8,5.0,5.3,5.7,6.7,6.2,6.4,7.0,6.6,5.9,6.5,6.7,7.8,7.8,8.3,8.2,7.9,8.7,9.6,10.5,11.0
023096,7.0,7.4,7.9,8.2,8.6,9.3,9.2,10.3,9.7,9.6,9.6,10.2,10.7,10.1,10.1,10.8,11.1,11.5,12.5,12.5,11.2,12.6,14.0,14.2,15.5
023097,6.4,6.8,7.2,7.5,7.3,8.4,8.6,9.3,9.3,8.8,9.5,10.0,8.8,9.0,9.4,9.5,10.2,10.6,11.0,11.6,10.6,11.8,12.3,12.9,13.9
023098,6.9,7.6,7.6,7.8,8.9,8.8,9.1,9.7,9.8,9.6,10.2,10.3,10.1,9.6,10.7,10.7,11.0,11.5,12.3,12.2,11.5,12.4,13.7,15.0,15.6
024001,5.3,5.6,5.8,6.6,6.4,6.9,6.9,7.6,7.7,8.1,7.7,8.5,8.0,8.5,8.3,9.0,9.0,10.0,10.1,10.1,9.8,10.8,11.5,12.1,12.6
024002,4.0,3.8,4.5,4.7,4.7,4.9,5.2,5.5,6.2,5.5,5.9,6.5,6.7,6.5,7.1,7.0,7.1,8.0,7.9,8.0,7.6,8.8,9.1,9.7,10.0
024003,3.8,4.5,4.5,4.8,5.3,5.2,5.9,6.2,6.0,5.9,6.0,7.0,5.8,6.6,6.0,6.4,7.0,7.1,8.4,7.8,7.9,8.2,9.0,9.7,10.2
024004,4.1,4.6,5.0,4.9,5.3,5.3,5.8,6.2,6.4,6.0,6.5,7.0,6.3,6.7,6.7,7.4,7.9,8.0,9.0,9.1,8.1,8.6,9.0,9.8,10.5
024005,4.3,4.5,4.3,5.0,5.3,5.3,5.9,6.2,6.9,6.2,6.5,6.9,6.6,6.6,7.1,7.1,7.9,8.0,9.0,8.8,8.0,8.7,9.9,11.1,11.2
024006,5.1,5.4,5.8,5.9,6.1,6.8,7.4,7.6,7.7,7.7,7.9,8.2,8.5,8.0,8.7,8.3,9.3,9.8,10.2,10.0,9.9,10.1,11.6,12.5,12.4
024007,6.0,6.1,6.0,6.4,7.5,7.2,7.6,7.7,8.5,7.7,8.7,8.8,8.3,7.7,8.9,8.9,9.5,9.8,9.3,10.4,9.4,10.9,11.7,12.1,11.9
024008,6.6,6.3,7.0,6.9,7.3,8.4,9.1,9.0,9.0,9.3,9.3,9.4,9.5,9.3,10.0,10.0,10.3,10.6,11.4,11.6,10.0,11.8,12.8,14.0,14.1
024009,6.0,5.8,6.5,7.0,7.1,7.6,8.3,8.3,8.6,8.6,8.4,9.1,8.9,9.2,8.7,10.1,9.8,10.5,10.9,11.6,10.3,11.4,12.2,13.4,13.7
024010,2.6,2.5,2.7,3.0,3.3,3.5,3.9,4.1,4.2,4.2,4.4,4.4,4.4,4.2,4.7,5.2,4.9,5.4,6.0,5.6,5.7,6.3,6.9,7.5,7.4
024012,4.7,4.4,4.5,4.9,6.2,5.8,6.2,6.4,6.3,6.7,6.6,7.3,7.3,7.5,7.1,7.5,7.5,8.1,9.2,9.2,8.4,9.0,11.0,11.7,12.7
024013,8.2,7.8,8.1,8.8,9.4,9.0,10.3,10.4,10.3,10.1,10.7,11.3,10.4,11.1,10.9,10.9,11.2,12.1,13.4,13.3,11.9,13.0,14.2,15.1,15.5
024014,3.8,4.3,4.4,5.4,5.3,5.0,5.6,6.2,6.7,6.2,5.8,6.2,6.7,6.5,6.4,6.8,7.3,7.4,8.4,8.0,8.1,8.3,9.3,10.7,10.6
024015,6.2,6.3,6.6,7.1,7.0,7.4,8.3,8.5,8.8,8.6,8.3,8.9,8.8,8.6,8.7,9.3,9.7,10.1,11.0,10.6,10.0,10.9,12.0,12.7,12.7
024016,6.3,6.8,7.4,7.4,7.6,8.1,8.6,10.2,10.0,9.2,9.8,10.6,10.4,8.8,10.1,11.0,10.9,11.8,12.2,12.6,11.5,12.7,13.7,14.8,15.8
024017,5.9,5.9,5.8,6.6,6.9,7.6,7.9,8.2,8.7,8.0,8.2,9.0,8.2,8.8,9.2,8.8,9.8,10.2,10.4,10.1,10.4,10.9,12.3,12.8,13.9
024018,5.4,5.6,5.9,6.1,6.7,7.2,7.0,7.9,8.5,8.1,8.4,8.1,8.0,8.6,8.4,9.2,9.5,10.3,10.3,11.3,9.4,10.5,10.9,12.6,13.2
024019,5.6,5.9,6.3,6.2,6.9,7.2,7.0,8.6,9.1,7.8,8.7,8.5,8.4,8.7,8.6,9.0,9.2,9.8,10.6,10.6,10.5,11.3,11.9,13.1,13.6
024020,6.7,6.9,6.6,7.5,8.1,8.1,8.6,8.9,9.0,8.9,9.4,9.1,10.2,9.1,10.0,10.1,10.8,11.4,11.6,11.1,11.2,11.6,13.2,14.2,14.2
024021,4.5,4.7,4.8,5.1,5.9,6.0,6.3,7.0,7.2,6.6,6.5,7.4,6.6,7.0,7.0,7.9,8.0,8.9,8.9,8.9,8.9,9.2,10.6,11.6,11.0
024022,6.1,6.7,6.7,7.4,7.1,7.9,8.4,8.0,8.9,8.8,8.6,9.4,9.1,9.0,9.4,9.9,10.6,10.8,10.8,11.3,10.3,11.8,12.5,13.9,13.2
024024,4.8,5.3,5.9,6.0,6.8,7.3,7.2,7.2,8.4,7.5,8.0,8.3,8.0,8.1,8.3,9.1,9.5,9.2,9.7,10.3,9.0,10.5,12.5,13.4,12.5
024025,4.6,4.2,5.0,5.1,5.6,5.7,6.2,7.0,7.3,7.1,7.2,6.9,7.1,6.7,7.1,7.9,8.4,8.6,9.4,9.0,9.0,9.7,10.8,11.7,11.6
024026,5.4,6.0,6.6,6.9,6.8,7.8,7.6,8.6,9.0,7.6,8.8,9.6,8.7,8.5,9.2,9.9,10.2,10.4,10.7,11.1,10.9,11.4,12.1,13.8,14.2
024027,6.3,7.0,7.3,7.3,7.3,7.8,9.2,8.3,9.3,8.8,9.5,10.3,9.0,9.6,9.9,9.8,11.3,11.4,11.5,12.4,11.2,12.3,13.5,14.5,14.8
024028,5.2,5.2,6.0,6.0,6.6,6.7,6.8,7.7,7.6,7.5,7.8,8.3,8.0,7.6,8.1,9.0,8.8,9.3,9.2,10.6,9.1,9.8,10.6,11.8,11.8
024029,3.1,3.3,3.4,3.6,3.7,3.9,4.3,4.9,5.2,5.3,5.3,5.4,5.3,5.0,5.6,6.1,6.2,6.6,6.7,7.1,6.4,7.3,7.7,8.1,8.8
024030,2.8,3.0,3.2,3.8,3.9,4.0,4.4,4.5,5.0,4.4,5.0,5.1,4.6,5.0,5.4,5.4,6.0,5.8,6.8,6.7,6.1,6.9,7.7,8.7,8.4
024032,4.2,5.0,5.3,4.9,5.9,5.9,6.0,6.4,6.5,6.4,6.8,7.6,7.3,6.7,7.3,8.0,8.0,7.8,9.3,9.3,8.4,9.5,10.4,11.2,11.6
024034,8.3,8.4,8.9,8.6,9.9,9.9,10.7,12.0,11.1,11.1,10.9,11.3,11.5,11.3,11.4,11.7,12.5,12.4,13.0,14.1,13.1,14.1,14.7,15.2,16.1
024035,4.4,5.1,4.9,5.1,5.2,5.2,5.8,6.4,6.4,5.7,6.3,7.3,7.0,6.4,7.1,7.3,7.3,7.5,8.0,8.2,7.8,8.2,9.8,9.8,10.4
024036,5.3,5.4,5.7,5.6,6.2,6.6,6.8,7.1,7.2,7.1,7.3,8.0,7.7,7.3,7.9,7.9,8.8,7.9,9.1,9.8,8.4,9.0,10.3,10.6,11.3
024037,5.9,5.9,6.7,6.7,7.1,7.4,8.1,8.2,8.2,7.8,8.9,9.0,8.4,8.7,9.3,9.6,9.5,9.9,10.2,10.2,9.9,10.7,11.6,12.1,12.9
024038,4.1,4.3,4.6,5.0,4.9,5.4,5.8,6.0,6.5,5.7,6.6,6.6,6.6,6.6,6.4,6.8,7.0,7.3,7.8,8.3,7.8,8.6,9.0,9.7,10.2
024039,5.8,6.3,5.6,6.3,7.3,7.1,7.3,7.9,8.6,7.7,8.2,9.0,7.8,8.2,8.3,8.9,9.0,10.0,10.6,10.2,9.7,10.6,12.6,13.0,14.0
024040,3.0,3.5,4.0,4.3,4.3,4.6,4.9,4.8,5.0,5.3,5.4,5.7,5.6,5.6,5.1,5.8,6.0,6.5,6.6,7.4,6.0,7.0,8.0,8.1,9.1
024041,5.5,6.3,6.6,6.6,6.9,7.6,7.6,7.7,8.0,7.4,8.9,8.8,8.3,8.9,8.1,8.9,8.8,10.3,10.0,10.5,9.7,10.3,11.1,11.7,12.8
024042,6.5,7.0,7.0,7.8,8.0,8.5,8.7,9.4,10.3,9.0,9.8,10.7,9.4,9.4,9.8,10.2,10.6,12.0,11.6,12.4,11.2,12.7,13.2,14.7,15.3
024043,5.4,5.4,5.9,6.2,6.4,7.0,6.8,7.9,7.5,7.5,7.3,8.4,7.8,7.5,7.9,8.7,8.5,8.6,9.2,9.1,9.3,10.0,11.1,11.2,12.3
024046,7.8,8.5,8.6,9.2,8.9,10.1,10.3,11.1,11.7,11.0,11.4,11.8,10.9,10.9,11.5,11.9,12.1,13.1,13.1,12.8,12.8,13.5,15.1,15.5,15.9
024047,5.7,6.0,6.0,7.0,7.4,7.9,8.2,8.8,9.2,9.1,8.9,9.6,10.2,8.9,9.7,10.3,9.9,10.8,10.4,12.2,10.4,11.8,12.6,13.8,14.6
024048,5.2,5.4,5.8,5.8,6.8,6.7,6.8,7.4,7.7,7.6,7.8,8.3,8.0,7.3,7.9,8.1,9.4,9.0,9.9,9.7,9.4,10.3,10.7,11.9,12.6
024049,4.2,4.8,5.2,5.5,5.4,5.8,6.3,6.4,7.0,6.2,6.9,7.3,6.9,6.5,6.8,7.6,8.0,8.7,8.2,8.9,8.6,9.2,10.4,10.6,11.1
024050,7.8,7.9,8.1,7.9,9.8,9.2,9.6,10.8,10.9,9.3,10.9,10.5,10.4,10.6,10.9,11.2,12.1,12.3,12.8,13.4,12.7,13.4,14.4,16.0,16.1
024051,4.5,4.5,5.3,5.0,5.3,6.0,6.2,6.7,7.1,6.7,6.8,6.8,7.2,6.5,7.1,7.7,7.8,8.2,8.3,8.8,8.3,9.4,10.1,10.9,11.6
024052,7.3,7.5,6.9,7.7,8.0,8.9,8.6,9.6,9.5,9.6,9.0,10.3,9.9,9.7,9.7,11.4,10.5,11.7,12.1,12.1,12.1,13.0,14.0,14.2,14.0
024053,7.9,8.4,8.5,8.7,9.0,9.6,9.9,10.8,10.6,9.7,10.2,11.0,11.0,10.1,11.1,10.6,11.7,12.2,13.2,13.5,11.5,13.8,14.1,14.5,15.4
024055,5.1,5.3,5.5,6.4,6.7,6.7,7.5,7.6,7.5,7.0,7.9,7.9,8.3,7.6,7.8,8.8,8.7,8.8,9.2,9.7,9.0,10.1,10.8,11.7,11.7
024056,5.2,5.6,6.0,6.1,7.2,7.0,7.6,8.1,8.1,8.2,8.9,8.7,8.5,9.2,8.4,9.5,9.9,10.3,10.8,10.7,9.9,10.8,11.6,13.6,13.5
024057,4.7,5.1,5.5,6.1,6.6,6.3,6.4,7.5,7.8,7.4,7.5,7.8,7.7,7.6,7.7,8.8,8.6,8.4,9.9,9.4,9.1,10.1,10.5,11.5,12.7
024060,5.7,6.0,6.6,6.7,6.9,7.2,8.3,7.9,8.5,7.7,8.0,8.9,8.8,8.0,8.6,9.0,9.2,9.8,10.6,11.1,10.2,11.0,11.7,13.1,13.2
024061,3.2,3.4,3.8,4.5,4.1,4.4,4.5,5.6,5.6,5.0,4.9,5.4,5.5,5.7,5.8,6.2,6.1,6.6,6.8,7.3,6.6,8.0,8.3,9.3,9.6
024062,3.3,4.1,4.1,4.6,4.7,4.7,5.1,5.6,5.7,5.3,5.8,6.5,6.0,6.3,7.1,6.8,7.7,7.6,6.9,7.7,7.2,8.5,9.5,10.1,10.2
024063,7.4,7.7,8.3,8.8,8.8,8.9,9.9,10.2,10.3,10.0,10.5,10.6,10.9,10.2,9.9,11.2,11.3,12.4,12.8,12.7,11.8,12.7,13.3,15.4,15.9
024064,5.3,5.4,5.3,6.1,6.0,6.9,7.2,6.8,7.5,7.2,7.8,8.0,7.7,7.2,7.7,8.0,8.0,9.0,8.8,8.8,8.8,9.8,11.1,11.2,11.8
024065,5.1,5.4,6.0,5.8,6.3,6.4,6.8,7.1,7.6,7.5,7.4,8.2,7.8,7.6,8.0,8.7,8.6,8.9,9.1,9.3,9.2,9.9,10.3,11.6,12.1
024066,5.7,6.0,6.2,6.7,7.1,6.9,7.6,8.4,8.6,8.3,8.8,9.2,8.9,8.0,8.8,9.0,9.4,9.8,10.0,10.4,9.7,11.6,11.9,12.8,13.4
024067,5.8,6.3,6.3,6.8,7.2,7.3,7.8,8.1,7.9,7.9,7.7,8.5,8.2,8.2,9.1,8.4,9.3,9.3,9.8,10.3,9.6,10.7,11.8,11.8,13.3
024068,6.9,6.7,7.3,7.8,8.2,9.2,9.1,8.9,10.2,9.4,9.6,10.4,10.0,9.4,10.1,10.6,11.1,11.6,11.7,12.1,11.2,12.3,12.7,14.0,14.4
024070,6.1,7.3,6.7,7.0,7.8,7.8,8.0,8.8,9.7,8.7,9.0,9.3,9.4,8.9,9.2,9.8,10.0,10.7,11.8,12.0,9.6,11.2,13.0,13.6,14.3
024071,5.9,6.2,6.6,6.9,7.2,7.5,7.7,8.2,8.1,8.2,8.2,9.0,8.7,8.4,8.7,9.2,9.4,9.6,10.5,10.5,10.1,11.2,11.7,12.3,12.6
024072,4.1,4.5,4.4,4.9,4.9,5.8,5.5,6.4,5.9,6.2,6.0,6.5,6.2,6.2,6.5,6.9,6.9,7.4,8.1,7.8,7.6,7.7,8.9,9.2,9.3
024073,3.8,4.0,4.2,4.1,4.6,5.0,5.4,5.5,5.7,5.5,5.8,6.8,5.8,6.3,5.7,6.6,7.1,7.2,8.3,7.4,7.6,8.1,8.7,9.0,10.1
024074,5.3,5.5,5.9,6.2,6.9,7.0,7.9,7.7,7.7,8.3,8.5,9.2,8.5,8.5,8.3,9.5,9.7,9.7,10.5,10.5,10.2,10.9,11.9,12.8,13.5
024075,5.0,5.0,5.2,5.9,5.7,6.8,6.9,7.4,7.4,7.6,8.0,8.0,7.8,8.1,8.2,8.9,8.5,9.2,9.6,10.1,9.4,10.5,12.1,12.3,13.4
024076,2.5,2.6,2.8,3.1,3.5,3.5,3.7,4.1,4.0,4.1,4.5,4.3,4.1,4.6,4.8,5.0,5.4,5.4,6.0,5.7,5.6,6.7,7.5,8.3,9.1
024077,4.5,4.6,5.1,5.3,6.0,6.7,6.6,6.6,7.0,6.7,7.0,7.5,6.3,6.8,7.3,7.4,7.8,8.4,8.3,9.2,8.4,9.2,10.7,11.0,10.8
024078,6.4,6.0,7.0,6.8,7.3,7.8,8.1,8.4,8.7,8.0,8.7,8.6,8.4,8.6,9.4,8.8,10.2,9.5,9.5,10.9,10.0,10.8,12.2,12.7,13.2
024079,5.2,5.6,6.1,6.8,6.8,6.6,7.3,7.3,7.6,7.2,7.7,7.8,7.5,7.6,8.3,8.8,8.4,9.3,9.6,9.6,9.4,10.3,11.0,11.3,11.7
024080,4.2,4.9,4.9,5.0,5.2,5.5,6.3,6.3,6.4,6.3,6.9,7.3,6.6,6.7,6.9,7.4,7.7,8.0,8.0,8.9,7.7,9.0,9.4,10.0,11.0
024081,4.4,4.6,4.8,5.5,6.0,6.2,6.4,6.7,7.0,7.4,7.1,7.5,7.5,6.9,7.4,7.4,8.3,8.3,9.1,9.0,8.7,9.4,10.2,10.8,11.5
024082,5.5,6.1,6.2,6.0,6.5,6.9,6.9,7.7,7.8,7.0,8.3,8.1,7.6,7.7,7.5,8.1,8.6,9.3,9.0,9.0,8.9,9.7,10.6,11.7,12.2
024083,5.8,6.0,6.1,6.2,6.7,7.2,8.0,7.8,8.5,7.5,7.8,8.2,7.9,7.7,8.6,8.3,8.7,9.8,10.1,10.6,9.6,10.8,11.3,12.8,13.1
024084,5.2,5.3,5.6,5.9,6.5,7.1,7.1,7.0,7.7,7.2,7.5,7.1,7.8,7.4,8.1,8.3,8.1,9.3,9.4,9.3,9.1,9.6,10.7,11.0,11.3
024085,7.3,7.3,8.1,8.6,8.8,8.9,9.0,10.3,9.7,10.2,10.0,11.2,10.6,9.8,10.7,11.5,11.1,12.4,12.3,13.0,12.5,13.9,13.7,15.8,15.1
024086,3.9,4.2,4.2,4.7,4.8,5.2,4.9,5.5,6.3,5.6,5.6,6.3,6.0,6.0,5.4,6.2,7.1,7.1,7.1,7.4,6.9,7.6,8.4,9.6,10.1
024087,6.0,6.2,6.4,6.9,7.5,8.0,8.3,8.7,8.1,8.4,8.5,9.5,8.6,8.2,9.4,9.3,10.2,10.3,10.8,11.4,10.3,11.5,12.1,12.4,13.1
024088,7.5,7.2,7.8,8.3,8.3,8.9,8.9,9.6,9.9,9.2,10.0,10.1,10.1,10.0,10.4,10.4,10.8,11.3,11.7,11.8,10.6,12.6,12.8,13.6,14.5
024089,7.5,7.7,8.3,8.7,9.1,9.3,9.5,9.9,10.3,10.2,10.6,10.6,10.5,10.9,10.8,11.2,11.1,12.6,12.1,12.9,11.6,13.1,14.4,14.9,15.1
024090,3.1,3.6,3.8,4.0,4.0,4.2,4.6,4.8,5.7,4.9,5.2,5.6,5.1,5.4,5.5,5.8,6.0,6.5,6.6,6.9,6.2,7.1,7.9,9.0,8.4
024091,6.1,6.5,6.6,7.3,7.6,8.1,8.4,8.4,9.3,8.1,8.5,9.2,9.0,8.5,8.7,9.2,9.8,10.1,10.5,10.0,9.9,11.2,11.3,12.9,13.5
024094,5.5,5.3,6.2,5.7,6.9,7.1,7.6,7.9,8.2,7.4,7.9,8.8,8.6,8.3,8.6,8.9,9.4,10.2,10.3,10.6,9.5,11.3,11.8,12.3,13.4
024095,5.4,5.6,5.7,6.1,6.2,6.7,7.1,7.1,7.4,7.7,8.0,7.9,7.7,7.7,7.8,7.8,8.8,9.2,9.2,9.5,8.3,9.7,10.0,11.3,11.3
024096,6.5,7.0,6.6,7.6,7.7,8.2,8.4,8.8,9.1,8.6,9.3,9.5,9.0,9.0,9.7,9.9,10.2,10.3,10.5,11.1,9.7,11.0,13.0,12.4,12.8
024097,5.4,5.0,5.2,5.8,5.9,6.1,6.7,7.0,7.7,6.5,7.4,7.7,7.1,7.3,7.2,7.8,8.5,8.2,8.9,9.3,8.5,9.5,9.4,11.4,11.7
024098,7.4,7.5,7.5,7.9,8.7,8.4,9.0,9.7,10.4,8.9,9.5,9.6,9.3,9.7,9.5,9.4,10.2,10.9,11.7,11.6,11.4,12.0,12.8,14.1,13.6
024099,6.0,6.2,7.2,7.1,8.3,8.4,8.7,7.8,10.1,9.0,9.7,9.9,9.6,9.5,9.6,10.1,10.9,11.0,11.3,12.1,11.2,12.2,13.4,14.7,14.7
024100,6.6,6.4,6.9,7.4,7.4,7.4,7.5,8.4,8.7,8.3,8.4,9.1,8.8,8.3,9.2,9.2,9.7,10.3,10.0,10.9,10.6,11.1,12.2,12.8,13.3
024101,5.2,5.3,5.6,5.0,5.9,6.0,6.5,7.3,7.0,6.8,7.2,8.1,7.6,7.6,8.0,8.1,8.9,8.3,9.1,10.4,9.0,9.7,11.2,12.7,11.9
024102,3.1,3.1,3.3,3.3,3.7,4.2,4.5,4.5,4.7,4.7,5.3,5.3,5.2,5.2,5.4,5.9,5.5,5.9,6.5,6.6,6.5,7.1,7.9,8.6,9.0
024104,6.2,6.3,6.3,6.5,6.9,7.0,8.0,8.1,8.5,8.4,8.1,8.8,7.8,8.3,8.1,8.7,9.6,10.0,10.4,10.4,9.5,10.9,11.4,12.1,12.4
024105,5.3,5.2,5.3,5.2,6.3,6.2,6.4,7.1,7.5,7.2,7.7,7.6,7.4,7.3,7.6,8.2,8.2,8.9,9.1,9.4,8.5,9.0,9.5,11.1,11.3
024106,4.6,4.7,5.2,5.6,5.6,6.3,6.2,6.5,7.5,6.8,7.1,7.2,7.4,7.0,7.5,8.1,8.2,8.6,8.7,9.6,8.8,9.7,9.8,11.6,11.0
024107,2.6,2.9,3.1,3.4,3.3,3.6,3.8,3.8,4.0,3.8,4.3,4.4,4.8,4.4,4.3,4.8,5.4,5.5,5.5,6.0,5.4,6.0,6.5,7.6,7.9
024108,3.7,4.3,4.1,4.4,4.5,4.7,5.5,5.8,5.6,6.0,6.0,6.7,6.4,6.8,6.7,6.9,6.6,7.4,7.7,8.3,7.6,8.5,9.1,9.7,10.4
024110,5.8,6.6,6.7,7.0,7.2,7.8,8.0,8.7,9.2,8.9,9.0,9.2,8.9,9.3,9.6,9.9,10.5,10.7,11.4,11.6,11.2,11.2,12.6,13.0,14.1
024111,5.2,5.6,5.8,6.3,6.5,6.9,7.3,7.4,8.2,7.9,8.4,8.2,7.8,8.0,8.8,8.6,8.6,9.2,9.8,10.8,9.7,10.6,12.3,12.4,12.7
024112,3.8,4.6,4.7,4.3,5.3,5.1,6.1,5.8,6.8,6.2,6.5,7.1,6.8,6.4,6.6,7.4,7.5,7.8,8.2,8.8,7.6,9.1,9.5,10.3,11.0
024113,3.3,3.7,3.7,4.1,4.3,4.8,4.6,5.3,5.5,4.8,5.6,5.7,5.4,5.9,6.2,6.4,6.5,6.7,6.8,7.5,6.9,7.2,8.5,9.2,9.1
024115,4.1,4.2,4.1,4.8,5.0,5.4,5.8,5.6,6.1,5.4,5.7,6.1,5.9,6.1,6.0,6.7,6.6,7.4,7.3,7.5,6.8,8.2,8.5,9.3,10.0
024116,2.7,3.2,3.1,4.3,4.1,4.2,4.4,4.7,4.9,5.1,5.2,5.3,5.4,5.1,5.6,5.6,6.1,6.2,6.6,7.3,6.8,6.8,7.6,8.0,9.0
024117,4.3,4.6,4.8,5.2,5.4,5.7,6.2,6.5,6.4,6.0,6.9,6.7,6.8,6.6,6.6,6.9,7.2,8.0,8.2,8.4,7.9,8.3,8.9,10.6,10.3
024118,4.3,4.7,4.7,5.6,5.5,5.4,6.2,6.1,6.8,6.6,7.0,7.2,7.2,6.7,6.8,7.5,7.7,7.8,8.1,9.4,7.9,8.8,9.9,10.5,10.7
024119,7.3,7.7,7.6,8.0,8.2,8.6,9.5,9.2,9.7,9.4,9.8,10.1,10.1,9.6,10.2,10.9,10.6,11.7,12.3,12.7,11.4,12.3,13.9,14.2,13.8
024120,7.0,7.8,7.4,8.1,7.8,8.0,8.3,9.4,9.9,9.1,9.3,9.9,10.3,9.5,9.2,10.2,9.8,11.6,10.9,12.3,11.1,12.4,12.9,13.9,13.9
024121,5.4,5.9,5.8,6.4,6.5,7.5,7.7,7.7,8.3,7.5,8.8,8.6,8.7,8.1,8.6,9.0,9.6,9.7,9.9,10.2,10.0,10.9,11.4,12.2,13.0
024122,5.0,5.0,5.2,5.5,6.3,6.4,6.5,6.4,7.3,6.6,7.1,8.0,7.4,7.3,7.7,8.1,7.8,8.2,8.9,8.6,8.3,9.1,9.9,10.6,10.7
024123,4.7,5.1,5.4,5.6,6.3,6.8,7.1,7.5,7.5,7.5,7.9,8.5,8.4,7.6,7.9,8.8,9.0,9.1,9.9,10.2,9.9,11.1,11.5,12.1,13.3
024124,5.2,5.3,5.5,6.0,6.1,7.1,7.0,7.4,7.4,7.4,8.1,7.9,8.0,7.8,8.0,8.2,8.7,9.4,10.0,9.6,9.7,10.6,11.3,12.8,13.0
024125,5.9,5.9,6.6,7.1,6.9,8.1,8.6,8.7,9.0,8.2,9.0,9.7,9.0,8.6,9.1,9.3,10.6,10.4,11.0,11.4,10.8,11.1,12.5,13.5,14.0
024126,4.8,4.8,5.0,4.9,5.7,6.0,6.8,6.5,7.1,6.7,7.3,7.0,6.7,6.7,7.1,7.7,7.9,7.8,8.6,9.3,8.4,8.7,9.5,10.9,11.4
024127,4.9,5.3,5.4,5.5,6.5,6.5,6.6,6.8,7.5,6.9,8.2,8.5,8.0,7.4,8.1,9.0,8.9,9.0,9.9,10.5,9.9,10.4,10.8,12.9,12.1
024128,6.1,5.9,6.5,6.7,7.0,7.4,7.5,7.8,8.9,7.6,8.4,8.3,8.7,8.5,8.5,9.3,9.4,9.2,10.3,11.1,9.7,10.1,12.1,12.9,13.6
025001,3.9,4.6,4.6,5.5,5.9,5.2,6.3,6.6,6.6,7.2,7.5,7.4,7.4,7.4,7.7,8.2,8.5,8.6,9.4,10.3,9.4,10.2,11.8,11.9,12.5
025003,5.2,5.8,6.1,5.7,6.3,6.7,7.1,7.0,7.8,6.8,8.3,7.7,7.6,7.2,7.2,7.8,8.9,8.4,8.1,9.4,8.6,9.8,10.9,10.6,11.1
025004,5.9,5.8,6.4,6.5,6.8,7.1,7.8,7.9,9.5,7.9,8.0,8.9,8.7,8.5,8.9,8.9,9.5,9.1,10.0,10.4,9.2,10.8,11.5,13.2,13.7
025005,4.0,4.5,4.9,4.7,5.1,5.6,6.0,6.4,6.2,6.0,6.1,7.1,6.4,6.6,6.7,7.1,7.4,7.8,8.5,8.7,7.9,9.6,9.3,10.9,10.9
025006,2.7,3.1,3.2,3.5,4.1,3.6,4.7,4.5,4.9,5.0,5.0,5.2,4.9,4.8,5.5,5.3,5.7,6.8,6.4,7.1,6.3,7.1,7.4,8.2,8.6
025007,5.8,5.9,6.3,6.8,7.4,7.9,8.0,8.3,8.8,8.0,8.3,8.6,8.6,8.4,8.8,9.8,9.7,9.9,10.6,10.7,10.1,10.4,12.6,12.9,12.9
025008,3.6,3.5,3.6,3.9,4.2,4.5,4.5,5.0,5.1,5.6,4.9,6.0,5.1,5.2,5.3,5.9,5.7,6.4,6.7,7.3,6.2,7.1,8.5,9.0,10.2
025010,5.0,5.3,5.6,5.3,6.1,6.1,6.7,6.6,7.2,6.4,6.7,7.3,7.4,6.6,7.1,7.6,7.9,8.2,8.7,9.0,8.0,9.2,9.3,9.9,11.0
025011,6.5,7.2,7.5,7.5,8.0,8.3,8.5,9.1,9.8,9.2,10.2,10.3,10.2,9.6,9.0,10.4,10.7,11.3,12.1,11.9,11.3,11.9,13.0,14.3,14.9
025012,4.2,4.9,5.2,5.5,5.5,6.2,7.0,6.5,7.0,6.5,7.5,7.6,7.2,7.4,7.2,8.4,8.5,8.8,9.4,9.1,8.7,9.9,10.9,11.1,11.5
025013,6.4,6.8,6.9,7.8,8.2,8.6,8.8,9.1,9.2,9.2,9.4,9.5,9.6,9.7,9.4,10.6,10.5,10.6,11.2,11.6,11.1,11.9,12.5,14.2,14.9
025014,5.4,4.8,5.5,6.1,6.0,6.4,6.8,7.0,7.4,7.2,7.8,7.8,8.1,8.0,8.2,7.9,8.9,8.7,9.4,9.9,9.3,9.8,11.1,12.0,12.3
025015,7.6,7.3,8.2,7.8,9.0,9.7,9.0,9.8,10.6,9.5,9.6,10.2,10.3,10.2,10.4,10.2,11.2,11.7,12.1,12.0,11.7,12.4,13.6,14.6,13.7
025016,4.5,5.0,5.3,5.8,6.1,6.1,6.3,6.6,7.5,7.1,7.5,7.7,7.8,7.5,7.4,8.1,8.8,9.0,9.9,9.7,9.1,10.7,11.3,11.6,11.9
025017,5.7,6.1,6.3,6.7,6.6,6.9,7.4,7.8,8.3,7.7,8.2,8.3,7.5,7.9,8.2,8.6,8.9,9.4,9.5,10.4,9.6,9.9,11.0,11.8,12.7
025018,3.7,3.8,4.3,4.5,4.9,5.5,5.1,5.4,6.1,5.5,6.1,7.0,6.3,6.0,6.4,6.5,6.9,6.8,7.7,8.0,7.1,7.9,8.8,9.9,10.2
025019,4.1,4.3,4.9,5.3,5.3,6.2,6.2,6.5,7.0,6.8,7.2,7.3,6.7,7.1,7.6,8.2,7.9,8.7,9.0,9.5,8.4,10.6,11.3,12.4,11.9
025021,5.4,6.6,7.1,7.1,7.5,7.8,7.8,8.1,8.6,8.3,9.0,8.9,9.4,8.8,9.3,9.2,9.3,9.7,10.7,11.2,10.3,11.6,12.5,13.3,13.9
025022,5.8,6.5,6.7,7.1,7.1,7.4,7.8,7.4,8.7,8.2,8.7,9.4,8.8,9.0,9.2,9.6,9.8,10.1,9.8,10.5,10.4,11.1,12.3,12.8,12.8
025023,3.8,4.1,4.5,4.5,5.2,5.5,5.7,6.6,6.5,6.2,6.6,7.1,6.9,6.9,6.7,7.3,7.8,8.2,8.0,9.4,7.6,9.4,9.4,11.0,10.6
025025,4.2,4.7,5.3,5.0,5.3,5.7,5.8,6.1,6.6,6.6,6.6,6.4,6.9,6.2,6.4,6.9,7.1,7.0,7.9,7.8,7.0,8.6,9.4,10.1,10.6
025026,6.0,6.3,7.4,7.1,7.9,7.8,8.6,8.5,8.5,8.7,8.7,9.5,8.1,9.2,9.2,9.7,10.4,11.0,11.6,11.1,10.7,11.6,12.8,13.6,13.6
025027,2.5,2.7,2.9,3.1,3.3,3.4,3.7,3.9,3.9,3.8,4.3,4.5,4.5,4.5,4.7,4.9,4.7,5.2,5.7,5.9,6.0,6.2,6.7,7.4,7.6
025029,4.6,4.6,4.9,5.4,5.2,5.2,6.3,6.5,7.1,7.0,7.4,6.9,7.2,6.8,7.5,8.0,7.9,8.7,8.6,9.2,8.3,9.5,10.9,11.9,11.8
025030,6.2,7.0,6.7,7.0,7.6,7.9,7.9,9.3,9.4,8.8,8.8,9.5,9.7,9.5,9.5,10.4,10.2,11.2,10.5,12.0,11.1,12.1,12.8,13.1,14.1
025032,5.3,5.3,5.8,6.0,7.1,6.8,7.3,7.1,7.2,7.1,8.1,8.0,7.3,7.9,8.0,8.3,8.7,8.7,9.6,9.1,8.5,9.5,10.8,11.4,12.0
025033,6.2,6.6,7.2,7.4,7.5,8.0,8.0,8.5,9.2,8.7,8.9,9.5,9.5,8.9,9.2,9.8,10.1,10.2,11.0,11.4,10.5,10.9,12.5,12.7,14.1
025035,4.3,4.2,4.5,4.7,5.1,5.5,5.9,6.2,6.4,6.2,6.5,6.9,6.6,6.4,6.4,7.1,7.5,7.4,8.5,8.8,8.0,9.1,9.7,10.2,10.7
025036,3.8,4.2,4.4,4.8,4.9,5.5,5.5,5.5,5.8,5.5,6.4,6.6,6.2,5.8,6.3,6.7,6.8,7.6,7.3,7.9,7.2,8.5,9.2,9.7,10.2
025037,5.2,5.9,6.3,6.8,6.7,7.1,7.8,7.8,8.6,8.3,8.3,8.9,8.4,8.6,8.5,9.1,9.4,9.8,10.0,10.6,10.3,11.2,11.8,13.4,12.7
025039,7.6,7.9,8.1,9.1,9.0,9.3,9.7,10.3,11.9,10.1,10.9,11.0,10.3,11.1,10.7,11.6,11.9,12.8,12.8,13.3,11.9,13.4,14.8,15.4,15.9
025040,4.8,5.3,5.8,5.6,6.4,6.3,6.9,7.4,8.5,7.1,7.5,7.8,7.7,7.8,7.5,8.2,8.3,9.6,9.2,9.8,9.2,9.4,10.6,11.5,12.4
025043,8.1,9.4,9.6,9.6,10.8,11.7,12.4,12.4,13.2,11.5,12.5,12.5,13.1,12.9,12.6,13.7,14.0,14.5,15.1,16.2,14.7,16.0,17.6,17.7,19.8
025044,7.2,7.5,8.0,7.1,8.1,8.8,9.4,9.7,10.0,9.4,9.9,10.2,9.9,9.4,10.1,10.4,11.2,11.9,12.4,12.4,12.0,12.3,13.4,14.9,15.4
025045,3.0,3.7,3.8,4.0,4.5,4.4,4.5,4.8,5.1,4.8,5.2,5.7,5.6,5.2,5.8,6.2,6.3,7.1,7.5,7.1,7.1,8.4,8.3,8.7,9.7
025046,4.7,5.5,5.5,5.5,6.3,6.5,6.3,7.4,7.8,6.5,7.7,7.6,7.8,6.7,7.4,7.4,7.7,8.4,8.4,9.0,8.3,9.1,9.9,10.8,10.8
025047,4.7,5.0,5.1,5.6,5.8,5.6,6.2,6.5,7.1,6.3,7.2,7.6,7.3,7.0,7.4,8.3,8.0,8.6,9.1,9.0,8.7,9.4,10.6,11.1,12.1
025048,4.1,4.7,4.6,4.8,5.3,5.6,5.8,5.9,6.4,6.3,5.9,6.7,6.6,6.3,6.6,7.3,6.7,7.4,7.3,8.0,6.9,8.2,8.7,9.5,9.8
025049,7.0,6.7,7.2,8.5,8.1,8.3,8.9,9.3,9.5,9.0,10.0,10.2,9.7,9.6,10.2,10.4,11.1,10.8,11.4,12.1,11.3,11.8,12.5,14.0,13.5
025050,3.1,3.8,3.8,3.9,4.4,4.6,4.3,5.1,5.3,5.4,5.7,5.8,5.5,5.4,6.2,5.5,6.2,6.9,7.3,7.1,7.2,7.7,8.0,9.5,10.3
025051,4.1,4.4,4.5,5.2,5.2,5.4,5.5,5.9,6.2,6.0,6.7,6.4,6.7,6.5,6.8,7.6,7.6,7.7,8.2,8.2,7.3,8.5,9.0,10.8,10.7
025053,4.8,5.5,5.6,6.0,6.3,7.3,6.8,7.7,8.0,8.0,7.7,7.9,8.1,8.1,8.1,8.6,9.0,9.0,10.2,10.6,9.6,10.7,11.7,12.7,12.8
025054,5.2,5.9,5.9,6.2,6.6,6.9,7.4,7.7,8.4,8.0,7.9,8.5,8.2,8.4,8.4,9.0,9.0,9.2,9.6,10.4,10.2,10.8,11.3,12.4,12.5
025055,5.7,6.2,5.8,6.9,7.1,7.1,7.5,7.5,8.0,8.4,7.8,8.6,8.8,8.8,8.6,9.3,9.4,9.4,10.4,10.6,10.0,10.7,11.0,12.4,13.0
025056,4.2,4.4,4.7,5.4,5.2,5.6,5.9,5.8,6.9,6.2,6.8,6.7,6.8,6.9,6.7,7.5,7.2,7.8,7.5,8.7,8.0,9.6,9.6,10.4,10.7
025057,2.3,2.5,2.8,3.2,3.0,3.3,3.8,4.1,3.7,4.0,4.5,4.2,4.0,4.1,4.0,4.6,4.8,5.3,5.5,5.4,5.4,6.1,6.3,7.3,7.3
025058,5.5,5.7,5.8,6.3,6.8,7.3,7.3,7.6,8.1,7.3,7.9,8.2,8.4,8.1,8.2,8.3,9.5,9.5,9.5,10.0,9.7,10.3,11.6,12.1,13.3
025059,4.0,4.0,4.0,4.7,4.7,5.4,5.2,5.8,6.3,6.1,6.7,6.3,6.6,5.6,6.0,6.6,6.6,7.4,7.4,7.9,8.1,8.3,9.4,10.4,9.9
025060,3.8,4.1,4.5,4.8,4.6,5.3,5.6,5.8,6.2,6.2,6.5,6.9,6.6,6.5,7.3,6.6,7.5,7.8,8.2,8.8,7.5,8.1,9.4,10.2,11.1
025062,6.2,7.8,7.9,8.2,7.9,9.2,9.0,9.9,10.0,10.1,10.5,10.9,10.5,10.9,11.4,11.4,12.3,12.4,12.8,13.7,11.8,13.8,14.1,15.6,15.9
025063,3.8,4.3,4.4,4.5,4.8,5.1,5.6,5.2,6.2,5.6,5.7,6.6,5.9,5.8,6.4,6.8,6.8,7.3,7.7,7.9,7.8,8.1,9.0,9.6,9.8
025065,6.3,6.8,7.1,8.0,8.3,8.0,8.8,9.0,9.8,9.4,9.4,9.9,9.8,9.5,9.7,10.0,10.0,10.8,11.6,12.1,11.6,12.3,12.7,14.0,14.7
025066,5.7,6.2,6.3,6.5,7.0,7.5,7.7,8.0,9.1,8.6,8.7,8.8,8.6,8.1,9.3,8.9,9.3,10.0,10.8,10.4,10.5,11.2,13.3,12.8,13.6
025067,4.5,5.1,4.8,5.7,6.3,6.2,6.6,6.9,7.7,6.7,7.0,7.9,7.5,7.5,8.4,8.1,7.9,8.8,9.1,9.7,8.6,9.4,10.3,10.5,11.3
025069,4.8,5.4,5.4,6.0,5.8,5.7,6.4,6.8,6.7,6.6,7.1,7.4,7.2,6.6,7.5,7.5,7.8,8.2,8.6,8.6,7.8,8.4,10.1,10.3,10.9
025071,3.0,3.1,3.6,4.1,4.7,4.6,4.8,4.8,5.4,5.8,5.9,6.4,5.4,5.4,6.1,6.0,6.6,6.4,7.5,8.2,7.1,9.0,8.7,10.1,10.6
025072,8.0,8.0,8.5,9.6,9.4,9.9,10.0,11.3,11.5,10.3,11.2,11.8,11.1,11.2,10.9,12.3,11.9,12.5,13.6,13.6,13.3,14.6,15.0,16.8,16.4
025073,5.6,6.4,6.2,6.8,7.1,7.6,7.8,9.4,8.8,8.1,9.0,9.3,8.8,8.8,8.9,9.2,9.9,10.8,11.3,11.8,10.2,10.8,11.9,13.2,13.3
025074,3.8,4.1,4.4,4.2,5.1,4.6,5.3,6.1,6.1,5.4,5.9,6.5,6.0,6.2,5.7,6.3,6.6,7.3,7.2,7.9,7.2,8.2,8.7,9.5,10.3
025075,5.5,5.4,6.6,6.8,6.9,7.6,7.7,8.0,8.0,7.8,9.0,9.1,8.5,7.9,8.8,9.1,9.7,10.0,10.6,10.8,10.2,11.3,12.1,12.9,13.4
026001,7.1,8.1,8.2,8.6,9.1,9.8,10.1,10.3,11.2,10.3,10.9,10.5,11.2,11.3,11.7,11.8,12.4,13.4,13.8,14.0,12.9,14.4,15.7,16.2,15.9
026002,5.9,6.5,7.2,7.1,7.6,8.0,7.9,8.8,8.8,9.1,9.0,9.4,9.4,9.2,9.6,9.4,9.7,10.5,10.8,11.1,10.8,11.9,12.6,12.8,14.2
026003,6.3,6.1,7.3,7.3,8.0,8.3,8.3,9.0,9.0,9.2,9.2,9.3,8.9,9.3,9.6,9.5,9.9,10.7,10.3,11.7,10.4,11.1,12.6,13.0,14.1
026004,6.4,6.8,7.7,7.7,8.2,8.6,9.4,9.3,9.7,9.6,9.7,10.4,10.0,9.6,10.1,10.3,10.8,11.0,11.8,11.4,11.4,12.4,12.9,14.0,14.5
026005,4.5,5.2,5.1,5.8,6.0,6.9,6.9,7.1,7.9,7.1,7.1,7.8,7.9,7.6,8.0,8.2,9.0,9.3,9.1,10.2,9.1,9.4,10.9,11.8,12.2
026006,4.4,4.6,4.7,5.0,4.9,5.8,5.8,6.1,6.9,6.5,6.2,7.0,6.6,6.3,6.7,7.3,7.4,7.4,8.2,8.9,8.2,9.1,9.6,10.5,10.8
026007,4.6,5.0,5.3,5.5,5.6,5.9,6.2,6.8,6.8,6.7,6.2,7.2,6.8,6.3,7.4,7.5,7.8,7.9,7.9,8.9,7.7,8.6,9.8,10.7,10.7
026008,3.3,3.6,3.3,4.4,3.9,4.4,4.7,4.7,5.4,5.2,4.9,5.6,5.2,5.6,5.8,5.6,5.9,6.6,6.7,7.4,6.7,7.8,9.6,9.0,9.5
026009,3.8,4.3,4.5,4.4,4.9,4.9,5.6,5.8,6.4,5.8,6.3,6.1,6.5,5.8,6.6,7.2,7.2,7.9,7.7,8.3,7.5,8.9,9.3,10.2,10.2
026010,5.8,6.3,6.0,6.5,6.7,7.5,7.6,8.2,8.1,7.9,8.2,9.4,8.5,8.4,9.1,9.0,9.4,10.0,10.0,10.8,10.3,11.2,12.0,12.3,13.1
026011,6.4,7.3,7.3,7.9,8.1,7.8,8.6,8.6,9.5,9.2,9.7,10.1,9.8,9.4,10.4,9.9,10.6,10.5,11.5,11.5,11.7,12.2,12.8,14.1,13.8
026012,5.6,6.2,6.2,6.8,6.6,7.5,8.0,7.6,8.3,8.2,8.6,8.8,8.4,8.6,8.1,9.0,9.2,9.2,10.0,10.6,9.5,10.7,11.9,12.5,13.1
026013,4.3,4.7,5.5,5.6,5.5,6.4,6.3,6.8,6.7,7.0,7.1,7.9,7.2,7.1,7.5,7.9,7.7,8.1,8.5,9.6,8.8,9.4,10.6,12.1,11.5
026014,4.7,4.8,5.1,5.3,5.7,6.0,6.7,6.6,7.0,6.9,7.1,6.9,7.7,7.3,7.2,8.0,8.3,8.1,9.2,9.5,8.1,9.4,10.5,10.4,11.1
026015,7.6,8.4,8.6,9.3,9.2,10.6,10.2,11.3,11.5,10.9,11.7,12.2,10.9,10.6,11.6,12.2,12.2,12.4,13.4,14.0,13.1,14.2,14.8,15.4,16.5
026016,8.5,9.0,9.1,9.1,10.0,10.3,10.2,11.6,10.9,10.9,11.0,12.0,11.5,11.9,12.2,12.3,12.7,13.0,14.0,14.4,13.0,13.6,14.7,15.5,16.4
026017,4.0,4.1,4.2,4.5,5.2,5.4,5.6,5.5,6.4,6.5,5.9,7.0,6.7,6.6,6.4,7.0,7.7,8.0,8.2,8.3,7.9,8.6,9.4,10.0,11.3
026018,4.0,4.6,4.6,4.9,5.0,5.8,6.2,6.4,6.5,6.3,7.0,6.8,6.8,6.6,6.2,7.4,7.3,7.8,8.1,8.1,8.3,8.8,9.1,10.5,11.0
026019,6.0,5.9,6.5,6.0,6.8,7.5,7.2,8.0,8.1,8.5,8.5,8.6,8.4,8.1,8.5,8.8,9.0,9.9,10.2,10.6,9.4,10.7,12.2,12.9,13.2
026020,3.2,2.9,3.5,3.4,4.1,4.1,4.7,4.4,5.2,5.4,5.6,5.6,4.9,5.4,5.5,5.4,6.4,6.5,7.2,7.0,6.4,7.7,8.9,9.3,9.5
026021,5.9,6.0,6.0,7.0,6.9,6.5,7.5,7.7,8.0,7.9,8.3,8.4,8.4,7.8,8.0,8.0,8.7,9.5,9.8,10.0,9.5,10.5,10.8,12.1,12.9
026022,3.8,4.2,4.2,4.7,4.7,5.2,5.8,6.1,6.4,6.4,6.6,7.3,7.1,6.5,7.2,7.2,7.4,8.4,8.2,9.2,8.4,9.4,10.9,11.3,11.4
026023,4.9,5.3,5.0,5.9,6.3,6.1,6.8,7.0,7.5,7.0,7.4,8.4,7.3,7.4,7.4,8.0,7.7,8.4,8.6,8.8,8.4,9.4,9.5,10.9,10.8
026025,5.3,5.5,5.9,6.4,6.4,6.9,7.2,7.2,7.4,7.5,8.0,8.0,8.3,7.8,7.8,8.1,8.7,9.3,9.1,10.1,8.8,9.9,11.2,11.6,11.9
026026,4.9,5.8,5.9,6.2,7.0,6.8,7.6,7.4,7.6,7.9,8.0,8.2,8.1,8.3,7.8,8.7,8.6,9.2,10.1,10.6,9.7,10.6,11.4,11.7,12.4
026027,4.8,5.5,5.7,6.1,6.0,7.0,6.9,7.4,7.5,8.0,7.4,8.1,7.5,7.6,7.8,8.4,8.5,8.4,9.3,9.2,9.1,10.4,10.5,11.9,12.1
026028,5.1,5.6,6.1,6.3,6.8,7.0,7.5,7.5,8.0,7.8,8.2,8.2,7.9,7.6,8.3,7.9,8.9,9.3,10.2,10.1,9.8,10.3,10.6,12.2,12.3
026029,4.3,4.5,4.6,5.2,5.2,6.0,5.5,6.2,6.8,6.1,6.8,6.9,6.7,6.5,7.0,7.1,7.4,7.7,8.2,8.3,8.2,9.3,9.4,10.1,11.0
026030,5.9,6.5,6.6,7.2,7.3,6.8,7.9,8.0,9.1,8.4,8.5,9.1,9.5,8.4,9.4,9.2,9.8,10.8,10.2,10.8,10.1,11.2,12.3,13.3,14.6
026031,6.7,7.3,7.4,8.1,8.1,8.4,9.6,9.9,9.9,9.6,9.4,9.8,9.7,9.5,10.1,10.2,11.1,11.2,12.2,12.0,11.7,12.8,13.4,13.9,14.2
026032,5.1,5.4,6.1,6.4,6.8,6.9,7.0,7.5,7.5,7.5,7.9,8.4,8.5,8.1,8.1,9.4,8.9,9.6,10.1,9.7,9.9,10.5,11.5,12.3,12.9
026033,4.1,4.3,4.3,4.9,5.2,5.3,6.0,6.2,6.5,6.2,6.7,6.3,6.4,6.4,6.4,7.2,7.2,7.7,7.9,8.7,8.1,9.0,9.1,10.4,10.7
026034,3.9,4.4,5.0,5.0,5.3,5.3,6.2,6.3,6.7,6.0,7.1,7.3,6.9,7.1,7.2,7.7,7.8,8.4,9.1,8.6,7.6,9.4,10.0,10.5,10.8
026035,4.3,4.6,4.8,4.9,5.5,5.6,5.8,6.3,6.3,6.1,5.9,6.8,6.4,6.9,6.9,6.8,7.3,7.9,7.7,8.1,8.2,8.7,9.6,10.1,11.0
026036,5.9,6.3,6.5,6.7,7.4,7.7,7.6,8.8,8.6,8.7,8.9,9.6,9.1,8.5,9.9,9.6,9.9,10.6,10.5,11.6,10.2,11.1,12.9,12.9,14.1
026037,4.8,5.2,5.2,5.8,6.4,6.2,6.3,6.9,7.8,6.7,7.3,7.3,8.1,7.1,7.4,8.0,8.6,8.2,9.0,9.8,8.8,9.6,10.9,12.1,12.2
026038,4.1,4.7,4.4,5.5,5.2,6.0,6.2,5.9,6.6,6.5,6.6,6.9,6.3,6.8,7.4,7.2,7.2,8.2,7.9,8.8,7.9,8.8,10.1,10.8,11.1
026039,3.3,3.4,4.1,4.2,4.1,4.7,4.9,4.8,5.0,4.9,5.5,5.8,5.3,5.0,5.7,5.9,6.4,6.1,6.4,6.8,6.4,6.5,8.1,8.8,8.6
026040,5.1,5.5,6.6,7.1,6.9,7.8,7.9,9.0,8.8,9.1,9.8,10.1,8.9,9.1,10.0,10.2,11.8,11.7,12.1,12.6,12.0,12.6,13.7,15.4,15.8
026041,5.1,5.3,5.2,5.3,5.7,5.9,6.2,6.4,7.2,6.1,6.9,7.3,6.8,6.3,6.7,7.2,7.4,7.9,7.9,8.4,7.7,8.5,9.9,9.8,10.9
026042,7.5,7.8,8.2,8.2,8.7,9.7,10.0,10.1,10.5,10.5,11.3,10.9,10.3,10.3,10.8,11.2,12.0,12.0,13.0,13.4,12.7,13.9,15.2,15.8,15.6
026043,7.2,7.9,7.9,8.2,8.5,8.8,8.6,9.2,9.8,9.4,9.5,10.0,10.1,9.7,10.0,10.6,11.2,10.9,11.9,11.7,11.5,11.7,12.3,13.6,14.0
026044,4.5,4.9,5.0,5.7,5.9,6.5,6.6,6.6,7.3,6.6,7.2,7.9,7.4,6.9,7.5,8.2,8.6,9.0,9.3,9.3,9.2,10.1,10.9,11.7,11.3
026045,4.6,5.1,5.7,5.5,5.7,6.0,6.9,7.2,7.4,6.7,6.8,7.8,7.6,6.9,7.2,7.9,7.8,8.0,8.5,8.7,8.4,9.4,10.2,10.9,11.1
026046,5.9,6.4,7.2,7.4,7.9,7.8,7.7,8.6,8.6,8.6,8.6,9.1,9.1,8.6,9.4,9.2,10.0,10.4,11.1,11.2,10.4,11.6,12.1,13.1,12.7
026047,4.2,4.0,4.3,4.5,5.0,5.1,5.5,5.7,5.8,5.8,6.2,6.3,6.4,5.9,6.5,7.1,7.3,7.6,7.1,7.8,7.7,8.7,8.6,9.9,10.1
026048,4.8,5.2,5.5,6.1,6.5,5.8,6.5,6.6,7.7,6.7,7.6,7.5,7.0,6.9,7.7,7.3,8.4,8.8,8.6,9.1,8.3,9.5,10.3,11.6,11.5
026049,5.3,5.6,5.8,6.3,6.6,6.5,7.2,7.6,8.1,7.3,7.8,7.8,7.9,7.6,7.9,8.5,8.4,8.8,9.4,9.6,9.1,9.8,10.6,11.9,11.9
026050,6.7,6.0,6.7,7.7,7.3,8.2,8.1,8.8,9.8,9.0,9.1,9.8,8.8,9.1,10.0,9.9,10.3,10.6,11.4,11.9,10.4,11.1,12.8,13.6,14.3
026051,3.6,4.1,4.3,4.6,4.6,5.4,5.3,5.6,6.3,5.8,6.6,6.8,6.0,6.3,6.2,6.5,7.4,7.3,7.5,8.1,8.0,8.6,9.5,10.5,10.7
026052,6.1,6.2,6.3,6.6,7.6,7.3,7.6,8.0,8.1,8.5,8.7,8.7,8.5,8.2,9.0,9.1,8.5,9.6,10.0,10.9,9.5,11.4,12.2,12.8,14.0
026053,3.7,3.9,4.1,4.3,4.7,5.2,5.0,5.5,6.0,5.4,5.5,6.2,6.1,6.1,5.5,6.4,6.3,7.2,7.2,7.4,7.3,8.5,8.2,9.4,10.0
026055,6.0,6.3,6.6,6.8,7.3,7.7,8.0,8.0,9.1,8.4,8.5,8.6,9.0,8.7,9.0,9.3,9.8,10.3,10.6,10.9,10.0,11.1,12.0,12.7,13.8
026056,6.0,5.8,6.6,7.0,7.2,7.7,8.4,8.1,7.9,8.7,8.5,9.8,8.8,8.6,9.1,8.8,10.1,10.1,11.0,11.7,10.5,11.0,11.9,14.0,14.3
026057,5.5,5.4,5.9,6.1,6.5,7.2,7.9,8.3,8.3,8.0,7.9,8.9,8.8,8.4,9.1,9.4,9.9,10.6,11.2,12.0,10.4,11.5,12.1,13.3,14.5
026058,4.6,4.6,4.7,5.0,5.5,5.2,6.5,6.1,6.8,6.2,6.7,7.0,7.4,6.8,7.2,7.5,7.7,8.3,8.5,9.1,8.6,9.2,10.0,10.6,10.5
026059,3.4,3.9,4.2,4.1,4.6,4.7,5.4,5.5,6.3,5.9,5.7,6.2,5.9,5.7,6.3,6.3,6.9,7.0,7.4,8.0,7.0,8.2,8.5,9.8,9.8
026060,5.9,6.1,6.5,7.2,7.4,7.3,8.2,8.4,9.1,8.3,9.2,9.3,8.5,9.0,9.3,9.8,9.9,10.1,10.1,10.6,10.4,11.9,11.5,13.0,13.5
026061,5.3,5.3,5.3,6.1,5.9,6.3,6.5,6.9,7.5,7.0,7.2,7.6,7.9,7.7,7.3,8.3,8.5,8.9,9.4,9.4,8.5,10.1,10.2,12.1,11.4
026062,7.2,7.9,8.4,8.4,9.1,9.3,10.7,10.5,10.6,10.0,10.9,11.3,11.5,9.9,10.9,11.1,11.6,12.5,12.5,12.3,12.1,12.4,13.6,14.4,14.6
026063,4.1,4.6,5.2,5.1,5.5,5.7,6.1,6.2,6.7,6.3,6.9,6.9,6.6,7.1,6.7,7.2,7.9,8.7,8.2,8.5,8.2,8.4,9.6,11.7,11.4
026064,6.9,7.3,7.8,8.1,8.3,8.4,8.5,9.8,10.3,9.2,10.1,10.6,10.0,9.9,10.9,10.7,11.4,11.8,12.1,12.2,11.5,12.7,13.4,14.1,15.1
026065,6.2,5.7,6.6,6.7,6.8,7.8,8.0,8.1,8.4,8.7,8.6,9.5,8.6,8.4,8.4,9.5,9.4,9.2,10.4,10.6,10.0,10.8,11.9,12.5,13.7
026066,5.9,6.6,6.8,7.0,7.6,8.1,8.2,8.6,8.9,8.6,9.2,9.6,9.6,9.0,9.0,10.2,10.2,10.8,11.4,11.4,11.0,12.3,12.4,13.0,14.0
026067,4.2,4.6,5.2,5.6,5.6,6.0,6.5,6.4,7.4,6.3,6.6,7.5,7.6,6.4,7.5,7.8,7.8,8.6,8.4,9.2,8.4,9.9,10.8,10.7,12.0
026068,3.6,4.3,4.2,4.4,5.3,5.0,5.6,5.5,6.0,5.3,6.1,6.2,5.9,6.1,6.8,6.3,7.3,7.1,8.0,8.0,7.5,8.3,8.9,10.1,10.7
026069,4.5,4.1,5.0,5.5,6.2,5.8,6.5,6.5,7.9,6.7,7.5,8.0,7.7,7.2,7.4,8.0,8.6,9.2,9.6,9.7,8.9,10.6,10.3,11.5,12.3
026070,8.1,8.8,9.0,10.0,9.5,10.3,10.5,11.3,11.6,10.9,11.3,11.9,11.2,12.4,12.2,12.7,13.4,14.1,14.3,15.1,13.4,15.1,15.9,16.8,18.5
026071,6.0,5.9,6.5,7.0,6.9,7.3,7.9,8.2,8.9,7.9,9.0,9.2,9.0,8.9,9.2,9.9,9.3,10.3,10.9,10.5,10.7,11.1,12.8,12.5,13.3
026072,5.2,5.9,6.2,6.2,6.6,7.3,7.1,7.7,8.1,7.8,7.9,8.6,8.4,7.9,8.4,9.0,9.7,9.5,10.4,10.2,9.2,10.6,11.7,12.9,12.7
026073,5.7,6.1,5.4,7.2,6.9,6.9,7.3,7.8,8.2,7.3,8.2,8.1,8.9,8.5,9.1,8.6,9.2,10.7,9.6,10.8,10.1,11.7,11.5,12.8,13.4
026074,6.2,7.0,7.6,6.9,8.3,7.4,8.1,9.2,9.5,8.7,9.4,9.1,9.2,9.5,9.5,10.6,11.1,11.1,11.5,11.5,11.4,12.6,12.7,13.9,14.4
026075,5.7,5.8,5.7,6.7,6.9,7.0,7.3,7.9,8.2,8.1,8.2,8.5,8.9,8.2,9.1,8.9,9.1,10.0,10.1,10.5,9.9,11.7,12.1,12.4,13.5
026076,2.6,2.7,2.7,3.0,3.3,3.7,3.6,4.0,4.4,4.0,3.9,4.6,4.8,4.7,4.9,5.1,5.6,5.6,5.9,6.1,6.0,6.6,7.2,8.3,8.2
026077,3.9,4.3,4.5,5.1,4.8,5.5,5.3,5.6,6.7,5.4,6.7,6.2,6.5,6.2,6.2,7.3,7.3,7.5,7.8,8.1,7.5,8.3,9.4,10.2,10.2
026078,5.9,5.9,6.2,6.5,6.5,7.3,7.1,7.0,7.6,7.7,7.3,7.8,8.2,7.9,8.0,8.9,8.9,8.8,9.3,9.4,9.1,9.9,10.3,11.3,11.7
026079,4.8,4.5,5.1,5.4,5.2,5.5,5.9,6.5,6.6,6.6,7.1,7.4,6.8,6.7,6.8,7.3,8.3,8.6,8.4,8.5,8.3,9.3,9.9,10.3,12.1
026080,5.5,5.9,5.8,6.3,6.0,7.2,7.2,7.2,8.0,7.6,7.9,8.3,8.0,7.6,7.8,8.5,8.9,9.4,9.7,9.7,9.7,9.9,11.3,12.3,12.1
026081,5.2,4.9,5.5,5.6,5.6,6.1,6.4,7.3,6.9,6.9,7.6,8.0,7.2,7.0,7.7,8.1,8.1,8.6,9.0,9.0,8.4,9.5,10.2,10.6,11.5
026082,4.0,4.1,4.3,4.7,5.0,5.3,5.7,5.2,6.5,6.0,6.1,6.7,5.9,6.1,6.2,7.1,7.1,7.6,7.9,8.4,7.6,8.2,9.3,9.8,10.5
026083,5.8,5.9,6.1,6.3,7.0,6.9,7.6,7.7,8.1,7.3,8.0,8.4,8.0,7.9,8.3,8.7,9.5,9.6,9.4,11.0,9.8,10.6,11.8,12.2,12.3
026084,3.0,3.2,3.3,3.4,4.2,3.9,4.4,4.4,4.6,4.7,4.9,5.3,4.6,4.5,4.9,5.4,6.3,5.5,5.9,7.0,6.3,6.5,7.5,8.4,8.5
026085,1.6,1.8,1.8,1.9,2.1,2.3,2.5,2.5,2.7,3.0,3.0,3.6,3.2,2.8,3.2,3.3,3.7,3.8,4.1,4.3,3.9,4.7,5.2,5.3,6.2
026086,6.1,6.1,6.6,6.9,6.8,7.6,7.9,9.3,8.7,8.0,9.3,9.4,9.3,8.6,9.3,9.8,10.2,10.6,11.5,10.5,10.6,11.5,13.1,13.4,14.5
026087,8.4,8.5,9.0,9.1,10.4,10.5,11.3,11.3,11.5,11.4,11.4,12.1,11.5,11.0,11.3,12.5,12.9,13.0,13.2,13.3,13.0,14.0,14.7,15.2,15.9
026088,6.8,7.4,7.6,8.5,8.4,8.9,9.6,9.5,10.3,9.3,10.5,10.0,10.4,10.6,10.8,11.4,11.5,11.5,12.6,12.2,12.1,12.6,14.2,14.5,15.3
026089,4.3,4.5,4.6,5.3,5.2,5.7,6.1,6.1,6.4,5.9,6.5,7.0,6.6,6.2,7.2,7.7,7.3,8.0,8.4,8.7,7.9,8.8,9.5,10.3,11.0
026090,5.2,5.0,5.5,6.7,6.4,6.6,6.7,7.8,7.5,7.5,7.9,8.2,8.3,7.4,8.3,8.6,9.5,9.7,9.7,10.5,9.5,10.3,11.8,13.1,13.3
026091,3.7,4.1,4.0,4.1,4.9,5.3,5.1,5.5,5.5,4.9,5.8,6.1,5.6,5.9,5.9,6.6,7.1,7.1,7.4,7.7,6.6,8.0,8.8,9.9,9.9
026092,5.8,6.4,6.6,6.9,6.8,7.2,7.9,8.8,8.5,8.0,8.6,9.0,8.4,8.3,9.0,9.5,9.9,10.4,10.7,11.5,11.1,11.3,12.4,12.9,13.5
026093,6.5,6.4,6.9,7.2,7.9,8.3,8.3,9.2,8.8,9.0,9.2,9.6,9.1,8.5,9.4,10.0,10.1,10.5,10.4,11.2,10.9,11.2,11.9,12.8,13.4
026094,4.6,4.9,5.3,5.8,6.1,6.4,6.4,7.1,7.5,7.0,6.8,7.6,7.1,6.8,7.6,7.9,7.9,8.5,8.5,9.2,8.3,9.0,10.0,10.6,10.6
026095,2.8,3.1,3.0,3.4,3.7,3.6,4.3,4.2,4.7,4.4,4.8,4.9,4.6,4.6,5.0,4.9,5.3,5.9,6.1,6.5,5.6,5.9,7.5,7.8,7.8
026096,6.2,6.5,6.4,6.9,6.8,7.3,7.6,7.7,7.9,7.4,8.4,8.5,8.6,7.8,8.4,8.3,8.7,9.2,10.5,10.4,8.8,10.3,11.0,11.3,12.1
027001,5.1,5.3,6.0,5.9,5.7,6.8,6.7,6.8,7.5,7.1,7.6,7.8,7.3,7.6,7.5,8.0,8.9,8.8,8.7,9.5,9.1,10.2,10.2,11.6,12.2
027002,7.7,9.3,8.7,9.4,9.3,9.9,11.3,10.8,11.8,11.0,11.6,12.1,11.7,11.8,11.8,12.5,13.9,12.8,14.4,14.2,13.5,14.9,16.1,18.0,18.2
027003,3.5,3.7,4.0,4.4,4.6,4.7,4.9,5.3,5.2,5.5,5.6,6.0,6.1,5.5,6.3,6.2,6.7,6.9,6.9,7.7,7.1,7.5,8.3,8.6,9.3
027004,3.6,4.1,3.8,4.2,4.6,4.9,5.3,5.3,5.4,5.8,5.9,6.8,6.1,6.2,6.0,7.1,6.7,7.2,7.4,8.2,7.9,7.9,9.5,9.8,10.4
027005,6.2,6.5,7.2,6.8,7.6,8.0,7.5,8.3,9.2,8.1,9.3,9.3,9.4,9.1,9.3,9.5,10.1,10.5,10.5,11.0,10.5,11.2,12.2,13.2,13.9
027006,3.4,3.8,4.1,4.0,4.1,4.4,4.5,5.1,5.3,5.5,5.2,5.6,5.0,5.1,6.0,5.7,5.6,6.3,6.1,6.8,6.6,7.2,7.5,8.5,9.1
027007,4.8,5.6,5.4,5.6,6.4,6.5,7.1,7.4,8.2,8.0,7.9,8.4,7.8,8.4,8.8,8.9,9.2,9.7,9.8,10.7,10.7,10.5,12.4,13.8,14.2
027008,6.6,6.6,7.4,8.1,8.0,7.6,8.3,9.5,8.6,9.0,9.3,10.2,9.6,9.2,9.8,9.7,10.2,11.2,11.3,11.9,10.4,12.5,13.3,13.5,14.2
027009,5.0,5.2,5.6,5.6,6.0,6.8,6.3,6.6,7.3,7.3,6.9,7.6,8.1,7.6,7.8,7.9,8.3,8.7,9.7,9.4,9.1,10.0,11.0,11.6,12.1
027010,4.1,4.7,5.0,5.5,5.2,5.4,5.9,6.4,6.5,6.5,7.3,7.0,6.7,6.8,7.8,7.7,7.8,8.7,8.3,9.6,8.7,9.5,11.0,11.5,11.1
027011,2.5,2.8,2.8,2.8,3.6,3.3,3.3,3.8,4.0,4.1,3.9,4.4,4.5,4.0,4.3,4.7,4.8,5.5,5.1,5.1,5.2,5.9,5.9,7.0,7.5
027012,4.9,5.1,5.6,4.9,5.9,6.5,6.4,6.4,7.1,6.6,7.1,7.8,6.9,6.9,6.9,7.8,8.0,8.3,9.3,9.4,8.2,9.7,10.3,11.7,11.0
027013,5.8,5.8,6.4,6.6,6.9,7.2,7.6,8.3,7.9,8.1,8.0,8.5,8.3,7.6,8.4,8.8,9.0,9.4,10.1,10.2,9.6,10.7,11.6,12.5,12.4
027014,4.6,4.6,5.4,5.6,5.5,6.0,6.4,6.6,6.7,6.2,6.8,6.8,7.2,6.9,7.6,7.0,8.0,8.0,8.4,9.1,7.9,9.2,10.1,10.7,10.8
027015,6.1,5.4,6.6,7.5,7.1,7.9,8.6,8.4,8.6,8.3,9.0,9.0,9.1,9.2,9.6,9.8,10.5,10.7,11.3,11.2,11.3,11.6,13.0,13.8,14.3
027016,5.2,5.7,5.7,6.2,6.8,7.1,7.2,7.1,7.6,7.8,8.3,8.9,8.3,8.0,7.8,9.2,9.2,9.9,9.8,10.5,10.2,10.8,11.3,12.6,13.2
027017,4.1,4.4,4.5,4.8,5.0,5.4,5.6,6.3,6.5,6.0,6.4,7.0,6.9,6.5,6.9,7.0,7.3,8.1,8.0,8.2,7.6,8.7,9.2,10.3,10.3
027018,6.1,6.3,6.7,6.8,7.6,7.8,8.4,8.4,8.7,8.4,8.9,9.5,8.6,8.9,9.5,9.7,10.5,10.7,11.0,11.1,10.6,11.5,12.8,13.2,13.6
027019,5.9,5.9,6.9,7.5,7.6,7.7,7.9,8.3,9.4,8.5,9.5,9.6,9.3,9.2,9.6,9.7,10.6,10.7,11.2,11.8,10.4,11.4,13.2,14.1,15.1
027020,5.5,5.8,6.7,6.7,7.3,7.5,7.7,7.9,8.8,8.5,9.0,9.3,8.1,8.4,8.5,9.5,9.7,10.0,10.5,10.8,9.9,10.7,11.7,13.4,13.2
027021,8.4,8.1,8.8,9.2,9.6,10.0,11.1,11.2,11.4,11.3,12.5,12.1,12.2,11.9,11.9,11.6,13.3,13.1,13.8,14.7,13.2,14.1,15.1,16.9,17.2
027022,5.6,6.5,6.4,7.2,7.2,7.8,8.2,8.2,8.6,8.2,8.9,9.6,8.6,8.5,9.0,9.7,9.8,10.1,10.5,11.0,10.5,11.0,12.6,12.9,13.1
027023,4.8,4.8,5.0,5.2,5.5,5.7,6.1,7.1,7.2,6.9,7.3,7.5,7.0,6.4,7.7,8.3,8.3,7.9,8.6,9.2,8.5,9.4,10.4,11.5,11.4
027024,7.4,7.3,8.1,8.4,8.4,8.8,9.1,10.1,10.4,9.8,10.5,10.8,10.7,10.3,10.5,10.9,11.5,12.1,12.5,13.1,12.4,13.1,14.7,14.7,15.5
027025,4.8,4.9,5.1,5.8,6.1,5.9,6.7,6.6,7.9,6.9,7.7,8.1,7.5,7.7,8.0,8.2,8.9,8.3,9.2,10.3,9.4,10.5,11.2,11.8,12.9
027026,3.8,4.2,4.3,4.7,4.8,5.3,6.3,6.0,6.0,6.0,6.6,6.9,7.0,6.5,7.0,6.9,7.5,7.7,7.7,8.7,8.2,8.5,9.2,10.0,10.6
027027,5.1,5.4,5.2,5.8,5.9,6.6,6.5,7.0,7.6,7.1,7.7,8.1,7.5,7.2,7.8,8.0,8.9,9.0,9.1,9.5,8.6,9.6,10.3,11.6,12.0
027028,6.0,6.3,6.7,7.0,7.4,7.5,8.1,8.5,8.4,7.9,9.2,9.1,9.2,8.7,9.2,9.4,10.0,10.4,10.7,10.5,10.6,11.2,11.9,13.1,13.2
027029,4.1,4.5,5.3,5.4,5.8,6.1,7.0,6.8,6.8,6.8,6.4,7.2,7.4,7.2,7.2,8.0,8.2,8.6,9.1,9.3,8.5,9.3,11.1,11.0,12.4
027030,6.3,6.7,7.2,7.5,8.0,8.0,8.7,9.2,9.9,9.1,10.0,10.1,9.4,9.9,10.0,10.6,10.4,11.4,12.1,12.1,11.5,12.5,13.1,14.0,15.1
027031,5.1,5.4,5.4,6.0,6.1,6.9,6.4,6.9,7.3,7.3,6.8,7.7,7.8,6.7,7.4,7.9,8.2,8.7,8.6,9.1,8.0,9.6,10.8,11.4,12.1
027032,4.2,4.7,5.6,5.6,6.1,5.9,6.5,6.8,7.3,7.2,7.5,7.8,7.7,7.6,8.0,8.7,8.4,9.1,9.5,10.2,8.9,10.1,11.2,12.0,12.3
027033,5.9,6.3,6.8,7.4,7.1,7.9,8.1,8.7,8.7,8.1,8.6,9.2,9.0,8.8,8.6,9.4,10.1,9.9,10.3,11.3,9.9,10.9,12.3,12.9,13.5
027034,6.1,5.7,6.2,6.6,6.2,6.6,7.6,7.7,8.1,7.8,7.7,8.5,8.1,7.7,8.3,8.5,8.9,9.4,9.6,9.5,9.3,9.9,10.5,11.7,12.0
027035,5.5,5.4,6.1,6.3,6.2,6.9,7.1,7.5,8.3,7.1,8.0,8.2,8.1,7.4,8.3,8.7,9.2,9.1,9.6,9.7,9.6,9.7,11.6,11.5,13.0
027036,4.7,5.0,5.0,5.7,5.8,5.9,6.4,7.3,7.2,6.8,7.5,7.7,7.3,6.9,7.5,7.6,8.3,8.4,8.4,9.1,7.9,9.8,10.0,11.4,10.9
027037,3.5,3.7,4.3,4.3,4.3,5.0,5.1,5.1,5.7,5.4,5.7,6.1,5.9,6.1,6.3,6.0,6.9,6.8,7.5,8.1,6.8,8.1,9.3,9.5,10.0
027038,4.7,5.5,6.0,6.1,6.3,6.8,7.1,7.3,8.3,7.4,7.9,8.6,7.7,8.2,8.0,8.5,8.9,10.1,10.3,10.4,9.5,10.8,11.8,13.0,13.4
027039,5.3,5.5,6.0,6.3,6.5,7.2,7.2,8.0,7.8,8.1,8.0,8.5,8.2,8.6,8.2,8.1,9.2,9.8,10.1,10.9,10.7,11.1,11.4,12.3,13.3
027040,5.1,5.5,5.6,6.2,6.6,6.5,7.1,7.7,7.4,7.4,7.5,7.7,7.1,7.2,7.7,8.1,7.7,9.1,9.3,10.1,8.8,9.8,9.9,10.8,12.0
027041,6.4,6.4,6.1,7.1,7.8,7.3,8.0,8.5,8.8,8.8,8.8,8.9,9.0,9.0,9.5,9.5,9.9,10.4,11.0,11.1,10.4,11.8,11.5,13.7,13.3
027042,6.7,7.3,7.6,8.0,8.0,8.4,8.9,9.1,9.9,9.0,9.2,10.3,9.4,9.9,9.5,10.6,10.2,10.6,11.4,11.8,11.0,12.3,13.3,14.9,13.8
027043,2.9,3.1,2.7,3.2,3.3,3.8,4.2,4.2,4.4,4.6,4.4,4.9,4.7,4.6,5.0,5.0,5.3,5.9,5.9,6.1,5.3,6.2,6.9,7.7,8.3
027044,3.6,3.7,3.9,3.6,4.4,4.5,5.1,4.9,5.4,4.9,5.2,5.9,5.3,4.6,5.0,5.3,6.2,5.9,6.1,6.4,6.3,6.7,8.2,8.2,8.4
028001,5.5,6.0,6.2,6.5,6.7,6.8,7.7,7.8,8.8,7.3,8.7,8.1,8.8,8.3,8.6,8.9,9.3,10.0,10.3,10.5,10.7,11.2,12.2,12.9,13.7
028002,6.5,6.9,7.6,7.7,7.9,8.2,8.4,8.7,9.6,9.3,9.7,10.6,9.6,9.6,9.5,9.4,10.6,10.7,10.8,11.7,11.2,12.3,13.2,14.2,13.9
028003,6.3,6.7,7.1,7.4,8.1,8.5,8.1,9.1,9.3,9.2,9.4,9.7,9.5,9.5,9.8,10.7,10.3,11.3,11.5,11.9,11.1,11.9,13.6,13.5,14.1
028004,3.3,2.9,3.2,3.4,4.4,3.7,4.1,5.3,4.7,4.5,5.1,4.9,5.3,4.8,5.4,5.7,5.9,6.3,6.6,6.7,6.4,7.1,7.9,8.5,9.4
028005,4.8,5.2,5.1,5.6,6.1,6.0,6.6,7.0,7.2,7.5,7.6,8.1,7.6,7.8,8.2,8.7,8.4,8.9,9.0,9.7,9.3,9.2,10.3,12.0,12.2
028006,7.4,7.1,7.7,7.7,8.6,8.2,8.8,10.1,9.9,8.8,9.2,10.2,9.7,9.5,10.1,10.8,10.7,11.3,11.0,12.2,11.4,11.9,13.1,14.1,15.5
028007,3.3,3.6,4.1,4.0,4.5,5.1,5.2,5.7,6.2,5.3,5.8,6.3,6.2,5.6,6.1,6.6,6.7,7.4,7.7,8.2,7.6,8.1,9.3,9.6,10.5
028008,4.3,4.9,5.4,5.4,5.7,5.4,5.9,6.4,7.2,7.1,7.1,7.5,7.6,6.9,7.6,8.3,8.0,8.9,9.4,9.7,8.8,9.3,10.6,11.8,12.4
028009,7.0,7.5,7.9,7.7,8.7,8.7,9.1,9.8,10.0,10.0,10.3,11.0,10.8,10.2,10.4,10.9,11.8,12.2,12.0,12.5,10.9,13.1,13.8,15.0,15.7
028010,7.5,7.9,7.7,8.7,9.0,9.4,10.2,10.0,11.0,10.0,10.1,11.5,11.1,10.5,11.5,11.9,11.9,12.5,12.7,13.4,12.3,13.2,14.0,15.0,14.6
028011,5.7,6.0,7.2,7.4,7.7,8.1,8.3,8.9,9.0,8.8,9.6,9.6,8.8,9.3,10.0,9.9,10.6,10.8,11.5,12.1,10.7,12.7,14.0,16.0,15.6
028012,5.1,5.3,5.7,5.5,6.0,6.4,6.8,7.1,8.1,7.2,7.0,8.3,8.0,7.6,8.0,8.5,8.5,9.0,10.1,10.2,9.8,10.5,11.6,12.5,12.4
028013,5.3,6.0,6.3,6.1,6.4,7.3,7.8,7.6,7.9,7.5,8.3,8.9,8.1,8.3,9.1,8.7,9.4,9.8,10.3,10.9,10.3,11.8,11.6,13.3,13.5
028014,4.4,4.8,4.6,5.0,5.5,5.8,6.2,5.7,6.7,6.4,6.7,6.8,6.6,6.5,6.6,7.1,7.8,8.0,8.3,8.2,7.7,8.4,9.2,9.7,9.9
028015,6.8,6.7,7.6,7.9,8.0,8.9,8.8,8.6,9.3,9.6,9.6,9.6,10.0,9.2,10.0,10.4,11.3,11.2,10.9,12.3,11.3,12.1,12.9,13.9,15.0
028016,4.3,4.3,4.7,5.2,5.4,5.7,6.1,6.2,6.5,6.7,6.7,7.0,6.8,6.8,7.2,7.5,7.9,8.0,8.0,9.0,8.0,8.5,9.4,10.3,10.5
028017,7.9,8.4,8.2,9.0,9.2,9.7,10.3,10.8,11.3,10.4,11.2,11.4,11.5,10.8,11.2,12.1,11.8,13.5,13.0,13.2,11.6,13.0,14.3,14.8,16.4
028018,6.1,6.0,6.6,7.4,7.4,7.3,8.1,8.9,9.2,8.3,9.4,9.5,9.1,9.2,9.5,10.3,10.7,10.9,10.8,11.3,10.4,11.3,12.6,13.1,13.8
028019,6.1,6.5,6.6,7.1,7.4,7.6,8.3,8.3,8.6,8.5,8.1,8.7,8.8,8.8,8.9,9.3,9.4,9.8,10.5,11.3,10.7,11.2,12.4,12.9,13.7
028020,4.4,4.5,4.9,5.2,5.4,5.6,6.1,6.1,6.5,6.0,5.9,6.5,6.2,6.5,7.0,7.3,7.8,8.1,8.3,8.5,8.1,7.9,9.8,10.6,11.1
028021,3.8,4.2,4.6,4.7,5.5,5.2,5.5,5.8,6.6,5.9,6.6,6.8,7.1,6.4,7.4,7.2,7.5,7.6,8.2,8.1,8.7,9.4,8.9,10.3,11.1
028023,6.6,6.6,6.8,7.8,7.6,7.9,9.1,9.2,9.6,9.5,9.9,9.6,9.9,9.4,10.0,10.3,9.8,11.4,11.3,11.3,11.3,12.3,13.4,14.8,14.3
028026,5.4,5.3,5.8,6.7,6.5,7.3,7.3,7.9,8.7,8.0,7.9,8.5,8.3,8.3,8.0,8.6,9.2,9.8,9.9,10.2,9.4,10.5,11.0,12.4,13.1
028027,5.4,6.8,6.3,6.3,7.2,7.0,7.6,7.9,8.4,7.8,9.1,9.2,8.4,8.9,8.4,9.0,9.1,10.5,10.6,11.2,10.1,11.1,12.7,12.7,13.9
028028,4.3,4.2,4.7,4.7,5.3,5.3,6.1,6.1,6.1,6.1,7.0,6.5,6.6,6.5,6.5,7.8,7.6,7.6,7.6,8.5,7.9,8.8,9.6,10.2,10.7
028029,6.7,7.5,7.5,7.7,8.1,8.5,8.7,9.7,10.4,9.6,9.4,10.4,10.3,9.8,10.4,10.3,10.6,11.0,12.2,12.3,10.5,12.0,13.2,14.4,14.7
028030,3.6,3.8,4.1,4.2,4.5,4.6,5.7,5.3,5.8,5.4,5.9,5.9,5.6,5.2,5.8,6.1,6.3,6.5,6.8,7.4,7.0,7.1,8.4,9.3,9.1
028031,5.7,5.5,6.0,6.1,6.5,6.8,7.1,7.0,7.4,7.8,8.4,8.1,7.6,7.6,8.4,8.3,8.5,9.5,10.1,10.2,9.5,10.8,11.5,12.2,12.4
028032,5.5,6.1,6.3,6.7,6.9,7.3,7.8,8.0,8.6,7.9,8.1,8.6,8.3,7.5,7.9,9.0,9.8,9.5,9.9,10.2,9.6,10.8,11.1,11.6,13.3
028033,4.6,5.1,5.9,5.7,6.3,7.1,6.6,7.2,7.1,7.2,7.0,7.7,7.2,7.4,7.5,7.6,8.6,8.2,9.4,9.2,9.0,10.1,11.2,10.7,11.9
028034,7.0,7.2,7.8,8.0,8.2,8.3,8.8,9.4,9.7,9.4,9.9,10.6,9.6,9.7,9.9,10.4,10.2,10.9,11.8,11.2,11.2,12.5,12.8,14.3,13.8
028035,6.7,6.8,7.3,8.1,7.5,7.4,7.9,8.8,9.4,8.3,9.6,9.3,9.8,8.9,9.5,9.9,10.5,10.6,11.3,11.6,10.2,12.2,12.9,14.6,14.1
028036,4.4,4.9,4.7,4.9,5.3,5.4,6.4,5.9,6.4,6.1,6.9,6.3,6.4,6.2,6.4,7.3,7.3,8.0,8.7,8.6,7.3,8.5,9.7,9.9,10.6
028037,6.2,6.6,7.1,7.7,7.7,8.0,8.2,8.9,9.0,9.1,9.8,10.1,10.1,9.4,10.0,10.2,10.6,11.1,11.9,12.3,11.4,12.2,13.5,14.1,15.3
028038,4.6,4.8,5.0,5.8,5.7,6.4,6.9,7.5,7.4,7.1,7.4,7.7,8.0,8.0,7.9,8.7,8.4,9.5,9.7,10.2,9.4,10.6,12.0,12.1,12.4
028039,3.6,3.8,4.4,4.5,4.5,4.5,5.1,5.0,5.4,5.5,5.6,6.6,6.3,5.6,6.0,6.0,6.9,7.1,7.5,7.7,7.6,8.4,8.6,9.6,10.0
028040,5.9,6.3,6.9,6.6,7.3,8.2,8.1,8.3,8.8,8.7,8.9,9.7,9.4,9.4,9.2,9.9,10.4,10.2,10.9,11.7,10.1,11.7,12.5,13.2,13.9
028041,5.9,5.4,6.0,6.2,6.9,6.9,6.9,7.7,7.6,6.9,7.7,8.4,8.5,8.2,7.9,8.4,9.3,8.9,9.8,10.1,9.2,10.0,10.8,11.8,12.9
028042,6.1,6.5,6.8,7.0,7.3,7.5,8.0,8.8,9.0,8.3,9.2,9.1,8.9,8.8,9.0,8.8,10.0,9.6,10.0,11.1,9.8,10.6,12.0,12.5,13.2
028043,4.9,5.2,5.6,6.1,6.4,6.6,6.9,7.3,7.6,7.6,7.2,7.6,8.0,8.0,7.8,9.2,8.6,9.7,9.0,9.8,9.5,10.2,11.2,12.1,12.5
028044,4.5,4.5,4.7,5.1,4.8,5.4,5.5,5.8,6.2,5.8,6.6,6.5,6.6,6.1,6.5,7.5,7.1,7.6,7.6,8.1,7.2,8.0,8.7,9.9,10.0
028045,5.2,4.6,5.8,5.4,6.3,5.8,6.5,7.2,7.6,7.1,7.4,7.8,7.3,7.5,8.0,8.7,8.4,9.0,10.4,9.4,9.1,10.9,11.5,12.3,12.1
028046,6.4,5.9,7.1,7.3,7.8,7.6,8.0,9.2,9.1,8.8,9.5,9.4,9.0,9.2,10.0,9.8,10.4,10.9,11.5,12.1,11.2,12.3,13.6,13.6,14.6
028047,6.4,7.0,6.6,7.7,7.8,8.5,8.7,9.1,10.0,8.8,9.2,9.6,10.0,10.1,9.9,10.5,11.2,11.4,12.0,12.6,11.1,12.0,13.0,14.4,15.0
028048,4.7,4.6,5.1,5.4,5.6,5.7,5.8,7.0,7.4,6.6,7.2,7.9,6.7,7.1,7.2,7.3,7.8,8.3,8.9,9.0,9.1,8.8,10.0,10.7,11.3
028049,6.7,6.3,6.9,7.1,7.3,8.0,8.2,9.0,8.6,8.6,8.5,9.1,8.5,8.7,9.0,9.5,9.1,10.1,10.1,10.3,10.0,10.9,12.2,12.2,13.1
028050,5.0,6.0,6.0,6.1,6.4,6.7,6.8,7.3,8.8,7.7,8.6,8.4,7.9,8.2,8.3,8.7,9.6,9.4,10.2,10.4,9.8,10.6,12.4,11.9,12.6
028052,4.7,4.8,5.3,5.5,5.8,6.2,6.5,6.7,6.7,6.5,7.1,8.0,7.5,7.2,7.4,7.8,8.1,8.6,8.9,9.3,8.0,9.4,10.5,10.7,11.1
028053,6.7,7.5,8.0,8.2,8.9,9.1,9.2,9.9,10.6,9.5,9.9,10.6,10.5,10.5,10.8,11.6,11.4,11.3,12.3,13.4,12.1,13.5,13.9,14.8,15.4
028054,4.9,4.9,5.6,5.8,6.2,6.7,6.5,6.5,7.4,6.8,6.9,7.3,7.5,7.0,7.3,7.4,8.4,8.7,8.8,9.2,8.2,9.5,10.5,11.0,11.7
028055,4.1,4.4,4.7,4.7,5.2,5.6,6.0,6.5,6.6,6.3,7.1,7.2,7.1,7.5,7.7,8.6,8.3,8.3,8.7,9.1,9.0,9.8,10.6,11.5,11.1
028056,10.4,10.9,11.6,11.5,12.1,12.2,12.6,12.8,14.1,13.3,13.6,14.0,14.2,12.7,14.0,14.4,14.3,15.4,15.4,16.2,15.2,16.4,17.0,19.3,18.6
028057,3.5,3.7,4.2,4.3,4.7,4.9,5.3,5.9,6.4,6.3,5.7,6.3,6.8,6.8,7.1,7.9,7.7,8.0,9.2,9.1,8.6,9.7,11.4,11.7,11.3
028058,1.9,2.0,1.9,2.2,2.2,2.6,2.6,2.8,2.7,2.8,3.4,3.4,3.2,3.1,3.4,3.6,3.7,4.1,4.1,4.7,4.1,4.7,4.6,5.5,6.1
028059,4.4,4.9,4.9,5.6,5.6,5.7,6.4,6.5,7.0,7.0,6.9,7.1,7.3,7.1,7.3,7.6,8.3,8.4,8.1,8.5,8.7,9.4,10.1,10.7,10.8
028060,5.3,5.8,6.5,6.1,6.9,7.9,8.0,7.9,8.9,7.7,9.2,8.8,8.6,8.4,9.3,9.8,9.9,10.5,9.8,11.3,10.0,11.0,12.4,14.1,12.7
028061,4.9,5.1,5.5,5.9,6.2,6.4,6.6,7.4,7.6,7.7,7.6,8.3,7.7,8.0,7.9,8.2,9.2,9.2,9.3,9.9,9.3,10.6,10.4,11.9,13.0
028062,6.0,6.0,6.6,7.0,7.2,7.3,8.1,7.9,8.7,8.2,8.9,9.1,8.6,9.1,8.6,8.9,10.1,10.3,10.4,11.0,9.7,11.4,12.2,13.1,13.9
028063,4.0,4.2,4.5,4.6,4.7,5.0,4.8,5.6,6.0,5.2,6.3,6.5,5.7,5.9,5.7,6.4,7.1,6.9,6.7,7.8,7.6,8.3,8.7,9.1,9.8
028064,3.1,3.5,3.5,3.7,4.1,4.6,4.4,4.8,4.8,4.8,5.3,5.5,5.3,5.1,5.6,5.8,6.2,6.2,6.6,6.9,6.7,7.4,8.1,8.5,9.1
028065,4.3,4.8,4.7,5.3,5.8,6.1,5.8,6.3,7.1,6.8,6.4,7.3,6.7,7.1,6.9,7.6,8.1,8.4,9.4,10.0,9.4,10.3,10.6,11.4,11.5
028066,5.8,5.6,6.3,7.1,6.8,7.4,7.8,7.7,8.3,7.7,7.9,7.6,7.9,7.7,8.2,8.5,9.1,9.7,9.7,10.4,9.5,9.9,11.9,11.6,12.3
028067,4.8,4.8,5.9,5.9,5.9,6.4,6.7,7.1,7.7,6.8,7.8,8.2,7.9,6.7,8.0,8.2,8.4,9.0,9.3,9.5,8.7,10.4,11.0,11.7,12.4
028068,3.8,4.2,4.2,3.9,4.5,4.7,5.3,5.9,5.6,5.1,5.8,6.0,5.5,5.5,5.7,6.2,6.8,6.6,6.6,7.3,6.7,7.6,8.4,9.3,9.2
028069,3.2,3.3,3.6,3.8,3.9,4.7,4.2,4.7,4.7,4.4,5.0,5.0,5.0,5.0,5.3,5.6,6.0,5.5,6.4,6.6,6.2,6.5,7.8,7.9,8.4
028070,5.8,5.8,6.4,6.1,7.3,7.7,7.3,8.2,8.3,8.2,8.4,8.9,8.4,8.5,9.2,8.8,9.9,10.1,10.1,10.9,10.1,11.1,10.9,12.5,13.1
028071,6.1,6.4,6.9,6.6,7.0,7.6,8.7,7.8,8.2,8.1,8.2,9.2,8.4,8.5,8.7,9.5,9.4,9.6,10.4,10.6,10.1,10.6,12.0,13.3,12.8
028072,5.4,6.0,6.2,7.1,6.9,7.0,8.0,7.6,8.3,8.3,8.4,8.9,8.3,9.0,9.3,9.1,9.4,10.0,10.6,11.1,9.9,11.1,12.0,12.7,13.5
028073,4.1,4.7,5.3,5.2,5.3,5.6,6.4,6.4,6.9,6.0,6.8,6.9,6.9,6.6,7.3,7.1,7.7,7.9,8.4,9.2,8.0,9.1,9.8,11.2,10.9
028075,6.3,6.8,7.2,7.5,7.9,8.2,8.2,9.0,9.5,9.1,9.1,9.2,9.4,9.7,10.1,10.3,10.3,10.6,11.4,12.4,10.8,12.3,12.6,13.6,14.2
028076,3.1,3.3,3.3,3.9,3.6,4.1,4.8,4.8,5.1,4.6,4.9,5.4,5.3,5.2,5.0,5.4,5.9,6.0,6.5,7.4,6.4,7.0,7.7,8.2,8.8
028077,4.8,5.1,5.0,5.3,5.8,5.9,6.7,6.6,6.7,7.2,7.7,7.4,7.8,7.5,7.9,7.9,7.9,8.3,9.2,9.4,8.7,9.3,10.8,11.7,12.2
028078,7.9,8.8,9.1,9.3,9.8,9.9,10.2,10.8,11.7,10.4,11.1,12.1,11.6,10.7,11.4,11.7,12.1,12.6,13.2,13.3,13.6,14.0,14.5,14.2,15.9
028079,2.8,3.2,3.1,3.5,3.7,3.6,4.1,4.1,4.5,4.5,4.7,5.7,5.1,4.7,5.4,5.2,5.4,6.1,6.1,7.0,6.6,7.2,7.6,8.1,8.1
028080,5.9,5.7,6.0,6.9,6.6,7.3,7.4,7.6,8.3,8.1,8.4,8.6,8.2,8.0,8.5,8.7,8.7,9.1,10.0,10.5,9.9,11.2,11.4,11.9,13.1
028082,3.5,3.7,3.4,4.1,4.2,4.7,5.2,5.0,5.9,5.0,5.4,5.7,5.7,5.4,5.9,6.1,7.0,7.2,7.4,8.2,7.7,8.1,8.9,10.5,9.0
028083,6.3,6.6,6.6,7.1,7.2,7.2,8.1,8.8,8.9,8.2,8.3,8.7,8.7,8.8,8.7,9.2,9.8,10.8,11.1,10.8,10.0,11.7,11.5,13.3,13.9
028084,3.9,4.4,4.7,4.6,5.1,5.2,5.4,6.1,6.2,5.8,6.5,6.3,6.3,6.4,6.3,7.0,6.9,7.8,7.4,8.6,7.5,8.4,9.6,9.6,9.9
028085,6.1,6.5,6.3,7.0,7.3,7.8,7.9,8.8,8.4,8.4,9.0,8.8,9.0,8.7,9.1,9.4,9.9,10.3,10.4,11.2,10.2,11.4,12.1,12.6,13.3
028086,4.3,4.3,4.4,5.1,5.8,5.3,6.2,6.5,6.6,6.7,6.8,7.3,7.2,6.3,7.2,7.2,8.1,7.9,9.1,9.2,9.2,9.3,10.7,11.5,11.5
028087,5.5,6.3,6.7,6.2,7.2,7.2,7.6,8.1,9.0,8.5,8.5,8.8,8.5,8.4,8.7,9.3,9.6,10.6,10.2,11.4,9.9,11.1,11.6,12.8,13.2
028088,2.0,2.3,2.3,2.7,2.8,3.4,3.4,3.8,4.3,3.6,4.3,4.4,4.3,4.4,4.8,5.1,5.4,5.5,5.9,7.0,5.6,6.7,7.2,8.2,8.4
028089,8.1,9.0,9.7,9.9,11.0,10.6,10.4,12.0,12.0,11.0,11.5,12.7,11.9,11.3,11.4,12.4,12.8,13.5,13.7,13.6,13.0,13.8,15.7,17.4,17.5
028090,7.9,8.0,8.2,8.9,9.2,9.3,9.2,10.3,10.5,9.8,10.7,11.2,10.4,10.3,10.9,11.4,12.0,11.7,12.4,12.4,11.6,12.6,13.8,15.1,15.2
028091,6.6,6.3,6.7,6.9,7.4,7.9,8.3,8.3,8.5,7.8,8.9,9.1,8.8,8.6,8.9,9.8,8.9,9.8,10.3,10.6,9.6,10.9,12.3,12.2,13.0
028092,6.7,7.0,7.7,7.7,8.4,8.8,9.7,10.5,10.1,10.6,10.8,10.3,10.6,10.2,10.4,11.0,11.9,13.2,13.4,13.2,12.5,13.5,14.6,15.9,17.1
028093,8.1,8.3,9.1,9.2,9.6,9.7,10.2,10.5,11.1,11.3,11.0,11.3,11.5,11.4,11.0,12.4,12.5,13.1,13.2,13.3,12.9,13.6,14.6,15.3,16.2
028094,4.8,5.0,5.7,5.8,6.8,6.7,7.3,7.0,7.9,7.5,8.0,8.2,8.1,8.1,7.6,8.8,9.7,9.2,9.9,11.0,9.4,10.7,11.1,12.0,12.2
028095,7.4,7.6,7.2,8.1,8.4,9.3,9.3,10.3,10.3,9.9,9.9,10.7,10.0,10.8,10.5,10.7,11.2,12.4,11.8,13.1,11.3,13.2,13.4,14.6,16.1
028096,6.1,6.1,6.4,6.1,7.1,7.4,8.0,9.0,9.0,8.7,8.9,9.3,8.6,8.6,9.6,9.4,10.5,10.6,11.3,11.5,10.8,12.5,12.3,13.8,13.9
028097,6.5,6.5,7.4,7.4,7.2,8.2,8.1,8.9,9.7,8.7,9.3,10.4,9.3,8.9,10.2,9.8,10.9,10.8,11.2,11.4,10.7,11.2,13.1,12.8,13.9
028099,5.4,5.2,5.8,6.5,6.7,6.4,6.9,7.2,7.9,7.1,7.4,7.6,7.6,7.6,7.6,8.7,8.6,9.0,9.3,10.1,9.1,9.9,10.9,11.4,12.1
028100,6.8,7.0,7.9,7.7,8.0,8.7,8.2,9.1,9.1,8.6,9.1,9.5,9.6,8.6,9.7,9.6,9.8,10.6,11.1,11.6,11.1,11.6,12.9,14.0,13.8
028101,6.7,7.7,8.2,8.0,8.2,9.3,9.8,9.7,10.2,9.5,9.5,10.6,10.2,9.5,9.6,11.2,10.7,11.6,12.5,12.2,12.2,13.2,14.0,15.2,14.8
028102,5.6,6.1,6.4,7.1,7.5,7.2,7.6,8.6,9.4,8.4,9.4,9.0,9.4,9.0,9.5,10.2,10.0,10.6,11.6,11.3,11.0,12.4,13.1,14.4,15.6
028103,6.0,6.3,6.1,6.6,6.7,7.1,7.3,7.5,7.6,8.1,8.0,8.0,7.5,7.8,8.0,8.7,8.8,8.9,10.0,9.8,9.1,9.9,10.9,11.9,12.4
028104,7.3,7.6,7.4,8.2,8.4,9.0,8.7,9.7,10.6,9.3,9.6,9.9,9.9,10.1,10.3,10.6,11.0,11.8,12.3,12.7,12.0,12.6,14.2,14.7,14.6
028105,5.3,5.6,5.8,5.9,6.7,6.3,6.9,7.6,7.7,7.5,7.6,8.0,7.7,8.2,8.2,8.6,8.6,9.5,9.0,9.2,8.9,9.7,10.8,12.4,12.4
028106,10.1,10.8,11.4,12.1,12.7,11.8,13.5,13.2,14.2,13.9,14.0,14.8,14.2,14.1,14.8,15.0,14.8,15.4,16.5,17.3,16.0,17.2,17.9,19.0,20.9
028107,6.2,6.6,7.2,7.1,7.4,8.1,8.9,8.1,9.1,8.5,9.5,9.9,10.1,9.1,9.5,9.5,9.7,10.6,11.3,10.8,10.5,11.9,13.4,13.9,14.4
028108,4.2,3.9,4.2,4.7,4.6,5.3,5.2,5.9,5.8,5.7,6.2,6.3,5.8,6.1,6.2,6.9,6.6,7.3,7.2,8.4,7.3,8.1,8.9,9.7,9.9
029001,3.7,4.2,4.1,5.0,4.7,5.7,5.7,5.9,6.3,5.8,6.2,6.1,6.3,6.2,6.6,7.0,7.2,7.4,8.0,7.7,7.7,8.5,9.2,10.4,10.8
029002,3.5,4.2,4.2,4.1,4.1,4.8,4.9,5.1,5.7,5.4,5.2,5.7,6.0,5.6,6.1,5.8,6.4,6.7,7.4,7.8,6.8,7.7,8.6,9.5,9.3
029003,6.2,6.2,6.1,6.8,6.7,7.8,7.7,8.2,8.6,7.6,9.6,8.6,8.2,8.8,8.8,9.1,10.1,10.1,11.2,10.4,9.9,10.8,12.2,12.4,13.7
029004,7.5,8.2,9.1,9.2,9.1,9.0,9.7,10.2,10.9,10.7,9.9,11.5,11.2,10.3,10.5,11.2,12.0,12.6,12.5,14.7,12.3,14.1,15.5,16.3,16.7
029005,5.5,6.0,6.1,6.6,7.1,7.3,7.7,7.7,8.3,7.7,7.8,8.8,8.8,8.1,9.1,9.5,10.0,10.3,10.6,10.7,10.2,11.0,11.7,12.7,13.1
029006,4.5,4.9,4.7,5.4,5.4,6.3,6.6,6.6,6.7,6.4,7.2,7.4,7.1,7.1,7.9,8.0,8.1,8.8,9.3,9.3,9.1,9.1,10.2,10.5,11.4
029007,5.2,5.5,5.3,5.8,6.2,6.7,6.8,6.6,7.6,6.6,6.9,7.5,7.5,7.1,7.1,7.3,7.9,8.8,9.1,9.0,8.9,9.4,10.2,11.2,10.6
029008,3.3,3.7,3.9,4.2,4.5,4.5,4.6,5.5,5.9,5.3,5.3,5.7,5.9,5.2,5.7,5.9,5.9,6.0,6.9,7.1,6.5,7.7,7.6,8.6,9.1
029009,7.7,7.6,8.0,8.6,8.6,9.9,9.8,10.7,10.9,9.6,10.5,11.5,10.4,11.0,11.1,10.3,11.8,12.2,12.6,13.6,12.0,13.3,13.8,14.8,16.3
029010,6.0,6.7,7.2,7.5,7.4,7.9,8.0,8.1,9.3,8.9,8.6,9.1,9.2,9.1,9.5,10.0,10.5,10.3,11.1,11.5,10.5,11.3,13.1,14.2,14.2
029011,5.0,5.6,6.0,5.9,6.5,6.7,7.2,7.1,8.2,8.0,7.8,8.3,7.4,7.2,8.2,8.3,9.4,9.3,10.1,11.0,9.6,10.7,11.2,13.0,12.6
029012,5.9,6.3,6.9,6.7,7.7,7.6,8.1,8.3,9.0,8.1,8.3,9.3,9.3,8.5,8.7,9.5,10.4,10.3,10.6,11.2,10.4,11.5,12.0,13.9,14.1
029013,7.7,8.8,9.9,9.4,9.2,10.2,11.2,10.9,12.4,11.2,11.6,12.2,12.2,11.6,12.4,12.4,13.2,13.2,14.1,15.0,13.2,15.1,15.9,16.6,17.1
029014,4.9,4.7,4.9,5.2,6.0,6.0,6.8,6.6,7.4,7.2,7.2,7.2,7.8,6.7,7.7,8.0,8.5,8.7,9.2,9.2,9.0,10.1,10.7,11.2,11.7
029015,6.3,6.4,6.4,6.7,7.4,8.0,7.9,8.0,9.1,8.3,8.8,9.1,9.2,8.8,9.4,9.9,10.0,10.0,10.1,10.9,10.3,11.2,11.9,12.1,12.8
029017,4.8,5.0,5.4,5.3,6.0,6.1,7.0,7.2,7.5,6.9,7.2,7.0,7.8,7.3,7.8,8.4,8.5,8.9,9.7,10.1,9.2,9.9,10.5,11.8,12.1
029018,4.4,5.5,5.3,5.8,5.7,6.4,6.3,6.7,6.7,6.6,7.2,7.6,7.8,7.6,7.6,8.4,8.8,8.7,8.7,9.7,9.4,9.8,11.3,11.2,11.5
029019,7.3,7.5,7.8,8.8,8.8,9.5,9.3,9.8,10.3,10.9,10.8,10.8,10.7,10.7,11.2,11.5,12.2,12.7,12.7,12.5,12.5,13.4,13.9,14.7,15.6
029021,3.3,4.0,3.8,4.4,4.5,5.0,5.1,5.3,6.1,5.7,6.0,6.6,6.1,6.2,6.1,7.5,7.3,7.7,8.7,8.4,7.7,9.2,9.7,10.8,11.6
029022,7.3,7.3,7.0,7.5,7.8,8.6,8.8,9.5,9.5,8.3,9.3,10.3,10.2,9.0,9.0,10.1,10.5,11.1,10.8,11.5,10.6,11.9,12.4,13.6,14.1
029023,3.4,3.6,4.2,4.3,4.6,4.4,5.1,5.0,5.5,5.5,5.0,6.2,5.9,5.5,5.9,5.5,6.7,6.4,6.8,7.1,6.2,7.3,7.9,8.3,9.4
029024,4.8,4.8,5.2,5.5,5.6,6.0,6.0,6.4,6.8,6.9,6.6,7.0,7.2,7.0,6.8,7.1,7.9,7.7,8.1,8.5,8.0,8.9,9.3,9.8,10.6
029025,4.1,4.7,4.6,5.6,5.2,6.0,6.3,6.9,7.3,7.0,7.1,7.6,7.7,7.7,7.6,8.4,8.2,8.8,9.1,9.8,8.6,9.9,10.9,12.3,11.5
029026,4.3,4.4,4.8,5.8,5.5,6.6,7.0,6.5,7.5,7.1,7.6,7.6,7.7,7.1,7.8,8.6,9.5,9.5,9.8,10.4,9.9,10.3,11.5,13.5,12.6
029027,3.2,3.8,4.4,4.2,4.4,5.1,5.0,5.7,5.8,5.8,5.7,6.3,5.8,6.4,6.4,6.6,7.0,7.3,8.2,7.7,7.4,8.6,9.5,10.3,10.6
029028,3.3,3.6,3.9,4.2,4.4,4.7,4.6,5.2,5.3,5.6,5.6,6.1,6.0,5.4,5.9,6.0,6.4,6.7,7.3,7.5,6.8,7.6,8.8,9.3,9.8
029029,6.4,7.3,7.0,7.2,8.4,7.9,7.8,9.2,9.8,9.2,8.6,9.5,8.9,8.9,9.5,9.8,10.2,11.0,11.4,11.1,11.2,12.1,12.7,13.2,14.0
029030,5.7,6.1,6.6,6.6,7.0,7.8,7.4,8.5,8.9,8.2,8.5,9.4,9.1,9.3,9.3,9.6,10.5,10.5,11.1,12.1,11.1,11.6,13.2,13.8,14.4
029031,5.2,5.5,5.9,5.8,6.7,6.7,7.0,7.2,8.2,7.5,7.6,8.7,7.9,7.7,7.8,8.2,9.0,9.1,10.2,10.0,9.9,11.1,11.9,12.6,13.1
029032,5.2,5.1,5.2,5.8,6.2,6.8,6.6,7.1,7.1,7.0,7.0,7.6,7.2,6.9,7.7,7.5,8.5,8.2,8.7,9.3,8.5,9.6,10.8,10.7,11.2
029033,4.7,5.1,5.1,5.3,5.6,6.0,6.2,6.3,6.9,6.4,6.7,7.0,6.8,6.7,6.9,7.1,7.4,8.4,8.2,9.0,8.0,8.8,9.4,10.7,10.9
029034,5.6,5.9,6.1,6.5,6.7,7.6,7.7,8.4,8.8,8.3,8.5,8.8,8.3,8.1,8.5,8.9,9.9,10.5,10.2,10.4,9.6,11.4,12.2,12.3,13.9
029035,6.4,7.1,7.5,8.2,8.0,8.3,9.4,9.1,9.2,9.4,9.9,10.2,9.9,10.1,10.6,10.7,10.0,9.9,11.5,12.1,12.1,12.4,13.7,15.2,14.2
029036,4.0,4.0,4.2,4.6,5.2,5.4,5.6,5.6,6.5,6.5,6.2,6.5,6.4,6.1,6.6,6.9,6.9,7.7,8.8,8.2,7.3,8.9,9.9,10.9,10.5
029037,5.0,5.9,6.0,6.2,6.4,7.5,7.4,7.2,8.2,7.9,8.8,8.6,8.8,8.0,9.0,9.7,9.8,10.1,10.5,10.5,10.4,11.0,12.0,13.1,12.8
029038,5.0,4.8,5.2,6.0,5.9,6.6,6.4,6.7,7.1,7.6,7.3,8.1,7.2,7.0,7.7,7.7,8.1,8.7,9.0,9.0,8.3,9.7,10.7,10.9,11.8
029039,5.3,5.3,6.0,6.2,6.5,7.0,7.1,7.8,7.6,7.4,8.4,8.2,8.7,8.0,8.3,8.6,9.8,9.1,9.7,10.4,9.0,9.8,11.5,12.5,12.2
029040,7.5,7.9,8.3,9.0,8.9,9.7,10.1,10.4,11.0,10.5,10.6,10.5,11.3,11.0,11.2,11.1,11.9,12.6,12.8,13.3,12.2,13.9,14.3,15.4,15.7
029041,5.0,4.7,5.5,5.6,6.4,6.1,6.6,6.7,6.9,7.0,7.6,7.8,7.5,7.1,7.1,7.8,8.4,8.6,8.9,9.7,8.7,9.5,10.9,11.7,11.7
029042,3.6,4.4,4.6,4.3,4.9,4.9,5.4,5.5,6.6,6.2,6.7,6.7,6.3,6.3,6.9,7.2,7.2,7.9,8.4,8.1,8.0,8.1,9.5,10.0,9.9
029043,6.8,8.0,8.3,9.0,8.6,9.4,10.1,10.7,10.8,9.5,10.4,11.2,10.4,10.0,11.2,11.5,12.0,12.1,12.6,13.1,12.1,13.7,14.9,16.0,16.9
029044,4.0,4.2,4.5,4.9,4.6,5.0,5.4,5.5,5.8,5.5,5.9,6.4,6.2,5.8,6.4,6.6,6.7,7.6,7.9,8.0,7.7,8.1,8.7,9.8,9.7
029045,4.6,5.0,4.7,5.4,5.6,5.9,6.3,6.2,7.4,6.7,7.1,7.9,7.0,7.0,7.0,7.8,8.1,7.9,8.6,8.5,8.6,9.7,10.0,10.9,12.2
029046,4.7,4.6,5.3,4.8,5.9,6.5,6.6,6.6,6.5,7.0,6.8,7.9,7.2,7.0,7.8,8.2,8.0,8.5,8.9,9.4,8.3,9.8,11.1,11.9,11.6
029047,4.6,4.6,4.8,4.8,5.5,5.9,5.8,5.8,6.3,6.8,6.5,6.9,6.8,6.1,7.0,7.2,7.4,7.8,7.7,8.5,7.8,8.6,9.4,10.6,11.5
029048,6.8,7.4,7.6,8.1,7.9,8.8,9.2,9.3,10.2,9.3,10.2,10.4,10.2,10.2,10.3,11.1,11.3,11.6,11.6,12.8,11.9,13.7,14.3,14.8,15.1
029049,5.9,6.4,6.8,6.8,7.5,7.8,8.0,8.9,8.3,8.5,8.4,9.5,8.9,8.7,8.9,9.4,10.2,10.4,9.9,10.6,10.2,11.2,11.7,13.1,13.1
029050,5.5,6.3,6.4,6.5,7.1,7.5,8.2,8.2,9.1,8.0,8.7,8.5,8.8,8.4,9.0,9.1,9.8,10.4,10.5,11.0,10.9,11.5,12.3,12.2,13.1
029051,3.6,4.0,4.0,4.1,4.1,4.4,4.9,4.7,5.5,5.3,5.4,5.5,6.0,5.4,5.7,5.7,6.3,6.9,7.2,7.3,6.1,7.7,7.9,8.9,9.2
029052,8.1,8.6,9.1,9.8,10.1,9.9,10.7,10.6,11.7,10.2,11.5,11.4,11.4,10.8,11.6,12.4,11.8,13.2,13.5,13.6,13.0,15.3,15.5,15.7,15.9
030001,4.5,4.7,5.3,6.0,6.1,6.5,6.8,7.2,7.7,7.6,7.6,8.1,8.0,8.2,8.0,8.7,8.8,9.7,9.3,10.4,9.6,10.2,11.4,12.9,13.4
030002,7.4,7.6,7.7,8.8,9.3,9.7,9.5,9.8,10.3,10.2,10.4,10.6,10.3,10.2,10.9,11.0,11.8,12.3,13.2,12.5,12.6,13.4,14.3,15.5,14.7
030003,5.4,5.3,5.5,5.4,5.5,6.6,6.5,6.7,6.8,6.7,7.7,7.6,6.9,7.3,8.2,8.4,8.3,8.4,8.5,9.4,9.6,9.6,10.6,11.1,12.0
030004,7.1,7.7,8.5,7.9,8.7,9.6,9.7,9.2,10.2,10.0,10.4,10.7,10.5,10.3,10.2,10.8,11.1,12.2,12.3,12.9,12.0,12.8,13.6,14.8,15.5
030005,6.2,5.5,6.6,6.7,6.9,7.7,7.1,8.2,8.9,8.3,8.5,8.4,8.3,8.4,8.4,9.7,10.1,9.8,10.1,10.6,10.6,11.5,12.5,14.1,14.1
030006,6.0,6.4,6.6,7.4,6.9,8.1,8.1,8.6,8.7,8.8,8.8,9.4,9.6,8.9,8.5,10.1,10.1,10.2,10.7,10.4,10.0,11.3,11.9,13.3,13.6
030007,4.0,3.9,4.1,4.8,5.5,5.0,5.3,5.6,6.5,5.7,6.0,6.2,5.9,5.7,6.2,6.8,7.3,7.5,7.2,7.6,7.0,8.0,8.3,9.3,9.2
030008,5.3,6.0,6.6,6.9,7.5,8.4,8.4,8.8,8.3,8.7,9.0,9.5,9.4,8.9,9.3,10.0,10.2,10.5,11.3,11.4,11.3,12.1,13.3,13.6,13.8
030009,6.8,7.1,7.5,7.3,7.6,8.3,8.7,8.9,9.5,9.5,9.3,10.0,9.6,9.6,9.8,10.6,11.2,11.2,11.5,12.0,11.0,12.1,12.5,13.7,14.0
030010,3.9,4.4,4.1,4.4,4.9,5.0,5.3,5.9,5.6,5.6,6.1,6.4,6.5,6.0,6.2,7.1,7.4,7.1,7.2,8.0,7.5,8.8,9.3,10.7,10.6
030011,5.2,5.4,5.9,6.1,6.7,6.8,6.9,7.1,7.7,7.4,7.7,8.5,7.2,8.0,8.0,8.5,9.2,8.9,9.7,10.3,9.4,10.2,10.4,12.4,12.5
030012,7.2,7.4,7.7,8.4,8.7,9.0,9.2,9.6,10.0,9.2,10.0,10.1,9.9,9.8,10.6,10.5,10.9,11.8,11.6,12.5,11.6,12.3,13.1,14.2,14.4
030013,4.6,4.6,5.3,5.2,5.8,5.6,6.4,6.4,6.8,7.0,7.4,7.7,7.1,6.9,7.2,7.4,8.1,8.4,8.5,9.2,9.1,9.4,10.6,10.9,11.6
030014,7.3,8.0,8.4,8.9,8.9,9.0,9.6,10.1,10.8,10.5,10.1,11.1,10.5,9.9,10.4,11.5,10.5,12.1,12.7,13.3,12.1,13.5,14.3,14.9,15.8
030015,6.1,7.2,7.4,7.7,8.1,8.1,8.6,9.0,10.3,8.9,9.4,9.5,9.3,9.8,9.7,10.2,10.2,11.1,11.6,12.0,11.1,11.9,12.8,13.6,14.3
030016,4.1,4.0,4.8,5.3,5.3,5.6,6.1,6.8,6.4,6.5,7.1,7.4,7.3,6.7,7.0,7.2,8.6,9.0,9.1,10.0,9.0,9.4,11.4,11.7,12.9
030018,4.9,5.4,5.8,6.1,6.6,6.8,6.8,7.8,8.1,7.3,8.0,8.2,8.0,7.6,8.3,8.7,9.3,9.4,9.7,10.2,9.2,10.5,10.8,11.9,12.4
030019,5.8,6.5,6.9,7.0,7.0,8.0,7.9,8.2,8.9,8.5,8.8,9.5,8.7,9.0,9.0,9.2,10.0,10.4,10.9,11.1,10.4,11.3,12.1,13.0,13.3
030020,6.8,6.6,7.1,7.8,7.6,8.8,8.6,9.0,9.6,8.8,9.6,9.5,9.7,9.0,9.2,10.2,10.0,11.2,11.1,11.2,10.5,11.2,12.3,13.4,14.7
030021,4.3,3.9,4.5,4.9,5.3,5.4,5.8,6.3,6.5,6.0,6.5,7.0,6.9,6.4,6.8,7.1,7.2,8.0,8.2,8.8,8.4,8.5,10.4,10.5,10.7
030022,3.2,3.3,3.7,3.8,4.1,4.3,4.4,5.0,5.0,5.2,5.4,5.5,5.3,5.1,5.3,6.0,6.0,6.7,7.0,7.5,6.7,7.2,7.6,9.1,8.8
030023,4.8,5.0,5.4,5.4,6.0,6.0,6.7,6.7,7.3,6.8,6.7,7.0,7.0,6.9,7.4,7.9,7.8,8.2,8.8,9.0,7.9,8.9,9.6,10.6,10.6
030024,4.2,4.1,4.6,5.2,5.4,5.5,6.4,6.1,7.1,7.2,6.8,7.1,7.2,6.6,7.2,7.6,8.2,8.5,8.6,8.9,8.3,9.9,10.5,11.0,12.0
030025,4.7,5.3,5.3,5.4,6.0,6.2,6.9,7.2,7.1,7.1,7.1,7.0,7.4,7.1,7.5,7.7,8.4,8.3,8.8,8.9,8.4,9.2,9.7,10.6,11.4
030026,7.5,8.0,8.3,8.8,8.9,9.5,10.0,9.9,10.8,10.3,10.8,10.6,10.6,11.0,11.4,11.8,11.8,11.7,12.3,13.5,12.2,13.4,14.2,14.4,14.7
030027,4.7,4.8,4.7,5.2,5.9,5.9,6.3,6.5,7.7,6.3,7.6,7.8,7.1,7.7,7.7,7.4,8.4,8.6,9.3,9.4,9.0,8.9,10.1,11.2,11.7
030028,6.8,7.0,7.4,8.0,8.4,9.1,9.3,9.1,10.3,9.5,9.5,9.7,9.8,10.2,9.7,10.4,11.8,11.6,11.3,12.4,10.8,12.8,14.4,14.6,15.4
030029,4.2,4.3,4.5,4.6,5.0,5.2,5.5,5.4,6.0,5.8,6.3,6.7,6.1,6.2,6.3,6.8,7.2,7.1,7.9,8.3,7.4,8.1,8.8,8.9,9.7
030030,4.7,5.1,5.6,5.8,6.1,6.5,6.9,6.7,7.3,6.9,7.4,8.0,7.4,7.2,8.0,8.0,8.5,8.8,9.7,9.1,8.3,9.9,10.5,11.0,11.6
030031,5.1,6.0,5.8,5.9,6.4,7.0,6.9,7.6,7.8,7.5,7.7,8.1,8.1,7.9,7.9,8.3,8.1,9.1,9.6,10.0,9.5,10.3,11.3,11.8,11.6
030032,8.4,8.5,8.8,9.9,10.0,10.0,10.8,10.9,12.2,10.9,11.9,11.3,11.4,11.1,11.8,11.4,13.0,12.6,13.4,13.8,13.4,14.1,15.5,15.4,17.0
030033,8.0,8.2,8.4,9.4,9.4,9.9,10.2,10.6,11.1,10.4,10.6,11.1,10.8,10.9,11.9,11.5,11.8,11.9,13.2,13.4,12.8,13.6,14.2,14.7,15.5
030034,7.2,7.6,7.8,7.8,8.2,8.8,9.4,9.2,10.5,9.5,10.1,10.7,10.7,10.2,10.6,10.6,11.1,11.5,11.8,12.5,10.7,13.3,13.7,14.8,14.6
030035,6.9,6.5,7.2,7.4,7.9,8.2,9.3,8.5,9.8,8.9,8.8,10.0,9.4,8.7,9.8,10.0,11.0,11.5,12.0,11.9,10.9,12.2,12.6,14.4,14.8
030036,3.7,4.6,4.6,4.6,4.9,5.4,5.8,6.7,6.2,5.7,6.4,6.9,6.5,6.4,6.7,6.6,8.1,8.0,8.5,8.7,7.6,9.2,10.6,10.6,11.8
030037,4.0,4.2,4.7,5.1,5.4,5.3,6.0,6.0,6.4,5.9,7.1,6.7,6.6,6.2,6.6,6.9,7.3,7.4,7.3,8.3,7.6,7.6,8.7,10.0,11.0
030039,7.6,8.1,8.4,8.5,8.3,9.3,9.7,10.0,10.6,10.9,10.6,11.1,10.4,10.7,11.2,11.9,12.1,13.0,13.1,13.9,12.4,13.5,14.2,16.2,16.7
030040,3.1,3.1,3.4,3.3,3.9,4.0,4.0,4.8,4.9,4.5,4.6,5.0,4.9,4.7,5.4,5.4,5.7,6.0,6.6,6.7,6.2,7.1,7.8,8.4,8.9
030041,7.0,8.0,7.8,7.9,8.6,8.8,9.0,9.8,10.3,9.2,10.1,10.8,10.3,10.2,10.6,10.7,11.3,12.5,12.2,13.3,11.0,12.4,13.7,14.9,15.5
030042,5.4,5.7,5.8,6.1,6.6,6.3,7.4,7.3,8.0,7.6,7.7,8.4,8.1,8.4,8.3,8.7,9.0,9.8,9.1,10.6,9.4,11.1,11.7,12.7,13.1
030043,6.3,6.8,7.0,7.4,7.7,8.7,8.8,9.6,9.4,9.4,9.9,10.5,10.7,9.2,10.0,10.5,11.6,11.6,12.8,12.2,12.1,13.3,14.4,15.4,15.5
030044,3.4,3.3,4.1,4.3,4.2,5.0,5.0,5.2,5.2,5.3,5.5,5.5,5.9,5.7,5.6,6.1,6.6,6.7,7.5,7.6,7.4,7.8,7.7,9.6,9.3
030045,9.1,9.6,9.8,9.8,10.2,11.5,11.3,11.9,13.1,11.5,12.9,13.2,12.2,12.4,12.7,13.1,13.2,14.3,14.8,15.9,14.3,15.9,16.8,18.0,18.4
030046,5.0,5.0,5.7,5.7,5.8,6.5,6.3,6.9,7.0,7.0,7.1,7.7,6.8,7.1,7.6,7.8,7.9,8.8,8.6,9.1,8.8,9.4,9.8,11.1,10.9
030047,4.1,4.8,5.2,5.4,5.6,6.1,6.0,6.1,6.8,6.1,6.9,7.3,6.7,6.7,6.6,7.4,7.5,7.9,8.2,8.6,8.2,8.8,9.3,10.3,11.5
030048,4.2,4.7,5.2,5.4,5.6,5.9,6.1,6.8,6.8,6.2,7.5,7.1,7.1,6.9,7.2,7.4,7.8,8.2,8.3,9.1,9.1,9.4,10.1,10.9,11.6
030049,7.6,7.1,8.0,8.2,8.4,8.6,8.7,9.7,10.3,10.1,9.8,10.2,9.5,9.6,9.5,10.6,10.4,10.5,11.6,12.1,11.0,11.6,13.3,13.9,13.7
030051,4.3,4.7,5.5,5.1,5.6,6.6,6.4,7.0,7.1,6.8,7.1,8.0,7.6,7.3,7.5,8.0,8.8,8.9,8.9,9.6,8.7,10.0,10.0,11.7,12.4
030052,5.0,5.3,5.9,6.3,5.8,6.5,6.9,6.7,7.2,6.8,7.6,7.8,7.4,7.4,7.4,8.1,8.1,8.6,8.9,9.7,8.6,9.6,10.6,10.8,10.9
030053,5.9,5.7,5.9,6.2,6.8,6.9,7.0,7.4,7.8,7.1,7.7,8.0,7.5,7.7,8.0,8.4,8.2,9.5,8.9,9.9,8.8,9.7,10.6,11.3,10.9
030054,3.3,3.6,3.6,4.0,3.8,4.4,4.9,5.4,5.4,5.4,5.7,6.2,5.8,5.4,5.8,6.4,6.0,6.5,7.2,7.9,7.0,7.7,8.5,10.1,10.0
030055,4.6,5.0,5.1,5.8,5.6,6.0,6.4,6.7,7.8,6.8,7.3,7.6,7.5,6.7,7.4,8.2,8.1,8.6,9.3,9.5,8.7,9.5,10.5,11.2,11.5
030056,6.5,7.0,7.9,7.6,7.9,7.9,8.8,9.2,10.0,9.8,10.0,9.7,9.6,9.8,9.9,10.0,10.5,11.0,11.7,11.8,10.8,12.2,12.9,14.1,14.4
030057,3.9,4.4,4.4,5.2,5.2,5.6,6.3,6.3,6.3,6.4,6.7,6.9,6.8,6.5,6.1,6.9,7.7,7.3,8.0,8.3,7.4,8.6,8.8,10.1,10.4
030058,4.7,4.6,5.3,5.3,5.2,5.7,7.1,7.1,7.1,6.8,6.7,7.2,7.1,6.9,7.6,8.0,8.3,8.4,8.9,9.0,8.7,8.9,10.4,11.1,11.0
030059,3.1,2.6,3.1,3.2,3.6,3.9,3.7,3.8,4.5,4.7,4.7,4.9,4.8,4.6,4.5,5.2,5.1,5.4,6.0,6.3,5.4,6.7,6.5,7.7,7.8
030060,5.5,5.9,5.8,6.1,6.5,7.4,6.5,7.1,7.8,7.4,7.3,7.8,7.1,7.3,7.6,8.0,8.6,8.5,9.0,9.4,8.7,9.3,10.5,10.3,10.8
030061,5.1,5.4,5.4,5.8,6.0,6.1,6.9,7.3,7.0,6.6,7.1,7.8,7.6,7.4,7.7,7.6,8.2,8.5,8.7,9.7,9.3,9.4,9.9,11.2,10.6
030062,3.7,4.1,4.3,4.4,5.1,5.1,5.2,5.4,5.9,5.8,6.3,6.1,6.1,5.8,6.3,6.4,6.7,7.1,7.6,7.8,7.3,8.2,8.8,9.7,9.5
030063,5.4,5.9,6.8,7.0,6.9,7.2,7.8,8.2,8.7,7.8,8.5,9.3,8.6,8.5,8.5,9.3,9.4,9.6,10.6,11.8,10.2,11.1,12.5,13.2,13.6
030064,6.2,6.8,7.2,7.7,7.7,8.0,8.5,9.3,9.5,8.9,9.0,9.5,9.5,9.6,9.4,9.8,10.6,11.5,11.8,11.8,10.9,12.6,13.1,13.5,14.2
030065,4.8,5.0,5.6,6.0,6.4,7.2,7.1,6.7,7.6,6.8,7.6,7.8,8.0,8.2,7.7,8.3,8.4,9.5,9.6,10.2,9.4,10.2,11.4,12.1,12.7
030066,5.8,5.9,6.8,6.8,7.1,6.8,7.6,7.7,8.8,8.2,8.3,8.9,8.1,8.0,8.3,9.1,8.5,9.8,10.2,10.0,10.6,10.7,12.0,12.8,13.3
030067,5.6,6.0,6.1,7.0,7.2,7.2,7.2,7.6,8.3,8.3,8.0,8.5,8.8,7.8,8.9,9.6,9.1,10.0,10.2,10.5,9.9,10.7,11.1,12.3,12.9
030068,5.9,6.9,7.4,7.6,7.9,8.7,8.8,9.0,9.9,8.9,10.3,9.5,9.8,9.4,10.4,10.5,10.9,11.1,11.7,12.4,11.7,12.3,13.4,14.8,15.3
030069,6.4,7.1,7.0,7.7,7.7,7.9,8.3,8.2,8.8,8.4,8.9,8.7,8.5,8.9,9.4,8.9,9.7,10.1,11.0,10.9,10.1,11.2,12.4,12.3,12.7
030070,5.4,5.2,6.1,6.5,7.1,6.9,7.1,7.5,8.0,7.6,8.1,8.6,8.6,8.0,9.1,8.7,9.4,8.9,10.3,9.9,9.3,10.1,12.2,12.4,13.2
030071,4.8,5.0,5.2,5.6,6.4,6.2,7.1,7.4,7.7,8.0,7.5,8.5,7.7,8.2,8.0,9.2,8.3,9.2,10.3,10.6,9.7,10.6,11.4,11.9,13.4
030072,5.9,6.1,6.1,6.3,7.4,7.9,7.7,8.7,8.4,8.0,8.2,8.4,7.9,7.9,8.7,9.0,8.7,9.7,10.0,10.4,9.5,10.6,11.5,13.6,13.2
030073,8.1,8.8,9.0,9.5,9.7,10.8,11.1,10.8,11.1,11.3,11.3,11.6,11.5,11.5,11.8,11.6,13.1,13.0,13.9,14.0,13.3,14.9,15.4,16.9,17.0
030074,7.4,7.4,7.8,8.6,8.8,9.1,10.0,10.3,10.7,10.0,10.5,11.1,10.9,10.8,11.1,11.0,12.0,12.4,12.6,13.2,12.5,13.5,15.6,15.7,15.4
030075,4.5,4.6,4.8,5.4,5.3,5.7,6.2,6.5,7.1,6.9,7.3,8.4,7.5,7.5,7.1,8.1,8.8,8.5,9.1,9.1,8.8,9.2,10.5,11.8,12.3
030076,4.5,4.5,4.6,5.0,5.1,5.6,5.8,6.5,6.9,6.5,6.8,6.6,6.9,6.4,7.0,6.9,7.7,7.6,8.4,8.8,7.9,8.9,9.3,10.2,11.4
030077,4.2,4.3,4.3,4.5,4.3,5.5,5.5,5.7,6.1,5.3,6.2,5.9,6.2,5.3,6.7,6.3,6.7,7.0,7.4,7.4,6.9,8.0,9.1,9.0,9.7
030078,2.8,2.9,3.3,3.1,3.6,3.6,3.5,3.9,4.7,4.4,4.2,4.9,4.2,4.7,4.5,4.9,4.8,5.2,5.7,5.4,4.9,6.3,7.0,7.0,7.6
030079,7.6,8.0,8.5,8.5,9.3,9.5,9.7,10.7,10.5,10.3,10.7,11.3,11.2,10.6,10.7,12.0,12.0,12.5,12.7,13.2,12.6,14.5,14.4,15.9,16.2
030080,5.5,5.6,6.3,6.4,6.8,7.6,7.5,8.3,8.5,8.1,8.3,9.2,8.3,8.7,9.2,9.1,9.8,10.1,10.5,10.7,10.5,11.8,12.3,13.0,13.9
030081,5.4,5.5,6.3,6.2,6.5,6.9,7.8,7.7,7.9,8.0,8.2,8.3,8.4,7.8,8.4,8.4,9.1,9.4,9.1,9.8,9.5,10.5,10.9,11.8,11.7
030082,6.3,7.2,7.6,7.7,7.9,8.8,8.7,9.1,9.8,9.6,9.9,10.2,9.8,9.7,10.3,10.0,11.0,11.1,11.6,12.1,11.2,12.4,13.3,14.5,14.6
030083,5.5,6.0,6.3,6.4,6.3,7.3,7.8,7.8,8.0,8.4,8.1,8.9,8.7,8.5,8.3,8.9,9.0,8.9,9.1,10.5,9.4,10.4,11.2,11.8,12.4
030084,4.0,4.6,4.9,5.0,6.2,6.1,6.4,6.9,6.8,6.6,7.0,7.7,7.4,7.5,7.1,7.8,8.1,8.6,9.0,9.2,8.8,9.8,11.5,11.5,11.9
030085,7.5,7.8,7.3,7.6,9.0,9.4,9.3,10.5,10.3,9.8,10.8,11.1,10.5,10.1,10.6,11.7,11.7,12.2,13.0,12.8,12.2,13.9,14.4,16.3,15.3
030086,6.7,6.6,7.3,7.5,7.4,8.3,8.0,8.6,9.6,9.1,8.7,9.5,9.3,9.2,9.2,9.4,9.8,10.1,10.4,11.0,9.8,11.6,12.1,12.9,13.3
030087,4.0,4.3,4.3,4.8,4.8,5.3,5.9,5.7,6.3,6.0,6.4,6.0,6.2,6.0,7.0,6.3,7.4,7.7,7.8,8.6,7.9,8.8,9.6,10.0,10.3
030088,5.4,5.6,6.1,6.6,6.4,6.9,7.3,7.3,9.1,7.2,7.5,8.5,8.7,7.9,8.6,8.4,8.7,9.3,9.8,10.4,9.6,10.3,11.9,12.4,13.2
030089,5.3,5.5,5.9,6.5,6.4,7.2,7.3,7.6,8.2,7.5,8.2,9.1,8.5,8.7,8.5,8.9,9.3,10.1,9.6,10.5,10.1,10.5,11.9,12.6,13.5
030090,4.0,4.0,4.7,4.8,5.4,5.5,5.8,5.7,6.6,6.4,6.7,6.5,7.0,6.6,6.6,7.2,7.9,7.7,8.3,8.3,7.4,8.2,9.8,10.3,11.3
030091,6.3,6.0,6.7,6.9,7.9,8.1,8.5,8.4,8.7,8.6,8.7,8.9,9.0,8.7,8.8,9.7,10.0,10.4,11.1,11.1,10.9,11.4,11.8,12.9,13.8
030092,5.0,5.0,5.7,5.6,6.3,6.7,6.6,7.1,7.7,7.1,7.5,7.6,8.0,8.0,7.8,8.0,8.3,8.6,9.6,9.8,9.0,9.9,11.0,11.2,12.1
030093,6.6,7.3,7.8,7.7,7.9,8.4,8.9,9.5,9.1,8.7,9.6,10.0,10.1,9.4,10.3,10.4,11.0,11.1,11.9,11.5,11.7,12.1,13.5,14.2,14.6
030094,7.5,8.1,7.3,8.0,8.5,9.5,9.5,9.7,10.9,9.6,10.7,10.9,11.1,9.9,11.4,10.8,11.7,12.5,12.7,13.5,12.3,13.3,14.0,15.7,16.8
030095,3.9,3.7,4.3,4.2,4.7,4.9,5.4,5.6,5.5,5.6,6.6,6.4,6.3,6.2,6.4,6.6,7.0,7.8,7.9,8.6,7.7,8.7,9.0,9.7,10.3
030097,5.7,6.5,6.6,6.7,7.1,7.8,8.0,8.0,8.9,8.1,8.0,9.0,9.0,8.5,8.6,9.2,9.5,10.0,10.0,10.5,9.8,10.4,11.5,11.9,13.1
030098,6.1,6.3,7.3,7.7,8.0,8.4,8.5,8.6,9.4,8.8,9.4,9.1,9.1,9.6,9.6,10.6,10.7,11.5,10.9,11.5,10.9,11.0,12.7,12.6,13.5
030099,6.0,6.0,7.2,7.1,7.6,7.4,8.5,7.9,9.6,8.5,8.8,9.1,9.8,9.1,9.5,10.3,10.5,11.1,11.2,12.1,10.9,12.3,12.4,13.9,14.0
030100,4.1,4.3,4.7,4.9,4.9,5.8,5.9,6.4,6.2,6.1,6.5,7.0,6.3,6.5,7.1,6.9,7.3,8.0,7.9,8.0,7.7,8.6,8.9,9.6,9.9
030101,5.5,5.6,5.6,5.8,6.5,6.6,6.7,7.1,7.5,7.0,7.5,8.2,7.4,7.2,7.4,7.9,8.6,8.8,9.0,9.4,8.6,9.4,10.4,10.6,11.5
030102,5.8,5.4,6.5,6.8,7.4,7.5,7.4,8.2,8.2,7.5,8.5,9.0,8.8,8.7,8.8,9.7,9.6,10.3,10.8,11.2,10.5,11.4,12.2,12.8,13.2
030103,3.7,3.7,4.6,4.5,4.6,4.7,5.0,5.2,5.9,5.5,6.0,6.1,5.5,5.8,5.6,6.1,7.0,7.1,7.6,7.6,6.8,7.4,8.4,9.2,9.0
030104,5.6,5.1,5.4,5.7,6.8,6.7,7.3,8.2,7.7,7.7,8.6,9.1,8.1,8.2,8.6,9.5,9.7,10.8,10.3,11.6,10.4,11.5,12.4,13.8,13.7
030105,7.4,8.1,8.8,8.7,8.6,9.3,10.2,10.4,10.4,10.1,10.5,11.2,11.0,11.0,10.7,11.6,11.9,12.4,12.5,13.3,11.9,13.5,14.1,15.0,15.8
030106,5.4,6.2,6.2,6.1,7.9,7.8,6.9,8.0,8.8,8.1,8.7,9.2,8.1,8.5,7.9,9.0,10.2,10.5,9.7,10.9,9.7,10.8,12.1,12.6,12.9
030107,4.1,4.7,5.1,5.0,5.6,5.6,5.8,6.7,7.3,6.8,6.8,7.7,6.7,7.1,7.9,8.0,8.1,8.3,8.9,9.0,8.4,9.0,10.3,10.9,11.7
030108,4.7,5.4,5.9,5.9,6.0,7.1,6.5,7.2,7.6,7.5,7.4,7.9,7.6,7.5,8.6,8.9,8.7,8.9,9.8,10.0,9.2,10.6,11.1,11.7,12.6
030109,4.5,4.8,5.1,5.5,5.6,6.1,6.3,6.4,7.0,7.1,7.0,7.7,7.1,7.5,7.3,8.1,8.0,8.3,8.3,9.2,8.7,9.3,10.4,10.8,11.0
030110,6.3,6.6,6.8,6.8,7.6,8.4,8.3,8.2,8.5,8.5,9.2,9.6,9.2,8.9,9.8,10.1,10.0,10.3,11.4,11.1,10.7,11.6,12.2,13.2,13.5
030111,6.6,7.0,7.3,7.4,8.0,8.3,8.7,8.6,8.9,8.5,9.1,9.5,9.4,8.7,9.6,9.9,10.5,10.1,11.2,11.3,10.4,11.5,12.7,13.1,13.9
030112,3.8,3.7,4.3,4.6,5.1,5.1,5.9,6.4,6.5,6.0,6.5,6.9,6.5,6.5,7.2,7.0,7.6,8.1,8.0,9.2,8.8,9.2,10.6,10.8,10.7
030113,5.5,5.9,7.0,6.4,6.7,7.7,8.1,8.7,8.2,8.5,8.6,9.0,8.9,8.4,9.2,9.2,9.5,10.7,9.9,10.6,9.8,10.4,11.9,13.2,13.5
030114,3.9,4.4,4.0,4.9,5.1,5.2,5.9,5.9,6.3,6.4,6.5,6.0,6.1,5.9,6.3,6.2,7.0,7.0,7.5,7.4,6.7,7.4,8.4,9.4,9.7
030116,5.7,5.8,6.0,6.3,6.6,7.0,7.6,7.5,7.9,8.0,8.3,8.8,8.5,8.3,8.1,9.3,9.2,9.9,9.5,10.5,9.8,11.4,11.8,12.3,13.8
030117,4.1,4.3,4.4,4.7,4.5,4.7,5.3,5.8,5.5,5.7,6.0,6.3,5.8,5.8,6.0,6.1,7.0,7.1,7.6,7.8,7.5,8.1,8.3,9.9,9.8
030118,6.9,7.1,7.6,8.4,8.1,8.9,9.7,9.7,9.9,9.9,10.6,11.0,9.9,9.9,10.8,10.8,11.2,11.8,12.2,12.8,12.0,13.0,14.6,14.6,16.0
030120,3.5,3.7,3.8,4.3,4.2,4.3,5.0,5.5,5.3,5.5,5.7,5.9,5.4,5.8,5.6,6.5,6.4,6.9,7.9,7.3,6.7,8.0,9.0,9.4,9.9
030121,7.8,7.7,8.8,8.4,9.3,9.1,9.8,10.6,11.1,10.6,10.5,11.2,10.6,11.1,10.6,12.0,11.6,12.9,13.3,13.6,12.0,12.9,14.6,15.0,16.1
030122,5.2,5.2,5.6,5.9,6.3,6.6,6.9,7.4,7.8,7.4,7.9,8.0,8.1,7.7,7.7,8.6,8.7,9.6,9.6,9.2,9.2,10.5,11.3,11.7,11.5
030123,4.0,4.3,4.2,5.0,5.1,5.5,5.6,5.7,6.3,5.9,6.6,6.9,6.9,6.3,6.6,6.7,7.5,7.3,8.0,8.5,7.7,8.9,9.6,9.8,10.7
030124,8.0,8.6,9.3,9.0,9.2,10.0,10.7,10.6,12.0,10.8,11.6,11.5,10.7,11.8,12.0,11.5,12.8,12.8,13.7,13.7,13.0,14.2,14.8,15.8,15.6
030126,4.5,4.4,4.9,5.1,5.6,5.3,6.1,6.2,6.9,5.9,6.8,7.4,7.0,6.8,7.0,7.7,8.2,8.4,8.9,8.6,8.7,8.9,9.7,10.6,10.6
030127,7.5,7.8,7.7,7.7,8.8,9.3,9.9,9.8,10.0,9.9,9.9,11.5,9.9,10.8,10.8,11.1,11.8,11.5,12.4,11.8,11.6,13.1,13.6,14.6,16.5
030128,4.7,4.9,5.1,5.4,5.8,5.6,6.5,6.5,7.0,6.6,6.7,7.3,6.9,7.1,7.9,7.7,8.2,9.1,8.3,9.2,8.5,9.2,9.9,11.3,11.6
030129,4.6,5.9,5.6,6.0,6.1,6.4,6.9,7.3,7.0,7.3,7.7,8.1,7.3,7.2,7.4,7.8,8.5,8.4,8.8,9.3,9.1,10.1,10.6,10.6,11.2
030130,2.8,2.6,3.0,3.2,3.2,3.6,3.9,4.5,4.8,4.2,4.5,4.7,4.5,5.0,4.5,5.2,5.2,5.5,5.8,6.6,6.2,6.8,7.3,7.7,8.3
030131,6.8,7.7,7.8,8.3,8.4,9.1,9.9,9.3,10.1,9.4,10.6,10.0,10.0,9.8,10.5,10.8,11.7,11.3,12.2,11.8,12.1,12.9,13.4,14.2,15.7
030132,7.6,7.5,8.0,8.0,8.6,8.9,9.4,9.9,10.2,9.6,11.1,10.6,10.8,11.0,10.7,10.7,11.5,12.1,12.6,12.8,12.6,13.2,14.2,15.7,15.4
030133,5.3,5.4,6.2,5.8,6.4,7.4,6.9,8.5,8.4,7.4,8.5,8.3,8.0,7.8,8.7,8.6,9.6,9.7,10.7,11.0,10.1,11.0,11.5,12.8,13.2
030135,6.3,6.8,6.6,6.8,7.0,7.4,8.1,8.9,9.1,8.6,8.9,9.9,9.4,8.9,9.0,9.7,10.2,10.7,11.2,11.3,10.5,11.3,12.1,13.8,13.6
030136,4.6,4.7,4.9,5.5,5.2,5.8,6.0,6.9,7.0,6.1,6.7,7.0,6.9,7.0,6.5,7.3,7.7,8.3,8.9,8.4,8.5,8.8,9.0,9.8,10.0
030137,6.6,7.0,7.5,8.0,8.0,8.7,9.3,9.3,10.6,9.4,9.4,10.2,9.8,9.6,10.5,10.8,10.8,11.1,11.2,12.3,11.5,11.8,13.3,14.4,14.5
030138,5.2,5.5,5.7,6.9,6.9,7.6,7.9,8.0,8.5,7.9,8.1,9.2,8.7,8.6,8.8,9.6,9.8,9.7,10.1,10.9,10.2,11.5,12.3,13.5,13.5
030188,2.9,3.5,3.7,3.8,4.6,4.7,5.0,5.0,5.3,5.3,5.8,6.0,6.0,5.8,6.0,6.5,6.6,7.1,7.5,7.8,7.5,8.1,9.0,9.4,9.6
030189,4.3,4.9,5.1,5.4,6.0,6.3,6.6,6.7,6.9,7.1,7.3,7.5,7.3,6.6,7.4,7.3,7.9,8.2,9.3,9.4,8.7,9.3,9.6,10.9,11.0
030190,4.1,4.0,4.2,4.8,5.3,5.5,5.7,6.2,6.2,6.3,6.5,6.5,7.4,6.0,6.9,7.0,7.1,7.1,7.7,8.5,7.8,8.7,9.3,11.1,11.0
030191,4.2,4.8,4.3,5.5,6.0,6.5,6.5,6.4,6.7,6.9,7.2,7.9,7.3,7.5,7.3,8.0,8.2,8.8,9.3,9.5,9.0,10.2,11.0,11.7,12.4
031001,8.8,8.9,9.1,9.0,9.9,10.6,10.3,11.2,11.5,10.8,11.3,11.8,11.6,11.4,11.9,12.1,12.1,13.0,12.7,14.2,12.9,13.9,15.1,16.3,15.8
031002,3.8,3.5,4.1,4.2,4.9,5.0,5.3,5.4,5.9,5.3,6.0,6.8,6.5,5.9,6.4,7.5,7.0,7.4,8.6,7.9,7.5,8.7,8.9,10.7,11.1
031003,5.8,6.1,6.1,6.8,6.9,7.5,8.3,8.2,8.8,8.0,8.8,9.1,9.1,8.4,8.7,9.2,9.2,10.4,10.5,11.2,10.3,11.4,12.6,13.5,14.9
031004,4.8,4.5,5.2,5.5,6.1,5.8,6.0,6.7,6.7,6.7,7.2,7.5,7.0,7.1,7.3,7.3,7.5,7.9,8.2,8.7,8.6,8.7,9.5,10.0,10.7
031005,3.9,3.9,4.0,4.6,4.5,5.7,5.6,5.8,6.5,5.8,6.1,6.8,6.0,6.1,6.8,7.5,7.6,8.0,8.0,8.5,8.5,9.1,9.7,11.7,11.4
031006,7.5,7.4,8.1,8.1,8.8,9.0,9.4,9.7,9.9,9.4,10.0,10.9,9.9,9.9,10.8,10.3,11.4,11.7,12.1,12.4,11.6,12.3,13.4,14.2,14.9
031007,5.8,5.8,6.4,7.1,7.1,7.3,8.1,8.3,8.7,8.5,8.9,9.0,8.7,8.8,8.9,9.4,9.8,9.9,10.2,11.1,10.7,11.7,12.0,12.9,13.6
031008,5.7,6.0,6.5,7.2,7.2,7.3,8.0,8.6,8.7,8.6,9.7,8.6,8.8,9.0,9.7,9.8,10.0,10.9,11.0,10.6,10.3,11.4,13.1,14.0,13.7
031009,2.1,2.2,2.4,2.7,2.7,3.0,3.1,3.2,3.4,3.2,3.3,3.7,3.6,3.3,3.4,3.7,4.3,4.4,4.6,4.6,4.2,4.6,5.1,5.8,6.4
031010,5.4,6.0,6.0,6.3,6.9,7.2,6.9,8.0,8.2,7.3,8.3,7.6,8.0,8.0,8.4,8.1,9.5,8.8,9.4,10.0,8.9,10.1,11.4,11.0,12.4
031011,6.9,6.8,6.7,7.9,7.9,9.0,9.1,10.1,8.9,8.5,9.9,10.6,9.4,9.4,10.7,10.8,11.3,11.5,11.7,12.8,11.9,12.5,13.2,14.5,15.9
031012,4.3,4.7,5.2,5.6,5.4,5.9,6.3,6.4,7.1,6.9,7.0,7.6,7.1,6.0,6.9,7.4,7.8,7.5,8.5,9.0,7.7,8.9,9.6,10.2,10.3
031013,6.6,6.6,6.8,7.1,7.5,7.9,8.3,8.5,8.8,8.1,9.2,9.5,9.0,8.9,9.8,9.4,10.1,10.7,10.9,11.8,10.3,11.3,13.2,13.8,13.3
031014,4.6,5.0,5.5,5.4,6.0,6.3,6.6,6.9,7.5,6.9,7.2,7.5,8.1,7.6,7.9,8.1,9.0,8.7,9.6,9.7,8.8,9.8,11.0,12.4,11.7
031015,3.9,4.2,4.2,4.6,4.7,5.3,5.1,5.5,6.2,6.0,5.9,6.4,5.8,5.6,6.3,6.5,7.0,6.8,7.4,7.1,7.9,7.3,8.4,8.8,9.3
031016,5.0,5.3,5.0,6.0,5.9,6.8,6.9,7.1,7.9,7.9,7.6,7.9,8.3,8.4,8.3,8.9,8.0,9.5,10.1,10.0,9.5,10.7,11.1,11.7,12.3
031017,6.4,6.6,7.3,7.7,7.7,8.5,8.5,9.0,9.7,8.7,9.4,10.1,8.9,9.9,9.2,10.1,10.2,11.2,10.9,10.8,11.0,11.7,12.9,12.6,13.9
031018,4.3,4.6,5.0,5.1,5.0,6.0,6.0,6.4,6.1,6.2,6.2,6.5,6.8,6.4,7.0,7.2,7.5,7.2,7.6,8.6,8.2,8.5,9.6,10.0,10.1
031019,7.9,8.1,8.4,8.8,9.0,9.8,9.9,10.2,11.1,11.5,10.9,11.9,10.9,10.9,11.1,12.3,12.3,12.8,13.7,14.0,12.5,14.1,15.1,16.0,16.4
031020,5.8,5.8,5.9,7.0,6.7,6.9,7.5,7.4,8.0,8.1,8.1,8.2,7.9,7.7,7.7,8.7,8.4,9.2,9.3,9.7,9.0,9.7,10.7,11.5,11.8
031021,5.3,5.6,5.9,6.1,6.5,7.0,7.0,7.8,8.0,7.6,7.6,8.5,8.0,7.7,8.2,8.7,8.8,9.4,9.2,10.2,9.1,10.0,11.0,12.1,12.1
031022,6.6,7.1,6.9,7.5,8.8,8.7,9.6,9.7,9.8,9.6,10.6,10.6,10.1,10.0,10.1,10.1,11.3,11.1,11.8,12.6,10.9,13.2,14.5,15.0,16.4
031023,3.7,4.1,4.2,4.4,5.0,5.0,5.8,5.9,6.5,6.0,6.6,6.2,6.9,6.7,6.4,6.9,6.9,7.2,8.4,7.8,7.9,9.0,9.2,10.8,10.1
031024,4.8,4.8,5.3,5.7,5.8,6.3,6.1,6.9,7.3,6.5,7.1,7.2,7.2,7.2,7.5,7.7,8.3,8.2,8.5,9.5,8.5,9.2,10.4,11.0,11.1
031025,6.3,7.4,6.9,7.2,7.2,8.2,8.5,8.8,9.4,8.7,8.9,9.3,9.5,9.6,9.6,9.6,10.4,11.0,10.8,10.8,10.6,11.6,12.8,13.7,14.4
032001,2.7,2.8,3.1,3.3,3.6,3.6,3.6,4.0,4.1,3.9,4.2,4.5,4.1,3.8,4.1,4.6,5.6,5.4,5.6,5.8,5.3,5.9,6.4,6.9,7.0
032002,5.1,4.9,6.1,6.2,6.9,7.3,7.3,7.8,7.7,7.5,8.1,8.8,8.0,8.3,8.2,8.4,9.8,9.3,9.9,10.8,10.1,10.6,12.3,13.7,12.9
032003,6.7,7.3,7.6,8.4,8.2,8.8,8.6,9.4,9.4,8.7,9.6,9.9,9.3,9.4,10.0,10.2,10.7,11.0,11.9,12.2,11.9,12.2,13.0,13.9,15.2
032004,3.8,3.6,4.4,4.5,4.7,4.9,5.3,5.3,6.0,5.5,6.0,6.0,5.7,5.7,5.8,6.4,6.6,7.1,7.6,7.6,7.2,7.9,8.4,9.2,9.5
032005,4.3,4.8,4.6,5.2,5.4,6.0,6.6,6.5,7.0,6.7,7.3,7.7,7.2,7.3,7.7,8.0,8.5,8.7,9.8,10.5,8.7,9.9,10.2,11.4,11.5
032006,4.7,4.6,5.4,5.9,5.4,6.1,6.5,6.5,7.7,6.5,6.7,7.9,7.3,7.5,7.0,7.2,7.9,8.6,8.3,9.5,8.4,8.9,9.7,10.7,11.3
033001,4.4,4.3,5.1,5.0,6.3,5.1,5.8,6.5,7.1,6.1,6.9,7.0,7.0,6.6,6.9,7.6,7.8,8.1,8.9,9.4,8.5,9.3,9.5,11.0,11.5
033002,4.7,5.3,5.5,6.2,6.0,6.3,6.4,7.1,6.9,7.1,7.1,7.8,7.1,7.6,7.6,7.5,8.4,8.6,8.5,9.7,8.2,9.2,10.5,11.3,12.4
033003,5.2,5.4,5.5,5.7,5.8,6.3,6.5,6.6,7.4,6.5,7.3,7.6,7.6,7.0,7.9,8.2,8.2,8.2,8.8,9.8,8.8,9.6,10.3,11.5,12.4
033004,4.5,4.9,5.4,5.4,5.7,6.1,6.1,7.0,7.4,6.7,7.3,7.3,7.4,7.4,7.4,7.8,8.3,8.4,9.0,9.3,8.7,9.2,10.8,11.0,11.8
033005,6.6,6.9,7.2,7.4,7.6,8.4,9.0,9.3,9.0,8.8,9.7,9.9,10.0,9.6,9.5,9.8,10.2,10.9,11.7,11.3,11.3,11.6,13.1,13.5,13.9
033006,3.4,4.0,4.0,4.3,4.8,4.7,4.5,5.1,5.5,5.1,6.0,5.9,6.1,5.7,5.9,6.5,6.4,7.0,6.9,7.3,7.4,8.2,8.5,9.1,9.8
033007,6.1,5.6,5.9,6.6,6.8,6.8,7.0,7.5,8.1,7.8,7.9,8.3,7.9,8.0,7.9,8.5,9.0,9.7,9.3,9.9,9.0,9.7,11.1,12.3,12.0
033008,3.5,3.9,4.1,4.4,4.7,5.0,4.6,5.9,5.9,6.2,6.0,6.4,6.0,5.8,6.6,7.1,7.2,7.2,8.3,8.3,7.1,8.6,8.9,9.8,10.4
033010,4.2,4.7,5.3,5.0,5.1,6.2,5.6,6.5,6.6,6.3,6.6,7.0,6.9,6.9,7.0,7.8,7.7,8.9,8.8,8.9,8.5,9.9,10.4,11.3,11.6
033011,5.7,5.7,6.7,6.2,7.0,7.2,7.3,8.3,8.5,7.8,8.0,8.4,8.6,7.7,8.5,8.7,9.4,9.9,10.2,10.8,9.8,10.7,11.9,12.7,12.5
033012,5.2,5.5,6.5,6.7,6.6,7.2,7.5,8.0,8.1,7.4,8.5,8.0,8.3,8.4,8.3,9.0,9.2,10.0,9.8,10.8,9.5,10.2,10.8,12.2,13.7
033013,6.1,7.0,6.8,7.7,7.6,7.8,8.6,9.2,9.5,8.7,9.1,9.2,9.4,9.1,9.4,9.9,10.2,10.0,11.4,10.7,10.8,11.3,12.1,13.2,13.3
033014,6.2,6.9,6.8,7.6,7.5,8.1,8.3,8.5,8.3,8.4,9.2,9.7,8.9,8.9,9.1,10.0,10.7,10.5,10.8,11.6,10.7,12.0,12.8,14.5,13.7
033015,5.2,5.1,5.3,6.1,6.3,6.7,7.7,8.0,7.6,7.9,7.9,8.3,8.7,8.1,8.0,8.3,8.9,9.4,10.4,11.0,9.4,10.3,11.9,13.0,13.0
033016,4.1,4.1,4.1,4.8,5.0,5.0,5.4,6.4,5.7,5.7,6.3,7.3,6.4,6.0,6.6,6.8,7.2,7.5,7.6,8.6,8.1,9.1,9.8,10.9,11.4
033017,5.0,5.7,5.5,6.2,6.1,7.0,7.3,7.1,7.7,7.1,7.7,8.3,7.9,7.8,8.2,8.7,9.6,9.3,9.7,10.0,9.2,10.9,11.0,12.2,12.7
033018,6.9,7.8,8.1,8.2,8.5,9.0,9.7,10.5,10.6,9.8,10.0,10.5,10.6,10.2,10.6,11.5,11.6,13.0,12.5,13.2,11.5,13.6,14.3,15.6,15.4
033019,5.5,6.1,6.6,6.6,6.7,7.2,7.8,8.1,8.8,8.3,8.4,9.1,8.6,7.9,8.9,8.9,9.8,10.1,10.4,11.3,10.2,11.2,12.0,13.4,13.3
033020,5.0,5.6,5.2,5.9,5.9,6.9,6.9,7.0,7.7,7.4,8.0,8.2,7.9,7.9,7.6,8.0,8.8,9.0,9.8,10.0,9.5,10.5,11.9,11.9,13.4
033021,8.1,8.3,8.5,8.9,9.5,9.5,10.2,11.4,11.5,11.2,11.3,12.2,11.5,11.6,12.2,11.9,12.5,13.4,14.1,14.2,13.2,13.7,16.4,16.4,17.1
033022,5.2,5.5,5.5,6.4,6.5,6.9,7.4,7.6,7.4,7.4,7.8,7.6,8.0,7.5,8.2,8.1,8.9,9.2,9.8,9.5,8.3,10.4,10.7,11.3,11.2
033023,10.6,11.6,12.2,12.1,12.5,13.4,13.2,13.6,15.1,13.9,14.4,15.0,14.0,14.3,14.6,14.6,15.7,15.8,15.9,16.3,15.5,17.1,17.9,18.9,19.4
033024,4.4,4.6,5.6,5.5,6.2,6.6,7.0,6.9,8.2,7.4,7.8,7.5,7.6,7.5,7.7,8.7,8.8,9.2,9.8,9.6,8.9,10.8,11.2,12.3,11.9
033025,6.0,6.9,7.0,7.3,7.5,7.9,8.5,8.3,9.3,9.1,9.4,9.4,9.7,9.2,9.5,10.0,10.4,10.8,11.1,10.9,10.9,11.6,12.9,13.0,14.6
033026,4.4,4.6,4.5,5.0,5.3,6.2,5.7,6.5,7.2,6.3,7.4,7.9,7.3,7.2,7.8,7.5,8.0,8.6,8.9,9.7,8.6,9.9,10.2,10.6,11.3
033027,5.6,5.7,6.0,6.4,7.0,7.0,7.4,8.0,8.1,7.7,8.3,8.6,7.9,7.4,8.2,8.9,9.3,10.1,10.0,10.2,9.3,10.2,11.3,12.3,12.5
033028,6.1,6.7,7.1,7.0,7.7,8.0,8.5,8.7,9.1,8.4,9.3,9.1,8.7,8.5,9.5,9.7,10.0,10.4,10.6,11.2,10.1,11.5,12.3,13.0,12.5
033030,5.9,6.3,6.4,7.1,7.2,7.4,7.8,8.1,8.3,8.5,8.4,8.9,8.5,8.8,9.0,9.7,9.7,9.9,9.8,9.8,9.7,10.9,12.4,13.1,13.3
033032,7.8,8.8,8.9,9.1,9.6,10.2,10.6,11.0,11.2,10.5,11.8,11.7,11.4,11.3,11.3,12.0,11.9,13.3,13.4,14.1,12.9,14.2,15.8,16.3,16.0
033033,6.7,6.8,6.9,7.8,8.1,8.4,9.5,9.9,9.9,9.3,9.9,10.3,10.5,10.4,10.9,10.4,11.4,11.7,12.3,13.0,12.2,13.8,14.5,15.1,15.5
033034,6.3,6.8,7.2,7.0,7.7,7.9,8.7,8.8,9.3,8.9,9.6,9.5,9.0,9.5,9.0,9.9,10.1,11.2,10.6,11.4,10.9,11.7,13.2,13.2,14.6
033035,5.6,6.1,6.1,6.3,7.1,7.5,7.6,8.2,8.6,8.5,8.9,9.2,9.2,8.9,9.7,10.2,10.7,10.4,10.9,11.6,11.1,11.0,12.4,13.5,13.8
033036,6.0,6.3,7.0,7.5,7.6,7.1,8.0,8.6,9.1,8.9,9.2,9.9,8.8,9.2,9.4,9.6,9.9,10.9,11.6,11.6,10.1,11.2,13.4,14.0,14.3
033037,7.1,6.6,6.9,7.7,7.4,7.6,8.8,9.4,9.4,8.7,9.1,9.8,9.0,8.9,9.2,9.7,10.0,9.9,10.7,11.5,10.8,11.8,12.2,13.1,13.7
033038,7.1,7.3,7.8,7.6,8.1,8.6,9.0,9.6,10.1,10.1,9.4,10.5,9.9,9.4,9.9,10.1,10.5,11.4,11.9,12.1,11.4,13.0,13.1,13.9,14.6
033039,7.9,8.6,8.1,9.4,9.6,10.2,10.7,11.4,11.0,10.6,11.1,10.6,11.1,10.5,11.8,11.8,12.3,12.7,13.3,13.8,12.7,13.8,14.7,15.6,16.2
033040,6.0,6.3,6.7,6.9,7.0,7.8,7.8,8.1,8.8,7.5,8.0,8.4,8.3,7.6,9.0,9.2,9.5,9.5,9.7,10.9,9.9,10.4,11.9,12.5,12.5
033041,6.9,7.8,8.2,8.3,8.4,9.2,9.5,10.3,10.7,9.7,10.8,11.0,10.8,10.6,11.8,11.5,11.5,12.2,13.0,13.5,12.4,13.9,14.2,15.4,16.3
033042,6.2,6.8,6.8,7.9,7.5,8.1,8.1,8.7,9.5,8.9,10.0,10.2,9.9,9.9,10.3,11.1,11.2,11.2,12.2,12.2,11.1,12.3,13.6,15.8,14.8
033043,5.4,5.9,6.5,6.7,7.3,7.5,8.1,7.6,8.4,8.7,8.6,9.4,8.7,8.7,8.3,9.7,9.9,10.2,10.4,10.5,10.3,11.4,12.0,12.8,13.6
033044,7.1,7.4,7.7,8.0,8.2,9.4,9.0,10.0,10.8,10.0,10.8,10.5,10.2,10.1,10.4,10.8,11.5,12.6,12.4,13.2,12.4,13.5,14.2,15.5,15.6
033045,4.3,4.4,5.1,5.0,5.6,6.3,6.0,6.2,7.5,6.8,7.1,7.0,7.0,7.0,7.5,8.3,7.9,8.0,9.2,8.6,8.5,9.0,10.9,11.6,11.4
033046,9.9,9.9,11.3,11.6,11.9,12.4,13.5,12.5,14.0,13.0,13.6,14.0,13.7,13.6,14.5,14.7,14.9,15.4,16.6,16.4,15.3,17.0,19.0,19.6,18.6
033047,10.3,11.0,11.4,12.0,12.4,12.3,13.6,13.3,14.3,12.7,14.1,14.6,13.3,13.6,14.0,14.7,15.3,14.9,15.9,16.8,14.9,17.1,18.3,18.2,20.0
033048,4.4,4.3,4.8,5.3,5.6,5.8,5.8,7.0,6.6,6.8,6.7,7.8,7.0,7.3,6.9,7.8,8.0,8.5,8.5,9.0,8.8,9.2,9.7,11.3,10.4
033049,5.4,5.8,6.3,6.3,6.7,6.9,8.2,7.8,8.3,8.6,8.1,9.0,8.8,8.2,9.3,9.8,9.7,9.8,10.5,11.4,9.1,11.7,12.1,14.1,14.2
034001,2.8,3.1,3.0,3.6,3.6,3.7,4.0,4.6,4.9,4.4,4.7,4.9,4.6,4.8,5.3,5.0,5.5,5.8,5.8,6.3,5.8,6.5,7.1,7.9,8.0
034002,6.9,7.5,7.8,7.7,8.1,8.2,8.7,9.1,10.3,8.9,10.0,10.2,9.8,9.9,9.8,10.0,10.5,11.2,11.4,12.1,11.6,11.8,12.9,13.6,13.9
034003,4.9,5.1,5.6,5.9,5.9,6.5,6.5,6.7,6.9,7.1,7.2,6.7,7.5,7.1,8.0,8.0,7.9,8.6,8.4,9.4,8.9,9.2,10.4,10.9,10.8
034004,6.8,8.2,8.4,8.4,8.8,9.4,9.2,9.7,11.0,10.5,10.8,11.1,10.4,10.5,10.8,11.1,11.8,11.7,13.0,12.7,11.6,12.8,14.0,15.1,15.2
034005,5.3,5.6,5.3,5.8,6.3,6.7,6.5,6.9,7.4,7.4,7.3,7.7,7.5,7.4,7.8,7.9,8.1,8.8,9.6,9.6,8.3,10.4,10.2,10.8,12.2
034006,3.7,4.3,4.7,4.7,4.9,5.6,5.9,6.0,5.5,6.2,6.2,7.1,6.2,6.7,6.8,6.9,7.3,7.9,8.4,8.3,8.2,8.8,9.4,10.3,11.2
034007,3.8,4.2,4.5,4.7,4.9,5.0,5.4,5.9,6.0,6.1,5.9,6.3,5.7,6.0,5.9,6.8,7.2,7.5,7.3,8.2,8.1,8.3,9.4,9.9,10.2
034008,4.9,5.0,5.5,5.8,5.8,6.5,6.9,7.8,7.4,6.8,7.2,7.7,8.3,7.6,7.9,8.8,8.5,9.2,9.7,10.1,9.0,10.1,11.0,11.7,12.4
034009,9.0,10.4,10.4,10.4,11.5,11.1,12.4,12.6,13.6,13.2,14.2,14.2,13.5,12.9,13.9,14.2,14.6,15.8,16.4,16.9,16.0,15.9,17.2,18.5,19.4
034010,7.0,6.8,7.0,6.9,7.8,7.9,8.6,9.0,9.1,8.7,8.9,9.3,9.5,9.2,9.5,9.8,10.5,11.0,11.1,11.3,11.0,12.0,12.2,13.4,14.0
034011,9.4,9.6,9.7,9.8,10.4,10.8,11.1,12.0,12.5,11.8,11.3,12.3,11.9,11.4,12.0,12.4,12.6,13.3,14.4,13.9,13.8,15.1,15.4,16.5,17.1
034012,9.2,9.4,9.8,10.6,10.8,11.2,11.9,11.7,12.2,11.7,12.0,13.2,12.4,12.2,12.5,13.1,13.6,13.8,15.0,15.8,14.1,15.9,16.3,17.6,17.4
034013,5.8,6.0,6.1,6.7,7.1,7.4,7.5,8.6,8.7,8.5,8.4,9.0,8.4,9.2,9.0,9.6,9.9,9.9,10.6,10.9,9.8,11.0,12.8,13.2,13.8
034014,5.4,5.9,6.6,6.5,7.2,7.2,7.6,8.0,8.8,8.3,8.7,8.6,8.9,8.4,9.3,8.7,9.6,9.9,11.1,11.3,10.2,11.0,13.1,13.5,13.5
034015,6.2,6.6,6.6,7.1,7.3,7.9,8.1,8.7,9.8,8.7,9.3,9.2,9.4,9.0,10.0,9.6,10.5,10.7,12.0,11.1,11.1,12.0,13.1,13.6,15.0
034016,5.8,6.4,6.8,6.8,7.4,7.9,7.5,8.6,8.8,7.5,8.8,8.9,8.5,8.4,8.4,8.7,9.7,9.9,9.8,10.9,9.9,11.0,11.7,12.8,12.6
034017,7.0,7.1,7.5,8.0,8.3,9.0,9.1,9.6,10.0,9.5,10.5,10.2,10.0,9.8,10.8,10.5,11.2,11.8,11.5,12.6,11.1,12.8,12.9,14.7,15.0
034018,8.7,9.1,9.7,9.7,10.7,10.5,11.0,11.7,12.5,11.5,12.0,12.2,11.8,12.3,12.5,12.3,13.0,13.6,14.3,14.9,13.1,14.7,15.7,17.2,18.0
034019,6.6,6.1,6.8,7.7,7.4,7.9,7.6,8.4,9.0,7.9,8.9,9.2,8.4,8.5,8.7,9.6,9.5,10.0,10.1,11.5,9.8,10.1,11.4,12.8,14.1
034020,6.5,6.3,7.0,6.7,7.4,7.5,7.6,8.3,8.7,8.6,9.2,9.3,9.3,9.2,9.1,9.6,9.7,10.2,11.0,10.8,10.0,11.7,12.2,13.5,13.4
034022,7.5,7.1,8.3,8.1,8.6,9.4,9.7,9.1,10.8,10.0,10.6,10.8,9.7,10.5,11.6,11.0,10.8,11.4,12.0,13.2,12.2,13.5,13.8,15.8,15.3
034023,5.0,4.9,5.2,5.9,5.9,5.9,6.8,7.0,7.8,6.5,7.5,7.2,7.6,7.2,8.1,7.8,8.0,8.3,8.4,9.2,8.6,9.5,10.3,11.4,12.0
034024,6.0,6.6,6.5,6.8,6.9,7.3,8.3,8.1,8.2,8.0,7.9,8.5,7.7,8.2,8.0,8.7,8.7,10.0,9.5,10.1,9.5,10.2,10.5,12.2,12.1
034025,5.6,6.3,6.8,6.9,7.6,7.4,8.1,8.2,9.5,7.9,8.9,9.7,9.7,8.8,8.8,9.4,10.0,11.0,11.8,11.7,11.5,12.0,13.3,13.7,14.7
034026,5.3,5.7,6.2,6.4,7.1,7.2,7.4,7.8,8.3,7.5,8.0,8.6,7.9,8.3,8.2,9.0,9.2,9.5,9.6,10.8,9.4,10.9,11.8,12.7,12.8
034027,7.1,7.6,7.8,7.9,8.0,8.8,9.4,9.0,10.1,9.8,9.5,10.1,10.0,9.5,10.0,10.1,10.5,11.4,11.5,12.1,11.1,12.4,12.7,14.1,14.6
034028,8.2,8.3,8.6,9.1,9.7,10.0,11.1,10.8,10.9,11.1,11.8,11.5,11.3,11.2,11.4,11.6,13.3,13.3,13.2,13.9,13.3,14.2,14.8,16.1,15.9
034030,4.8,5.4,5.5,5.7,5.7,6.3,6.6,7.0,7.8,7.4,7.3,7.7,7.6,7.3,7.7,8.2,8.2,8.2,8.7,9.9,9.0,9.3,10.5,11.2,11.6
034031,4.4,4.3,4.8,4.9,5.7,5.6,5.7,6.1,6.5,6.6,6.9,7.2,6.7,6.9,7.5,7.8,7.8,7.9,8.8,9.7,7.9,9.5,9.8,11.1,11.3
034032,3.4,3.4,4.1,3.9,4.0,4.6,4.2,5.0,5.1,5.3,5.5,5.4,5.2,5.1,5.5,5.3,6.4,6.3,6.6,7.0,6.7,7.8,8.5,9.3,9.6
034033,4.9,5.3,5.4,5.5,6.2,6.5,6.5,7.2,7.9,7.3,7.1,7.7,7.5,7.6,8.0,7.9,8.5,8.8,9.0,9.9,9.0,10.0,11.4,11.5,12.1
034035,5.0,5.8,5.5,6.1,6.3,6.4,6.8,6.8,7.6,7.7,7.7,7.9,7.7,7.5,8.0,8.3,8.8,8.9,9.4,9.2,9.0,9.6,10.0,11.4,11.2
034036,4.2,4.7,5.1,5.3,6.0,5.7,6.6,6.8,6.6,7.0,7.1,7.3,7.2,6.8,7.4,7.4,8.1,8.5,8.6,8.8,8.6,9.5,10.0,10.9,11.7
034038,5.0,5.7,6.0,5.9,6.5,7.1,7.0,7.0,7.5,7.2,7.9,8.2,7.9,7.5,8.2,8.6,8.9,9.9,9.5,9.3,9.7,10.2,11.2,11.8,13.1
034039,7.1,7.5,8.3,8.2,9.7,8.7,9.6,10.3,11.1,10.3,10.6,11.4,11.1,10.9,11.4,11.9,12.1,13.1,13.3,13.5,12.1,13.3,15.1,16.6,16.5
034040,4.1,4.6,4.8,4.9,4.8,5.4,5.8,5.8,6.5,6.0,6.3,6.4,6.1,6.8,6.3,6.9,7.0,7.5,7.9,8.4,8.0,8.7,9.7,9.9,10.1
034041,7.6,7.5,8.4,8.6,9.1,9.5,9.9,10.4,10.9,10.2,10.8,11.4,10.8,10.5,11.1,11.2,12.0,12.7,12.9,12.6,12.5,13.6,14.4,15.1,15.1
034042,3.2,3.9,4.5,4.1,4.3,4.6,4.5,5.6,5.8,5.2,5.3,5.8,5.7,5.9,6.0,6.2,5.7,7.0,7.6,7.3,7.5,8.1,8.9,9.3,10.5
034044,3.7,4.2,4.1,4.5,4.9,4.9,4.9,5.9,5.7,6.0,6.2,6.3,6.2,6.2,6.1,6.6,6.8,7.4,7.7,7.7,7.6,8.6,9.0,9.7,10.1
034045,6.0,6.3,6.6,7.2,7.5,8.2,8.3,9.0,9.1,9.2,9.0,9.5,9.0,9.6,9.9,10.2,10.8,10.3,11.2,11.9,10.9,12.2,12.6,13.9,14.4
034046,9.7,9.6,9.9,10.5,10.7,11.0,11.8,12.4,13.0,12.0,12.0,13.0,12.0,12.5,12.7,13.6,13.1,14.0,13.7,14.4,13.9,14.8,16.1,16.7,17.3
034049,6.0,7.0,7.0,7.7,8.1,8.2,9.0,9.5,9.4,9.0,9.7,9.9,10.4,9.4,9.8,10.7,11.1,11.5,11.6,12.3,11.8,12.7,13.9,15.1,15.0
034050,6.8,6.7,7.3,7.5,8.2,8.7,9.3,9.9,10.2,9.0,10.0,10.5,10.2,10.1,10.8,10.9,12.5,11.9,11.9,12.1,11.3,13.0,14.7,15.0,15.1
034051,5.4,5.8,6.4,6.4,7.0,6.7,7.9,8.3,8.8,8.2,8.0,8.4,8.4,8.2,8.4,8.6,8.9,9.9,10.3,10.3,10.2,10.5,12.6,12.4,13.1
035001,5.5,6.1,5.9,6.7,7.1,7.3,8.3,8.5,8.7,8.5,8.7,9.1,8.9,8.8,8.5,9.9,10.1,10.0,10.5,10.9,10.7,10.7,12.5,13.7,12.8
035002,7.1,7.7,7.7,8.3,8.5,8.7,9.7,9.7,10.0,9.5,10.4,10.9,10.2,9.8,10.1,10.7,11.6,11.3,12.9,13.2,11.3,13.2,14.0,15.1,15.6
035003,5.0,5.4,5.4,6.2,6.0,6.9,7.3,7.3,7.6,7.7,8.4,8.4,8.2,7.8,8.4,8.6,9.4,9.4,10.0,9.7,9.8,10.6,11.5,12.2,12.7
035004,6.4,6.8,6.6,7.0,7.1,8.0,8.5,8.9,9.2,8.5,9.0,9.6,8.6,9.0,8.9,9.1,10.2,9.9,10.9,11.7,10.8,11.8,11.6,14.3,14.1
035005,5.7,6.2,6.0,6.8,6.7,6.9,8.1,8.0,8.6,7.7,8.8,9.0,8.6,8.6,8.5,10.3,10.4,10.2,10.6,10.8,10.6,11.2,12.8,13.2,13.8
035006,5.2,4.9,6.2,6.5,6.2,6.6,7.4,7.1,8.3,6.8,8.3,8.4,8.4,7.7,8.4,8.8,9.1,9.0,10.2,9.3,9.8,10.4,11.0,12.5,12.3
035008,6.4,6.3,7.3,7.2,7.5,8.0,8.3,8.5,9.0,8.5,9.2,9.4,9.6,9.4,9.8,9.9,10.5,10.7,11.2,11.7,11.3,11.7,12.8,13.2,14.0
035009,8.6,9.2,9.4,10.2,10.6,11.5,11.2,11.7,12.4,12.0,12.4,12.6,12.2,12.1,12.5,13.2,13.5,13.5,15.5,14.8,13.4,15.8,16.4,17.6,17.6
035010,4.2,4.4,4.7,5.1,5.1,5.0,5.8,6.0,6.2,6.2,6.4,7.3,6.9,6.5,6.4,7.2,6.8,8.0,8.2,8.5,7.5,8.7,9.0,10.0,10.1
035011,6.3,7.1,7.2,7.6,8.1,9.1,8.7,10.0,9.9,9.7,9.9,9.9,9.0,9.2,10.4,10.0,10.8,11.2,10.8,12.0,11.0,12.9,13.7,13.4,14.1
035012,2.8,3.3,3.6,3.7,4.2,4.3,4.3,5.2,4.7,5.1,4.6,5.3,4.9,5.1,5.8,5.9,6.1,6.6,6.8,6.9,6.4,7.1,8.0,9.5,8.8
035013,4.5,5.2,5.4,5.1,5.8,5.9,6.3,6.1,6.9,6.5,7.0,7.3,6.7,7.3,7.5,7.6,7.6,8.3,8.6,9.6,7.9,9.3,10.0,11.2,11.6
035014,7.8,7.9,8.1,8.8,9.0,9.2,10.4,9.9,11.1,10.3,11.3,11.2,10.8,10.9,10.8,11.3,12.4,12.1,12.9,13.5,13.2,13.7,13.7,15.8,16.6
035015,6.0,6.2,6.9,7.2,7.3,8.3,7.9,8.2,9.2,8.4,8.6,9.4,8.3,8.7,9.4,9.9,9.8,10.2,10.3,11.3,10.0,11.3,12.1,13.4,13.7
035016,6.2,6.9,7.4,7.1,7.7,7.8,9.0,9.2,9.5,9.3,9.7,10.0,9.6,9.3,9.8,10.7,11.0,11.2,12.0,12.0,11.4,12.3,12.8,14.7,14.5
035017,5.3,4.9,5.6,6.2,6.3,7.0,7.0,7.9,7.5,7.7,7.5,8.1,7.0,6.9,8.1,8.4,8.6,9.2,9.2,10.4,9.6,9.7,11.0,12.2,12.1
035018,7.3,8.0,8.2,8.6,8.4,9.5,9.2,9.9,10.7,9.8,10.2,10.8,11.0,10.2,11.1,11.7,11.9,12.4,12.6,13.2,12.0,13.8,14.2,14.9,15.4
035020,5.1,5.4,5.7,5.9,6.1,7.1,6.8,7.5,7.5,6.8,7.7,8.5,7.6,7.7,8.3,8.5,9.1,9.2,9.0,9.8,9.7,10.1,11.5,12.2,12.6
035021,8.4,8.1,9.9,9.1,10.0,10.6,10.8,11.2,12.5,11.2,11.5,11.9,11.6,11.7,12.0,12.8,13.1,12.8,14.1,15.1,13.3,14.9,16.0,17.4,18.0
035022,6.6,7.0,7.0,7.5,8.4,8.5,9.4,9.3,9.2,9.8,10.0,10.2,10.0,10.0,10.3,10.6,10.2,11.4,11.4,12.0,11.9,12.0,13.9,14.4,15.0
035023,7.4,7.5,8.2,8.0,8.5,8.8,8.9,8.8,9.9,9.6,10.0,10.5,10.6,10.2,10.4,10.2,11.6,11.1,11.4,12.7,11.3,12.8,13.3,13.9,14.3
035024,4.4,5.2,4.8,5.5,5.6,6.3,7.1,6.9,7.3,6.4,6.9,8.2,7.5,7.3,7.7,7.3,8.7,8.6,8.8,9.8,8.7,9.7,10.3,11.1,11.1
035026,7.6,8.2,7.9,8.6,8.9,9.9,10.3,10.0,10.5,10.1,10.6,10.9,10.9,10.3,11.0,11.3,11.9,12.2,12.4,13.7,12.4,13.3,15.2,15.7,15.8
035027,8.3,8.3,8.6,8.9,9.5,8.6,9.9,10.4,11.4,10.2,10.4,12.0,10.8,10.3,10.9,11.8,12.2,12.5,12.1,13.3,12.4,13.6,13.4,14.8,15.9
035028,5.5,5.4,5.9,6.1,6.2,6.9,7.4,8.1,7.8,8.2,8.5,9.0,8.3,8.0,8.6,9.1,9.3,9.8,10.2,11.2,9.9,11.2,12.1,13.0,13.5
035029,6.9,7.4,7.3,7.5,7.5,8.1,8.3,9.0,9.3,9.2,9.8,9.7,9.5,10.0,9.2,9.4,10.6,11.7,11.5,11.5,11.2,12.6,13.3,13.5,14.3
035030,6.3,6.8,6.8,7.6,7.6,7.9,9.2,9.0,9.2,8.6,9.2,9.9,9.7,9.4,10.1,10.3,11.4,11.5,12.0,11.9,11.9,12.0,13.0,13.9,15.1
035032,5.7,6.3,6.7,7.3,8.1,7.7,8.2,8.8,9.4,8.8,8.9,9.3,9.0,9.1,9.6,9.4,10.2,10.5,11.0,11.8,10.9,11.8,13.1,13.6,14.1
035033,7.0,7.3,6.8,8.0,8.4,8.6,9.4,9.2,9.9,9.4,9.8,10.3,9.3,10.3,10.2,10.5,10.9,12.0,12.2,12.6,11.9,12.4,13.2,15.0,16.5
035034,7.1,7.6,8.3,9.3,9.6,9.7,9.7,10.4,10.0,10.2,11.0,11.2,10.8,10.8,11.2,11.5,12.1,12.7,13.3,14.4,12.7,13.9,15.0,16.1,15.5
035035,6.5,6.9,7.5,8.1,8.0,7.7,8.6,9.0,9.3,9.2,9.1,9.4,9.1,9.9,9.2,9.8,10.8,10.8,11.2,11.6,11.1,11.8,13.2,13.9,14.5
035036,6.4,6.6,7.2,6.7,7.4,8.2,8.4,8.7,9.3,8.8,9.1,9.3,9.1,8.7,9.3,9.8,10.6,10.7,11.3,11.2,10.3,12.0,12.8,14.2,14.6
035037,8.2,9.0,8.8,9.4,9.8,10.4,10.6,11.1,12.2,11.5,11.9,12.2,11.9,11.6,12.2,12.7,12.7,13.7,13.3,13.7,13.5,14.6,15.2,16.0,16.2
035038,5.8,6.4,6.7,7.2,7.6,7.5,8.3,8.8,8.8,8.3,8.4,9.2,9.2,8.5,9.0,9.1,10.5,11.0,10.8,10.8,10.2,11.2,12.1,13.0,12.5
035039,5.8,5.9,6.7,7.1,7.5,7.9,8.2,8.9,8.7,8.6,8.2,9.3,9.8,8.9,9.6,9.9,10.3,10.5,10.9,12.4,11.0,12.0,13.6,13.3,14.7
035040,5.2,5.8,5.6,6.0,6.0,6.8,7.3,7.5,7.7,7.2,8.0,8.2,7.5,7.8,8.2,8.3,8.3,8.8,9.4,9.8,9.4,10.0,11.1,12.0,12.2
035041,6.7,6.3,7.4,6.8,7.9,8.2,8.5,9.5,9.6,8.3,9.5,9.7,9.2,9.1,8.8,9.8,10.0,11.0,10.8,11.2,10.2,12.1,13.0,14.5,14.1
035042,4.5,4.6,4.7,4.9,5.7,6.0,5.4,6.5,6.5,6.8,7.1,7.4,6.9,7.0,6.6,8.0,7.3,8.4,8.5,9.0,8.1,9.6,9.8,11.6,10.7
035043,7.2,7.5,7.7,8.3,8.7,9.3,9.2,9.8,9.8,9.5,10.1,10.2,9.8,9.7,10.5,11.0,11.1,11.9,11.8,12.4,11.6,12.4,13.3,14.2,14.8
035044,4.8,5.4,5.5,5.8,6.0,6.3,6.6,7.0,7.7,6.9,7.3,7.5,7.5,7.4,7.6,7.8,7.5,8.5,8.4,9.4,8.6,8.8,10.5,11.1,11.9
035045,6.8,7.6,7.9,8.5,9.1,9.0,9.8,9.4,10.5,10.4,11.3,11.2,10.9,10.9,10.9,11.1,12.1,13.4,12.6,13.7,13.0,14.3,14.5,17.3,16.6
035046,6.7,6.6,7.6,8.5,8.4,8.3,9.4,9.4,10.0,9.0,9.8,9.6,10.3,9.6,10.4,10.8,11.0,11.7,12.0,12.8,11.8,13.1,14.4,14.7,16.0
036001,6.6,7.2,7.5,8.0,8.3,8.5,9.3,9.2,9.9,9.0,9.9,10.2,9.6,8.9,9.9,10.8,10.7,11.5,12.4,12.4,11.0,12.5,13.7,15.0,15.6
036002,4.9,5.7,5.8,6.3,6.2,6.3,6.5,7.5,7.4,7.3,7.6,7.8,7.4,7.1,8.1,8.0,8.7,8.9,9.6,10.0,8.7,9.5,10.4,10.9,11.9
036003,6.2,6.7,6.7,7.1,7.6,7.9,8.2,8.9,9.0,8.7,9.2,9.2,9.3,8.8,9.5,9.9,9.9,10.6,11.2,11.2,10.9,11.2,12.3,12.8,13.3
036004,6.1,6.9,7.1,7.6,7.4,8.3,8.7,9.1,9.5,8.8,10.1,10.2,8.9,9.5,10.3,9.9,11.2,10.7,11.8,11.9,10.9,12.6,13.2,14.2,14.7
036005,7.5,6.9,8.0,8.2,8.3,9.4,9.1,10.1,10.4,10.2,10.4,11.3,11.3,10.6,11.3,11.9,11.2,12.6,12.4,13.4,12.6,13.1,15.3,15.7,16.2
036006,4.1,4.6,4.7,4.7,4.9,5.9,5.9,6.2,6.4,6.2,6.4,6.5,6.6,6.5,6.4,7.2,7.9,8.1,8.6,8.3,8.0,8.8,9.3,10.0,10.9
036007,6.2,6.2,7.7,7.3,7.7,8.8,8.5,9.8,10.0,9.6,9.9,10.2,9.9,9.9,9.9,10.6,11.0,11.3,11.9,12.3,11.5,12.7,14.1,14.7,14.6
036008,4.4,4.8,4.7,4.8,5.2,5.2,5.7,5.7,5.9,5.6,6.1,6.5,6.3,6.1,6.2,7.0,7.1,7.9,7.9,8.3,7.4,9.0,9.7,10.2,10.3
036009,7.1,7.2,7.7,8.0,8.2,8.7,9.4,9.8,9.8,9.7,10.1,10.5,10.2,10.5,10.2,10.7,11.4,11.6,11.4,12.1,11.9,13.1,13.6,14.6,14.6
036010,3.0,3.2,3.1,3.5,3.6,4.0,3.7,4.0,4.3,4.3,4.4,4.6,4.7,4.3,4.8,4.5,5.6,5.6,6.5,5.7,5.5,6.3,7.7,8.0,8.7
036011,4.5,4.2,4.8,5.0,5.2,5.4,6.0,5.9,6.1,6.0,5.9,6.9,6.5,6.6,6.8,6.6,7.2,7.5,7.5,8.2,7.9,7.8,8.7,10.1,10.0
036012,9.1,8.9,9.8,9.6,10.8,10.9,11.0,12.1,12.1,11.5,12.2,12.3,12.8,11.3,12.0,13.4,13.0,14.3,14.3,15.3,13.5,15.0,16.3,18.1,19.1
036013,4.7,5.2,5.4,5.8,6.3,6.6,7.0,7.1,7.2,7.3,7.5,7.3,8.0,7.4,8.2,8.4,8.5,9.2,9.5,9.4,9.1,10.8,11.2,12.8,12.4
036014,5.1,5.5,5.5,6.0,6.7,6.9,7.1,7.9,7.5,8.0,8.3,8.5,8.6,8.1,8.4,8.4,9.4,9.7,10.7,11.1,9.9,11.3,11.8,12.8,12.4
036015,4.5,4.4,4.6,5.1,5.2,5.3,5.9,5.9,6.2,6.5,6.7,7.0,6.1,6.6,6.4,6.9,7.1,7.0,7.6,8.5,8.0,8.4,9.1,10.5,10.2
036016,5.7,5.6,6.3,6.5,6.8,7.2,7.2,7.5,8.1,7.9,7.9,8.6,8.5,8.3,8.6,9.3,9.5,9.9,9.8,10.6,9.4,10.9,11.3,12.9,12.5
036017,8.0,8.4,8.7,9.0,9.4,9.6,11.0,10.3,11.1,10.3,11.4,11.5,10.7,10.7,10.2,11.1,12.5,12.1,12.7,13.0,12.5,13.1,14.2,15.1,15.7
036018,7.6,7.8,8.5,8.9,9.5,9.5,9.2,10.5,10.8,10.3,10.8,12.1,10.8,10.6,11.1,11.6,12.1,12.4,12.7,13.0,12.3,13.0,14.4,15.3,15.6
036019,4.1,4.3,4.6,4.8,4.9,5.1,5.7,5.7,6.2,6.0,5.9,6.7,6.7,5.7,6.3,7.0,7.1,7.5,7.8,8.2,7.5,8.3,9.3,9.7,10.2
036020,6.5,7.0,7.2,7.6,7.8,7.5,8.8,9.6,10.0,9.5,10.0,9.7,9.5,9.5,10.1,9.7,10.6,10.9,12.1,11.9,11.0,12.0,13.8,14.1,14.9
036021,7.4,8.0,8.5,7.9,8.8,9.6,9.4,9.9,10.2,10.2,10.0,10.7,10.4,10.3,11.0,11.4,12.0,12.1,12.8,13.4,12.5,13.2,13.8,14.3,14.8
036022,4.8,5.6,5.7,5.1,5.3,5.7,6.3,6.9,6.8,7.1,7.1,7.1,6.8,7.0,7.2,7.6,8.6,8.1,8.1,8.8,8.2,9.0,10.1,10.4,10.8
036023,6.8,6.9,6.8,7.3,7.9,7.8,8.4,8.5,9.2,8.5,9.0,9.3,9.7,8.4,9.4,9.9,10.4,10.1,10.6,11.1,10.8,11.2,12.4,12.9,13.1
036024,4.1,4.0,4.0,4.9,5.1,5.4,5.9,5.8,6.0,5.9,6.7,6.9,7.2,6.4,7.3,7.1,7.9,7.8,8.4,9.1,8.0,8.9,9.8,10.9,10.6
036025,4.7,5.4,5.5,5.3,5.6,6.7,7.0,7.1,7.8,7.3,7.4,8.2,7.7,7.6,7.5,7.8,8.0,9.0,9.1,10.1,8.7,10.1,10.9,11.7,11.2
036026,6.3,6.4,7.2,7.3,7.9,8.0,9.3,9.1,9.6,8.9,9.7,10.3,9.6,9.8,9.9,10.4,11.1,11.8,11.6,11.7,11.1,12.7,13.7,14.1,14.8
036027,8.1,7.7,8.0,8.8,9.0,9.5,10.2,10.4,10.8,10.1,10.8,12.0,11.0,10.9,11.2,11.5,11.9,12.5,13.0,13.4,12.6,13.3,14.5,15.1,15.9
036028,5.9,6.2,6.4,7.1,7.0,7.8,7.8,8.9,8.6,7.9,8.8,9.0,8.9,8.5,8.6,9.5,9.2,10.3,10.3,10.8,10.0,11.2,11.4,12.3,12.4
036029,5.7,6.5,7.2,6.7,7.5,7.6,8.4,9.1,8.7,8.4,9.2,9.9,8.9,8.8,9.3,9.4,9.9,10.6,10.8,11.3,10.1,11.1,12.3,12.7,13.7
036030,5.5,5.7,6.5,6.4,6.9,7.1,7.4,8.2,8.6,8.4,8.2,8.7,8.7,8.6,9.2,10.4,10.2,10.4,11.5,11.3,10.4,12.3,12.4,13.9,14.0
036031,6.7,7.5,7.8,8.1,7.7,9.1,8.7,9.1,9.7,9.9,10.3,10.5,9.8,10.0,10.1,10.4,11.8,12.1,12.7,12.6,11.3,12.5,13.7,15.4,15.6
036032,7.4,8.2,8.5,7.9,9.4,9.4,9.7,10.2,10.9,9.7,10.8,11.3,11.2,10.8,11.6,11.8,12.2,12.4,12.8,13.4,13.0,13.8,14.6,15.3,16.3
036033,7.0,7.2,7.7,8.1,8.6,7.9,9.2,10.3,9.7,9.5,9.8,11.0,10.3,10.5,10.4,10.5,11.5,11.5,12.3,12.2,11.7,12.8,13.7,14.7,15.1
036034,7.9,8.5,8.5,8.7,9.3,9.8,9.8,10.5,11.2,10.6,10.5,11.4,10.7,11.0,12.2,11.1,12.6,12.8,12.6,14.4,13.3,13.9,14.5,16.0,17.0
036035,7.3,7.5,7.6,8.4,8.9,9.4,9.3,9.4,9.2,9.7,10.1,10.5,10.3,9.9,10.6,10.8,11.2,11.5,12.3,12.3,11.3,12.1,13.8,14.5,14.5
036036,6.8,7.0,7.1,8.3,8.4,8.5,8.8,9.5,10.4,9.1,9.9,10.6,9.7,9.4,10.7,11.1,11.1,11.2,11.7,13.2,12.4,12.9,14.8,14.2,16.2
036037,6.4,6.0,6.5,6.1,7.0,7.6,8.3,8.2,8.5,8.6,8.8,8.6,9.2,9.0,9.1,9.3,9.2,10.4,10.6,11.5,9.9,11.1,12.1,12.8,13.7
036038,6.1,7.2,7.7,7.8,7.9,8.3,8.6,9.3,9.2,9.3,9.1,9.4,9.7,9.8,9.7,9.7,10.5,11.5,11.3,12.1,11.6,12.3,13.4,14.0,14.6
036039,6.2,6.2,6.7,7.7,7.4,8.2,8.4,8.5,8.6,8.7,9.1,9.5,9.3,8.8,9.7,9.5,9.7,10.9,11.6,12.1,10.6,12.3,13.1,13.7,14.5
036040,6.2,6.8,7.6,7.6,7.4,8.4,8.1,8.4,9.4,8.8,8.6,8.7,8.5,8.7,9.1,10.1,10.8,10.5,10.2,11.7,10.0,11.5,12.7,13.2,13.6
036041,6.0,5.8,6.8,6.6,7.0,7.1,7.8,8.6,9.0,8.2,8.9,9.3,8.8,8.6,8.5,9.6,9.6,10.5,10.4,11.2,10.6,11.8,12.6,13.4,14.2
036042,5.6,6.1,6.2,6.3,6.8,6.6,7.3,7.7,8.1,7.5,7.1,8.7,8.1,7.8,7.9,8.5,9.0,9.6,9.9,9.9,9.4,11.0,11.2,11.5,12.1
036043,6.3,6.4,6.3,7.5,7.5,8.0,8.2,8.1,8.8,8.6,8.4,9.1,8.9,8.6,9.4,9.1,9.8,9.9,10.5,10.6,9.7,11.7,12.1,12.4,13.7
036044,6.6,7.3,7.3,7.2,7.7,8.4,9.2,9.5,9.7,9.2,9.6,9.5,9.8,9.4,9.6,10.2,11.0,11.8,11.7,12.1,11.3,12.7,13.9,14.4,15.5
036045,5.5,5.9,6.7,6.4,7.0,7.1,8.2,8.2,9.2,8.3,8.8,9.2,8.8,9.1,9.3,9.3,10.7,10.8,10.7,11.9,10.7,11.5,13.3,13.1,13.8
036046,5.9,5.8,6.6,6.5,6.9,7.3,7.3,8.0,8.3,8.1,8.2,8.5,8.9,7.9,8.7,8.5,9.4,9.8,9.9,9.6,10.0,10.4,11.1,11.5,13.1
036047,4.7,4.7,4.9,5.9,5.6,5.7,6.1,7.0,7.1,6.8,6.9,7.8,7.1,6.6,7.6,8.2,7.5,8.8,8.3,9.2,8.1,10.0,9.7,11.5,11.7
037001,5.4,5.7,5.9,6.8,6.9,7.0,7.5,7.2,7.4,7.7,8.6,8.4,8.1,8.3,7.9,8.8,9.6,9.6,9.8,10.6,9.7,10.1,11.3,11.9,11.3
037002,5.5,6.3,6.3,7.3,7.7,8.0,8.6,8.7,9.0,8.5,9.7,9.7,9.3,9.3,9.6,10.3,9.9,10.8,12.0,12.4,11.6,12.9,14.1,14.5,15.1
037003,5.6,5.9,6.1,6.4,7.4,7.3,7.7,7.8,8.3,7.8,8.7,8.6,8.7,8.8,8.6,9.2,9.4,10.1,10.9,10.8,10.3,10.7,12.3,13.8,13.2
037005,5.5,5.7,6.6,6.6,7.1,7.1,7.6,7.7,7.9,7.8,7.9,8.7,8.1,8.2,8.0,9.4,9.5,9.3,9.9,10.8,9.5,10.0,11.0,12.2,13.0
037006,10.9,11.6,11.7,12.7,12.4,12.3,13.5,13.0,14.7,13.5,14.1,13.8,13.7,13.3,14.5,14.5,14.9,15.3,15.5,15.5,14.9,16.0,16.3,16.6,17.5
037007,2.7,2.6,2.9,3.3,3.6,3.4,3.5,4.0,4.5,3.8,3.9,4.6,3.9,4.3,4.5,4.2,5.0,4.8,5.6,5.5,5.0,5.5,7.0,7.6,7.4
037008,4.7,5.1,5.5,5.9,5.8,6.1,6.1,7.3,7.3,7.2,7.7,7.3,7.3,6.9,7.6,7.8,8.5,7.8,8.6,8.9,8.4,9.5,9.9,10.9,11.2
037009,6.7,6.3,6.8,7.1,7.6,8.1,7.7,9.0,9.5,9.0,8.4,9.8,9.0,9.3,9.4,9.8,9.7,11.0,10.5,10.9,10.7,11.2,12.6,13.8,13.2
037010,8.1,8.5,8.8,9.9,9.8,9.9,11.7,11.5,12.3,10.9,11.9,12.8,12.6,11.5,12.4,14.0,13.8,15.0,14.2,15.4,14.3,15.3,16.5,17.5,18.3
037011,5.9,6.1,6.4,6.3,6.6,7.4,7.9,7.7,8.6,8.4,8.7,9.2,8.2,8.0,8.5,8.7,9.5,10.0,9.9,10.5,9.8,10.9,11.2,12.6,12.8
037012,5.1,5.3,6.0,6.1,6.6,6.9,7.1,7.5,7.8,7.7,8.2,8.3,8.3,7.8,8.7,8.8,9.1,9.3,9.7,10.9,9.5,10.3,12.3,12.1,12.9
037013,4.0,4.1,4.5,4.5,5.0,5.8,5.5,5.5,6.4,6.4,6.2,6.7,6.6,6.5,6.7,7.4,6.9,7.8,8.0,8.6,7.9,8.5,9.3,10.2,10.3
037014,6.0,6.3,6.5,6.9,7.3,8.0,8.0,8.5,9.0,8.6,9.3,9.5,8.8,9.2,8.7,9.3,10.2,10.4,10.9,12.0,10.9,11.6,12.0,13.0,13.5
037015,4.7,5.1,5.6,5.6,6.1,6.5,6.8,7.1,7.4,7.7,7.9,8.5,8.0,7.7,7.9,8.2,8.8,9.1,9.3,10.3,8.5,10.2,11.1,11.7,12.1
037016,7.7,8.1,8.3,8.9,8.7,9.9,9.5,10.4,10.6,10.1,10.3,11.0,10.9,10.4,11.2,10.7,11.2,11.7,12.2,13.4,12.6,12.9,13.3,14.6,15.1
037017,3.7,3.9,4.0,4.1,4.6,4.6,5.3,5.3,5.3,5.5,5.6,5.5,5.6,5.3,5.5,6.3,6.2,7.0,6.8,7.3,6.9,7.4,8.1,9.1,9.2
037019,5.7,6.4,6.8,6.7,7.2,7.5,8.0,8.1,8.7,7.8,8.7,9.5,9.4,8.7,8.5,9.7,10.4,10.2,10.7,11.0,10.5,11.1,12.6,13.7,13.6
037020,6.2,6.9,6.7,7.5,7.7,8.1,7.9,8.6,8.6,8.7,8.8,9.4,9.1,8.7,9.5,9.5,10.1,10.5,11.1,11.1,10.5,11.3,12.0,12.7,13.2
037021,7.3,7.1,7.9,7.9,8.4,8.8,9.1,8.6,9.9,8.8,9.7,10.0,9.9,10.0,10.3,10.1,10.5,11.1,11.6,12.3,11.6,13.0,13.6,13.9,15.0
037022,4.0,4.5,4.5,4.5,4.6,5.6,5.9,6.6,6.1,6.3,6.1,7.4,6.5,6.5,6.8,7.5,7.8,8.4,8.4,9.1,8.2,9.1,10.0,11.2,11.3
037024,8.5,8.7,9.5,9.7,10.5,10.8,11.9,12.0,12.3,11.7,12.4,12.7,12.7,12.0,12.0,12.7,13.4,13.7,14.7,15.2,14.0,15.5,15.9,16.3,17.2
037025,7.4,7.6,8.0,8.5,9.4,9.5,10.3,10.7,10.4,10.1,10.1,11.0,10.9,10.4,10.9,11.3,11.7,12.1,11.9,13.2,11.5,13.3,13.9,15.3,14.5
037026,4.4,4.8,5.1,5.2,5.6,6.1,6.8,7.0,7.3,7.2,6.8,7.7,6.8,7.4,7.3,7.9,8.3,8.5,8.8,9.3,8.7,9.7,10.0,10.8,11.2
037027,6.7,7.9,8.0,8.3,7.9,9.2,9.0,9.3,9.4,9.8,10.1,10.3,9.8,9.3,10.2,10.4,11.6,11.4,11.8,12.2,11.2,12.7,13.5,14.4,14.4
037028,6.8,7.4,7.2,7.8,8.5,9.0,8.4,9.6,9.3,9.3,9.6,10.4,9.6,9.5,10.0,11.1,11.2,11.2,11.5,12.2,11.1,11.9,13.2,13.9,14.6
037030,5.2,5.6,5.8,6.2,6.8,6.6,7.6,8.0,8.4,7.4,7.8,8.1,7.8,7.6,8.0,8.5,8.6,8.8,9.8,10.1,9.2,10.3,10.7,12.0,12.3
037031,3.3,3.3,3.9,4.0,4.2,4.5,4.7,5.1,5.2,5.5,5.5,6.1,5.9,5.8,5.9,6.1,6.9,6.9,7.7,7.6,6.6,8.3,8.7,9.8,9.6
037032,8.0,8.7,9.1,9.9,10.4,10.4,11.2,11.1,11.9,11.3,11.4,11.5,11.4,10.8,11.6,12.3,12.7,13.1,13.6,14.1,13.3,13.8,15.6,17.0,17.4
037033,5.8,5.9,6.4,6.7,7.1,7.7,7.8,8.0,8.3,8.5,9.1,8.9,8.6,9.0,8.9,9.4,10.0,9.7,10.6,10.8,9.9,11.3,11.5,12.8,12.5
037034,3.6,4.1,4.3,4.6,4.5,4.7,5.4,5.6,6.1,5.2,6.2,6.1,5.9,5.7,6.2,6.4,6.9,7.5,7.3,7.9,6.7,7.4,9.1,9.6,10.4
037035,7.2,7.7,8.0,8.0,8.0,9.8,9.8,10.0,10.3,10.2,10.0,11.0,9.9,10.1,10.9,11.3,11.3,12.0,12.4,12.6,11.9,13.3,14.1,15.2,15.8
037036,4.1,4.4,4.8,5.2,5.0,5.7,5.9,6.3,6.6,6.4,6.5,6.6,6.8,6.3,6.4,7.3,7.1,7.4,7.9,8.2,7.6,8.4,9.7,9.6,10.6
037037,5.3,5.8,6.3,6.3,6.9,7.0,7.5,7.9,8.4,7.7,8.5,9.3,8.6,8.0,9.2,9.4,9.4,9.5,10.2,10.1,10.0,10.9,11.6,12.8,13.4
037038,4.9,6.0,5.8,6.4,6.7,6.9,7.3,7.9,8.7,7.7,8.3,8.8,8.3,8.6,8.8,8.8,9.9,10.0,10.1,10.5,10.0,11.1,11.9,13.5,13.5
037039,4.6,5.3,5.2,5.3,5.7,6.2,7.0,7.4,7.4,7.0,7.6,7.7,7.4,7.4,7.8,8.1,8.1,8.2,9.3,8.9,8.5,9.6,10.6,11.4,12.0
037040,6.6,7.0,7.6,7.7,8.5,8.2,8.6,8.6,9.5,9.6,9.4,10.0,9.7,9.8,9.9,10.4,10.5,10.7,11.4,12.1,11.2,11.8,13.0,14.1,14.6
037041,6.7,7.4,8.3,8.1,8.0,8.2,9.2,10.0,9.7,9.3,10.3,10.1,10.3,9.9,10.1,10.1,11.2,11.2,12.6,12.1,11.5,13.0,13.8,13.9,14.8
037042,5.8,5.7,6.0,6.6,6.8,7.4,6.9,7.4,7.6,7.9,7.6,8.1,8.3,7.8,8.1,8.5,8.8,9.4,10.2,9.9,8.7,10.7,11.1,11.9,12.0
037044,6.2,6.8,6.8,7.4,8.1,8.4,8.1,9.2,9.9,8.8,9.1,9.0,9.0,8.9,9.5,9.6,10.5,11.2,11.0,11.5,10.8,11.6,12.7,13.4,13.3
037045,5.6,5.4,6.0,6.2,6.6,6.7,7.3,7.3,7.9,7.2,7.8,7.8,8.0,7.9,8.0,8.6,8.8,9.2,9.6,10.2,9.7,10.5,10.7,11.7,12.1
037046,8.5,8.5,9.7,9.8,9.6,10.3,10.8,11.0,11.9,11.4,11.8,12.2,11.6,11.5,12.6,12.4,13.3,12.8,13.4,14.4,13.1,15.2,15.6,16.8,17.1
037047,5.9,6.5,6.3,7.7,8.3,8.4,8.9,9.6,10.1,9.2,9.2,10.0,9.9,10.1,10.7,10.8,11.4,11.4,11.9,12.5,11.4,13.0,13.9,15.1,15.7
037048,4.6,4.6,5.4,5.2,6.0,6.4,6.6,6.4,6.9,6.6,7.1,7.7,7.3,7.3,7.2,7.3,7.8,8.4,9.0,8.7,8.8,9.9,9.7,11.6,11.4
037050,6.7,7.1,7.1,8.0,8.1,7.9,9.1,9.3,9.0,9.7,9.6,10.2,9.7,9.1,10.2,11.0,11.0,11.2,11.0,12.1,11.0,11.8,13.3,13.9,14.0
037051,6.9,7.6,8.1,8.2,8.9,9.3,9.1,9.8,10.4,9.7,10.1,10.7,10.3,10.5,10.6,10.4,11.3,12.0,12.8,13.1,12.3,13.6,14.1,14.8,15.3
037052,4.1,4.5,4.9,5.3,5.4,5.5,5.7,6.3,6.5,6.3,6.7,6.8,6.5,6.2,6.6,7.1,7.6,7.7,7.7,8.2,7.7,9.0,9.4,9.7,10.7
037053,4.4,4.6,4.9,5.0,5.6,5.6,5.6,6.7,6.9,6.5,6.9,6.5,6.4,6.3,7.2,6.5,7.7,7.7,9.0,8.4,7.7,8.8,9.7,11.2,11.2
037054,5.1,4.8,5.3,5.3,6.3,6.0,6.8,6.7,7.5,6.6,7.7,8.0,7.8,7.5,7.8,7.9,8.4,8.9,9.9,10.3,9.4,9.8,11.4,12.2,12.7
037055,7.1,8.3,8.3,8.4,8.6,9.7,10.0,9.8,10.5,9.8,10.3,10.7,10.9,10.5,10.3,10.5,11.1,11.2,12.6,12.3,12.5,12.6,13.9,14.7,15.0
037056,8.1,8.4,9.0,9.7,9.7,9.9,10.2,10.6,11.0,10.9,10.9,12.0,11.6,11.6,11.6,11.8,12.4,13.7,14.4,13.6,13.5,14.6,15.7,17.1,18.1
037057,5.9,5.4,6.5,6.2,6.6,7.1,7.2,7.2,8.3,7.3,7.7,8.5,8.5,7.2,8.6,8.5,7.9,9.1,9.0,10.7,9.0,10.1,10.4,12.0,12.6
037059,8.6,8.9,9.3,9.4,10.5,10.6,11.6,11.8,11.7,11.3,11.9,12.6,11.7,11.7,12.2,12.5,12.8,14.2,14.3,14.0,13.7,14.4,16.0,16.4,16.4
037060,8.0,8.7,9.3,9.5,9.0,9.6,10.1,10.5,11.6,10.3,10.6,11.7,11.1,11.5,11.3,12.5,13.1,12.9,13.4,13.7,13.3,13.5,15.6,16.3,16.9
037061,5.9,5.8,6.4,6.8,6.5,7.0,7.4,8.1,8.2,7.5,8.0,8.1,8.7,8.0,8.7,8.5,8.5,8.4,9.9,10.9,9.4,10.4,11.1,12.0,12.4
037062,6.4,6.9,7.4,7.3,7.8,8.5,8.9,8.9,9.8,9.4,9.5,10.0,9.5,9.6,9.9,10.4,10.9,11.5,11.5,12.6,11.5,12.6,13.7,14.7,14.8
038001,8.9,9.4,9.8,10.0,10.6,11.4,10.8,12.7,12.6,11.8,12.1,12.5,12.7,11.7,12.8,13.2,14.2,14.1,14.1,14.7,14.1,15.0,15.6,16.9,18.2
038003,6.2,6.4,6.8,7.0,7.7,7.3,8.1,8.3,8.9,8.8,8.7,9.3,9.2,9.1,9.2,8.7,10.2,10.9,10.2,11.0,10.2,11.8,12.5,13.2,13.8
038004,4.5,4.7,4.8,5.3,5.7,6.2,6.3,6.9,7.3,6.9,7.1,7.4,7.4,6.9,7.5,7.9,8.6,8.9,9.0,9.3,8.5,9.8,11.2,11.6,12.1
038005,6.1,6.5,6.6,7.1,7.0,7.7,7.9,8.1,9.2,8.3,8.7,8.7,9.7,8.8,9.1,9.0,9.9,10.3,10.8,11.5,10.5,11.3,12.6,12.7,14.0
038006,8.2,7.8,9.3,9.5,9.3,9.5,9.6,10.8,11.1,11.1,11.6,11.8,11.2,10.8,11.4,12.0,12.1,12.6,13.4,14.4,13.0,14.1,15.2,16.4,16.8
038007,5.6,5.9,6.2,6.2,7.0,7.2,6.8,8.3,7.9,7.7,8.2,8.9,8.2,7.6,7.9,9.0,8.9,10.0,10.0,10.2,9.7,10.1,12.0,12.3,12.6
038008,5.7,5.5,6.0,6.4,6.5,7.3,7.1,7.7,8.2,7.5,8.2,8.2,7.6,7.6,7.9,8.6,8.6,9.0,9.4,9.6,9.5,10.0,10.5,12.5,12.3
038010,6.2,6.3,6.5,7.0,7.2,7.6,7.8,8.2,8.9,8.5,8.9,9.7,9.2,9.2,8.8,8.9,10.0,10.6,10.3,11.5,10.9,11.4,12.6,13.4,13.4
038011,8.1,7.8,8.5,8.6,10.0,9.0,9.1,10.7,10.7,10.2,10.9,11.6,11.3,10.4,11.1,11.0,12.4,12.3,12.9,13.7,13.5,12.9,14.9,15.2,16.8
038012,5.3,5.7,5.6,5.3,6.3,6.6,6.6,7.0,7.6,7.5,7.6,8.2,8.3,7.6,8.0,8.2,8.9,9.1,9.1,9.6,8.9,9.7,10.9,11.4,12.4
038014,7.6,8.4,8.7,8.6,9.2,9.7,10.4,10.8,11.1,10.7,12.1,11.4,11.1,10.8,11.8,13.0,13.1,13.0,14.1,13.4,12.9,15.2,15.8,16.5,16.6
038017,6.2,6.4,6.5,7.0,7.8,7.9,8.1,8.9,9.1,8.6,9.6,8.9,9.2,9.0,8.9,9.7,10.8,11.1,10.9,11.5,10.9,12.2,12.8,13.9,14.3
038018,6.8,7.0,7.4,7.0,7.8,8.8,9.0,9.0,9.8,8.8,9.4,9.0,9.0,9.2,10.0,9.9,10.0,11.2,11.6,11.0,10.6,11.7,12.4,13.2,14.0
038019,7.7,8.2,8.0,8.3,8.9,9.5,9.8,9.6,11.0,9.8,10.2,10.6,10.8,10.3,10.9,10.4,11.4,12.2,12.3,12.0,11.8,12.4,14.4,14.5,15.7
038022,6.9,7.1,7.6,7.9,8.5,8.1,9.6,9.0,9.4,9.3,9.5,9.4,9.8,9.7,10.0,10.9,11.0,11.7,11.8,12.8,11.3,13.0,12.9,13.9,15.0
038023,5.6,6.2,7.1,7.0,7.6,7.9,8.0,8.9,9.4,8.3,8.9,9.1,9.0,9.1,9.2,9.4,10.1,10.5,10.4,11.2,10.8,12.3,12.5,12.8,13.8
038025,7.3,7.3,7.9,8.6,9.0,9.5,9.8,10.0,10.4,9.9,10.6,10.7,10.9,10.5,10.7,11.5,11.8,12.3,12.5,13.3,12.5,13.3,14.7,15.6,16.0
038027,4.6,5.6,5.0,5.4,5.9,5.7,6.5,6.8,7.3,6.9,7.0,7.7,7.6,7.0,7.6,7.6,8.3,8.6,9.0,8.5,8.6,8.7,10.0,10.8,11.8
038028,5.7,5.4,6.1,6.4,6.3,6.5,7.4,7.1,8.0,7.6,7.4,8.2,7.6,7.9,8.1,8.8,9.2,9.6,9.2,10.2,9.3,10.2,10.4,11.6,12.4
038029,6.3,6.9,7.1,7.3,7.9,8.5,8.2,9.4,9.9,9.1,10.0,10.0,9.6,9.2,9.8,9.8,10.9,11.1,11.5,11.8,11.5,11.9,12.3,13.5,14.4
038030,4.9,4.9,5.3,5.8,6.4,5.9,6.4,6.6,7.1,7.8,7.3,7.4,7.6,7.1,8.0,8.3,8.2,8.6,8.9,9.9,8.8,9.1,10.8,11.8,11.7
039001,7.7,7.4,7.9,8.1,8.3,9.0,9.5,9.4,10.3,9.7,10.7,11.2,10.6,10.0,10.6,10.6,11.2,11.3,12.2,12.4,12.2,13.0,13.6,14.7,15.0
039002,6.0,6.6,6.5,6.6,7.5,7.6,7.8,8.0,8.1,7.6,8.6,9.0,8.5,8.6,8.8,9.4,9.2,9.8,10.1,10.9,9.7,10.6,12.2,12.4,13.2
039003,7.7,8.1,9.0,8.7,8.8,9.4,10.7,11.2,11.7,10.3,11.8,12.2,11.1,10.8,11.8,12.3,13.7,13.2,13.1,14.7,12.7,13.8,15.9,17.3,17.4
039004,8.7,8.8,10.2,9.9,10.4,10.8,11.0,11.7,11.1,11.2,11.8,11.9,12.1,12.2,12.0,12.2,12.4,13.1,13.8,13.8,12.6,13.9,14.8,16.5,15.7
039005,5.8,6.4,6.2,6.9,7.2,6.8,7.4,7.6,8.0,7.8,8.7,9.5,8.3,8.3,8.9,9.4,9.4,9.3,10.2,10.9,10.0,10.9,11.7,12.4,12.2
039006,6.9,6.7,7.3,7.4,7.5,8.4,8.9,9.5,9.3,8.4,10.0,9.8,9.0,9.3,9.9,9.2,10.1,11.4,10.7,11.6,10.7,12.5,12.9,13.3,14.6
039007,4.9,5.4,5.8,6.3,6.7,6.8,7.2,7.5,7.7,7.9,7.7,8.5,8.0,7.7,8.1,8.0,8.8,9.3,10.2,10.3,9.4,10.5,11.5,12.9,12.5
039008,5.7,6.0,6.2,6.3,6.9,7.3,7.5,7.5,8.0,8.5,7.9,8.4,7.8,7.7,8.1,9.1,8.5,9.8,9.6,10.3,9.1,10.7,11.7,12.0,12.9
039009,6.8,7.3,7.0,8.1,7.6,8.7,9.5,8.9,9.4,8.9,9.6,9.6,10.0,9.7,10.0,10.8,10.3,10.5,11.5,12.4,11.6,13.0,13.8,14.2,15.1
039010,6.1,6.8,7.5,7.3,7.2,8.6,8.5,9.1,9.5,8.6,9.5,10.2,9.5,9.9,10.4,10.5,10.7,11.4,11.3,12.2,10.9,12.6,13.9,15.0,14.1
039011,6.9,7.3,8.1,9.0,9.3,9.5,10.0,10.4,9.9,10.8,10.6,11.7,11.1,10.6,11.6,11.6,12.3,12.2,13.8,14.0,12.8,13.5,15.1,16.0,16.7
039012,6.4,6.5,6.8,7.3,7.6,8.0,8.4,8.5,8.6,8.7,9.0,9.1,8.9,8.8,9.2,9.8,10.5,10.9,11.0,11.1,10.4,11.0,11.9,13.6,12.8
039013,7.8,7.8,8.2,8.4,9.0,9.7,9.5,9.8,10.6,9.9,10.9,10.9,10.1,10.3,10.3,11.5,11.5,12.4,12.8,12.8,11.9,13.0,13.8,14.7,15.8
039014,5.3,5.5,5.6,5.6,6.0,6.3,6.5,7.2,7.4,6.9,7.7,7.1,7.6,7.5,7.6,8.1,8.2,9.1,8.7,9.3,8.5,9.4,10.2,10.9,11.4
039015,6.1,6.4,7.0,7.5,7.7,8.6,8.7,9.2,9.3,8.7,9.9,10.7,9.8,10.0,10.4,10.5,11.6,12.0,12.1,12.5,12.3,13.2,13.7,15.4,15.2
039016,3.6,3.9,4.1,4.4,4.7,5.0,5.1,5.2,5.6,5.3,6.2,5.7,5.7,5.2,6.0,6.2,6.5,7.0,7.8,7.6,6.7,7.9,8.5,9.5,9.6
039017,9.2,9.9,10.0,10.3,10.5,11.6,12.3,12.4,12.7,12.3,12.7,12.9,12.7,13.0,13.5,14.1,13.5,15.0,14.8,15.5,14.6,16.0,17.3,17.7,17.4
039018,5.7,6.3,6.4,6.7,6.6,7.5,7.5,7.9,8.2,8.0,7.8,8.6,8.6,7.8,8.4,9.0,9.4,9.7,9.8,11.6,9.4,10.9,12.1,11.9,13.2
040001,6.8,7.8,7.9,8.1,9.1,10.2,9.8,9.6,10.3,9.3,10.2,10.9,10.7,10.3,11.1,10.6,11.4,12.3,12.5,12.8,11.9,12.7,13.4,14.5,14.8
040003,6.0,6.4,6.9,6.6,7.3,7.1,7.8,8.3,8.5,8.1,8.6,9.0,8.4,8.7,8.9,8.6,9.2,9.2,10.1,9.7,9.6,10.2,12.3,12.1,12.4
040004,5.3,5.0,5.5,5.4,6.1,6.3,6.4,7.2,7.1,7.2,6.8,7.4,6.7,6.3,7.1,7.8,8.2,8.4,7.9,9.0,8.5,9.0,10.2,11.5,10.8
040005,5.3,6.1,6.4,6.5,6.7,7.5,7.0,7.4,8.5,7.8,7.8,8.3,8.7,8.1,8.8,8.7,9.3,9.8,9.9,10.2,10.3,10.9,11.4,12.3,12.7
040007,6.6,7.1,7.4,7.9,8.1,8.8,9.1,9.5,9.8,8.7,9.7,9.0,9.5,9.8,9.7,10.1,10.3,11.3,11.5,12.0,10.8,11.8,13.1,13.3,14.0
040008,6.7,7.7,8.3,8.4,8.6,9.2,9.2,9.7,10.2,10.2,10.7,10.6,9.9,10.3,10.5,10.7,10.3,11.2,11.7,11.9,11.8,12.8,13.8,14.7,15.9
040009,5.5,5.7,6.8,6.4,7.0,7.2,7.6,8.2,8.5,8.1,8.8,9.1,9.2,8.5,9.1,9.5,9.3,10.4,10.1,11.2,10.7,10.8,12.8,12.8,13.7
040011,5.8,7.0,6.9,7.0,7.4,7.6,8.1,8.8,8.5,8.4,8.8,9.5,8.5,8.6,8.9,9.5,10.0,10.8,10.8,11.4,11.1,11.6,12.0,13.6,13.9
040012,5.6,6.0,6.2,6.8,6.6,7.4,7.6,7.9,8.4,8.5,8.6,8.7,9.1,9.0,9.0,9.3,9.3,9.9,10.1,10.6,9.7,11.2,11.9,13.2,12.7
040013,4.7,5.3,5.4,5.7,5.9,6.2,6.5,6.6,7.1,6.7,7.4,7.9,7.4,6.9,7.4,8.2,7.8,9.0,8.5,9.4,8.5,9.8,10.4,11.1,11.7
040014,3.4,3.6,3.9,4.7,4.3,4.7,5.2,5.2,5.7,5.1,5.4,6.2,6.1,5.6,6.5,6.6,6.5,7.2,7.5,8.6,7.6,8.8,9.9,10.1,10.5
040015,4.3,4.6,5.2,5.1,5.0,5.5,5.8,6.4,6.8,6.6,6.2,6.9,6.7,7.3,7.1,7.2,7.2,8.2,8.4,8.8,8.3,9.0,10.2,10.9,10.7
040016,6.0,6.1,6.2,6.7,7.5,7.4,8.2,8.2,8.7,8.4,8.7,9.3,8.5,8.7,9.1,9.7,9.9,10.1,10.6,11.3,9.8,11.5,12.0,13.0,12.8
040018,6.1,7.1,6.4,7.6,7.5,7.9,9.5,9.2,9.4,8.8,9.6,10.3,9.5,9.6,9.0,10.8,10.9,11.4,11.8,12.0,11.2,12.5,14.3,14.2,15.2
040019,5.2,5.5,6.1,6.1,6.7,7.6,7.3,7.5,8.4,7.9,8.0,8.6,8.7,8.9,9.1,8.9,9.6,10.5,10.5,11.2,9.9,11.5,12.1,13.2,14.4
040020,5.5,5.8,6.3,6.5,7.1,7.3,7.5,8.0,8.5,7.4,8.5,8.2,8.3,8.2,9.3,8.4,9.5,9.7,10.1,10.6,10.2,10.3,12.1,12.3,13.4
040022,7.0,7.6,8.4,8.2,8.9,9.2,9.7,9.9,10.8,9.9,9.9,10.6,10.7,10.3,10.3,11.0,11.2,12.5,11.7,12.9,11.6,12.9,13.8,15.3,15.2
040028,6.8,7.4,7.6,7.2,8.3,8.3,9.3,9.2,10.0,9.3,9.9,10.2,9.3,9.6,10.9,11.2,11.2,11.3,11.2,12.2,11.2,12.6,13.5,13.9,14.7
040031,6.3,6.4,6.8,6.8,7.6,8.2,8.3,8.8,10.3,8.7,9.5,9.3,9.6,9.0,9.7,9.7,10.6,10.5,11.6,12.0,12.1,12.6,13.7,13.6,14.7
040032,3.5,3.4,4.1,3.9,4.5,4.7,5.1,5.4,6.0,5.6,6.0,6.6,6.1,5.8,6.1,6.4,7.3,7.6,7.6,7.7,7.5,8.4,9.1,9.3,10.0
040033,5.5,5.5,5.8,6.3,6.7,6.6,7.1,7.4,7.9,7.2,7.8,8.0,7.6,7.9,8.0,8.3,8.8,9.2,9.1,9.7,9.1,10.0,11.0,11.2,11.4
040036,7.3,7.2,8.0,8.5,9.3,9.0,9.2,9.5,10.1,10.0,10.8,10.8,9.9,10.4,11.0,11.2,11.8,12.5,12.7,13.0,12.1,14.0,13.9,15.4,15.7
040037,6.6,6.6,6.9,8.0,7.4,8.7,8.8,9.0,9.2,9.0,10.4,9.7,9.1,9.8,10.0,10.9,10.4,10.8,11.2,12.2,11.2,12.3,13.4,13.7,14.6
040041,5.6,5.7,6.2,6.1,6.9,7.5,7.7,8.0,8.5,7.8,8.3,9.1,8.2,8.2,8.2,8.8,9.6,9.3,10.0,10.6,9.9,10.3,11.6,12.6,12.5
040043,6.3,6.7,7.1,7.5,7.9,7.9,8.9,9.0,9.4,9.3,9.4,9.7,9.6,9.6,10.4,9.7,11.3,11.2,11.3,12.5,11.8,12.6,13.7,14.3,15.2
040044,6.9,7.9,7.3,8.4,8.1,9.5,9.9,10.6,10.9,10.0,9.7,10.8,10.6,9.8,10.4,11.0,11.7,12.3,12.9,12.7,11.4,13.6,14.4,14.0,16.4
040045,4.9,4.7,5.6,5.7,5.7,7.1,6.9,7.3,7.9,7.5,7.3,7.6,7.9,7.1,7.1,8.3,8.3,9.0,9.2,10.6,9.3,10.4,12.8,11.7,13.7
040046,6.0,5.4,6.5,5.9,6.4,7.0,7.3,7.8,7.4,7.8,7.8,8.2,7.7,7.6,8.0,9.2,8.9,9.3,9.2,10.2,9.4,10.1,11.2,12.1,12.7
040049,6.4,6.5,6.3,7.3,7.3,7.7,7.8,8.8,8.8,8.7,8.8,9.4,9.0,8.4,8.6,9.2,10.2,10.4,11.1,11.2,10.5,11.5,12.4,13.5,13.1
040050,6.1,6.3,6.8,7.3,7.7,7.6,8.8,9.2,10.1,8.8,8.8,9.8,9.3,9.1,10.0,10.0,10.0,10.5,11.5,11.5,10.0,12.4,12.6,13.2,14.3
041001,5.2,5.3,5.6,6.6,6.2,6.8,7.3,7.7,8.6,8.1,8.6,8.4,7.9,7.9,8.3,9.1,8.5,9.6,9.8,9.7,9.9,11.1,12.1,11.8,12.7
041002,5.1,5.5,5.7,6.2,6.1,6.2,7.0,7.2,7.4,7.7,7.1,8.0,7.5,7.5,7.7,8.2,8.7,8.8,9.1,8.8,8.2,9.5,10.6,11.8,11.3
041005,4.3,4.4,4.6,5.2,5.3,5.0,5.6,5.7,6.3,6.1,6.2,6.7,5.9,6.0,6.4,7.0,7.0,7.5,7.3,8.3,7.2,8.2,9.1,9.5,10.2
041006,1.6,1.5,1.9,1.9,2.1,2.3,2.5,2.5,3.0,2.6,2.4,3.3,2.9,2.7,2.8,3.1,3.1,3.5,3.7,4.0,3.9,4.3,4.5,4.8,5.6
041007,5.5,5.9,6.1,6.6,6.7,7.5,7.2,7.7,7.8,7.5,7.8,8.5,7.9,8.0,8.6,8.5,8.9,9.2,10.2,9.8,9.2,10.8,10.9,11.8,12.1
041008,3.8,3.9,4.4,4.6,4.5,4.6,4.8,5.4,5.6,5.5,6.0,5.7,5.7,5.6,6.3,6.1,7.3,6.8,7.3,7.2,7.0,7.2,8.4,9.6,9.8
041009,4.2,4.6,4.8,4.8,5.2,5.3,5.1,5.5,6.3,5.6,6.0,6.6,6.0,5.7,6.4,6.9,7.0,6.8,7.4,7.5,7.1,7.9,8.6,9.9,9.2
041010,2.3,2.2,2.2,2.7,2.7,3.1,3.0,3.4,3.7,3.2,3.8,4.1,4.1,3.7,4.3,4.1,4.4,4.8,4.7,5.0,5.0,5.4,5.9,6.8,6.9
041013,5.3,5.0,6.0,6.1,6.5,7.2,7.1,7.7,7.6,7.4,7.7,8.2,7.9,7.5,7.5,8.2,8.5,8.6,8.8,9.6,8.9,9.5,10.5,11.8,11.3
041014,1.9,2.2,2.2,2.3,2.7,3.2,2.8,3.3,3.5,3.2,3.8,3.4,3.7,3.9,4.0,4.3,4.0,4.9,4.8,4.7,4.5,5.2,5.9,6.5,6.8
041015,2.6,3.2,3.5,3.2,3.6,4.3,3.9,4.7,5.1,5.1,5.1,5.3,5.3,4.9,5.5,6.0,6.1,6.4,6.7,6.4,6.5,7.4,7.7,8.3,9.4
041016,4.6,5.0,5.2,5.1,5.1,5.6,5.8,6.1,6.5,6.4,6.7,6.9,6.6,6.3,6.5,7.1,7.1,7.5,7.9,8.4,7.6,8.5,9.0,9.6,9.8
041017,4.6,4.9,5.1,5.6,5.7,5.9,6.1,6.9,7.3,6.6,7.5,7.2,7.5,7.3,7.7,7.7,8.7,8.7,9.1,9.6,8.9,9.8,10.6,11.9,11.9
041018,5.8,7.0,6.6,7.5,7.8,7.9,7.7,8.0,9.0,8.3,9.0,9.7,9.0,8.8,9.1,9.6,10.0,9.7,10.6,11.3,10.1,11.6,12.3,13.4,13.8
041019,4.1,4.1,4.3,4.9,5.2,5.3,6.1,5.7,6.2,5.9,6.2,6.8,6.5,5.7,6.4,6.5,6.9,7.5,7.9,8.6,7.6,8.2,9.0,9.7,11.0
041020,4.3,4.5,4.8,4.8,4.8,5.1,5.5,6.0,6.4,5.8,6.4,6.5,6.2,6.2,6.4,7.0,6.8,7.3,7.7,7.8,7.4,7.9,8.7,9.2,9.8
041021,2.4,2.4,2.4,2.7,3.0,3.0,3.6,3.3,3.7,3.7,4.1,4.3,3.9,3.8,4.1,4.3,4.3,4.7,5.2,5.2,4.8,5.7,5.3,6.7,6.9
041022,3.4,3.8,3.6,4.2,4.3,4.7,5.1,5.1,5.2,5.1,5.1,5.6,5.1,5.0,5.8,5.6,6.4,6.2,6.7,6.4,6.4,6.9,7.8,8.3,8.8
041023,3.1,3.2,3.6,3.7,3.7,4.4,4.4,4.5,5.0,4.7,4.6,5.1,5.0,4.7,4.8,5.0,5.1,5.5,6.2,5.9,5.4,6.3,6.5,8.0,8.1
041025,4.0,4.2,4.4,4.7,5.5,5.5,6.2,6.2,7.0,6.6,6.6,6.9,7.0,7.1,7.2,7.4,7.9,8.2,8.8,9.0,8.4,8.7,10.2,11.2,11.1
041026,3.0,3.0,3.1,3.2,3.8,3.9,4.2,4.1,4.4,4.4,4.4,5.0,4.7,4.8,5.0,5.6,5.3,5.7,6.1,6.4,6.0,6.8,7.4,7.5,8.5
041027,3.9,3.8,4.1,4.3,4.3,4.9,5.0,5.6,5.4,5.4,5.2,6.0,5.6,5.0,5.7,6.1,6.2,6.6,7.5,6.9,6.6,7.6,8.4,9.3,9.1
041028,5.0,5.4,5.9,6.3,6.4,6.8,6.9,7.2,7.5,8.1,7.0,8.2,7.6,7.3,8.1,8.3,8.9,8.7,8.9,9.8,9.9,10.0,10.9,11.8,12.7
041029,4.7,5.1,5.5,5.7,6.2,6.2,6.3,6.9,7.2,6.7,7.1,7.4,7.6,7.2,7.5,7.9,7.7,8.4,8.6,9.6,9.0,9.4,10.9,10.8,11.6
041030,3.9,4.6,4.5,5.0,5.1,5.0,5.6,6.0,6.6,6.3,6.3,7.3,6.9,6.4,6.8,7.4,7.3,7.7,8.7,8.6,7.9,8.8,9.3,10.0,10.6
041031,2.0,2.1,2.2,2.4,2.5,3.2,3.1,3.4,3.4,3.5,4.0,4.2,3.9,3.8,3.7,4.3,4.9,4.8,5.2,5.5,5.3,5.8,6.1,7.5,7.3
041034,3.4,3.8,4.2,4.5,4.7,4.7,5.3,5.4,5.4,5.5,6.0,5.9,6.1,5.4,6.1,6.7,6.1,6.8,7.6,7.5,6.7,7.7,8.5,8.9,9.2
041035,4.4,4.9,4.7,4.8,5.4,5.5,6.0,6.5,6.7,6.4,6.8,6.9,7.2,6.6,6.9,7.0,7.5,8.2,8.3,9.0,8.1,8.9,9.9,10.5,11.0
041036,2.0,1.8,2.2,2.3,2.7,2.7,3.0,3.5,3.6,3.7,3.3,4.1,4.0,3.7,4.1,3.9,4.5,4.7,4.6,5.2,4.9,5.3,6.1,6.9,7.6
041038,5.0,4.7,5.6,5.5,5.9,6.5,7.0,7.4,7.4,7.1,6.7,7.1,7.1,7.0,7.4,7.8,8.3,8.4,9.2,9.0,8.6,9.8,10.0,11.2,11.4
041041,2.3,2.3,2.5,2.7,2.8,2.9,3.0,3.4,3.4,3.4,3.8,4.0,3.7,3.7,3.9,4.1,4.6,4.1,5.1,5.2,4.7,5.5,5.8,6.2,6.7
041043,3.5,3.7,4.0,4.2,4.4,4.1,4.7,4.9,5.3,4.6,4.7,5.0,4.9,4.9,5.2,5.5,5.6,5.7,6.1,6.1,5.7,6.3,7.5,8.0,8.4
041044,3.2,3.3,3.7,3.8,3.9,4.1,4.2,4.6,4.7,4.9,5.2,5.4,4.9,4.6,5.4,5.4,5.6,6.3,6.2,6.8,5.8,6.8,7.3,8.2,8.6
041045,6.8,6.8,7.4,7.8,8.0,8.7,8.7,9.2,9.6,8.8,9.9,10.1,9.4,9.5,9.7,10.3,10.8,11.1,11.2,11.7,10.8,12.1,12.8,13.3,13.9
041047,3.8,4.6,4.7,4.9,5.1,5.2,5.4,5.9,6.3,6.2,6.3,6.9,6.1,6.4,6.4,6.9,6.9,7.3,7.6,8.4,7.4,8.6,8.9,10.1,10.3
041048,1.7,2.2,2.4,2.4,2.7,2.8,3.1,3.2,3.3,3.2,3.9,4.0,3.9,3.6,4.0,3.9,4.4,4.7,4.9,5.0,4.6,5.3,6.1,6.6,7.1
041049,3.0,3.2,3.4,3.6,3.7,4.2,4.5,4.7,5.2,4.9,5.0,5.1,5.2,5.0,5.4,5.5,5.7,6.2,6.7,7.1,6.5,7.2,7.5,8.1,9.0
041051,3.5,3.6,4.7,4.4,4.6,5.2,5.4,5.5,5.8,5.5,6.0,5.8,6.2,6.1,6.4,6.7,7.3,7.1,7.6,8.0,7.3,8.2,8.9,9.2,10.4
041054,5.4,5.0,5.3,5.3,6.2,6.4,6.5,7.1,7.2,7.4,7.3,6.9,6.8,7.3,7.4,8.4,8.0,8.8,9.2,10.0,8.6,9.6,10.3,11.5,11.1
041057,3.5,4.0,4.2,4.3,5.0,5.3,5.7,5.8,6.5,6.2,6.4,6.6,6.2,6.6,6.6,6.6,7.0,7.4,7.5,8.5,7.6,8.3,9.3,9.8,10.3
041058,2.4,2.7,2.9,2.9,3.1,3.8,3.8,4.0,4.2,4.0,4.1,4.5,4.2,4.2,4.5,5.0,5.0,5.3,5.8,5.9,5.4,5.8,6.7,7.2,7.2
041061,3.4,3.5,3.9,4.0,4.5,5.1,5.3,4.7,5.5,5.1,5.2,5.9,5.4,5.6,6.0,5.8,6.0,6.5,7.1,7.2,6.3,7.1,7.9,7.9,8.6
041064,5.9,6.0,6.0,6.9,7.4,7.5,8.0,8.2,8.2,7.8,8.3,8.5,8.5,8.2,8.6,9.1,9.6,10.1,10.2,10.4,9.5,10.6,11.2,12.1,12.1
041065,2.7,2.5,3.4,3.4,3.6,3.8,4.0,4.2,4.8,4.6,4.5,4.8,4.8,4.8,4.7,4.7,4.9,5.2,5.8,6.5,5.8,6.6,7.4,7.8,8.4
041066,3.7,4.0,4.2,4.4,4.6,4.5,5.0,5.2,5.4,5.3,5.2,6.0,5.3,5.3,5.6,6.0,6.4,6.3,7.0,6.7,6.7,7.3,8.2,8.7,8.6
041067,4.4,4.5,4.7,4.9,5.6,5.7,6.3,6.7,7.1,6.6,6.7,7.5,7.3,7.2,7.2,7.4,8.1,8.2,8.4,8.5,8.1,9.2,9.8,11.3,10.9
041068,4.4,4.9,4.9,5.2,5.8,5.8,6.0,6.6,6.5,6.4,6.7,6.8,6.6,6.5,6.7,7.2,7.9,8.2,8.1,8.3,8.0,8.8,9.1,10.5,10.5
041069,3.4,3.8,4.0,3.8,4.5,4.7,5.5,5.2,5.3,5.1,5.6,5.6,5.5,5.3,5.6,6.2,6.5,6.3,7.2,7.1,6.3,6.9,8.2,9.2,9.1
041070,2.8,2.9,3.4,3.6,3.9,4.0,4.4,4.2,4.6,4.7,4.7,4.8,4.7,4.4,4.8,5.0,5.8,5.5,5.9,6.1,5.8,6.0,6.4,7.5,7.9
041071,3.1,3.3,3.5,3.6,3.7,4.0,4.5,4.9,5.3,4.9,5.1,5.0,5.2,5.1,4.8,5.5,5.8,6.2,6.7,6.5,6.1,6.8,7.6,9.2,8.7
042001,3.4,3.8,4.0,4.1,4.6,4.8,5.2,5.7,6.2,5.8,5.9,5.9,5.5,6.3,6.5,6.4,6.7,7.0,8.0,8.2,7.1,8.6,8.6,9.3,9.9
042002,3.5,3.9,4.0,4.3,4.5,4.8,5.2,5.5,5.3,5.7,6.0,5.9,5.8,5.7,6.0,5.9,6.9,6.1,6.8,7.1,6.8,7.6,8.6,9.2,9.3
042003,3.7,3.3,4.1,4.2,4.3,4.8,4.7,5.0,5.8,5.2,5.4,5.6,5.5,5.5,5.7,6.2,6.2,6.8,7.4,7.8,6.5,8.1,8.0,8.8,9.3
042004,5.2,4.8,5.3,5.8,5.8,6.7,7.2,6.4,7.0,7.0,7.3,8.0,7.1,7.2,7.8,8.2,8.6,8.8,9.5,9.3,8.9,9.2,10.8,11.6,12.3
042005,5.0,5.5,5.4,5.5,6.5,6.4,7.1,7.2,7.9,7.0,7.6,7.6,7.2,7.4,7.3,7.5,8.5,9.1,9.2,9.9,8.9,10.2,10.1,11.2,12.2
042006,4.7,4.9,5.1,5.7,6.1,6.3,6.3,6.9,7.2,6.8,7.5,7.7,7.3,7.3,7.7,7.9,8.2,8.5,9.2,9.3,9.1,10.6,11.1,11.0,11.2
042007,2.5,2.5,2.6,2.7,3.2,3.5,3.5,3.7,4.3,3.9,4.3,4.5,4.3,4.1,4.4,4.9,5.5,5.9,5.6,5.2,5.8,6.5,6.5,7.7,8.2
042008,4.5,4.7,4.9,5.1,5.6,5.3,5.5,6.2,7.4,6.7,6.4,6.6,6.4,6.6,6.9,7.1,7.7,8.2,8.0,8.5,8.1,8.7,9.3,10.3,10.6
042010,3.0,3.3,3.4,3.5,3.9,3.9,4.5,4.7,4.8,5.3,5.4,5.2,5.2,5.3,5.4,6.0,6.0,6.3,6.8,7.1,6.6,7.3,7.9,8.9,9.5
042011,6.1,6.5,6.9,7.4,8.1,7.7,8.3,8.7,9.2,9.0,9.0,9.5,9.2,8.8,9.1,9.6,10.8,10.6,11.0,11.8,10.6,11.3,12.7,13.2,13.9
042012,5.1,5.4,5.8,6.0,6.6,7.0,7.0,6.9,7.3,7.1,7.6,8.0,8.1,7.9,8.4,8.9,8.7,9.2,8.7,9.4,9.2,10.4,10.9,11.3,11.6
042013,2.7,2.8,3.0,3.4,3.5,3.6,4.2,4.2,4.6,4.2,4.6,4.9,4.8,4.5,5.3,5.1,5.1,5.7,6.0,6.4,5.6,6.6,7.1,7.9,7.9
042014,3.7,4.0,4.1,4.2,4.5,4.9,5.1,4.8,6.1,5.4,5.2,5.9,5.7,5.4,5.9,6.8,6.4,6.6,7.2,7.7,7.0,8.1,8.4,9.3,10.0
042015,4.9,5.2,5.4,6.1,6.1,6.5,6.6,7.2,7.2,7.2,7.3,7.7,7.5,7.6,8.0,8.7,8.6,8.4,8.9,9.3,8.6,9.5,10.7,11.4,11.8
042016,3.1,3.5,3.3,4.0,4.0,4.5,4.4,5.0,5.4,5.1,5.3,5.5,5.2,5.3,5.1,6.2,6.1,6.5,7.1,7.1,6.8,7.3,8.1,9.4,9.4
042017,4.9,5.3,5.3,6.1,5.8,6.5,6.8,7.1,7.6,6.4,7.8,7.7,7.8,7.7,7.7,8.5,8.4,9.3,10.1,10.1,8.9,9.8,11.8,11.9,12.0
042018,2.1,2.4,2.3,2.8,2.8,3.1,3.4,3.8,4.1,3.9,4.2,4.7,4.3,4.3,4.6,5.4,4.7,5.4,5.8,6.6,5.8,6.8,7.1,7.9,8.3
042019,4.5,4.3,5.2,5.0,5.6,5.9,6.1,6.4,6.3,6.2,6.7,7.3,6.9,7.1,6.9,7.5,8.2,7.9,8.9,9.1,7.7,8.8,10.2,10.9,10.5
042020,5.3,5.3,5.6,6.2,7.1,7.3,7.4,7.3,8.3,7.6,8.0,8.4,8.0,8.5,9.1,9.3,9.0,9.5,9.9,10.5,9.5,10.7,11.4,12.6,12.9
042021,2.1,2.5,2.5,2.7,2.9,2.9,3.0,3.6,3.5,3.4,3.6,3.7,3.9,3.6,3.7,4.3,4.5,4.4,4.5,4.8,4.5,5.5,6.0,7.0,6.4
042022,3.5,3.7,3.8,4.2,4.1,4.3,5.1,4.9,5.3,4.8,4.9,5.2,5.4,5.5,5.0,5.5,5.6,5.9,6.6,6.8,6.1,6.9,7.4,7.7,7.9
042023,2.7,3.1,3.4,3.5,3.7,3.8,4.7,4.1,4.2,4.2,4.8,5.1,4.8,4.4,4.3,5.0,5.4,5.5,6.1,5.9,6.0,6.1,7.4,7.6,8.2
042024,5.0,5.6,5.4,5.7,6.5,6.8,7.2,7.5,7.6,7.3,7.5,8.5,8.1,7.5,7.7,8.2,9.1,9.4,10.0,9.9,9.6,10.3,10.9,12.6,12.4
042025,4.6,4.6,5.1,5.4,5.6,6.0,6.2,6.8,6.7,6.7,7.5,6.9,7.2,7.0,7.3,7.5,7.7,8.4,8.8,9.4,8.4,9.5,10.3,11.9,11.5
042026,5.3,5.4,6.0,6.4,6.0,7.1,7.2,7.6,8.1,7.7,8.0,7.5,8.1,7.3,8.4,8.1,9.0,9.2,9.6,9.7,9.2,10.3,10.4,12.0,12.1
042027,3.4,4.0,4.4,4.2,4.2,4.8,4.8,5.3,5.6,5.3,5.5,6.2,5.5,5.4,6.0,6.6,6.7,6.9,7.0,7.2,7.0,7.5,8.2,9.1,8.9
042029,4.8,5.4,5.5,5.5,6.2,6.3,6.1,7.1,7.3,7.4,7.3,7.7,7.5,7.6,7.2,8.0,8.4,9.1,8.2,9.0,9.1,9.6,9.7,11.4,11.8
042030,3.7,3.6,3.9,4.3,4.5,4.7,5.1,5.3,5.5,4.9,5.5,5.9,5.7,5.7,5.6,6.1,6.3,6.9,7.0,7.4,6.8,7.0,7.5,8.9,8.8
042031,0.7,0.7,1.0,1.1,1.2,1.3,1.4,1.4,1.5,1.4,1.6,1.7,1.7,1.3,1.6,1.8,2.1,2.3,2.3,2.2,2.0,2.4,3.0,3.1,2.9
042032,3.2,3.3,3.5,3.5,3.8,3.9,4.2,4.1,4.4,4.3,4.5,5.2,4.5,4.3,4.4,5.1,5.0,5.7,5.4,5.7,5.6,6.1,6.3,7.5,7.6
042033,3.2,3.3,3.4,3.7,3.8,4.2,4.4,4.8,5.2,5.3,5.2,5.5,5.3,5.1,5.7,5.8,6.0,6.6,6.8,6.7,6.6,7.1,8.2,8.1,9.2
042034,2.9,3.5,3.8,3.8,4.1,4.6,4.6,4.7,5.7,4.7,5.6,5.6,5.5,5.7,5.3,5.8,6.4,6.8,6.8,6.8,6.9,7.4,8.5,8.7,9.6
042035,2.7,2.9,3.1,3.5,3.6,3.8,3.9,4.3,4.9,4.4,4.6,5.0,4.3,4.8,4.7,4.8,5.3,5.6,6.1,6.1,6.3,6.1,6.9,8.1,8.4
042036,3.2,3.3,3.4,4.0,4.1,4.0,4.7,4.5,4.7,4.8,5.0,5.1,5.0,5.0,5.2,5.0,5.5,5.7,6.1,6.3,6.3,6.6,7.3,7.2,8.0
042037,4.4,4.5,4.8,5.4,5.7,5.7,6.2,6.3,6.6,6.6,6.3,7.1,7.2,7.0,6.9,7.3,7.8,8.3,8.6,8.9,8.5,9.7,10.0,10.7,11.7
042038,5.1,5.5,5.9,6.0,5.9,6.5,6.6,7.0,7.5,7.5,7.5,8.2,8.0,7.0,7.8,8.5,8.5,9.1,9.4,9.7,8.9,9.2,10.8,11.5,12.4
042040,3.5,3.9,4.3,4.1,4.3,4.8,4.9,5.7,4.8,5.1,5.1,5.3,5.9,5.5,5.5,5.9,6.2,6.5,6.5,6.7,6.4,6.8,7.3,8.8,9.6
042041,4.6,4.8,5.1,4.7,5.6,5.6,6.6,6.0,6.7,6.7,6.8,7.2,7.1,6.6,7.4,7.6,8.3,8.5,8.8,9.0,8.2,9.4,9.8,11.4,11.0
042042,3.1,3.2,3.3,3.6,3.7,3.9,3.8,4.6,4.4,4.6,4.6,5.1,5.0,4.3,4.6,5.2,5.5,5.4,5.9,6.5,5.5,6.7,6.6,7.4,8.0
042043,4.3,4.4,4.2,5.1,5.6,5.7,6.4,6.8,6.4,6.6,6.7,6.9,6.5,6.2,6.8,6.9,7.9,8.3,7.9,8.3,8.4,9.2,10.1,11.0,10.6
042044,3.5,3.7,4.3,4.3,4.7,5.3,4.9,5.3,5.8,5.6,5.8,6.3,6.2,5.9,6.3,6.2,6.9,6.8,7.5,7.6,7.5,8.0,9.2,8.8,9.9
042045,3.6,3.8,4.5,4.6,4.8,5.0,5.4,5.8,6.2,5.8,6.0,7.0,6.3,6.3,7.0,6.6,6.8,7.2,8.0,8.5,7.7,8.0,9.4,10.1,10.5
042046,4.4,4.6,4.9,5.3,5.4,5.6,5.9,6.5,6.6,5.7,6.4,6.4,6.9,5.9,6.5,7.2,7.6,6.8,8.0,8.0,7.3,8.4,8.9,10.2,10.6
042047,5.7,5.7,6.1,6.4,7.2,6.9,7.7,8.2,8.0,7.3,8.0,8.1,7.9,7.9,8.3,8.9,9.3,9.4,9.2,9.8,9.8,10.4,10.9,12.1,12.1
042048,4.9,5.4,5.5,6.0,6.3,6.9,7.2,7.3,7.4,7.3,7.3,7.7,7.7,7.1,7.6,7.9,8.1,8.5,8.5,10.1,8.6,10.0,10.4,11.5,11.5
042049,3.3,3.5,3.6,4.1,4.2,4.3,4.6,5.0,5.1,5.1,5.1,6.0,5.4,5.4,5.5,6.0,6.4,6.8,6.8,7.3,6.9,7.8,8.7,8.9,9.3
042050,2.6,2.9,3.2,3.1,3.3,3.5,3.3,3.5,3.8,4.0,4.2,4.7,3.9,4.2,4.4,4.6,5.0,4.9,5.0,5.2,5.1,5.7,6.2,6.7,7.0
043002,5.7,5.0,5.4,5.8,6.1,6.9,6.8,7.0,7.8,7.3,7.8,7.8,7.9,7.2,7.6,8.7,9.0,9.0,9.6,9.3,9.3,10.2,11.1,11.0,12.3
043003,3.9,3.9,4.0,4.5,4.7,5.0,4.9,5.1,5.6,5.8,5.2,6.0,6.1,5.5,5.9,6.2,6.5,6.6,7.4,7.6,6.8,7.7,8.0,9.2,9.3
043004,2.4,2.4,2.7,2.9,3.3,3.5,3.7,3.5,4.3,3.8,3.9,4.7,4.1,4.3,4.6,5.2,5.0,5.0,5.4,6.1,5.7,6.1,6.9,6.9,7.9
043005,3.6,4.4,4.2,4.0,4.9,5.5,5.3,5.5,6.1,5.7,5.4,6.5,5.6,5.8,6.0,6.5,6.5,6.7,7.2,7.9,7.1,7.5,8.5,9.6,9.2
043006,3.4,3.4,3.6,3.6,4.0,4.0,4.8,5.4,5.2,5.3,5.4,5.8,5.3,5.5,5.6,5.9,6.3,6.5,7.0,7.4,6.9,7.8,8.4,9.1,9.5
043007,4.3,4.6,4.7,4.7,5.3,6.1,6.2,6.5,6.4,7.2,7.1,7.0,7.3,7.6,7.6,7.7,8.8,9.1,9.7,9.8,9.2,9.9,11.2,11.8,12.2
043008,3.5,3.5,3.7,3.9,4.2,4.5,4.3,5.0,4.7,5.1,5.3,6.1,5.2,5.2,5.7,5.7,6.4,6.5,6.9,6.9,6.6,7.5,8.2,8.3,9.0
043009,3.7,3.7,3.8,4.5,4.3,4.6,5.1,5.2,5.6,5.5,5.5,6.1,5.8,6.0,6.3,6.0,6.4,6.7,7.6,7.6,7.2,7.6,8.5,9.3,9.4
043010,5.8,6.2,6.4,7.0,6.7,7.3,7.4,8.9,9.1,8.5,9.0,9.6,9.2,9.1,8.4,9.4,9.6,10.2,10.7,10.8,10.9,11.9,11.6,13.8,13.0
043011,4.1,4.1,4.2,4.8,4.7,5.6,5.4,6.2,6.4,5.8,6.1,6.8,6.8,5.9,6.3,6.8,7.1,7.4,8.6,8.3,7.8,9.0,9.3,9.9,11.3
043012,3.5,3.7,3.9,4.1,4.4,4.5,4.9,5.0,5.2,5.3,5.6,5.7,5.5,5.6,5.9,5.9,6.0,6.7,7.2,7.4,6.8,7.9,7.9,9.0,9.0
043013,4.6,4.8,4.6,5.1,5.5,5.5,6.0,6.1,6.0,6.1,6.3,6.4,6.7,6.4,6.8,7.5,7.2,7.9,8.1,8.1,7.6,8.7,9.0,9.8,10.0
043014,3.8,4.2,4.2,4.5,4.9,5.1,5.1,6.0,5.6,5.8,5.7,6.2,6.2,6.3,6.5,6.5,7.1,7.4,7.8,8.4,7.5,8.4,9.0,9.1,10.1
043015,2.4,2.5,2.6,3.2,3.2,3.4,3.4,3.6,3.8,3.6,3.9,3.9,3.6,4.1,4.1,4.4,4.5,4.8,4.5,4.9,4.5,5.2,5.4,6.8,6.7
043016,4.3,5.0,4.7,4.9,5.3,5.6,6.1,6.1,6.5,6.2,6.2,6.7,6.2,6.3,6.6,7.0,7.2,7.9,7.9,8.0,8.1,8.6,9.1,10.0,10.0
043017,3.0,3.6,3.8,4.1,4.6,4.7,5.1,5.5,5.2,5.4,6.0,5.8,6.0,5.5,6.0,6.0,6.6,7.1,7.3,8.1,7.8,7.9,8.6,9.4,9.8
043019,2.6,2.8,3.2,3.3,3.1,3.4,3.5,4.2,4.3,4.7,4.6,4.8,4.7,4.6,5.2,5.2,5.8,6.1,6.3,6.1,6.1,6.6,7.1,8.0,8.9
043020,5.0,5.5,5.6,6.2,6.4,6.9,7.1,7.1,7.8,7.4,7.4,7.7,7.7,7.5,8.1,8.2,8.8,8.2,8.9,9.1,8.8,9.5,10.8,10.6,11.2
043021,5.7,6.3,6.3,6.6,7.1,6.9,7.5,7.7,7.9,8.4,8.1,8.5,8.2,8.0,8.2,9.0,8.9,9.6,9.5,10.1,9.5,10.4,10.9,11.9,12.5
043022,5.4,6.3,6.0,6.7,6.5,6.9,6.9,7.5,8.1,7.5,7.9,8.3,8.0,7.8,7.6,8.2,8.4,9.2,9.5,10.0,8.6,9.9,11.3,11.6,12.0
043023,5.1,5.1,5.3,5.5,5.9,6.3,6.3,7.2,7.2,6.5,7.0,7.4,6.8,7.6,7.4,8.0,8.5,8.2,9.1,9.2,9.0,9.6,10.6,10.5,11.3
043024,3.9,4.3,4.8,4.8,4.7,5.2,5.5,5.8,6.1,5.7,5.8,6.4,6.3,6.0,6.2,6.4,6.8,7.0,7.3,7.4,7.1,8.4,9.0,9.3,9.6
043025,4.6,5.7,5.5,6.0,6.2,6.9,6.7,7.3,8.0,7.4,7.2,7.8,7.7,7.1,7.7,8.4,9.1,9.1,9.3,10.0,8.7,9.2,10.1,11.6,11.5
043026,3.3,3.6,3.5,4.5,4.2,4.9,4.5,4.9,5.4,5.0,5.4,5.6,5.6,5.7,5.3,5.7,6.4,7.2,6.9,7.3,6.3,7.7,8.2,8.9,9.7
043027,4.7,4.8,5.0,5.3,5.6,6.1,6.4,6.4,6.8,6.8,6.8,7.1,6.8,6.9,7.5,7.3,7.6,9.0,8.8,8.9,8.6,9.6,10.4,10.8,11.2
043028,2.9,3.2,3.7,4.0,4.1,4.3,4.8,4.8,4.8,5.1,5.3,5.8,5.4,5.2,5.6,5.6,6.5,6.8,7.5,6.7,6.8,7.2,8.0,9.3,8.7
043029,4.5,5.0,4.5,5.2,5.6,5.2,6.3,6.3,6.5,6.1,6.9,6.5,6.6,7.0,6.6,7.0,7.7,7.9,8.3,8.6,7.7,8.3,9.5,10.0,10.3
043030,3.1,3.2,3.4,3.4,3.6,3.9,4.2,4.6,4.6,4.4,4.9,5.3,4.9,4.6,5.0,5.1,5.3,5.3,6.5,6.5,5.8,6.5,7.1,7.6,7.9
043031,4.4,4.5,4.8,4.9,5.2,5.7,5.8,6.2,6.4,6.5,6.5,7.0,6.5,6.2,7.2,6.9,7.3,7.7,8.1,8.2,7.7,8.6,8.6,10.0,10.3
043032,4.0,4.3,4.5,4.8,5.3,5.5,6.3,6.2,6.1,6.4,6.6,7.5,6.6,6.7,7.6,6.9,7.5,8.5,8.1,8.8,8.4,9.4,10.0,11.1,11.3
043033,2.7,2.6,2.9,3.5,3.4,3.6,4.1,4.3,4.0,4.5,4.9,5.3,4.9,5.2,5.4,4.9,6.0,6.1,6.3,6.4,6.1,7.2,8.0,8.5,9.3
043034,3.2,3.5,3.5,3.7,3.9,4.6,4.3,4.5,4.6,4.7,5.2,5.1,5.2,4.8,5.6,5.7,5.4,5.9,6.3,6.4,6.6,7.1,7.5,7.7,8.5
043035,5.2,4.9,5.6,5.3,5.5,6.5,6.6,6.7,7.2,6.8,7.1,7.3,7.0,7.1,7.6,7.6,7.7,8.4,8.6,9.1,8.3,9.1,10.6,10.8,11.4
043036,2.6,2.8,2.7,3.1,3.3,3.5,3.7,4.2,4.3,3.9,4.4,4.3,4.4,4.2,4.5,4.6,5.6,5.5,5.9,6.0,5.2,6.6,7.1,7.7,7.8
043038,5.1,5.4,5.5,6.1,6.5,6.9,7.4,7.5,7.9,7.6,8.1,8.4,8.0,8.0,8.4,8.9,8.9,10.0,9.7,10.0,9.8,10.4,11.4,11.5,12.5
043039,5.7,5.8,6.1,6.3,7.1,7.3,7.7,8.8,8.6,8.7,8.3,8.9,8.9,8.8,8.8,9.4,10.4,10.2,10.6,11.0,10.7,12.1,12.5,13.1,14.0
043040,3.5,3.7,4.2,3.9,4.2,4.6,4.9,4.7,5.0,5.5,5.3,5.9,5.8,5.5,5.7,5.8,6.6,6.3,6.8,7.6,6.9,7.5,8.2,8.4,9.4
043041,4.5,4.1,5.1,4.9,5.7,6.4,6.4,6.2,7.4,6.8,6.5,7.5,6.8,7.7,7.0,7.9,8.5,8.6,8.4,9.0,8.3,10.3,10.4,11.4,12.3
043042,2.0,2.3,2.3,2.5,2.7,2.9,3.3,3.2,3.6,3.6,3.7,3.7,3.7,3.7,3.4,4.2,4.2,4.3,5.2,4.9,4.3,5.0,5.7,6.2,6.3
043043,3.7,4.1,4.1,4.6,4.3,4.8,5.2,5.3,5.8,5.4,5.7,6.0,5.9,5.5,6.0,6.1,6.8,6.7,7.3,7.4,6.7,7.4,7.8,9.1,8.9
043044,3.9,3.7,4.2,4.6,4.7,5.0,5.1,5.3,5.7,5.1,6.4,5.9,5.9,5.7,5.9,6.2,6.4,7.2,7.5,7.8,6.9,7.2,8.6,9.0,10.0
043045,6.1,6.1,6.7,7.4,6.5,7.7,8.3,8.4,8.8,8.3,9.2,9.9,8.8,9.8,9.2,9.5,10.2,10.5,11.6,11.8,10.3,11.8,12.3,13.7,14.1
043046,4.9,4.7,5.6,6.2,6.3,7.0,7.2,7.1,7.7,7.6,7.3,8.1,7.2,7.3,7.6,8.2,8.4,8.5,9.6,10.0,9.3,9.6,10.6,11.2,11.5
043047,3.9,4.0,4.4,4.4,4.8,5.4,5.5,5.7,6.3,5.9,6.6,5.7,5.9,5.7,6.5,6.2,6.5,7.4,7.1,8.1,7.6,7.7,9.5,10.1,9.9
043048,2.2,2.4,2.6,2.7,3.1,3.3,3.6,3.4,3.8,3.8,4.3,4.7,3.9,4.1,4.2,4.4,4.9,5.2,4.9,5.5,5.3,6.4,6.6,6.9,7.1
043049,3.5,4.0,3.9,4.1,4.0,4.5,5.3,5.2,5.6,5.2,5.4,5.6,5.7,5.9,6.0,6.3,6.2,6.8,7.3,7.4,7.0,8.0,8.4,9.2,10.0
043050,4.0,4.4,4.9,5.2,5.4,5.8,5.9,6.6,6.6,6.3,7.1,7.5,7.1,7.0,7.2,7.5,7.8,8.8,8.7,9.3,8.4,9.8,10.4,10.5,10.7
043051,3.2,3.2,3.9,3.7,3.8,4.0,4.4,4.4,5.0,4.5,5.1,5.0,5.1,4.5,4.7,5.1,5.7,5.9,5.9,6.4,6.0,7.0,7.2,8.3,8.3
043052,3.2,3.3,3.6,3.8,3.8,4.2,4.8,4.9,4.8,5.1,5.2,5.8,5.6,5.4,5.6,5.7,6.5,7.0,6.5,7.6,7.0,7.4,8.9,8.9,9.6
043053,2.8,3.1,3.2,3.4,4.2,3.9,3.7,4.5,4.9,4.4,4.6,5.0,4.7,4.5,4.9,5.1,5.1,6.3,5.9,6.2,5.6,6.2,7.3,7.9,8.6
043054,2.8,3.1,3.3,3.6,3.7,4.0,4.5,4.5,5.0,4.7,5.3,5.0,5.4,5.2,4.9,5.2,5.9,5.6,6.5,6.5,6.2,7.1,7.6,8.5,9.1
043055,2.8,3.4,3.6,3.9,3.4,4.2,4.0,4.4,4.7,4.4,4.7,5.0,4.2,4.7,4.8,4.8,5.5,5.7,5.7,6.6,6.0,6.4,6.6,7.1,7.5
043056,2.8,2.9,2.9,3.3,3.1,3.3,3.8,4.3,4.1,3.8,4.3,4.5,4.3,4.3,4.6,4.6,5.1,5.4,5.3,5.6,5.1,6.3,6.9,7.6,7.8
043057,2.8,2.9,3.1,3.5,3.3,4.0,4.1,4.3,4.8,5.0,4.8,4.8,5.0,4.9,5.3,5.4,5.4,6.2,6.3,6.4,6.3,6.7,7.4,8.4,8.5
043058,3.4,3.8,4.2,4.3,5.2,5.4,5.0,5.4,5.8,5.8,6.1,6.0,5.7,5.9,6.1,6.5,7.3,7.4,7.4,7.8,7.6,7.3,8.1,9.9,9.6
044001,3.5,3.2,3.7,3.7,3.9,4.2,4.7,4.6,5.5,4.8,5.1,5.5,5.1,4.3,5.0,4.8,5.5,6.7,5.9,6.4,6.0,6.7,7.5,8.0,8.0
044002,4.1,4.3,5.4,5.2,5.8,5.6,6.2,6.5,7.2,6.8,7.4,7.3,7.7,7.2,7.7,8.0,8.3,8.4,8.9,9.2,9.0,9.9,10.3,11.4,12.8
044005,5.6,5.3,5.9,5.8,6.3,6.2,7.1,6.9,6.9,7.0,7.7,7.8,7.3,6.7,7.4,7.4,8.3,9.2,9.4,9.6,8.9,9.4,9.5,12.2,11.9
044006,3.8,3.7,4.3,4.5,4.9,4.8,5.4,5.2,5.7,5.2,5.6,6.0,5.8,5.6,5.6,6.2,6.5,6.9,7.0,7.8,7.4,7.5,8.4,8.8,9.2
044007,4.0,4.2,4.3,4.7,4.9,5.2,5.3,6.0,6.0,5.6,6.0,6.3,5.9,5.9,6.0,6.5,6.9,7.1,7.4,7.7,7.2,7.5,8.3,9.4,9.1
044010,3.9,4.3,4.3,4.9,5.4,5.3,5.5,6.0,5.9,6.0,6.1,6.4,6.6,6.4,7.2,7.3,7.8,7.9,8.4,8.7,8.0,8.2,9.6,11.1,11.0
044011,3.7,4.1,4.6,4.8,4.9,5.5,5.9,6.0,6.5,6.0,6.1,6.7,6.5,6.1,6.6,6.9,7.1,7.4,8.4,8.3,7.8,8.6,8.9,10.7,10.0
044012,3.1,3.3,3.4,3.8,3.8,4.1,4.0,4.9,5.2,4.3,5.1,5.3,5.1,4.9,5.4,5.7,5.8,6.2,6.2,7.0,6.3,6.9,7.7,8.2,8.4
044013,2.4,2.6,2.6,2.9,3.1,3.4,3.6,3.8,3.7,3.9,4.0,4.0,3.7,4.0,3.8,4.4,4.3,4.8,5.4,5.2,4.8,5.2,5.8,6.6,6.9
044014,6.4,6.7,7.1,7.0,7.9,8.0,8.4,8.5,9.2,8.5,8.9,9.1,9.4,9.2,9.4,9.4,10.1,10.2,10.3,11.3,10.2,11.3,11.9,12.7,12.8
044015,4.6,5.8,5.8,6.3,6.3,6.5,6.7,7.4,7.4,7.1,7.2,8.1,7.1,7.4,8.2,8.1,8.6,8.2,9.1,9.5,9.0,9.5,10.3,10.8,11.8
044016,5.2,5.0,5.0,5.4,5.6,6.1,6.3,7.1,7.2,6.6,7.1,7.1,7.3,6.4,7.4,8.3,8.2,8.7,9.2,9.2,8.8,9.8,11.1,11.7,12.0
044017,4.0,4.0,4.5,4.6,5.1,5.3,5.4,5.5,5.6,5.7,6.6,6.6,6.1,6.2,6.4,6.7,7.5,6.7,7.8,8.1,7.4,7.9,8.8,10.3,10.0
044020,5.5,5.4,5.8,6.0,6.6,7.2,7.0,7.4,7.4,7.5,7.7,7.5,7.4,7.1,7.5,8.0,8.3,9.0,9.3,9.7,9.1,9.2,11.1,11.1,11.7
044021,4.0,4.1,4.3,4.8,5.0,4.7,5.4,5.7,6.1,5.7,6.0,6.2,6.1,6.3,6.5,6.5,6.8,7.8,7.7,8.0,7.4,8.2,8.9,9.4,9.7
044023,6.2,6.4,6.9,7.8,7.2,7.2,7.8,9.0,8.2,8.8,9.5,9.8,10.1,8.9,9.5,9.9,10.2,10.8,11.7,11.4,11.0,12.3,13.3,13.7,14.0
044027,3.5,3.7,4.0,4.2,4.6,5.0,5.4,6.0,6.2,5.7,6.1,6.1,5.8,5.9,6.2,6.8,6.9,7.1,7.5,8.0,7.7,8.3,8.9,10.1,11.0
044029,3.0,3.3,3.7,3.8,3.6,4.2,4.0,4.7,5.2,4.6,5.0,5.4,5.2,4.9,5.2,5.7,5.9,6.2,6.4,6.7,6.1,7.2,7.8,8.4,8.6
044031,4.9,4.5,5.2,5.8,6.2,6.4,7.1,6.5,8.1,6.9,7.1,7.7,7.1,7.8,8.1,8.1,8.8,8.9,9.9,10.4,9.3,10.0,11.3,11.7,12.1
044032,4.0,4.6,4.0,4.3,5.2,5.0,5.1,5.6,5.5,5.4,6.0,6.6,6.5,6.0,6.4,6.7,6.8,7.2,7.6,7.9,7.6,7.9,8.9,10.1,10.5
044034,3.2,3.8,3.7,4.5,4.3,4.8,4.6,5.1,5.4,5.2,5.6,5.7,5.5,5.5,5.9,6.2,6.5,6.9,7.0,7.2,6.8,7.7,8.2,8.9,9.4
044036,3.0,3.5,3.5,3.5,4.1,3.8,4.4,5.1,4.9,4.8,5.2,5.3,5.2,5.1,5.1,5.5,5.8,5.9,6.1,6.5,6.0,6.4,7.5,8.2,8.8
044038,4.0,4.7,5.1,5.3,5.5,6.1,6.1,6.5,6.6,6.7,7.2,7.0,7.3,6.7,7.2,7.8,8.1,8.5,8.9,9.1,8.5,9.4,10.0,10.3,11.0
044044,3.6,4.0,4.2,4.3,4.5,4.8,4.8,5.0,5.6,5.1,6.0,6.1,5.8,5.2,5.5,6.0,6.2,6.3,7.4,7.3,6.9,7.6,8.0,8.9,9.0
044045,4.2,4.7,4.5,5.5,4.9,5.8,5.8,6.1,6.3,6.0,6.5,6.7,6.8,6.0,6.4,6.7,7.3,8.1,8.1,8.6,7.6,8.7,9.3,10.0,10.7
044054,4.5,4.9,5.2,5.6,5.0,6.0,6.0,6.7,6.5,6.5,6.7,7.3,6.7,6.9,7.3,7.2,7.8,8.2,8.7,8.4,8.2,9.1,9.1,10.0,10.7
044056,3.6,4.0,4.3,4.8,5.1,4.8,5.8,5.8,6.2,5.6,5.7,6.1,5.9,5.8,6.8,6.7,7.3,7.3,7.9,8.3,8.0,7.8,9.3,9.7,10.0
044063,3.9,3.7,4.2,4.3,4.7,5.1,5.6,5.9,5.6,5.9,6.1,6.3,6.4,6.0,6.2,6.6,7.0,7.1,7.6,8.2,7.6,8.7,8.6,9.5,10.1
044064,3.2,3.5,3.9,4.2,4.2,4.8,5.2,5.6,5.5,5.5,5.4,6.1,5.4,5.6,6.0,6.4,6.7,6.9,7.0,7.9,7.1,8.0,9.0,9.1,9.9
044065,3.1,3.3,3.4,3.8,4.2,3.9,4.5,5.2,4.7,4.6,4.9,4.9,5.1,5.0,5.3,5.6,5.7,5.8,6.2,6.3,6.1,7.0,6.8,7.2,8.1
044066,3.4,3.1,3.5,4.0,4.0,4.1,5.1,5.0,5.4,4.9,5.1,5.9,5.1,5.2,5.4,5.9,6.2,6.4,7.0,7.2,7.0,7.2,8.1,9.1,9.8
044071,3.0,3.7,3.7,3.7,4.0,4.3,4.8,5.6,5.6,5.2,5.1,5.7,5.9,5.3,5.8,6.3,6.5,6.3,6.4,7.2,6.2,7.4,8.3,9.1,8.7
044073,3.6,4.0,4.2,4.3,4.3,4.9,5.2,5.4,5.9,5.6,5.6,5.9,5.9,5.9,6.1,6.6,6.8,7.2,7.5,7.7,6.9,8.1,8.6,9.8,9.9
045001,6.0,6.7,6.4,7.2,7.6,8.0,8.3,8.1,8.9,8.7,8.7,9.3,9.2,8.8,9.2,9.3,9.9,10.1,10.9,11.3,10.0,11.2,12.2,13.2,13.2
045002,5.2,4.5,4.8,5.7,6.1,6.3,6.3,6.6,7.6,7.1,7.6,7.3,7.7,7.2,7.3,8.2,9.0,8.9,9.5,9.1,8.6,9.9,11.1,11.8,12.4
045003,6.0,6.0,6.4,6.7,6.8,7.1,7.2,7.9,8.7,8.1,8.5,8.7,8.0,8.3,7.9,8.4,9.1,9.6,9.8,10.6,9.4,11.0,12.4,12.6,13.5
045004,4.0,4.1,4.2,4.8,4.7,5.2,5.7,5.6,5.9,6.0,6.5,6.7,6.1,5.8,6.7,7.1,7.2,7.0,7.9,7.8,7.1,8.8,9.0,9.7,9.7
045005,4.7,4.7,5.1,5.5,5.5,5.5,6.0,6.5,6.6,6.6,6.9,7.0,6.8,6.9,6.9,7.6,7.8,7.8,8.5,8.5,8.0,8.5,9.4,10.6,10.5
045006,6.0,5.8,6.2,6.7,7.4,7.0,7.7,8.1,7.8,8.1,8.2,8.4,8.4,8.3,8.8,8.7,9.2,9.6,10.0,10.1,10.5,11.4,11.4,12.2,12.6
045007,3.4,3.7,4.1,4.0,4.6,5.0,5.5,6.2,5.9,5.9,6.3,6.1,6.3,6.2,6.5,7.1,7.1,7.4,8.1,8.8,8.6,8.8,9.5,10.9,11.5
045008,5.5,5.3,6.3,6.2,7.0,7.3,8.0,7.7,8.3,7.8,8.3,8.6,7.7,8.0,8.8,8.4,9.1,10.0,10.3,11.8,9.8,10.7,11.7,12.3,13.5
045009,4.7,4.8,5.2,5.6,6.1,6.6,6.7,7.1,7.6,7.1,6.8,7.8,7.6,7.3,7.6,8.2,8.0,8.9,9.6,9.5,8.8,9.4,10.4,11.3,11.6
045010,3.4,3.5,4.1,3.9,4.5,4.8,4.3,5.5,5.5,5.5,5.9,6.1,5.6,5.9,5.9,6.4,6.5,7.5,7.1,6.9,7.1,7.9,8.1,9.5,9.6
045011,5.6,6.1,6.8,7.2,7.9,7.3,8.2,8.3,8.8,8.7,9.0,9.9,8.7,9.1,10.1,9.7,10.1,11.0,11.6,11.7,10.8,12.3,12.9,13.8,14.1
045012,5.9,6.0,6.6,6.7,6.5,7.2,8.0,8.2,8.5,7.5,8.3,8.8,8.4,7.9,8.1,9.0,9.0,10.0,10.5,9.9,9.5,10.3,11.2,12.0,12.5
045013,4.9,5.1,5.5,6.4,5.8,6.6,7.1,7.5,7.8,7.6,8.1,7.7,7.9,8.0,8.3,9.3,9.1,9.1,10.1,10.3,9.5,11.1,11.8,13.1,13.0
045014,4.7,4.7,5.5,5.6,5.7,6.2,6.4,6.8,7.1,6.6,8.0,7.5,7.4,7.5,7.3,8.4,8.2,8.9,9.2,9.5,8.7,10.0,10.9,11.3,11.6
045015,5.1,5.6,5.9,5.5,6.5,6.8,7.0,7.4,7.5,7.2,7.7,7.7,7.9,7.1,8.1,8.0,8.6,9.1,10.0,9.6,9.1,10.6,10.7,12.3,12.5
045016,5.3,5.9,5.7,6.0,6.4,6.9,7.1,7.5,8.6,7.6,8.3,8.0,8.4,7.8,7.7,8.8,8.9,8.9,10.0,9.6,8.4,10.3,11.4,12.8,12.8
045017,7.0,6.3,7.1,7.4,7.8,8.5,8.6,8.9,9.1,9.1,9.0,9.4,9.6,9.5,9.7,9.7,10.6,10.9,11.2,11.6,11.0,11.3,13.2,12.8,13.5
046001,6.0,6.1,6.5,6.4,7.1,7.5,6.6,8.2,8.5,7.7,8.0,9.3,8.6,7.6,8.7,9.3,9.7,9.5,10.2,10.7,10.0,11.4,12.0,12.9,12.9
046002,3.8,4.3,4.9,4.8,4.9,5.6,6.0,6.0,6.5,6.3,6.5,6.4,6.4,6.8,6.6,6.9,7.4,8.0,7.8,8.4,7.7,8.3,9.5,11.1,10.7
046003,3.8,3.9,4.3,4.5,4.9,5.3,5.8,5.6,6.3,6.2,5.9,6.5,6.2,6.6,6.3,7.0,7.4,7.6,8.0,8.3,7.6,8.6,10.1,9.9,10.6
046004,3.0,3.2,3.1,3.7,3.7,4.2,4.0,4.4,4.9,5.2,5.3,5.6,5.2,4.9,5.1,5.4,6.0,6.1,6.7,6.4,6.5,7.4,7.9,9.0,8.8
046005,3.6,3.6,4.2,4.5,4.5,5.0,5.1,5.5,6.1,5.7,6.2,6.2,5.9,6.7,6.5,7.4,6.9,7.6,8.1,7.9,7.5,8.6,9.9,9.9,11.3
046006,4.7,5.1,5.5,5.7,5.9,6.7,6.6,6.9,7.8,7.3,7.8,7.6,7.0,7.5,7.5,8.2,8.3,8.3,9.1,9.0,9.0,9.8,10.3,11.6,11.6
046007,5.2,5.2,6.1,6.2,6.4,6.9,7.2,7.7,7.6,7.9,8.4,8.6,8.3,8.0,8.5,8.9,10.3,10.0,10.8,10.9,10.3,11.4,12.1,13.1,13.5
046008,5.5,5.3,5.8,5.7,6.2,6.5,6.9,7.3,7.1,7.3,7.3,7.6,7.6,7.4,7.7,7.9,8.5,8.7,8.7,9.6,8.4,9.8,9.9,11.1,11.2
046009,6.3,7.0,6.9,7.4,7.7,8.2,8.3,10.0,8.7,9.5,9.4,9.7,10.1,9.5,9.9,10.5,10.5,11.3,12.0,12.2,11.4,13.2,13.4,14.7,14.7
046010,5.9,5.5,6.2,6.4,7.2,6.9,8.2,7.8,9.1,7.6,8.6,8.7,8.3,8.4,9.2,8.8,9.8,9.9,10.6,10.3,10.2,11.4,12.2,12.5,12.8
046011,6.0,6.0,6.4,6.3,6.8,7.9,7.9,8.6,8.6,8.6,8.9,8.8,8.3,8.4,8.9,9.9,9.2,11.2,10.4,11.4,9.9,11.6,12.1,13.6,13.6
046013,4.0,4.5,5.0,4.9,5.5,5.4,5.5,6.0,6.9,6.3,6.5,7.2,6.7,6.6,6.7,7.4,7.7,7.5,8.5,9.2,8.1,8.7,10.1,10.6,11.8
046014,4.1,4.2,4.6,4.5,5.2,5.6,6.1,6.2,6.1,6.0,6.7,6.9,5.9,6.2,6.4,7.0,8.2,7.3,7.9,8.2,7.4,8.3,9.2,10.3,9.7
046015,4.3,4.6,4.6,4.9,5.4,5.4,5.6,6.1,6.2,6.2,6.4,6.9,6.5,6.1,6.9,7.3,7.7,7.5,7.4,7.5,7.6,8.0,9.1,10.0,10.4
046017,4.3,4.9,5.1,5.2,5.6,6.4,6.3,6.3,7.0,7.1,7.1,7.6,7.0,7.6,6.9,8.0,8.6,8.9,9.6,9.5,8.8,10.1,10.4,11.5,12.0
046018,4.3,4.6,5.2,5.1,5.4,5.7,6.0,6.3,6.6,6.8,6.6,7.2,6.3,6.9,7.4,7.4,7.6,7.7,8.2,8.4,8.1,8.5,9.3,9.6,10.2
046019,5.9,6.1,6.9,7.2,7.0,7.7,8.0,8.4,8.3,7.6,8.7,8.5,8.7,8.4,8.9,9.2,9.5,9.9,10.0,10.7,9.6,10.6,11.4,12.7,12.9
046020,5.0,5.4,6.1,6.3,6.7,6.3,7.7,7.0,7.8,7.9,7.9,8.3,8.4,7.6,8.2,8.4,8.6,9.8,10.1,10.2,9.6,10.7,11.4,12.4,12.7
046021,6.0,5.9,6.4,6.8,6.9,7.4,7.4,7.8,7.6,7.7,7.6,8.0,7.6,8.1,8.7,8.6,8.7,9.0,9.3,10.0,9.6,9.9,11.0,11.5,11.8
046022,4.4,5.2,4.9,5.4,5.0,5.9,6.6,7.1,7.3,6.7,7.2,7.4,7.9,7.2,7.7,8.2,8.2,8.9,10.1,9.8,8.7,9.3,11.5,11.6,11.9
046023,4.0,4.1,4.5,4.8,5.4,5.3,5.5,6.3,6.1,5.8,6.2,6.4,6.1,6.2,6.7,7.0,7.5,7.5,8.5,8.3,7.5,8.6,9.5,10.2,10.8
046024,4.0,4.4,4.5,4.8,5.1,5.2,5.5,6.1,6.5,5.6,6.7,6.4,6.9,6.5,7.0,7.4,7.5,7.3,8.0,8.2,8.4,8.5,9.5,10.3,10.6
046025,5.6,4.9,5.7,5.7,6.5,6.6,7.2,7.8,7.5,7.6,7.4,8.4,7.9,7.9,8.1,8.2,9.5,9.8,10.0,10.7,9.6,10.8,12.1,12.2,12.1
046026,7.0,8.0,8.5,8.7,9.6,9.8,10.4,11.6,11.3,11.0,11.2,11.8,12.0,11.2,11.1,11.9,12.2,13.1,14.0,13.6,12.8,14.3,15.5,15.9,16.5
046027,4.6,4.9,5.2,5.3,5.6,6.0,6.2,6.9,6.8,7.1,6.9,7.3,7.1,7.0,7.2,7.8,7.7,8.2,8.9,8.9,8.5,9.1,9.8,11.0,11.6
046028,5.3,5.7,5.9,5.9,6.6,7.1,7.8,8.2,8.1,8.2,8.6,9.4,9.1,8.5,8.7,9.1,9.0,10.0,11.0,11.1,10.4,10.5,12.9,13.6,13.6
046030,5.3,5.4,5.4,6.0,6.3,6.1,7.0,7.4,7.0,7.2,7.6,8.2,7.7,7.5,7.8,7.9,8.4,8.8,9.3,9.6,8.8,9.8,10.2,11.2,11.0
046031,4.5,4.6,4.5,5.1,5.7,5.9,6.4,6.6,6.8,6.6,6.8,6.9,6.8,7.2,7.2,7.6,7.8,7.8,8.5,8.7,7.7,9.0,10.0,10.7,10.3
046033,3.8,4.3,4.5,4.7,5.2,5.0,5.7,6.5,6.8,6.1,6.5,6.6,6.9,6.5,6.7,7.1,7.9,7.8,8.3,8.4,8.6,8.5,9.4,10.4,10.5
046034,5.6,5.7,6.1,6.7,7.1,7.2,6.9,8.3,8.6,7.6,8.2,8.8,8.6,8.2,8.9,9.2,9.6,10.0,10.3,10.3,9.5,10.5,12.0,12.7,12.8
046035,2.1,2.2,2.0,2.3,2.4,2.7,2.5,3.1,3.0,3.1,3.3,3.3,3.4,3.1,3.2,3.7,3.8,4.1,4.2,4.4,3.8,4.6,5.0,5.8,5.7
046036,4.3,4.7,4.7,5.0,5.9,5.8,6.2,6.3,7.0,6.4,7.1,6.7,7.4,6.6,7.3,7.2,8.7,8.4,8.8,9.2,8.7,10.5,10.0,12.0,12.0
046037,7.2,7.2,8.1,8.0,8.7,8.4,8.3,9.1,10.0,9.0,9.9,9.8,9.2,9.1,10.1,10.4,10.7,11.2,11.8,11.7,11.1,11.7,12.7,14.0,14.8
047002,3.4,3.3,4.1,4.5,4.4,4.6,4.7,5.7,5.5,5.7,5.3,5.7,5.5,6.1,5.7,6.0,6.8,7.1,7.0,7.5,6.6,8.1,8.3,9.7,10.3
047003,6.1,6.4,7.0,6.9,7.4,7.3,8.0,8.2,8.9,7.8,8.0,9.6,9.0,9.1,8.5,8.9,9.4,9.8,10.0,11.0,10.1,10.8,12.4,13.0,13.6
047005,5.9,6.7,7.2,6.5,7.3,8.4,7.9,8.0,9.0,8.5,8.9,9.5,9.8,8.8,9.9,9.7,10.8,11.1,11.4,11.4,10.8,12.0,12.4,13.4,13.3
047006,5.8,6.1,6.5,6.7,7.1,7.8,8.5,8.3,8.7,7.9,8.5,8.9,8.8,8.1,9.3,9.3,9.2,10.0,11.0,11.4,9.8,11.0,11.9,12.7,13.4
047007,5.3,5.4,5.9,5.9,6.2,6.4,7.0,7.7,7.2,6.8,7.1,8.1,7.5,6.9,7.2,7.6,8.1,8.7,9.0,9.2,8.1,8.9,10.1,10.7,11.1
047008,8.5,8.4,8.9,8.9,9.8,9.6,10.3,11.1,10.9,10.8,11.3,12.3,11.3,11.0,11.5,11.7,12.2,13.0,13.1,13.7,12.6,13.6,14.8,15.3,15.6
047009,5.7,6.1,6.0,6.0,6.8,7.2,7.4,7.1,7.7,7.0,8.4,7.8,7.5,7.4,7.6,7.9,8.5,8.9,9.4,9.0,9.0,9.4,10.8,11.1,11.5
047010,4.6,5.5,5.2,5.8,6.0,6.6,6.6,7.0,7.0,6.6,7.7,7.6,7.7,7.4,7.6,7.9,9.1,8.4,10.1,9.7,8.6,10.6,11.2,11.7,11.7
047011,6.4,6.9,7.1,7.4,8.1,8.3,8.9,9.0,9.7,9.0,9.3,9.7,9.9,9.9,9.8,10.3,10.2,10.9,11.7,11.9,10.5,11.9,12.4,13.7,14.1
047012,6.5,6.4,7.1,7.2,7.4,7.5,8.6,8.3,8.7,8.5,9.0,9.2,8.8,9.1,9.5,9.8,10.1,10.2,10.9,11.2,10.2,11.6,11.9,12.5,13.2
047013,6.9,6.7,6.8,7.3,7.3,8.1,8.1,9.1,9.2,8.6,8.9,9.5,9.5,9.6,9.7,10.3,10.7,11.1,11.8,12.0,11.2,11.7,13.3,13.9,14.0
047014,4.6,4.6,5.3,5.8,5.7,6.3,6.8,7.1,8.0,6.8,7.6,7.8,8.2,7.4,8.3,8.2,8.6,9.2,9.7,10.3,9.1,9.7,10.8,11.5,11.9
047016,6.2,6.4,7.1,7.6,7.9,7.9,8.5,8.9,8.9,8.9,9.7,10.0,9.1,9.4,9.2,10.1,10.4,10.5,11.5,11.2,10.8,12.7,13.0,14.4,14.4
047017,5.1,5.9,6.4,6.5,6.4,7.6,7.9,7.6,8.6,8.1,8.4,8.6,8.8,8.5,8.9,9.2,9.3,9.3,10.3,10.6,9.8,10.8,11.9,12.1,13.1
047018,4.2,4.4,4.7,5.4,5.8,5.8,6.0,6.7,6.6,6.3,6.5,7.0,6.5,6.8,7.4,7.9,7.7,8.0,8.7,9.0,8.0,9.3,10.3,10.3,10.4
047020,5.6,5.6,6.2,6.6,6.9,7.2,7.0,8.1,8.6,8.4,8.1,9.3,8.4,8.2,8.9,8.6,9.5,9.4,10.4,11.5,10.0,11.3,12.3,13.0,13.5
047021,4.9,4.9,5.3,5.4,6.3,5.9,6.6,7.0,7.1,7.3,7.3,7.6,6.9,6.9,7.4,7.6,7.6,8.6,8.5,9.1,8.0,9.1,9.5,10.8,11.3
047022,4.9,5.2,5.4,6.1,6.7,7.0,6.9,7.2,7.8,7.6,8.2,7.7,7.4,7.7,7.9,8.8,9.4,9.4,10.0,11.0,9.5,10.8,12.1,12.2,13.1
047023,4.7,5.0,5.1,5.6,5.5,6.3,6.0,6.2,7.0,6.0,7.1,7.3,7.3,6.7,6.8,7.3,7.6,7.8,8.1,8.6,8.2,8.7,9.5,10.7,12.2
047024,4.3,4.8,4.7,5.3,5.3,5.6,6.6,7.0,7.4,6.5,6.7,8.0,7.4,6.9,8.0,7.6,8.3,8.7,9.0,9.9,9.0,10.0,10.8,11.8,12.1
048001,4.5,4.8,4.9,5.6,5.4,6.0,6.4,6.4,6.5,6.5,6.9,6.8,6.7,6.7,6.7,7.2,7.3,8.2,8.2,9.1,8.0,8.7,9.7,10.4,10.7
048002,5.8,6.2,6.4,6.5,6.8,7.6,8.1,8.4,8.5,7.8,8.9,9.3,9.5,8.7,9.1,9.8,10.6,10.7,10.2,10.9,10.1,11.6,13.1,13.7,14.0
048004,3.8,3.8,4.0,4.4,4.6,5.0,5.2,5.5,5.4,5.6,5.3,5.6,5.9,5.6,5.5,6.5,6.6,7.0,7.2,7.4,6.9,7.6,7.9,9.6,9.3
048005,7.7,8.2,8.1,8.7,8.8,8.8,10.1,10.1,10.7,10.0,10.4,10.4,10.0,9.8,10.6,11.4,12.0,11.7,12.0,13.0,11.9,13.7,13.9,15.3,14.9
048006,5.5,5.8,6.1,6.3,6.8,7.3,7.6,7.8,8.2,7.9,8.4,8.8,8.7,8.2,8.7,8.9,9.3,9.6,10.1,10.2,10.2,10.4,12.1,13.2,13.1
048008,4.2,4.6,4.6,4.8,4.7,5.6,5.5,5.8,5.8,5.9,6.2,6.2,6.3,6.4,6.6,6.8,7.0,7.6,7.6,8.0,7.4,7.9,8.8,9.2,9.0
048010,5.1,5.7,5.9,6.2,5.9,6.4,6.9,7.4,7.7,7.3,8.1,7.8,7.7,7.6,7.9,8.4,8.8,9.0,9.3,10.0,8.6,9.7,10.4,12.0,11.9
048011,3.8,4.2,4.3,4.8,5.1,5.2,5.1,6.5,6.4,6.5,6.5,6.6,6.4,6.9,6.8,6.4,7.6,7.8,8.8,8.8,7.7,9.4,10.3,11.3,11.9
048012,5.3,5.1,5.4,5.9,6.9,6.8,7.0,7.4,8.3,8.2,8.5,8.2,8.3,8.4,9.0,9.4,9.3,10.1,9.9,11.5,9.6,11.6,11.5,12.6,13.2
048013,4.3,4.8,4.9,5.5,5.9,5.7,6.2,6.5,7.1,6.2,6.9,7.3,7.3,7.5,7.3,7.0,8.4,8.7,9.4,9.7,8.6,10.1,10.8,11.8,12.5
048014,5.8,6.5,6.6,6.9,7.5,7.2,7.3,7.7,8.1,7.9,8.2,8.7,8.5,8.1,8.3,8.7,8.9,9.7,9.7,10.2,9.5,10.8,10.4,11.7,12.2
048015,6.2,6.0,6.3,6.9,7.3,7.3,7.3,8.1,9.0,8.7,8.8,9.0,8.8,8.6,9.2,9.8,10.1,9.9,9.7,11.1,9.9,11.6,12.7,12.8,14.3
048017,5.6,6.3,6.5,6.3,7.0,7.2,8.0,7.7,8.2,8.5,8.7,9.1,8.4,8.4,8.7,9.0,9.5,9.9,10.3,10.5,10.1,10.6,11.5,11.9,12.9
048018,6.8,7.2,8.2,8.2,8.2,8.5,9.0,9.3,10.0,9.8,9.7,10.4,10.2,9.6,10.5,10.5,10.5,11.5,12.3,12.8,11.3,12.7,13.3,14.1,14.7
048019,4.6,4.9,5.0,5.4,6.1,5.7,6.6,6.6,6.9,6.5,6.8,7.8,7.1,6.8,7.7,8.0,7.9,8.5,8.5,8.5,8.2,8.7,9.7,10.7,11.0
048020,5.9,6.2,6.4,6.6,6.7,7.7,7.9,8.4,8.3,8.0,9.0,8.8,8.7,8.5,8.7,9.1,9.6,9.5,10.2,10.7,9.4,10.9,12.2,12.6,12.9
048021,3.8,3.7,4.0,4.3,4.3,4.4,4.9,5.3,5.2,5.3,5.6,5.3,5.4,4.8,5.3,6.2,6.4,6.1,6.9,6.9,6.1,6.8,7.4,8.8,9.3
048022,4.3,4.2,4.4,5.2,5.3,5.1,5.6,6.1,6.5,5.8,6.5,6.2,6.1,6.0,6.3,6.1,7.1,7.1,8.0,7.9,7.3,8.1,9.3,10.0,10.3
048024,4.2,5.1,5.5,5.7,5.8,6.3,6.6,6.6,7.5,6.5,7.3,7.7,7.8,6.9,7.7,8.0,8.5,8.9,9.0,9.8,8.8,9.5,10.5,10.8,11.2
048025,2.8,3.1,3.6,3.9,3.8,4.2,4.3,5.0,5.0,5.0,5.1,5.6,4.9,5.3,5.7,5.8,6.4,6.3,6.8,7.4,7.0,7.2,8.0,9.3,9.3
048026,4.7,4.9,5.2,5.6,5.8,6.0,6.4,6.5,6.8,6.3,7.4,7.4,7.0,7.0,7.4,8.1,8.1,8.5,8.9,9.3,8.8,9.4,10.2,11.2,11.5
048027,3.1,3.5,3.2,3.8,4.1,4.6,4.7,5.5,4.8,4.9,5.4,5.4,5.4,5.8,6.0,6.2,6.5,6.6,7.4,7.5,6.9,8.1,8.3,9.1,10.0
048028,6.4,6.4,7.1,7.1,7.7,7.8,8.1,8.6,8.9,8.1,8.6,9.1,8.9,8.7,9.0,9.4,9.4,9.7,10.8,11.1,10.4,11.2,11.9,12.8,13.4
048030,5.8,6.2,6.7,7.1,7.7,8.2,7.9,9.4,9.6,9.0,9.8,10.1,9.2,8.9,9.4,9.3,10.2,11.0,11.7,11.1,10.7,11.8,12.6,14.1,14.9
048031,3.9,3.8,4.2,4.7,5.2,5.2,5.6,6.2,5.9,5.8,6.5,6.5,6.4,6.1,6.8,7.0,7.2,7.5,8.2,7.9,7.8,8.8,9.4,10.4,10.8
048032,6.3,6.7,7.0,7.3,7.3,7.5,7.4,8.2,8.5,8.2,9.1,9.0,9.0,9.2,9.3,9.7,9.8,10.1,10.9,11.9,10.6,11.3,11.7,13.1,13.8
048033,3.3,4.1,4.3,4.3,4.7,5.1,5.6,5.6,5.8,5.7,6.0,6.4,5.9,5.8,6.2,6.6,6.8,7.1,7.3,7.9,7.5,8.4,9.2,9.3,10.2
048035,3.2,3.9,4.0,4.1,4.4,4.9,4.5,5.7,5.9,5.3,5.6,6.5,6.0,6.6,6.4,6.7,6.5,7.3,7.7,8.8,7.2,8.5,9.2,10.5,10.0
048036,4.6,4.8,5.0,5.7,5.6,6.0,6.2,7.2,7.1,6.3,6.7,7.4,6.9,7.2,7.2,7.7,8.0,8.3,8.3,9.9,8.3,9.3,9.9,10.9,12.0
048037,4.6,4.8,5.5,5.6,5.9,6.2,6.5,7.1,6.7,6.8,7.2,7.1,7.2,7.4,7.7,7.5,8.1,8.4,8.9,8.9,8.7,9.2,10.4,10.7,11.3
048038,3.7,4.2,4.2,4.8,4.7,4.5,5.6,6.0,6.5,5.6,5.7,6.4,6.1,5.9,6.5,6.6,7.2,7.6,7.2,8.1,7.4,9.1,9.0,9.9,11.0
048039,6.0,5.8,6.7,7.1,7.6,7.6,7.7,8.7,8.6,8.5,9.0,9.8,9.2,8.8,8.8,9.5,10.1,10.0,10.8,11.2,10.8,12.1,12.1,13.3,13.9
048041,4.0,4.2,4.5,4.8,5.5,5.2,6.1,6.4,6.1,6.4,7.0,6.7,7.2,6.7,6.9,7.3,7.5,7.8,8.6,8.2,8.1,8.7,9.8,11.0,10.9
048043,4.2,4.4,4.8,5.3,5.3,5.4,5.9,5.8,6.4,6.1,6.3,6.5,6.5,6.3,6.9,7.1,7.4,7.3,8.1,8.4,8.2,8.7,9.4,10.4,10.6
048044,5.1,5.2,5.0,5.4,6.1,6.3,6.2,7.0,7.1,6.8,7.4,7.5,7.4,7.4,8.2,8.0,8.0,7.6,9.0,9.6,8.5,9.5,10.4,11.2,11.4
048046,5.2,5.3,5.8,6.1,6.0,6.7,6.6,7.0,6.9,7.1,6.9,7.9,7.7,7.7,7.9,8.1,8.4,9.0,9.2,9.5,9.1,9.7,10.4,10.6,11.8
048049,5.9,5.8,5.8,6.1,6.6,6.8,7.4,7.9,7.8,7.9,8.6,8.2,8.0,8.1,8.9,9.3,9.9,9.9,10.6,10.1,9.6,11.1,11.9,13.4,13.2
048050,6.4,6.5,7.0,7.3,7.8,8.3,8.0,8.2,8.4,8.7,9.2,8.6,9.2,8.2,9.7,9.9,9.2,10.1,10.5,10.5,10.4,10.8,12.0,13.0,12.9
048052,5.5,5.4,6.3,6.5,6.0,7.1,7.8,7.6,8.6,7.9,7.6,8.9,8.7,8.2,8.9,8.5,9.1,9.7,10.2,10.6,10.1,10.9,11.9,12.9,13.0
048053,6.5,7.2,6.8,7.9,7.8,8.4,8.3,8.4,9.4,8.7,8.7,9.5,9.4,9.2,9.9,10.1,10.7,10.8,10.7,11.9,10.7,11.4,12.4,13.3,13.9
048054,5.0,5.9,5.7,6.4,7.0,6.5,7.5,7.8,8.1,7.4,7.9,8.6,8.1,7.6,8.4,8.3,9.5,9.0,10.2,10.3,9.3,10.3,11.3,13.1,12.7
049001,3.1,3.4,3.0,3.4,3.7,4.1,4.0,4.5,4.6,4.5,4.4,5.5,4.7,4.7,5.2,5.6,5.4,5.8,6.1,6.6,6.1,6.6,7.4,8.2,8.2
049002,5.3,5.3,5.6,6.0,6.5,6.6,6.8,7.6,7.5,7.4,8.4,8.8,7.5,7.7,8.6,8.6,8.6,9.5,10.1,10.1,9.2,9.9,10.7,12.4,12.9
049003,4.3,4.3,4.5,5.3,5.3,5.7,5.6,6.2,6.6,6.1,6.6,6.8,6.7,6.5,7.0,7.3,8.0,7.8,8.6,8.7,8.4,8.4,10.1,10.8,10.9
049004,4.9,4.9,5.4,5.4,6.2,6.5,6.5,6.8,6.9,6.6,7.5,7.9,7.0,7.5,7.4,8.0,8.2,8.4,8.9,9.0,8.6,9.3,10.5,11.0,11.6
049005,6.7,7.1,7.4,7.9,7.9,8.8,8.4,9.5,10.0,9.0,9.2,9.9,9.4,9.7,9.7,10.3,10.2,11.2,10.9,11.0,10.8,12.1,12.7,13.1,13.8
049006,3.4,3.4,3.7,4.1,4.1,4.7,5.0,5.3,5.7,5.2,5.1,5.4,5.6,5.3,5.5,5.9,6.1,6.3,6.7,6.9,6.4,7.1,8.0,8.1,8.8
049007,4.3,3.9,4.6,4.2,5.2,5.4,5.5,6.0,6.2,6.1,6.1,6.4,6.1,5.9,5.9,6.2,7.4,6.6,7.1,7.5,7.2,8.3,8.9,9.3,10.0
049008,6.2,6.8,6.8,7.2,7.6,8.0,8.4,8.5,9.2,9.0,9.1,9.3,9.2,8.4,9.3,10.0,10.0,10.4,11.0,10.8,10.5,11.7,12.4,13.3,13.8
049009,5.9,6.3,6.6,6.6,7.3,7.5,7.3,8.3,8.5,7.8,8.4,9.5,9.0,8.5,9.0,9.4,9.4,10.3,10.5,10.7,10.6,11.4,12.4,13.1,13.2
049010,5.4,5.7,6.2,6.0,5.8,6.6,6.8,7.1,7.8,7.7,8.2,7.7,7.5,7.5,7.9,8.2,9.2,8.9,9.1,9.4,9.2,9.9,11.1,11.6,12.0
049011,2.8,3.3,3.3,3.5,4.0,3.7,3.7,4.8,4.8,4.8,5.2,5.1,4.8,4.9,5.2,5.3,6.0,6.1,6.7,7.5,6.4,7.3,7.6,7.7,8.6
049012,2.8,2.8,3.5,3.4,3.8,3.9,3.9,4.2,4.9,4.6,5.1,5.1,5.1,5.2,5.4,5.5,5.5,6.4,6.4,6.9,6.2,6.7,7.2,7.9,8.6
049013,4.0,4.7,4.7,4.9,4.6,5.4,5.7,6.0,5.9,5.6,6.7,6.6,6.4,6.8,6.4,7.2,7.5,7.3,8.4,8.3,8.2,8.7,9.3,11.2,11.9
049014,5.7,5.8,5.8,6.6,6.7,7.0,7.3,8.2,9.0,7.6,8.1,8.1,7.9,7.7,7.9,8.2,9.1,9.3,9.7,10.2,8.9,10.3,11.5,11.7,11.8
049017,6.9,6.8,7.7,8.1,7.8,8.8,9.4,9.3,10.1,10.0,10.0,10.1,9.6,9.9,10.3,10.3,12.0,11.4,11.4,12.0,11.5,12.6,14.0,14.1,14.8
049018,5.3,5.2,5.6,5.7,6.5,6.4,6.5,7.4,7.7,7.3,7.6,8.0,7.9,7.2,8.1,7.7,8.3,9.1,9.1,9.4,9.3,9.0,10.7,11.1,11.7
049019,4.8,5.2,5.8,5.9,5.3,6.0,6.1,7.0,7.3,7.0,7.3,7.9,7.6,6.8,7.5,7.7,8.9,9.0,8.8,9.1,8.4,9.8,10.6,11.0,11.2
049020,4.5,4.8,4.9,4.9,5.1,5.8,6.2,6.4,6.7,6.2,6.0,6.7,6.7,6.6,6.6,7.0,7.4,8.0,8.5,8.8,8.0,8.6,9.1,10.0,10.9
049021,5.2,5.2,5.8,5.5,6.0,6.9,6.8,7.6,7.8,7.3,7.6,8.2,8.0,8.2,7.6,8.4,8.2,9.5,9.6,9.7,9.3,10.0,11.1,12.2,12.8
050001,6.1,5.7,6.4,6.9,7.4,7.5,7.8,8.7,8.5,8.2,8.8,9.1,8.8,9.1,8.9,9.3,10.2,10.2,10.4,10.7,10.0,10.7,11.4,12.7,12.4
050002,3.7,3.8,3.9,4.9,5.0,5.1,5.5,6.0,6.0,6.6,6.1,6.7,6.3,6.3,7.2,7.2,7.7,7.6,8.3,8.4,7.4,9.1,9.5,10.7,10.9
050003,5.5,5.8,6.4,6.1,7.2,7.4,7.6,7.6,8.8,7.6,8.5,8.8,8.4,8.0,8.8,9.1,9.2,9.8,10.4,11.1,9.7,11.0,12.6,13.0,14.0
050004,4.1,3.8,4.5,4.7,4.7,5.5,5.2,5.6,6.0,5.9,5.6,6.4,6.3,6.1,6.5,6.6,6.9,7.4,7.3,7.8,7.3,8.1,8.9,9.5,10.3
050005,4.7,4.8,5.3,5.8,6.0,6.3,6.6,6.8,7.5,7.0,7.3,7.8,7.3,7.5,7.6,8.2,9.0,9.1,9.6,9.8,9.5,10.4,10.7,11.1,11.4
050006,4.8,4.8,5.3,5.4,5.5,6.2,6.2,5.9,6.5,6.7,7.0,7.0,6.9,6.9,7.3,7.4,7.7,8.0,8.8,9.1,8.7,9.2,9.3,10.9,11.4
050008,5.8,6.5,6.6,6.3,7.7,7.4,8.3,8.0,9.6,9.0,8.7,9.6,9.1,9.2,9.5,9.3,10.2,10.7,11.4,11.6,11.1,11.6,12.0,13.4,14.0
050009,4.5,5.0,5.0,5.2,5.7,5.8,5.9,6.4,6.7,6.3,6.6,7.1,6.9,6.9,7.4,7.8,7.7,8.2,7.9,8.7,8.6,9.0,10.0,11.3,11.0
050010,3.0,3.1,3.2,3.6,3.9,4.0,4.4,4.4,4.5,4.6,4.7,5.0,4.9,4.8,5.2,5.3,5.6,5.9,6.3,6.0,5.9,6.5,7.4,7.7,8.0
050011,3.3,3.7,3.8,4.2,4.3,4.5,4.6,4.7,5.6,4.9,5.3,5.7,5.4,5.6,5.8,6.1,6.6,6.4,7.1,7.0,6.9,7.7,8.1,8.9,9.5
050012,5.2,6.0,5.7,6.4,7.0,7.3,7.5,7.7,8.5,7.6,8.3,8.9,8.8,7.7,8.7,9.5,9.4,10.1,9.7,10.1,9.8,10.2,12.2,13.1,13.4
050014,2.3,2.6,2.7,2.6,2.8,3.3,3.3,3.5,3.6,3.6,3.9,4.2,4.0,3.6,4.1,4.4,4.8,4.8,5.1,5.2,5.2,5.4,6.0,7.1,7.0
050015,5.6,6.6,6.5,7.4,7.3,7.8,7.8,8.3,9.1,8.2,8.7,9.6,9.3,9.3,8.6,9.5,9.7,11.1,10.1,10.9,10.6,11.8,13.2,13.2,14.2
050016,5.7,5.9,6.1,6.5,6.5,6.9,8.0,7.6,8.5,8.1,7.7,8.8,7.9,8.2,8.6,9.4,9.5,9.7,10.1,10.3,10.0,11.0,11.5,12.8,13.1
050019,3.7,4.2,4.3,4.7,4.9,5.4,5.4,5.4,6.3,5.7,6.2,6.8,6.6,5.9,6.1,6.9,7.1,7.2,8.1,7.9,7.2,8.2,8.7,9.6,10.2
050020,4.0,4.1,4.3,4.5,4.9,4.7,5.5,5.5,6.0,5.7,6.1,6.9,5.9,6.6,6.0,6.9,7.0,7.2,7.0,8.1,7.5,8.0,9.3,9.7,10.6
050021,5.1,5.2,5.7,5.6,6.2,6.6,7.2,7.4,7.5,7.7,7.6,8.3,7.5,7.8,8.3,8.5,8.7,8.9,9.3,9.8,9.2,10.2,10.9,11.9,11.8
050022,5.1,5.6,5.9,6.0,6.1,6.7,6.6,7.4,7.6,7.2,7.8,7.8,7.6,7.6,7.5,8.5,9.1,9.0,9.2,9.8,9.0,10.3,10.3,11.4,11.5
050023,4.1,4.5,4.4,5.0,4.9,5.2,5.6,5.8,6.0,5.8,6.4,6.1,6.6,6.2,7.0,7.0,7.1,7.4,7.5,8.2,7.6,7.8,9.4,10.1,9.4
050024,3.4,3.8,4.4,4.4,4.6,5.0,5.3,5.5,5.8,6.0,6.3,6.7,6.5,6.1,6.0,6.6,7.2,8.1,8.1,8.1,7.5,8.5,9.3,10.0,10.6
050025,4.0,4.1,4.3,4.6,5.0,5.2,5.7,5.6,5.5,6.4,6.4,6.7,6.6,6.4,6.8,7.4,7.4,7.9,8.3,8.5,7.9,8.5,9.5,10.3,11.3
050026,3.9,4.5,4.3,4.7,4.4,5.3,5.5,5.8,6.6,5.7,5.9,6.2,6.3,5.9,6.1,6.8,7.0,7.3,7.7,8.1,7.3,8.6,9.2,9.5,9.5
050027,4.9,5.4,5.1,5.2,6.3,6.3,6.6,7.1,7.2,6.7,7.2,7.4,7.7,7.6,7.5,7.7,8.4,9.4,8.8,9.1,8.3,9.7,10.8,12.2,11.9
050028,3.3,3.7,3.7,4.0,4.5,4.8,4.8,5.6,5.0,5.4,5.7,5.8,5.9,5.5,6.0,6.5,7.0,6.7,7.1,7.5,7.0,7.8,8.4,9.9,9.7
050029,2.6,2.5,2.7,3.0,3.1,3.5,3.3,3.9,3.8,3.7,4.2,4.7,4.4,4.5,4.1,4.7,4.9,5.2,5.5,5.9,5.7,6.5,7.1,7.5,7.5
050030,3.8,4.5,4.7,4.6,5.3,5.6,6.0,6.4,6.6,6.4,6.2,6.4,6.6,6.9,7.2,7.5,7.1,7.9,8.2,8.8,8.2,9.0,9.5,10.3,11.2
050031,3.6,3.6,3.9,4.5,4.4,5.1,4.8,5.5,5.7,5.8,5.8,5.8,5.9,5.7,5.5,6.6,6.5,6.5,7.5,7.5,6.8,7.9,8.9,9.4,10.0
050032,6.3,6.3,7.0,7.3,7.7,8.2,8.6,9.1,9.3,9.1,9.5,10.2,9.3,8.9,9.6,10.5,10.7,10.6,11.0,11.9,11.1,12.6,12.4,13.7,14.0
050033,4.5,4.4,4.5,4.8,5.2,5.2,5.9,6.0,6.1,5.8,6.5,6.3,6.4,6.3,6.1,6.6,7.1,7.2,7.7,8.2,6.9,7.8,8.3,9.2,10.1
050034,4.3,5.6,5.3,6.0,5.9,6.5,6.9,7.1,7.9,7.3,7.5,7.9,7.3,7.7,7.8,8.7,8.8,9.3,9.7,9.9,9.1,10.0,10.6,11.9,12.6
050035,7.9,8.6,8.7,8.8,9.6,9.7,10.3,10.4,11.0,10.2,10.7,11.3,11.4,10.4,11.3,11.5,11.7,12.7,13.0,13.2,11.7,13.2,14.4,15.3,15.5
050036,5.8,6.2,6.7,7.1,6.9,8.0,8.3,9.0,8.8,8.2,8.1,9.0,8.9,8.4,8.7,9.3,9.8,10.5,11.0,11.9,10.5,11.4,12.1,13.2,14.3
050037,3.4,3.5,3.8,3.9,4.2,4.5,4.7,5.2,5.1,5.0,5.6,5.7,5.6,5.7,5.8,6.3,6.5,6.4,6.7,7.4,6.5,7.3,8.1,8.3,8.7
050038,4.2,4.3,4.5,5.0,5.0,5.2,5.6,5.5,6.6,6.1,6.2,6.7,6.4,6.5,6.1,6.8,7.3,8.0,8.3,8.5,7.5,8.4,9.1,9.7,10.2
050039,3.7,4.0,4.0,4.5,4.8,4.8,5.2,5.2,5.7,6.0,6.1,6.6,6.6,5.9,6.5,6.5,6.8,7.1,7.7,8.3,7.6,8.5,9.1,9.9,10.4
050040,5.5,6.2,6.4,7.0,6.9,7.7,8.1,7.9,8.1,8.4,8.3,9.0,8.5,8.3,8.9,8.7,9.6,10.0,10.3,10.4,10.1,10.6,11.8,12.1,12.9
050041,4.0,4.7,5.0,4.7,5.4,6.2,6.2,6.3,6.7,5.9,7.0,7.0,7.3,6.7,7.1,7.4,7.4,7.9,8.6,8.7,8.2,8.6,10.2,10.6,11.8
051001,4.7,4.8,4.8,5.3,5.8,5.7,6.0,6.6,7.1,6.4,7.1,6.8,6.5,7.0,6.9,7.4,7.6,8.5,8.3,9.0,7.8,9.5,10.1,9.9,11.2
051002,4.1,4.7,4.9,4.6,5.2,5.5,5.8,6.3,6.8,5.9,6.7,7.2,6.5,6.9,7.3,7.6,7.8,8.1,8.2,8.5,8.2,9.1,10.6,10.7,11.5
051003,6.6,7.5,7.8,7.4,8.5,8.6,9.8,9.9,9.7,9.4,9.8,10.5,10.2,10.0,10.0,10.6,11.1,11.0,11.5,12.2,11.8,12.6,13.4,14.0,14.1
051004,2.9,3.2,3.6,3.7,3.9,4.3,4.2,4.8,4.6,4.9,4.7,5.1,4.4,4.8,4.9,5.3,5.7,5.5,5.7,6.5,5.9,6.5,7.3,8.1,8.2
051005,5.3,5.1,5.2,5.8,6.5,6.5,6.8,6.7,7.8,6.8,7.2,7.7,7.7,7.3,7.5,8.1,8.6,8.6,8.8,9.5,8.8,9.3,10.5,11.8,11.1
051006,5.6,5.5,5.1,6.0,6.6,6.5,6.5,6.8,7.7,7.4,7.9,8.3,7.6,7.6,7.7,8.7,8.3,8.8,9.3,9.6,9.7,9.8,10.8,10.9,12.6
051007,6.8,6.7,7.4,7.3,8.1,8.4,8.6,8.7,9.5,8.8,9.5,10.3,10.1,9.6,10.2,10.3,10.1,10.4,11.9,11.6,11.4,12.2,12.8,14.2,14.3
051008,4.4,4.9,4.8,5.7,5.4,5.6,6.3,7.0,6.9,6.6,6.4,6.3,6.8,6.4,6.9,7.7,7.4,7.9,8.4,8.7,8.0,8.9,9.5,10.1,10.5
051010,6.5,6.9,7.0,7.4,8.4,8.2,8.3,9.3,9.8,9.1,9.8,10.1,10.2,9.8,10.3,10.6,11.1,11.6,11.4,12.3,11.6,12.6,13.0,14.1,14.5
051011,5.6,6.2,6.3,6.7,6.8,7.5,7.5,7.7,8.5,7.7,8.2,8.5,8.2,8.0,8.3,8.3,8.4,9.3,9.4,10.0,9.4,10.5,11.0,12.7,13.6
051012,5.6,5.8,6.7,6.5,7.2,7.3,7.6,8.5,8.3,8.4,9.0,9.0,9.0,9.1,9.2,9.8,10.3,10.4,11.4,11.0,10.8,11.8,12.4,13.3,13.8
051013,8.9,8.6,9.0,9.1,9.9,10.1,10.9,11.8,12.4,11.3,11.7,11.6,11.2,11.4,12.1,12.2,13.0,14.5,14.0,14.8,13.2,14.5,15.1,15.8,17.8
051014,8.5,9.3,9.7,9.8,10.0,10.1,11.5,11.7,12.7,11.9,12.1,12.6,12.6,12.2,13.1,13.2,13.3,13.7,14.3,14.5,13.7,15.2,15.2,17.1,17.2
051015,3.0,3.6,3.6,3.7,4.0,4.1,4.4,4.7,5.3,4.5,4.8,4.9,5.4,4.9,5.6,5.7,5.6,7.0,7.0,6.6,6.9,7.1,7.8,9.0,8.8
051016,2.2,2.5,2.7,3.0,3.0,3.4,3.6,3.7,4.0,4.2,4.2,4.6,4.1,3.7,4.5,4.4,4.7,4.6,5.6,5.4,5.3,5.4,6.4,6.7,7.3
051017,5.5,5.9,6.5,6.8,6.6,7.4,7.5,7.9,8.2,7.9,8.0,8.2,8.3,8.1,8.3,8.9,8.9,9.0,10.1,10.1,9.5,10.2,11.0,11.4,12.3
051018,3.5,3.8,4.3,4.1,4.6,4.8,4.9,5.0,5.1,5.0,5.3,6.0,5.2,5.5,6.0,6.1,6.4,6.6,7.6,7.4,7.0,7.5,8.0,9.3,9.1
051020,5.2,5.0,5.6,5.4,6.1,6.1,6.4,6.7,7.0,6.7,6.7,7.6,7.1,6.9,7.6,7.9,7.7,8.8,8.7,8.9,8.4,9.3,10.0,10.4,10.5
051021,4.1,4.3,4.9,4.8,5.3,5.6,6.1,6.1,6.0,6.7,6.1,6.9,5.8,6.0,6.8,6.8,7.4,7.7,8.1,9.0,8.0,8.6,9.5,10.3,10.6
051022,5.5,6.6,6.1,6.7,7.6,7.8,7.8,9.1,9.1,8.6,9.8,9.7,9.5,9.1,10.1,10.2,10.6,11.2,10.9,12.3,10.7,12.2,13.3,14.7,14.9
051023,5.7,6.5,6.4,7.0,7.5,7.9,7.9,8.4,9.0,8.8,9.5,9.4,8.6,8.9,9.2,9.8,10.8,10.3,10.4,10.8,11.1,12.5,12.9,13.3,14.1
051024,2.7,3.0,2.9,3.2,3.8,3.8,3.7,4.5,5.0,4.8,4.9,5.4,5.0,5.3,5.4,5.1,6.1,6.2,6.2,6.9,6.8,7.6,7.8,8.2,9.2
051025,4.1,4.3,4.9,4.9,5.2,5.3,5.9,5.8,6.1,6.5,6.1,6.4,6.3,6.0,6.7,7.1,6.7,7.7,7.7,8.3,7.5,8.2,8.7,9.7,10.5
051026,5.2,5.6,6.2,5.7,6.4,7.0,7.2,7.2,8.4,7.7,7.8,8.1,7.7,7.6,8.0,8.3,8.8,9.6,9.9,10.1,9.5,10.1,10.6,11.6,12.6
051027,4.4,4.6,5.0,5.7,5.8,5.6,6.5,7.1,6.7,6.2,6.5,7.1,6.5,6.6,6.7,7.4,7.6,8.3,8.8,8.8,8.1,8.8,8.9,10.5,11.3
051030,5.9,6.8,7.4,6.8,8.0,8.4,8.5,8.3,9.7,9.3,8.8,9.6,9.4,8.9,10.0,10.3,10.6,10.7,11.4,11.6,10.9,12.2,12.1,14.6,14.6
051031,4.0,4.4,4.4,4.2,4.8,5.0,5.3,5.5,6.0,5.4,5.7,6.2,5.5,5.8,6.2,6.5,6.5,6.9,6.9,7.6,7.3,7.8,7.9,8.8,9.6
051033,6.5,7.2,7.7,7.6,8.1,8.5,9.2,9.4,9.7,9.3,9.4,10.0,9.9,9.9,9.7,11.1,11.2,11.5,11.3,12.4,11.7,12.3,13.6,14.4,15.1
051034,7.0,7.2,7.6,8.0,8.9,8.9,8.6,9.1,9.7,9.3,10.1,10.1,10.2,10.3,10.2,11.3,10.7,11.8,12.4,12.4,12.0,12.5,13.9,14.4,14.9
051035,4.1,4.2,4.5,4.6,4.8,5.1,5.5,6.0,6.3,5.6,6.5,6.3,6.0,6.9,6.3,7.3,7.0,8.0,8.4,8.4,7.9,8.8,8.9,10.0,11.2
051037,4.9,5.5,5.0,5.5,5.6,6.4,6.8,7.4,7.4,6.8,7.7,7.9,8.0,7.8,7.8,8.3,8.7,9.0,9.3,9.9,9.3,10.1,10.9,11.8,12.7
051038,4.9,5.1,5.2,6.0,6.1,5.9,6.2,6.8,7.8,7.3,7.9,7.6,7.4,7.4,8.0,7.7,8.4,9.1,10.0,9.5,9.5,9.2,9.9,11.2,11.6
051039,5.9,6.4,6.7,7.1,7.3,7.5,7.6,9.0,9.1,9.0,8.7,9.4,8.8,10.0,10.1,10.6,10.3,10.4,11.6,12.0,11.1,11.5,13.4,14.0,14.8
051040,2.7,3.3,3.4,3.9,4.2,4.8,4.5,5.0,4.9,5.1,4.7,5.1,5.4,5.6,5.5,5.9,6.0,7.3,7.0,6.7,6.5,7.7,8.0,9.1,9.4
051041,2.6,3.0,3.2,3.4,4.0,4.2,4.2,4.9,5.0,4.4,5.0,5.6,5.2,4.9,4.8,5.9,6.1,6.3,6.9,7.2,6.6,7.4,8.0,8.5,8.6
051042,4.0,4.4,4.6,4.9,5.0,5.5,5.7,6.2,6.5,6.1,6.4,6.1,6.6,6.1,6.7,6.9,7.3,7.4,8.3,7.8,7.7,8.2,9.3,9.7,10.8
052001,4.8,5.6,5.9,5.7,6.1,6.3,7.3,6.8,8.0,7.3,7.6,8.2,7.9,7.5,8.0,8.3,8.7,9.2,9.1,9.9,9.1,10.5,11.1,10.9,12.4
052002,4.8,5.1,4.8,6.0,6.1,6.1,6.6,6.6,7.5,7.3,6.9,7.2,7.8,7.3,7.9,8.3,8.2,8.9,9.2,9.7,9.1,10.2,10.3,11.6,11.9
052003,4.5,5.0,5.1,5.7,5.9,6.2,6.6,6.9,7.2,6.8,7.3,7.4,7.2,7.0,8.1,7.7,7.9,8.5,9.3,9.5,8.7,9.7,10.9,11.5,11.5
052004,4.9,5.5,5.6,5.9,6.3,6.5,6.7,7.2,8.0,7.2,7.7,7.8,7.9,7.3,8.0,8.2,8.6,9.2,8.8,9.9,8.6,10.0,10.9,11.7,12.5
052005,3.8,4.2,4.1,4.8,5.2,5.4,5.5,6.0,6.0,6.1,6.3,6.7,6.3,6.2,6.5,7.4,6.8,7.2,8.0,8.3,7.7,8.9,9.0,10.1,10.6
052006,5.2,5.2,5.4,6.1,6.0,6.8,7.0,7.1,7.5,7.2,7.4,8.0,7.5,7.7,7.3,7.7,8.8,8.9,9.5,9.9,8.9,9.6,10.4,11.4,10.9
052007,3.4,3.8,3.9,4.5,4.3,4.6,4.8,5.7,5.9,5.8,5.8,5.9,5.8,5.6,6.1,6.7,7.5,7.1,8.5,9.1,7.4,8.3,10.0,10.1,10.9
052008,3.9,4.0,4.1,4.3,4.6,5.0,5.2,5.6,5.4,5.4,5.9,6.7,5.9,5.5,6.3,6.7,6.6,7.0,7.4,7.7,7.4,7.5,9.0,8.9,9.2
052009,3.8,3.8,4.3,4.0,4.7,4.8,5.0,5.9,6.0,5.3,5.7,5.9,5.8,5.8,6.1,6.4,7.2,7.5,7.5,8.3,7.4,7.8,8.9,9.8,10.8
052010,2.5,2.8,2.7,3.0,3.2,3.2,4.0,4.3,4.6,4.4,4.3,4.8,4.8,5.1,5.3,5.2,5.7,6.1,6.2,6.6,6.6,7.0,7.4,8.8,8.5
052011,4.9,5.1,5.5,5.9,6.4,6.5,6.8,7.6,7.6,7.0,7.9,8.1,8.1,7.6,7.9,8.8,8.9,9.6,9.7,10.2,9.5,10.4,11.1,12.0,12.9
052012,5.1,5.8,6.1,6.1,6.5,7.2,6.8,7.7,7.6,7.1,8.0,8.3,7.8,7.7,7.5,7.8,8.9,8.5,10.0,10.2,8.6,10.2,10.7,12.0,12.1
052013,5.4,6.2,6.0,6.1,6.3,7.2,7.3,8.0,8.3,7.7,7.8,8.6,8.5,8.1,8.6,9.2,9.3,9.8,10.1,10.5,9.6,10.5,11.4,12.7,12.8
052015,5.4,6.1,6.4,6.3,6.7,7.4,7.1,8.1,8.6,8.2,7.9,8.9,8.5,7.5,8.0,8.7,9.9,9.1,9.8,9.5,9.7,10.5,11.4,12.1,12.8
052016,6.2,6.6,7.4,7.5,8.2,8.3,8.6,8.8,9.3,9.0,9.1,9.5,9.2,9.6,9.8,10.3,10.5,11.3,11.2,11.2,10.8,11.6,12.3,13.0,13.6
052017,6.8,6.7,7.2,8.0,8.4,8.9,9.1,9.6,10.3,9.4,9.8,10.2,10.3,10.1,10.5,10.3,11.4,11.8,12.8,13.1,11.8,13.3,15.3,16.1,16.1
052018,5.1,6.2,5.8,6.0,6.6,6.4,7.1,7.0,7.9,7.3,7.7,7.9,7.5,8.3,8.5,7.9,8.9,9.3,9.4,9.9,9.6,10.3,11.4,11.9,12.4
052019,4.6,4.8,5.0,5.7,5.7,6.2,6.0,7.0,7.8,6.8,7.3,7.9,7.1,7.1,7.2,7.9,8.5,9.2,8.9,9.3,8.5,10.4,10.2,12.2,12.3
052020,5.5,5.9,6.1,6.3,7.4,7.4,7.3,7.4,8.3,7.8,7.8,8.4,9.0,8.1,8.4,8.8,8.8,9.7,9.8,10.2,9.4,10.5,11.2,12.0,12.5
052021,5.1,5.8,5.7,5.9,6.0,6.4,6.6,7.2,7.6,7.5,8.2,8.2,7.9,7.8,7.9,8.5,9.0,9.7,9.3,10.4,9.2,10.9,11.3,12.1,12.8
052022,5.2,5.3,5.4,5.7,6.1,6.7,6.0,7.1,6.7,6.9,7.1,7.0,7.3,6.8,7.1,7.1,7.6,7.6,8.0,8.2,8.3,9.0,9.8,10.3,10.4
052023,3.9,3.5,4.5,4.5,4.9,5.3,5.4,5.8,6.0,6.1,6.2,6.7,6.3,6.6,7.0,7.0,6.8,7.5,7.8,8.5,8.0,8.9,9.1,10.5,10.8
052024,6.2,6.0,6.2,6.9,6.4,7.3,7.9,7.7,8.5,7.6,9.0,9.1,8.4,9.0,9.1,9.1,10.0,10.8,11.2,11.4,10.1,11.4,12.5,12.9,14.5
052025,4.3,4.7,4.7,5.1,5.4,5.5,5.9,5.9,6.3,6.1,6.5,6.8,6.5,6.4,6.3,7.1,7.4,7.6,8.3,8.5,8.0,8.9,9.3,10.1,10.3
052026,3.2,3.5,3.7,3.6,3.9,4.7,5.2,5.1,5.3,4.9,5.7,5.9,5.4,5.5,6.4,7.2,6.8,7.0,7.4,7.6,7.6,7.8,8.1,10.0,10.3
052027,5.5,6.5,6.8,6.1,6.9,7.6,7.8,8.1,8.7,8.3,9.2,8.3,9.0,8.9,9.4,9.8,9.8,11.0,10.8,11.5,10.6,12.4,12.8,14.0,14.1
052028,4.0,4.3,4.8,4.6,4.8,5.5,5.6,6.1,6.3,5.8,6.7,6.5,6.8,6.5,6.6,6.7,6.9,7.8,8.5,8.1,7.9,9.3,9.5,10.1,10.7
052030,5.4,5.9,6.0,6.5,7.1,7.5,7.2,7.5,7.8,7.9,8.5,8.6,8.5,7.6,8.1,8.3,8.8,9.6,9.4,10.1,9.2,9.8,11.3,11.8,12.3
052031,5.7,5.4,5.9,6.6,6.6,7.0,7.5,7.2,7.2,7.6,8.1,7.9,8.3,7.9,8.5,8.5,9.0,9.8,9.7,10.4,9.7,10.3,11.2,11.8,13.4
052032,4.6,4.8,5.0,5.4,5.2,6.3,5.9,6.4,7.3,6.0,6.6,7.7,7.2,7.5,6.9,7.8,8.1,8.0,8.5,9.4,8.2,8.6,10.2,11.2,11.8
052033,5.6,6.0,6.6,6.7,7.7,7.2,7.4,8.4,8.3,7.8,8.6,8.8,8.5,8.6,8.9,9.7,9.8,9.7,10.4,10.8,10.7,11.5,12.4,13.8,13.3
052034,7.2,7.6,8.0,8.2,8.5,8.5,9.4,9.5,10.1,9.6,10.2,10.5,10.1,9.5,10.8,10.8,11.0,11.4,11.4,12.4,11.0,12.3,13.8,14.5,14.8
052035,5.4,5.3,5.4,6.2,6.0,6.2,7.0,7.9,7.8,7.3,7.7,7.9,7.8,7.8,8.2,8.2,8.8,9.7,9.9,10.1,8.7,10.0,10.2,11.5,12.5
052036,3.7,3.7,3.9,4.3,4.6,4.6,5.1,5.4,5.3,5.5,5.2,5.4,5.9,5.3,5.9,6.4,6.4,6.5,7.2,7.1,6.3,7.4,8.2,8.5,9.1
052037,5.9,6.2,6.6,6.6,7.1,8.1,8.1,8.1,8.4,8.1,8.9,9.4,8.8,8.4,8.9,8.9,9.6,10.3,10.7,11.0,10.5,10.7,12.6,13.2,13.5
053001,4.1,4.3,4.9,4.9,5.2,5.3,5.7,5.8,6.0,6.0,5.8,6.5,6.2,6.5,6.8,6.7,7.0,7.4,7.8,8.4,7.6,7.7,8.9,10.1,10.6
053002,4.1,4.3,4.4,4.6,5.1,5.4,5.5,5.6,6.7,5.7,6.2,6.5,6.5,6.3,6.2,6.6,7.2,7.4,7.4,8.3,7.6,8.2,8.9,10.0,9.9
053003,5.2,5.8,5.4,6.5,6.2,6.9,6.8,7.6,7.1,6.8,7.7,8.0,8.2,7.4,8.0,8.7,8.3,8.8,9.7,9.7,9.5,10.5,10.7,11.5,11.7
053004,4.3,4.8,5.7,5.5,6.0,6.3,6.7,6.5,7.0,7.1,7.6,7.8,7.0,7.2,6.9,8.5,7.9,8.4,9.0,9.1,9.3,9.8,10.5,10.9,11.0
053005,2.9,2.8,2.9,3.1,3.4,3.7,3.8,4.1,4.9,4.2,4.2,4.9,4.3,4.2,4.3,4.8,5.4,5.5,6.1,5.6,5.9,6.6,6.5,7.6,8.2
053006,2.9,3.3,3.5,3.8,3.5,4.5,4.3,4.7,5.3,4.5,5.1,5.6,5.1,5.4,5.6,5.8,5.8,6.5,6.7,7.4,6.6,7.2,8.3,8.9,9.2
053007,6.4,6.4,7.2,7.1,7.8,8.0,8.2,8.3,8.4,8.6,8.6,9.4,8.7,8.6,9.3,9.0,9.4,9.8,10.5,11.1,10.3,11.6,12.1,13.0,12.8
053008,2.3,2.2,2.7,2.9,2.5,3.2,2.9,3.1,3.7,3.4,3.8,4.0,3.7,3.6,3.7,4.4,4.7,4.9,5.3,5.3,4.6,5.1,5.8,7.1,6.8
053009,4.3,4.4,5.1,5.3,5.5,5.6,6.6,6.0,6.6,6.4,6.1,6.8,7.1,6.6,7.3,7.3,7.9,8.1,8.9,8.4,8.1,9.0,9.3,10.8,11.2
053010,4.8,5.2,5.9,5.9,5.6,6.6,6.7,7.0,7.7,7.3,7.5,7.6,7.8,7.1,7.8,7.8,8.0,9.1,9.1,9.6,8.9,10.0,11.0,11.8,12.1
053011,5.2,5.7,5.7,5.8,6.2,7.1,6.9,7.9,7.5,7.5,7.6,8.5,8.3,7.7,7.9,8.4,8.9,9.2,9.6,10.1,9.5,10.0,11.3,11.2,12.4
053012,7.2,8.0,8.8,8.5,9.7,9.3,10.1,10.4,10.9,10.2,10.9,10.8,11.0,10.5,11.2,12.1,12.7,11.9,12.6,13.2,12.5,13.4,14.3,14.6,15.6
053013,4.7,4.5,4.7,5.3,5.2,5.3,6.3,6.5,7.0,6.8,7.3,7.6,7.5,7.0,6.9,7.5,7.7,7.8,8.7,9.4,8.2,9.4,9.8,10.5,11.4
053014,3.7,4.0,4.5,4.6,5.2,5.1,5.4,6.1,6.1,5.9,6.1,6.4,6.3,6.4,6.8,7.3,7.9,7.8,8.2,8.3,8.1,9.0,9.7,10.4,11.3
053015,3.4,3.5,4.0,4.2,4.1,4.8,4.9,5.0,5.0,5.4,5.7,5.8,5.4,5.0,5.7,5.3,6.5,6.3,6.8,7.3,6.5,6.5,8.1,8.4,9.0
053016,4.5,4.6,4.7,5.0,5.5,5.4,5.8,6.6,6.9,6.1,6.6,6.9,7.1,6.7,7.2,7.5,8.0,8.1,8.6,9.3,8.2,8.9,10.5,10.8,11.2
053017,4.5,4.5,5.4,5.5,4.8,6.1,6.0,6.8,6.4,7.0,7.4,7.1,7.1,6.7,7.2,7.5,7.7,8.0,8.7,8.8,8.6,9.6,9.8,10.4,10.9
053018,5.5,5.3,5.8,5.8,6.3,6.9,6.8,7.7,7.5,7.4,7.1,8.0,8.1,7.4,7.7,8.5,8.2,8.4,9.1,9.8,8.6,10.0,10.7,11.6,11.3
053019,4.3,5.0,5.0,6.0,5.7,6.4,6.6,6.6,7.0,7.1,7.2,7.8,7.9,7.3,7.7,7.4,8.2,8.7,9.4,9.4,8.4,9.4,10.6,11.1,11.7
053020,5.2,5.7,6.3,6.6,6.7,6.7,6.7,7.6,8.3,7.9,7.6,8.2,8.2,7.9,8.5,8.8,8.9,9.3,9.8,10.2,9.5,10.1,11.1,12.7,12.2
053021,3.7,3.8,4.2,4.3,4.6,4.6,5.7,5.4,5.9,5.4,5.2,5.8,5.8,6.0,6.9,6.7,6.7,6.6,7.5,7.8,7.0,7.7,8.3,9.3,10.1
053022,4.7,5.3,5.8,5.5,6.4,6.5,7.3,7.8,7.3,7.6,7.4,8.1,7.6,8.1,8.3,8.6,9.0,9.1,9.8,10.5,9.7,10.0,11.2,12.2,12.1
053023,6.5,6.3,6.9,7.5,7.6,7.4,8.2,8.8,9.0,8.0,8.9,9.6,8.4,8.9,8.6,9.3,9.9,10.0,10.6,10.3,9.8,11.0,11.9,13.1,13.6
053024,6.0,5.6,6.2,6.2,7.4,7.2,7.1,7.5,8.3,7.3,7.3,7.9,7.8,7.9,8.4,7.9,8.4,9.4,9.7,10.4,8.9,10.2,10.8,11.7,12.4
053025,3.7,3.8,4.2,4.4,5.0,5.1,5.1,5.3,6.0,5.8,5.6,6.4,5.9,5.8,6.0,6.4,6.8,7.3,7.2,7.9,6.8,7.1,8.3,9.0,9.8
053026,4.5,4.7,4.4,5.1,5.1,6.2,6.7,6.8,6.8,6.9,7.4,7.3,7.5,7.0,7.0,7.8,8.5,8.9,9.3,9.7,8.9,10.5,10.8,12.2,13.1
053027,5.1,5.6,6.2,6.0,6.8,7.3,7.2,7.5,8.1,7.7,7.8,8.0,7.9,8.3,7.3,9.2,9.3,9.6,10.0,10.1,9.8,10.4,11.5,11.9,12.6
053028,5.9,5.3,5.9,5.9,6.4,6.3,7.6,7.8,7.8,7.1,8.2,8.3,8.1,8.4,8.2,8.6,9.5,10.0,9.8,10.0,9.5,10.9,11.3,13.0,13.0
054001,4.2,4.4,4.7,5.0,5.4,5.4,5.7,5.9,6.6,6.6,7.0,7.2,6.6,6.7,7.1,7.1,8.0,8.1,8.7,8.6,8.5,8.7,10.0,11.4,11.7
054002,3.7,4.0,4.1,4.7,4.6,5.2,5.0,5.7,5.5,6.0,5.8,6.1,5.9,6.0,6.3,6.4,7.3,7.3,7.5,8.1,7.3,8.2,8.9,9.2,10.0
054003,3.6,4.1,4.2,4.4,4.7,5.1,5.0,5.6,5.7,5.0,5.7,6.2,5.8,6.2,6.3,6.4,7.1,7.2,7.2,7.6,7.8,7.5,8.4,8.8,9.7
054004,5.8,5.4,6.2,6.2,6.6,7.0,7.2,7.8,8.1,7.7,8.2,8.7,8.9,8.1,8.4,8.8,9.1,10.4,9.9,11.0,10.5,11.4,11.6,13.0,13.1
054005,3.7,3.9,4.2,4.2,4.4,4.6,5.5,5.0,5.6,4.9,5.2,5.5,5.3,5.5,6.0,6.3,6.2,6.6,7.0,7.0,6.3,7.9,7.9,9.6,9.6
054006,4.6,4.8,5.2,5.4,5.6,6.1,6.0,7.2,6.5,6.5,6.9,7.1,7.1,6.4,6.6,6.8,7.2,8.3,8.6,8.5,8.1,8.7,9.8,10.8,10.1
054007,3.1,3.6,3.7,3.4,4.0,4.2,4.2,4.6,4.8,4.7,4.7,5.6,5.1,4.9,5.4,5.6,5.4,5.7,6.0,6.8,6.2,6.5,7.9,7.8,9.0
054008,2.2,2.4,2.5,2.6,3.0,3.0,3.4,3.7,4.0,4.0,3.9,4.3,3.9,4.3,4.5,4.0,4.6,5.0,5.3,5.7,5.3,5.7,6.1,7.0,6.8
054009,3.6,3.8,4.0,4.8,4.4,4.6,5.4,5.7,5.7,5.7,6.0,6.3,6.1,6.2,6.1,6.5,6.8,7.2,7.3,8.0,7.0,8.0,9.0,9.6,10.2
054010,4.7,4.8,5.1,5.4,5.1,5.6,6.1,6.3,6.8,6.8,6.5,7.0,7.0,6.9,7.4,7.2,8.1,8.4,8.6,9.3,8.0,9.5,10.1,10.3,10.9
054011,2.9,2.7,3.1,3.7,3.4,3.5,4.1,4.1,4.4,4.2,4.3,4.9,4.5,4.3,4.7,5.4,5.3,5.0,5.4,6.1,5.4,6.3,6.9,7.2,7.7
054012,4.9,5.2,5.1,5.5,5.9,6.2,6.4,7.0,6.7,6.7,6.8,7.4,7.8,7.2,7.5,7.6,8.2,8.9,8.8,9.3,8.6,9.2,10.6,11.1,10.8
054013,2.7,2.7,3.1,3.3,3.3,3.6,3.8,4.0,4.1,4.4,4.2,4.1,4.6,4.4,4.6,5.1,5.3,6.0,6.3,6.0,5.7,6.3,6.9,8.0,8.0
054014,4.2,4.0,4.3,4.4,4.8,5.4,5.5,5.9,5.8,5.8,6.1,6.7,5.9,6.0,6.5,6.5,6.5,7.0,7.5,8.2,6.9,7.8,8.5,9.0,9.4
054015,6.8,6.3,7.5,7.6,8.1,8.5,8.9,9.2,9.4,8.9,10.2,10.3,10.0,10.0,10.4,10.6,10.7,11.2,11.3,11.8,11.2,12.3,13.0,13.5,13.8
054016,3.0,3.1,3.4,3.3,4.0,4.2,4.5,4.5,4.2,5.0,4.8,5.3,5.3,5.0,5.3,5.2,5.3,5.9,6.4,6.6,5.6,6.3,7.5,8.5,8.7
054017,4.8,5.2,5.2,5.6,5.7,6.2,6.4,6.3,6.6,6.8,6.7,7.1,6.9,6.9,7.6,7.8,7.7,8.2,8.8,9.0,8.2,8.3,9.5,10.6,11.3
054018,4.5,4.7,5.1,5.2,5.3,5.4,5.9,6.0,6.8,6.4,6.6,7.3,6.3,6.6,6.7,6.9,7.1,7.8,8.3,7.8,7.9,8.9,9.4,10.2,10.6
054019,4.7,4.7,5.0,5.3,4.9,6.0,5.8,5.8,6.0,6.0,6.3,6.8,6.2,6.2,6.4,6.9,7.2,7.6,7.7,7.9,7.9,8.1,9.4,9.5,10.8
054020,4.0,4.5,4.3,4.8,4.8,5.3,5.5,5.6,5.7,5.3,5.7,6.0,6.3,5.4,6.4,6.9,6.3,6.9,7.6,7.6,6.6,7.6,8.5,8.5,9.2
054021,3.9,4.1,5.1,4.8,5.0,5.3,6.0,5.8,6.4,6.0,6.0,6.6,6.3,6.5,6.7,7.0,7.0,7.3,7.5,7.9,7.5,7.8,8.7,9.7,9.5
054022,4.9,5.4,5.4,6.1,6.4,6.5,7.2,7.5,7.5,7.5,7.5,7.9,7.3,7.4,7.8,7.9,8.0,8.7,8.7,9.2,8.8,9.6,10.4,10.9,11.9
054023,2.1,2.5,2.1,2.8,2.8,3.1,3.1,3.5,3.8,3.7,4.0,4.3,4.0,4.3,4.2,4.6,5.0,4.6,5.8,5.7,5.4,6.0,6.5,6.9,8.2
054024,6.8,6.8,7.4,8.0,8.2,8.8,8.8,9.3,9.4,9.3,9.6,10.1,9.6,9.3,10.1,10.6,10.8,11.3,11.4,11.8,10.8,12.1,13.2,13.9,14.2
054025,2.5,2.6,2.7,2.9,3.0,3.3,3.7,4.3,4.9,4.1,4.6,5.0,4.5,4.9,5.2,5.0,6.2,5.7,6.5,6.6,6.4,7.4,7.5,8.2,9.1
054026,2.3,2.7,2.4,2.4,2.9,2.9,2.9,3.1,3.5,3.4,3.8,3.9,3.6,3.3,3.9,3.6,4.0,4.2,4.6,4.4,4.4,4.8,5.1,5.2,6.2
054027,4.3,4.2,4.5,5.2,5.0,5.5,5.9,6.5,6.8,6.0,6.7,6.8,7.4,7.1,6.9,7.8,7.7,9.0,8.8,8.6,8.6,9.0,9.8,11.2,11.3
054028,3.1,3.5,3.5,3.6,4.2,4.3,4.6,4.5,5.1,4.4,4.8,5.5,5.2,5.3,4.9,5.9,6.1,6.6,6.7,6.8,6.3,7.1,7.6,8.4,8.8
054029,6.1,6.3,6.5,6.6,7.1,7.6,8.0,7.9,8.5,7.3,8.0,8.7,8.1,7.9,8.7,8.8,9.7,9.2,10.6,10.1,9.7,10.5,11.5,11.7,13.0
054030,2.2,2.3,2.4,2.3,2.7,3.0,2.9,3.1,3.5,3.5,4.0,3.8,3.5,3.4,3.8,3.9,4.5,4.4,4.4,5.0,4.1,5.0,6.0,6.3,6.8
054031,3.4,3.5,3.9,3.9,4.3,4.3,4.4,5.2,4.7,4.5,5.1,5.0,4.9,4.8,5.5,5.3,5.9,5.7,5.9,6.4,6.0,6.2,7.1,7.6,8.0
054032,4.1,4.4,4.4,5.1,5.2,4.9,5.5,5.7,6.4,5.9,6.1,6.4,6.2,6.0,6.4,7.0,7.1,7.3,7.6,8.2,7.5,7.8,9.1,9.9,9.9
054033,4.8,4.8,5.3,5.1,5.6,5.7,6.1,6.4,7.2,6.7,6.6,6.7,6.8,6.8,7.3,7.2,7.6,7.9,8.3,8.1,8.1,8.6,9.2,10.1,10.8
054034,3.1,3.6,3.4,4.2,4.1,4.4,4.4,4.4,5.1,4.6,5.2,5.4,5.0,5.3,5.5,5.8,6.0,6.4,6.6,7.1,6.5,6.9,7.8,8.9,9.0
054035,2.9,3.1,3.4,3.7,3.8,4.5,4.3,4.2,5.2,4.9,5.6,5.6,5.2,4.5,5.4,5.5,5.7,6.7,6.9,7.1,6.9,6.6,8.3,9.0,9.6
054036,6.5,7.2,7.5,7.8,8.1,7.8,9.0,9.2,9.4,9.3,9.9,10.3,9.7,9.8,10.3,10.8,11.0,11.0,11.6,12.5,11.9,12.8,13.3,13.4,14.3
054037,5.4,5.5,6.2,6.2,6.3,6.5,6.9,7.7,7.8,7.4,8.0,8.5,7.8,8.2,8.2,8.1,8.6,9.2,9.5,10.2,9.2,10.3,11.0,11.5,11.9
054038,3.6,3.9,3.9,3.9,4.3,4.6,4.7,5.1,4.7,5.1,5.2,5.8,5.7,5.3,5.7,6.5,6.1,6.4,6.8,6.8,6.1,7.6,8.0,8.7,8.7
054039,4.5,4.5,5.1,5.6,5.5,6.0,5.9,6.5,7.0,6.1,7.2,7.4,7.0,6.6,7.3,7.4,7.9,8.1,8.7,8.9,8.1,8.9,9.5,10.1,10.6
054040,4.3,4.7,4.9,4.7,5.0,5.5,5.9,6.4,7.0,6.3,6.5,6.9,6.9,6.5,6.8,7.4,7.4,7.6,8.1,9.0,7.8,8.5,9.7,10.5,10.3
054041,3.2,3.4,3.9,3.9,4.1,4.5,4.4,4.8,4.9,5.1,4.4,5.2,5.1,4.8,5.4,5.4,6.1,6.1,6.3,6.4,6.2,6.9,7.2,8.0,8.7
054042,4.8,5.0,5.0,5.4,6.0,6.2,6.1,6.7,6.9,7.2,6.8,7.3,6.6,6.8,7.4,7.5,7.7,7.9,8.7,8.7,8.4,8.4,9.2,10.8,11.2
054043,4.4,4.1,4.5,5.1,4.9,5.4,5.9,5.7,6.5,5.7,6.2,6.5,6.1,6.7,6.4,6.6,6.9,7.7,7.8,7.8,7.8,8.3,8.9,9.6,9.9
054044,4.3,4.6,4.7,5.0,5.5,5.3,6.1,6.7,6.8,6.4,6.3,6.4,6.4,6.1,6.6,6.9,7.5,8.0,8.2,8.4,7.6,8.4,9.3,9.7,9.9
054045,4.9,5.1,5.5,6.0,5.9,6.5,6.9,6.7,7.5,7.6,7.2,8.0,7.9,7.7,8.2,8.0,8.6,9.1,9.4,9.7,9.1,10.0,11.1,11.8,12.5
054046,4.6,4.4,4.9,4.7,5.6,5.5,5.5,5.9,6.4,6.3,6.3,6.3,6.3,5.7,6.7,7.0,6.9,7.5,7.2,8.3,7.7,8.4,9.6,9.9,10.3
054047,4.2,4.0,4.3,4.3,5.0,5.2,5.2,5.4,6.3,5.4,6.2,6.2,6.1,5.9,6.3,6.8,6.5,6.8,6.8,7.2,7.3,6.9,8.3,9.1,9.3
054048,5.2,5.3,5.9,6.0,6.4,6.9,7.0,7.5,7.4,7.3,7.7,8.0,8.2,7.7,7.9,8.5,8.9,8.6,9.7,9.5,8.9,10.7,10.3,11.2,11.6
054049,2.3,2.3,2.6,3.1,2.8,3.5,3.9,3.8,4.2,4.2,4.6,4.6,4.6,4.7,4.8,4.9,5.6,5.9,6.1,6.5,6.0,6.3,7.6,7.8,8.7
054050,3.4,3.5,3.5,4.1,4.1,4.2,5.0,5.0,5.5,5.2,6.1,6.0,5.3,5.8,5.5,6.4,6.6,7.3,7.7,7.7,7.2,7.8,9.1,10.0,10.1
054051,2.6,2.8,2.9,3.5,3.4,3.8,3.8,4.2,4.4,4.6,4.4,4.7,4.4,4.8,4.4,5.1,4.9,5.5,5.7,6.4,5.4,6.6,6.7,7.5,7.4
054052,3.1,3.4,3.2,3.8,3.9,4.4,4.7,4.7,4.8,4.6,4.6,5.0,4.7,4.8,4.6,4.7,5.7,5.8,6.6,6.4,5.8,6.4,7.2,7.8,7.7
054053,3.7,4.0,4.3,4.4,4.7,5.2,5.2,5.7,6.0,5.7,6.3,6.0,5.9,5.7,6.4,6.9,7.0,6.7,7.1,7.6,6.9,8.2,9.1,10.1,10.1
054054,3.1,3.8,4.1,4.1,4.4,4.7,5.0,4.9,5.7,5.8,5.7,6.3,5.7,5.9,6.1,6.2,6.1,6.6,6.9,7.5,7.0,7.7,9.2,9.2,9.8
054055,4.3,4.2,4.0,4.4,5.1,5.1,5.5,6.0,5.6,5.8,6.1,6.4,6.0,5.7,6.7,6.8,7.0,7.4,8.2,7.9,7.6,8.2,9.0,9.0,10.2
054056,3.0,3.2,3.4,3.2,3.8,4.0,4.1,4.6,4.7,4.3,4.6,4.6,5.1,4.6,4.8,5.1,5.2,5.5,5.7,6.2,5.4,6.2,6.6,7.9,7.6
054057,3.1,3.5,3.4,4.5,4.5,4.5,4.9,5.0,5.8,5.0,5.6,5.9,6.0,6.4,6.0,6.2,7.3,7.5,7.5,7.7,7.2,8.5,9.0,10.2,10.1
054058,2.4,2.8,2.7,3.2,3.3,3.4,3.6,4.0,4.4,3.7,4.3,4.8,4.2,4.3,4.4,5.1,4.8,5.2,5.5,5.8,5.1,6.1,6.4,6.9,7.4
054059,5.7,6.3,6.6,6.7,6.7,7.3,7.7,8.4,8.1,8.5,8.7,9.2,9.1,7.9,8.9,9.0,9.5,9.2,10.0,10.1,10.1,10.5,11.3,12.9,12.6
055001,3.9,4.4,4.1,4.4,4.2,5.2,5.4,5.4,5.5,5.6,6.1,6.0,6.3,5.9,6.4,6.8,6.6,6.7,7.5,7.6,7.2,7.1,8.4,9.5,9.7
055002,4.9,5.2,5.5,5.6,6.2,6.4,6.8,6.8,7.1,7.1,7.4,7.8,7.8,7.7,7.4,8.4,8.6,9.0,8.6,9.3,9.0,9.6,10.6,11.4,11.4
055003,6.8,6.8,7.2,8.1,8.1,8.6,9.0,8.9,9.7,8.9,10.0,9.5,9.8,9.7,10.5,10.3,10.7,11.6,12.0,12.5,11.7,12.9,14.0,14.2,15.4
055004,4.1,4.2,4.5,4.7,4.8,5.3,5.6,5.7,6.0,6.3,5.8,6.8,6.4,6.4,6.1,6.8,7.5,7.7,7.6,7.7,7.4,8.6,9.2,10.0,10.2
055005,4.0,4.4,4.5,4.6,4.4,5.4,5.7,6.0,6.2,6.5,6.4,6.5,6.5,6.5,6.8,6.8,7.6,7.8,8.0,8.0,7.6,8.3,9.4,9.8,10.7
055006,2.8,2.8,3.0,3.1,3.4,3.5,3.7,4.1,3.9,4.0,4.0,4.5,4.2,4.3,4.6,4.7,5.1,5.3,5.2,6.1,5.2,5.7,6.8,7.7,8.4
055007,6.3,7.2,7.1,7.7,8.5,9.0,8.5,9.3,9.1,9.1,9.3,9.7,9.5,9.2,9.8,10.1,10.0,10.9,11.2,11.2,10.9,11.6,12.7,13.1,14.0
055008,3.9,4.1,4.3,4.9,5.2,5.4,6.0,6.6,6.0,6.2,6.9,7.0,6.1,7.0,6.7,7.7,8.2,8.2,8.5,8.9,8.3,8.5,10.3,10.7,11.0
055009,5.9,6.2,6.6,7.2,7.2,7.8,7.4,8.5,8.7,8.1,8.4,8.9,8.5,8.9,8.7,9.7,9.6,10.4,10.1,10.4,9.8,11.3,11.8,12.2,12.6
055010,4.8,4.4,5.3,5.6,5.3,6.1,6.4,6.9,7.2,7.0,7.2,7.6,7.6,7.2,6.9,7.7,8.0,8.5,8.7,8.7,8.9,9.7,9.8,10.6,11.2
055011,3.7,3.6,4.0,3.9,4.5,4.6,5.1,5.4,5.7,5.1,5.6,5.7,5.0,5.1,5.3,6.0,5.9,6.6,6.7,7.5,5.9,7.0,8.2,8.2,8.6
055012,4.1,4.7,5.1,4.8,5.4,6.0,6.0,6.5,6.6,6.6,7.0,6.8,7.2,6.3,7.4,7.8,7.9,7.8,9.0,8.8,8.7,9.1,9.9,10.7,11.5
055013,4.5,4.5,4.6,5.3,5.3,5.9,6.0,6.3,6.7,6.7,6.3,6.9,7.3,6.3,7.0,7.9,7.9,8.3,8.5,9.2,8.4,9.2,9.6,10.4,10.6
055014,4.6,4.9,5.0,5.3,5.7,6.1,6.5,6.8,7.2,6.5,7.2,7.9,7.8,7.6,7.6,7.7,9.1,8.8,9.1,9.9,9.3,10.3,10.5,11.3,11.2
055015,3.3,3.6,3.9,4.1,4.4,4.6,4.5,4.4,5.2,5.2,5.2,5.8,5.3,5.3,5.7,5.7,6.1,6.3,6.3,7.1,6.5,7.2,7.8,8.0,8.8
055016,2.2,2.5,2.6,2.7,2.9,3.2,3.5,4.0,3.8,4.0,3.8,4.6,4.1,4.2,4.7,4.9,5.7,5.1,5.5,6.1,5.7,6.4,7.2,8.0,8.1
055017,5.9,6.4,6.5,6.7,7.2,8.0,8.3,8.8,9.3,8.3,8.3,8.9,8.3,8.7,9.0,9.6,10.1,10.1,10.2,11.2,10.2,11.3,12.2,12.9,13.1
055018,3.8,4.0,4.1,4.2,4.5,5.5,5.3,5.7,5.9,6.0,5.6,5.9,6.2,6.2,6.4,7.0,6.7,7.3,7.8,7.9,7.7,8.3,8.7,9.7,9.8
055019,3.8,3.9,4.0,4.1,4.7,4.7,5.0,5.3,5.6,5.5,5.6,5.8,6.0,6.0,6.4,6.7,6.5,6.9,7.9,8.1,6.8,8.6,9.0,9.4,9.8
055020,6.2,6.1,7.0,6.4,7.5,8.2,8.1,9.0,8.6,8.7,8.7,9.2,8.9,9.2,9.6,9.3,10.3,10.4,11.4,11.6,10.7,11.9,11.7,13.4,13.7
055021,5.9,6.4,7.0,6.7,7.4,7.7,7.7,8.3,8.4,9.1,9.0,9.0,9.1,9.2,8.9,9.5,10.4,10.7,11.3,11.1,10.8,11.5,12.0,13.7,13.5
055022,4.9,5.0,5.5,5.3,5.7,6.0,6.7,6.1,7.2,6.7,7.4,7.2,7.0,7.2,7.3,7.3,8.0,8.3,8.4,8.6,7.8,8.6,9.8,10.9,11.2
055023,3.7,3.9,4.2,4.7,4.7,4.5,5.3,4.9,6.0,5.4,5.4,5.7,5.4,5.4,5.5,6.0,6.7,6.2,6.6,6.8,6.6,7.1,7.7,8.5,8.7
055024,4.2,4.3,4.4,4.8,5.2,4.8,5.3,5.6,6.3,6.0,6.4,6.1,6.7,6.5,6.1,6.9,7.0,7.3,7.7,7.9,7.5,8.9,8.9,10.1,10.5
055025,4.4,4.6,4.8,5.2,5.6,6.0,5.7,6.4,7.2,6.9,6.7,7.7,7.2,7.0,7.7,7.6,8.1,8.7,9.1,9.7,9.3,9.6,10.6,11.0,11.5
055026,4.3,4.7,4.9,5.0,5.4,5.8,6.5,6.4,7.1,6.4,6.9,7.5,7.4,6.7,7.6,7.7,7.9,8.3,8.9,9.1,8.5,9.3,9.7,10.7,11.4
055027,5.4,5.3,5.8,5.6,6.1,6.7,6.7,7.5,7.2,6.9,7.4,7.7,7.6,6.9,7.7,7.9,7.6,8.2,8.2,9.4,8.5,9.0,9.8,10.6,11.0
055028,3.3,3.7,4.2,4.2,4.5,5.2,4.8,4.9,5.2,5.1,5.7,5.5,5.4,5.0,5.5,5.8,6.2,5.9,6.8,6.7,6.5,6.7,7.9,8.4,9.3
055029,3.3,3.5,4.1,4.3,3.9,4.4,4.7,5.0,5.2,5.5,5.6,5.8,5.5,5.7,5.7,5.7,6.3,6.6,6.7,7.1,7.2,8.0,8.4,9.1,9.5
055030,5.0,5.2,5.3,5.5,5.5,6.3,6.5,6.6,7.4,6.9,7.2,7.9,7.0,7.2,6.7,7.6,7.8,8.4,8.0,9.2,8.2,8.7,10.0,10.6,10.5
055031,3.2,3.4,3.6,3.7,4.2,4.3,4.1,4.5,5.0,4.7,5.3,5.4,5.6,5.2,5.0,5.6,5.8,6.6,6.5,6.8,6.5,7.6,7.8,8.7,9.0
055032,4.5,5.1,5.3,6.1,6.1,6.2,6.6,6.6,7.6,6.9,6.9,7.2,7.0,7.0,7.0,7.6,7.8,8.6,8.8,9.6,8.0,9.7,10.1,10.7,11.4
055033,4.2,5.1,5.0,5.4,5.3,6.2,6.6,6.2,7.1,6.5,7.4,7.1,7.1,6.9,7.0,7.6,8.0,8.0,8.7,9.2,8.0,9.3,10.7,11.1,11.0
056001,4.8,5.4,5.7,6.2,6.0,5.9,6.4,6.9,7.6,7.2,7.4,8.4,7.8,7.8,7.9,8.2,8.6,9.4,10.1,10.1,9.2,10.9,11.3,11.8,12.8
056002,3.7,3.9,4.4,4.7,4.6,4.8,5.4,6.2,5.5,5.2,6.0,6.1,5.8,6.1,6.0,6.5,7.1,7.5,7.7,7.2,7.4,7.7,8.9,9.7,9.7
056003,6.9,7.2,7.4,7.8,8.3,7.5,8.9,9.4,10.1,8.8,9.5,10.2,9.8,9.0,10.1,10.0,10.6,11.3,11.5,12.0,10.6,11.9,12.8,13.8,14.8
056004,4.3,4.2,4.6,4.9,5.8,5.9,5.8,6.1,6.2,6.3,6.4,7.0,7.0,6.5,6.7,7.2,7.1,7.8,8.4,8.5,7.7,9.1,9.4,10.1,10.4
056005,4.1,4.7,4.2,4.5,5.0,5.7,6.0,5.6,5.9,6.1,6.6,6.4,6.5,6.7,6.6,7.1,7.7,7.8,8.0,8.5,8.2,8.5,9.3,9.8,11.2
056006,3.8,4.0,4.1,4.2,4.6,4.7,5.2,5.6,6.0,5.3,5.6,6.4,6.0,5.6,6.6,6.8,7.1,7.2,8.0,7.9,7.1,8.1,8.2,9.1,9.8
056007,6.5,6.4,6.7,7.3,7.6,7.8,8.2,8.2,8.9,8.5,8.3,8.4,8.7,8.4,9.4,9.3,9.8,9.9,10.8,10.5,10.2,11.0,12.2,12.5,12.5
056008,4.9,5.0,6.1,5.9,6.2,6.3,7.0,7.0,7.7,7.0,7.8,8.0,7.7,7.6,8.1,7.9,8.6,8.7,9.4,9.1,9.4,9.6,10.9,11.8,12.7
056009,5.8,6.0,5.6,6.7,6.7,7.0,7.5,7.7,8.4,8.0,8.4,9.5,8.7,8.0,9.0,8.8,10.2,10.3,10.6,11.3,11.2,11.9,12.3,13.8,13.4
056010,6.1,6.6,6.9,7.3,7.5,7.6,8.1,9.4,8.8,8.7,9.0,9.7,8.9,8.8,10.2,9.5,10.3,11.1,10.5,11.1,11.2,11.9,12.9,14.0,14.6
056011,3.6,4.1,3.8,4.6,4.7,5.1,5.2,5.4,6.1,5.8,5.7,6.0,6.1,5.8,6.5,6.9,7.0,7.2,7.3,7.8,7.5,7.7,8.5,9.6,10.0
056012,3.0,3.3,3.6,3.7,4.2,4.3,4.4,4.9,4.9,4.7,5.3,5.2,4.8,5.0,5.6,5.4,5.7,6.2,6.1,6.8,6.5,7.0,7.7,8.0,8.4
056013,5.1,5.6,5.9,5.8,6.8,6.9,7.7,8.1,8.3,7.8,7.9,8.4,8.0,8.2,8.6,9.3,9.7,10.0,10.5,10.9,10.0,11.1,12.2,12.7,12.7
056014,4.4,5.0,5.6,5.4,5.7,5.9,6.7,6.5,7.5,7.2,6.7,7.9,7.1,6.6,7.5,8.0,8.0,8.4,8.4,9.5,8.5,9.6,10.5,11.3,11.9
056015,4.6,4.6,4.9,5.2,5.5,5.5,5.7,6.7,6.5,6.3,6.9,6.9,6.9,6.6,7.3,7.8,7.9,7.8,8.0,8.5,8.3,8.7,9.5,10.4,10.7
056016,3.9,3.9,4.4,4.7,5.1,5.1,5.3,5.8,5.9,5.9,6.0,6.4,6.8,6.1,5.9,6.7,7.1,7.3,7.9,8.6,7.4,8.6,9.3,11.3,10.8
056017,3.8,4.6,5.0,5.0,5.5,5.3,5.3,5.8,5.8,5.9,5.9,6.3,6.1,5.9,6.2,6.8,6.3,7.2,7.0,7.9,6.7,7.6,8.7,9.3,9.6
056018,6.5,6.7,7.4,7.8,7.7,7.8,8.5,8.8,9.2,8.5,9.2,9.9,9.2,8.9,9.7,10.1,10.5,9.7,10.7,11.3,10.8,10.9,12.1,12.3,13.5
056019,6.0,6.6,6.4,6.5,7.1,8.4,7.9,8.3,8.5,8.0,8.3,8.5,8.0,8.6,8.6,9.0,9.2,10.0,10.4,10.5,10.1,10.7,11.9,12.6,12.7
056020,3.5,3.1,3.4,3.9,4.0,4.2,4.2,4.3,4.9,4.8,4.9,5.2,4.9,4.7,5.3,5.5,5.7,6.0,6.8,6.6,6.0,6.7,7.1,8.3,8.0
056021,7.5,7.5,8.6,7.9,8.2,9.4,9.4,10.1,9.7,9.6,9.8,10.5,10.5,9.8,10.5,10.9,11.2,12.2,12.5,12.8,11.6,12.3,13.8,15.1,15.2
056022,4.7,4.8,5.5,5.3,5.9,6.2,6.2,6.3,6.8,6.8,7.1,7.5,7.2,6.2,7.3,7.0,7.9,7.3,8.8,9.4,8.5,9.6,10.0,12.5,11.1
056023,6.1,6.4,7.1,7.3,7.8,7.4,8.1,8.3,9.0,8.6,9.1,8.6,8.7,8.2,8.8,9.6,9.8,9.9,10.7,10.6,10.3,10.6,11.5,12.7,12.5
056024,4.3,5.0,5.2,5.2,5.6,5.9,6.2,6.6,7.3,6.5,7.3,7.3,7.2,6.8,7.3,7.9,8.3,8.1,8.7,9.1,8.5,10.2,10.5,11.4,11.8
056025,5.6,5.5,6.6,6.7,7.3,7.2,8.3,8.5,8.3,8.1,8.4,9.3,8.8,8.7,9.5,10.1,10.0,9.9,10.1,11.3,10.7,11.2,12.1,13.3,13.9
056026,4.9,5.7,5.4,5.7,6.0,6.4,6.7,7.5,7.7,7.2,7.5,7.5,7.2,7.5,7.9,8.0,8.5,8.8,9.2,9.6,9.1,9.5,10.5,11.5,11.7
056027,5.7,6.0,6.3,7.2,8.0,7.6,8.2,8.9,8.5,8.2,8.6,9.8,9.2,8.6,8.9,10.3,9.7,10.1,10.6,11.2,10.3,12.3,12.8,13.3,15.3
056028,6.1,6.5,6.8,7.4,7.7,7.9,8.5,7.8,8.4,8.5,9.0,9.3,8.6,9.0,9.5,9.2,10.1,10.1,10.9,11.0,11.0,11.4,11.8,13.4,13.3
056029,3.5,3.6,3.9,3.8,4.6,4.2,4.5,4.8,5.5,5.5,5.6,5.9,4.9,5.0,5.3,5.6,6.0,6.2,6.8,6.9,6.5,6.8,7.8,8.5,8.3
056030,6.5,7.0,7.3,7.7,8.5,8.4,8.8,9.9,10.0,9.4,9.6,10.2,10.0,9.7,10.3,10.5,11.5,11.1,12.1,11.7,11.2,12.9,13.3,14.2,14.0
056031,4.4,4.8,4.6,5.1,5.1,5.7,5.6,6.2,7.3,6.2,6.8,7.3,7.0,6.6,7.3,6.8,7.4,7.8,8.4,8.5,7.6,9.0,9.6,10.8,11.3
056032,3.9,3.9,4.5,4.4,4.5,5.0,5.1,5.3,5.6,5.1,5.3,6.1,5.8,5.4,5.8,6.2,6.2,6.8,6.7,7.6,6.8,7.3,9.0,9.1,9.1
056033,4.9,5.1,6.2,5.6,6.2,6.9,7.1,6.9,7.9,7.3,7.6,8.3,7.8,7.6,7.9,8.1,9.2,8.8,10.1,10.1,9.1,9.9,11.3,12.5,12.2
056034,4.6,4.6,4.9,5.2,5.1,5.8,5.6,6.4,6.7,6.2,6.8,6.9,6.7,6.3,6.8,7.3,7.4,7.8,7.9,8.7,7.8,9.1,8.8,10.5,9.5
056035,3.7,3.4,3.5,4.2,4.5,5.1,4.6,5.2,5.3,4.7,5.2,5.5,5.7,5.3,6.0,5.7,6.3,6.4,7.3,6.3,6.4,7.2,7.4,8.5,9.0
056036,5.3,5.2,5.5,6.1,5.9,6.2,7.0,7.2,8.0,7.0,7.2,7.6,7.7,7.3,7.5,8.2,8.0,9.5,8.7,9.7,8.6,9.8,11.1,11.0,11.5
056037,4.2,4.7,4.6,5.0,4.8,5.2,6.4,6.0,6.9,6.5,5.9,7.1,6.3,6.4,6.6,7.3,7.5,7.6,8.7,8.0,7.4,9.0,9.6,10.6,11.3
056038,6.2,6.4,6.7,6.9,7.3,7.6,8.4,8.8,9.1,9.0,9.0,9.8,9.2,9.4,9.8,10.0,10.7,10.7,11.4,12.8,10.9,11.8,13.0,14.3,14.7
056039,5.6,6.1,6.2,6.6,7.2,7.8,7.3,8.1,8.1,8.5,8.4,8.5,8.4,7.7,8.5,9.2,10.0,9.9,9.7,10.2,9.4,10.6,11.2,12.2,12.9
056040,7.1,7.5,7.3,8.0,8.1,8.3,9.1,9.7,10.1,9.3,9.9,10.2,10.0,9.5,9.9,10.4,10.7,11.1,11.6,11.9,10.5,12.2,13.4,14.2,14.2
056041,7.3,7.8,7.9,7.9,9.1,9.1,9.6,9.6,10.6,10.1,10.2,11.4,10.5,10.4,10.6,11.3,12.1,11.5,13.4,13.3,11.9,13.8,14.7,16.2,16.3
056042,6.6,6.8,7.6,8.0,8.1,8.3,9.3,9.3,9.7,9.2,9.5,9.4,10.4,9.9,10.1,10.5,11.5,11.7,12.4,12.9,11.6,13.2,14.0,14.8,15.0
056043,4.2,4.0,4.6,4.7,5.3,4.8,5.7,5.8,6.5,5.3,6.1,6.3,6.4,6.3,6.9,6.6,7.1,7.5,8.1,7.6,7.4,8.5,9.3,9.4,10.5
056044,6.3,7.0,7.0,7.6,8.0,7.9,8.7,9.3,9.6,8.6,9.5,9.2,9.4,9.0,9.9,9.8,10.7,10.7,11.7,11.6,11.2,11.6,12.9,13.7,14.5
056045,6.5,6.6,6.8,7.5,7.7,7.7,8.6,9.2,9.3,9.1,9.6,9.4,9.5,9.5,9.4,9.8,10.1,10.6,10.6,11.4,10.8,11.9,12.7,14.1,13.4
056046,5.8,5.5,5.9,6.5,6.9,7.4,7.1,7.6,7.9,7.0,8.1,8.3,8.0,8.4,8.4,9.1,9.4,9.6,9.5,10.4,9.1,10.5,11.3,13.0,13.1
056047,5.5,5.9,6.3,6.3,6.7,7.1,7.4,8.3,8.4,8.3,7.6,8.8,8.4,8.9,8.5,9.5,9.4,9.6,9.9,11.0,10.3,11.3,12.0,13.1,13.9
056048,5.8,5.9,6.9,6.5,7.2,7.3,7.9,7.8,9.1,8.1,8.1,8.9,8.3,8.3,9.0,8.8,9.8,10.1,11.0,10.0,9.8,10.5,11.7,13.1,12.9
056049,4.9,5.2,5.6,5.9,6.6,6.9,7.4,8.0,8.0,7.2,8.1,8.6,8.8,7.8,7.7,8.6,9.4,9.7,10.2,10.8,10.4,10.5,11.9,12.6,13.4
056050,5.8,6.9,6.5,7.1,7.6,7.9,8.0,8.4,8.8,8.4,9.0,9.6,8.7,8.3,9.0,9.9,9.7,10.0,10.4,10.4,9.7,11.4,12.5,13.1,13.4
056051,5.7,5.9,6.7,6.6,7.4,7.6,7.7,8.3,9.2,8.1,8.4,9.6,8.7,9.0,9.1,10.0,10.3,10.1,11.0,11.7,10.5,11.3,12.6,13.6,14.0
056052,6.2,6.6,6.9,6.6,7.1,7.8,8.6,9.0,8.9,8.8,9.0,10.0,8.9,8.9,9.7,10.0,10.5,10.6,11.2,12.2,10.5,12.0,12.6,13.8,14.6
056053,4.9,4.6,4.9,5.2,5.8,5.9,5.8,6.7,6.9,6.8,6.9,7.5,6.7,7.1,7.1,7.6,8.0,8.3,8.8,9.1,8.6,8.8,9.9,10.4,10.9
056054,5.0,5.2,5.6,6.4,6.0,6.2,6.5,7.4,7.8,6.6,7.6,7.4,7.5,7.5,7.9,7.9,8.5,9.0,9.5,9.8,8.6,10.2,11.1,11.9,12.0
056055,4.2,4.4,4.7,4.8,5.4,5.9,6.0,6.3,6.9,6.7,6.3,7.1,7.1,7.1,7.1,7.0,7.7,8.5,8.6,9.2,8.5,9.2,10.5,10.9,11.0
056056,5.6,5.6,6.3,6.7,6.4,8.0,7.7,7.7,7.8,8.4,8.6,8.2,7.8,8.3,9.0,8.1,9.6,9.8,10.3,10.0,9.6,10.1,11.0,11.8,12.7
056057,4.5,4.8,5.3,5.0,5.5,6.5,6.8,6.8,7.5,6.7,6.5,8.3,7.2,7.7,7.7,7.5,8.2,8.5,9.6,8.9,8.2,9.7,10.6,11.4,11.0
056058,4.0,4.3,4.5,4.7,5.0,5.6,5.1,6.0,6.5,5.7,6.4,6.2,6.0,6.3,7.2,7.4,7.4,7.9,8.4,8.4,8.1,9.1,9.5,10.6,10.7
056059,7.0,7.4,8.3,8.1,7.9,8.1,9.1,8.6,9.3,9.0,9.2,9.3,9.8,9.4,10.0,10.4,9.8,10.6,11.3,11.8,10.4,11.5,12.9,14.0,13.4
056060,5.4,5.8,6.0,6.7,6.7,6.8,7.0,7.5,7.6,8.0,8.1,8.0,7.9,7.6,8.1,8.5,8.8,9.2,9.8,10.1,8.7,10.0,10.8,11.3,12.4
057001,4.8,5.5,5.3,5.6,5.9,6.2,6.9,6.8,7.5,6.8,7.1,7.5,7.5,6.7,7.7,7.8,7.9,8.3,8.8,9.4,8.4,9.6,10.5,11.4,10.9
057002,3.3,3.4,3.8,4.5,4.3,4.4,4.9,5.5,5.5,5.1,5.3,5.8,5.6,5.3,5.6,5.9,6.6,6.8,6.9,7.3,6.9,8.1,8.4,9.0,9.4
057003,5.2,5.3,5.8,6.0,6.3,6.5,6.5,7.9,7.6,7.2,7.7,8.3,7.9,7.8,8.1,8.5,8.6,9.0,9.3,10.1,9.4,10.7,11.0,11.8,12.9
057004,4.6,4.6,5.3,5.7,5.7,6.0,6.3,6.7,7.4,6.8,7.2,8.0,7.0,7.6,7.7,8.3,8.3,8.8,9.1,9.3,9.1,9.4,10.5,11.5,12.5
057005,3.1,3.1,3.4,3.9,4.0,4.6,4.4,4.8,4.9,4.8,4.7,4.9,5.4,5.3,5.7,5.7,6.2,6.3,6.4,6.8,6.7,7.4,8.0,8.3,8.9
057006,5.1,5.1,5.6,6.0,6.2,6.3,6.6,7.7,7.2,6.9,7.3,7.6,7.0,6.8,7.9,7.5,8.6,9.1,9.0,10.2,9.1,8.8,10.0,11.1,12.0
057007,5.2,5.2,5.5,6.0,6.1,6.5,7.1,7.9,7.2,7.1,7.8,7.9,7.4,7.4,8.3,8.7,8.8,9.5,9.6,9.9,9.8,10.2,11.4,11.6,11.8
057008,4.8,5.1,5.5,5.5,6.3,6.2,6.8,6.8,7.2,7.1,6.8,7.9,7.6,7.4,7.4,7.9,8.0,8.9,9.4,10.1,9.0,10.2,10.6,12.0,12.0
057009,5.4,6.7,6.4,6.4,7.3,7.3,7.8,8.1,9.1,8.4,9.0,9.3,9.3,8.6,9.6,9.3,10.3,11.2,11.7,11.4,10.6,11.9,14.1,13.8,14.7
057010,4.0,4.4,4.7,4.8,5.4,6.0,6.0,6.6,6.6,6.4,6.7,7.2,6.8,6.4,6.7,7.0,7.3,7.8,7.9,7.8,7.9,8.4,9.3,10.1,10.3
057011,5.7,6.0,6.0,6.9,7.4,7.3,7.4,8.3,8.8,8.3,8.9,8.5,8.9,9.1,9.4,9.8,9.7,10.6,11.0,10.9,10.2,11.4,12.5,12.7,13.8
057012,3.3,4.0,3.8,4.3,4.6,4.9,5.1,5.4,5.8,5.4,5.7,5.6,6.0,5.6,6.5,6.6,6.8,7.3,7.5,7.6,7.4,8.3,8.9,9.7,10.2
057013,5.7,6.1,6.1,6.8,7.0,7.2,7.3,7.5,8.7,7.8,7.8,8.7,8.6,8.3,8.9,9.7,9.7,10.1,10.0,10.5,10.1,10.8,12.3,12.7,13.3
057014,7.3,7.0,8.1,8.6,8.0,8.9,9.4,9.8,10.2,10.0,10.3,10.8,9.7,10.1,10.1,11.0,10.7,10.9,12.0,11.9,10.9,12.0,13.0,13.6,14.6
057015,4.9,5.1,5.5,6.5,6.3,7.1,7.6,7.4,8.8,7.9,8.3,9.0,7.8,7.7,8.9,9.6,9.9,9.6,10.6,10.9,9.8,11.4,12.3,13.4,13.2
057016,5.3,6.4,6.3,7.1,6.9,8.0,7.8,8.1,8.9,8.3,9.0,9.1,9.6,9.0,9.6,8.7,10.6,10.6,10.8,12.1,10.6,12.3,12.8,13.8,14.9
057017,4.7,5.3,5.8,6.0,6.4,6.3,6.9,7.2,7.5,7.4,8.0,7.7,7.8,7.5,8.3,9.0,9.2,8.7,10.0,10.7,9.6,10.1,11.6,12.3,12.9
057018,4.7,5.6,5.1,6.0,6.1,6.9,6.9,7.1,7.0,7.0,6.9,7.5,7.4,7.2,7.5,7.9,8.1,8.4,8.9,9.5,8.8,9.6,10.7,11.3,12.0
057019,5.7,6.0,5.9,6.9,7.1,7.4,7.7,7.8,9.1,8.1,8.8,9.1,8.1,8.3,8.9,10.0,9.4,10.2,10.8,11.5,9.8,10.7,12.1,13.4,13.8
057020,4.4,4.5,5.0,5.4,5.0,6.0,6.2,6.6,6.8,6.1,6.5,6.6,6.9,6.7,7.0,7.5,7.5,7.6,8.8,9.1,7.8,8.8,9.4,10.9,10.8
057021,6.3,6.7,7.6,7.5,8.0,8.1,9.3,8.6,9.3,8.9,9.5,9.5,10.2,9.1,9.7,10.1,10.8,11.4,11.1,12.0,11.1,11.9,13.4,14.3,14.4
057022,8.2,9.1,9.0,9.7,10.1,10.2,11.2,11.3,12.2,11.1,11.0,11.6,11.9,11.4,12.1,12.5,13.0,13.6,14.6,15.2,13.6,14.7,16.0,16.7,17.2
057023,4.7,4.4,5.2,5.4,5.6,5.5,6.3,6.4,7.3,7.4,7.2,7.6,7.6,7.2,7.6,7.5,8.3,8.4,8.6,9.6,8.5,9.5,10.5,10.9,11.8
057024,3.9,4.2,4.6,4.5,5.0,5.4,5.6,6.3,5.9,6.2,6.5,6.5,6.6,6.3,6.0,6.7,7.2,7.6,7.8,8.7,7.9,8.4,9.2,10.0,10.1
057025,4.3,4.8,4.4,5.1,5.5,5.5,6.3,6.2,6.3,6.0,7.0,7.3,6.6,6.1,6.8,7.7,7.1,8.0,8.3,9.2,7.7,9.2,9.8,10.1,11.1
057026,8.0,9.0,9.9,9.4,10.5,10.8,11.1,11.6,12.2,11.5,11.8,12.2,12.0,12.2,12.3,12.9,13.2,13.2,14.4,14.9,13.4,14.6,15.9,16.3,16.8
057027,5.1,5.6,6.0,6.3,6.8,6.9,7.2,7.9,8.2,7.7,7.6,8.1,7.5,7.6,7.7,8.3,9.2,9.4,9.7,9.9,9.4,10.0,10.8,11.6,12.0
057028,4.4,4.4,5.1,5.1,5.6,6.3,6.2,7.1,6.5,6.7,7.0,7.7,7.1,7.1,7.0,7.9,8.4,9.1,9.1,9.4,8.9,10.1,11.2,11.5,12.6
057029,4.9,5.2,5.2,5.8,6.7,6.7,7.3,7.3,8.4,7.5,8.3,8.3,8.2,8.0,8.2,8.1,8.6,9.1,9.9,10.1,9.2,10.6,11.0,12.2,12.4
057030,5.8,6.5,7.0,6.8,7.4,7.9,8.7,8.8,9.0,8.6,9.2,10.0,8.9,9.3,9.4,9.7,10.0,11.1,11.3,11.5,10.8,11.8,12.8,12.7,14.4
057031,5.7,6.2,6.6,7.3,7.3,7.2,7.7,8.2,8.6,8.5,8.6,8.8,8.5,8.7,8.6,9.2,9.7,10.0,10.3,11.0,9.7,10.8,11.5,12.5,12.5
057032,2.9,3.3,3.8,4.1,4.4,4.5,4.7,4.7,5.4,5.2,5.6,5.1,5.1,5.5,5.9,6.1,6.2,6.8,6.8,7.3,7.0,7.9,7.9,9.8,9.9
057033,6.7,6.7,6.5,7.3,7.8,8.1,9.0,8.6,9.6,8.8,9.1,9.4,9.1,9.4,9.3,9.4,10.5,10.7,10.8,12.1,10.8,12.2,12.9,14.1,14.2
057034,6.8,7.2,7.7,8.3,8.7,9.1,9.4,9.5,9.6,9.4,10.0,11.1,11.0,10.2,10.3,11.2,11.3,12.4,12.4,12.6,12.7,14.0,14.5,15.5,16.0
057035,4.1,4.5,4.2,5.2,4.9,5.5,6.0,6.4,6.5,6.2,6.4,7.5,6.6,7.0,6.9,8.0,7.3,8.0,8.6,8.9,8.3,9.0,9.5,10.9,11.5
057036,4.9,5.5,5.8,5.8,6.1,6.4,7.3,7.2,7.8,7.6,7.4,7.6,8.4,7.6,8.7,8.7,8.2,9.7,9.9,10.2,9.5,10.7,11.6,13.7,12.9
057037,3.9,4.2,4.4,4.5,5.1,5.6,6.2,5.4,6.0,6.2,6.8,7.0,6.3,6.5,7.2,7.0,7.6,8.7,8.4,9.3,8.3,9.0,9.8,11.0,11.0
057038,3.6,3.8,3.9,4.0,4.3,5.0,5.0,5.2,5.5,5.6,6.0,6.7,5.7,6.2,6.3,6.4,6.6,7.0,7.4,7.8,7.6,8.3,8.9,9.8,10.1
057039,6.3,6.3,6.5,6.7,7.4,7.3,7.2,8.2,9.1,8.1,8.9,8.8,8.9,8.9,8.7,9.9,9.7,10.5,10.3,11.4,10.7,11.7,12.6,13.9,14.1
057040,4.6,4.3,4.5,4.8,5.3,5.2,5.6,5.7,6.3,5.8,6.1,7.0,6.1,6.2,6.8,7.9,6.9,8.3,8.1,9.3,8.5,9.4,10.2,11.7,10.9
057041,4.7,5.8,5.6,5.8,6.9,7.1,6.9,7.2,8.2,7.7,8.3,8.8,8.1,8.0,7.7,8.2,8.6,8.9,9.8,9.8,8.9,10.4,11.3,11.9,12.7
057042,6.0,6.5,6.6,7.0,6.9,7.5,7.8,7.7,8.2,8.4,7.9,8.6,8.5,8.3,8.8,8.8,9.5,10.3,10.2,10.3,9.9,11.2,11.2,12.1,13.0
057043,5.5,5.6,6.3,6.1,7.1,7.4,7.3,7.8,8.9,7.7,8.1,8.5,8.2,7.6,8.6,9.1,9.6,10.8,10.4,10.6,10.3,11.2,12.2,13.4,13.5
057044,5.0,5.0,5.2,5.6,6.0,6.0,5.5,6.6,6.7,6.7,6.9,7.2,6.9,6.8,7.5,7.8,8.6,8.6,9.0,8.9,8.2,9.1,10.0,10.3,11.9
057045,4.3,4.9,4.9,5.4,5.1,5.7,6.7,6.1,7.7,6.7,7.0,7.7,7.8,7.4,7.5,7.7,8.5,8.8,9.6,9.8,9.8,10.1,10.5,12.6,12.2
057046,3.9,3.7,3.8,4.6,4.2,5.0,5.3,5.7,6.0,6.0,6.1,5.9,6.1,5.9,6.3,6.3,6.7,7.4,7.9,7.4,7.6,8.3,8.8,9.7,10.1
057047,8.1,8.4,9.0,9.2,10.1,10.0,10.3,10.8,10.6,10.7,10.7,11.2,10.7,11.1,11.2,11.2,11.8,13.0,12.8,13.5,13.2,13.5,15.7,15.7,16.5
057048,4.5,5.1,5.6,6.2,6.0,6.5,7.1,7.4,7.9,7.1,7.6,8.3,7.4,8.0,7.7,8.9,9.0,9.4,10.6,10.9,9.5,10.8,10.9,12.8,13.7
057049,5.9,6.4,7.1,7.1,7.1,7.8,8.3,8.4,8.6,8.4,8.7,9.7,9.0,9.0,9.6,9.6,9.9,11.0,10.9,11.4,11.2,11.6,12.0,13.2,13.9
057050,6.6,6.8,7.5,7.9,7.7,8.1,9.0,9.6,9.1,9.0,9.5,9.9,9.9,9.6,10.0,10.8,11.1,11.8,11.3,12.5,11.7,12.0,14.0,14.3,13.9
057051,6.0,6.1,6.9,6.9,6.8,7.3,8.1,8.3,8.9,8.2,8.9,8.8,8.7,8.6,9.1,9.3,9.9,9.5,10.5,11.3,9.8,11.1,11.3,12.4,13.2
057052,4.7,5.0,5.0,5.8,6.3,6.5,7.0,6.9,7.4,6.9,7.8,8.2,7.4,7.2,7.4,8.3,8.7,9.2,9.3,9.9,9.3,9.9,11.4,11.6,12.4
057053,5.3,5.4,5.9,6.0,6.3,7.1,6.9,8.2,7.9,7.7,8.3,8.3,8.3,8.0,7.9,9.1,9.2,9.4,10.1,10.3,9.6,10.7,12.3,12.5,13.5
057054,6.3,6.5,6.7,7.2,7.7,8.5,8.5,8.8,8.6,8.6,9.0,9.0,9.3,8.8,9.0,9.5,9.9,10.8,11.2,11.7,10.6,11.7,13.2,14.3,14.7
057055,3.2,3.2,3.2,4.1,4.0,4.7,4.8,5.1,5.2,4.9,5.6,5.0,5.3,4.9,5.3,5.9,6.3,6.4,7.0,7.0,7.1,7.0,8.2,9.4,9.1
057056,2.9,3.4,3.3,3.7,3.9,3.6,4.3,4.2,4.4,4.4,4.7,4.6,4.7,4.7,4.7,5.0,5.2,5.4,5.7,5.8,5.3,6.4,6.6,7.4,7.4
057057,4.6,4.8,4.9,5.5,5.5,5.9,5.9,6.5,7.2,6.4,7.1,7.0,7.3,7.0,7.2,7.5,7.8,8.6,8.5,8.8,8.2,9.0,10.2,11.1,11.7
057058,4.7,5.5,5.5,5.9,6.8,6.7,7.1,7.4,8.0,7.1,8.0,8.4,8.0,8.0,8.5,8.3,8.8,8.8,10.0,9.9,9.2,10.0,11.4,12.1,12.3
057059,4.6,5.1,5.1,5.8,5.9,6.4,6.3,6.7,7.3,6.8,6.6,7.8,6.9,7.0,7.2,8.2,8.6,9.2,9.0,9.1,8.9,9.4,10.4,11.6,11.5
057060,5.0,5.5,5.2,6.4,6.6,6.7,7.3,7.6,7.8,7.4,7.8,7.8,7.9,8.2,8.3,8.8,8.6,9.8,10.3,10.3,10.0,11.4,11.6,13.6,13.0
057061,4.9,5.2,6.0,6.1,6.7,7.1,7.3,7.6,7.4,7.7,7.6,8.1,8.3,8.0,7.6,8.3,8.7,9.0,10.0,10.7,9.1,10.4,11.6,12.7,12.6
057062,4.3,4.1,4.7,4.6,5.1,5.2,5.7,5.7,6.1,5.5,6.6,6.4,6.4,6.3,6.4,7.5,7.4,7.8,7.6,8.3,8.1,8.5,9.4,9.9,10.9
057063,5.3,5.2,5.7,6.0,6.3,6.8,7.0,7.5,7.9,7.6,7.6,8.7,8.5,7.7,8.5,8.9,9.8,9.7,9.7,10.6,9.7,10.7,11.0,12.4,12.9
057064,7.1,7.1,7.8,8.3,8.7,9.2,9.3,10.3,10.1,9.8,10.2,11.6,11.3,10.1,11.0,11.4,12.6,12.2,12.6,13.2,12.7,12.8,14.2,15.1,15.4
057065,4.3,5.4,5.4,5.4,5.9,6.1,6.1,6.9,7.5,6.7,7.1,7.7,7.3,7.6,7.7,7.7,8.5,8.8,9.2,9.5,8.8,10.2,11.2,11.0,11.5
057066,3.1,3.4,3.9,3.9,4.4,4.1,4.9,5.3,5.3,4.9,5.5,5.6,5.2,5.3,5.4,5.6,6.1,6.4,6.9,7.0,6.7,7.4,8.1,9.0,9.2
057067,5.1,5.5,5.9,6.4,6.6,7.2,6.9,7.1,7.9,7.5,8.2,8.3,8.6,8.2,8.0,8.2,9.2,8.9,9.7,10.1,9.7,10.2,11.7,12.0,12.2
057068,5.6,5.4,6.8,6.4,6.8,7.5,7.5,8.3,8.1,8.0,8.0,8.8,8.2,8.2,7.9,9.3,9.0,9.3,9.5,10.1,9.2,10.4,11.8,12.5,12.9
057069,5.0,5.4,5.6,5.8,5.9,6.9,6.7,6.9,7.3,6.9,7.6,8.0,7.8,7.2,7.1,7.9,8.0,8.9,8.9,10.2,8.9,9.7,10.4,11.7,12.2
057070,4.8,5.5,5.7,6.0,5.6,5.9,6.7,7.1,7.4,7.0,7.3,7.9,7.8,7.6,8.1,8.6,8.6,9.0,9.3,9.5,9.2,9.5,10.3,11.6,12.3
057071,8.0,8.5,9.3,8.9,9.0,9.4,9.9,10.5,11.8,11.3,11.4,12.1,11.4,10.8,11.1,11.8,12.5,12.3,13.5,14.1,13.1,14.4,15.3,16.2,17.6
057072,6.4,6.0,6.1,6.6,7.4,8.1,7.9,8.9,8.9,8.7,9.1,9.4,9.4,8.9,9.4,9.5,10.7,10.2,11.0,12.0,11.0,12.3,13.0,14.2,15.1
057073,5.8,6.3,6.5,7.0,7.6,7.5,8.6,9.0,9.4,8.7,9.6,10.0,9.3,8.7,9.5,9.8,11.1,11.2,11.5,11.9,10.6,12.0,13.9,14.7,15.2
058001,7.0,7.0,7.4,7.7,8.5,8.6,9.2,9.5,9.6,9.9,9.6,10.0,10.3,10.0,10.4,11.1,10.8,12.1,11.9,11.9,11.6,12.7,13.3,14.7,15.0
058002,5.8,6.3,6.4,6.7,7.3,7.8,8.4,8.0,8.4,8.5,8.9,9.1,8.7,8.6,9.0,8.7,10.0,9.4,10.2,10.9,10.0,11.5,13.0,13.5,14.4
058003,3.9,3.7,4.2,4.6,4.8,5.2,5.5,5.5,6.1,5.5,5.8,6.4,6.1,6.0,6.5,6.1,6.6,7.1,7.6,7.5,7.1,7.6,8.1,9.3,9.2
058004,5.0,5.2,5.7,5.5,5.4,6.4,6.7,6.5,7.4,6.8,7.0,7.6,6.6,7.1,6.7,7.6,7.9,8.3,9.2,9.2,8.8,8.5,9.7,10.3,11.5
058005,8.1,8.2,8.7,8.8,8.9,9.4,9.9,10.5,10.6,10.0,10.8,10.3,10.9,10.6,10.7,11.5,11.3,12.2,12.7,13.3,12.7,13.2,14.3,15.0,15.5
058006,6.1,6.5,7.3,7.8,7.7,7.9,8.4,8.1,8.4,8.7,9.5,9.5,9.3,8.7,9.4,10.0,10.1,10.9,10.7,11.3,10.8,11.5,12.6,13.0,14.3
058007,7.2,7.3,7.9,8.1,8.6,9.0,9.6,9.6,10.6,9.8,10.4,10.4,10.3,10.3,10.6,10.6,10.9,11.3,12.6,12.5,11.8,12.2,13.5,14.1,14.6
058008,5.1,5.9,5.3,7.0,6.8,6.9,8.1,7.7,8.5,7.5,8.0,8.6,9.2,8.4,9.4,8.9,9.5,10.5,11.0,11.0,9.8,11.4,12.3,13.4,13.8
058009,4.1,4.4,4.8,4.9,5.9,5.4,5.8,6.1,6.5,6.1,6.2,7.3,6.8,6.0,6.8,7.2,7.4,8.1,8.7,8.6,8.1,8.3,8.9,10.3,10.4
058010,6.2,6.5,6.8,7.3,7.6,8.6,8.3,8.9,8.9,8.4,9.4,9.1,8.7,9.2,9.3,9.9,10.4,10.7,11.1,11.6,11.0,12.3,13.0,14.3,14.6
058011,6.1,6.7,7.0,7.2,7.9,8.1,9.0,9.3,8.7,9.1,9.8,9.7,9.5,9.2,9.6,9.9,10.3,10.8,11.4,12.2,11.3,11.8,13.1,14.5,14.5
058012,6.4,6.4,7.1,7.4,8.0,8.3,9.0,9.2,8.7,9.6,10.3,10.2,9.5,9.4,9.2,10.3,10.9,11.0,11.9,12.0,11.7,12.9,13.7,14.3,15.3
058013,4.1,4.5,4.9,5.3,5.1,5.4,6.5,7.1,7.1,6.8,7.4,7.5,7.5,7.2,7.2,7.8,8.4,8.8,8.4,9.3,9.1,9.9,10.8,11.7,12.5
058014,4.9,5.6,5.9,5.5,6.4,6.3,6.8,7.3,7.7,7.7,7.7,8.3,7.8,7.2,8.0,8.5,8.1,8.5,9.8,10.1,8.3,10.1,10.5,12.3,12.5
058015,6.2,6.2,6.5,7.0,7.0,7.9,7.5,7.7,8.6,8.0,8.6,8.9,8.8,8.8,8.8,9.1,9.5,9.8,10.5,10.8,10.8,10.5,12.0,13.6,13.6
058016,3.9,4.7,5.1,4.8,5.3,5.4,5.6,6.1,6.5,5.9,6.7,6.9,6.3,6.1,7.1,6.8,7.3,7.5,8.0,8.6,8.2,8.6,9.5,10.4,10.1
058017,4.9,5.4,5.4,5.6,6.9,6.9,7.0,7.1,8.0,7.2,7.9,8.4,7.8,7.4,8.2,8.7,8.7,8.8,9.7,10.2,9.3,9.8,11.4,11.7,11.9
058018,9.6,9.8,9.9,10.1,10.5,11.0,11.5,12.2,12.3,12.8,11.8,13.2,13.0,12.7,12.9,13.3,13.5,14.4,14.8,15.4,13.8,16.1,16.4,17.0,18.4
058019,6.5,6.8,7.0,7.4,7.8,8.3,8.6,8.8,9.2,8.6,9.1,9.8,9.6,9.1,9.2,10.0,10.4,10.9,11.9,11.9,11.1,12.2,13.1,14.3,14.1
058020,7.2,7.7,8.1,8.3,8.6,9.3,9.5,9.7,10.6,9.0,10.0,10.1,9.5,9.6,9.7,10.4,11.3,11.5,12.2,11.9,11.3,12.0,13.7,15.0,15.8
058021,7.5,7.5,8.0,8.4,8.7,9.0,9.6,10.6,11.0,9.9,10.7,11.1,10.9,10.4,10.3,10.9,12.2,12.5,12.7,13.0,12.2,13.7,14.3,15.4,15.5
058022,4.9,5.5,5.8,6.3,6.5,6.7,7.0,7.5,7.8,6.9,8.2,8.0,8.0,7.5,8.6,8.5,9.2,9.4,10.0,10.8,9.3,10.9,11.3,12.8,12.7
058023,4.3,4.4,4.2,4.4,5.0,4.9,5.5,6.0,6.0,5.7,6.0,6.2,6.3,6.4,6.3,6.4,7.0,7.2,7.1,7.9,7.3,8.0,8.7,10.0,10.2
058024,5.2,5.3,5.8,5.7,6.5,5.9,7.3,6.6,7.7,6.6,7.0,7.7,7.0,7.0,7.4,8.4,8.0,8.8,8.4,9.4,8.6,9.1,10.3,11.7,12.3
058025,4.5,4.8,4.9,4.9,4.9,5.7,6.4,6.2,6.9,6.5,6.7,6.7,6.4,6.5,7.0,7.4,7.5,7.7,8.3,8.9,7.9,8.8,9.3,10.6,10.5
058026,4.5,5.0,5.1,5.6,5.2,6.0,6.7,6.9,6.8,6.6,7.2,7.2,7.0,6.9,7.1,7.1,7.9,8.3,8.2,8.6,8.2,8.8,9.6,10.0,10.6
058027,6.2,6.2,6.6,6.7,7.4,7.4,7.8,7.9,8.6,8.4,8.8,8.9,9.0,8.4,8.9,9.3,9.9,9.4,9.7,10.6,10.2,11.2,12.5,12.4,13.5
058028,5.2,5.6,5.5,5.5,6.0,6.1,6.7,7.2,7.3,7.3,7.9,8.0,7.7,7.2,7.8,8.0,8.5,8.8,9.5,9.4,9.3,10.8,11.9,11.3,11.8
058029,7.7,8.3,9.1,8.7,10.1,9.9,10.4,11.2,12.0,10.3,10.6,12.0,11.4,10.4,11.7,11.6,12.1,12.4,13.7,13.5,12.6,14.2,15.2,15.1,16.8
058030,6.6,6.7,7.0,7.2,7.7,8.0,8.1,9.2,9.0,8.4,8.9,10.0,9.6,8.9,9.7,9.6,9.9,9.8,11.0,11.5,10.0,11.7,12.2,12.5,13.5
058031,4.4,4.8,4.8,5.1,5.2,5.7,6.0,6.3,6.9,6.4,6.8,6.9,6.7,6.9,7.1,7.2,7.8,8.2,8.8,9.3,8.0,8.8,9.3,10.4,10.9
058032,7.1,7.2,7.6,8.1,8.8,8.8,9.2,9.3,10.2,9.2,10.0,10.4,9.8,9.7,10.5,11.0,11.3,11.5,11.8,12.1,11.7,12.6,13.9,14.5,14.0
058033,3.4,3.4,3.3,3.4,3.8,4.1,4.4,4.9,5.2,5.2,5.0,5.1,5.5,5.4,5.1,5.8,5.5,6.3,6.4,6.8,5.7,6.5,7.8,7.7,9.2
058034,5.3,6.1,5.9,6.2,7.1,7.4,7.7,7.8,8.4,7.7,8.2,8.8,8.3,8.4,8.6,9.1,9.3,10.1,10.3,10.9,10.0,11.4,11.4,12.6,13.2
058035,5.4,5.4,5.6,6.1,6.5,6.7,7.4,7.6,7.7,7.7,7.0,8.1,7.6,7.4,7.9,8.2,8.8,9.5,9.4,9.7,9.3,9.8,11.1,11.7,11.7
058036,3.7,3.8,4.3,4.5,4.4,4.5,5.1,5.2,5.1,5.5,5.7,5.9,5.6,5.7,5.8,6.4,6.1,6.4,7.0,7.0,6.5,6.9,7.8,8.5,8.6
058037,9.6,9.4,10.1,10.3,11.1,11.2,11.4,12.2,12.8,12.3,12.2,13.3,12.6,12.0,13.2,13.6,13.6,15.2,15.5,14.5,13.8,14.9,16.9,17.9,18.3
058038,5.0,4.9,5.6,5.8,6.5,6.5,7.2,7.1,7.4,7.4,7.3,8.0,8.3,7.6,8.3,8.5,8.8,8.8,10.2,9.7,9.8,10.2,11.2,12.6,13.0
058039,5.8,6.2,6.1,6.6,7.0,7.6,8.0,8.5,8.7,8.2,9.0,8.9,8.8,8.7,9.4,9.8,10.8,9.8,11.1,11.7,10.7,11.3,12.3,13.8,14.4
058040,5.8,5.9,6.2,6.6,6.9,7.2,7.4,8.0,8.5,8.0,8.6,8.4,8.9,8.1,8.4,8.8,9.1,9.1,10.7,9.7,9.5,10.1,11.6,12.2,13.2
058041,4.5,4.7,5.6,5.9,6.3,6.4,7.0,6.8,7.1,7.2,7.4,7.8,7.0,6.2,7.3,7.7,8.1,9.2,8.6,9.0,9.0,9.5,10.1,11.7,11.0
058042,7.2,7.6,7.5,7.6,8.5,9.0,9.0,10.1,9.9,10.3,10.1,10.4,10.4,10.0,10.6,10.9,11.4,12.1,11.8,12.8,12.1,12.8,13.8,15.3,15.3
058043,4.3,4.7,5.1,5.5,5.5,5.7,6.6,6.2,6.9,6.0,6.7,7.3,6.6,6.4,6.8,7.8,7.4,8.0,8.3,8.7,8.4,9.1,9.1,10.9,11.3
058044,5.8,5.5,6.2,6.8,7.1,7.2,7.4,7.5,8.5,7.4,7.8,8.7,8.4,8.1,8.1,8.5,8.9,9.9,9.3,10.0,9.6,10.6,10.6,11.8,12.1
058045,7.1,7.4,8.2,8.4,8.8,9.4,9.8,10.6,11.1,10.2,10.6,11.4,11.0,10.3,11.8,11.7,11.7,12.2,13.3,13.8,12.9,13.8,14.9,16.1,17.0
058046,5.7,5.7,6.6,6.6,7.0,7.3,7.8,8.2,8.4,8.2,8.2,8.8,8.9,8.6,9.0,9.2,9.7,9.7,11.5,10.8,10.1,11.1,12.3,12.8,13.8
058047,5.8,5.8,6.7,7.4,7.8,7.4,8.9,8.3,9.0,8.9,9.7,9.1,9.1,9.0,9.5,9.8,10.3,11.0,11.5,12.3,10.9,12.9,12.9,13.6,15.5
058048,4.5,4.5,4.8,5.5,5.5,5.4,6.5,6.3,6.3,6.7,6.8,6.8,7.2,6.5,7.5,7.3,7.9,8.2,8.7,9.2,8.9,9.2,10.2,11.0,11.0
058049,4.3,4.5,4.7,5.1,5.4,5.3,5.7,5.9,6.5,6.0,6.1,7.0,6.1,5.9,6.7,6.8,7.3,7.4,7.7,8.3,7.8,7.2,8.9,9.5,10.4
058050,5.7,5.6,6.3,6.3,6.5,6.5,7.0,7.6,8.1,7.5,8.3,8.4,7.6,7.3,8.0,8.4,8.4,8.8,8.5,10.0,9.1,9.9,10.7,11.2,11.8
058051,6.2,6.9,7.4,7.3,7.6,8.0,8.3,9.0,9.1,9.0,9.2,9.2,9.2,9.0,9.5,9.7,10.5,10.2,10.7,11.6,9.8,10.6,12.6,12.7,13.6
058052,4.6,4.8,5.5,5.8,5.5,6.0,6.3,7.5,7.1,7.0,7.1,7.6,7.1,7.5,7.6,8.1,8.9,8.4,9.1,9.3,8.4,9.8,10.9,11.7,11.9
058053,3.3,3.4,4.1,4.3,4.3,4.4,4.8,5.1,5.8,5.1,5.7,5.7,5.8,6.4,6.0,6.9,7.4,7.2,7.6,8.0,7.7,8.3,9.1,9.7,11.7
058054,5.6,5.9,5.8,6.8,6.8,7.0,7.6,7.6,8.4,7.1,8.2,8.4,8.2,7.5,8.5,8.9,9.0,9.6,10.2,10.3,9.9,10.7,11.4,12.4,13.4
058055,5.1,5.1,5.9,6.4,6.8,7.2,7.6,8.1,8.5,7.3,8.4,8.6,8.2,8.0,8.9,10.0,10.4,9.7,10.7,10.9,10.0,11.3,12.6,13.7,13.7
058056,4.7,5.3,5.6,5.2,6.0,6.2,6.9,6.9,7.5,7.5,7.5,7.7,8.2,7.5,8.0,8.1,8.7,9.7,9.9,10.1,9.3,10.6,11.1,12.0,12.0
058057,2.2,2.5,2.9,2.9,3.3,3.6,3.5,3.6,4.1,3.7,4.3,3.8,4.3,4.3,4.3,4.4,5.4,5.1,5.6,5.3,5.7,5.8,7.3,7.0,8.2
058058,7.1,8.0,8.0,8.1,8.9,9.9,10.2,10.5,10.3,9.6,10.6,11.0,10.9,11.0,11.2,11.3,11.9,12.2,13.1,14.3,12.0,13.0,14.6,16.1,15.9
058059,6.2,6.4,6.6,7.1,7.2,7.6,8.3,8.8,9.2,9.3,9.5,9.8,9.0,9.1,9.2,9.9,10.0,10.6,11.7,12.4,11.1,12.2,13.2,14.4,14.3
058060,5.4,5.6,5.4,6.4,6.2,7.1,7.4,7.3,8.1,7.6,8.2,8.6,8.0,7.9,8.0,9.0,8.8,9.6,9.8,10.1,9.9,10.6,11.2,12.6,12.5
058061,4.1,4.0,4.3,4.4,4.7,5.0,5.7,5.7,6.4,5.6,6.2,6.5,6.2,5.6,6.2,6.9,6.8,6.8,7.1,7.8,7.4,8.2,8.9,9.7,10.1
058062,4.9,5.3,5.4,5.8,5.9,6.7,6.8,7.6,8.2,7.5,7.3,8.5,9.1,7.4,8.3,9.1,9.2,9.2,10.2,9.7,8.9,10.0,11.7,12.5,12.7
058063,7.4,7.7,8.2,8.7,8.6,8.8,9.4,10.5,10.0,10.3,10.7,10.6,10.4,10.6,10.2,10.8,11.5,12.3,12.1,13.1,11.7,13.4,14.2,15.0,15.5
058064,8.1,9.3,9.5,9.6,9.8,10.7,11.3,11.6,11.2,11.8,12.2,12.0,11.6,11.9,11.7,12.0,13.2,13.2,13.6,14.2,13.3,14.0,15.4,16.0,16.8
058065,5.8,6.3,6.5,7.3,7.2,7.7,7.8,8.2,9.0,7.8,8.7,9.2,9.1,8.6,8.7,9.6,9.6,10.2,10.7,11.1,10.1,10.7,12.7,13.0,13.4
058066,5.6,6.0,6.0,6.5,6.7,6.8,7.3,7.7,8.2,7.5,8.2,8.3,8.5,8.4,8.3,8.5,9.5,9.4,9.8,9.6,9.8,10.9,11.6,11.9,12.7
058067,5.9,6.1,6.1,6.5,6.6,7.3,7.4,7.1,8.8,7.4,8.0,8.6,8.5,8.3,8.4,8.4,10.1,9.4,9.7,11.3,9.6,11.1,10.8,13.1,13.2
058068,4.5,4.7,5.0,5.8,5.8,6.3,5.8,6.1,6.6,6.7,6.8,7.2,6.9,6.7,7.4,7.8,7.7,8.6,9.0,8.7,8.2,8.7,9.8,10.8,10.8
058069,5.9,6.0,6.6,6.5,7.3,7.2,7.6,8.6,8.6,7.8,8.7,9.2,8.3,8.2,9.2,9.2,9.7,9.8,9.8,10.8,10.1,11.3,11.3,12.6,13.1
058070,4.0,4.2,4.4,4.9,4.9,5.3,5.6,5.9,6.2,5.8,6.0,6.8,6.0,6.1,6.5,6.7,7.1,7.6,8.3,8.3,7.6,8.4,8.9,10.1,10.0
058071,5.9,6.4,6.5,6.8,7.5,7.0,8.6,8.5,8.2,9.0,8.4,9.1,8.6,9.1,8.5,9.6,10.1,10.7,10.6,11.2,10.4,11.1,12.7,13.0,13.4
058072,4.0,4.8,4.7,5.5,5.7,5.5,6.4,6.8,7.5,6.4,7.1,8.1,7.5,7.7,7.6,8.2,8.3,9.0,9.9,9.9,9.4,9.5,11.1,11.9,11.5
058073,6.1,6.2,6.8,6.8,7.2,7.8,8.0,8.4,8.8,8.5,8.9,8.8,9.3,9.1,9.2,9.1,10.2,10.8,10.7,11.0,10.3,11.3,12.1,13.5,13.8
058074,4.5,4.6,4.8,5.1,5.3,5.4,5.9,6.2,6.5,6.7,6.6,7.3,6.4,6.5,7.1,6.8,7.7,7.3,8.2,8.1,7.9,8.6,9.3,9.4,10.5
058075,4.5,4.8,4.7,4.9,5.3,5.3,6.1,6.2,6.4,6.2,6.8,6.8,6.6,6.5,6.9,7.2,7.6,7.5,7.9,8.0,8.1,8.8,9.3,9.8,10.3
058076,6.0,6.0,6.8,6.6,7.0,7.7,7.7,8.0,8.2,8.4,9.0,9.0,8.6,8.5,9.0,9.1,9.3,9.8,10.7,10.6,9.4,11.3,11.2,12.8,13.2
058077,3.2,3.4,4.0,3.5,3.8,4.1,4.4,4.7,4.7,4.3,5.1,5.4,5.1,4.8,5.1,5.6,5.6,6.5,6.1,6.7,6.0,7.0,7.7,8.3,8.8
058078,4.6,4.4,5.0,5.1,4.9,5.5,5.7,6.4,7.2,6.4,7.1,6.9,6.2,6.1,6.8,7.1,7.6,8.5,8.7,8.6,8.4,9.5,10.0,11.2,11.8
058079,8.7,9.2,9.7,10.3,10.3,10.9,11.8,11.8,12.4,12.2,12.3,13.4,12.2,12.2,12.8,13.1,13.6,14.2,14.8,16.1,14.0,15.0,17.3,17.6,17.5
058080,4.1,4.3,4.8,4.6,5.2,5.5,6.0,6.3,6.6,7.1,6.6,6.8,7.4,7.3,6.7,7.0,7.9,8.0,8.5,9.3,8.4,9.7,10.0,10.5,11.7
058081,5.2,5.8,6.1,6.1,6.5,6.7,7.6,7.4,8.6,7.6,7.8,7.9,8.1,8.1,7.9,8.5,8.8,9.1,9.3,10.6,8.8,10.2,10.9,11.5,12.1
058082,5.9,6.3,6.5,7.5,7.6,7.8,7.7,8.4,9.6,8.2,8.7,9.6,9.0,8.3,9.2,9.4,10.3,10.2,10.6,10.8,9.9,11.5,12.5,13.0,13.6
058083,5.1,5.4,5.5,6.0,6.8,6.7,7.5,7.3,7.3,7.8,7.5,8.1,7.9,7.5,8.6,8.9,8.7,9.2,9.2,10.2,9.6,10.3,10.7,12.2,12.1
058084,4.1,5.0,4.9,5.3,5.7,6.0,6.4,6.9,7.0,6.8,6.5,7.5,7.6,6.8,7.6,7.9,7.8,8.5,8.7,9.8,8.8,10.0,11.4,11.3,12.7
058085,4.1,4.8,4.8,5.1,5.4,5.5,6.4,7.0,7.2,7.2,6.6,7.8,7.0,7.0,7.2,7.4,7.7,8.3,9.4,9.6,8.4,9.4,10.2,10.9,11.8
058086,3.8,3.7,4.2,4.8,5.3,5.3,5.5,5.4,5.9,5.9,5.8,6.4,5.8,6.4,6.4,6.9,7.1,8.1,7.9,8.6,7.8,9.0,9.3,9.9,10.2
058087,6.4,6.9,7.5,7.8,7.9,8.4,8.8,9.5,10.1,8.9,9.6,10.2,9.5,9.6,9.9,11.6,10.9,11.7,11.1,12.4,11.3,12.4,12.9,14.1,15.4
058088,5.0,5.2,6.0,6.2,6.8,6.9,7.6,7.3,8.0,8.1,7.7,9.0,7.7,7.9,8.6,8.9,8.8,9.7,10.3,11.1,9.8,10.7,11.7,12.7,13.5
058089,4.9,5.5,5.4,6.3,6.3,6.8,7.2,7.4,7.9,7.4,7.9,8.4,8.2,8.0,8.9,8.8,9.1,9.8,9.4,10.1,10.1,10.1,11.1,11.4,12.4
058090,7.6,8.1,7.8,8.4,8.9,9.3,9.4,9.6,10.1,9.9,10.5,10.9,10.5,10.3,10.2,11.0,11.0,11.3,12.0,12.8,12.0,12.4,13.7,13.8,14.5
058091,13.3,14.0,14.7,14.9,15.0,16.0,16.4,17.3,17.1,15.9,16.8,16.8,17.0,16.7,16.6,17.7,18.1,17.9,18.3,19.1,18.3,18.5,20.0,21.3,21.9
058092,5.8,6.0,6.4,6.6,6.6,7.0,7.3,7.3,8.1,7.1,7.8,8.1,7.7,7.6,7.8,8.5,8.7,9.1,8.4,9.3,9.3,9.8,11.1,11.5,12.2
058093,3.9,4.3,4.8,5.1,4.7,5.1,5.5,5.5,6.0,6.0,6.2,6.5,6.4,6.1,6.7,7.3,7.8,7.4,8.3,8.8,7.9,8.9,9.3,10.1,11.2
058094,8.3,9.3,9.0,9.8,10.7,10.5,11.6,11.4,11.9,11.3,11.7,11.8,12.3,12.1,12.4,12.7,13.2,13.7,14.7,14.4,14.1,15.0,15.6,16.6,18.0
058095,5.3,6.4,6.2,6.9,7.1,7.3,8.4,8.6,9.1,8.7,8.7,9.4,8.8,8.7,9.8,10.2,10.2,10.7,11.2,11.7,10.7,11.7,14.3,13.8,15.3
058096,8.0,9.1,9.0,10.1,9.9,11.1,10.7,11.6,11.8,11.5,11.3,12.0,11.9,12.3,12.3,12.1,12.8,12.9,13.8,13.9,12.8,13.7,14.5,16.4,16.6
058097,3.8,3.8,3.8,4.2,4.3,5.0,4.9,5.5,5.9,5.5,5.7,6.0,5.6,6.0,6.0,6.1,6.5,7.0,7.6,8.2,7.0,8.1,8.6,9.4,9.6
058098,5.5,5.6,6.6,6.4,6.7,7.0,7.6,7.9,8.3,7.5,8.1,8.3,7.8,8.4,7.7,8.5,9.1,9.1,9.6,10.1,9.1,10.3,9.9,12.1,12.4
058099,5.9,6.4,6.7,6.7,7.7,7.6,7.8,8.2,8.6,8.3,8.8,8.7,8.9,8.3,8.6,9.0,9.5,10.0,11.0,10.9,9.7,11.0,12.5,12.1,13.2
058100,5.4,5.9,6.4,7.0,7.4,7.6,7.9,8.7,8.3,8.8,8.7,9.1,8.1,8.4,9.3,9.3,10.1,10.5,10.6,11.9,10.4,11.6,12.4,13.4,14.4
058101,6.5,7.0,7.6,7.4,8.1,8.3,8.8,9.3,9.5,9.5,9.6,9.8,9.7,9.5,10.0,10.8,10.9,10.4,11.1,12.1,10.7,11.4,13.2,14.1,14.6
058102,5.2,5.0,5.7,5.8,5.8,6.7,6.6,7.0,7.3,6.7,7.4,7.6,7.4,7.2,7.8,8.3,8.3,8.4,8.6,9.0,8.7,9.0,10.4,10.8,11.2
058103,6.3,6.7,6.7,7.3,7.5,8.0,8.8,9.0,9.6,8.9,9.6,10.3,9.9,9.2,9.7,10.0,11.0,11.4,11.9,12.7,11.1,12.5,13.1,15.2,14.7
058104,5.9,6.2,7.1,7.4,7.7,8.0,8.4,8.9,9.4,8.9,9.1,9.4,9.2,9.6,9.8,10.5,10.5,10.7,11.4,12.0,11.1,12.0,12.8,14.7,15.3
058105,5.0,5.3,5.3,5.6,5.4,6.0,6.4,7.5,6.9,7.2,7.4,7.5,6.8,7.1,7.1,8.0,8.4,8.7,8.7,9.0,8.5,9.5,10.4,10.3,11.8
058106,6.0,6.4,7.1,7.2,7.7,7.8,8.7,9.4,9.4,9.4,9.8,10.0,9.9,9.5,10.1,9.8,11.3,11.2,11.8,12.3,11.2,13.1,13.5,14.1,14.3
058107,6.1,5.9,6.3,6.4,7.3,7.4,7.9,8.5,8.5,7.6,8.7,9.1,8.8,8.2,8.6,9.4,9.8,10.2,9.8,11.0,10.0,11.0,12.3,13.9,14.0
058108,5.4,5.7,6.4,6.1,6.9,7.4,7.6,7.8,8.1,8.3,8.3,8.9,7.9,8.5,8.4,9.0,8.8,10.2,10.0,10.7,10.0,11.0,11.6,13.1,13.3
058109,6.1,6.2,6.5,7.3,7.4,7.3,7.9,8.4,8.5,8.3,9.0,9.0,8.2,8.7,8.3,9.7,9.9,10.4,10.2,11.1,10.2,11.2,11.7,12.5,13.1
058110,3.8,4.1,5.0,5.0,5.1,5.4,5.5,5.9,6.0,6.1,6.5,6.1,6.6,6.1,6.6,6.7,7.4,7.5,8.0,8.4,7.4,8.0,9.0,9.7,10.6
058111,5.7,5.7,6.2,6.6,6.6,6.7,7.5,8.3,8.1,7.8,8.7,8.3,8.6,7.7,8.2,8.8,9.4,9.3,9.9,10.3,10.0,10.9,11.4,11.9,12.8
058112,5.0,5.3,5.5,5.9,6.7,6.8,7.4,6.8,7.7,7.2,7.4,8.0,8.4,7.8,8.0,8.2,8.4,9.0,9.4,9.5,8.9,9.4,11.2,11.9,11.4
058113,6.1,6.2,6.1,7.4,7.3,7.9,8.2,8.9,8.8,8.5,8.7,9.0,8.6,8.9,8.9,9.9,9.8,10.0,10.9,10.8,10.1,11.0,12.6,13.4,13.3
058114,9.6,9.7,10.6,10.5,11.0,10.8,11.7,11.8,12.1,12.2,13.1,12.5,13.0,12.3,12.4,12.8,13.0,14.3,14.2,14.5,13.9,15.0,17.5,17.9,17.2
058115,8.2,8.9,8.5,9.7,9.9,10.2,10.6,10.7,11.9,11.2,11.1,12.0,11.5,11.1,12.1,11.6,13.3,13.3,13.4,14.0,14.1,14.3,16.0,16.4,16.2
058116,7.8,8.9,9.1,9.0,9.6,10.4,10.9,10.8,10.9,10.9,11.2,11.3,11.3,10.9,11.8,11.9,11.9,13.1,13.3,13.9,12.7,13.3,14.7,15.8,15.2
058117,5.3,5.6,5.9,6.3,6.6,7.0,7.1,8.0,7.8,6.9,8.0,8.0,8.0,7.9,8.1,8.7,8.9,8.8,10.5,9.5,8.9,10.2,11.5,11.7,13.0
058118,6.3,6.5,6.8,8.0,7.8,8.1,8.4,8.3,9.1,8.7,8.5,9.3,9.6,8.5,8.9,10.1,10.1,10.1,10.7,11.5,10.3,11.0,13.2,13.0,13.5
058119,4.4,5.2,5.7,6.2,6.5,6.5,6.9,7.2,7.3,7.2,7.5,7.9,7.9,7.3,7.9,8.1,9.0,9.2,9.8,10.0,8.6,10.2,10.8,11.7,11.8
058120,5.8,5.9,6.4,6.6,6.9,7.7,7.3,8.1,8.5,8.2,8.6,8.6,8.8,8.4,8.0,8.8,9.6,9.7,10.0,10.7,9.0,10.4,11.8,12.5,12.1
058122,4.5,4.7,5.1,5.6,5.7,5.8,6.4,6.3,6.6,5.9,6.8,7.0,6.8,6.7,6.6,6.9,7.5,8.5,8.2,9.0,8.0,8.8,9.0,10.7,10.5
059001,5.1,5.1,5.9,5.9,6.1,6.7,6.8,7.1,7.7,7.1,7.6,8.1,7.5,7.8,7.7,8.1,8.6,8.8,9.9,10.2,9.3,10.0,12.5,12.0,12.1
059002,5.9,6.0,6.6,6.5,7.1,7.4,8.0,8.0,8.3,8.4,8.9,9.5,9.2,8.8,8.8,9.5,9.7,10.6,11.2,11.4,10.5,10.7,12.2,13.0,13.2
059003,4.7,5.1,5.3,5.5,6.2,6.4,6.4,6.8,7.3,6.8,7.4,7.2,7.5,7.2,7.5,7.8,7.9,8.6,8.5,8.9,8.6,9.4,9.9,10.6,11.4
059004,4.6,4.4,4.6,5.2,5.8,5.6,6.1,6.1,6.7,6.3,7.0,7.3,7.0,6.7,7.2,7.5,7.5,8.0,8.7,8.7,8.7,8.5,9.8,10.3,11.2
059005,5.5,6.1,6.2,6.7,7.0,7.5,8.0,7.5,8.2,7.9,8.6,8.5,8.4,8.3,8.6,9.0,9.3,9.6,10.7,10.4,10.5,10.9,11.1,12.1,12.9
059006,5.4,5.7,6.1,6.3,6.6,7.1,7.8,8.0,8.0,7.9,8.1,8.7,8.2,8.0,8.4,8.6,9.0,10.0,9.8,10.7,9.5,10.0,11.1,11.9,12.7
059007,3.8,4.0,4.1,4.5,4.2,4.9,5.6,5.3,6.3,5.5,6.3,5.6,5.9,5.9,6.3,6.5,6.8,7.0,7.3,8.0,7.4,8.3,8.7,9.5,9.5
059008,4.3,4.8,5.1,5.5,6.0,6.3,6.5,6.5,7.2,7.2,7.3,7.2,7.4,7.3,7.2,8.0,8.0,8.7,9.3,9.0,8.9,9.4,10.9,10.6,11.4
059009,4.7,4.3,4.8,5.3,5.2,5.5,5.8,6.6,6.4,6.2,6.2,6.9,6.4,6.2,6.3,7.0,7.3,7.3,8.1,8.4,8.0,8.9,9.7,10.0,10.5
059010,8.1,8.2,8.6,9.4,9.3,9.5,10.6,10.9,11.5,10.7,11.8,12.0,11.2,11.0,11.7,11.9,11.9,12.7,13.6,13.9,13.2,13.9,15.0,16.7,15.9
059011,6.4,6.9,7.2,7.5,8.4,8.3,9.8,9.4,9.8,8.6,9.5,9.8,9.7,9.6,9.6,9.3,10.2,10.7,11.2,12.0,10.8,12.6,13.3,13.5,14.3
059012,5.7,6.3,6.1,7.1,7.6,7.6,7.4,8.6,8.2,8.7,8.9,9.7,8.7,9.1,9.4,9.9,10.1,10.6,11.4,11.1,10.3,11.6,11.9,13.4,13.5
059013,6.1,6.7,7.0,7.5,7.8,7.7,8.5,8.3,9.1,8.9,9.2,9.8,9.1,9.3,10.0,9.9,10.5,10.6,11.0,12.3,10.8,11.8,13.2,13.3,14.3
059014,6.5,7.4,6.9,7.7,7.7,8.1,8.5,8.5,8.9,8.8,9.0,9.7,9.1,8.7,9.3,9.4,10.1,10.2,11.4,11.6,10.7,11.9,12.5,13.7,13.4
059015,6.4,7.0,7.5,7.4,8.3,8.7,9.1,9.6,9.9,9.4,10.0,10.0,9.9,9.7,10.2,10.4,11.1,11.0,12.4,13.2,12.0,13.0,14.1,14.1,15.0
059016,4.5,4.9,4.4,4.9,5.2,5.9,5.8,6.1,6.6,5.6,6.7,7.2,6.5,6.1,6.6,7.2,7.2,8.0,7.9,7.9,7.7,8.9,9.6,10.1,11.1
059017,4.6,5.2,5.2,6.0,6.5,7.3,7.0,7.5,7.8,7.7,7.5,8.2,8.0,7.8,8.4,9.2,9.1,9.1,9.6,10.3,9.4,9.5,11.4,12.1,13.3
059018,3.7,3.7,3.9,4.1,4.6,4.8,5.0,5.5,5.9,5.4,6.1,6.2,5.5,5.5,5.8,6.3,6.9,6.9,7.5,7.2,7.5,8.1,8.5,9.1,9.6
059019,4.7,5.0,5.6,5.6,6.4,6.6,6.8,6.9,7.1,6.7,7.3,7.7,7.9,7.9,7.2,8.1,8.7,8.9,9.0,9.1,8.5,9.9,10.7,10.9,11.3
059020,5.5,5.7,6.5,6.6,7.5,7.1,7.8,8.1,8.6,8.3,9.0,9.3,8.8,8.9,8.7,9.7,10.4,10.6,10.4,11.7,10.6,12.0,12.9,12.7,13.8
059021,5.6,5.7,6.0,6.4,7.2,7.1,7.4,8.0,8.4,8.5,8.5,8.6,8.0,8.4,8.5,8.8,9.4,9.3,10.2,10.0,9.7,10.5,11.5,11.9,12.6
059022,6.5,6.8,7.2,7.4,8.0,7.7,9.0,9.0,10.0,8.9,9.6,10.2,9.7,9.4,10.3,10.1,10.4,11.1,12.3,11.9,10.5,13.1,12.9,14.2,14.8
059023,6.9,7.0,8.1,8.4,8.3,9.0,9.6,10.0,10.1,10.4,9.4,9.9,10.0,10.0,10.5,11.3,10.7,11.1,12.7,13.0,12.3,12.9,14.3,16.0,15.7
059024,8.1,8.1,8.2,8.9,9.5,9.9,10.0,10.7,11.1,10.8,11.0,11.5,11.0,10.5,11.2,11.8,12.5,12.8,13.2,13.7,13.3,14.0,14.4,16.0,15.8
059025,4.5,5.2,5.0,5.1,5.4,6.1,5.9,6.7,7.0,7.2,6.9,7.8,7.4,6.9,7.5,8.0,8.0,8.8,9.0,8.8,9.4,9.6,10.4,10.9,11.4
059026,7.7,8.0,8.5,9.0,9.1,9.4,10.2,10.1,10.8,10.2,10.2,11.9,11.0,10.9,11.7,11.8,11.5,11.9,13.3,13.5,12.6,13.6,14.6,15.3,16.3
059027,6.1,6.4,6.6,6.9,7.7,7.4,7.8,8.9,8.5,8.8,8.9,9.1,9.0,8.5,9.1,9.1,9.5,10.2,11.1,11.2,10.1,10.7,12.1,12.6,13.3
059028,8.6,8.2,9.1,9.7,9.1,10.0,10.0,11.3,10.7,10.5,11.7,11.5,11.1,11.3,11.9,11.7,12.1,12.9,12.4,13.7,12.9,13.9,14.9,15.9,16.9
059029,5.5,6.4,6.3,7.0,6.8,7.2,7.8,8.2,8.5,8.2,8.3,8.6,8.5,8.3,8.6,8.6,9.3,9.4,10.1,10.2,9.6,10.1,11.3,11.9,12.4
059030,4.9,5.6,5.9,6.3,6.8,6.8,7.1,7.4,8.5,7.4,9.0,8.0,8.4,8.2,8.5,9.2,9.2,10.0,9.9,11.0,10.0,11.3,11.9,12.2,13.2
059031,4.9,5.3,5.2,5.6,6.3,6.0,6.4,7.1,7.5,7.0,7.6,8.0,7.0,6.6,7.7,7.8,8.3,8.8,8.8,9.2,8.7,9.4,9.8,10.6,11.3
059032,5.3,5.3,5.7,6.5,5.7,6.0,6.3,7.0,7.1,7.5,6.8,7.2,7.6,7.0,7.7,7.7,8.0,8.3,9.1,9.5,9.0,8.9,9.9,10.8,12.5
059033,6.9,7.4,7.7,8.0,8.6,8.6,9.1,9.7,9.5,10.0,10.5,10.3,9.8,10.6,9.9,11.0,11.0,12.0,11.7,11.7,11.7,12.5,14.3,14.2,14.7
060001,5.6,5.6,6.1,6.2,6.8,6.6,7.7,8.1,7.7,7.2,7.8,8.2,7.7,7.3,7.4,8.6,8.6,9.0,9.7,10.0,8.9,10.4,10.9,11.9,12.9
060002,5.5,5.5,6.1,6.5,6.3,6.8,7.5,7.8,8.7,8.1,7.7,8.5,8.1,7.5,8.2,8.5,9.4,9.4,10.5,10.2,9.6,10.8,12.0,13.3,13.6
060003,5.2,5.5,6.0,6.1,6.6,7.1,7.3,7.7,8.1,7.7,7.4,8.5,8.1,7.7,8.6,8.8,9.1,9.6,9.6,9.9,9.9,10.9,11.4,12.7,12.8
060004,6.8,6.3,7.9,7.3,7.5,8.0,8.8,8.7,9.8,8.6,9.1,9.7,9.2,9.3,9.7,10.0,10.6,10.5,11.3,11.0,10.9,11.4,12.4,13.9,14.2
060005,5.2,5.1,5.5,5.7,6.7,6.5,6.9,7.1,7.2,7.0,7.2,8.2,7.3,7.5,8.0,8.1,8.2,8.7,8.6,9.1,8.7,9.3,10.3,11.0,11.9
060006,6.2,7.2,6.7,7.6,7.2,8.1,8.9,8.7,9.5,9.5,8.9,9.2,9.1,8.9,9.3,9.8,10.1,11.4,11.7,11.5,11.0,12.0,12.6,13.8,14.8
060007,6.6,6.6,6.9,7.2,8.0,8.0,8.3,8.4,9.2,8.9,8.7,9.4,9.5,9.5,9.1,10.0,10.5,10.6,11.0,11.2,10.4,11.3,12.1,13.1,13.8
060008,6.3,5.9,6.4,6.7,7.3,7.2,8.3,7.7,8.2,8.6,8.8,8.5,8.4,8.4,8.9,9.2,9.4,10.3,10.5,10.9,9.8,11.3,12.5,13.4,13.3
060009,5.9,6.4,6.5,6.7,7.3,7.1,7.9,8.5,9.1,8.2,8.5,9.3,8.6,7.8,8.6,9.3,10.1,10.2,10.4,11.4,10.5,11.3,12.0,13.2,13.8
060010,4.6,5.3,4.9,5.3,5.8,5.9,5.7,5.8,7.3,6.5,7.2,7.5,6.7,7.1,6.8,7.3,8.0,8.4,8.6,9.7,8.4,9.3,10.1,10.6,11.4
060011,7.0,7.2,7.9,8.4,8.7,8.7,9.0,9.9,9.8,10.1,10.1,9.7,10.1,9.9,10.8,11.5,11.8,12.0,12.6,13.2,11.9,13.3,14.1,15.3,15.8
060012,4.6,4.8,5.1,5.1,5.2,5.7,6.1,6.2,6.3,5.9,6.7,6.7,6.2,6.4,6.8,6.3,7.6,8.4,7.7,8.8,7.7,8.1,9.3,9.6,10.7
060013,4.8,5.8,5.6,5.7,5.8,6.9,7.0,7.6,7.5,7.7,8.0,7.7,8.0,7.9,7.8,8.2,8.8,9.3,9.3,9.7,9.4,10.5,10.6,12.2,11.7
060014,4.2,4.3,4.4,5.1,4.6,6.0,5.7,5.9,6.7,6.4,6.7,7.0,7.2,6.9,7.1,7.5,7.7,8.1,8.4,8.6,8.5,9.1,9.8,10.5,11.4
060015,4.3,4.7,4.9,5.5,5.5,6.1,6.2,6.7,7.7,7.3,6.6,7.5,7.1,6.8,7.5,7.6,8.3,8.6,9.2,9.8,8.7,10.0,10.2,11.7,12.4
060016,3.5,3.5,3.9,4.2,4.6,4.5,4.9,5.4,5.6,5.4,5.7,5.9,5.8,6.2,6.3,6.4,6.6,7.3,7.4,8.1,7.2,7.6,8.5,9.1,9.7
060017,6.4,7.0,7.4,7.1,7.8,8.1,8.3,9.0,9.3,9.1,8.7,9.5,9.1,8.5,9.6,9.7,9.6,11.3,11.2,10.9,10.6,11.6,13.0,13.2,14.0
060018,6.4,6.6,7.3,7.1,8.0,8.2,8.8,9.3,9.6,9.1,9.8,9.7,9.5,9.1,9.8,10.5,10.2,11.1,11.4,12.0,11.6,13.2,13.3,15.1,13.9
060019,4.7,5.0,5.4,5.3,5.6,6.4,6.4,6.8,7.4,6.9,6.9,7.6,7.6,6.7,7.4,8.1,8.1,8.7,8.3,9.1,8.4,9.6,10.0,11.1,11.4
060020,3.7,3.7,3.8,4.4,4.9,5.0,5.2,5.2,5.8,5.1,5.9,6.0,5.6,6.2,5.8,6.5,7.0,7.3,7.4,7.6,7.2,8.1,9.1,9.1,9.2
060021,6.0,6.7,6.7,7.1,7.5,7.4,8.6,9.1,8.6,9.5,9.5,9.4,10.1,9.7,10.1,10.7,11.3,11.7,11.9,12.5,11.5,12.9,13.2,14.2,14.3
060022,3.5,3.4,3.7,3.8,4.3,4.2,4.4,5.1,5.2,4.5,4.8,5.4,5.0,4.7,5.5,5.5,6.0,6.1,6.9,6.4,6.3,7.0,7.1,7.7,8.0
060023,5.7,6.6,6.4,7.2,7.0,7.5,8.0,8.2,8.6,8.0,8.9,9.1,9.1,8.4,8.5,9.5,10.1,9.8,11.0,10.8,11.0,11.6,12.1,13.4,13.4
060024,6.3,6.6,7.3,7.4,7.9,8.5,8.3,8.7,9.0,8.8,9.0,9.8,9.4,9.0,9.9,9.8,10.4,10.2,11.0,12.1,11.0,10.5,12.5,12.9,13.6
060025,5.7,6.3,6.8,6.8,7.0,7.2,7.8,8.3,8.9,8.7,8.5,9.1,9.2,9.0,8.2,9.7,9.7,10.2,10.7,11.5,10.2,11.2,12.2,12.8,13.4
060026,5.5,5.6,5.8,6.4,6.8,7.0,7.1,8.0,8.3,8.0,7.8,8.5,8.5,8.2,8.1,8.6,8.9,9.1,10.2,10.0,10.4,10.4,12.4,12.5,13.1
060027,4.4,4.3,4.6,4.8,5.0,5.6,6.0,6.6,6.6,6.3,7.0,7.1,7.1,6.6,7.0,7.8,7.6,7.8,8.3,8.8,8.7,9.4,10.0,10.9,10.9
060028,4.5,4.9,5.1,5.1,5.6,6.1,6.0,6.6,7.1,7.0,7.0,7.1,6.8,6.5,6.9,7.6,7.7,8.6,8.8,9.8,8.3,8.9,9.5,10.4,10.9
060029,4.1,4.6,4.7,5.3,5.8,5.9,6.5,6.8,6.9,6.7,7.3,7.9,7.2,7.3,7.6,8.1,8.1,8.9,8.7,8.9,9.1,9.3,10.6,11.2,11.9
060030,6.1,6.5,7.0,7.1,7.1,7.6,8.9,8.5,9.5,8.1,8.8,9.1,9.5,9.1,9.5,9.1,10.0,10.3,10.7,11.1,10.5,11.6,12.2,13.1,13.5
060031,4.5,4.7,5.2,5.5,5.7,6.2,6.6,6.2,6.6,6.8,7.8,7.7,7.2,7.6,8.0,8.1,8.3,9.1,9.1,9.7,8.4,9.4,10.3,11.5,12.3
060032,6.7,7.1,7.1,7.7,8.3,8.2,8.7,9.0,9.6,9.1,10.1,10.3,10.3,9.6,10.1,11.4,12.1,11.2,12.5,13.0,12.3,12.8,13.5,14.2,15.1
060033,5.3,5.2,5.1,5.3,6.0,6.5,7.0,6.7,7.9,7.7,7.5,8.1,7.3,7.5,8.3,8.3,8.5,9.3,9.4,9.7,9.2,10.3,10.7,12.4,13.1
060034,5.4,5.7,6.1,6.2,6.6,6.6,7.3,7.3,8.3,7.2,7.7,8.3,7.8,7.7,8.3,8.3,8.7,9.2,9.3,10.1,9.4,9.6,10.6,11.9,12.4
060035,6.9,7.5,7.5,7.8,8.2,9.3,8.3,9.3,9.6,9.6,9.6,10.2,9.8,10.1,10.1,10.7,11.3,11.6,12.1,11.8,11.2,12.8,12.7,14.1,14.1
060036,6.2,7.2,7.5,7.0,8.0,8.1,8.6,9.0,9.3,8.3,9.4,8.7,9.3,8.9,9.0,9.8,9.8,10.4,11.0,10.9,10.3,11.4,12.1,12.9,13.2
060037,6.5,6.5,7.6,7.3,8.0,8.0,8.7,9.2,9.2,9.0,8.8,9.5,9.5,9.4,9.3,9.6,9.6,9.9,10.3,11.5,10.3,11.4,12.8,13.5,13.8
060038,6.3,6.7,7.2,7.8,7.9,8.9,8.8,9.4,9.3,9.4,9.6,9.8,9.7,9.3,9.2,10.5,11.1,11.3,12.1,12.1,11.2,12.8,13.8,14.8,14.7
060039,3.5,3.9,4.2,4.2,4.6,4.9,5.0,5.5,5.9,5.8,5.8,6.0,5.8,5.7,5.8,6.0,6.5,6.7,7.6,7.8,7.6,7.8,8.5,9.3,9.8
060040,3.7,3.9,3.7,4.8,4.5,5.0,4.8,5.4,5.6,5.7,6.1,6.2,6.0,5.9,6.2,6.5,6.7,7.6,7.6,8.2,7.8,7.8,9.0,9.3,10.0
060041,7.4,8.4,8.2,8.8,9.1,9.5,9.8,10.1,10.6,9.9,10.7,11.4,9.8,10.1,10.1,11.7,11.2,11.3,11.9,12.1,11.9,12.4,13.7,14.6,14.6
060042,5.2,5.9,6.0,6.6,6.7,7.1,7.9,7.6,7.6,7.5,8.2,8.0,7.7,8.3,8.7,8.6,8.9,9.4,9.5,10.4,9.2,10.4,11.7,11.9,12.3
060043,3.5,3.5,4.2,4.4,5.0,4.9,5.6,5.8,5.5,5.4,5.7,6.4,5.7,6.2,6.3,6.2,7.3,7.3,8.2,8.2,7.7,8.4,9.4,9.9,10.6
060044,4.1,4.6,5.0,5.0,5.9,5.7,6.2,6.7,6.9,6.6,7.2,7.3,7.5,6.9,7.4,7.4,8.1,8.5,9.5,9.1,8.9,9.1,10.4,10.7,12.0
060045,6.4,7.1,7.4,7.1,8.0,8.1,8.9,8.9,9.0,9.3,9.4,10.1,9.6,9.2,10.3,10.2,10.2,11.2,11.7,11.4,11.2,12.1,12.9,14.2,14.5
060046,6.6,7.0,6.9,8.2,8.0,8.3,8.9,9.1,8.8,9.2,9.7,9.7,10.0,9.6,9.5,10.3,10.8,11.2,11.2,12.0,10.6,11.9,13.0,13.0,14.2
060047,3.7,4.2,4.8,4.6,4.8,5.5,5.8,5.9,6.3,5.7,6.4,6.4,6.3,6.6,6.4,7.1,7.3,7.2,8.1,8.9,8.3,8.8,10.0,11.0,11.0
060048,3.9,4.6,4.8,4.9,5.3,5.8,5.6,6.0,6.6,6.1,6.1,6.9,6.4,6.6,6.9,6.8,7.7,7.9,7.8,8.2,8.1,8.4,10.1,10.3,10.7
060049,2.9,3.1,3.3,3.7,3.9,4.1,4.3,4.3,4.8,4.4,5.1,5.4,5.3,4.8,5.1,5.2,5.8,5.7,6.0,6.5,6.1,6.7,6.9,7.6,8.4
060050,6.5,7.0,7.3,7.5,7.5,7.6,8.8,8.9,9.6,9.2,8.4,10.0,9.4,9.7,9.6,10.3,10.8,11.0,11.2,12.3,10.9,12.5,12.4,13.9,14.7
060051,6.6,7.2,7.2,7.8,7.5,8.8,9.3,9.4,9.9,9.6,9.7,9.9,9.9,9.4,9.9,10.9,11.2,11.5,11.8,12.1,11.9,12.6,14.8,14.6,14.9
060052,5.3,5.6,6.0,6.2,7.1,7.1,6.9,7.5,8.3,7.7,7.8,8.1,8.1,7.8,8.2,9.1,8.8,9.3,9.5,10.6,9.4,10.3,11.7,11.9,12.7
060053,6.9,7.4,8.2,7.6,8.3,8.7,8.8,10.3,9.7,9.4,9.8,10.0,10.6,10.0,9.8,10.5,10.9,11.8,12.1,12.1,12.0,12.6,13.2,13.9,15.0
060054,6.2,6.4,6.6,6.9,7.1,7.8,7.9,7.9,8.4,8.2,8.4,9.0,8.9,8.5,8.6,9.0,9.3,9.2,10.1,10.6,10.2,10.9,11.5,12.1,13.0
060055,3.3,3.7,3.8,4.1,4.3,4.6,5.0,5.1,5.1,5.0,5.7,5.3,5.5,5.5,5.8,5.9,5.8,6.8,7.3,6.8,6.6,7.6,8.0,8.9,8.9
060056,5.4,6.0,5.8,6.2,7.1,7.4,7.6,8.2,8.1,8.7,8.1,8.6,8.7,8.5,8.6,8.4,9.6,9.8,10.1,11.0,10.0,10.3,11.6,12.9,12.9
060057,5.8,5.9,6.1,6.4,6.8,7.0,7.7,7.8,8.0,7.7,7.8,8.8,8.4,8.2,8.8,9.0,9.1,9.2,10.3,10.2,9.7,10.7,11.4,12.6,12.3
060058,3.3,3.3,3.8,4.0,4.3,4.8,4.5,5.1,5.5,5.2,5.3,5.5,5.6,5.5,5.5,6.4,6.5,7.2,6.7,7.1,6.9,7.4,8.4,9.1,9.5
060059,5.5,6.4,6.5,6.6,6.5,7.7,7.6,7.4,7.7,7.0,8.1,8.8,8.2,8.0,9.0,8.6,9.1,9.1,9.8,9.6,9.7,10.2,11.1,12.0,11.8
060060,4.9,4.8,5.0,5.6,5.5,5.9,6.4,6.4,6.9,6.5,6.9,7.0,7.0,7.0,6.9,7.8,7.6,8.1,8.6,8.6,8.1,8.5,9.6,10.7,10.7
060061,3.2,3.3,3.4,3.7,3.6,4.5,4.8,4.6,4.6,4.9,4.9,5.8,5.3,5.2,5.1,5.6,5.9,6.3,6.5,6.8,6.2,7.4,7.8,7.8,8.6
060062,4.9,4.8,5.4,5.4,5.1,6.3,6.1,6.3,7.4,7.3,7.1,7.6,7.4,6.6,7.8,7.6,8.6,8.5,8.5,9.5,8.9,9.1,10.5,10.6,10.8
060063,9.1,9.0,9.4,10.0,10.5,10.4,11.7,12.4,12.5,11.1,11.7,12.9,12.8,11.7,12.1,13.3,13.5,14.1,14.3,14.7,14.2,15.1,16.2,16.5,18.1
060064,5.1,5.3,5.7,5.8,6.2,6.3,6.6,6.9,7.6,7.0,7.5,7.8,7.1,6.9,7.3,8.4,8.4,8.6,9.1,9.5,9.1,9.4,10.8,12.0,12.2
060065,6.5,7.3,7.5,8.3,8.5,8.7,9.5,9.6,9.5,9.5,9.5,10.0,9.9,10.0,9.7,10.7,11.5,10.8,11.9,11.9,11.6,12.0,13.0,13.9,15.0
060066,3.7,3.8,4.0,4.1,4.5,4.4,4.7,5.8,5.5,5.5,6.0,5.8,6.0,6.2,6.0,7.2,6.4,7.5,8.0,7.8,7.3,8.0,8.2,9.1,10.0
060067,3.5,4.0,4.3,4.9,4.5,5.0,5.0,5.4,6.2,6.4,6.3,6.7,6.5,6.3,6.6,6.9,7.5,7.4,7.8,8.5,8.6,9.0,9.6,10.4,10.0
060068,4.4,4.3,4.7,4.6,5.0,5.3,5.9,5.8,6.3,5.6,6.1,6.7,6.5,6.5,6.8,6.9,7.4,7.7,7.8,8.7,7.5,8.7,9.6,10.5,10.1
060069,4.9,4.7,4.9,5.7,6.1,5.9,6.6,6.7,7.1,6.6,7.2,7.5,7.6,6.7,7.5,7.4,7.8,7.8,8.5,7.9,8.5,9.2,9.5,10.4,10.5
060070,4.5,4.4,5.1,5.2,5.4,5.1,6.2,6.5,6.8,6.5,6.5,6.6,6.2,6.6,7.5,7.3,7.4,7.9,8.9,7.9,8.5,8.6,9.4,10.4,10.6
060071,3.9,5.1,4.8,5.6,5.7,6.1,6.7,7.0,7.3,6.8,7.3,7.8,7.1,7.3,7.7,7.8,7.6,8.7,8.6,9.1,8.6,9.7,10.4,11.2,11.5
060072,4.4,4.2,4.3,5.0,5.3,5.6,5.8,6.0,6.5,6.2,7.0,6.9,7.3,6.6,6.5,7.3,8.0,8.1,8.5,8.8,8.4,9.1,9.8,10.7,10.3
060073,5.6,5.5,5.9,6.5,6.4,7.1,7.9,8.2,8.2,7.9,7.8,8.5,8.8,8.0,8.5,9.1,9.7,9.0,10.3,10.7,9.9,10.9,12.0,13.2,13.9
060074,3.8,3.9,4.0,4.4,4.7,4.8,5.5,5.8,6.1,5.8,6.4,6.6,5.8,6.2,6.6,6.5,6.9,7.2,7.6,7.8,7.1,8.7,9.2,9.8,10.1
060075,6.8,6.8,7.7,7.4,7.9,8.6,8.8,9.5,9.7,9.6,9.8,9.6,9.6,9.7,10.8,10.6,11.4,11.3,12.0,12.8,11.3,12.8,13.4,15.1,15.3
060076,4.6,5.0,5.2,5.5,5.9,5.9,6.5,6.5,6.8,6.7,6.5,7.5,6.5,6.8,7.3,7.6,8.1,8.4,8.1,9.0,8.4,9.2,10.2,10.9,11.4
060077,2.9,3.4,3.8,4.1,3.8,4.2,4.7,4.8,5.1,4.9,5.6,6.1,5.6,5.0,6.0,6.4,6.5,6.8,7.2,7.3,7.4,8.0,8.7,9.2,9.0
060078,3.8,4.2,4.4,4.6,5.5,5.4,5.7,5.1,6.1,5.4,6.3,6.5,6.6,6.4,6.5,7.0,7.2,7.6,7.9,8.2,7.4,8.5,8.9,9.4,9.2
060079,4.4,3.9,4.4,5.0,4.6,5.0,5.6,5.8,5.7,5.9,6.1,6.0,6.4,6.0,6.0,6.8,7.2,7.2,7.8,7.6,7.7,7.7,9.2,10.1,9.6
060080,5.6,6.6,6.5,6.6,7.4,8.0,8.3,8.0,8.7,8.4,8.7,9.4,9.1,9.4,8.9,9.6,10.6,10.9,11.4,11.6,10.9,12.3,13.0,13.9,14.4
060081,5.7,5.7,5.8,6.6,6.8,6.8,7.1,7.9,8.6,7.9,8.5,8.6,8.9,8.4,7.8,8.6,9.5,9.6,10.2,10.5,9.6,10.7,11.6,13.1,13.9
060082,5.0,5.0,5.5,6.2,6.2,7.0,6.5,7.1,8.1,7.8,7.9,8.3,7.5,8.0,8.4,8.2,8.2,9.5,9.6,10.0,9.2,10.7,11.1,12.6,12.6
060083,5.9,6.3,7.4,7.1,7.7,7.6,8.7,8.6,9.7,9.2,9.3,9.9,9.4,9.3,9.9,10.0,10.4,10.7,11.6,11.3,11.3,12.0,13.5,13.7,15.0
060084,6.0,6.8,6.5,6.8,6.8,7.4,7.5,7.6,8.5,8.4,8.3,8.8,8.9,8.6,8.9,9.0,9.1,9.6,10.4,10.2,9.8,10.2,11.7,12.4,12.7
060085,4.0,4.4,4.8,4.8,5.1,5.3,5.7,6.2,5.7,6.0,6.9,6.8,6.8,6.8,6.6,7.3,7.0,7.9,8.2,8.5,8.2,9.0,9.5,10.1,10.4
060086,5.5,5.6,6.3,6.3,6.4,6.6,7.6,8.1,8.3,7.7,8.2,8.0,8.1,8.0,8.0,7.9,8.1,9.7,9.2,10.0,9.3,10.0,11.3,12.4,12.4
060087,5.6,6.1,6.0,6.3,6.9,7.2,7.4,7.7,8.3,8.1,9.0,8.3,8.8,8.9,8.5,9.0,9.5,9.6,10.6,10.5,10.1,11.5,12.0,13.0,13.6
060088,5.6,6.4,6.8,7.0,6.9,7.8,6.9,7.9,8.6,8.5,8.7,8.7,8.5,8.8,8.9,9.1,11.1,10.7,11.0,11.2,9.8,11.3,12.7,13.8,14.2
060089,3.8,3.8,4.6,4.3,4.5,5.3,5.4,5.4,6.3,5.4,6.4,6.7,5.9,5.7,6.4,6.1,7.3,7.3,7.6,8.0,7.2,8.1,8.4,9.4,10.3
060090,4.0,3.6,4.5,4.7,5.1,5.7,6.2,6.2,6.3,6.0,6.8,6.6,6.6,6.2,7.1,7.2,7.4,7.6,8.7,8.6,8.4,9.1,10.0,10.9,12.0
060091,6.6,6.9,7.0,7.7,8.2,8.0,9.0,9.1,9.2,8.6,9.6,9.5,9.5,9.5,9.8,10.5,10.8,11.4,11.7,11.3,11.2,12.6,13.4,14.0,14.0
061001,2.7,2.9,3.5,3.6,3.4,3.9,3.9,3.9,4.5,4.1,4.3,4.4,4.5,4.3,4.4,5.1,5.3,5.6,5.4,6.3,5.4,5.8,6.8,7.3,7.4
061002,4.3,4.2,4.8,4.6,5.0,4.7,5.4,5.3,5.7,5.8,6.0,6.4,6.0,6.3,6.1,6.3,6.3,7.2,6.9,7.4,6.5,7.5,8.9,9.3,9.4
061003,2.2,2.3,2.3,2.6,2.6,2.9,2.9,2.9,3.3,3.6,3.5,3.8,3.5,3.5,3.7,4.2,4.1,4.0,4.5,4.7,4.7,4.9,5.5,6.4,6.4
061004,2.2,2.4,2.5,2.9,3.0,3.3,3.1,3.8,3.8,3.9,4.1,4.2,4.0,3.7,4.1,4.3,4.8,5.1,5.7,5.9,5.7,5.6,6.5,7.2,7.8
061005,3.7,4.6,4.5,4.8,5.1,5.4,6.1,6.1,6.4,6.0,6.1,6.8,6.6,6.8,6.6,6.9,7.9,8.2,8.5,8.7,7.9,9.4,10.0,10.5,10.7
061006,2.8,2.8,3.2,3.4,3.6,3.7,3.7,4.4,4.4,4.5,4.6,4.8,4.7,4.4,4.9,5.3,5.6,5.3,5.6,6.0,5.7,6.7,6.8,7.6,7.8
061007,3.4,3.3,3.7,3.3,4.3,4.2,4.5,4.5,4.8,5.2,5.1,5.4,5.6,5.1,5.1,5.4,6.0,6.3,6.6,6.9,6.3,6.8,7.6,8.2,8.4
061008,3.2,2.7,3.1,3.6,3.6,3.9,3.7,4.2,4.2,4.3,4.7,5.0,4.8,4.5,4.5,4.7,5.2,5.4,6.1,5.8,5.8,6.5,6.9,7.6,8.1
061009,2.2,2.2,2.5,2.6,2.6,2.4,3.2,3.5,3.5,3.0,3.8,4.0,4.1,3.6,4.1,4.1,4.7,4.8,5.2,5.2,4.8,5.5,5.8,6.7,6.8
061010,3.8,4.0,4.3,4.6,4.7,5.2,5.2,5.3,5.6,5.4,5.7,6.2,6.2,5.9,6.1,6.3,6.7,6.8,7.3,7.9,7.0,7.6,8.0,9.0,9.1
061011,2.2,2.5,2.9,2.9,3.0,3.1,3.3,3.4,3.9,3.7,3.6,3.8,4.0,4.0,4.0,4.6,4.7,4.9,5.1,5.3,5.3,5.4,6.0,6.3,6.9
061012,1.6,1.8,1.9,2.0,2.4,2.3,2.4,2.5,2.8,2.8,2.7,2.7,3.0,2.7,3.1,3.2,3.5,3.9,3.8,4.2,3.5,4.3,4.4,5.0,5.3
061013,1.6,1.7,2.0,2.0,2.5,2.2,2.9,2.8,2.9,3.1,3.1,3.4,3.6,3.2,3.7,4.0,4.1,4.5,4.8,4.5,4.5,5.1,5.7,6.0,6.6
061014,2.7,3.1,3.2,3.5,3.6,3.7,3.9,4.4,4.2,4.6,4.6,4.9,4.9,4.4,4.7,4.9,5.4,6.0,5.7,5.6,5.9,6.6,7.5,7.6,7.8
061015,3.0,3.5,3.4,3.5,4.0,4.2,4.3,4.6,5.3,4.9,5.1,5.0,4.7,5.1,5.2,5.8,5.6,5.9,6.0,6.5,6.2,6.6,8.1,8.4,8.4
061016,1.3,1.4,1.7,1.6,1.7,1.8,2.2,2.0,2.4,2.4,2.4,2.8,2.4,2.3,2.6,3.0,2.8,3.2,3.6,3.3,3.5,3.6,4.0,4.3,4.4
061017,2.0,2.1,2.0,2.2,2.4,3.1,3.0,3.2,3.4,3.6,3.5,3.6,3.6,3.8,3.8,3.8,4.8,4.7,5.2,5.3,4.9,5.3,6.2,6.8,7.0
061018,2.4,2.5,2.7,2.7,2.9,3.2,3.3,3.5,3.8,3.5,4.1,4.2,4.1,3.9,4.1,4.4,4.6,5.0,5.0,5.5,5.2,5.2,6.7,6.7,7.3
061019,2.8,2.9,3.3,3.5,3.5,3.7,3.8,4.5,4.4,4.4,4.8,5.1,4.6,4.5,4.8,5.0,5.2,5.7,5.8,5.6,6.0,6.0,6.7,7.6,7.5
061020,3.9,3.7,4.1,4.0,4.0,4.7,4.7,5.0,5.7,5.5,5.4,5.4,5.1,5.1,5.2,5.7,6.3,6.5,6.4,6.7,6.2,7.1,7.9,8.2,8.7
061021,2.3,2.5,2.9,2.7,3.4,3.4,3.4,3.5,3.5,3.7,3.8,4.3,4.0,3.9,4.4,4.4,4.6,4.8,4.8,5.3,5.2,5.0,5.6,6.6,6.9
061022,2.9,3.1,3.2,3.1,3.5,3.6,3.8,4.3,4.4,4.4,4.5,4.7,4.4,4.7,4.6,5.6,4.9,5.5,5.4,5.9,6.0,6.1,6.9,7.6,7.4
061023,2.2,2.4,2.5,2.8,3.2,3.2,3.4,3.2,3.6,3.7,3.9,4.0,4.3,4.0,4.3,4.6,4.4,4.8,5.2,5.5,5.0,5.2,5.9,6.7,6.7
061024,2.6,3.4,3.4,3.5,3.6,3.9,4.0,4.3,4.7,4.7,4.6,5.1,4.6,4.7,4.8,5.0,5.2,5.7,5.9,6.1,5.9,6.5,7.6,7.8,9.1
061025,4.2,4.7,4.9,5.2,5.6,6.0,5.9,6.8,6.6,6.8,7.0,6.5,6.6,6.9,6.6,6.9,7.2,8.1,8.2,8.2,8.0,9.4,9.2,10.4,10.0
061026,1.3,1.2,1.3,1.5,1.6,1.9,1.7,2.1,2.0,1.9,2.1,2.3,2.2,2.2,2.1,2.5,2.6,3.0,2.8,3.0,2.8,3.3,3.6,4.2,3.8
061027,2.8,3.2,3.3,3.9,3.5,4.1,4.9,4.9,4.9,5.0,5.2,5.8,5.3,5.3,5.6,6.1,6.2,6.6,7.0,7.3,6.8,7.3,8.3,8.8,9.2
061028,3.6,3.6,4.0,4.0,4.5,4.9,5.2,5.5,5.8,5.6,5.4,5.6,5.5,5.8,6.0,6.3,6.5,7.2,7.6,7.2,7.2,8.0,8.9,9.3,10.1
061029,2.9,2.8,3.4,3.2,3.4,3.5,3.9,4.0,4.9,4.5,4.8,4.8,4.7,4.4,4.6,5.3,5.4,5.6,5.8,6.3,5.8,6.8,7.0,7.5,8.5
061030,3.1,3.0,3.5,3.6,3.7,3.7,4.1,4.5,4.5,4.9,4.9,5.0,4.6,5.0,5.0,5.3,5.6,6.1,5.8,6.2,6.0,6.3,7.0,7.0,8.4
061031,3.1,3.5,3.1,3.2,3.9,3.9,4.3,4.4,4.7,4.2,4.4,5.1,4.7,4.5,4.6,5.1,5.4,5.6,6.0,6.2,5.9,6.2,6.8,7.6,7.8
061032,2.3,2.5,2.7,2.6,3.1,3.3,4.0,3.7,4.1,4.1,4.1,4.2,4.6,4.2,4.4,5.1,5.2,5.4,5.8,5.9,5.6,6.0,7.0,7.4,7.5
061033,3.4,3.6,3.7,4.1,4.2,4.3,4.3,4.6,5.2,4.8,5.1,5.1,4.8,4.5,5.0,5.4,5.9,5.9,6.2,6.5,6.0,6.5,7.1,7.6,8.0
061034,1.1,1.0,1.1,1.2,1.3,1.3,1.3,1.6,1.6,1.6,1.7,1.8,1.9,1.8,1.7,1.9,1.9,2.3,2.5,2.5,2.6,2.6,3.0,3.4,3.7
061035,2.0,2.1,2.2,2.4,2.7,2.9,3.0,2.9,2.8,3.0,3.4,3.4,3.3,3.2,3.4,3.8,4.1,3.9,4.5,4.5,4.4,4.8,5.4,5.7,5.7
061036,2.7,3.2,3.7,3.6,3.7,3.9,4.3,4.1,4.5,4.8,4.4,5.2,4.8,4.7,4.9,5.1,5.4,5.6,5.9,6.2,6.1,6.4,7.2,7.5,8.8
061037,2.7,2.9,3.1,3.1,3.6,3.4,3.8,3.9,3.9,4.0,4.4,4.9,3.7,4.4,4.4,4.8,5.1,5.5,6.0,6.0,5.3,5.9,6.8,7.3,7.2
061038,1.7,1.9,1.9,2.3,2.6,2.6,2.6,2.9,2.7,2.9,2.9,3.1,3.2,3.0,3.4,3.3,3.9,3.6,4.2,4.4,3.9,4.7,4.7,5.3,5.6
061039,2.2,2.0,2.5,2.7,2.6,2.9,2.9,3.4,3.2,3.3,3.3,3.5,3.8,3.9,3.7,4.2,4.1,4.7,4.4,4.9,4.6,5.3,5.8,6.0,6.6
061040,2.4,2.7,2.7,3.1,3.2,3.4,3.3,3.9,3.7,3.4,4.4,4.6,4.4,4.0,4.3,4.5,4.8,4.9,5.7,5.9,5.5,6.2,6.5,6.7,7.7
061041,3.0,3.1,3.3,3.4,4.0,3.6,4.2,4.9,4.9,4.5,4.9,4.8,4.9,4.6,5.3,5.8,5.6,6.2,6.5,6.6,6.4,6.8,7.5,7.7,8.8
061042,1.6,1.6,1.8,1.8,2.1,2.2,1.9,2.5,2.7,2.7,3.1,2.7,2.7,2.8,2.9,3.1,3.2,3.5,3.8,4.1,3.8,4.1,4.6,5.2,5.6
061043,4.0,4.6,4.7,5.9,5.9,6.3,6.2,6.5,7.1,6.7,6.9,7.2,7.1,6.8,6.8,7.8,8.0,8.8,8.9,9.4,9.0,9.7,10.2,11.5,12.1
061044,2.1,2.2,2.3,2.6,3.0,3.5,3.2,3.6,3.5,3.7,3.6,4.1,4.0,3.8,4.1,3.9,4.5,4.9,5.1,5.6,4.7,6.2,6.5,6.8,7.0
061045,2.6,3.0,3.1,2.9,3.5,3.6,3.5,3.9,4.1,4.5,3.9,4.3,4.3,3.9,4.2,4.2,5.0,5.0,5.7,5.4,5.0,6.1,6.7,7.0,7.3
061046,3.3,3.5,3.7,3.7,3.9,4.8,4.7,4.9,5.1,4.9,5.5,6.0,5.6,5.5,5.9,6.3,6.3,6.4,6.7,7.1,6.3,7.4,7.3,8.6,9.0
061047,2.5,2.7,2.9,2.9,3.3,3.2,3.6,3.9,3.9,4.0,4.2,4.5,4.1,3.8,4.4,4.9,4.9,5.3,5.7,5.6,5.4,5.8,6.5,7.5,7.6
061048,1.8,2.0,2.1,2.3,2.2,2.5,2.7,2.9,3.0,2.8,3.0,3.2,3.2,3.1,2.9,3.5,3.4,3.7,3.9,4.3,3.9,4.3,4.6,5.0,5.1
061049,2.4,2.3,3.0,3.3,3.4,3.7,3.8,4.4,4.5,4.3,4.3,4.5,4.6,4.3,4.6,5.1,5.3,5.8,6.2,6.0,5.8,6.4,7.5,7.4,8.1
061050,2.4,2.2,2.7,2.6,3.1,2.9,3.3,3.6,3.7,3.7,3.9,4.0,3.7,3.5,4.0,4.2,4.6,4.4,4.5,4.7,4.7,5.3,5.3,5.9,6.3
061051,3.2,3.6,3.4,4.0,4.3,4.0,4.7,5.2,5.2,5.1,5.5,5.2,5.7,5.0,5.3,5.6,5.7,6.5,6.7,6.7,6.5,7.1,8.0,8.5,8.5
061052,4.1,4.1,4.5,4.7,4.8,5.0,5.5,6.0,6.2,6.1,6.1,6.6,6.4,6.3,6.6,6.6,7.3,7.6,7.5,7.7,7.6,8.3,9.7,9.8,10.4
061053,3.1,2.6,2.9,2.9,3.5,3.9,3.7,4.2,4.2,3.9,3.9,4.4,4.5,4.3,4.4,4.6,5.1,5.3,5.3,5.7,5.5,6.1,6.3,7.5,6.7
061054,1.6,1.7,2.0,1.9,2.1,2.3,2.4,2.6,2.9,2.7,2.8,3.2,2.6,3.3,3.3,3.4,3.6,3.7,4.0,4.4,3.8,4.6,4.9,5.3,5.6
061055,3.5,3.6,4.0,4.3,4.2,4.6,4.8,4.9,6.1,5.3,5.6,5.7,5.8,5.3,6.1,6.7,6.0,6.6,7.3,7.2,7.1,7.5,8.4,9.1,9.4
061056,2.5,2.5,2.6,3.1,3.3,3.5,3.8,4.0,4.2,3.9,4.2,4.5,4.1,4.0,4.5,4.6,5.0,5.3,5.6,6.0,5.1,6.2,7.0,7.1,7.9
061057,2.5,2.6,2.7,2.6,2.9,3.4,3.4,3.7,4.0,3.5,3.7,4.1,4.0,4.0,4.3,4.4,4.6,5.0,5.2,5.0,5.0,5.5,5.9,6.6,7.1
061058,3.4,3.4,3.6,3.9,4.4,4.0,4.4,4.8,5.1,5.1,4.9,5.3,5.5,5.4,5.5,6.1,5.8,6.0,6.8,6.9,6.0,7.0,8.0,8.6,8.8
061059,2.0,1.8,1.9,2.1,2.4,2.5,2.4,2.9,2.8,2.8,3.3,3.2,3.1,3.0,3.4,3.6,3.7,3.8,4.4,4.9,4.4,4.7,4.9,5.6,6.1
061060,2.3,2.6,2.7,2.9,3.2,3.4,3.4,3.7,4.2,3.9,4.3,4.4,4.4,4.4,4.0,4.5,5.0,5.1,5.6,5.8,5.3,6.1,6.3,7.0,7.5
061061,2.8,3.4,3.3,3.7,3.4,3.7,4.2,4.4,4.2,4.4,4.4,5.0,5.4,5.0,5.0,5.3,6.0,6.0,6.4,6.7,5.9,7.0,7.4,8.1,8.0
061062,2.4,2.9,2.9,2.9,3.2,3.4,3.6,4.0,4.1,3.8,4.4,4.5,4.0,4.0,4.3,4.7,4.6,5.2,5.4,5.8,4.7,5.9,6.5,6.4,6.8
061063,2.6,2.8,3.2,3.4,3.5,3.7,3.9,4.1,4.7,4.4,4.5,4.7,4.7,4.6,4.5,4.9,5.0,5.6,5.9,6.3,5.7,6.6,6.8,7.3,8.2
061064,2.1,2.3,2.4,2.3,2.5,2.9,3.0,3.2,3.3,3.1,3.4,3.5,3.4,3.6,3.6,3.6,4.2,4.3,4.6,4.8,4.6,4.6,5.3,5.9,5.9
061065,1.4,1.6,2.1,2.1,2.2,2.1,2.1,2.4,2.6,2.5,2.8,2.9,3.0,2.5,3.0,3.1,2.8,3.2,3.7,3.8,3.1,3.5,4.5,4.6,4.7
061066,2.0,2.0,2.2,2.2,2.3,2.5,2.8,2.9,3.0,2.9,3.2,3.3,3.2,3.2,3.5,3.5,3.4,3.3,3.8,4.3,3.9,4.2,4.9,5.3,5.9
061067,2.1,2.3,2.6,2.6,2.9,3.0,3.3,3.4,3.8,3.6,3.7,4.0,3.5,3.8,4.0,4.1,4.1,4.6,4.8,4.9,4.3,4.8,5.0,5.6,6.5
061068,3.7,3.5,3.9,4.5,4.3,4.5,5.1,5.0,5.1,4.8,5.2,5.7,5.5,5.5,6.5,5.8,6.4,6.7,6.9,7.5,6.7,7.2,8.1,8.7,9.0
061069,2.5,2.5,2.5,3.0,2.8,2.8,3.4,3.7,4.0,3.8,4.0,4.2,4.0,3.9,4.1,4.4,4.6,4.7,4.9,5.6,4.8,6.0,6.6,6.5,7.3
061070,1.8,1.7,2.0,2.3,2.6,2.7,2.9,2.7,3.0,2.9,3.4,3.4,3.2,3.4,3.5,3.8,3.8,3.9,4.3,4.3,4.2,5.2,5.5,5.5,5.9
061071,2.3,2.6,2.6,2.8,3.4,3.0,3.6,3.7,3.7,3.8,4.1,4.2,3.9,3.9,4.3,4.4,4.7,5.2,5.1,5.6,4.9,5.6,5.9,6.5,7.1
061072,3.7,3.8,3.9,4.2,4.5,5.2,5.1,5.4,5.8,5.1,5.3,5.8,5.6,5.6,5.8,6.2,6.7,6.6,6.9,7.4,6.4,7.5,8.2,8.9,9.1
061073,4.4,4.9,4.6,5.5,5.9,5.5,6.1,6.6,6.4,6.5,6.5,7.3,7.5,6.6,7.1,7.3,8.0,8.2,8.6,9.4,8.2,8.7,10.2,11.0,11.3
061074,2.4,2.4,2.7,3.3,3.3,3.4,3.7,4.2,4.3,3.9,4.0,4.4,4.4,4.2,4.5,4.9,5.3,4.9,5.3,5.7,5.7,5.8,6.6,7.3,7.7
061075,2.3,2.9,3.1,2.9,3.4,3.6,3.9,4.2,4.1,3.9,4.3,4.6,4.3,4.2,4.3,4.7,4.9,5.4,5.2,5.7,5.2,5.9,5.8,6.7,7.5
061076,1.0,1.2,1.3,1.2,1.6,1.5,1.8,1.7,1.9,2.0,1.8,2.0,2.2,1.9,2.2,2.5,2.3,2.7,3.1,2.8,2.4,3.0,3.7,3.6,4.2
061077,2.0,2.3,2.3,2.5,2.2,2.7,2.9,3.1,3.5,3.0,3.6,3.5,3.7,3.5,3.9,3.6,4.0,4.2,4.3,4.9,4.2,4.6,5.5,6.2,6.7
061078,1.9,2.1,2.2,2.5,2.6,2.7,2.7,3.0,3.5,3.1,3.2,3.7,3.3,3.3,3.6,4.0,4.0,4.2,4.6,5.0,4.3,4.5,5.4,5.8,6.2
061079,1.9,2.2,2.2,2.4,2.4,2.6,3.1,2.9,3.1,2.8,3.1,3.3,3.2,2.9,3.8,3.3,3.5,4.1,4.1,4.3,3.6,4.1,4.4,5.1,5.5
061080,3.3,3.4,3.9,3.8,4.5,4.6,4.6,5.7,5.5,4.8,5.3,5.8,5.5,5.0,5.8,5.6,6.3,6.3,6.5,7.4,6.8,7.8,7.9,9.1,9.3
061081,3.6,4.1,3.7,3.9,4.0,4.6,4.7,4.9,5.2,5.2,4.9,5.3,5.4,5.3,5.7,5.7,6.1,6.5,6.5,7.4,6.5,7.0,8.1,8.6,9.3
061082,1.8,2.1,2.3,2.5,2.7,2.6,2.8,3.2,3.0,3.0,3.5,3.2,3.5,3.3,3.7,3.7,3.8,4.0,4.2,4.7,4.1,4.7,4.8,5.6,5.4
061083,3.0,3.5,3.3,3.7,3.6,3.7,4.4,4.6,4.4,4.6,4.8,5.1,4.7,4.4,4.6,4.6,5.1,5.6,5.9,6.0,5.6,6.4,7.0,7.5,7.6
061084,1.5,1.5,1.5,1.9,2.2,2.1,2.3,2.5,2.8,2.7,2.5,2.8,3.0,2.9,3.0,2.8,3.6,3.6,3.5,3.9,3.7,4.1,4.4,5.2,5.7
061085,2.5,2.8,3.0,3.6,3.5,3.5,3.6,3.7,4.2,4.0,4.2,4.7,4.3,4.5,4.7,4.6,5.2,5.2,5.4,5.7,5.4,5.9,6.5,7.3,7.3
061086,3.9,4.2,4.2,4.7,4.6,5.0,5.0,5.3,5.7,5.5,5.2,5.8,5.5,5.4,5.1,5.9,6.1,6.6,6.5,7.0,6.5,6.9,7.8,8.3,8.8
061087,3.2,3.2,3.0,3.6,3.6,3.9,4.2,4.2,4.7,4.4,4.8,5.0,4.7,4.7,5.0,5.7,5.7,5.5,6.1,6.4,5.8,6.6,7.0,7.9,8.6
061088,3.4,3.6,4.0,4.3,4.5,5.0,5.0,5.4,6.0,5.6,5.6,6.4,6.0,5.7,6.5,7.1,7.1,7.2,7.7,8.3,7.7,7.9,9.2,9.9,10.4
061089,3.7,3.9,4.4,4.7,4.3,5.0,5.7,5.1,6.1,5.5,6.0,6.8,6.4,6.0,6.1,6.7,6.8,7.4,7.6,7.7,7.0,7.6,8.4,9.4,10.1
061090,2.3,2.6,2.7,3.2,3.2,3.6,3.7,3.7,4.0,3.7,4.3,4.7,4.2,3.8,4.3,4.5,4.9,5.3,5.4,5.7,5.5,6.1,7.0,7.3,7.5
061091,3.2,3.9,4.1,4.5,4.1,4.4,4.9,5.1,5.4,5.2,5.8,5.7,6.6,6.1,5.9,6.0,6.4,6.8,7.0,7.9,7.5,7.7,8.6,9.6,9.0
061092,2.8,2.9,3.3,3.7,4.2,4.0,4.2,4.7,4.9,4.4,4.9,5.3,4.9,5.3,5.2,5.8,5.9,6.2,6.3,6.6,6.1,7.0,7.9,8.3,8.5
061093,3.6,3.8,3.7,4.2,4.4,4.9,4.5,5.2,5.5,5.1,5.3,5.8,5.3,5.5,6.0,5.6,6.4,6.8,7.2,7.3,7.2,7.4,7.9,8.8,9.8
061094,4.4,4.6,4.8,5.1,5.3,5.4,6.0,6.0,6.7,6.3,6.2,6.9,7.0,6.9,7.2,7.1,7.4,7.8,8.0,8.6,7.9,8.8,9.0,9.9,10.1
061095,3.2,3.1,3.8,3.8,4.0,4.2,4.3,4.8,5.5,5.1,5.1,5.0,5.5,5.4,5.5,5.8,6.0,6.1,6.6,7.0,6.1,7.1,7.7,8.9,9.4
061096,3.6,3.5,3.9,4.1,4.5,4.2,4.4,5.1,5.6,4.8,5.3,5.7,5.1,5.5,5.8,5.7,6.0,6.3,6.9,7.0,6.3,7.1,7.8,8.6,8.4
061097,3.9,4.1,4.0,4.4,5.0,5.2,4.9,5.3,5.9,5.8,5.8,6.1,6.4,5.8,5.9,6.5,7.0,7.1,7.3,8.4,7.4,8.4,9.0,10.2,10.2
061098,2.7,3.1,3.2,3.5,3.4,3.8,4.3,4.1,5.0,4.4,4.9,5.4,5.1,5.3,5.3,5.3,5.5,5.7,6.3,6.4,6.0,6.7,7.3,7.9,8.7
061099,2.4,2.5,2.6,2.7,2.8,3.2,3.5,3.6,3.8,3.1,3.7,4.1,3.6,3.7,3.8,4.1,4.6,4.3,4.7,5.0,4.4,5.1,5.4,6.5,7.0
061100,3.3,3.1,3.5,3.8,3.8,4.1,4.4,4.5,4.7,4.5,4.5,4.9,4.4,5.0,5.0,5.0,5.4,5.7,5.9,6.5,5.9,6.3,7.0,7.7,8.1
061101,3.5,4.0,4.1,4.2,4.7,4.9,5.2,5.6,5.7,5.6,5.7,6.3,5.8,5.9,6.3,6.5,7.1,7.0,7.4,7.5,7.3,7.6,8.3,8.7,9.8
061102,2.4,2.4,2.7,2.6,2.8,3.1,3.4,3.5,3.6,3.6,3.5,4.0,3.6,3.7,3.8,3.9,4.4,4.5,5.1,5.4,4.7,5.5,6.0,6.4,6.3
061103,3.5,3.8,3.9,3.8,4.5,4.5,4.7,4.9,5.1,5.3,5.2,5.3,5.4,5.7,6.2,6.1,6.3,6.5,6.4,6.9,6.7,7.0,7.7,8.3,8.8
061104,2.8,2.7,3.1,3.2,3.2,3.6,3.6,4.1,4.8,4.2,4.3,4.5,4.3,4.7,4.9,4.8,5.0,5.6,5.7,5.9,5.5,5.8,6.7,7.0,7.7
062001,2.8,2.9,3.4,3.6,3.8,3.8,4.0,4.3,4.4,4.4,4.2,4.6,4.5,4.0,4.5,5.3,5.2,5.5,5.8,6.2,5.0,6.1,6.5,7.0,7.7
062002,3.4,4.0,4.0,3.9,4.6,5.0,5.1,5.0,5.6,5.2,5.3,5.7,5.5,5.2,5.6,6.2,5.7,6.4,6.8,7.0,6.2,6.6,7.9,8.9,8.8
062003,3.8,3.8,3.7,4.2,4.4,4.7,5.2,5.2,5.5,5.1,5.3,5.7,5.8,5.9,5.5,6.0,5.8,6.3,6.8,7.0,6.0,7.3,7.8,8.3,8.3
062004,2.5,2.7,2.9,3.1,3.3,3.4,3.5,4.0,4.2,3.9,4.3,4.4,4.9,4.1,4.1,4.3,4.7,5.0,5.1,5.5,5.4,5.6,6.3,6.7,7.3
062005,2.1,2.1,2.3,2.5,2.5,2.8,2.8,3.4,3.2,3.4,3.6,4.1,3.6,3.7,3.5,4.4,4.0,4.5,4.6,4.8,4.4,5.2,6.1,6.0,6.6
062006,1.9,2.2,2.2,2.5,2.7,2.7,2.9,3.5,3.5,3.2,3.7,3.7,3.7,3.8,3.9,4.2,4.6,5.1,4.7,5.5,4.9,5.3,6.3,6.7,7.4
062007,2.4,3.0,2.9,3.1,3.2,3.3,3.4,3.8,4.2,3.9,4.3,4.4,4.3,4.3,4.4,4.4,5.4,5.3,5.8,5.8,5.7,5.7,6.6,7.1,7.0
062008,4.7,4.4,5.1,5.3,5.6,5.3,6.4,6.2,6.3,6.2,6.2,6.6,6.7,6.4,6.5,7.2,7.1,7.2,7.2,8.3,7.5,8.0,9.2,10.0,9.9
062009,2.8,2.8,3.1,3.3,3.7,3.7,3.6,4.2,4.1,4.1,4.2,4.7,4.4,4.3,4.6,4.7,4.8,5.5,5.5,5.8,5.3,5.9,6.7,7.1,7.3
062010,3.6,3.7,3.9,3.4,4.0,4.6,4.9,4.9,5.4,5.0,5.3,5.9,5.3,5.4,5.3,5.9,6.4,6.6,6.6,7.1,6.6,7.3,7.5,8.6,9.3
062011,2.0,2.2,2.2,2.2,2.3,2.6,2.5,3.2,3.2,3.0,3.3,3.3,3.3,3.1,2.9,3.6,3.8,4.0,4.1,4.3,3.6,4.6,4.9,4.8,6.0
062012,2.9,2.7,3.1,3.3,3.3,3.7,4.1,4.3,4.3,4.4,4.5,4.6,4.5,4.5,4.9,4.9,5.7,5.9,5.9,6.5,6.1,6.9,7.2,8.1,8.5
062013,1.5,1.6,1.6,1.7,1.9,2.1,2.2,2.2,2.3,2.4,2.5,2.6,2.4,2.5,2.8,2.8,3.0,3.6,3.4,3.5,3.4,3.6,4.4,4.6,5.0
062014,1.1,1.3,1.4,1.6,1.8,1.8,2.2,2.4,2.3,2.6,2.7,2.8,2.8,2.2,2.5,3.0,3.3,3.3,3.7,4.4,3.5,4.2,5.2,5.0,5.9
062015,4.0,4.4,4.4,4.5,4.9,5.3,5.9,6.0,6.0,6.3,6.1,6.3,6.2,6.1,6.0,6.6,7.2,7.1,7.2,7.5,7.9,8.6,9.0,10.0,10.2
062016,1.7,1.9,2.0,2.3,2.3,2.6,2.6,2.7,2.9,2.8,2.6,3.1,2.7,2.6,2.9,3.0,3.1,3.2,3.2,3.7,3.7,4.0,4.5,5.3,4.5
062017,1.1,1.2,1.3,1.4,1.4,1.4,1.7,1.9,2.1,1.8,2.0,2.1,2.2,1.8,2.1,2.2,2.6,2.5,2.8,3.0,2.8,3.1,3.5,3.8,4.0
062018,1.5,1.5,1.9,1.9,1.9,2.2,2.0,2.3,2.6,2.5,2.5,2.6,2.6,2.5,2.9,2.7,3.3,3.3,3.2,3.8,3.4,3.8,4.1,4.5,4.6
062019,2.6,2.4,2.6,3.1,3.2,3.6,3.6,3.6,4.2,3.8,3.8,4.1,4.1,4.2,4.3,4.7,4.9,5.0,5.6,5.7,5.5,5.9,6.7,6.6,7.0
062020,2.7,2.3,2.9,2.9,3.2,3.6,3.6,3.8,4.5,3.9,4.6,4.7,4.0,3.8,4.9,4.6,4.9,5.0,5.6,6.2,4.9,6.4,6.5,7.3,7.4
062021,1.8,1.7,2.1,1.9,2.3,2.5,2.3,2.7,2.6,2.7,3.0,2.8,2.8,2.5,3.2,3.1,3.4,3.3,3.4,3.9,3.6,3.9,4.3,4.8,4.9
062022,1.9,2.2,2.5,2.6,2.9,3.2,3.1,3.3,3.6,3.7,3.6,3.9,3.8,3.9,4.0,4.0,4.8,4.8,4.9,5.6,5.0,5.3,6.1,6.7,7.0
062023,2.2,2.6,2.6,2.9,2.9,3.2,3.6,3.7,4.5,4.3,4.2,4.3,4.5,4.1,4.2,4.6,4.8,4.8,5.5,5.7,5.2,5.7,6.5,6.9,7.5
062024,3.7,3.8,4.1,4.3,4.8,5.1,4.9,5.3,5.5,5.3,5.1,5.7,6.0,5.8,6.2,6.1,6.6,7.0,7.0,7.1,6.6,7.2,7.8,8.8,8.4
062025,1.6,2.0,2.0,2.2,2.1,2.2,2.4,2.7,2.8,2.7,3.0,3.0,2.9,3.1,3.2,3.4,3.4,3.5,3.9,3.9,3.8,4.2,4.4,5.1,5.3
062026,2.2,2.2,2.4,2.6,2.6,2.9,3.1,3.4,3.3,3.1,3.7,3.9,3.6,3.7,4.2,4.0,3.9,4.5,4.5,5.0,4.4,4.9,6.2,6.3,6.6
062027,2.3,2.6,2.6,3.2,3.1,3.6,3.7,3.8,4.0,3.7,4.1,4.6,4.4,4.2,4.1,4.5,4.9,4.9,5.5,5.7,5.1,5.9,6.3,6.5,7.4
062028,1.4,1.9,2.1,2.1,2.1,2.6,2.3,2.7,2.7,2.6,2.8,3.1,2.9,2.7,3.1,3.2,3.3,3.8,4.0,4.1,3.8,4.6,4.9,5.2,5.5
062029,2.3,2.2,2.5,2.5,2.6,3.1,3.1,3.4,3.5,3.5,3.6,3.8,3.5,3.5,3.7,3.9,4.0,4.1,4.7,4.8,4.3,5.0,4.7,5.8,5.6
062030,3.5,3.7,3.7,4.0,4.4,4.9,5.4,5.5,5.5,5.3,5.6,5.9,5.4,5.6,5.7,5.7,6.1,6.1,7.2,7.2,6.9,7.4,7.8,8.8,9.0
062031,2.0,2.1,2.1,2.5,2.7,2.7,2.8,3.0,3.1,2.8,3.2,3.1,3.2,3.2,3.3,3.5,3.5,4.0,3.8,4.3,4.3,4.2,4.7,5.3,5.6
062032,1.5,1.7,1.8,2.2,2.1,2.3,2.3,2.6,2.8,2.6,3.2,2.8,3.3,3.0,2.9,3.0,3.2,3.7,4.1,4.1,3.5,4.2,5.0,5.4,5.1
062033,2.0,2.0,2.2,2.1,2.4,2.6,2.4,3.0,3.1,3.0,3.2,3.1,3.4,3.3,3.5,3.5,3.7,4.1,4.4,4.5,3.9,4.8,5.2,5.4,5.9
062034,2.3,2.5,2.5,2.6,2.9,3.0,3.6,3.6,3.5,3.5,4.0,4.1,3.7,4.2,4.0,4.1,4.2,5.0,4.9,5.0,4.7,5.3,5.7,6.4,6.9
062035,2.4,2.5,2.7,2.8,3.0,3.4,3.4,3.6,4.2,3.9,4.0,4.5,4.4,4.5,4.7,5.1,4.7,5.1,5.4,5.9,5.2,6.0,6.4,7.4,7.5
062036,2.5,2.7,2.9,3.2,3.3,3.4,3.8,3.8,4.1,4.2,4.2,4.4,4.6,4.3,4.7,4.6,4.9,5.1,5.3,5.8,5.2,6.2,6.4,7.3,7.7
062037,2.2,2.4,2.5,2.4,2.7,2.8,2.9,3.1,2.9,3.3,3.5,3.5,3.5,3.1,3.4,3.7,3.9,3.9,4.2,3.9,3.8,4.3,4.6,5.2,5.3
062038,2.3,2.8,2.8,3.3,3.7,4.1,4.0,4.6,4.5,4.5,4.6,5.4,5.3,4.8,5.5,5.5,5.6,6.1,7.0,6.8,6.2,7.1,7.3,9.0,9.3
062039,3.5,3.5,3.5,4.3,4.1,4.4,4.5,4.9,4.9,4.7,4.7,5.0,5.0,5.1,5.3,5.4,6.3,5.6,5.9,6.4,6.1,6.5,7.1,7.8,7.9
062040,2.1,2.1,2.5,2.6,2.7,2.9,3.2,3.1,3.3,3.2,3.5,3.8,3.6,3.4,3.7,3.5,4.3,4.3,4.6,4.1,4.3,4.6,5.3,5.7,5.7
062041,1.9,2.1,2.3,2.1,2.4,2.7,2.8,3.1,3.0,3.1,3.2,3.8,3.7,3.0,3.7,3.7,4.1,4.2,4.4,4.7,4.5,4.5,5.1,5.5,6.2
062042,1.1,1.3,1.6,1.6,1.6,2.1,2.0,2.0,2.2,2.1,2.5,2.5,2.4,2.1,2.5,2.6,2.7,3.4,3.4,3.3,3.4,3.8,3.8,4.6,4.6
062043,4.0,3.9,4.4,4.2,4.7,4.9,5.1,5.3,5.7,4.9,5.8,5.7,5.5,5.6,5.5,5.9,6.3,7.0,6.9,7.0,6.8,7.1,7.4,8.6,9.5
062044,2.1,2.2,2.5,2.5,2.7,2.7,3.2,3.3,3.3,3.2,3.1,4.2,3.6,3.4,3.7,3.5,3.9,4.5,4.5,4.8,4.1,4.6,5.6,5.7,6.8
062045,1.8,1.7,2.1,2.2,2.1,2.5,2.6,2.8,3.0,3.0,3.2,3.4,3.4,3.2,3.4,3.7,4.2,4.2,4.4,4.5,4.2,4.6,4.9,6.0,5.9
062046,2.1,2.4,2.4,2.6,2.9,3.2,3.4,3.3,3.2,3.3,3.6,4.0,3.4,3.5,4.1,4.3,4.5,4.9,4.6,5.3,5.0,5.6,6.2,6.6,6.6
062047,1.7,1.9,1.9,2.0,2.0,2.3,2.4,2.5,3.1,2.6,2.9,3.3,2.8,3.1,3.4,3.1,3.6,3.7,4.3,4.2,4.1,4.5,4.9,5.6,5.8
062048,2.1,2.3,2.5,2.6,2.8,2.9,3.4,3.3,3.8,3.4,3.8,3.8,3.5,3.8,3.8,4.0,4.7,4.7,5.2,5.0,5.0,5.0,5.7,6.6,6.8
062049,1.6,1.8,1.9,2.0,2.2,2.2,2.5,2.5,2.9,2.7,2.8,3.4,2.8,2.9,3.3,3.3,3.5,4.2,3.7,4.0,4.0,3.9,4.8,5.0,6.0
062050,2.2,2.6,2.9,3.2,3.0,3.4,3.9,4.0,4.0,4.1,4.2,4.4,4.3,4.2,4.5,4.5,4.9,5.2,5.6,5.4,5.5,5.4,6.5,7.4,7.2
062051,2.6,2.5,2.8,3.1,2.9,3.1,3.3,4.2,4.3,3.8,3.8,4.2,3.8,4.0,4.1,4.2,4.9,4.9,5.1,5.8,5.2,5.3,6.1,6.8,6.8
062052,3.1,3.2,3.6,3.5,4.1,4.1,4.6,4.8,5.1,4.8,5.3,5.6,5.3,5.5,5.4,6.2,6.4,6.6,6.7,7.2,6.6,6.7,7.9,9.0,9.0
062053,2.8,2.8,3.0,3.2,3.7,3.4,3.7,3.8,4.5,3.6,4.4,4.2,4.4,4.0,4.6,4.6,4.7,5.0,4.9,5.4,5.0,5.7,6.0,6.8,7.0
062054,2.1,2.3,2.3,2.6,2.8,2.9,3.3,3.2,3.5,3.5,3.5,3.9,4.0,3.5,3.9,4.3,4.6,4.5,4.9,5.1,4.8,5.1,5.7,6.2,6.9
062055,1.2,1.2,1.3,1.4,1.7,1.7,1.7,1.9,1.9,1.8,2.1,2.2,2.1,1.8,2.2,2.2,2.1,2.6,2.7,2.8,2.5,2.8,3.1,3.6,4.0
062056,2.7,3.1,3.1,3.0,3.7,4.0,4.0,4.0,4.3,4.0,4.3,4.7,4.7,4.6,4.5,4.8,5.4,5.5,6.0,5.5,5.2,5.7,7.0,7.2,7.9
062057,2.3,2.2,2.2,2.7,2.7,3.0,3.3,2.9,3.5,3.3,3.5,3.8,3.2,3.5,3.9,3.8,4.4,4.5,5.0,5.3,4.8,5.1,5.8,6.3,6.5
062058,2.8,3.1,3.2,3.5,3.8,3.4,3.9,4.3,4.2,4.1,5.0,4.6,4.6,4.4,4.8,5.2,4.9,5.7,5.9,6.2,5.9,6.2,7.2,7.0,7.4
062059,1.8,1.8,2.1,2.3,2.7,2.6,2.5,3.0,3.2,3.1,3.2,3.2,3.0,3.1,3.2,3.4,3.8,4.4,4.6,4.9,4.1,4.8,5.6,5.6,6.5
062060,2.6,2.6,2.8,2.8,3.2,3.2,3.4,3.7,4.0,3.2,3.9,3.9,3.9,3.7,3.9,3.6,4.1,4.6,4.5,5.2,4.7,5.2,5.6,5.8,5.5
062061,4.0,4.2,4.4,4.5,4.9,5.5,5.3,5.9,6.3,6.1,6.1,6.6,5.7,6.2,6.1,6.9,6.9,7.1,7.4,7.7,7.0,7.8,8.8,9.2,10.0
062062,2.4,2.0,2.5,2.5,2.7,2.8,3.3,3.6,3.2,3.2,3.8,3.7,3.9,3.9,3.7,4.2,3.9,4.6,5.0,4.9,4.4,5.0,5.9,6.1,6.1
062063,2.4,2.9,2.9,3.1,3.4,3.2,3.7,4.1,4.2,4.1,4.1,4.4,4.5,4.0,4.5,4.5,4.8,5.3,5.5,5.7,5.5,6.1,6.6,7.3,7.2
062064,2.7,2.9,3.0,3.2,3.3,3.4,3.8,4.1,4.0,4.1,4.2,4.7,4.2,4.3,4.4,4.6,4.9,5.3,5.4,5.4,5.4,5.5,6.3,7.0,7.7
062065,3.1,3.5,3.7,3.8,3.6,3.8,4.2,4.6,5.1,4.7,4.7,5.0,4.4,4.9,5.1,5.3,5.6,5.5,5.9,6.4,5.5,7.0,7.1,7.8,8.4
062066,2.7,2.7,2.7,3.0,3.2,3.4,3.4,3.8,4.2,4.1,4.1,4.5,4.3,4.3,4.6,4.7,4.5,5.0,5.5,5.6,5.6,6.2,6.7,7.1,7.3
062067,1.8,1.6,2.0,2.1,2.4,2.4,2.6,2.7,2.8,2.5,3.1,2.9,3.0,3.0,3.0,3.4,3.6,3.6,3.9,4.3,3.7,4.3,4.6,5.1,5.6
062068,2.4,2.7,2.9,2.7,3.1,3.4,3.5,3.4,4.0,3.7,4.2,4.4,4.0,4.2,4.3,4.1,4.6,5.0,5.5,5.5,4.9,6.3,6.4,6.9,6.9
062069,3.5,3.5,4.0,4.3,4.0,4.6,5.2,5.5,5.4,5.3,5.7,5.9,5.4,5.7,6.0,6.3,6.7,6.8,7.3,7.3,6.8,7.3,8.5,8.9,9.9
062070,3.1,3.6,4.3,4.2,4.0,4.5,4.7,5.3,5.3,5.2,5.7,5.9,5.7,5.0,5.8,5.7,6.6,6.7,6.7,7.7,6.7,7.5,8.6,9.1,9.8
062071,1.8,2.0,2.3,2.4,2.6,2.6,2.8,2.7,3.1,2.9,3.3,3.7,3.2,3.2,3.5,4.3,3.9,4.1,4.6,5.2,4.4,4.9,5.3,6.4,6.2
062072,3.2,3.4,3.7,3.8,3.9,4.3,4.4,4.9,5.3,5.0,4.6,5.1,5.0,5.0,5.7,6.0,5.8,5.9,6.4,6.6,6.3,6.8,7.8,8.2,8.5
062073,1.4,1.5,1.7,1.8,2.1,1.9,2.1,2.4,2.5,2.5,2.6,2.8,2.6,2.7,2.6,2.7,3.0,3.2,3.8,3.7,3.2,3.9,4.4,4.5,4.9
062074,2.4,2.3,2.6,2.8,3.0,3.3,3.4,3.4,3.7,3.7,4.0,3.9,3.9,3.9,4.2,4.5,4.7,5.0,5.1,5.5,5.2,5.9,6.4,6.8,6.9
062075,3.7,3.6,3.9,4.3,4.4,4.8,5.1,5.2,5.2,5.4,5.3,5.6,5.6,5.6,5.5,5.9,6.1,6.4,6.3,7.3,6.9,7.3,7.8,8.3,9.0
062076,2.5,2.4,2.9,2.8,3.1,3.2,3.7,3.6,3.9,3.8,3.8,4.3,4.1,3.9,4.2,4.2,4.6,4.7,5.3,5.6,5.4,5.9,6.3,7.2,7.2
062077,2.8,2.6,3.1,3.3,3.3,3.3,3.5,4.2,4.4,3.8,4.4,4.4,4.4,4.2,4.3,4.4,4.7,4.9,5.3,5.7,5.2,5.7,6.3,6.9,6.9
062078,3.6,3.7,3.9,3.8,4.1,4.5,4.6,5.1,5.1,5.1,5.3,5.6,5.4,5.3,5.4,5.9,6.6,6.3,6.5,7.3,6.5,7.1,8.3,8.4,8.5
063001,2.5,2.5,2.6,2.7,2.8,3.0,3.4,3.5,4.1,3.7,4.0,4.0,4.2,3.8,4.0,4.3,4.4,4.9,5.1,5.4,4.9,5.1,5.9,6.7,6.6
063002,3.5,4.0,4.2,4.4,5.0,5.1,5.3,5.4,5.8,5.7,5.6,6.3,6.0,5.7,6.1,6.3,6.7,7.1,7.5,7.7,7.4,7.6,8.2,9.0,9.7
063003,1.7,1.7,2.0,2.0,2.1,2.3,2.5,2.5,3.0,2.5,2.7,3.0,2.7,2.6,2.7,2.9,3.4,3.8,3.9,4.0,3.6,4.0,4.2,4.6,5.5
063004,1.1,1.1,1.3,1.4,1.5,1.6,1.8,1.9,1.9,2.1,2.3,2.3,2.1,2.1,2.2,2.5,2.7,2.7,3.0,3.2,3.0,3.2,3.4,3.7,4.4
063005,1.6,1.6,1.9,2.0,2.2,2.2,2.3,2.4,2.7,2.5,2.7,2.8,2.8,2.7,2.9,2.9,3.1,3.2,3.3,3.8,3.3,3.8,4.2,4.5,5.1
063006,3.8,3.5,3.8,3.8,3.7,4.5,4.8,5.0,5.2,5.2,5.1,5.3,5.4,5.1,5.1,6.2,5.7,6.2,6.4,6.7,6.5,7.1,7.3,8.2,8.8
063007,1.4,1.6,2.0,1.8,1.9,2.2,2.3,2.3,2.9,2.5,2.5,3.1,2.9,2.7,2.9,3.4,3.3,3.2,3.5,3.7,3.3,3.6,4.1,4.8,5.4
063008,3.2,3.2,3.3,3.7,4.1,3.9,4.3,4.8,4.6,4.8,4.9,5.4,5.0,4.6,5.2,5.3,5.7,5.8,6.1,6.8,6.0,6.8,7.1,8.4,8.2
063009,1.7,1.8,1.9,2.1,2.3,2.6,2.5,3.0,3.0,3.2,3.3,3.4,3.4,3.1,3.6,3.6,4.1,4.3,4.7,5.2,4.5,5.3,5.4,6.0,6.8
063010,2.0,1.9,2.2,2.4,2.7,2.9,2.9,3.1,3.5,3.5,3.4,3.8,3.5,3.7,3.6,4.2,4.3,4.2,4.0,4.9,4.2,4.9,5.3,6.5,7.0
063011,3.0,3.2,3.5,3.9,3.9,4.3,4.2,5.0,5.0,4.5,5.0,5.3,4.9,5.0,4.9,5.3,5.9,5.9,6.2,6.5,6.3,6.3,7.5,7.8,8.1
063012,2.5,2.5,2.7,2.9,3.3,3.6,3.7,3.9,3.9,3.6,4.2,4.2,4.3,4.1,4.0,4.6,4.6,4.6,4.9,5.6,5.2,5.3,5.7,6.3,7.2
063013,1.8,1.8,2.2,2.2,2.3,2.7,2.7,2.8,2.8,3.0,3.1,3.3,3.4,3.1,3.3,4.0,3.8,4.1,4.1,4.3,4.2,4.9,5.2,5.9,5.5
063014,3.0,3.2,3.0,3.4,3.9,4.1,4.4,4.2,4.7,4.7,4.5,5.0,5.0,4.8,5.2,5.6,5.7,6.4,6.1,6.3,6.2,6.9,7.6,7.5,7.9
063015,1.3,1.5,1.3,1.4,1.8,1.8,1.8,2.1,2.3,2.6,2.5,2.6,2.6,2.6,2.6,3.1,2.6,3.2,3.1,3.5,3.3,3.7,4.2,4.7,5.1
063016,2.3,2.2,2.9,3.2,3.5,3.5,3.6,3.6,4.3,3.8,4.4,4.1,4.1,4.4,4.6,4.6,4.6,5.2,5.5,5.3,5.5,5.8,6.2,7.2,7.7
063017,2.7,2.8,2.7,3.2,3.7,3.7,3.5,3.8,4.1,4.1,4.1,4.5,4.5,4.0,4.2,5.0,4.8,5.2,5.6,5.6,5.3,5.8,6.7,7.5,7.4
063018,2.5,2.7,2.8,3.2,3.2,3.1,3.5,4.2,4.0,3.7,4.1,4.5,4.1,4.4,4.2,4.6,4.6,5.1,5.8,5.7,5.2,5.8,6.3,6.6,7.3
063019,2.7,3.0,2.9,3.2,3.4,3.8,3.9,4.2,4.5,4.2,4.6,4.9,4.7,4.8,4.8,5.3,5.7,5.8,6.4,6.5,6.0,6.5,7.0,7.9,7.9
063020,3.1,3.4,3.5,3.7,3.9,4.1,4.2,5.0,4.9,4.6,5.0,5.1,5.2,4.8,5.3,5.1,5.5,5.6,6.3,6.2,5.9,6.7,7.0,7.7,8.1
063021,2.3,2.4,2.9,3.0,3.1,3.7,3.5,3.9,4.3,3.8,3.9,4.3,4.3,4.5,4.7,4.4,4.8,5.1,5.4,5.5,5.2,6.1,6.6,7.1,8.3
063022,3.7,3.8,3.5,4.5,4.4,4.6,4.7,5.3,5.2,5.4,5.5,6.1,5.8,5.5,6.0,6.3,6.9,6.7,7.2,7.4,7.1,8.0,8.2,8.8,9.2
063023,2.3,2.5,2.8,3.3,3.2,3.7,3.6,3.9,4.1,3.7,4.2,4.5,4.3,4.2,4.3,4.6,4.6,4.9,5.2,5.8,5.1,5.5,6.1,6.5,6.9
063024,2.4,2.5,2.6,2.6,3.0,2.7,3.3,3.3,3.3,3.2,3.6,3.5,3.5,3.6,3.3,3.4,3.8,3.9,4.6,4.4,3.9,4.7,4.8,5.3,5.8
063025,0.9,1.0,1.3,1.4,1.5,1.5,1.7,1.9,1.8,1.7,1.9,2.2,2.0,1.7,2.0,2.2,2.3,2.6,2.8,3.0,2.6,3.0,3.5,3.7,3.8
063026,2.7,2.8,2.7,2.9,3.6,3.3,4.1,3.9,4.6,4.3,4.7,4.7,5.2,5.2,5.2,5.4,5.4,6.0,6.4,7.0,6.1,7.2,7.2,8.3,9.0
063027,1.5,1.5,1.6,1.8,1.8,2.0,2.2,2.0,2.2,2.1,2.3,2.5,2.2,2.3,2.7,2.4,2.5,3.2,3.0,3.4,2.8,3.1,3.3,3.8,4.0
063028,3.5,3.6,4.0,4.2,4.3,5.0,4.7,5.1,5.3,5.3,5.9,6.2,5.9,5.3,5.7,6.6,7.3,7.5,7.6,8.2,7.4,8.6,8.5,9.8,10.3
063029,2.5,2.6,2.8,2.8,3.1,3.4,3.4,4.0,4.0,3.7,4.2,4.2,4.6,4.1,4.1,4.5,4.8,5.0,5.1,5.8,5.5,5.6,6.4,7.3,7.7
063030,2.3,2.7,2.6,2.7,3.3,3.4,3.1,3.8,4.3,3.8,3.9,4.0,4.0,4.1,4.1,4.4,4.9,5.1,5.0,5.1,5.4,5.4,7.2,7.1,7.4
063031,2.6,2.6,3.3,3.2,3.5,3.5,3.9,3.7,4.0,3.9,4.3,4.4,4.3,4.2,4.3,4.7,4.9,5.1,5.3,5.9,5.4,5.6,6.1,6.7,7.2
063032,3.0,3.1,3.3,3.5,3.9,4.2,4.1,4.9,5.1,4.5,4.8,4.6,4.9,4.3,5.3,5.1,5.8,6.0,6.4,7.0,5.7,6.9,7.8,7.8,8.0
063033,3.3,3.3,3.1,3.6,3.8,3.8,4.4,4.6,5.0,4.6,4.7,5.3,5.5,5.3,5.5,5.2,5.7,6.1,6.6,6.9,5.5,7.0,7.5,7.8,8.6
063034,3.6,3.9,3.9,4.2,4.2,4.7,4.9,4.9,5.5,4.9,5.0,5.6,5.3,5.4,5.4,5.9,6.1,6.1,6.3,6.7,6.5,6.8,7.3,8.2,8.6
063035,2.7,2.7,2.6,3.3,3.2,3.3,3.8,4.0,4.1,3.8,4.1,4.5,4.4,4.3,4.3,4.4,5.3,5.5,5.8,5.6,5.1,5.6,6.1,7.6,7.9
063036,2.7,3.0,3.0,3.0,3.9,3.4,4.3,4.4,4.5,4.4,4.9,5.1,5.0,4.4,5.3,5.2,5.7,5.9,6.2,6.0,6.6,6.6,6.9,7.7,8.5
063037,2.9,3.1,3.0,3.4,3.6,4.1,4.0,4.4,4.0,4.5,4.4,4.8,4.8,4.4,5.1,4.9,5.7,5.5,5.8,6.3,5.5,5.9,7.4,7.2,7.7
063038,2.4,2.9,2.9,3.1,3.6,4.0,3.6,4.1,4.4,4.3,4.1,4.6,4.6,4.1,4.7,5.1,5.1,5.5,5.7,6.2,5.4,5.8,6.3,7.4,8.0
063039,2.2,2.7,2.6,2.5,2.9,3.1,3.2,3.7,3.6,3.2,3.4,3.8,3.5,3.5,3.7,3.8,3.9,4.1,4.1,4.6,4.4,4.7,5.1,6.0,6.1
063040,3.0,3.5,3.3,3.5,4.2,3.9,4.3,4.8,4.9,4.4,4.9,5.2,4.6,5.0,5.2,5.6,5.4,5.8,6.0,6.5,5.6,6.5,6.9,7.7,8.1
063041,2.6,2.8,3.2,3.5,3.4,3.9,4.1,4.2,4.2,4.2,4.2,4.5,4.8,4.5,4.7,4.9,5.4,5.4,5.6,6.2,5.6,6.0,6.6,7.4,7.7
063042,3.7,3.9,4.3,4.3,4.4,4.8,5.1,5.7,5.8,5.3,6.0,6.1,6.2,5.6,6.2,6.4,7.1,6.8,7.0,7.8,7.7,7.7,8.3,8.9,9.2
063043,2.6,3.0,3.0,3.6,3.6,3.7,4.0,4.1,4.9,4.2,4.7,4.5,4.6,4.4,4.4,4.8,5.1,5.7,5.5,6.1,5.3,6.0,6.5,7.5,7.7
063044,2.7,3.3,3.6,3.4,3.6,3.9,3.9,4.6,4.7,4.7,5.1,4.8,4.8,5.0,4.9,5.5,5.3,5.7,6.1,6.4,5.7,6.6,6.7,7.4,8.0
063045,2.7,3.1,3.0,3.0,3.3,3.4,3.4,3.9,3.9,3.9,3.9,4.3,3.9,3.7,4.3,4.2,4.7,4.8,5.2,5.9,5.0,5.2,6.0,7.1,6.8
063046,3.0,3.3,3.3,4.0,3.7,4.1,4.1,4.2,4.9,4.9,4.7,4.9,4.8,4.6,4.8,5.4,5.6,5.9,6.4,6.9,6.3,6.3,7.4,8.0,8.1
063047,2.7,2.7,3.4,3.2,3.2,3.5,4.0,4.1,4.5,3.8,4.5,4.7,5.0,4.5,4.7,5.0,5.2,5.2,5.6,6.0,5.3,6.2,6.8,6.9,7.3
063048,2.6,2.7,2.9,3.3,3.4,3.5,3.8,4.0,4.6,3.9,4.3,4.5,4.4,4.1,4.7,5.1,4.8,5.6,5.8,5.5,5.3,6.0,7.2,7.5,7.9
063049,4.4,4.8,4.7,4.8,5.0,5.8,5.9,6.3,6.6,5.9,6.6,6.7,6.4,6.2,6.5,6.6,7.2,7.6,7.7,8.0,7.3,8.7,8.5,9.2,9.7
063050,1.2,1.4,1.5,1.5,1.6,1.9,1.7,2.0,2.2,1.9,2.1,2.5,2.1,2.6,2.4,2.5,2.8,3.1,3.2,3.4,3.2,3.4,3.6,4.1,4.5
063051,2.4,2.9,2.6,2.7,2.7,3.2,3.5,3.5,4.3,3.9,4.1,4.4,3.8,4.3,4.2,4.7,4.7,4.5,5.4,5.0,4.9,5.2,6.2,6.5,7.2
063052,3.4,3.5,4.1,3.9,4.7,4.3,4.7,5.2,5.4,5.2,5.5,5.7,5.9,5.3,5.7,5.9,6.3,6.4,6.7,6.9,6.8,6.9,8.2,8.3,9.3
063053,2.3,2.5,2.5,2.8,3.0,3.2,3.1,3.5,3.8,3.8,3.4,3.9,4.0,4.1,3.9,4.1,4.5,5.0,4.9,5.4,4.7,5.3,6.2,6.4,7.2
063054,2.5,2.6,3.0,3.0,3.7,3.6,3.8,4.0,4.5,4.0,4.1,4.5,4.4,4.4,5.0,4.9,5.2,5.5,5.9,6.1,5.2,5.9,7.0,6.8,7.3
063055,2.9,2.6,3.2,3.0,3.2,3.5,3.7,3.8,4.1,3.6,4.2,4.2,4.2,4.2,4.5,4.5,4.8,5.0,5.3,5.5,5.1,6.1,6.9,7.3,7.9
063056,2.3,2.3,2.7,2.6,2.9,3.2,3.3,3.7,3.8,3.5,4.0,4.0,4.0,3.9,4.1,4.4,4.3,4.7,5.2,5.1,5.0,5.8,5.8,6.4,6.3
063057,2.1,2.1,1.9,2.3,2.5,2.8,2.8,3.1,3.2,3.2,3.2,3.6,3.4,3.6,3.5,3.6,4.2,4.1,4.6,4.7,4.2,5.1,5.4,5.8,5.8
063058,2.1,2.2,2.4,2.3,2.7,2.6,2.9,3.4,3.4,3.7,3.1,3.8,3.7,3.6,3.8,4.1,3.9,4.5,4.5,4.6,4.6,4.9,5.6,6.7,6.1
063059,3.5,4.0,4.1,4.2,4.5,5.0,5.4,5.2,6.0,5.7,6.1,6.6,5.9,5.7,6.0,6.4,6.8,6.9,8.1,7.9,7.3,8.0,8.7,9.3,9.9
063060,2.1,2.1,2.1,2.4,2.2,2.4,3.0,2.6,3.2,2.6,2.9,3.6,3.5,3.0,3.4,3.4,3.9,3.8,4.1,4.2,4.0,4.5,4.9,5.6,5.8
063061,4.1,3.8,4.0,4.3,4.4,4.8,5.2,5.1,5.5,5.6,5.4,6.1,5.0,5.5,6.0,5.4,5.8,6.3,6.3,7.0,6.3,6.9,8.2,8.7,8.7
063062,2.1,2.0,2.2,2.4,2.6,2.8,2.8,3.3,3.5,3.3,3.2,3.6,3.4,3.6,3.7,3.8,4.0,4.4,4.2,4.9,4.0,4.8,5.4,6.3,6.2
063063,2.5,2.6,2.4,3.0,3.2,3.0,3.6,3.4,4.1,3.5,3.8,4.5,3.8,3.7,3.9,4.1,4.6,4.3,5.1,5.2,5.0,5.5,6.0,6.0,6.7
063064,1.9,1.9,2.2,2.5,2.4,2.5,3.0,3.0,3.2,3.0,3.3,3.2,3.2,3.0,3.4,3.7,3.8,4.2,4.0,4.3,4.3,4.3,4.7,5.3,5.7
063065,1.3,1.5,1.5,1.6,2.0,1.9,1.9,2.3,2.5,2.3,2.5,2.5,2.7,2.6,2.8,2.8,2.9,3.3,3.4,3.7,3.7,3.8,4.2,4.7,5.1
063066,1.9,2.1,2.4,2.3,2.5,2.5,2.6,3.2,2.9,3.0,3.2,3.4,3.3,3.3,3.6,4.1,3.9,4.2,3.8,4.6,3.9,4.6,5.2,6.1,5.7
063067,3.4,3.5,3.5,3.8,4.4,4.3,4.6,4.8,4.9,4.9,4.9,5.3,5.3,4.9,5.1,5.2,6.0,6.0,6.4,6.7,6.1,7.1,7.6,8.4,8.8
063068,3.1,3.3,3.6,4.0,4.4,4.5,4.9,5.1,5.5,5.4,5.7,5.9,5.5,5.8,5.9,6.5,6.4,7.0,7.8,7.6,7.2,8.1,8.4,8.9,9.7
063069,2.3,2.6,3.0,2.8,3.1,3.5,3.4,3.5,4.0,3.7,4.3,4.2,4.2,4.3,4.1,4.4,5.1,4.8,4.6,5.3,5.0,5.9,5.9,6.5,7.1
063070,4.3,4.2,4.7,4.8,4.8,5.5,5.6,6.2,5.5,6.0,6.1,6.4,6.7,6.2,6.0,6.8,7.3,7.9,7.8,8.3,7.8,8.3,9.0,9.7,10.0
063071,2.9,3.4,3.7,3.8,4.0,4.1,4.7,4.9,5.0,5.0,5.2,5.7,5.8,5.3,5.6,5.8,6.0,6.6,6.8,7.2,6.6,7.3,8.0,8.8,9.4
063072,2.0,1.9,2.2,2.3,2.5,2.7,2.8,3.2,3.3,3.2,3.3,3.6,3.5,3.3,3.7,3.7,3.9,4.0,4.4,4.7,4.3,5.5,5.7,6.0,6.9
063073,3.0,3.4,3.5,4.1,4.2,4.8,4.8,5.0,4.9,4.6,5.0,6.1,5.2,5.0,5.6,6.1,5.9,6.3,7.0,7.1,6.8,7.7,7.9,8.2,8.6
063074,3.8,3.8,4.3,4.3,4.8,4.7,5.2,5.4,5.2,5.2,5.6,6.1,6.1,5.5,6.3,6.3,6.7,7.0,7.3,7.7,7.3,7.7,8.4,8.8,9.8
063075,1.2,1.4,1.5,1.7,1.6,1.8,2.0,2.1,2.3,2.2,2.5,2.4,2.3,2.5,2.3,2.7,2.8,2.8,3.0,3.1,2.9,3.5,3.7,4.0,4.5
063076,2.3,2.3,2.6,2.7,2.5,3.1,3.2,3.5,3.6,3.6,3.7,4.1,3.8,3.5,4.0,4.2,4.2,4.5,4.9,5.1,4.6,5.0,5.6,6.1,6.4
063077,3.5,3.7,3.5,4.1,4.0,4.4,4.4,4.7,5.4,5.3,5.0,5.5,5.4,5.3,5.4,5.7,5.5,6.0,6.6,7.3,6.2,6.8,7.6,8.1,9.0
063078,2.3,2.6,2.7,2.7,2.9,3.5,3.6,3.9,3.8,3.5,3.8,4.0,4.0,4.3,4.8,4.8,5.1,5.2,5.3,5.4,5.1,6.3,6.1,6.8,7.1
063079,1.2,1.3,1.5,1.4,1.6,1.6,1.8,1.8,2.2,2.1,2.1,2.2,2.2,2.0,2.4,2.6,2.8,2.8,3.2,3.2,2.7,3.5,3.9,4.0,4.5
063080,2.1,2.2,2.2,2.5,2.7,2.5,3.1,3.1,3.1,3.2,3.2,3.2,3.2,3.2,3.3,3.5,3.7,4.0,4.3,4.3,4.1,4.8,5.2,6.1,6.3
063081,1.8,2.0,2.2,2.3,2.3,2.4,2.8,2.9,3.1,2.8,3.1,3.5,3.2,3.1,3.6,3.2,4.0,3.8,4.0,4.5,4.1,4.6,4.9,5.5,6.1
063082,2.0,2.2,2.1,2.5,2.6,2.9,2.8,3.0,3.7,3.5,3.7,3.8,3.7,3.7,3.8,4.3,4.6,4.5,5.1,5.3,5.2,5.4,6.2,6.6,7.7
063083,1.9,1.7,2.0,2.2,2.4,2.6,2.4,2.6,2.9,3.2,3.2,3.3,3.2,3.4,3.3,3.2,3.5,3.5,4.1,4.4,3.9,4.1,4.8,5.6,6.1
063084,4.6,4.9,5.0,5.0,5.6,5.4,6.0,6.7,6.9,6.7,6.6,6.9,6.2,6.5,7.1,7.4,7.4,8.0,8.3,8.2,7.8,8.3,9.9,10.6,10.0
063085,3.5,4.3,4.3,4.8,4.4,4.7,5.5,6.1,5.9,5.3,5.8,6.3,6.1,6.1,6.3,6.0,6.6,7.3,7.6,7.7,7.2,8.1,8.2,9.0,9.3
063086,2.8,2.8,2.7,3.1,3.3,3.9,3.6,3.9,4.0,4.2,4.1,4.6,4.1,4.1,4.6,4.4,4.7,5.1,5.5,5.8,5.4,5.4,6.1,6.7,7.1
063087,0.8,0.9,0.9,1.2,1.1,1.3,1.6,1.7,1.8,1.7,1.7,2.0,2.0,1.9,2.1,2.4,2.5,2.8,2.9,2.7,2.6,3.0,3.3,4.1,4.2
063088,2.1,2.5,2.5,3.1,3.1,3.3,3.2,3.7,4.0,3.7,3.5,4.0,4.1,4.1,4.0,4.3,4.8,4.5,5.1,5.7,4.9,5.6,6.1,6.3,6.6
063089,2.0,2.2,2.5,2.7,2.7,3.1,2.9,3.9,3.8,3.9,3.7,4.0,4.0,4.0,4.1,4.3,4.7,4.7,4.9,5.5,5.2,5.0,6.2,6.6,7.0
063090,3.1,3.2,3.7,4.0,4.0,4.4,4.5,4.7,5.0,5.1,5.3,5.5,5.6,5.9,5.3,6.0,6.2,6.5,6.9,7.4,6.9,7.0,8.3,8.5,9.5
063091,3.2,3.5,4.0,3.9,4.4,4.7,4.6,5.4,5.4,5.4,5.8,5.8,5.7,5.1,5.6,5.5,6.1,6.6,6.7,7.0,6.7,7.2,7.9,8.6,8.9
063092,2.1,2.2,2.2,2.4,2.8,2.8,2.9,3.1,3.7,3.5,3.7,3.5,3.4,3.2,3.5,3.9,4.2,4.4,4.4,4.7,4.4,4.6,5.3,6.0,6.2
064001,1.7,1.5,1.7,1.9,2.1,2.4,2.6,2.8,2.5,2.3,2.7,3.0,2.9,2.7,2.8,3.1,3.3,3.4,3.7,3.9,3.2,3.8,4.3,4.8,5.4
064002,2.3,2.3,2.7,3.2,3.2,3.1,3.3,3.6,3.4,3.9,3.7,4.1,4.0,3.7,4.3,4.5,4.3,4.7,5.0,5.3,4.7,5.4,6.3,6.5,6.7
064003,4.0,4.0,4.4,4.5,4.7,5.0,5.5,5.7,5.6,5.7,5.9,5.9,5.8,5.6,5.8,6.4,6.6,7.0,7.1,7.4,7.0,7.6,8.2,8.4,8.8
064004,3.4,3.5,3.6,4.2,4.1,4.9,4.8,4.7,4.9,5.5,5.4,5.7,5.5,5.6,5.8,5.7,6.5,6.6,6.8,7.4,6.3,7.1,8.0,9.0,9.1
064005,3.7,3.9,3.9,4.4,4.3,4.7,4.8,5.2,5.4,5.2,5.5,5.7,5.2,5.1,5.5,5.5,5.0,6.0,6.5,7.0,6.1,6.6,7.1,7.6,8.0
064006,1.7,1.8,1.9,2.1,2.3,2.4,2.4,2.8,2.9,2.8,3.1,3.3,3.2,2.9,3.4,3.2,3.7,4.0,4.1,4.5,3.9,4.1,4.9,5.5,6.0
064007,3.8,3.6,4.2,4.5,4.7,4.8,5.2,5.2,5.8,5.4,5.9,6.1,5.6,5.9,6.3,6.8,6.6,6.9,7.5,7.4,7.1,7.4,8.3,8.6,9.5
064008,2.3,2.7,3.0,2.8,2.7,3.5,3.3,3.8,4.2,3.6,3.8,4.7,3.9,4.1,3.8,4.4,4.6,5.0,5.8,5.6,5.3,5.5,6.2,7.1,7.4
064009,3.9,4.1,4.5,5.1,4.9,5.4,5.7,5.9,6.3,5.6,6.4,7.0,6.9,6.2,6.8,7.0,7.3,7.6,8.0,8.1,7.7,8.5,9.1,10.0,10.3
064010,1.2,1.7,1.5,1.6,1.8,1.9,2.0,2.3,2.3,2.1,2.5,2.6,2.5,2.5,2.5,3.0,2.8,3.3,3.1,3.2,3.1,3.6,4.0,4.4,4.6
064011,4.2,4.2,4.6,4.8,5.6,5.4,5.6,5.7,5.7,5.4,6.0,6.6,6.2,6.1,6.7,6.4,6.6,7.5,7.9,8.1,7.5,8.6,9.1,9.9,9.9
064012,1.8,1.9,2.1,2.3,2.3,2.7,2.9,2.8,2.9,2.9,3.1,3.3,3.0,3.3,3.2,3.3,3.7,4.1,4.1,4.0,4.0,4.3,5.4,5.7,5.4
064013,2.8,2.8,3.2,3.6,3.3,3.8,3.9,4.1,4.5,4.2,4.5,4.9,4.7,4.6,5.0,5.3,5.6,5.4,5.7,6.2,5.9,6.7,7.3,7.5,8.0
064014,2.6,3.4,3.2,3.3,3.6,3.3,3.6,4.1,4.4,4.3,4.7,4.4,4.2,4.3,4.3,4.9,4.9,5.2,5.4,6.0,5.7,6.1,6.5,7.2,7.4
064015,3.0,2.9,3.2,3.0,3.3,3.5,3.7,4.1,4.3,4.2,4.4,4.7,4.5,4.6,4.4,4.9,5.3,5.2,5.6,6.0,5.5,6.1,6.3,7.2,7.5
064016,2.3,2.9,2.8,3.3,3.2,3.5,3.7,3.9,4.1,4.4,4.2,4.4,4.6,4.3,4.9,4.8,5.3,5.4,5.6,6.3,5.3,6.1,6.8,7.4,7.8
064017,3.1,3.0,3.3,3.7,3.3,3.6,3.8,4.2,4.2,4.1,4.4,4.5,4.4,4.4,4.7,4.7,5.2,5.5,5.6,5.9,5.3,6.1,6.5,6.8,7.0
064018,2.2,2.1,2.4,2.8,3.0,3.3,3.1,3.5,3.8,3.6,4.0,4.1,4.1,4.3,3.9,4.3,5.0,5.1,5.5,5.9,4.9,5.4,6.5,7.0,8.2
064019,2.6,2.9,3.1,3.0,3.0,3.6,3.9,3.9,4.2,4.0,4.2,4.2,4.1,4.2,4.1,4.6,4.8,5.2,5.1,5.3,5.2,5.6,6.3,6.8,7.5
064020,2.3,2.7,2.8,2.9,3.3,3.3,3.4,3.8,4.2,4.0,3.9,4.0,4.2,3.8,4.0,4.2,4.8,4.4,4.8,5.0,4.7,5.2,6.3,6.3,7.1
064021,2.0,1.9,2.2,2.7,2.5,3.0,3.0,3.1,3.1,3.5,4.0,3.6,4.0,3.9,3.9,3.8,4.5,4.5,5.2,5.4,4.8,5.6,6.2,6.8,7.3
064022,2.9,3.2,3.2,3.4,3.6,4.0,3.8,4.3,4.4,4.3,4.6,4.8,4.9,5.1,5.0,5.0,5.8,6.0,6.4,6.5,6.5,6.8,7.1,7.9,8.2
064023,4.0,4.0,4.3,4.3,4.2,4.9,4.9,6.0,6.4,5.7,5.9,6.3,6.3,5.9,6.1,6.2,6.6,7.1,7.7,7.6,7.2,7.8,8.6,9.1,10.0
064024,3.3,3.4,3.6,3.8,3.8,4.3,4.4,4.4,5.1,5.0,5.0,5.6,5.0,4.9,5.0,5.5,5.4,6.4,6.3,6.5,6.5,6.8,6.8,8.3,8.5
064025,2.3,2.5,2.7,3.0,3.2,3.2,3.5,3.7,4.1,3.6,3.9,4.2,4.2,4.0,4.2,4.6,4.6,4.8,5.1,5.5,5.4,5.7,6.2,6.9,7.0
064026,2.7,3.1,3.5,3.1,3.7,3.8,4.3,4.2,4.1,4.3,4.3,5.0,5.0,4.7,4.9,5.5,5.6,6.3,6.1,6.1,6.4,6.6,7.0,7.9,8.1
064027,0.8,0.8,0.9,1.2,1.1,1.2,1.3,1.4,1.5,1.5,1.5,1.6,1.5,1.3,1.6,1.7,1.9,1.8,2.3,2.5,2.2,2.3,2.7,2.9,2.9
064028,2.2,2.2,2.4,2.5,2.8,2.8,2.6,3.2,3.1,3.1,3.4,3.7,3.5,3.3,3.8,3.8,3.9,4.4,4.5,4.5,4.4,4.5,5.3,5.9,6.4
064029,2.3,2.4,2.5,2.9,3.0,3.3,3.5,3.4,3.7,3.7,3.7,3.9,3.9,3.8,4.2,4.4,4.3,4.8,5.0,5.3,5.2,5.6,5.5,6.5,6.5
064030,4.7,5.0,5.2,5.4,5.9,6.4,6.8,6.6,7.1,6.0,6.9,7.6,6.8,6.9,7.3,7.5,7.3,7.7,8.4,8.7,8.2,9.1,9.2,10.0,10.8
064031,2.6,3.1,2.9,3.3,3.4,3.6,3.7,3.5,4.1,4.0,3.9,4.4,4.4,4.3,4.3,4.6,4.4,5.5,5.0,5.5,5.1,5.7,6.6,6.6,7.1
064032,4.1,4.3,4.3,4.6,4.7,5.4,5.7,6.6,6.5,6.3,7.2,6.8,6.6,6.4,6.8,7.3,7.4,7.7,8.1,8.7,7.8,8.9,9.3,9.7,10.3
064033,3.0,3.0,3.3,3.6,3.4,4.0,4.2,4.6,4.7,4.1,4.6,4.9,4.9,5.0,4.3,5.3,5.5,5.7,5.8,6.5,5.8,6.0,6.9,7.5,7.9
064034,3.3,3.7,3.7,4.2,4.2,4.6,4.8,5.2,5.4,4.7,5.8,5.4,5.1,5.4,6.1,5.7,6.4,6.6,6.5,7.4,6.3,7.4,7.9,8.5,8.3
064035,2.9,2.9,3.8,3.6,3.9,4.4,4.4,4.1,4.7,4.7,4.8,4.8,5.3,4.8,5.3,5.2,5.6,6.6,5.6,6.6,6.0,6.6,7.4,7.6,8.2
064036,2.6,2.7,3.2,3.2,3.2,3.5,3.9,4.0,4.3,4.4,4.7,4.6,4.5,4.5,4.8,5.2,4.9,5.4,6.1,6.0,5.8,6.7,7.0,7.4,7.9
064037,1.4,1.5,1.6,1.8,1.9,2.1,2.1,2.4,2.3,2.5,2.7,2.7,2.3,2.6,2.7,2.7,3.1,3.1,3.6,3.7,3.6,3.9,4.1,4.6,4.7
064038,1.8,2.0,2.0,2.6,2.6,2.9,3.1,3.3,3.3,3.1,3.3,3.5,3.6,3.5,3.6,3.8,3.9,4.4,4.1,4.7,4.2,4.4,5.3,5.7,5.8
064039,2.4,2.5,2.7,3.0,3.0,3.3,3.7,3.6,3.9,3.7,3.9,4.2,4.4,4.0,4.4,4.6,4.6,4.9,5.4,5.4,5.0,5.5,6.4,6.7,7.9
064040,3.0,3.3,3.5,3.5,3.6,3.9,4.3,4.5,4.8,4.7,5.3,5.6,5.3,5.3,5.6,5.7,5.9,6.4,6.6,6.8,6.4,7.2,7.3,8.7,8.6
064041,4.1,4.5,4.6,4.8,4.9,5.2,5.2,5.5,6.2,5.8,6.5,6.0,6.5,6.3,6.3,6.7,6.9,7.1,7.4,8.4,7.4,8.5,8.7,9.0,10.0
064042,1.6,1.7,2.0,2.3,2.5,2.2,2.8,2.8,2.9,2.5,3.0,3.3,3.2,3.0,3.3,3.4,3.8,3.7,4.2,4.3,4.1,4.1,5.3,5.2,5.8
064043,2.2,2.5,2.5,2.8,2.9,3.0,3.3,3.1,3.4,3.5,3.6,3.8,3.8,3.7,3.7,4.1,4.3,4.0,4.6,4.6,4.7,5.6,5.7,6.1,6.1
064044,1.3,1.3,1.5,1.4,1.7,1.5,2.0,2.0,2.1,2.0,2.0,2.2,2.3,2.2,2.3,2.4,2.5,2.9,3.0,3.2,2.8,3.1,3.5,4.0,4.3
064045,3.5,3.2,3.5,3.8,4.0,4.1,4.4,4.7,5.0,4.7,5.0,5.4,5.0,5.2,5.2,5.8,6.1,6.4,6.6,6.6,6.4,6.6,7.8,8.1,8.0
064046,3.2,3.4,3.5,3.8,3.7,4.0,4.5,4.6,4.7,4.7,5.1,5.6,5.1,4.9,5.4,5.2,5.7,5.8,6.3,6.9,6.4,7.3,7.6,7.9,8.2
064047,3.1,3.2,3.5,3.7,3.9,4.2,4.7,5.0,5.0,4.9,5.7,5.9,5.6,5.5,5.8,6.4,6.5,6.6,7.5,7.2,7.0,7.4,7.8,9.3,8.9
064048,3.0,3.1,3.0,3.7,3.6,4.2,4.0,4.2,4.5,4.5,4.9,5.2,4.9,4.5,4.4,5.1,5.3,5.3,5.9,6.2,5.6,6.1,6.3,7.3,7.8
064049,2.1,1.9,2.3,2.2,2.5,2.8,3.0,2.9,2.9,2.7,2.9,3.3,3.3,3.2,3.0,3.3,3.5,4.2,4.2,4.3,4.0,4.5,4.8,5.5,5.6
064050,1.8,2.1,2.3,2.3,2.4,2.5,2.6,2.7,3.4,2.8,2.8,3.2,3.3,3.1,3.3,3.5,3.7,3.8,4.3,4.1,3.9,4.7,4.9,5.7,5.5
064051,1.8,1.9,2.1,2.1,2.4,2.4,2.6,2.9,2.8,2.7,3.1,3.0,2.7,2.9,3.2,3.6,3.3,4.0,4.0,4.0,4.0,4.1,4.8,5.0,5.5
064052,3.1,3.2,3.9,4.2,4.4,4.4,4.8,5.3,5.3,5.2,5.2,5.5,5.3,5.5,5.6,6.1,6.6,6.4,7.0,7.2,6.7,7.5,8.2,8.4,9.4
064053,1.5,1.5,1.4,1.6,1.7,1.7,1.9,1.9,2.0,2.0,2.1,2.3,2.2,1.8,2.0,2.1,2.4,2.4,2.5,2.7,2.2,2.7,2.8,3.1,3.6
064054,2.5,2.9,2.7,3.1,3.2,3.4,3.8,4.0,4.2,4.1,4.3,4.4,4.3,4.3,4.7,4.9,5.0,5.4,5.3,5.6,5.1,5.9,6.6,7.0,6.7
064055,2.7,2.9,3.2,3.2,3.5,4.1,3.9,4.4,4.8,4.2,4.5,4.8,4.9,4.7,4.6,5.0,5.1,6.0,6.6,6.2,5.9,6.6,6.8,7.7,7.8
064056,1.9,2.1,2.1,2.2,2.2,2.4,2.5,2.7,3.1,2.9,2.8,3.1,3.0,2.9,2.8,3.0,3.5,3.3,3.8,3.7,3.6,3.6,4.2,4.7,5.1
064057,3.0,3.0,3.2,3.2,3.5,3.7,3.7,4.2,4.7,3.7,4.3,4.6,4.9,4.4,4.8,4.8,5.7,5.3,5.5,6.3,6.2,6.1,7.4,7.2,7.9
064058,1.4,1.6,1.6,1.8,2.1,2.2,2.5,2.7,2.9,2.8,2.8,3.2,2.7,2.9,3.0,2.9,3.4,3.7,3.7,4.2,3.7,4.3,4.9,5.2,5.1
064059,2.8,2.9,3.1,3.3,3.6,3.6,3.8,4.1,4.8,4.3,4.7,4.9,5.1,4.8,5.1,5.2,5.5,6.2,6.1,6.5,5.9,6.7,7.7,8.1,8.0
064060,1.0,1.1,1.2,1.3,1.4,1.7,1.6,2.0,2.3,2.0,2.5,2.4,2.5,2.4,2.5,2.7,3.0,3.0,3.3,3.8,3.5,3.9,4.6,4.9,5.0
064063,3.9,4.3,4.5,4.9,5.0,5.3,5.3,5.4,5.8,5.6,5.7,6.0,6.3,6.1,6.6,6.5,6.9,7.0,7.2,8.0,7.2,7.8,8.7,8.9,9.3
064064,1.8,1.6,1.9,2.1,2.3,2.6,2.7,3.0,2.9,3.0,3.2,3.3,3.0,3.4,3.1,3.5,3.8,4.1,4.2,4.7,4.2,4.7,5.2,5.5,5.9
064065,2.9,2.9,3.4,3.5,3.8,4.1,3.7,3.8,4.6,4.4,4.7,4.3,4.3,4.0,4.4,4.5,5.1,5.0,5.5,6.1,5.1,5.8,6.2,6.6,7.1
064066,3.6,3.6,4.4,3.9,4.3,5.1,5.2,5.4,5.8,5.2,5.4,5.4,5.5,5.5,5.6,5.4,5.7,6.3,7.4,7.0,6.6,7.2,7.5,8.2,8.3
064067,2.0,2.1,2.3,2.5,2.6,3.2,3.3,3.2,3.6,3.7,3.2,3.7,3.6,3.6,3.9,4.2,4.6,4.9,5.0,5.2,4.6,5.2,5.7,6.3,6.9
064068,4.2,4.5,4.5,5.1,5.6,5.5,5.9,6.0,6.2,5.9,6.2,6.8,6.3,6.5,6.4,6.8,7.2,7.5,7.9,7.8,7.7,8.5,8.9,9.5,10.3
064069,2.1,2.2,2.3,2.5,2.5,3.1,3.1,3.1,3.5,3.2,3.4,3.8,3.7,3.5,4.2,3.8,4.3,4.3,4.4,4.9,4.5,5.0,5.5,5.9,6.2
064070,3.6,3.7,3.9,4.0,4.3,4.2,4.5,5.2,5.3,5.0,5.2,5.5,5.4,5.5,5.2,6.1,6.4,6.6,6.8,7.1,6.0,6.6,7.7,8.4,8.3
064071,3.3,3.6,3.9,4.0,4.2,4.9,4.8,4.9,5.3,5.2,5.1,6.1,5.6,5.3,5.9,6.2,6.1,6.6,6.8,7.1,6.5,7.3,8.2,8.6,8.8
064072,1.4,1.3,1.4,1.6,1.6,1.8,1.9,2.2,2.2,2.3,2.4,2.5,2.5,2.3,2.4,2.9,2.6,3.1,3.0,3.2,3.1,3.4,3.6,3.7,4.6
064073,2.9,3.3,3.4,3.6,3.7,4.0,4.3,4.7,4.9,4.9,5.1,5.3,5.2,4.8,5.0,5.5,6.0,6.5,6.7,6.9,6.3,7.4,8.1,8.0,8.8
064074,2.7,2.9,3.2,3.5,3.5,4.0,4.6,4.4,4.9,4.5,4.8,4.8,4.7,4.6,5.1,5.0,5.7,5.8,6.1,6.4,6.5,6.8,7.3,7.9,7.9
064075,2.5,2.2,2.5,2.9,3.0,3.2,3.2,3.4,3.6,3.5,3.9,4.0,3.8,3.7,3.9,4.0,4.3,4.5,4.7,5.0,4.2,5.0,5.7,5.9,5.9
064076,3.0,3.2,3.4,3.6,3.9,4.0,4.0,4.6,4.7,4.5,4.6,5.1,4.8,4.8,4.8,5.6,5.5,5.7,6.2,5.8,5.6,6.0,6.8,7.4,7.4
064077,4.4,3.9,4.5,4.6,4.8,5.4,5.8,5.9,6.5,5.9,6.3,6.6,6.4,6.1,6.7,6.6,7.6,7.7,7.8,8.3,7.5,8.1,9.5,10.0,10.3
064078,4.1,4.1,4.7,4.4,4.6,4.9,5.4,5.8,5.9,5.5,5.7,6.0,6.1,5.4,6.2,6.5,6.4,7.2,7.1,7.7,6.9,7.3,8.3,8.9,9.4
064079,1.2,1.5,1.6,1.7,1.7,1.8,1.7,1.8,2.0,2.0,2.2,2.5,2.5,2.1,2.2,2.6,3.0,2.7,2.5,3.3,2.9,3.0,3.4,4.2,4.1
064080,2.0,2.4,2.6,3.0,2.9,3.1,3.2,3.5,3.7,3.6,3.9,4.1,4.1,4.0,4.3,4.5,4.8,5.0,5.4,5.4,5.2,5.5,6.2,7.1,7.4
064081,2.0,2.1,2.0,2.3,2.4,2.7,2.9,2.7,3.1,2.9,3.2,3.4,3.2,2.9,3.1,3.3,3.6,3.8,3.9,4.2,3.9,4.3,5.0,5.6,5.4
064082,1.7,1.6,1.8,1.7,1.9,2.0,2.2,2.6,2.6,2.4,2.6,2.9,2.7,2.6,2.7,3.0,3.0,3.2,3.5,3.4,3.4,3.9,4.3,4.4,4.8
064083,1.2,1.4,1.5,1.6,1.8,2.1,2.1,2.3,2.6,2.4,2.6,2.7,2.4,2.7,2.7,2.8,3.1,3.4,3.4,3.7,3.4,3.8,4.3,5.0,4.9
064084,2.7,2.7,3.2,3.5,3.4,3.5,3.8,3.8,4.3,4.2,4.1,4.7,4.4,4.6,4.4,4.6,5.5,5.7,5.6,6.4,5.3,6.5,6.6,7.1,7.3
064085,2.3,2.1,2.4,2.7,3.2,3.4,3.6,3.8,3.9,3.7,3.9,4.4,4.0,3.8,4.2,4.5,5.3,5.0,5.8,5.9,5.4,5.8,6.2,6.8,7.8
064086,4.0,4.7,5.0,4.9,4.7,5.7,5.5,5.6,6.3,6.1,6.0,7.2,6.2,6.6,6.3,6.9,7.3,7.4,8.0,8.0,7.6,8.0,8.3,9.9,10.0
064087,3.2,3.6,3.6,3.9,4.6,4.3,4.7,4.5,4.9,5.0,4.9,5.3,5.1,5.0,5.1,5.3,5.6,6.3,6.1,6.3,6.2,6.8,7.1,7.8,8.0
064088,1.6,1.8,2.0,2.1,1.9,2.3,2.5,2.7,3.1,2.8,3.1,3.4,3.2,2.9,3.2,3.5,4.0,4.0,4.4,4.3,4.3,4.7,5.0,5.7,6.2
064089,4.2,4.5,4.8,5.3,5.1,5.6,6.0,5.9,6.7,6.4,6.5,6.6,6.7,6.4,6.5,6.8,7.3,7.5,7.9,8.0,7.7,8.3,9.2,9.8,9.8
064090,1.7,1.8,1.8,2.2,2.2,2.4,2.6,2.8,3.0,2.7,3.0,3.4,3.1,3.1,3.2,3.1,3.8,4.0,4.1,4.4,4.4,4.7,4.7,5.8,5.7
064091,2.4,2.5,2.7,2.5,2.9,3.0,3.2,3.4,3.4,3.4,3.7,3.9,4.0,3.7,3.6,4.1,4.4,4.3,4.6,5.0,4.5,4.9,5.1,6.5,5.9
064092,2.9,2.8,3.0,3.2,3.4,3.2,3.9,4.2,4.5,3.9,4.3,4.6,4.6,4.1,4.5,5.0,5.0,5.7,5.6,6.2,5.4,6.0,6.5,7.1,6.9
064093,1.0,1.3,1.3,1.4,1.5,1.6,1.9,1.9,2.1,1.9,2.2,1.9,2.2,2.0,2.1,2.2,2.7,2.5,3.2,3.2,2.7,3.1,3.9,4.3,4.8
064095,1.5,1.7,1.8,2.0,1.8,2.0,2.2,2.4,2.6,2.3,2.6,2.5,2.5,2.4,2.7,3.0,3.1,2.9,3.4,3.3,3.2,3.6,3.8,4.5,4.4
064096,2.7,2.9,2.9,2.9,3.2,3.5,3.8,3.8,4.2,3.7,4.4,4.2,4.4,4.3,4.4,4.6,4.7,5.1,5.2,5.9,5.3,6.0,6.7,6.7,7.7
064097,3.2,3.2,3.7,4.0,4.2,4.4,4.6,5.0,5.1,4.9,5.3,5.9,5.0,4.7,5.4,6.1,6.3,6.2,6.8,6.8,6.0,7.0,7.4,8.9,8.6
064098,3.9,4.2,4.2,4.5,4.9,5.3,5.7,6.0,6.1,6.2,6.0,6.6,6.4,6.8,6.9,6.9,7.3,7.5,7.8,7.9,7.4,8.5,9.2,10.1,10.4
064099,2.5,2.5,2.7,3.1,3.1,3.2,3.7,3.6,3.9,3.6,3.6,4.4,3.7,3.6,4.1,4.0,4.5,4.5,4.7,5.2,4.4,5.5,5.6,6.2,6.5
064100,1.5,1.7,1.7,1.8,2.2,2.1,2.2,2.4,2.7,2.6,2.6,3.0,2.9,3.1,2.8,3.1,3.2,3.6,3.9,4.3,3.6,4.1,4.6,4.9,5.5
064101,3.7,4.3,4.2,4.6,4.8,5.2,5.2,5.8,5.9,5.6,5.6,6.0,5.9,5.5,5.9,7.0,7.0,6.9,7.0,7.7,7.2,8.0,8.4,9.0,9.1
064102,3.4,3.3,3.7,4.2,3.8,4.2,4.4,4.4,4.6,4.5,4.5,5.0,4.8,4.7,4.6,5.0,5.1,5.6,6.3,6.2,5.2,6.4,7.2,7.1,7.2
064103,2.3,2.6,2.4,2.7,2.9,3.2,3.7,3.5,3.9,3.7,3.7,4.0,4.0,3.6,4.0,4.1,4.3,4.7,4.8,5.0,4.4,5.1,6.0,6.1,7.2
064104,2.2,2.4,2.5,2.9,2.9,3.1,3.1,3.6,3.5,3.5,3.5,4.0,4.1,3.9,3.8,4.4,4.7,5.2,5.1,5.5,5.0,5.2,6.3,6.4,7.0
064105,1.0,1.0,1.1,1.0,1.2,1.2,1.5,1.4,1.6,1.8,1.7,1.8,1.7,1.7,1.7,1.9,1.8,2.2,2.3,2.6,2.4,2.2,2.7,2.9,3.3
064106,2.3,2.5,2.6,2.9,3.1,2.9,3.4,3.7,3.9,3.8,4.0,4.2,3.9,3.9,3.9,4.7,4.8,4.6,5.1,5.1,5.2,5.5,6.2,6.7,7.1
064107,1.9,2.0,2.1,2.5,2.3,2.5,2.9,2.8,3.1,3.5,3.2,3.7,3.4,3.3,3.5,3.8,4.3,4.2,4.2,4.9,4.2,4.6,5.6,6.2,5.9
064108,3.4,3.2,3.6,4.0,4.1,4.1,4.7,5.2,4.9,4.9,5.1,5.5,5.1,5.2,5.1,5.6,5.6,6.0,6.3,6.9,6.1,6.6,7.5,8.0,7.9
064109,2.7,3.3,3.1,3.3,3.3,3.6,3.9,4.2,4.5,4.0,4.5,4.5,4.7,4.2,4.8,5.0,5.2,5.2,5.7,6.1,5.5,5.7,6.8,8.2,8.4
064110,2.4,2.5,3.0,3.1,3.2,3.4,3.5,4.0,4.0,3.5,4.2,4.4,4.2,3.9,4.3,4.4,4.8,5.2,5.4,5.4,5.2,5.4,6.6,6.8,6.7
064111,1.2,1.2,1.6,1.6,1.9,2.0,2.1,1.9,2.4,2.4,2.6,2.8,2.7,2.4,2.7,3.1,3.2,3.2,3.3,4.0,3.4,4.0,4.4,4.9,5.0
064112,2.2,2.5,2.5,2.6,2.3,2.7,3.2,3.0,3.2,3.3,3.6,3.5,3.5,3.6,3.7,3.7,4.1,3.9,4.3,4.7,4.0,4.8,5.1,5.7,6.0
064113,2.3,2.8,2.9,2.8,3.2,3.4,3.6,3.6,4.2,3.7,3.8,4.4,3.9,4.2,4.1,4.4,4.6,4.7,5.0,5.5,4.8,5.5,6.1,6.6,6.6
064114,2.0,2.4,2.2,2.5,2.7,2.8,3.2,3.2,3.4,3.5,3.4,3.9,3.9,3.8,3.7,3.9,4.5,4.8,4.6,5.1,4.7,5.6,5.6,6.4,6.5
064115,1.9,2.2,2.1,2.4,2.4,2.9,2.8,3.1,3.1,3.2,3.3,3.5,3.3,3.1,3.7,3.6,3.7,4.1,4.4,4.6,4.1,4.6,5.1,5.7,5.9
064116,1.6,1.8,2.0,2.4,2.1,2.6,2.6,2.8,2.9,2.9,3.2,3.5,3.0,3.0,3.4,3.4,4.0,4.0,3.9,4.3,4.1,4.2,5.4,5.5,6.1
064117,1.8,1.9,2.1,2.2,2.3,2.5,2.4,2.7,3.1,3.0,3.0,3.1,2.9,3.1,3.3,3.5,3.4,4.0,3.5,4.4,3.7,4.5,4.6,5.3,5.5
064118,3.6,4.1,4.1,4.6,4.6,4.7,5.2,5.3,5.9,5.6,5.5,5.9,5.7,5.7,6.0,6.6,6.7,6.6,6.8,7.6,6.7,7.6,8.1,8.5,9.0
064119,2.5,2.5,2.6,2.6,3.0,3.2,3.4,3.5,3.3,3.8,3.7,4.2,3.7,3.6,3.9,4.1,4.2,4.7,4.7,5.3,4.8,5.2,6.5,6.4,6.9
064120,2.6,2.9,2.7,3.2,3.7,3.7,3.8,4.1,4.4,4.3,3.9,4.6,4.4,4.5,4.5,4.6,5.0,5.3,5.4,5.9,5.1,6.4,6.6,6.5,7.7
064121,2.8,3.0,3.3,3.4,3.6,4.0,4.2,4.5,4.3,4.2,4.7,4.6,4.8,4.5,5.0,4.8,4.8,5.3,5.8,5.8,5.5,6.0,7.2,7.3,7.8
065001,1.5,1.2,1.8,1.7,1.8,1.8,1.8,1.9,2.2,2.1,2.4,2.6,2.5,2.4,2.6,2.5,2.7,2.9,3.1,3.3,2.9,3.5,4.0,4.1,4.5
065002,1.6,2.1,2.0,2.1,2.6,2.6,2.8,3.0,3.1,3.4,3.3,3.5,3.2,3.5,3.3,3.6,4.3,4.5,4.6,4.7,4.3,4.8,5.6,6.0,6.5
065003,2.6,2.7,2.6,2.8,3.0,3.7,3.5,4.0,3.8,3.5,3.8,4.0,4.1,3.8,4.2,4.2,4.6,4.7,5.0,5.2,4.7,5.3,6.2,6.5,7.2
065004,2.1,2.4,2.5,2.5,2.8,3.0,3.2,3.6,3.9,3.4,3.9,3.8,3.4,3.6,3.8,4.0,4.0,4.3,4.6,5.2,4.5,4.7,5.4,6.1,6.3
065005,1.4,1.8,1.8,2.0,2.1,2.3,2.4,2.3,2.8,2.8,3.3,2.9,3.2,2.8,3.2,3.5,3.7,3.9,3.8,4.1,4.2,4.6,5.2,5.4,5.4
065006,1.7,1.8,1.9,1.8,2.3,2.0,2.3,2.7,2.7,2.6,2.8,2.8,2.8,3.0,2.7,3.0,3.3,3.6,3.6,3.9,3.8,3.9,5.1,5.1,5.5
065007,3.2,3.3,3.6,3.8,3.9,4.0,4.3,4.7,5.0,4.6,5.0,5.4,5.1,4.9,5.3,5.8,5.8,6.1,6.7,6.4,6.2,7.2,7.0,8.7,8.5
065008,3.0,3.2,3.4,3.6,3.8,4.4,4.5,4.6,4.7,4.8,5.0,5.1,5.1,5.2,5.5,5.8,5.7,6.1,6.3,6.6,6.1,6.7,7.4,8.0,8.2
065009,1.3,1.3,1.4,1.5,1.7,1.8,2.0,2.0,2.4,2.5,2.4,2.8,2.4,2.3,2.5,2.8,3.1,3.2,3.5,3.5,3.3,3.5,4.2,4.7,4.8
065010,2.3,2.3,2.7,2.5,3.0,3.3,3.6,3.7,3.9,3.7,4.3,4.3,4.1,4.1,4.1,4.5,4.8,5.1,5.7,5.6,5.4,6.0,6.5,7.4,7.5
065011,2.7,2.8,3.1,3.1,3.4,3.7,4.0,4.2,4.3,4.1,4.4,4.5,4.5,4.2,4.0,4.1,4.8,4.7,5.0,5.9,5.3,5.3,6.2,6.7,6.9
065012,2.3,2.4,2.9,3.2,3.5,3.6,4.0,3.7,4.2,4.1,4.0,4.6,4.2,4.4,4.9,4.8,5.5,5.6,5.8,6.2,5.6,6.3,7.1,7.9,8.2
065013,2.8,2.9,3.1,3.2,3.6,3.8,3.9,4.2,4.6,4.4,4.5,5.0,5.2,5.0,5.0,5.5,6.0,5.8,6.1,6.6,5.9,6.4,7.5,8.0,8.3
065014,2.4,2.8,3.0,3.0,3.5,3.7,3.3,3.8,4.1,3.9,4.1,5.2,4.5,4.3,4.8,4.9,5.2,5.5,5.9,5.8,5.6,6.5,6.7,7.4,7.4
065015,2.4,2.7,2.9,3.0,3.0,3.2,3.5,3.6,3.7,3.8,4.0,4.3,3.7,4.0,3.9,4.2,4.6,4.4,5.2,5.2,4.7,5.5,5.6,5.9,6.4
065016,2.8,3.0,2.8,3.6,3.6,3.7,4.3,4.4,4.5,4.3,4.4,5.0,4.6,4.4,4.7,5.4,5.1,5.6,6.1,6.1,6.0,6.4,7.0,7.4,8.0
065017,1.9,2.2,2.3,2.2,2.9,2.9,3.3,3.1,3.6,3.4,3.4,3.9,3.6,3.7,3.8,3.6,4.6,4.2,5.1,5.4,4.9,5.2,5.4,6.7,7.1
065018,1.8,1.9,2.0,2.0,2.2,2.6,2.9,3.2,3.0,2.8,3.6,3.3,3.4,3.2,3.4,3.9,3.9,4.4,4.2,4.2,4.4,4.9,5.6,5.9,5.9
065019,1.6,2.0,2.1,2.2,2.5,2.5,2.6,2.8,3.0,2.8,3.0,3.7,2.9,3.2,3.5,3.4,3.4,4.3,4.4,3.9,3.9,4.4,5.2,5.2,6.3
065020,4.1,4.6,4.5,5.1,5.0,5.2,5.7,5.8,6.4,6.0,6.0,6.5,6.8,6.6,6.8,7.9,7.3,8.0,7.9,8.6,7.3,8.6,9.1,10.0,10.0
065021,2.6,2.8,3.1,3.1,3.4,3.9,3.6,4.1,4.4,4.1,4.6,4.9,4.3,4.8,4.1,5.4,5.6,5.8,5.6,6.3,5.8,6.5,6.7,7.9,8.4
065022,2.7,2.7,3.0,3.2,3.2,3.8,3.9,4.1,4.3,4.2,4.2,4.8,4.8,4.6,4.5,5.3,5.3,5.6,5.8,6.1,5.5,6.3,6.6,6.8,7.6
065023,1.3,1.3,1.6,1.6,1.5,1.8,1.7,1.9,2.2,2.2,2.2,2.5,2.6,2.1,2.3,2.5,2.6,3.1,3.0,3.3,2.9,3.1,3.8,4.3,4.8
065024,2.8,3.0,3.2,3.0,3.3,3.5,3.9,4.3,4.2,4.1,4.5,4.6,4.3,4.6,4.8,5.2,5.6,5.5,5.5,6.2,5.5,5.9,7.1,7.5,7.7
065025,3.4,3.6,3.9,4.2,4.4,4.5,4.9,5.1,5.4,5.5,5.6,5.8,6.0,5.0,6.0,6.3,6.3,6.7,7.0,7.3,6.9,7.4,7.6,8.6,9.6
065026,1.9,2.3,2.3,2.8,2.7,3.0,3.1,3.3,3.9,3.5,3.6,4.5,4.2,3.9,4.2,4.8,4.7,4.9,5.6,5.4,5.2,5.8,6.4,6.8,7.0
065027,4.1,4.4,4.6,5.3,5.3,5.7,6.1,6.4,6.2,6.0,6.6,6.9,6.6,6.6,6.9,6.8,7.4,7.3,7.8,8.3,7.6,8.5,9.6,9.7,10.6
065028,3.2,3.5,3.7,3.7,4.6,4.3,4.9,4.9,5.1,5.0,5.1,5.8,5.2,5.0,5.4,5.5,5.3,5.9,6.2,6.5,6.4,7.1,8.2,7.7,8.7
065029,2.2,2.3,2.5,2.7,2.8,3.2,3.4,3.4,3.8,3.9,3.9,4.4,4.1,3.6,4.4,4.6,4.5,5.0,5.3,5.8,5.1,5.6,6.7,6.9,7.3
065030,1.6,2.1,2.0,2.2,2.4,2.6,2.7,3.0,3.1,3.1,3.4,3.6,3.6,3.4,3.9,3.9,4.1,4.5,4.5,4.4,4.4,5.0,5.7,5.9,6.2
065031,3.3,3.5,3.4,3.7,3.7,4.3,4.1,4.6,4.6,5.0,4.5,5.0,4.9,4.9,5.3,5.0,5.6,5.8,6.4,6.2,6.0,6.4,6.9,7.4,8.3
065032,3.2,3.5,3.8,3.9,4.3,4.7,5.1,5.4,5.5,5.4,5.2,5.7,5.1,5.2,5.9,5.7,6.5,6.1,7.0,6.8,6.7,7.4,8.2,8.8,9.1
065033,0.7,0.8,1.1,1.0,1.2,1.2,1.5,1.6,1.7,1.6,1.8,2.0,1.8,1.9,1.9,2.2,2.1,2.5,2.8,3.0,2.6,2.9,3.3,3.6,3.6
065034,2.1,2.4,2.5,2.8,3.0,3.0,3.4,3.5,3.6,3.7,4.2,4.4,4.1,3.9,4.4,4.3,4.6,4.6,5.2,5.0,5.4,5.4,6.2,6.9,6.7
065035,1.2,1.5,1.5,1.6,1.6,1.8,2.0,2.0,2.1,2.2,2.1,2.3,2.4,2.4,2.4,2.5,2.6,3.1,3.1,3.3,3.0,3.3,3.9,4.1,4.5
065036,1.7,1.7,1.9,2.1,2.3,2.4,2.5,2.9,2.9,3.0,2.9,3.4,3.4,3.4,3.4,3.4,3.8,4.0,4.5,3.9,3.8,4.3,5.0,5.3,5.7
065037,1.4,1.4,1.8,1.8,1.9,2.3,2.4,2.4,2.7,2.7,2.8,3.0,2.8,2.7,2.9,3.1,3.4,3.7,3.3,4.0,3.9,3.8,4.7,5.0,5.1
065038,3.3,3.2,3.4,3.4,3.6,4.0,4.5,4.5,4.6,4.4,4.6,5.3,4.6,4.6,5.1,5.0,5.2,6.0,6.0,6.2,5.7,6.1,7.2,7.6,8.1
065039,2.2,2.1,2.4,2.3,2.6,3.0,3.2,3.3,3.4,3.4,4.1,4.2,3.9,4.3,4.3,4.4,4.3,4.9,5.3,5.5,5.1,5.8,6.4,6.8,7.0
065040,2.3,2.4,2.9,3.2,3.2,3.8,3.6,4.0,3.6,4.2,4.5,4.5,4.5,4.2,4.2,5.1,5.4,5.6,5.9,6.5,5.3,6.0,7.0,7.5,8.3
065041,2.5,2.6,2.9,3.0,3.3,3.2,3.6,3.9,4.2,4.0,4.2,4.4,4.3,4.2,4.3,5.1,5.0,5.8,5.7,5.7,5.0,6.2,6.9,7.3,7.5
065042,1.7,1.7,1.7,2.0,2.3,2.3,2.4,2.5,3.0,3.2,3.2,3.1,3.0,2.9,3.4,3.4,3.8,3.8,4.3,4.4,4.4,4.4,4.9,6.0,5.8
065043,2.6,2.8,2.9,3.1,3.3,3.8,3.8,4.2,4.0,4.1,4.3,4.7,4.9,4.4,5.1,5.0,5.2,5.8,5.6,6.2,5.8,6.4,6.5,7.4,8.3
065044,1.8,1.9,2.0,2.1,2.2,2.4,2.5,2.6,2.8,2.7,3.3,3.0,3.0,3.1,3.1,3.2,3.5,3.6,3.9,4.3,3.9,4.4,4.8,4.8,5.4
065045,2.6,2.7,3.0,3.4,3.5,3.6,4.0,3.8,4.3,4.1,4.5,4.7,4.6,4.9,4.5,5.0,5.3,5.6,5.6,6.2,5.6,6.4,6.9,7.1,8.0
065046,2.5,2.5,2.5,2.8,3.2,3.4,3.7,3.9,4.3,3.9,4.2,4.6,4.4,4.1,4.7,4.7,5.2,5.1,5.7,6.1,5.1,6.5,7.0,7.1,7.7
065047,3.0,3.4,3.5,3.8,4.1,4.7,4.8,4.8,5.3,5.0,4.9,5.9,5.3,5.4,5.7,6.0,5.7,7.0,6.3,6.8,6.9,7.7,8.0,8.4,9.7
065048,2.4,2.3,2.6,3.0,3.0,3.3,3.4,3.5,3.6,3.6,3.7,3.7,3.7,3.5,3.7,4.0,4.5,4.6,4.5,4.9,4.4,5.3,5.4,6.2,6.1
065049,2.1,2.4,2.6,2.9,3.0,3.2,3.5,4.0,3.7,3.8,4.0,3.8,4.1,4.1,4.0,4.7,4.7,5.4,5.4,5.6,5.7,5.8,6.5,7.3,7.4
065050,2.4,2.7,2.8,3.3,3.1,3.6,3.3,3.9,3.8,3.8,4.4,4.3,4.0,4.1,4.1,4.5,4.8,4.8,5.3,5.5,5.7,5.5,6.5,7.1,7.7
065051,4.2,4.7,5.0,5.2,5.4,5.3,5.5,6.1,6.6,5.6,6.1,6.3,6.2,5.9,6.5,6.4,7.1,7.5,7.7,8.4,7.5,8.1,8.8,9.2,10.1
065052,2.0,2.2,2.3,2.3,2.7,2.7,3.2,3.5,3.3,3.9,3.6,4.1,3.9,3.7,4.0,4.4,4.5,5.0,4.8,5.4,5.1,5.5,6.2,6.6,7.2
065053,1.6,1.6,1.9,2.1,1.9,2.2,1.9,2.6,2.7,2.7,2.9,3.2,2.9,2.8,3.3,3.5,3.6,3.5,3.8,4.2,4.0,3.9,5.0,5.0,5.2
065054,1.5,1.6,1.9,2.0,2.2,2.2,2.2,2.6,2.3,2.4,2.7,2.8,2.7,2.7,2.7,2.8,2.9,3.2,3.4,3.7,3.4,3.8,4.1,4.8,4.6
065055,4.0,4.6,5.0,4.6,5.5,5.8,5.5,6.3,7.1,7.0,5.9,6.9,6.9,6.4,7.4,6.9,8.1,8.3,8.3,8.9,8.0,9.3,9.8,10.7,11.0
065056,2.9,3.1,3.3,3.2,3.6,3.8,4.1,4.2,4.6,4.4,4.7,4.8,4.6,4.4,4.8,5.2,5.6,5.9,6.2,6.0,6.3,6.5,7.3,8.1,8.2
065057,1.3,1.6,1.7,1.7,1.8,2.0,2.0,2.3,2.5,2.2,2.5,2.8,2.4,2.3,2.8,2.8,2.7,3.1,3.1,3.4,3.5,3.7,4.1,4.1,5.0
065058,4.3,4.4,4.6,4.9,5.0,5.9,5.7,5.4,6.0,6.0,6.1,6.4,6.1,6.2,6.2,6.3,7.0,7.5,7.7,8.0,7.5,8.5,8.8,9.5,9.9
065059,2.8,3.3,3.5,3.7,3.5,4.2,4.5,4.4,5.0,4.6,5.0,5.1,4.9,4.8,5.3,5.8,5.7,6.0,6.5,6.8,6.6,6.8,8.0,8.5,8.5
065060,2.4,2.6,2.6,2.6,3.5,3.3,3.6,3.8,3.8,3.7,4.1,4.1,4.1,3.8,4.1,4.5,4.0,4.6,5.3,5.6,4.8,5.2,6.2,6.7,7.2
065061,4.3,4.9,4.9,5.2,6.0,5.7,6.2,6.7,6.6,6.6,6.7,6.7,7.1,7.3,6.7,7.2,7.6,8.2,8.3,8.5,8.4,9.0,10.3,10.9,11.0
065062,1.8,2.1,2.3,2.6,2.6,3.0,2.9,3.3,3.4,3.2,3.5,3.5,3.7,3.6,3.4,3.7,4.0,4.2,4.4,5.0,4.7,5.2,5.4,6.3,6.4
065063,3.7,3.8,4.3,4.6,5.3,5.0,5.8,5.1,5.8,5.8,6.0,6.3,6.1,5.7,6.1,6.0,6.5,6.4,7.1,7.2,7.0,7.6,8.2,8.9,9.6
065064,1.8,2.0,2.2,2.7,2.8,2.8,2.8,3.0,3.2,2.9,3.4,3.6,3.4,3.2,3.7,4.0,4.0,4.4,4.2,4.7,4.5,4.9,6.1,6.4,6.5
065065,1.4,1.6,1.8,2.0,1.9,2.3,2.3,2.7,3.0,2.7,3.0,3.2,3.1,3.1,3.7,3.4,3.7,4.3,4.6,4.5,4.2,4.8,5.2,5.9,6.3
065066,2.6,2.7,2.9,3.0,2.9,3.4,3.3,3.9,4.0,3.9,3.8,4.4,4.0,3.9,4.8,4.5,4.8,5.0,5.3,5.6,5.2,5.7,6.5,7.2,7.1
065067,3.7,4.0,4.0,4.4,4.4,5.3,4.9,5.4,5.7,5.6,5.8,5.9,5.9,6.0,5.9,6.4,6.3,6.5,7.3,7.4,7.0,7.6,8.3,9.3,9.6
065068,2.9,3.2,3.5,3.7,3.5,4.1,4.1,4.4,4.5,4.3,4.7,4.6,4.9,4.7,5.1,5.1,5.3,5.5,6.0,6.2,5.9,6.2,6.8,7.5,7.5
065069,2.3,2.2,2.3,2.7,2.8,3.2,3.3,3.5,3.5,3.5,3.8,3.4,3.4,3.5,3.5,3.8,4.0,4.4,4.5,5.3,4.6,4.6,5.5,5.8,6.8
065070,2.2,2.6,2.6,2.9,3.1,3.3,3.4,4.0,4.0,3.9,4.1,4.1,4.2,4.2,4.1,4.0,4.4,4.6,4.6,5.0,4.6,5.6,6.1,6.6,6.7
065071,1.5,1.6,1.5,1.7,1.7,1.9,1.9,2.3,2.3,2.4,2.2,2.5,2.4,2.5,2.3,2.7,2.8,3.1,3.3,3.5,3.3,3.7,3.9,4.7,4.9
065072,2.8,3.2,3.6,3.2,3.7,3.6,4.0,4.1,4.6,4.6,4.5,5.1,5.1,4.5,4.9,5.5,5.6,5.9,6.0,6.5,6.1,6.5,6.9,7.8,8.2
065073,3.4,3.5,4.2,3.7,4.5,4.8,4.7,5.4,5.3,4.4,5.6,5.9,5.0,5.6,5.7,5.5,5.9,6.3,6.6,7.1,6.7,7.1,8.0,8.0,8.6
065074,2.1,2.0,2.1,2.2,2.5,2.3,2.7,3.0,3.3,3.2,3.4,3.6,3.4,3.4,3.5,3.6,4.0,4.2,4.7,4.7,4.2,4.9,5.3,5.7,5.8
065075,1.8,1.7,1.9,2.0,2.1,2.5,2.5,2.6,2.8,2.6,2.8,2.9,3.0,2.8,3.0,3.5,3.3,3.5,4.0,4.0,3.5,4.0,4.5,5.0,5.2
065076,4.0,4.0,4.1,4.3,4.8,4.6,4.7,5.4,5.3,5.2,5.4,6.0,5.9,5.8,5.8,6.8,6.9,6.9,7.6,7.3,7.0,7.6,8.7,9.6,9.2
065077,2.4,2.1,2.6,2.6,2.9,3.1,3.2,3.5,3.2,3.7,3.8,3.8,3.7,3.8,4.0,4.1,4.3,4.1,4.8,4.9,4.8,5.2,5.6,6.4,6.9
065078,2.3,2.7,3.2,3.0,3.2,3.9,3.8,4.6,4.4,4.2,4.1,4.8,4.5,4.0,4.9,4.9,5.3,5.6,5.5,5.9,5.5,6.0,6.9,7.6,8.3
065079,2.3,2.3,2.5,2.4,2.7,2.9,2.7,3.4,3.5,3.2,3.3,3.4,3.4,3.2,3.5,3.7,3.8,3.8,4.7,4.7,4.0,4.8,5.1,5.9,5.8
065080,1.3,1.4,1.4,1.5,1.5,2.0,2.1,2.0,2.0,2.0,2.2,2.3,2.3,2.0,2.3,2.6,2.6,2.8,2.9,2.9,3.1,3.1,3.4,4.0,4.2
065081,2.0,2.2,2.2,2.3,2.3,3.0,3.1,3.1,3.5,3.3,3.3,3.7,3.7,3.8,3.7,4.2,4.0,4.3,4.2,4.7,4.5,5.2,5.3,6.2,6.3
065082,2.4,2.6,3.0,3.1,3.2,3.4,3.9,4.0,4.5,4.0,4.6,4.7,4.3,4.1,4.7,5.0,5.1,5.4,5.9,6.2,5.5,6.0,6.8,7.3,7.4
065083,3.0,3.1,3.3,3.5,3.9,4.1,4.1,4.8,4.8,4.6,4.5,5.1,5.3,4.9,5.0,5.6,5.9,5.9,5.8,6.2,5.8,6.7,7.0,7.8,8.6
065084,3.0,3.0,3.2,3.8,4.1,3.9,4.2,5.3,4.7,4.9,5.0,4.7,5.2,4.9,5.4,5.8,5.9,5.7,6.6,6.3,5.9,7.3,7.4,8.3,8.4
065085,3.4,3.5,4.0,3.8,4.0,4.3,4.3,4.4,5.1,4.8,4.8,5.4,5.2,4.9,5.7,5.9,5.8,5.8,5.9,6.6,6.4,6.5,7.1,7.6,8.7
065086,2.5,3.0,2.8,2.8,3.3,3.3,3.7,3.7,3.9,3.6,4.1,4.3,4.1,4.1,4.3,4.1,4.3,4.9,5.0,5.2,5.2,5.7,6.5,6.6,6.8
065087,1.9,1.9,2.0,2.4,2.4,2.5,2.8,2.8,3.0,2.9,2.9,3.1,2.9,2.8,3.1,3.3,3.3,3.7,3.7,4.1,3.9,4.3,4.3,5.2,5.1
065088,2.3,2.5,2.8,2.9,3.2,3.0,3.3,3.6,3.9,3.6,3.8,4.0,3.9,3.7,3.8,4.4,4.2,4.7,5.1,4.9,4.6,5.3,5.8,6.6,6.7
065089,4.1,5.3,5.4,5.3,5.9,5.9,6.2,6.7,6.8,7.0,6.6,7.3,6.9,7.1,7.0,7.3,7.2,7.5,8.5,8.7,7.7,9.0,9.3,9.9,10.4
065090,1.5,1.8,1.8,1.7,2.2,2.3,2.3,2.9,2.6,2.6,2.9,3.2,2.8,2.8,2.8,3.2,3.4,3.6,3.8,4.2,3.6,4.0,4.7,5.7,5.8
065091,3.4,3.4,3.7,3.8,4.2,4.2,4.8,4.8,5.2,4.7,5.1,5.6,5.4,5.4,5.2,5.5,5.9,6.1,5.9,6.5,6.1,7.1,7.7,8.2,8.6
065092,3.0,3.4,3.4,3.8,3.9,4.2,4.6,4.7,5.0,4.7,4.8,5.2,4.7,4.9,4.8,5.7,5.6,5.8,6.1,6.4,6.1,6.6,7.1,7.4,7.7
065093,1.7,1.9,2.2,2.3,2.1,2.6,2.7,2.8,3.0,3.1,3.2,3.5,3.2,3.1,3.1,3.5,3.6,4.3,4.3,4.3,4.3,4.5,5.0,5.4,5.5
065094,2.0,2.0,2.2,2.3,2.5,2.8,3.1,3.3,3.5,3.0,3.4,3.4,3.8,3.3,3.6,3.9,3.8,4.6,4.3,4.9,4.5,5.0,5.9,5.9,6.1
065095,4.9,4.9,5.4,5.4,5.2,5.6,5.9,6.6,6.5,6.7,6.5,7.2,7.1,7.2,7.4,7.5,8.0,7.9,8.5,8.9,8.6,9.2,9.4,10.9,10.4
065096,2.7,2.7,2.9,3.1,3.2,3.6,3.6,4.2,4.1,3.9,4.2,4.3,4.4,4.2,4.3,4.5,4.9,5.2,5.3,5.3,4.8,5.8,6.2,6.6,6.9
065097,1.2,1.4,1.6,1.5,1.5,2.0,2.0,2.2,2.1,2.2,2.4,2.6,2.2,2.5,2.8,2.6,2.6,2.9,3.5,3.4,3.2,3.4,4.1,4.5,4.4
065098,2.7,2.9,2.8,3.7,3.5,4.0,4.2,4.6,4.6,4.5,4.9,5.4,4.7,5.1,5.3,5.5,5.6,5.8,6.1,6.8,6.4,7.0,7.2,8.1,8.2
065099,1.9,2.0,2.2,2.3,2.5,2.5,2.8,2.9,3.1,3.0,2.9,3.5,3.1,3.3,3.1,3.2,3.7,3.8,4.1,3.9,3.6,4.5,4.8,5.3,5.5
065100,3.6,4.0,3.9,4.2,4.4,4.5,4.7,5.1,5.5,5.1,5.2,5.9,5.3,5.1,6.0,6.1,6.4,6.5,6.8,7.1,6.6,7.2,8.3,9.0,8.8
065101,2.7,2.9,2.8,3.1,3.2,3.5,3.2,3.7,4.1,3.8,3.9,4.2,4.0,3.8,4.5,4.3,4.5,4.7,4.9,5.3,4.4,5.5,6.1,6.7,6.9
065102,2.9,3.1,3.2,3.3,3.5,3.7,3.9,4.0,4.7,4.2,4.4,4.8,4.6,4.6,4.7,4.8,4.9,6.0,5.6,6.0,5.5,6.0,7.0,7.2,7.5
065103,2.3,2.4,2.4,2.4,2.8,3.0,3.1,3.4,3.4,3.5,3.6,4.0,3.6,3.8,3.8,3.8,3.6,4.6,4.7,4.9,4.5,5.0,5.0,6.2,5.5
065104,1.9,2.0,2.3,2.4,2.3,2.7,2.8,2.8,3.1,3.2,3.2,3.6,3.4,3.2,3.1,3.2,3.6,3.6,4.0,4.3,3.7,4.6,5.0,5.9,6.3
065105,2.0,2.0,2.0,2.2,2.5,2.8,3.0,3.2,3.6,3.3,3.3,3.7,3.2,3.5,3.7,3.7,4.2,4.2,4.7,4.7,4.5,5.2,5.4,6.0,6.1
065106,4.3,4.6,4.3,5.1,5.1,5.3,5.7,6.2,6.0,6.1,6.4,6.5,6.1,6.2,6.0,6.9,7.0,7.1,7.9,7.7,7.4,7.8,8.4,9.1,9.3
065107,5.6,5.2,5.5,5.7,6.4,6.6,7.0,7.3,7.9,7.4,7.1,7.8,7.4,6.9,7.3,8.0,8.3,9.0,8.8,9.7,9.0,9.3,10.4,11.7,11.4
065108,2.2,2.6,2.6,2.9,3.0,3.2,3.4,3.6,4.2,3.5,4.1,4.2,4.2,4.0,4.1,4.5,4.6,5.2,5.0,6.0,5.4,5.5,6.3,6.6,7.1
065109,2.1,2.3,2.6,2.8,2.9,3.2,3.3,3.6,3.9,4.0,4.0,4.2,4.3,3.9,4.3,4.6,4.6,5.6,5.2,5.9,5.3,6.4,6.9,7.1,8.1
065110,1.4,1.4,1.5,1.6,1.9,1.8,2.1,2.3,2.3,2.4,2.4,2.3,2.6,2.4,2.6,2.8,3.0,3.3,3.3,3.5,3.4,3.6,4.1,4.2,5.0
065111,2.0,2.4,2.5,2.9,2.7,2.8,3.4,3.5,3.4,3.2,4.3,4.0,3.7,3.9,4.3,4.0,4.9,4.8,5.1,5.1,5.1,5.3,6.2,7.2,6.9
065112,3.3,3.6,3.7,4.2,4.2,4.8,4.6,4.9,5.4,5.1,4.9,5.6,4.9,5.0,4.8,5.9,6.0,6.2,6.8,6.9,5.8,6.7,7.8,7.9,9.3
065113,4.0,4.1,4.6,4.3,5.1,5.1,5.3,5.3,6.2,5.6,5.4,5.8,5.9,6.0,5.9,6.3,6.4,6.4,6.9,7.2,6.8,7.1,7.9,8.3,8.5
065114,2.5,2.8,3.0,2.9,3.4,3.6,3.4,3.9,3.8,4.0,4.0,4.4,4.4,4.3,4.5,5.0,4.8,5.0,5.6,6.2,5.5,5.3,6.0,6.6,7.2
065115,5.0,5.0,5.2,6.2,6.3,6.3,6.8,7.3,7.2,7.4,7.6,7.9,7.9,7.3,7.9,8.5,9.0,8.7,9.4,9.6,9.7,10.0,11.0,10.9,12.0
065116,3.2,3.4,3.9,4.0,4.4,4.5,4.9,4.9,5.2,5.0,5.6,5.9,5.5,5.8,5.6,6.0,6.2,6.9,6.8,7.4,6.5,7.6,8.2,9.3,9.3
065117,2.5,3.0,3.0,3.1,3.5,3.7,3.8,4.1,4.4,3.9,4.2,4.6,4.4,4.3,5.1,5.0,5.0,5.4,5.7,5.5,5.4,5.9,6.5,7.2,7.0
065118,1.4,1.6,1.8,2.0,1.8,2.0,2.1,2.3,2.4,2.4,2.6,2.7,2.4,2.5,2.7,2.8,3.2,3.6,3.1,3.4,3.1,3.6,4.3,4.2,4.7
065119,2.3,2.6,3.3,3.3,3.6,3.6,3.6,4.0,4.4,4.3,4.3,4.8,4.5,5.0,4.9,5.2,5.0,5.4,5.9,6.3,5.9,6.8,6.9,7.4,8.0
065120,3.9,4.1,4.0,4.5,4.4,5.0,5.1,5.3,6.0,5.2,5.9,5.9,5.7,5.4,5.6,5.7,6.1,6.5,6.8,6.7,6.6,7.2,7.5,8.5,9.2
065121,2.3,2.4,2.7,3.0,3.2,3.1,3.5,3.7,3.6,3.6,3.6,3.8,4.0,3.7,4.0,4.2,4.6,4.8,4.9,5.4,4.8,5.6,5.9,6.6,6.9
065122,2.8,2.9,3.4,3.2,3.8,3.8,3.9,4.3,4.6,4.2,4.7,5.1,5.1,4.9,4.9,5.2,5.6,5.7,6.2,6.5,5.9,6.7,7.7,8.2,8.7
065123,2.6,3.3,3.2,3.4,3.4,3.5,3.8,4.2,4.5,4.3,4.6,4.5,4.8,4.5,5.0,5.2,5.1,5.7,5.7,6.1,5.7,6.2,7.1,7.4,8.3
065124,2.4,2.5,2.6,2.9,3.4,3.4,3.3,3.5,4.0,3.6,4.2,4.1,4.2,3.7,4.5,4.6,4.9,4.9,5.1,5.4,5.2,5.9,6.3,7.2,7.2
065125,3.7,4.1,4.2,4.5,4.9,4.7,5.4,5.5,6.0,5.7,6.2,5.9,6.1,6.0,6.1,6.8,6.2,7.5,7.3,7.9,7.2,8.1,9.0,9.5,9.6
065126,2.2,2.8,3.0,3.0,3.2,3.6,4.0,4.3,4.3,4.1,4.2,4.9,4.7,4.6,4.5,5.0,5.4,5.9,6.0,6.3,5.8,6.5,7.4,7.4,7.7
065127,2.4,2.4,2.6,2.9,2.9,3.2,3.4,3.7,3.9,3.9,4.3,4.3,4.6,4.0,4.3,4.7,5.1,5.2,5.4,5.8,5.3,5.5,6.4,7.4,7.6
065128,2.4,2.6,2.9,3.1,3.0,3.3,3.8,3.7,3.8,3.9,4.2,4.1,4.2,4.0,4.1,4.6,4.5,5.4,5.1,5.7,5.3,5.9,6.3,6.5,6.8
065129,3.2,3.6,3.9,4.3,4.0,4.5,5.1,5.2,5.5,5.2,5.2,6.2,5.6,6.2,5.9,6.2,6.7,6.9,7.7,7.7,7.6,8.0,8.7,9.1,9.8
065130,2.3,2.5,2.6,2.9,3.1,3.3,3.5,3.6,4.0,3.8,4.2,4.0,3.9,4.1,4.1,4.3,4.7,4.6,4.9,5.4,4.8,5.5,6.0,6.8,6.7
065131,3.1,3.2,3.5,3.6,3.6,3.9,4.7,4.5,4.5,4.6,4.8,4.5,4.7,4.9,5.2,4.8,5.4,5.5,5.8,5.8,5.6,6.2,6.7,7.5,7.2
065132,3.6,3.9,3.9,4.0,4.2,5.1,5.0,5.4,5.4,5.5,5.8,6.5,5.7,5.8,6.3,6.6,6.6,7.3,7.5,7.6,7.2,8.1,8.6,9.7,9.9
065133,2.2,2.3,2.2,2.4,2.7,3.1,3.2,3.4,3.3,3.2,3.5,3.7,3.9,3.2,3.8,3.7,4.1,4.3,4.6,5.4,4.5,5.2,5.3,6.1,6.6
065134,2.3,2.4,2.7,2.9,3.3,3.4,3.3,3.4,3.8,3.9,3.7,4.0,4.1,4.0,3.9,4.6,4.6,4.6,5.5,5.2,5.3,5.4,6.6,7.2,7.3
065135,2.7,2.6,2.8,2.9,3.3,3.6,3.2,3.8,4.0,3.8,3.9,4.1,4.1,4.0,4.5,4.6,4.8,4.9,5.4,5.4,5.1,5.5,5.8,6.6,6.4
065136,1.1,1.2,1.3,1.5,1.6,1.7,1.7,2.0,2.2,2.1,2.2,2.6,2.5,2.5,2.4,2.5,2.7,2.8,3.2,3.2,3.1,3.3,3.5,4.5,4.9
065137,1.0,0.9,1.1,1.2,1.6,1.4,1.7,1.8,1.9,1.8,1.9,2.1,2.0,1.8,2.2,2.2,2.5,2.5,2.8,3.1,2.8,3.0,3.4,3.5,3.6
065138,3.2,3.6,3.8,3.7,4.5,4.5,4.7,5.1,4.9,5.0,5.2,5.2,5.3,5.1,5.3,5.5,6.1,6.3,6.3,6.6,6.2,6.9,7.8,8.0,8.5
065139,3.2,3.3,3.9,3.9,3.9,4.1,4.3,4.8,5.0,4.9,5.0,5.2,4.9,4.3,5.2,5.5,5.6,5.5,6.2,6.5,6.1,6.4,7.0,7.9,7.9
065140,2.0,2.2,2.3,2.5,2.6,2.8,3.0,3.4,3.4,3.2,3.6,3.4,3.7,3.4,4.1,3.9,4.0,4.7,4.9,4.8,4.9,5.0,5.9,6.7,6.4
065141,2.9,2.8,3.3,3.2,3.6,3.9,3.8,4.1,4.1,4.2,4.5,4.4,4.7,4.3,4.9,5.2,5.1,5.7,6.1,6.1,5.5,6.1,6.5,7.2,8.0
065142,2.7,2.8,3.0,3.3,3.6,3.5,4.3,4.2,4.4,4.5,4.5,4.8,4.7,5.0,4.6,5.4,5.6,5.8,5.7,6.0,5.9,6.6,6.9,7.6,8.2
065143,2.4,2.5,2.8,3.0,3.4,3.2,3.4,3.7,4.2,4.0,3.9,4.4,4.0,3.9,4.2,4.2,4.6,4.9,5.1,4.9,4.8,5.1,5.3,6.5,6.2
065144,1.5,1.6,1.6,1.7,1.9,2.0,2.1,2.5,2.3,2.6,2.7,2.7,2.7,2.6,2.8,3.2,3.1,3.3,3.4,3.9,3.3,4.1,4.5,4.8,5.2
065145,1.9,2.0,2.2,2.1,2.5,2.7,2.6,3.0,2.8,3.3,3.2,3.4,3.1,2.9,3.3,3.7,3.6,3.5,4.1,4.3,4.3,4.6,4.9,5.2,5.5
065146,3.8,3.8,3.7,4.2,4.7,4.8,4.5,5.1,5.2,5.2,5.7,5.7,5.3,5.7,5.8,6.2,5.9,6.3,6.9,7.1,6.7,7.4,8.1,8.8,9.2
065147,2.0,2.2,2.4,2.4,2.6,2.5,2.9,3.2,4.0,3.7,3.5,4.3,3.7,3.7,4.4,4.4,4.3,5.0,4.7,5.3,5.1,5.6,6.1,6.5,6.9
065148,2.2,2.3,2.3,2.6,2.2,2.9,2.8,3.0,3.4,3.1,3.3,3.5,3.5,3.1,3.5,3.3,3.6,3.8,4.2,4.1,4.1,4.1,4.7,5.4,5.8
065149,2.3,2.3,2.4,2.6,2.6,3.1,3.3,3.2,3.7,3.2,3.5,3.8,4.0,3.5,3.8,3.9,4.2,4.1,4.9,4.7,4.4,4.6,5.4,5.6,6.4
065150,3.4,3.8,3.9,4.1,4.5,4.5,4.7,4.9,4.9,5.4,5.2,5.8,5.4,5.5,5.6,6.1,6.4,6.6,6.6,6.8,6.9,7.1,7.8,8.5,8.7
065151,3.5,3.5,4.1,4.0,4.4,4.4,4.8,5.0,5.2,5.3,5.3,5.8,5.6,5.3,5.5,6.2,5.9,6.7,7.1,6.7,6.9,7.1,8.1,8.4,8.3
065152,2.9,2.9,3.3,3.3,3.2,3.6,3.6,4.0,4.2,4.0,4.0,4.6,4.4,4.1,4.3,4.2,4.4,4.8,5.3,5.4,5.2,5.5,6.0,6.4,7.0
065153,2.9,3.3,3.3,3.4,3.8,3.9,4.4,4.5,4.5,4.5,5.0,4.8,4.9,4.8,5.3,5.8,6.0,6.3,5.9,6.3,6.0,6.5,7.5,8.2,8.4
065154,2.1,2.1,2.0,2.6,2.8,2.9,3.3,3.4,3.6,3.5,3.7,4.3,3.6,3.7,4.2,4.2,4.6,4.5,4.7,5.2,4.9,5.3,6.1,7.0,7.2
065155,2.3,2.6,2.8,2.8,3.1,2.9,3.6,3.7,4.5,3.9,4.0,4.4,4.1,4.0,4.3,4.8,4.5,4.8,5.1,5.4,4.8,5.7,6.2,7.2,7.3
065156,2.9,3.4,3.3,3.4,3.9,4.6,3.7,4.6,4.8,4.7,5.0,4.9,4.9,4.9,5.0,4.7,5.5,5.4,6.3,6.2,6.0,6.4,7.6,7.8,8.6
065157,2.0,2.3,2.5,2.9,2.8,3.1,3.6,3.7,3.5,4.0,3.9,4.3,4.2,3.7,4.2,4.6,4.7,5.1,5.1,5.3,4.9,5.4,6.4,7.5,6.6
065158,1.8,2.1,2.1,2.4,2.2,2.2,2.4,2.6,2.7,2.9,3.0,3.0,2.8,2.7,3.0,2.9,3.3,3.4,3.5,3.7,3.5,3.8,4.0,4.1,4.6
066001,2.2,2.3,2.3,2.8,2.8,3.1,2.9,3.4,3.7,3.3,3.6,3.8,3.6,3.4,3.8,3.9,4.2,4.5,3.9,4.6,4.5,4.8,5.5,5.9,6.1
066002,1.8,1.9,2.2,2.0,2.4,2.8,2.7,3.0,3.1,3.1,3.1,3.5,3.1,3.3,3.4,3.6,3.6,3.9,4.2,4.1,4.1,4.6,5.1,5.8,5.8
066003,3.7,3.8,4.5,4.8,4.8,5.2,5.4,6.2,5.9,5.8,6.0,6.5,6.0,6.6,6.9,6.7,7.3,7.0,8.2,8.8,7.8,8.5,8.9,10.3,10.2
066004,2.9,2.9,3.0,3.2,3.6,3.7,3.8,3.9,3.9,3.7,4.3,4.3,4.2,3.8,4.2,4.5,4.7,5.0,5.8,5.4,4.9,5.7,6.3,6.4,7.4
066005,3.9,4.1,4.4,4.5,4.9,5.0,5.5,5.3,6.1,5.6,5.9,6.2,5.9,5.8,6.4,6.6,6.7,7.0,7.5,8.0,7.5,8.1,8.3,9.1,9.4
066006,2.1,2.4,2.5,3.0,3.0,3.0,3.2,3.5,3.6,3.6,3.5,4.1,3.9,4.1,4.3,4.0,4.7,4.8,5.2,4.9,5.0,5.6,5.7,6.0,7.2
066007,2.2,2.2,2.3,2.6,2.7,2.9,3.2,3.4,3.5,3.4,3.7,4.3,3.6,3.6,3.7,4.0,4.7,4.3,4.9,5.0,4.8,5.4,6.0,6.4,6.5
066008,3.8,4.5,4.2,4.7,4.6,4.6,5.2,5.6,5.6,5.7,5.8,6.1,6.2,5.3,5.8,6.2,6.8,6.8,7.1,7.3,6.7,7.4,8.5,8.2,9.3
066009,2.1,2.3,2.4,2.6,2.7,3.0,3.2,3.5,3.8,3.3,3.7,4.2,4.1,3.7,4.3,4.2,4.7,4.6,5.2,5.5,5.2,5.6,5.8,6.7,6.9
066010,2.9,3.0,3.3,3.5,3.6,3.8,4.2,4.5,4.8,4.4,5.1,5.0,4.9,4.9,5.3,5.5,5.7,5.9,6.4,6.6,5.9,6.6,7.6,8.2,8.1
066011,2.9,3.5,3.7,3.4,3.9,4.4,4.0,4.6,4.8,4.8,5.2,5.4,5.3,5.3,5.5,5.7,6.3,6.6,7.0,6.9,6.7,7.5,8.1,8.6,9.0
066012,3.0,3.3,3.4,3.0,3.4,3.8,4.2,4.3,4.7,4.5,4.4,5.1,4.6,4.6,5.0,5.4,5.5,5.6,6.4,6.2,6.1,6.7,6.9,7.9,7.9
066013,3.8,4.0,4.3,4.7,5.1,4.8,5.1,6.0,6.0,5.7,6.1,6.7,6.6,6.4,6.6,6.9,7.3,7.7,7.7,9.0,8.1,8.0,9.1,9.8,10.4
066014,3.1,3.1,3.4,3.6,3.6,3.9,4.1,4.9,4.7,4.4,5.0,4.9,4.5,4.6,4.8,4.9,5.0,5.6,5.7,6.0,5.9,6.0,7.1,7.4,8.1
066015,4.0,3.9,4.5,4.4,4.7,5.4,5.6,5.8,5.5,5.5,6.2,6.2,6.5,6.2,6.2,6.6,7.0,7.0,7.4,8.1,7.8,8.3,8.8,9.3,10.0
066016,3.4,3.3,4.0,4.2,4.4,4.9,4.7,5.6,5.5,5.8,5.7,6.2,5.9,5.9,5.8,6.1,7.1,7.2,7.0,8.3,7.5,8.7,8.8,9.4,10.8
066017,3.8,3.9,4.3,4.6,4.9,4.6,5.1,5.3,5.8,5.7,5.7,5.9,6.0,6.1,6.2,6.7,6.7,7.0,6.9,7.9,6.8,7.6,8.6,9.1,10.0
066018,3.3,3.9,3.8,4.2,4.5,4.2,4.3,5.0,5.2,4.6,5.4,5.6,5.1,5.1,5.4,5.7,5.9,6.2,6.4,6.8,6.0,7.1,8.3,8.6,8.8
066019,3.2,3.3,3.5,3.4,3.8,4.1,4.0,4.6,4.8,4.4,4.8,4.8,4.8,4.7,4.6,5.2,5.5,5.7,6.0,6.2,6.1,6.6,7.3,7.1,8.0
066020,3.4,3.5,3.9,4.5,5.0,4.3,4.8,5.2,5.1,5.3,5.4,5.5,5.3,5.6,5.9,6.0,6.3,7.0,7.0,7.7,6.8,6.8,8.2,9.3,9.4
066021,3.7,4.2,4.8,4.3,5.0,5.0,4.9,6.2,5.7,5.6,5.8,6.1,6.1,5.4,6.0,6.2,6.5,6.6,7.3,7.6,7.3,8.4,8.6,9.4,9.9
066022,1.7,1.8,2.2,2.5,2.6,2.8,3.0,3.0,3.2,3.0,3.1,3.8,3.3,3.0,3.5,3.4,3.7,4.2,4.4,4.8,4.5,4.9,5.5,5.8,6.5
066023,4.3,4.4,4.5,4.8,5.1,5.3,5.6,5.8,6.3,6.2,6.1,6.5,6.4,6.2,6.6,6.7,6.6,7.4,7.8,7.8,7.3,7.9,8.8,9.6,9.6
066024,2.6,2.5,2.7,3.1,3.1,3.3,3.5,3.8,3.9,3.8,3.8,4.0,4.1,4.0,4.1,4.1,4.2,4.4,4.6,4.9,4.7,4.8,5.7,5.8,6.1
066025,2.9,2.8,3.3,3.2,3.4,3.9,3.5,4.5,4.5,4.4,4.6,5.3,4.5,4.4,5.1,5.0,5.1,5.5,5.8,6.4,5.5,6.6,7.3,8.0,8.5
066026,2.7,2.8,3.0,3.4,4.0,4.0,3.9,4.1,4.4,4.0,4.8,4.8,4.6,4.5,5.1,5.3,5.5,5.3,5.7,5.9,6.0,6.8,7.4,7.2,8.7
066027,4.9,4.8,5.3,5.9,6.4,6.5,6.7,7.2,7.3,7.0,7.1,7.2,7.2,7.3,7.6,7.6,8.2,9.0,8.7,8.7,8.5,9.1,10.6,10.5,10.8
066028,2.6,2.8,3.1,3.1,3.6,3.7,3.7,3.9,4.5,4.2,4.5,4.4,4.2,4.4,4.8,4.8,4.8,5.5,6.0,6.0,5.5,5.9,6.8,7.0,7.0
066029,3.0,3.1,3.4,3.6,3.7,3.6,4.2,4.6,4.9,4.8,5.3,5.4,5.4,5.1,5.3,5.7,5.9,6.7,6.6,6.7,5.8,7.3,7.4,8.7,9.4
066030,3.5,3.9,4.0,4.2,4.1,4.4,4.5,5.1,5.8,5.0,5.4,5.6,5.5,5.4,5.4,5.7,5.8,6.0,6.1,7.0,6.2,7.0,7.5,8.5,8.4
066031,1.4,1.5,1.7,1.8,2.0,2.2,2.3,2.5,2.5,2.5,2.4,2.9,2.4,2.7,3.0,3.3,3.1,3.5,3.7,3.9,3.6,3.8,4.2,4.5,5.3
066032,1.9,2.3,2.6,2.4,2.6,2.8,3.2,3.4,3.1,3.0,3.6,3.9,3.9,3.5,3.9,4.0,4.0,4.7,4.9,4.8,4.9,5.5,5.6,6.5,6.6
066033,2.6,3.1,3.2,3.8,3.7,4.2,4.4,4.4,4.5,4.7,4.5,5.1,4.8,5.2,5.4,5.6,6.2,6.2,6.9,6.8,6.1,7.7,8.0,8.5,9.4
066034,2.9,2.9,3.4,3.7,4.0,4.1,4.4,4.9,5.1,5.0,5.2,5.0,5.2,5.3,5.1,5.8,5.7,6.3,6.4,7.3,6.7,6.6,7.7,8.1,8.4
066035,2.2,2.6,2.6,2.6,3.0,3.4,3.5,3.5,4.0,3.8,3.8,4.0,4.2,4.2,4.0,4.8,4.7,5.2,5.6,5.8,4.9,5.5,6.5,6.5,7.4
066036,2.9,2.5,2.7,2.9,3.3,3.3,3.4,4.2,4.1,4.0,4.2,4.3,4.6,4.5,4.8,5.0,5.1,5.5,6.1,6.1,5.9,6.4,7.0,8.2,8.7
066037,2.6,2.6,3.0,3.3,3.3,3.7,3.8,4.1,4.5,4.1,4.4,4.6,4.8,4.8,5.0,5.0,5.0,5.7,6.1,5.9,5.6,6.4,7.2,7.5,7.8
066038,1.7,1.9,2.2,2.3,2.3,2.5,2.7,2.8,3.0,2.8,3.0,3.4,3.2,3.1,3.3,3.3,3.7,3.5,4.3,4.2,4.0,4.2,5.0,4.9,5.0
066039,3.3,3.8,3.8,3.9,4.3,4.5,5.2,5.2,5.3,4.9,5.6,6.1,5.5,6.0,6.1,6.3,6.6,6.8,7.1,7.4,6.8,8.0,8.5,9.7,9.7
066040,3.0,3.0,3.3,3.6,3.5,4.1,3.9,4.4,4.5,4.3,4.8,4.9,4.3,4.4,5.0,5.0,5.6,5.0,5.9,6.4,5.4,6.4,6.8,7.9,7.9
066041,3.7,3.7,4.2,4.4,4.2,4.7,5.3,5.3,6.2,5.6,5.7,6.5,5.8,5.7,5.9,6.7,6.9,6.6,7.7,8.3,7.6,8.6,8.5,9.9,10.5
066042,2.4,2.4,2.7,3.0,3.3,3.3,3.4,3.8,4.5,4.0,4.3,4.5,4.1,4.4,4.7,5.2,4.8,5.5,5.8,6.4,5.5,6.5,7.0,7.6,7.5
066043,4.3,4.3,4.4,4.8,5.2,4.7,5.6,5.8,5.8,5.9,5.4,6.7,5.8,5.7,5.9,6.1,6.8,7.3,7.2,8.1,6.9,8.0,8.3,8.6,10.5
066044,2.7,2.7,2.8,2.7,3.4,3.7,3.8,4.2,3.7,4.0,4.0,4.4,4.2,4.1,4.4,4.5,4.8,5.3,5.8,5.8,5.1,5.6,6.5,7.2,7.6
066045,1.4,1.6,1.5,2.0,2.1,2.2,2.3,2.7,2.7,2.8,3.0,2.8,3.1,2.7,3.2,3.0,3.5,3.6,4.1,4.1,3.7,4.3,4.7,5.2,5.6
066046,1.6,1.6,1.8,1.9,2.0,2.1,2.2,2.3,2.7,2.6,2.7,2.7,2.8,2.6,2.7,3.1,3.2,3.4,3.9,3.9,3.5,3.9,4.5,4.9,5.0
066047,3.4,3.3,3.6,3.8,4.1,4.1,4.5,4.7,4.7,4.5,4.5,5.6,4.7,4.6,5.4,5.4,6.0,6.3,6.7,6.5,5.9,6.9,7.5,7.9,7.9
066048,1.6,1.6,2.0,2.4,2.3,2.5,2.6,2.8,3.0,2.8,3.1,3.4,3.4,3.0,3.4,3.5,3.9,4.2,4.5,4.4,4.2,4.8,5.2,6.3,5.8
066049,1.5,1.6,2.0,1.8,2.4,2.5,2.5,2.5,2.8,3.0,3.0,3.1,3.2,2.8,3.3,3.3,3.7,3.7,4.2,4.3,4.3,4.4,5.3,5.4,5.7
066050,2.7,2.6,2.9,3.4,3.3,3.5,4.3,4.1,4.3,4.1,4.4,4.7,4.5,4.0,4.5,4.1,4.8,5.3,5.5,5.7,5.2,5.7,6.3,7.4,7.4
066051,2.4,2.8,3.1,3.3,3.3,3.3,3.4,3.7,4.1,4.2,4.5,4.2,4.1,4.0,4.6,4.3,4.7,5.2,5.2,5.3,4.9,5.8,5.9,6.4,6.9
066052,1.2,1.4,1.8,1.7,1.9,2.0,2.1,2.1,2.6,2.2,2.6,2.9,2.5,2.6,2.8,3.0,3.3,3.2,3.3,4.0,3.2,4.0,4.4,4.9,5.0
066053,2.5,2.6,2.8,2.8,3.2,3.8,3.5,4.1,4.7,3.9,4.2,4.8,4.9,4.1,4.6,5.3,5.2,5.5,5.7,6.2,5.9,6.3,7.1,7.6,8.1
066054,4.5,4.5,5.0,5.6,5.1,5.3,6.0,6.0,6.3,6.5,6.5,6.6,6.7,6.4,7.3,7.5,7.4,7.7,8.4,8.5,7.6,8.5,9.7,10.3,10.6
066055,3.0,3.1,3.5,3.7,3.6,4.2,4.2,4.9,5.0,5.0,5.2,5.5,5.3,5.1,5.5,5.4,5.5,6.0,6.2,6.6,6.1,6.9,7.3,7.9,8.6
066056,2.8,2.7,3.1,3.4,3.7,3.6,4.1,4.2,4.4,4.7,4.9,5.1,5.4,4.9,5.6,5.6,6.3,6.4,6.2,6.9,6.7,6.9,7.3,8.0,8.9
066057,3.0,3.2,3.6,3.7,3.9,4.2,4.7,4.7,5.1,4.5,5.1,5.1,5.3,5.2,5.7,5.8,6.2,5.8,6.2,7.1,6.4,6.8,7.2,8.2,8.4
066058,3.8,4.0,4.3,4.3,4.8,5.0,5.2,5.2,5.7,5.7,6.1,5.9,6.0,5.6,6.2,5.8,6.6,6.8,7.5,7.4,6.5,7.7,8.0,8.9,9.0
066059,3.8,4.3,4.5,4.5,5.0,5.4,5.9,5.8,5.8,6.1,6.4,6.3,6.1,6.6,6.4,6.9,7.1,7.9,8.1,8.4,7.5,8.6,8.6,9.9,9.6
066060,3.4,3.3,4.1,3.6,3.8,4.5,4.5,5.0,5.5,5.0,5.5,5.4,5.5,5.4,5.5,5.6,6.1,6.3,6.2,7.0,6.5,7.3,7.7,8.4,8.7
066061,4.8,5.9,5.3,5.9,5.7,6.3,7.0,7.0,7.5,6.6,7.7,7.8,7.1,7.8,7.8,8.3,8.5,8.7,8.7,9.3,8.8,9.9,11.2,12.0,11.2
066062,2.7,2.9,3.0,3.1,3.5,3.5,3.8,4.0,4.5,4.0,4.4,4.5,4.4,4.3,4.6,4.9,4.9,5.1,5.7,5.7,4.9,6.0,6.6,6.8,7.5
066063,3.0,3.1,3.2,3.5,3.8,4.0,4.2,4.4,4.9,4.6,4.6,5.2,4.9,4.8,5.1,5.5,5.5,5.9,6.2,6.8,6.0,6.4,7.2,7.6,8.3
066064,4.0,3.7,4.5,4.6,4.8,4.9,5.3,5.4,5.7,5.7,6.1,6.1,6.1,6.0,6.4,6.7,7.2,7.3,7.7,7.8,7.9,8.7,8.8,9.6,9.8
066065,3.6,4.1,4.2,4.3,4.7,5.1,5.2,5.5,5.5,5.8,6.3,5.8,5.7,6.0,6.2,6.6,7.1,7.5,7.4,7.5,7.1,7.9,8.8,9.2,9.3
066066,3.3,3.3,3.5,3.3,3.7,3.9,4.4,4.4,4.9,4.8,4.7,5.0,4.8,4.5,5.3,5.2,5.3,5.8,5.6,6.0,5.8,6.1,6.8,7.1,7.6
066067,4.5,4.9,5.2,5.6,5.6,5.7,6.0,6.0,6.4,6.6,6.7,6.6,7.4,6.3,6.8,7.0,7.7,7.7,8.1,8.4,7.8,8.3,9.7,9.8,10.3
066068,1.9,2.0,2.0,2.6,2.7,2.6,2.9,3.2,3.1,3.3,3.0,3.4,3.7,3.4,3.6,3.7,4.4,4.2,4.8,4.9,4.4,5.0,5.5,6.0,6.4
066069,3.0,3.1,3.8,3.5,3.8,4.1,4.5,4.3,4.7,4.6,5.0,4.8,4.8,4.5,5.0,5.0,5.5,5.7,5.3,6.0,5.6,6.3,6.6,7.2,7.6
066070,4.0,3.8,4.1,4.7,4.1,4.9,5.3,4.8,5.6,5.2,5.5,5.3,5.4,5.4,5.6,6.6,6.5,6.8,7.0,6.6,6.5,7.4,7.6,8.2,9.3
066071,4.2,4.2,4.5,4.7,5.0,5.5,5.2,5.5,6.2,5.6,6.0,6.1,6.1,5.6,5.9,6.6,6.6,7.1,7.3,7.5,7.1,7.7,8.3,9.4,9.3
066072,3.6,3.5,4.0,4.6,4.1,4.6,4.9,5.4,5.4,5.2,5.6,5.6,5.8,5.4,6.0,6.1,6.1,6.7,6.5,7.1,6.8,7.1,8.3,9.4,8.9
066073,1.2,1.4,1.3,1.6,1.8,1.9,2.2,2.2,2.2,2.0,2.4,2.7,2.5,2.2,2.9,2.6,3.0,3.0,3.4,3.7,3.1,3.7,4.1,4.7,4.9
066074,3.7,3.7,4.3,4.4,4.6,4.9,4.8,5.1,5.8,5.0,5.8,5.6,5.9,5.3,5.7,6.2,6.0,6.9,6.7,7.0,6.6,7.9,7.8,8.1,9.3
066075,3.9,4.2,4.4,4.4,4.8,5.8,5.4,5.6,6.1,6.1,6.3,6.5,6.3,6.5,6.8,7.0,7.4,7.6,7.8,8.6,7.7,8.5,9.1,9.9,9.5
066076,2.8,2.7,2.9,3.1,3.3,3.5,4.2,4.4,4.5,4.0,4.8,4.6,4.5,4.6,4.5,5.1,6.0,5.7,6.3,6.1,6.2,6.6,8.2,8.2,8.0
066077,2.6,2.7,2.7,3.2,3.5,3.3,3.9,4.0,3.8,4.0,4.1,5.0,4.4,4.3,4.5,4.9,5.2,5.3,5.9,6.1,5.6,6.3,7.0,7.8,7.9
066078,2.7,3.1,3.0,3.7,3.5,3.8,3.8,4.4,4.5,4.3,4.7,5.1,5.1,5.2,5.3,5.4,5.9,6.6,6.5,6.9,6.4,7.2,8.4,8.0,9.1
066079,3.5,4.1,4.1,4.7,4.6,5.1,5.3,5.4,6.1,5.8,6.2,6.1,6.1,5.5,6.0,6.3,6.7,6.9,7.1,7.0,7.0,7.6,7.9,8.9,9.2
066080,2.2,2.5,2.5,3.2,3.0,3.1,3.2,3.4,3.8,3.6,4.0,4.1,3.6,3.4,4.3,4.1,4.2,4.4,4.6,5.4,4.8,5.4,5.8,6.4,6.5
066081,3.7,4.2,3.9,4.5,4.5,5.4,5.4,5.5,5.9,5.4,5.7,6.1,6.2,5.9,6.1,6.2,6.6,6.5,7.4,7.7,6.5,7.5,8.7,9.3,8.8
066082,2.0,2.1,2.3,2.5,2.8,2.9,3.4,3.3,3.6,3.4,3.8,4.0,3.9,4.0,4.0,4.4,4.9,5.1,5.4,6.0,5.3,5.8,6.7,7.0,8.1
066083,4.8,5.1,4.9,5.8,6.2,6.3,7.0,7.0,7.5,7.5,7.4,7.8,7.5,7.4,7.3,8.2,8.8,8.2,9.3,9.6,9.8,10.4,11.7,10.8,11.4
066084,2.5,3.1,3.2,3.3,3.7,4.1,4.1,4.5,5.1,5.0,4.8,4.9,4.5,4.6,5.0,5.0,5.6,6.0,6.1,6.8,5.5,6.3,6.9,7.9,8.9
066085,3.2,3.5,3.8,3.9,4.2,4.9,4.7,5.4,5.3,5.4,5.5,6.3,5.7,5.5,6.3,6.4,6.7,7.2,7.7,7.6,7.6,8.2,8.6,9.5,9.6
066086,3.6,3.6,3.9,4.5,4.6,4.8,4.7,5.1,5.3,5.8,5.2,5.9,5.5,5.3,5.4,5.5,6.0,6.3,7.0,7.5,6.8,7.5,8.1,9.1,9.0
066087,4.6,4.6,5.5,5.4,5.6,6.2,6.7,6.8,7.2,6.9,6.7,7.7,7.2,7.4,7.4,8.0,8.0,8.5,9.2,9.6,8.4,9.3,10.8,10.8,11.5
066088,4.0,4.2,4.6,5.1,5.0,5.3,5.4,5.4,7.0,6.1,6.7,7.1,6.5,7.2,6.7,7.1,7.3,8.1,8.4,9.0,8.1,9.3,9.6,9.9,10.9
066089,3.3,3.2,3.8,3.6,4.1,4.3,4.4,4.7,4.8,4.8,5.0,5.2,5.3,5.1,5.1,5.6,5.5,5.9,6.4,7.0,6.0,6.7,6.9,7.6,8.0
066090,2.7,2.8,3.1,3.1,3.6,3.3,3.7,3.8,4.1,4.1,4.2,4.5,4.4,4.3,4.3,4.5,5.2,5.3,5.5,5.4,5.1,5.6,6.3,6.8,7.0
066091,3.1,3.1,3.3,3.6,4.2,4.4,4.5,4.7,5.1,4.8,5.1,5.3,5.7,5.3,5.4,5.9,6.0,6.5,6.4,6.7,6.5,7.1,7.4,8.7,8.8
066092,2.3,2.8,2.7,2.7,3.2,3.0,3.5,3.5,3.5,3.6,3.8,3.9,3.8,4.0,3.9,4.6,4.4,4.9,5.6,5.6,5.1,5.7,6.6,7.3,6.8
066093,3.1,3.2,3.5,3.8,4.2,4.7,4.4,4.9,5.1,5.1,5.5,5.3,4.7,5.5,5.6,5.5,6.2,6.2,6.6,7.2,6.3,7.5,7.9,8.6,8.6
066094,3.0,3.4,3.3,3.7,3.5,3.8,4.0,4.3,4.6,4.1,4.6,4.9,4.6,4.4,5.1,5.1,5.4,5.8,5.7,5.8,5.6,6.1,6.6,7.2,7.9
066095,2.6,2.7,3.0,3.2,3.2,3.4,3.7,4.1,4.2,4.1,4.6,4.6,4.5,4.2,4.9,5.0,5.3,5.8,5.4,6.0,5.7,6.2,7.0,7.8,7.7
066096,4.4,4.2,4.7,5.0,5.4,5.2,6.0,6.7,6.4,6.1,6.7,6.8,6.8,6.8,6.8,7.0,7.7,8.2,8.5,9.0,7.7,8.7,10.2,10.3,10.7
066097,3.1,3.6,4.0,3.8,4.1,4.7,4.8,5.3,5.7,5.4,6.0,6.4,6.1,5.8,6.4,6.8,6.6,7.6,7.5,7.5,7.5,7.7,8.5,9.0,9.7
066098,2.4,2.3,2.5,3.2,3.2,3.5,3.8,4.2,4.0,4.1,3.7,4.8,4.7,4.7,4.8,4.8,5.4,5.7,5.6,5.8,6.2,6.1,7.1,7.7,8.2
066099,3.4,3.3,3.8,3.7,4.1,4.3,4.9,4.9,4.9,4.6,5.4,5.2,5.1,5.1,5.1,5.4,6.2,6.0,6.5,6.3,5.9,6.5,7.2,8.2,8.0
066100,2.2,2.1,2.5,2.7,2.7,3.0,3.4,3.3,3.9,3.8,4.1,3.9,3.8,3.9,4.0,4.5,4.7,4.9,5.5,5.4,5.0,5.4,5.7,6.9,7.0
066101,3.6,3.9,4.3,4.4,4.3,4.9,5.4,5.6,5.7,6.1,6.1,5.9,6.0,6.1,6.1,6.2,7.7,7.4,7.8,7.5,7.1,7.8,8.8,10.1,10.1
066102,1.8,1.7,1.8,2.2,2.1,2.4,2.7,2.8,2.9,3.0,3.1,3.1,3.5,3.3,3.6,3.5,3.6,4.5,4.3,4.8,3.9,4.7,5.1,5.8,6.8
066103,3.8,3.5,3.4,3.6,3.7,4.3,4.2,4.7,4.5,4.5,4.7,4.8,4.6,4.7,4.9,4.6,5.5,5.7,5.4,5.8,4.9,6.3,6.6,7.1,7.2
066104,2.3,2.5,2.9,2.7,3.3,3.4,3.8,3.7,4.0,3.9,4.3,4.1,4.1,3.9,4.4,4.7,4.9,5.6,5.3,5.4,5.3,5.5,6.3,6.9,7.4
066105,2.4,2.5,2.7,3.1,3.1,3.0,3.5,3.6,3.8,3.6,4.0,4.0,4.1,3.5,3.9,4.4,4.5,4.8,4.7,5.1,4.7,6.0,6.4,6.7,6.6
066106,2.8,3.0,3.3,3.3,3.5,3.6,4.0,4.1,4.5,3.9,4.4,4.6,4.4,4.6,4.8,4.7,5.0,5.5,5.7,5.3,5.4,6.1,6.7,6.6,7.6
066107,3.2,3.5,3.5,4.1,3.9,4.4,4.3,5.0,5.1,4.6,5.1,5.2,5.0,5.2,5.2,5.4,5.8,6.0,6.0,6.6,6.3,6.8,7.5,7.9,8.1
066108,3.3,3.8,3.5,3.9,3.9,4.4,4.6,5.0,4.9,5.4,4.7,5.5,5.1,4.9,5.2,5.5,5.7,6.4,6.5,6.4,6.1,7.0,7.5,7.8,8.5
067001,1.8,2.3,2.5,2.4,2.9,2.8,3.2,3.1,3.6,3.7,3.9,3.9,3.7,3.9,4.0,4.2,4.6,4.8,5.5,5.4,4.8,5.3,5.8,6.5,6.9
067002,4.1,4.6,4.4,4.7,5.3,5.3,5.5,6.3,6.1,6.0,6.3,6.6,6.7,6.4,6.6,6.9,7.1,7.5,7.9,8.4,7.7,8.1,9.2,9.7,10.0
067003,2.7,3.2,2.7,3.1,3.4,3.5,3.9,4.2,4.2,4.5,4.7,4.8,4.7,4.5,4.9,5.0,5.6,5.6,6.0,6.3,6.1,6.5,7.3,7.6,8.4
067004,3.4,3.7,3.9,4.4,4.5,4.6,5.1,5.7,5.3,5.8,5.6,5.8,5.9,5.6,6.2,6.2,6.4,7.2,7.4,7.5,7.8,8.2,8.9,9.8,10.7
067005,3.7,3.8,4.1,4.7,4.5,4.8,4.8,5.6,5.2,5.3,5.5,6.1,6.1,5.7,6.0,6.1,6.6,6.5,6.2,7.7,6.6,7.0,8.0,8.3,8.8
067006,3.2,3.5,3.9,4.5,4.2,4.7,4.8,5.4,5.4,5.3,5.9,6.0,5.4,5.3,5.9,6.3,6.9,6.6,7.4,8.0,7.2,8.0,9.0,9.2,10.6
067007,2.2,2.4,2.5,2.6,3.2,3.0,3.2,3.2,3.7,3.5,3.5,3.6,3.5,3.9,3.6,4.0,4.3,4.6,4.6,4.7,4.2,5.1,5.5,5.1,6.7
067008,2.4,2.5,2.9,3.0,3.0,3.1,3.7,3.8,4.0,3.7,3.5,4.1,4.0,4.1,3.7,4.1,4.5,4.6,4.8,5.3,4.8,5.4,5.9,6.5,6.4
067009,3.4,3.9,3.9,4.5,4.6,4.3,5.0,5.0,5.3,5.3,5.8,5.6,5.8,5.7,5.7,5.6,5.5,6.2,6.8,6.7,6.7,6.9,7.9,8.3,8.3
067010,3.3,3.7,3.4,4.2,4.6,4.5,4.7,5.2,5.0,5.1,5.3,5.5,5.4,5.3,5.6,5.6,5.9,6.4,6.4,6.9,6.6,6.9,7.5,8.3,8.5
067011,3.8,4.0,4.2,4.3,4.6,4.7,5.2,5.4,5.9,5.3,6.0,6.3,6.0,6.0,6.4,6.3,6.6,7.1,7.4,7.7,7.5,7.8,8.8,9.4,9.6
067012,3.1,3.6,3.4,4.1,4.0,4.2,4.4,4.9,5.5,5.3,5.2,5.7,5.6,5.1,5.8,6.0,5.7,6.4,6.3,7.2,6.5,7.2,7.7,8.6,8.9
067013,3.2,4.1,4.2,4.2,4.1,4.8,5.2,5.0,5.6,5.7,6.0,6.4,5.6,5.3,5.8,6.4,6.5,6.5,7.2,7.9,7.0,7.4,8.3,8.9,9.3
067014,1.9,2.2,2.1,2.3,2.8,2.7,3.3,3.4,3.7,3.6,3.7,3.9,3.8,3.6,3.9,4.2,4.3,4.5,4.8,5.4,5.0,5.0,5.6,6.5,6.8
067015,2.3,2.5,2.6,2.9,3.0,3.0,3.7,3.3,3.6,3.9,3.7,3.9,3.9,3.9,4.4,4.7,4.9,4.8,5.6,5.6,5.4,5.9,6.4,7.2,7.6
067016,4.7,5.6,6.0,6.3,6.6,6.9,7.1,7.6,7.8,7.5,7.8,8.2,7.9,8.3,7.7,8.1,8.7,9.4,9.5,10.3,8.9,10.2,11.5,11.8,12.4
067017,4.2,4.8,4.4,5.0,5.7,5.6,5.6,6.1,7.0,6.4,7.0,6.8,6.8,6.4,7.1,7.3,7.3,8.3,8.6,8.5,8.4,9.1,10.0,10.9,10.7
067018,2.8,3.1,3.5,3.5,3.7,3.8,4.1,4.3,4.6,4.2,4.7,5.1,5.1,5.2,5.1,4.9,5.6,5.8,6.0,6.3,5.7,6.5,7.4,7.5,8.0
067019,2.5,2.7,2.4,3.1,3.2,3.2,3.2,3.8,3.7,3.7,4.1,3.9,4.6,4.3,4.3,4.5,4.6,4.9,5.4,5.9,5.4,5.7,6.5,7.1,7.1
067020,2.0,2.4,2.5,2.4,2.5,2.6,2.8,3.4,3.3,3.3,3.5,3.9,3.6,3.1,3.7,3.7,4.3,4.2,4.4,4.4,4.8,5.0,5.3,5.9,6.3
067021,3.4,3.5,3.8,4.0,4.2,4.6,4.3,5.0,5.2,5.0,5.0,5.3,4.7,4.8,5.3,5.6,5.9,6.2,6.4,6.1,5.9,7.0,7.6,7.6,8.6
067022,3.0,3.1,3.4,3.4,4.0,4.1,4.3,4.8,4.7,4.7,4.5,5.2,4.9,5.2,5.3,5.4,5.8,6.4,6.0,6.7,6.2,6.4,8.0,7.8,8.4
067023,2.6,3.0,3.2,3.4,3.5,3.7,3.7,4.0,4.1,4.1,4.3,4.9,4.7,4.4,4.8,4.7,4.9,5.3,5.9,6.1,5.5,6.3,6.6,7.5,7.7
067024,4.4,4.4,4.5,4.8,5.3,5.1,5.9,6.0,6.5,5.9,6.6,6.5,6.6,6.2,6.5,6.8,6.9,7.2,7.6,7.8,7.5,7.8,9.1,9.7,10.4
067025,3.4,3.3,3.9,3.9,4.0,4.5,5.1,5.4,5.6,5.4,5.3,5.9,5.1,5.2,5.8,6.0,6.8,6.7,7.0,7.6,7.2,7.3,8.5,9.5,9.5
067026,1.6,1.7,2.1,2.2,2.2,2.3,2.6,2.7,3.3,2.7,3.1,3.5,3.3,3.3,3.0,3.3,3.3,4.0,3.9,4.2,3.7,4.2,4.8,5.2,5.3
067027,3.4,3.5,4.0,3.5,4.2,4.4,5.0,5.0,5.1,5.2,5.4,5.7,5.1,5.8,5.5,6.1,6.4,6.4,6.3,7.5,6.3,7.8,8.2,8.3,9.1
067028,3.0,3.2,3.5,4.0,3.6,3.9,4.0,4.2,4.7,4.3,4.5,5.0,4.6,4.8,4.4,4.9,5.7,5.5,5.9,5.7,5.7,5.8,6.8,7.4,7.8
067029,3.3,3.4,4.1,4.0,4.7,4.8,4.9,5.5,5.3,5.4,5.8,5.9,5.4,5.7,5.7,5.8,6.7,6.5,7.0,7.4,6.8,7.9,8.2,8.7,9.3
067030,3.4,4.2,4.6,4.4,5.1,5.0,5.2,5.8,5.7,5.6,6.2,6.4,6.4,6.0,6.2,6.6,7.0,7.0,7.4,7.9,7.7,7.7,8.8,9.6,10.0
067031,3.1,3.2,3.3,3.2,4.0,3.8,4.2,4.2,4.6,4.5,4.6,4.8,4.8,4.3,5.3,5.1,5.4,5.8,6.0,6.0,5.3,6.3,7.2,7.4,8.3
067032,2.8,3.0,3.0,3.5,3.8,3.9,4.1,4.5,4.8,4.8,4.7,5.1,4.7,4.7,5.4,5.2,5.7,5.9,6.2,6.5,6.3,6.7,7.5,8.1,8.5
067033,3.8,3.8,3.9,4.1,4.4,4.8,5.4,5.7,5.7,5.6,5.9,6.6,6.1,5.7,6.3,6.6,6.9,7.0,7.4,7.7,7.0,8.0,8.7,9.0,9.3
067034,2.7,2.8,2.6,3.3,3.3,3.4,4.0,3.6,3.6,4.0,4.0,3.9,4.2,4.0,3.9,4.3,4.4,4.7,4.9,4.9,4.8,5.0,5.7,5.8,6.6
067035,1.7,1.9,2.2,2.1,2.6,3.1,2.8,3.0,3.6,3.4,3.4,3.6,3.6,3.4,3.7,4.4,4.5,4.6,4.8,5.3,4.9,5.5,5.8,6.5,7.1
067036,1.1,1.2,1.1,1.2,1.6,1.6,1.7,1.7,1.8,1.8,1.8,2.0,1.9,1.8,2.1,2.3,2.3,2.5,2.8,2.9,2.5,2.8,2.9,3.6,3.7
067037,4.0,4.3,4.4,5.0,5.5,5.7,5.8,6.5,6.2,6.4,6.5,6.8,6.1,6.7,6.4,7.5,7.4,7.2,8.2,8.3,8.0,8.9,9.3,10.2,10.0
067038,3.7,3.6,3.8,4.2,4.5,4.6,5.0,5.3,5.4,5.4,5.8,6.0,5.8,5.3,6.0,6.5,6.8,6.7,7.2,7.2,7.1,7.7,8.7,9.7,8.9
067039,2.0,2.1,2.4,2.4,2.6,2.7,2.6,2.9,3.4,2.9,3.2,3.5,3.3,3.6,3.5,3.4,3.9,4.0,4.5,4.5,4.2,4.6,5.5,5.4,6.1
067040,2.3,2.4,2.2,2.5,2.9,2.9,3.4,3.9,3.7,3.8,3.5,3.7,3.5,3.4,3.7,3.7,4.4,4.1,4.6,4.6,4.4,4.8,5.5,6.4,6.5
067041,2.8,2.8,3.0,2.9,3.3,3.3,3.6,4.0,4.5,4.2,4.3,4.5,4.4,4.2,3.9,4.6,5.0,5.2,5.4,5.9,5.3,6.0,7.0,7.3,7.7
067042,2.3,2.6,2.9,3.4,3.4,3.9,3.8,4.1,4.2,3.9,4.0,4.8,4.6,4.3,4.6,4.7,5.1,5.6,5.7,6.2,5.7,6.6,7.1,7.9,7.5
067043,3.4,3.4,3.4,3.9,4.2,4.3,4.7,4.9,4.7,4.6,4.6,5.3,4.9,4.9,5.4,5.5,5.9,5.9,6.1,6.5,6.0,6.7,7.3,7.6,8.0
067044,3.2,3.3,3.2,3.5,4.1,3.9,4.0,4.1,4.4,4.5,4.8,4.8,4.5,4.7,5.1,5.5,5.8,5.3,6.1,6.0,5.8,6.3,6.7,7.7,8.0
067045,3.4,3.5,3.3,4.0,3.9,4.6,4.8,5.0,5.6,5.5,5.6,5.5,5.3,5.4,5.9,6.6,6.1,6.7,6.8,7.1,7.1,7.6,8.4,8.8,9.4
067046,3.0,3.5,3.5,3.5,3.9,4.2,4.8,4.5,4.7,4.9,5.6,4.9,5.1,5.1,5.2,5.5,6.2,6.3,6.1,6.3,5.7,6.4,7.1,7.9,8.2
067047,4.1,4.4,4.3,5.0,5.4,5.3,5.2,5.7,5.9,6.2,6.2,6.3,6.0,5.9,6.6,6.4,7.1,7.3,7.6,7.5,7.3,8.2,8.7,9.2,9.6
068001,4.9,5.1,5.6,5.5,5.8,6.2,6.3,6.1,6.6,7.0,6.7,6.8,7.3,6.4,6.5,7.7,7.8,8.2,8.0,8.6,8.4,8.9,9.9,10.0,11.2
068002,3.6,3.7,4.2,4.0,4.2,4.6,4.8,5.1,5.4,4.8,5.1,6.0,5.7,5.4,5.6,5.9,6.2,6.4,6.8,7.1,6.2,7.0,8.1,9.0,9.3
068003,3.1,3.6,3.8,3.8,4.0,4.3,4.6,4.8,5.1,4.8,5.4,5.4,5.1,4.6,5.7,6.2,6.1,6.5,6.3,7.0,6.4,6.9,7.8,8.5,9.0
068004,2.1,2.3,2.4,2.7,3.0,3.0,3.6,3.8,3.9,3.6,4.3,4.4,4.1,4.0,4.5,5.1,5.1,5.7,5.8,6.4,5.4,7.0,7.1,7.8,7.6
068005,2.0,2.0,2.2,2.4,2.7,2.9,3.3,3.3,3.5,3.2,3.5,3.5,3.7,3.5,3.7,3.8,4.2,4.5,4.7,4.9,4.7,5.4,5.7,6.3,7.2
068006,5.2,5.7,5.3,6.3,6.2,6.9,6.9,7.3,8.0,7.6,8.0,7.7,8.1,8.0,8.0,8.7,9.2,9.8,9.6,10.1,9.2,10.4,10.7,12.1,11.5
068007,3.7,3.9,3.8,4.5,4.8,5.1,5.0,5.5,6.0,5.3,5.4,6.0,6.3,5.8,6.1,6.9,6.4,7.4,7.1,8.2,7.3,7.7,8.9,10.0,9.9
068008,2.8,3.2,3.4,3.8,3.9,3.7,3.9,4.2,4.7,4.3,4.6,4.7,4.7,4.6,4.8,4.7,5.8,5.3,6.0,6.3,5.9,6.3,6.9,8.0,7.7
068009,4.6,4.3,4.4,5.1,5.3,5.4,5.9,5.8,6.3,5.9,6.1,6.6,6.4,6.0,6.8,6.9,6.9,7.5,7.7,7.7,7.7,8.3,9.0,10.0,9.7
068010,4.0,4.3,4.6,4.9,5.1,5.1,5.4,5.7,5.9,5.7,5.9,6.2,5.9,5.9,6.5,6.8,7.0,7.3,7.7,8.0,7.6,8.1,8.5,9.6,9.3
068011,2.1,2.2,2.3,2.2,2.5,2.8,2.5,3.0,2.9,3.1,3.1,3.1,3.3,3.0,3.0,3.5,3.7,3.5,4.2,4.0,3.8,4.3,4.9,5.1,5.3
068012,2.2,2.3,2.7,3.1,3.2,3.3,3.6,3.7,4.2,3.9,4.1,4.5,4.3,4.2,4.5,4.7,4.6,5.1,5.4,6.2,5.4,6.4,6.9,7.1,7.5
068013,2.3,2.4,2.8,2.8,3.2,3.1,3.6,3.7,3.7,3.8,3.6,4.1,4.3,4.3,4.0,4.2,4.5,4.7,4.9,5.5,5.0,5.9,6.1,6.5,7.1
068014,2.2,2.2,2.5,3.1,2.9,2.9,3.2,3.3,3.8,3.6,3.9,4.1,3.7,3.6,3.5,4.1,4.5,4.9,5.1,5.2,4.8,5.5,6.1,6.5,7.2
068015,2.6,3.3,3.3,3.6,4.1,4.0,4.0,4.5,4.6,4.7,5.0,5.2,5.0,5.4,5.3,5.2,5.4,6.1,6.7,7.0,6.5,6.8,7.9,8.2,8.7
068016,3.4,3.5,4.1,4.1,3.9,4.6,4.7,5.0,5.1,5.1,5.2,5.5,5.5,5.4,5.8,6.1,6.4,6.3,6.7,6.6,7.1,7.1,7.4,7.9,9.0
068017,2.6,2.8,3.2,3.3,3.8,3.9,4.1,4.1,4.9,4.5,4.6,5.0,4.9,4.8,5.3,5.4,5.7,5.8,5.5,6.6,5.9,6.9,7.6,8.4,8.1
068018,3.9,4.2,4.5,5.0,4.8,5.3,6.0,5.6,5.7,5.6,6.0,5.8,6.0,5.8,6.0,6.7,6.5,6.9,7.1,7.5,6.8,7.7,7.9,9.2,9.3
068019,3.6,3.8,3.8,4.1,4.5,4.7,5.2,5.1,5.4,5.6,5.2,5.6,5.3,5.7,5.8,6.2,6.2,6.8,6.5,7.7,6.8,7.0,8.0,8.7,9.2
068020,1.7,1.7,1.9,2.1,2.1,2.2,2.6,2.9,2.8,2.8,2.9,3.2,3.1,3.1,3.3,3.5,3.8,3.9,4.1,4.0,4.1,4.4,4.9,5.3,5.7
068021,3.7,3.7,3.9,4.1,4.0,4.6,4.7,5.1,5.2,5.1,5.3,5.3,5.3,5.3,5.7,6.1,6.2,6.2,7.1,6.9,6.6,7.7,8.2,8.6,8.8
068022,2.6,2.8,2.9,3.3,3.3,3.5,3.7,4.2,4.2,4.4,4.5,4.6,4.0,4.2,4.4,4.6,5.1,5.0,5.3,6.0,5.6,6.0,6.8,6.9,7.0
068023,3.2,2.9,3.5,3.9,3.6,4.1,4.4,4.9,5.3,5.0,5.5,5.4,5.5,5.3,5.8,5.9,6.4,6.6,7.1,7.2,6.5,7.3,8.0,8.8,9.2
068024,3.9,4.0,4.2,4.4,4.6,5.1,5.1,5.6,6.0,5.9,5.3,6.1,5.6,5.6,6.0,6.8,6.8,6.7,7.4,7.6,6.9,7.9,8.9,9.3,9.5
068025,3.6,3.4,3.8,4.1,4.1,4.2,5.1,5.1,5.4,5.0,5.7,5.7,5.6,5.5,5.8,5.8,6.1,6.9,6.9,7.4,6.8,7.8,8.0,9.3,9.3
068026,2.8,3.0,3.2,3.7,4.1,3.8,4.0,4.3,4.6,4.4,4.7,5.2,4.8,4.7,5.0,5.9,5.5,5.7,6.4,6.3,6.2,7.3,7.1,7.8,8.5
068027,3.4,4.2,4.0,5.0,4.4,5.3,5.1,5.4,6.1,5.8,6.0,6.8,6.2,6.0,6.1,6.7,6.8,7.7,8.5,8.4,7.1,8.7,9.3,10.5,10.2
068028,2.0,2.4,2.5,2.5,2.9,3.2,3.3,3.2,4.1,3.7,3.8,3.9,3.8,4.1,4.1,4.3,4.8,5.0,5.4,5.3,5.2,5.9,6.2,6.7,7.7
068029,3.2,3.2,3.5,3.4,3.8,4.2,4.4,4.6,4.6,4.5,5.1,5.1,5.1,4.7,5.4,5.0,5.6,6.0,6.7,7.0,6.2,6.5,7.4,8.2,8.2
068030,1.5,1.6,1.9,2.0,2.2,2.5,2.5,2.7,2.8,2.8,2.8,3.1,2.7,3.1,3.1,3.1,3.7,3.6,3.7,4.7,3.9,4.2,5.0,5.6,5.8
068031,2.2,2.6,2.5,2.9,2.9,3.1,3.5,3.8,4.0,3.8,4.1,4.1,3.9,3.9,4.1,4.4,4.1,4.7,5.4,4.9,5.5,5.9,6.3,6.7,7.0
068032,2.4,2.6,3.2,3.3,3.5,3.5,3.9,4.0,4.7,4.6,4.1,4.9,4.9,4.6,4.9,5.4,4.9,5.8,5.5,6.5,5.5,6.4,7.2,7.7,8.3
068033,3.6,3.5,3.6,4.3,4.6,4.8,4.7,5.3,5.3,5.0,5.1,5.9,5.9,5.2,6.0,5.9,6.1,6.6,7.0,7.1,6.9,7.3,8.0,8.5,9.0
068034,3.8,4.1,4.4,4.9,5.0,5.0,5.5,5.1,5.9,5.9,6.4,6.9,6.3,6.2,6.5,6.9,6.7,7.8,7.7,8.3,7.6,8.3,9.1,9.6,9.8
068035,3.0,3.3,3.5,3.7,3.6,4.2,4.3,4.8,5.3,4.8,5.1,5.7,5.4,5.0,5.5,5.5,5.5,6.4,6.6,6.9,6.4,6.9,8.0,8.5,9.1
068036,2.7,2.9,3.2,3.4,3.1,3.5,3.8,4.0,4.1,4.2,4.3,4.2,4.2,4.4,4.5,4.7,5.2,5.2,5.3,5.6,5.5,5.6,6.3,6.7,7.5
068037,3.4,3.6,4.1,4.1,4.4,4.7,5.1,5.3,5.4,5.2,5.6,6.3,6.3,5.8,5.9,6.2,6.5,6.8,7.6,7.4,6.7,8.1,8.5,9.2,9.4
068038,2.3,2.7,2.6,3.0,2.9,3.2,3.4,3.4,3.8,3.6,4.0,3.9,4.1,3.8,3.8,4.3,4.1,4.7,5.0,5.1,5.1,4.8,5.5,6.7,6.4
068039,2.4,2.4,2.4,2.5,2.6,2.9,3.0,3.3,3.6,3.4,3.7,3.6,3.6,3.6,3.6,3.7,4.0,3.9,4.3,4.8,4.3,4.7,5.3,6.1,6.3
068040,3.8,4.2,4.6,4.6,5.3,5.5,6.0,5.8,6.6,6.4,6.5,6.7,6.9,6.5,6.5,7.3,7.4,7.5,8.5,8.9,8.2,8.9,9.2,10.0,10.8
068041,2.9,3.3,3.3,3.5,4.0,3.8,4.7,4.5,4.4,4.6,4.7,4.7,5.1,5.0,4.9,5.2,5.4,5.8,6.5,6.3,5.7,6.5,7.1,8.2,8.1
068042,3.6,3.7,3.8,4.1,4.3,4.5,4.9,5.2,5.3,5.2,5.2,5.5,5.5,5.5,5.4,5.8,5.8,5.8,6.6,6.8,5.9,7.1,7.0,7.6,8.6
068043,2.0,2.1,2.1,2.8,2.9,3.3,3.4,3.6,3.8,3.5,3.6,4.4,3.9,3.8,4.4,4.0,4.4,5.3,5.2,5.8,5.8,6.3,6.8,7.4,7.9
068044,4.6,4.7,5.0,4.9,5.2,5.5,6.3,6.3,6.2,6.3,7.0,7.3,7.1,6.9,6.7,6.9,7.4,7.4,8.2,8.3,7.8,8.5,9.1,9.8,9.8
068045,2.1,2.5,2.5,2.8,3.0,3.5,3.6,3.8,4.2,3.7,3.8,4.1,4.2,4.0,4.5,4.5,4.9,5.1,5.3,5.6,4.9,5.9,6.5,7.0,7.6
068046,4.7,5.1,5.2,5.7,5.4,6.1,6.6,6.5,7.1,6.9,6.9,6.9,6.9,6.6,7.0,6.9,7.3,8.1,8.4,8.5,8.3,8.8,9.8,10.4,10.9
069001,2.7,2.8,2.9,3.2,3.3,3.6,4.2,4.2,4.4,3.9,4.4,4.6,4.7,4.7,4.9,5.0,5.2,5.3,5.7,5.9,5.7,6.5,6.7,7.5,7.9
069002,1.8,2.0,2.3,2.5,2.5,2.7,2.8,3.1,3.5,3.3,3.6,3.8,3.4,3.5,3.6,3.6,3.9,4.2,4.3,4.7,4.3,4.4,5.1,5.8,6.2
069003,2.5,2.9,3.2,3.4,3.5,3.7,3.9,4.4,4.2,3.9,4.6,4.6,4.2,4.1,4.7,4.8,5.2,5.0,5.8,6.1,5.5,6.5,7.1,8.0,7.5
069004,4.2,4.4,4.4,5.3,5.2,5.2,5.8,6.2,6.2,5.9,6.7,7.0,6.9,6.5,6.9,7.1,7.6,7.8,8.2,8.5,8.0,8.9,9.5,9.9,10.4
069005,2.9,3.2,3.4,3.5,3.7,3.8,4.3,4.1,4.5,4.6,4.9,5.1,4.6,4.7,5.1,5.2,5.4,5.2,6.1,6.3,5.5,6.6,7.4,8.2,8.3
069006,1.9,2.0,2.2,2.2,2.5,2.9,2.7,3.4,3.6,3.2,3.6,3.6,3.9,3.4,3.8,3.8,4.2,4.5,4.7,4.7,4.3,5.1,5.7,6.0,6.6
069007,2.4,2.4,2.5,2.9,2.5,3.2,3.0,3.3,3.6,3.4,3.3,3.8,3.3,3.6,3.9,3.7,4.2,4.3,4.8,4.9,4.2,5.1,5.4,6.2,5.6
069008,2.1,1.9,2.3,2.5,2.7,2.5,2.8,3.1,3.6,3.4,3.3,3.4,3.5,3.1,3.5,3.5,4.1,4.3,4.4,4.6,4.3,4.6,5.3,5.7,6.0
069009,2.3,2.4,2.7,3.1,2.9,3.0,3.4,3.9,4.2,3.9,4.3,4.6,4.0,4.7,4.5,4.5,5.2,4.8,5.2,5.6,5.0,6.0,6.6,7.2,7.3
069010,2.3,2.6,2.9,3.0,3.2,3.7,3.3,3.4,4.3,4.1,4.0,4.0,4.8,4.1,4.5,4.3,5.0,5.1,5.5,5.9,5.2,5.7,6.9,7.2,8.0
069011,5.6,5.4,6.2,6.3,6.7,7.4,7.0,7.5,8.0,8.1,7.6,8.2,8.0,8.2,8.6,8.2,9.1,9.2,10.2,9.9,9.2,10.6,10.5,11.7,12.0
069012,2.1,2.0,2.4,2.6,2.8,3.2,3.5,3.2,3.7,3.8,3.8,4.1,3.7,4.2,4.4,4.8,5.0,4.8,5.2,5.3,4.8,5.5,6.2,7.2,6.4
069013,4.1,4.3,4.8,4.8,5.4,6.0,5.9,5.8,6.7,6.5,6.9,6.5,7.2,6.3,6.8,6.9,7.7,8.1,8.5,8.5,8.1,8.5,9.2,10.0,10.5
069014,2.7,3.0,3.6,3.3,3.4,4.0,4.2,4.5,4.6,4.4,5.1,5.2,5.5,5.5,5.6,5.5,6.2,6.6,6.6,7.0,6.9,7.1,7.6,8.5,8.8
069015,3.3,3.3,4.0,4.3,4.2,4.4,5.0,5.1,4.9,4.6,5.2,5.1,5.6,5.1,5.1,6.1,5.9,6.7,6.2,6.7,6.2,6.9,7.6,8.7,8.6
069016,4.6,4.8,5.1,5.9,5.6,6.1,6.2,6.9,7.1,6.9,7.1,7.3,7.2,7.2,6.9,7.7,7.9,8.4,9.2,8.7,8.4,9.0,9.7,11.3,11.3
069017,1.8,2.1,2.2,2.7,2.7,3.1,3.2,3.2,3.6,3.4,3.6,3.9,4.0,3.9,3.9,4.2,4.5,4.9,4.6,5.3,5.1,5.9,5.9,6.2,7.1
069018,3.6,3.6,3.6,4.1,4.3,4.5,4.6,4.8,5.3,5.1,5.0,5.3,5.2,5.6,5.8,5.9,6.0,6.2,6.3,6.7,6.5,7.5,7.9,8.6,8.8
069019,2.4,2.9,2.9,3.2,3.5,3.7,4.2,4.4,4.8,4.2,4.5,4.8,4.2,4.5,5.0,4.9,5.8,5.8,5.9,6.0,5.7,6.9,7.0,8.2,8.6
069020,1.4,1.6,1.8,2.1,2.0,2.2,2.3,2.4,2.4,2.4,2.5,2.5,2.6,2.5,2.7,2.8,2.6,2.7,3.1,3.3,3.2,3.3,3.9,3.7,4.3
069021,0.8,1.1,1.1,1.1,1.1,1.3,1.4,1.5,1.6,1.6,1.5,1.6,1.7,1.6,1.9,1.8,1.9,2.2,2.2,2.4,2.0,2.4,2.7,2.8,3.0
069022,2.9,2.8,3.0,2.9,3.3,3.8,3.9,4.2,4.5,3.9,4.3,4.6,4.5,4.5,4.5,5.0,5.2,5.4,5.8,6.4,5.4,6.4,6.9,7.5,7.5
069023,4.7,5.4,5.3,6.0,5.7,6.2,7.1,7.0,7.4,7.1,6.9,7.2,7.3,6.4,7.5,7.4,7.8,8.4,8.9,8.8,8.3,9.2,9.8,10.6,10.9
069024,2.3,2.6,2.5,2.5,2.7,3.1,3.6,3.3,3.9,3.7,3.7,3.6,3.7,4.0,4.2,4.4,4.8,4.7,4.8,5.6,4.9,5.3,6.4,6.6,7.5
069025,2.7,2.6,2.8,2.9,3.5,3.5,3.7,3.8,4.1,4.0,4.3,4.7,3.9,4.1,4.4,4.3,4.6,4.9,5.2,5.8,4.8,5.2,6.1,6.4,7.5
069026,2.5,2.6,3.0,3.0,3.4,3.7,3.8,3.9,4.0,4.4,4.3,4.1,4.6,4.2,4.4,4.5,5.0,5.4,5.4,5.7,5.2,6.1,6.9,6.9,7.8
069027,2.3,2.4,2.8,2.6,3.0,3.0,3.3,3.6,3.6,3.8,3.8,3.8,3.8,3.5,3.8,4.1,4.4,4.7,5.1,5.1,4.8,5.1,5.9,6.5,6.6
069028,2.2,2.2,2.1,2.3,2.6,2.4,3.1,2.8,3.1,3.1,3.4,3.3,3.2,3.1,3.3,3.7,3.8,4.5,4.4,4.3,4.2,4.4,5.2,5.6,5.9
069029,3.3,4.0,4.2,4.3,4.4,4.8,5.2,5.0,5.6,5.1,5.9,5.7,6.0,5.7,6.0,6.0,6.2,6.9,6.9,7.2,7.0,7.6,8.4,8.8,9.2
069030,3.2,3.3,3.4,3.5,3.9,4.3,4.1,4.4,5.2,4.4,4.7,5.8,5.5,4.9,5.5,6.0,6.0,6.3,6.8,7.0,6.7,7.4,8.1,8.5,8.7
069031,4.8,5.7,5.5,5.5,6.2,6.6,6.9,7.3,7.7,7.3,7.4,7.9,7.9,7.9,8.4,8.6,9.3,8.9,9.5,10.7,9.6,9.8,11.2,12.0,12.3
069032,2.1,1.8,2.2,2.7,2.6,2.7,2.9,3.0,3.5,3.1,3.4,3.5,3.6,3.3,3.5,3.9,3.9,4.4,4.4,4.8,4.3,4.8,5.3,6.0,6.3
069033,5.0,5.7,5.0,5.7,6.1,6.3,6.8,6.9,7.1,6.9,7.7,8.2,7.1,6.9,7.8,7.9,7.9,8.3,8.8,9.0,8.6,9.2,10.3,10.7,11.5
069034,3.6,3.8,4.2,4.3,4.4,4.9,5.2,5.5,5.4,5.5,5.7,6.2,5.6,5.8,6.1,6.1,6.4,6.3,7.1,7.6,6.8,7.6,8.2,8.7,9.2
069035,3.6,3.9,4.3,4.3,5.2,5.0,5.5,5.8,5.7,5.8,6.3,6.1,5.8,6.1,6.2,6.7,7.1,7.1,7.4,7.7,7.2,8.1,8.6,9.8,10.2
069036,3.0,3.5,3.8,3.8,4.1,4.3,4.6,4.9,5.3,4.9,5.1,5.7,5.5,5.3,5.7,5.9,6.4,6.2,6.9,7.3,6.4,7.3,8.3,8.6,8.9
069037,4.5,5.0,5.1,5.5,5.2,5.7,5.9,6.2,6.2,6.5,6.2,6.9,6.5,6.2,6.5,7.3,6.7,7.7,7.5,8.2,7.4,8.8,9.0,9.7,10.0
069038,3.7,3.7,3.5,3.8,4.1,4.4,4.4,4.7,4.7,4.8,4.9,5.0,5.2,5.1,5.1,5.4,5.5,5.9,5.9,6.5,5.9,6.2,7.2,7.8,7.8
069039,3.7,3.8,4.0,4.1,4.8,4.6,4.9,5.7,5.7,5.3,5.6,6.0,5.4,5.4,6.0,6.1,6.1,6.9,6.5,7.6,6.8,7.8,8.1,9.0,9.2
069040,4.7,5.0,5.3,5.3,5.8,6.0,6.5,6.7,7.0,6.7,7.0,7.2,7.1,6.9,7.7,7.8,7.7,8.1,9.1,9.3,8.7,9.6,10.1,10.6,11.1
069041,4.0,4.3,4.3,4.6,4.7,4.9,5.0,5.6,6.1,5.6,5.9,6.5,5.7,5.7,6.2,6.4,6.5,6.6,7.4,7.1,7.4,7.8,8.6,9.3,9.9
069042,3.4,3.3,3.9,4.6,4.2,4.5,4.7,5.0,5.2,5.3,5.5,6.2,6.2,5.3,6.4,6.1,6.3,7.3,6.9,7.6,7.2,8.0,8.8,9.5,10.0
069043,2.1,2.1,2.3,2.5,2.7,2.7,3.2,3.4,3.4,3.4,3.4,3.8,3.4,3.5,3.6,3.9,4.3,4.3,4.8,5.0,4.8,4.9,5.5,6.2,6.8
069044,3.6,3.5,3.8,4.2,4.3,4.6,4.8,4.7,5.1,5.0,5.2,5.7,5.2,5.0,5.3,5.4,5.9,6.1,6.8,6.4,6.4,6.9,7.3,8.3,8.6
069045,3.5,3.6,3.6,3.8,4.3,4.2,4.8,4.7,5.1,5.0,5.1,5.7,5.6,5.7,5.6,5.6,6.3,6.0,6.9,6.8,6.4,7.1,8.1,7.8,8.6
069046,2.6,2.7,2.6,3.0,3.1,3.3,3.3,3.6,3.8,3.9,3.6,4.0,3.9,4.0,4.0,4.1,4.3,4.5,4.8,5.0,4.8,5.4,5.7,6.2,6.2
069047,2.4,2.8,3.1,3.4,2.9,3.7,3.8,3.9,4.6,4.0,4.6,4.7,4.3,4.4,4.7,4.9,5.1,5.5,5.5,6.2,5.3,6.3,7.0,7.3,7.6
069048,2.8,2.9,3.1,3.3,3.6,3.8,3.7,4.7,4.7,4.1,4.6,5.0,4.7,4.6,4.7,4.9,5.2,5.7,6.3,6.4,6.0,6.3,6.8,7.4,7.9
069049,1.6,1.9,2.1,2.3,2.4,2.7,2.8,3.0,2.9,3.1,3.4,3.4,3.5,3.2,3.4,3.5,3.6,4.0,4.5,4.8,4.3,4.6,5.0,6.6,6.5
069050,2.4,2.6,2.8,2.8,2.8,3.1,3.5,3.9,4.1,3.9,4.0,4.4,4.5,3.9,3.9,4.7,5.0,4.8,5.4,5.4,4.7,5.7,6.3,6.8,7.2
069051,4.1,4.3,4.5,4.8,4.6,4.8,5.5,5.9,6.5,5.3,6.3,6.4,6.0,6.0,6.2,6.9,7.2,7.4,7.7,8.0,8.0,8.4,8.4,9.4,9.6
069052,3.7,3.8,3.8,3.9,4.2,4.6,4.5,5.1,5.4,5.0,5.5,6.0,5.4,5.2,5.5,5.7,5.6,6.5,6.6,7.3,6.6,7.4,7.8,8.6,8.7
069053,4.0,4.2,4.2,4.8,5.1,5.0,5.4,5.9,6.9,5.9,6.2,6.5,6.9,6.2,6.5,6.6,7.2,7.7,7.8,8.3,7.9,8.3,9.4,9.4,10.2
069054,3.0,3.2,3.8,3.8,3.9,4.2,4.3,4.7,4.7,4.4,5.2,5.3,5.0,5.1,5.2,5.4,5.9,6.2,6.5,6.6,6.3,7.2,8.0,7.9,8.4
069055,1.9,2.6,2.6,2.9,2.9,3.1,3.2,3.6,3.7,3.6,4.1,4.4,4.3,4.4,4.3,4.7,5.0,5.3,5.9,5.7,5.7,5.7,6.5,7.1,8.2
069056,2.5,3.0,3.1,3.5,3.7,3.9,3.8,3.9,4.2,4.3,4.4,4.7,4.8,4.3,4.3,4.5,4.9,5.2,5.6,5.1,5.2,5.7,6.1,7.3,8.1
069057,5.3,5.0,5.3,6.0,6.3,6.2,6.4,6.7,7.4,6.7,7.4,7.9,7.2,7.1,7.9,7.8,8.0,8.3,8.6,9.0,8.5,9.4,9.8,10.8,11.0
069058,3.1,2.9,3.2,3.3,3.4,3.8,4.0,4.4,3.8,4.5,4.3,5.3,4.6,4.5,4.7,5.1,5.4,5.6,6.0,5.7,6.0,6.1,6.7,7.6,7.7
069059,4.2,4.2,4.6,5.2,5.0,5.7,5.7,6.7,6.7,6.0,6.4,7.2,6.8,6.2,7.0,7.7,7.4,7.7,7.6,8.7,7.6,8.7,9.8,10.1,10.7
069060,3.0,3.8,3.8,3.7,4.2,4.3,4.6,4.6,4.7,4.5,4.7,5.4,4.8,5.0,5.1,5.4,5.9,5.9,6.3,6.3,6.0,7.0,7.3,8.1,8.0
069061,1.9,1.9,2.2,2.1,2.3,2.3,2.5,3.2,2.8,2.7,2.8,3.4,2.6,2.8,3.0,3.0,3.1,3.5,3.5,4.0,3.7,3.8,4.6,4.8,5.0
069062,1.8,2.0,2.2,2.1,2.5,2.5,3.1,2.8,3.2,3.3,3.5,3.8,3.6,3.5,3.8,3.9,4.1,4.3,4.8,4.7,4.6,5.4,5.8,6.1,6.6
069063,2.3,2.2,2.3,2.5,2.9,2.9,3.1,3.4,3.5,3.9,3.8,4.1,3.8,4.1,4.3,4.6,4.5,5.0,5.4,5.4,5.4,5.7,6.3,6.8,7.8
069064,3.7,3.9,4.1,4.3,4.7,4.5,4.9,4.8,5.7,5.0,5.6,5.6,5.4,5.7,5.6,6.2,6.1,6.7,7.1,7.1,6.8,7.4,8.0,9.0,8.7
069065,2.0,2.3,2.2,2.5,2.5,2.9,3.0,3.4,3.9,3.6,3.8,4.0,4.2,3.8,3.7,4.1,4.6,4.7,5.2,5.1,5.1,5.7,6.3,6.7,7.3
069066,4.1,4.3,4.6,4.9,5.2,5.6,5.8,6.1,6.4,6.0,6.9,7.1,6.5,6.5,6.9,7.1,7.1,7.6,7.9,8.5,7.9,8.4,9.0,9.8,9.8
069067,3.1,2.8,3.5,3.5,3.7,3.7,3.9,4.5,4.3,4.3,4.6,4.5,4.5,4.3,5.0,4.8,5.1,5.4,5.5,6.1,5.4,6.5,6.4,7.0,7.2
069068,3.9,4.2,4.8,4.5,5.2,5.5,5.4,6.5,6.7,6.1,6.4,6.8,7.1,6.6,6.5,7.8,7.6,8.3,8.4,8.2,7.8,9.0,9.5,10.6,11.4
069069,0.6,0.8,0.8,0.9,1.2,1.0,1.4,1.3,1.4,1.5,1.3,1.6,1.5,1.5,1.9,2.0,2.0,2.3,2.2,2.4,2.4,2.5,2.6,3.0,3.4
069070,3.5,3.8,3.8,4.1,4.7,4.7,4.8,5.2,5.6,5.2,6.4,5.9,5.9,5.2,6.0,6.1,6.5,7.0,6.6,7.2,6.6,7.3,7.9,8.8,8.9
069071,3.0,3.1,3.3,2.8,3.3,3.9,3.9,4.9,4.7,4.1,4.7,4.8,4.6,4.7,5.0,5.1,5.4,5.9,6.0,6.2,5.8,6.2,7.0,7.7,8.5
069072,2.4,2.3,2.6,2.8,3.1,3.0,3.0,3.4,4.1,3.5,3.7,3.8,3.9,3.5,3.9,4.4,4.7,4.7,5.0,4.9,4.7,4.8,5.6,6.2,6.7
069073,4.3,4.5,4.7,4.9,5.1,5.2,5.7,5.6,5.6,5.9,5.5,6.3,6.1,5.8,6.3,6.9,6.8,7.0,7.3,7.6,7.6,7.7,8.4,9.1,8.9
069074,2.7,3.1,3.1,3.3,3.7,4.1,4.6,4.5,4.7,4.8,5.0,5.5,5.1,5.2,5.7,5.9,6.3,6.1,6.9,7.4,6.3,7.9,8.7,9.0,9.8
069075,3.6,4.0,4.5,4.5,4.9,5.1,5.3,5.8,5.5,5.7,5.8,6.4,6.1,5.5,5.9,6.2,6.6,6.6,7.1,7.6,7.3,7.5,8.3,9.1,9.3
069076,3.1,3.5,3.5,4.0,4.1,4.8,4.8,4.8,5.1,5.0,5.4,5.3,5.3,5.2,5.4,5.4,6.1,6.6,6.6,6.8,6.3,6.4,7.7,7.9,8.0
069077,4.3,4.4,4.8,5.3,5.4,5.4,6.1,6.1,6.7,6.5,6.7,7.0,7.2,6.6,6.7,7.5,7.9,8.2,8.1,8.8,8.3,9.7,9.6,10.7,11.2
069078,3.8,4.2,4.5,4.7,4.7,5.0,5.5,5.4,6.0,5.8,5.7,6.7,6.0,5.7,6.3,6.4,6.8,7.0,7.4,7.7,7.4,7.7,8.6,8.9,9.9
069079,4.0,4.0,4.5,4.1,4.5,5.3,5.5,5.0,5.9,5.7,5.8,6.2,6.1,5.7,6.0,6.4,6.7,7.2,7.2,7.7,7.5,8.0,8.5,9.1,9.7
069080,4.7,4.2,5.2,5.4,5.4,5.6,6.1,6.4,7.2,6.6,6.9,7.7,6.7,7.5,7.3,7.2,8.2,8.1,8.6,9.1,8.2,9.4,10.1,10.5,10.7
069081,5.1,5.5,5.5,6.3,6.7,6.6,6.3,6.9,7.1,7.1,7.3,8.1,7.7,7.1,7.3,7.6,8.0,7.9,9.1,9.2,8.5,9.1,10.1,10.8,11.3
069082,3.5,3.6,3.8,3.9,4.1,4.2,4.8,4.6,5.3,4.8,5.1,5.4,5.4,4.9,5.4,6.0,5.9,6.0,5.9,6.7,6.2,6.6,7.0,7.8,8.2
069083,3.6,4.0,4.1,4.5,4.5,4.7,5.5,5.4,6.1,6.1,6.5,6.4,6.2,6.0,6.7,7.0,7.6,7.5,7.9,8.5,7.8,8.5,9.3,10.1,10.4
069084,1.7,1.8,2.0,2.1,2.5,2.6,2.8,2.9,2.7,2.7,2.9,3.2,3.1,3.0,3.3,3.3,3.4,3.7,3.9,4.4,4.0,4.1,4.5,5.2,5.7
069085,3.2,3.2,3.7,3.4,3.6,4.5,4.3,4.4,4.7,4.6,5.0,5.3,4.7,4.9,5.2,5.7,5.4,6.1,6.4,6.9,6.4,6.8,8.0,8.1,8.2
069086,3.6,4.0,4.1,4.3,4.8,4.6,5.0,5.6,5.6,5.6,5.5,6.0,5.5,5.7,6.0,6.4,6.6,7.0,7.6,7.2,6.7,7.6,8.5,8.6,9.4
069087,2.6,2.7,2.8,3.1,3.0,3.5,3.5,4.0,4.3,4.1,3.9,4.5,3.9,4.0,4.1,4.6,4.9,4.8,4.9,5.6,4.8,5.7,6.3,6.6,7.0
069088,2.6,2.7,3.1,3.1,3.4,3.5,3.4,3.7,4.1,4.0,4.4,4.4,4.6,4.3,4.4,4.8,5.2,4.9,5.6,5.8,5.6,6.4,6.6,7.0,7.4
069089,4.0,4.0,4.3,4.9,5.2,5.1,5.4,6.1,5.8,5.7,5.8,6.0,6.1,6.2,6.4,6.8,7.1,7.8,7.3,7.8,7.1,8.0,8.8,9.5,10.5
069090,3.1,3.3,3.9,4.1,4.3,4.7,5.0,4.3,5.6,5.1,5.2,5.8,5.1,5.2,5.3,5.5,6.1,5.9,5.9,6.7,6.0,7.2,8.1,8.5,8.7
069091,3.2,3.2,3.3,3.6,3.9,4.2,4.5,4.9,4.7,4.6,4.7,5.5,5.4,5.5,5.8,5.6,6.5,6.2,6.3,6.5,6.4,7.4,7.8,8.6,8.5
069092,1.9,1.9,2.3,2.2,2.5,2.7,2.8,2.9,3.3,3.1,3.4,3.6,3.7,3.3,3.4,3.8,4.0,3.9,4.5,4.9,4.2,4.6,5.2,5.8,5.8
069093,2.5,2.6,2.9,3.2,3.4,3.4,3.7,3.9,4.1,4.1,3.8,3.9,4.2,4.2,4.4,4.5,4.7,5.0,5.6,5.5,5.2,5.5,6.4,6.7,7.1
069094,2.7,3.5,3.9,3.7,4.0,4.4,4.5,4.8,5.0,5.1,5.3,6.2,5.7,5.8,5.8,6.5,6.5,6.8,7.2,7.5,7.5,7.7,8.8,9.2,9.7
069095,2.7,3.1,3.3,3.4,3.5,3.9,4.2,4.2,4.7,4.3,4.2,5.1,4.9,4.8,5.1,5.1,5.5,6.1,6.4,6.9,5.6,6.1,7.6,8.4,8.6
069096,2.7,2.7,3.1,3.3,3.2,3.5,3.7,4.1,4.1,4.2,4.2,5.0,4.4,4.4,4.5,4.9,5.5,5.9,5.5,5.9,5.3,6.5,6.8,8.2,8.3
069097,2.5,2.8,3.0,3.8,3.9,4.4,4.1,4.7,4.7,4.5,4.6,5.3,5.0,4.8,5.1,5.5,6.1,6.4,6.8,6.6,7.0,7.1,8.0,8.1,8.9
069098,1.8,2.0,2.2,2.3,2.7,2.9,2.9,3.1,3.5,3.2,3.7,3.8,3.6,3.8,3.6,3.9,4.4,4.5,4.7,5.6,4.9,5.1,6.1,6.3,6.9
069099,1.7,1.9,2.2,2.2,2.6,2.5,2.9,3.2,3.1,3.2,3.5,3.3,3.3,3.5,3.6,4.1,4.1,4.4,4.9,4.7,4.3,5.1,5.4,5.8,6.3
069100,1.7,2.1,2.3,2.4,2.6,2.7,2.9,3.2,3.5,3.4,3.5,4.3,3.7,4.2,3.7,4.0,4.4,4.7,4.8,5.6,4.7,6.0,6.2,6.3,7.5
069101,2.9,2.9,3.0,3.4,3.4,3.8,3.9,4.3,4.1,4.4,4.2,4.8,4.3,4.4,4.6,4.7,5.2,5.5,6.0,5.8,5.5,6.0,6.9,7.2,7.1
069102,2.8,2.5,2.9,2.9,3.3,3.4,3.2,4.3,3.9,3.6,3.9,3.9,3.9,4.2,4.3,4.4,4.6,5.2,5.4,5.6,5.4,5.6,6.5,6.6,7.4
069103,3.3,3.5,4.0,4.5,4.6,4.8,4.8,4.9,5.4,5.7,5.8,6.1,5.7,5.8,6.0,6.0,6.4,6.5,7.2,7.3,6.8,7.5,8.3,8.8,9.2
069104,2.9,3.2,3.3,3.7,3.4,3.9,4.1,4.1,4.3,4.2,4.1,4.4,4.7,4.2,4.4,5.0,4.6,5.0,5.3,5.4,4.8,6.0,6.3,6.3,7.0
070001,2.7,3.7,3.8,3.4,4.1,4.2,4.5,4.5,5.3,4.9,5.0,5.4,5.0,5.0,5.2,5.1,6.1,5.9,6.9,6.8,6.0,6.7,7.4,8.1,8.6
070002,1.5,1.7,1.9,2.1,2.3,2.4,2.7,2.7,3.2,3.1,3.0,3.4,3.5,3.3,3.5,3.6,4.1,4.7,4.7,5.0,4.7,5.0,6.0,6.6,7.0
070003,2.5,3.0,2.6,3.5,3.4,3.2,3.7,4.0,4.3,4.3,4.4,4.6,4.7,4.1,4.6,5.1,5.1,5.3,6.2,6.2,6.0,6.6,7.2,8.0,8.1
070004,2.3,2.5,2.6,3.1,3.2,3.5,3.6,3.8,3.9,3.9,4.4,4.3,3.9,4.2,4.4,4.9,5.0,4.7,5.4,5.5,5.8,6.2,6.0,6.7,7.5
070005,3.1,3.2,3.2,3.4,3.7,3.9,4.2,4.1,4.2,4.3,4.7,5.1,4.8,4.6,5.0,4.9,5.3,5.6,6.0,6.4,5.9,6.4,6.9,8.1,7.5
070006,1.9,1.9,2.1,2.4,2.4,2.7,3.1,3.0,3.2,3.0,3.2,3.6,3.3,3.6,3.3,3.7,3.8,4.2,4.6,4.9,4.4,4.7,5.1,5.9,6.1
070007,2.5,2.7,3.0,3.3,3.2,3.4,3.7,4.1,4.0,4.1,4.1,4.6,4.3,4.1,4.7,4.6,5.1,5.2,5.3,6.2,5.3,6.0,6.4,7.1,7.1
070008,2.5,3.1,3.1,3.3,3.3,3.5,4.0,4.0,4.0,4.0,4.0,4.4,4.3,3.9,4.1,4.5,4.8,4.9,5.6,5.2,5.1,5.6,6.4,6.3,6.5
070009,4.9,5.5,5.2,5.6,5.8,6.1,6.5,6.8,7.1,6.9,6.9,7.9,7.1,7.1,7.3,7.9,8.1,8.3,8.6,8.6,7.8,8.9,9.6,10.6,11.1
070010,2.4,2.6,2.3,3.2,3.2,3.0,3.4,3.6,3.7,3.6,3.9,3.8,3.7,3.9,3.8,4.5,4.2,4.8,4.7,4.9,5.0,5.1,5.5,6.9,6.6
070011,1.6,1.6,1.5,1.8,1.8,1.7,1.8,2.1,2.1,2.2,2.1,2.3,2.3,2.0,2.2,2.2,2.3,2.8,2.7,2.8,2.5,3.1,3.4,3.6,3.4
070012,3.7,3.9,4.1,4.5,4.4,5.0,5.5,5.4,5.7,6.0,5.7,6.3,5.9,5.8,6.2,6.5,6.9,7.6,7.6,8.1,7.5,7.8,8.7,9.4,9.4
070013,3.3,3.8,3.6,3.9,4.2,4.5,4.4,5.3,5.3,4.8,5.2,5.6,5.4,5.2,6.2,5.6,6.2,6.7,6.2,7.1,6.4,7.3,8.1,8.3,8.7
070014,3.4,3.9,3.8,4.4,4.3,4.8,4.9,5.2,5.2,4.8,5.2,5.4,5.5,5.0,5.2,5.9,5.9,6.0,6.0,6.2,6.4,6.7,7.1,7.2,8.0
070015,1.4,1.8,1.7,2.0,2.2,2.6,2.7,2.7,2.8,2.9,2.9,3.1,3.0,3.1,3.4,3.3,3.7,3.9,4.2,4.2,4.1,4.7,4.6,5.5,5.8
070016,2.3,2.6,2.7,2.9,3.2,3.0,3.3,3.9,4.1,3.8,4.4,4.0,4.2,3.8,4.1,4.7,4.7,4.9,5.3,5.8,5.5,5.9,5.8,6.3,6.5
070017,3.4,3.8,4.0,4.5,4.7,4.6,5.1,5.1,5.6,5.6,5.9,5.9,5.8,5.9,6.1,6.7,6.7,6.9,7.4,7.5,7.0,7.9,9.0,9.1,9.4
070018,2.6,2.9,2.8,3.2,3.2,3.8,3.7,4.0,3.8,4.0,4.4,4.3,4.3,4.3,4.3,4.8,4.6,5.1,5.5,5.4,5.7,5.5,6.4,7.3,7.6
070019,2.8,2.7,2.9,3.1,3.2,3.3,3.6,4.1,4.3,3.8,3.9,4.4,4.3,4.0,4.2,4.7,4.9,4.8,4.8,5.2,5.1,5.8,6.2,6.5,6.9
070020,2.0,2.2,2.8,2.6,2.8,2.9,3.5,3.7,3.4,3.6,3.9,4.3,4.1,3.8,3.8,4.5,4.5,4.7,4.9,5.4,5.0,5.2,6.0,6.9,6.8
070021,2.6,2.9,3.2,3.2,3.7,3.6,3.8,4.3,4.1,4.3,4.1,4.5,4.3,4.1,4.2,4.7,4.8,4.9,5.2,5.4,5.4,5.8,6.5,6.7,7.2
070022,3.4,3.6,3.9,3.8,4.0,4.3,4.6,4.6,5.4,5.0,5.4,5.5,5.8,5.3,5.7,6.3,6.4,6.5,6.4,7.2,6.6,7.3,7.8,8.7,9.2
070023,2.5,2.8,2.7,3.1,3.3,3.1,3.3,3.7,3.6,3.8,3.9,4.2,4.2,3.9,4.0,4.5,4.6,5.3,5.3,5.3,5.1,5.3,5.9,6.3,6.5
070024,2.7,2.8,2.9,3.3,3.3,3.2,3.5,3.8,3.8,3.8,3.9,4.3,4.1,4.2,4.6,4.4,4.6,4.7,5.2,5.6,5.1,5.8,6.1,7.0,6.9
070025,1.8,1.9,2.1,2.2,2.3,2.4,2.4,3.2,3.1,3.0,3.1,3.6,3.4,2.9,3.3,3.6,4.1,4.1,4.2,4.8,4.1,4.5,5.3,5.7,6.0
070026,2.2,2.3,2.6,2.7,2.8,2.9,3.2,3.3,3.5,3.5,3.7,4.3,4.0,3.7,4.0,4.4,4.6,4.8,5.4,5.4,5.0,5.4,6.4,6.4,6.9
070027,2.5,2.7,2.9,3.3,3.6,3.7,3.9,4.0,4.4,4.0,4.5,4.7,4.6,4.5,4.6,5.0,5.2,5.5,5.8,5.9,6.2,6.3,6.7,7.3,7.3
070028,3.1,3.2,3.4,3.6,3.8,4.1,4.0,4.6,4.8,4.3,4.8,4.8,5.2,4.8,4.5,5.1,5.4,5.5,6.1,6.1,5.8,6.3,7.7,7.5,7.5
070029,1.3,1.7,1.6,1.9,2.2,2.1,2.3,2.6,2.5,3.1,2.7,3.3,3.0,3.1,3.4,3.6,3.9,4.3,4.3,4.6,4.1,4.5,5.0,5.5,6.1
070030,2.1,2.2,2.2,2.6,2.5,3.0,2.9,3.3,3.6,3.4,3.5,3.9,3.6,3.8,3.8,4.2,4.0,4.4,4.5,5.1,4.9,5.2,5.4,6.2,6.6
070031,3.4,3.1,3.5,4.0,3.9,4.1,4.3,4.5,4.8,4.2,4.9,5.1,5.1,4.8,4.6,4.9,5.5,5.7,5.9,6.3,5.2,6.1,7.0,7.1,7.7
070032,1.8,1.9,2.5,2.1,2.1,2.7,2.6,2.8,3.0,3.1,3.3,3.4,3.2,3.5,3.3,3.6,3.9,4.3,4.6,4.6,4.5,5.0,5.3,5.9,5.9
070033,3.3,3.8,3.8,4.3,3.8,4.1,4.9,4.7,5.2,4.5,4.9,5.6,5.3,5.1,5.7,5.7,6.0,6.2,6.2,6.6,7.0,6.9,7.6,8.5,8.8
070034,2.0,2.0,2.2,2.6,2.5,2.3,2.9,2.9,3.0,3.2,3.5,3.5,3.5,3.7,3.7,3.7,3.7,3.9,4.4,4.9,4.3,4.8,5.3,6.0,6.2
070035,1.3,1.4,1.5,1.8,1.9,1.9,2.4,1.9,2.4,2.2,2.5,2.6,2.5,2.6,2.5,2.7,2.7,3.0,3.3,3.6,2.9,3.5,4.1,4.2,4.4
070036,1.9,2.0,2.5,2.4,2.6,2.9,2.9,3.5,3.4,3.4,4.1,3.6,3.7,3.8,3.8,3.9,4.1,4.7,4.9,5.2,4.5,5.1,6.0,6.5,6.6
070037,2.5,2.6,2.9,3.2,3.3,3.5,3.8,3.8,3.8,4.0,4.1,4.2,4.6,4.4,4.1,4.7,4.9,5.3,5.6,6.3,5.3,5.9,6.1,7.4,7.6
070038,3.7,3.9,4.0,4.2,4.4,4.6,4.7,5.1,5.1,5.0,5.4,5.8,5.5,5.2,5.7,5.8,6.0,6.3,7.1,7.1,6.5,7.3,8.0,8.5,8.4
070039,1.0,1.0,1.1,1.2,1.3,1.5,1.6,1.6,1.8,1.7,1.8,2.1,2.0,1.7,1.9,2.1,2.4,2.4,2.5,2.6,2.5,2.8,3.3,3.8,3.7
070040,2.0,1.8,2.1,2.3,2.6,2.7,2.9,3.3,3.3,3.0,3.3,3.7,3.8,3.3,4.1,3.6,4.4,4.6,4.6,4.9,4.7,5.4,5.7,5.7,6.5
070041,4.1,4.2,4.1,4.7,4.8,5.1,5.4,6.0,5.8,5.4,6.3,6.4,6.1,5.8,6.2,6.7,6.9,7.1,7.3,7.6,7.0,7.6,8.1,9.3,9.2
070042,2.4,2.5,2.8,3.0,2.8,3.2,3.5,3.7,3.8,3.5,3.9,4.1,3.7,3.7,4.1,4.0,4.3,4.4,4.5,4.7,4.8,4.8,5.7,6.3,6.2
070043,2.9,2.8,3.5,3.6,3.8,4.2,4.1,4.7,4.9,4.6,5.2,5.5,5.1,5.0,5.1,5.8,5.9,6.4,6.4,6.8,6.1,6.6,7.7,8.4,8.6
070044,2.5,3.0,3.4,3.4,3.6,3.8,4.3,4.3,4.8,4.7,4.9,5.3,5.2,5.0,5.1,5.6,5.6,6.0,6.2,6.4,6.1,7.2,7.4,8.5,8.7
070045,3.6,3.4,3.7,4.1,4.7,4.4,4.7,5.1,5.1,5.0,5.1,5.1,5.7,5.3,5.6,5.7,6.0,5.7,6.6,6.9,6.4,6.8,7.6,8.1,8.4
070046,3.4,3.4,3.7,3.8,4.2,4.7,4.6,5.1,5.0,4.9,5.2,5.4,5.1,5.2,5.1,5.7,6.5,6.1,6.5,6.8,6.6,6.9,7.7,8.4,8.6
070047,2.7,2.9,3.0,3.4,3.7,3.8,4.1,4.6,4.4,4.4,4.8,4.7,4.9,4.8,4.9,5.2,5.2,5.6,6.0,5.9,5.7,6.4,6.8,8.1,7.7
070048,3.2,3.5,3.6,4.0,3.9,4.2,4.4,5.2,5.3,5.1,5.5,5.6,5.1,5.4,5.5,6.0,5.9,6.0,6.5,7.3,6.8,7.0,8.1,8.5,9.0
070049,2.5,2.9,2.8,3.3,3.6,3.7,3.8,3.8,4.3,3.7,4.3,4.5,4.9,4.6,4.3,5.0,5.4,5.3,5.3,5.6,5.9,6.2,7.2,6.8,8.4
070050,2.4,2.7,2.7,2.8,3.0,3.3,3.6,3.3,3.6,3.8,4.1,4.5,4.1,4.5,4.6,4.3,4.8,5.1,5.6,5.6,5.1,5.5,5.9,6.7,6.9
070051,3.8,3.9,3.8,4.3,4.6,5.0,5.3,5.0,5.6,5.2,5.3,5.7,5.7,5.1,5.8,5.8,5.9,6.0,6.6,7.3,6.6,7.0,7.6,7.9,8.8
070052,1.3,1.4,1.8,1.7,1.8,2.0,2.2,2.2,2.7,2.5,2.7,2.8,2.5,2.8,3.1,3.0,3.4,3.4,3.5,3.7,3.5,4.3,4.6,5.1,5.5
070053,2.0,2.3,2.7,2.6,2.7,2.8,3.5,3.5,3.6,3.6,3.3,3.9,3.8,3.6,3.7,4.4,4.6,4.8,5.2,5.3,5.1,5.7,6.4,6.4,6.9
070054,2.6,2.4,2.8,2.9,3.4,3.4,3.8,3.7,4.3,4.0,4.0,4.7,4.3,4.3,4.5,4.5,4.8,5.2,5.5,5.7,5.3,5.8,6.5,7.1,7.1
070055,2.0,1.9,2.0,2.4,2.4,2.8,3.1,3.1,3.4,3.1,3.2,4.0,3.6,3.5,3.6,4.0,4.3,4.6,4.8,4.4,4.5,5.2,5.9,6.3,6.6
070056,2.4,2.8,3.0,3.0,3.5,3.7,3.6,4.2,4.3,4.5,4.4,4.6,4.8,4.4,4.8,5.5,5.8,5.7,5.9,6.4,6.0,6.5,7.1,7.7,8.6
070057,2.7,2.7,2.7,3.2,3.1,3.8,3.9,3.7,4.3,4.1,4.7,4.5,4.4,4.6,4.7,4.9,5.1,5.1,5.7,6.1,5.9,6.0,6.9,7.3,7.6
070058,1.7,1.8,2.0,2.0,2.4,2.3,2.6,2.9,3.0,2.9,3.3,3.4,3.5,2.9,3.5,3.6,3.6,3.8,4.0,4.3,4.4,4.8,4.8,5.8,5.9
070059,2.5,2.6,3.1,3.2,3.4,3.5,3.7,3.8,4.5,4.0,4.1,4.2,4.2,4.5,4.6,4.7,5.6,5.6,5.8,5.6,5.4,6.0,6.8,7.8,7.5
070060,1.9,1.8,2.1,2.3,2.5,2.6,2.7,3.0,3.2,2.8,3.4,3.1,3.1,3.1,3.5,3.6,3.6,4.2,4.0,4.1,4.3,4.4,4.9,5.5,5.5
070061,3.2,3.5,3.2,3.4,3.8,4.1,4.2,4.6,4.8,4.7,4.9,4.9,4.8,4.9,4.9,5.4,5.4,5.6,6.3,6.7,6.0,6.6,7.2,7.7,7.8
070062,2.6,3.0,3.1,3.4,3.9,4.1,3.8,4.2,4.5,4.5,4.9,5.5,4.6,4.6,5.2,4.9,5.4,5.7,6.1,6.4,5.8,6.5,7.7,8.1,8.0
070063,2.1,2.4,2.6,2.8,2.8,3.3,3.2,3.4,4.1,3.8,3.8,4.1,3.8,4.1,4.1,4.2,4.5,4.7,5.2,5.2,5.2,5.5,6.1,6.3,6.5
070064,3.6,3.8,4.0,3.8,4.5,4.3,4.9,5.4,5.1,4.7,5.4,5.6,5.3,5.5,5.5,6.0,6.3,6.1,6.5,6.9,6.6,6.8,7.9,8.2,8.8
070065,2.4,3.0,3.3,3.6,3.7,4.0,4.2,4.3,5.0,4.6,4.7,5.2,4.5,4.5,5.0,4.9,5.7,5.7,6.0,6.1,6.0,6.5,7.1,7.7,7.7
070066,1.7,1.8,1.8,2.1,2.2,2.3,2.5,2.7,3.0,3.0,2.8,3.4,3.2,2.8,3.1,3.4,3.7,3.7,3.7,4.4,3.8,4.7,5.0,5.3,5.8
070067,2.4,2.5,2.9,2.9,3.2,3.1,3.7,3.7,3.9,3.8,3.6,3.9,4.2,4.0,4.3,4.2,4.6,4.6,5.1,5.8,4.7,5.6,5.9,6.4,6.6
070068,1.6,1.5,1.9,1.9,1.9,1.9,2.1,2.3,2.5,2.4,2.4,2.8,2.6,2.5,2.5,3.1,3.0,3.1,3.3,3.7,3.4,3.8,4.1,4.7,4.8
070069,2.4,2.5,3.0,3.1,3.0,3.4,3.6,3.8,3.8,3.8,4.0,4.6,4.2,4.1,4.3,4.4,4.9,5.1,4.9,5.5,5.4,5.8,5.9,6.7,7.5
070070,2.5,2.4,2.9,2.9,2.9,3.2,3.1,3.3,3.5,3.4,3.6,3.5,3.7,3.2,3.8,3.6,4.2,4.3,4.4,4.9,4.4,4.7,4.9,5.7,5.6
070071,2.4,3.0,3.0,3.0,3.4,3.5,3.9,3.9,4.1,4.0,4.2,4.5,4.3,4.4,4.4,4.8,4.8,5.2,5.7,6.0,5.3,5.7,6.5,6.7,7.1
070072,3.4,3.4,3.7,4.1,4.2,4.3,4.8,4.9,5.1,5.3,5.3,5.3,5.7,5.8,5.5,6.0,6.3,6.6,6.6,7.3,7.2,7.2,7.9,8.5,9.5
070073,2.5,2.5,2.7,3.0,3.1,3.3,3.4,3.5,3.7,3.6,3.7,4.0,3.6,3.8,3.7,4.1,3.9,4.3,4.4,4.9,4.4,5.1,5.5,5.5,6.1
070074,3.2,3.2,3.9,4.2,4.2,4.4,4.9,4.9,4.9,5.3,5.4,5.8,5.4,5.4,5.7,6.3,5.9,6.5,6.8,7.5,7.3,7.1,8.1,8.8,8.8
070075,2.4,2.4,2.8,2.7,3.0,3.4,3.8,3.8,3.9,4.3,4.4,4.5,4.4,4.1,4.0,4.8,4.8,5.2,5.2,5.9,5.4,5.7,6.5,6.8,7.1
070076,4.2,4.4,4.3,4.6,4.8,5.1,5.5,6.0,6.1,5.7,6.4,6.5,6.1,6.2,6.8,6.6,6.8,7.6,7.3,7.9,7.1,7.8,9.0,9.3,9.4
070077,2.5,2.6,2.7,3.2,2.9,3.2,3.5,3.3,3.8,3.8,3.8,4.0,3.9,4.0,4.1,4.3,4.6,4.5,4.8,5.4,4.8,5.4,5.7,6.6,6.4
070078,1.1,1.2,1.4,1.4,1.6,1.8,2.0,2.2,2.2,2.3,2.3,2.5,2.2,2.4,2.2,2.6,3.0,3.3,3.2,3.4,3.4,3.9,4.1,4.5,4.7
070079,2.8,3.0,2.8,3.0,3.2,3.4,3.6,3.8,3.8,3.9,4.0,3.9,4.2,3.7,4.3,4.3,4.5,4.7,4.9,4.9,5.0,5.3,5.3,6.0,6.8
070080,2.8,2.9,2.7,3.3,3.5,3.5,3.9,3.9,4.0,4.1,4.9,4.7,4.3,4.7,4.8,4.6,5.8,5.5,5.3,5.5,5.8,5.9,6.3,6.8,7.5
070081,1.7,1.8,2.0,2.2,2.6,2.5,2.7,2.8,2.8,3.2,3.1,3.1,3.1,3.1,3.4,3.1,3.5,3.9,3.9,5.0,4.3,4.9,4.9,5.9,5.6
070082,2.3,2.4,2.4,2.6,2.8,2.9,3.1,3.4,3.4,3.5,3.8,3.4,3.7,3.6,3.6,4.1,4.5,4.2,4.7,4.9,4.3,4.8,5.5,6.4,6.4
070083,2.6,2.8,3.2,3.0,3.3,3.3,3.7,3.4,4.0,4.1,4.6,4.6,4.5,4.2,4.5,4.7,4.9,4.9,5.6,5.4,5.1,5.8,5.8,6.7,7.4
070084,3.0,3.3,3.7,3.8,4.0,4.0,4.1,4.5,5.1,4.7,5.0,4.7,5.3,5.0,4.9,5.3,5.4,6.1,6.2,6.2,5.9,6.3,6.9,7.5,7.4
071001,2.2,2.4,2.6,3.0,2.9,3.3,3.5,3.9,3.9,3.7,3.8,4.4,3.8,4.3,4.4,4.6,5.0,5.2,5.4,5.5,5.5,6.2,6.4,7.3,7.6
071002,2.1,2.3,2.4,3.1,2.9,3.2,3.3,3.5,3.6,3.5,4.3,4.4,3.7,3.9,4.3,4.2,4.5,4.9,5.1,5.5,5.1,5.7,6.4,6.6,6.9
071003,2.9,3.3,3.3,3.5,3.5,3.8,4.3,4.7,4.8,4.8,5.0,5.0,5.2,5.0,5.5,5.5,5.6,6.1,6.5,6.6,6.4,6.9,7.4,8.0,8.2
071004,3.0,3.3,3.2,4.1,4.0,4.7,4.2,4.0,5.1,4.7,4.8,5.0,5.0,5.1,5.1,5.7,6.0,5.7,6.4,6.7,6.4,7.3,7.6,8.1,8.6
071005,2.2,2.6,2.7,2.8,3.2,3.0,3.4,3.3,3.5,3.7,4.0,3.9,3.5,3.9,3.6,4.2,4.3,4.4,4.7,4.9,4.3,4.9,5.5,6.1,6.6
071006,2.0,2.2,2.5,2.4,2.8,3.2,3.1,3.0,3.4,3.7,3.3,3.9,3.8,3.3,3.7,4.1,4.3,4.8,4.6,5.4,4.8,5.3,5.8,6.4,6.7
071007,2.2,2.7,2.7,3.0,3.1,3.2,3.4,3.6,3.8,4.0,4.0,4.2,3.8,4.2,4.0,4.7,4.2,4.7,5.2,5.4,4.9,5.6,6.2,6.2,6.8
071008,2.6,2.7,2.9,2.9,3.1,3.6,3.6,3.6,3.9,3.5,4.1,4.9,4.6,4.2,4.2,4.4,4.5,5.1,5.2,5.4,5.1,5.6,6.0,6.3,6.6
071009,2.8,3.0,3.4,3.6,3.6,4.0,4.1,4.3,4.4,4.1,4.5,4.8,4.6,4.9,4.8,5.1,5.1,5.5,5.9,6.2,5.5,6.5,6.9,7.5,8.0
071010,2.0,2.2,2.2,2.6,2.8,2.6,3.1,3.1,3.4,3.2,3.4,3.7,3.5,3.8,3.8,4.1,4.4,4.5,4.7,4.7,4.6,4.8,5.8,6.0,6.4
071011,2.3,2.6,2.7,2.8,2.9,3.4,3.5,3.5,4.3,4.2,4.6,4.5,4.3,4.2,4.8,5.0,5.1,5.8,6.3,6.6,5.5,6.0,7.0,7.8,8.1
071012,1.4,1.5,1.7,1.8,2.0,2.1,2.2,2.5,3.1,2.4,2.8,2.8,2.7,2.9,3.1,3.1,3.4,3.7,4.2,4.2,3.9,4.5,5.2,5.6,5.6
071013,2.8,3.1,3.2,3.2,3.6,3.6,4.1,4.6,4.5,4.5,4.5,4.8,4.8,5.1,5.0,5.2,5.5,5.7,6.1,6.2,5.9,6.4,7.1,8.0,8.2
071014,2.7,2.6,2.8,2.9,2.9,3.2,3.6,3.8,4.2,3.8,3.8,4.6,3.8,4.0,4.2,4.3,4.5,4.5,5.5,5.3,4.9,5.6,6.6,6.9,7.0
071015,1.8,1.7,1.9,2.1,2.1,2.5,2.5,2.6,2.7,2.6,2.8,2.8,3.1,2.5,3.0,3.1,3.4,3.7,3.5,3.8,3.5,4.4,4.4,5.2,4.8
071016,2.1,2.0,2.3,2.4,2.5,3.0,2.8,3.1,3.4,3.0,3.2,3.2,2.9,3.2,3.1,3.3,3.1,3.7,4.1,4.4,3.7,4.2,4.8,4.9,5.5
071017,3.2,2.8,3.2,3.3,3.5,3.8,4.3,4.5,4.6,4.5,4.5,5.0,4.7,4.3,4.8,5.5,5.2,5.6,5.8,6.3,5.9,6.5,6.9,7.3,8.2
071018,2.8,3.1,3.1,3.4,3.4,3.6,3.9,4.3,4.3,4.2,4.6,4.7,4.3,4.5,4.2,4.9,5.0,5.3,5.6,5.5,5.1,5.9,6.0,6.6,7.1
071019,1.8,2.1,2.0,2.2,2.3,2.4,2.7,2.8,3.1,2.8,2.9,3.2,3.1,2.9,3.1,3.6,3.5,3.7,3.9,4.1,4.1,4.6,4.5,5.2,4.9
071020,2.7,2.8,3.0,3.1,3.4,3.7,3.8,4.1,4.3,3.6,4.5,4.2,4.1,4.3,4.2,4.5,4.9,5.0,5.4,5.5,5.4,5.9,6.2,6.6,7.0
071021,2.2,2.2,2.4,2.7,2.8,2.9,3.6,3.4,3.5,3.5,3.7,3.6,3.2,3.6,3.3,3.7,4.1,4.3,4.7,4.9,4.0,4.9,5.2,6.0,6.5
071022,2.2,2.2,2.4,2.8,3.1,3.5,3.5,3.8,3.6,3.7,3.5,3.9,4.1,4.0,4.3,4.6,4.8,5.2,4.8,5.6,5.2,5.9,6.1,6.6,7.1
071023,2.4,2.4,2.3,2.5,2.8,3.0,2.9,3.0,3.3,3.2,3.5,3.3,3.6,3.2,3.4,3.6,3.6,4.1,3.9,4.2,4.2,4.4,5.1,5.1,5.5
071024,3.0,3.2,3.4,3.6,3.7,3.8,3.9,4.5,4.7,4.7,4.7,5.2,5.0,4.4,4.8,5.0,5.7,5.7,6.3,7.0,6.0,6.1,7.2,7.8,8.2
071025,2.1,2.1,2.3,2.2,2.6,2.7,2.7,2.8,3.5,2.9,3.0,3.5,3.3,3.7,3.4,3.5,3.7,4.1,4.6,4.8,4.4,4.9,5.2,6.0,6.0
071026,3.0,3.0,2.9,3.6,3.5,3.7,4.0,4.1,4.3,3.9,4.8,4.8,4.8,4.4,5.2,5.3,5.1,5.4,5.6,6.0,5.7,5.8,6.6,7.1,7.2
071027,1.9,2.0,2.1,2.6,2.3,2.8,2.9,3.3,3.3,3.2,3.4,3.3,3.4,3.3,3.5,3.7,4.1,4.0,4.3,4.9,4.4,5.1,5.8,6.7,6.6
071028,2.1,2.4,2.5,3.0,2.8,3.0,3.4,3.5,3.9,3.9,4.5,4.5,4.1,3.8,4.0,4.4,5.1,5.3,5.1,5.8,5.2,5.6,6.1,7.1,7.7
071029,2.2,2.0,2.2,2.4,3.0,3.0,2.9,3.0,3.5,3.5,3.7,3.7,3.6,3.0,3.4,3.7,4.1,4.0,4.3,4.4,4.4,5.0,5.4,5.7,6.0
071031,1.4,1.6,1.7,1.9,2.0,2.1,2.3,2.5,2.6,2.8,2.7,2.7,2.9,2.9,2.8,3.1,3.8,3.6,3.8,4.3,4.2,4.6,4.6,5.4,5.5
071032,3.5,3.9,4.2,4.3,4.7,4.6,5.0,5.2,5.4,5.7,5.4,5.4,5.5,5.5,5.8,5.6,5.7,6.5,6.4,6.9,6.5,7.2,8.2,8.3,9.2
071033,3.0,3.2,3.3,3.6,3.8,4.3,4.2,4.5,5.1,4.8,4.8,5.2,5.3,4.9,5.4,5.6,5.9,6.0,6.2,6.8,6.0,7.0,7.2,8.4,8.6
071034,4.2,4.4,4.7,4.9,5.4,5.4,5.3,5.7,5.8,5.8,6.4,6.3,6.3,6.0,6.5,6.8,6.6,7.2,7.1,7.2,6.6,7.7,8.2,8.9,9.1
071035,2.3,2.3,2.3,2.5,2.8,2.7,3.4,3.3,3.4,3.6,4.0,3.8,3.7,3.8,3.9,4.3,4.6,4.9,4.9,5.4,4.5,5.6,6.0,6.4,7.0
071036,1.7,1.8,1.9,1.9,2.1,2.1,2.3,2.6,2.3,2.5,2.7,2.8,3.0,2.5,2.7,2.9,3.1,3.2,3.0,3.5,3.4,3.7,4.1,4.3,4.5
071037,2.5,2.7,2.9,2.9,3.1,3.2,3.4,4.0,4.2,3.8,4.2,4.4,4.2,4.1,4.4,4.3,4.7,5.3,5.4,5.6,5.1,5.6,6.0,6.9,7.4
071038,2.3,2.2,2.5,2.5,2.9,3.2,3.5,3.6,3.4,3.4,4.1,3.9,3.4,4.1,3.8,4.0,4.2,4.7,4.8,4.6,4.4,5.1,5.8,7.0,6.5
071039,1.8,1.9,2.2,2.1,2.4,2.5,2.6,2.9,3.2,3.1,3.3,3.5,3.4,3.0,3.5,3.8,4.2,3.6,4.5,4.5,4.2,4.5,5.0,5.3,5.8
071040,2.9,3.2,3.6,3.7,4.3,4.3,4.4,5.0,5.1,5.1,5.6,5.5,5.8,5.4,6.0,5.9,6.7,6.6,6.8,7.5,7.0,7.9,8.6,9.0,9.3
071041,2.3,2.4,2.7,2.9,3.0,3.2,3.4,3.8,4.0,3.7,3.9,4.0,4.1,3.8,4.0,4.2,4.2,4.5,5.3,5.4,5.2,5.2,5.8,7.0,7.1
071042,2.0,2.1,2.4,2.2,3.1,3.0,3.2,3.6,3.2,3.7,4.1,4.1,3.6,4.0,4.1,4.5,4.5,5.0,5.0,5.5,4.8,5.8,6.2,6.6,7.0
071043,1.0,1.2,1.3,1.6,1.9,1.8,1.9,1.9,2.4,2.0,2.3,2.5,2.3,2.3,2.6,2.8,2.9,3.0,3.2,3.6,3.3,3.4,4.2,4.5,4.5
071044,2.8,3.1,3.3,3.5,3.5,4.0,3.9,4.6,4.4,4.8,5.0,4.9,5.0,5.0,5.5,5.4,5.7,6.3,6.6,6.8,6.2,6.7,7.7,8.1,8.2
071046,3.7,4.0,4.1,4.1,4.3,4.9,4.9,5.6,5.7,5.2,5.5,5.8,5.3,5.2,5.4,6.2,6.1,6.1,6.7,7.4,6.5,7.1,7.7,8.8,8.8
071047,3.2,3.2,3.5,3.6,3.7,3.8,4.5,4.4,4.4,4.4,4.3,4.8,5.0,5.1,4.6,5.2,5.4,5.5,5.8,6.2,5.7,6.7,6.7,6.8,8.0
071048,1.8,1.7,1.9,2.1,2.3,2.4,2.7,2.7,2.9,2.8,2.8,3.1,3.0,3.0,3.5,3.5,3.7,4.1,4.1,4.4,4.3,4.5,5.0,4.9,5.5
071049,3.0,3.1,3.4,3.4,3.6,3.7,4.0,4.2,4.4,4.4,4.5,4.8,4.6,4.2,4.5,4.8,4.5,4.9,5.2,5.9,5.0,6.0,6.5,6.9,7.3
071050,1.8,2.1,2.0,2.2,2.4,2.6,2.7,2.6,3.0,2.9,3.4,3.3,3.3,3.4,3.3,3.7,4.0,3.9,4.0,4.4,4.1,4.5,5.3,5.5,5.8
071051,1.5,1.8,1.9,2.1,2.3,2.3,2.6,3.0,3.1,2.9,3.3,3.5,3.5,3.7,3.7,4.0,4.0,4.4,4.6,4.9,4.5,5.2,5.8,6.1,6.0
071052,2.8,2.9,3.1,3.5,3.5,3.6,3.7,4.0,4.1,4.2,4.1,4.6,4.8,4.1,4.5,4.7,5.2,5.0,5.4,5.7,6.0,6.1,6.2,7.4,7.0
071053,1.8,1.9,2.0,2.1,2.2,2.4,2.2,2.8,2.9,3.2,3.0,3.0,2.9,3.0,2.8,3.3,3.2,3.6,3.8,3.7,3.5,4.1,4.7,5.0,5.2
071054,2.2,2.6,2.6,2.7,3.0,2.9,3.6,3.8,4.1,3.8,3.8,4.7,4.3,3.9,4.4,4.6,4.9,5.1,5.3,5.6,5.3,5.9,6.3,7.2,7.1
071055,2.1,2.1,2.1,2.7,2.7,3.2,2.8,3.2,3.3,3.4,3.6,3.7,3.7,3.5,3.7,4.2,4.1,4.5,4.8,4.8,4.3,4.9,5.7,6.1,6.4
071056,1.9,2.1,2.4,2.8,2.9,2.8,3.0,3.1,3.4,3.6,3.9,4.0,3.8,3.5,3.9,3.8,4.4,4.8,5.1,5.0,5.0,5.2,6.1,6.8,7.0
071058,3.2,3.5,4.1,4.1,4.3,4.6,5.0,5.4,5.9,5.7,6.2,6.0,5.8,5.6,5.7,6.4,7.0,7.2,7.8,7.4,7.7,7.8,8.9,9.1,9.7
071059,3.0,3.4,3.1,3.8,4.0,4.4,4.2,4.5,5.0,4.5,4.7,4.7,4.3,4.6,5.2,5.3,5.2,5.9,6.1,6.3,5.7,6.7,7.3,7.7,8.1
071060,3.8,4.6,5.1,5.2,5.5,5.7,5.8,6.2,6.4,6.7,6.7,7.3,7.1,6.6,7.3,7.4,7.7,8.4,8.4,9.0,8.5,8.7,10.1,10.5,10.5
071061,3.0,3.3,3.7,3.6,3.9,4.1,4.1,4.5,4.7,4.7,4.6,5.1,4.9,5.0,5.2,4.9,5.4,6.0,6.6,6.2,5.6,6.4,7.1,7.4,8.0
071062,2.0,2.3,2.4,2.4,2.5,2.8,2.9,3.3,3.5,3.2,3.7,3.8,3.6,3.5,3.4,4.0,4.2,4.9,4.8,4.9,4.9,5.2,5.6,6.4,6.3
071063,2.0,2.1,2.2,2.2,2.4,2.5,2.8,3.0,3.2,3.0,3.5,3.5,3.4,3.3,3.1,3.5,3.8,4.1,4.2,4.4,4.1,4.9,5.3,5.3,5.8
071064,1.3,1.4,1.6,1.6,1.7,2.1,2.4,2.3,2.6,2.4,2.7,2.7,2.6,2.8,2.9,3.1,3.3,3.6,3.6,3.7,3.7,4.2,4.6,5.1,5.2
072001,2.1,2.7,2.3,3.0,2.9,3.2,3.3,3.2,3.6,3.4,3.7,3.8,4.0,3.7,3.2,4.0,4.0,4.3,4.1,4.7,4.4,4.8,5.3,5.6,5.9
072002,1.6,1.6,1.8,1.9,2.1,2.0,2.3,2.5,2.6,2.5,2.6,3.1,2.8,2.8,2.9,2.7,3.1,3.3,3.6,3.5,3.4,3.4,4.1,4.6,4.6
072003,2.4,2.9,3.3,3.4,3.5,3.9,4.2,4.4,4.7,4.7,4.4,4.9,4.8,4.9,5.2,5.4,5.5,6.1,6.4,6.8,6.1,6.5,7.7,7.4,8.1
072004,1.8,1.9,2.2,2.1,2.4,2.5,3.0,2.7,3.3,3.2,3.2,3.6,3.4,3.1,3.4,3.5,3.7,4.1,4.3,4.7,4.4,5.1,5.8,5.5,6.2
072006,5.6,5.6,5.7,6.2,6.4,6.8,7.1,7.2,7.6,7.4,8.1,8.3,7.7,7.4,8.1,8.4,8.2,9.6,9.2,9.5,9.3,10.2,10.4,11.4,11.6
072008,1.3,1.5,1.4,1.7,1.7,1.9,2.0,2.2,2.2,2.3,2.4,2.7,2.5,2.4,2.5,2.8,3.0,3.1,3.2,3.5,3.3,3.7,4.0,4.7,4.6
072010,2.2,2.2,2.4,2.4,2.4,2.6,3.0,2.7,3.5,3.0,3.3,3.4,3.6,3.2,3.3,3.7,3.6,4.0,4.0,4.5,3.7,4.5,4.8,5.4,5.5
072011,2.3,2.6,2.5,2.7,2.9,3.2,3.2,3.2,3.7,3.2,3.8,3.6,3.6,3.6,4.1,4.3,4.2,4.5,4.8,5.4,4.6,5.5,6.0,6.1,6.4
072012,2.3,2.6,2.6,2.8,2.8,3.4,3.5,3.6,3.9,3.5,3.9,3.8,3.8,4.0,3.6,4.1,3.7,4.9,4.9,5.0,4.6,5.4,5.6,6.1,6.8
072014,2.8,2.9,3.2,2.8,3.4,3.8,3.6,4.0,4.3,4.1,4.2,4.3,4.6,4.5,4.5,5.1,4.8,5.2,5.6,5.7,5.5,5.7,6.8,7.2,7.9
072015,3.1,3.7,3.7,4.1,4.5,4.8,5.2,5.3,5.5,5.0,5.6,5.6,5.5,5.4,5.9,5.9,5.9,6.7,6.7,7.2,6.6,7.0,8.0,9.3,8.8
072016,3.6,3.6,4.0,4.0,4.2,4.6,4.9,4.9,4.8,4.8,5.4,5.2,5.5,5.4,5.6,5.3,5.9,6.2,6.5,6.8,6.3,6.7,7.5,8.5,9.0
072017,2.7,2.7,2.9,2.9,3.3,3.5,3.5,4.0,4.2,4.1,4.3,4.7,4.5,4.4,4.7,5.0,5.0,5.3,5.8,6.3,6.0,5.9,6.7,7.4,7.7
072018,2.2,2.5,2.5,2.6,2.8,2.9,3.2,3.6,4.0,4.0,3.7,3.8,4.0,4.1,4.4,4.3,4.7,4.8,5.1,5.3,5.2,5.8,6.3,6.8,6.8
072019,1.8,2.2,2.1,2.2,2.6,3.1,3.0,3.5,3.3,3.3,3.5,3.7,3.4,3.5,3.6,3.7,4.0,4.6,4.8,4.7,4.5,5.1,5.4,5.9,6.1
072020,3.0,3.5,3.5,3.9,3.9,4.5,4.8,5.2,5.6,4.9,5.4,5.6,5.4,5.0,5.4,5.5,6.2,7.1,6.8,7.2,6.5,7.4,7.7,7.8,9.1
072021,2.7,2.8,2.8,3.0,3.1,3.3,3.4,3.7,3.8,4.1,4.0,4.2,3.8,3.8,4.2,4.2,4.7,5.3,4.7,5.0,4.7,5.1,5.8,6.1,6.0
072022,2.6,2.6,2.8,2.9,3.6,3.7,3.6,4.3,4.1,4.0,4.1,4.3,4.1,4.0,4.5,4.4,4.8,5.0,5.1,5.5,4.9,5.3,5.9,6.9,7.0
072023,0.9,1.0,0.9,1.1,1.3,1.1,1.5,1.5,1.6,1.6,1.8,1.7,1.7,1.6,1.7,1.9,2.1,2.4,2.4,2.3,2.5,2.4,3.0,3.4,3.4
072024,1.9,1.8,2.0,2.2,2.1,2.3,2.5,2.9,2.9,3.0,2.9,3.3,2.9,2.9,3.1,3.5,3.8,4.0,3.8,4.1,3.8,4.4,4.9,5.2,5.4
072025,3.5,3.9,3.8,4.1,3.9,4.7,5.0,4.9,5.1,4.9,5.0,5.2,5.3,5.4,5.3,5.3,5.5,5.7,6.0,5.8,5.5,6.7,7.2,7.4,8.3
072027,2.1,2.3,2.5,2.8,3.0,2.8,3.3,3.3,3.6,3.7,3.8,4.2,4.1,3.9,4.2,4.2,4.9,4.4,5.0,5.4,5.4,5.4,6.1,6.2,7.2
072028,2.2,2.2,2.5,2.5,2.7,3.0,3.1,2.9,3.4,3.3,3.6,3.8,3.6,3.2,3.9,3.9,4.3,4.4,4.6,4.7,4.3,5.2,5.5,5.6,6.9
072029,2.6,2.8,3.1,3.2,3.1,3.3,3.7,4.0,4.3,4.2,4.2,4.5,4.7,4.3,4.2,4.6,5.0,5.0,5.4,5.5,5.8,5.8,6.6,7.1,6.9
072030,4.0,4.0,4.2,4.3,4.7,5.2,5.3,5.9,5.3,5.6,5.8,6.3,6.1,5.7,5.9,6.5,6.2,6.6,7.5,7.5,7.4,7.9,8.5,9.1,9.6
072031,2.6,2.4,2.9,2.8,3.4,3.4,3.5,3.9,4.2,4.3,4.3,4.6,4.3,4.2,4.5,4.5,5.1,5.2,5.5,5.4,5.4,5.7,6.4,6.8,7.3
072032,1.3,1.5,1.7,2.0,1.9,2.2,2.0,2.5,2.7,2.3,2.5,2.9,2.9,2.8,3.2,3.2,3.5,4.2,3.9,4.2,4.0,4.6,4.9,5.4,5.2
072033,1.8,1.9,2.1,2.3,2.2,2.5,2.9,3.0,3.4,3.0,3.3,3.4,3.1,3.4,3.5,3.9,3.9,4.0,4.5,4.9,4.5,5.2,5.8,5.6,6.1
072034,2.2,2.2,2.5,2.7,3.0,2.8,3.1,3.2,3.6,3.7,3.4,3.9,3.6,3.3,3.6,3.7,4.3,4.3,5.0,5.0,4.3,4.7,5.3,6.4,6.7
072035,1.8,2.1,2.2,2.3,2.7,3.0,2.9,3.2,3.5,3.5,3.4,3.7,3.6,3.6,3.7,3.8,4.1,4.5,4.5,4.8,4.7,5.1,5.3,6.2,6.1
072036,2.3,2.1,2.4,2.4,2.8,2.9,3.1,3.4,3.6,3.2,3.4,3.9,3.5,3.6,3.7,4.0,4.1,4.2,4.5,5.1,4.7,5.3,5.3,5.9,6.3
072037,1.0,1.2,1.1,1.3,1.6,1.7,1.8,1.8,2.1,1.9,2.0,2.2,2.1,2.3,2.4,2.6,2.4,2.7,2.7,3.2,2.8,3.3,3.0,3.8,4.1
072038,2.5,2.7,3.0,3.2,3.1,3.4,4.0,4.1,4.1,4.2,4.4,4.3,4.6,4.2,4.5,4.7,5.2,5.1,5.2,5.9,5.3,6.0,6.6,7.3,7.4
072039,2.2,2.6,2.7,2.7,3.0,3.3,3.1,3.5,3.8,3.4,3.8,3.6,3.8,3.6,3.9,4.5,4.2,4.6,5.0,4.9,4.8,5.2,5.9,6.1,6.9
072040,1.6,1.6,1.8,1.9,2.0,2.4,2.6,2.7,2.6,3.0,3.1,3.1,3.2,2.9,3.1,3.5,3.9,4.2,4.3,4.6,4.3,4.7,5.6,5.9,6.0
072041,2.0,2.4,2.6,2.5,2.8,3.1,2.9,3.4,3.6,3.4,3.6,4.1,3.5,3.2,3.7,3.9,3.9,4.1,4.5,4.8,4.1,4.6,4.9,5.7,6.2
072043,3.5,4.0,4.2,4.4,4.6,5.0,5.5,5.2,5.4,5.2,5.5,5.8,5.9,5.9,5.7,5.9,6.3,6.9,6.8,7.0,6.4,7.1,8.3,8.4,8.8
072044,1.9,2.0,2.3,2.3,2.4,2.7,3.2,3.2,3.4,3.3,3.4,3.6,3.3,3.3,3.8,3.9,4.1,4.5,4.7,4.8,4.6,4.8,5.3,5.9,6.3
072046,2.2,2.2,2.4,2.5,2.6,2.7,2.9,3.1,3.6,3.2,3.4,3.9,3.7,3.6,3.5,4.0,4.1,4.4,4.4,5.2,4.5,4.7,5.6,6.0,6.3
072047,2.9,3.3,3.1,3.3,4.1,3.9,4.5,4.3,4.6,4.5,4.2,5.1,4.8,4.7,4.9,5.4,5.9,5.7,5.6,6.4,6.4,6.7,6.5,7.3,8.1
072048,3.4,3.3,3.6,3.9,3.9,4.3,4.5,4.5,5.2,4.9,5.1,5.2,5.0,4.7,5.3,6.0,5.9,5.8,6.4,6.6,6.4,6.7,7.5,8.1,8.2
073001,2.5,2.7,3.1,3.0,3.3,3.3,3.6,3.9,4.0,4.0,4.4,4.4,4.5,4.2,4.6,5.3,5.3,5.7,5.7,6.3,5.4,6.4,7.0,7.4,7.8
073002,1.7,1.9,2.1,1.9,2.3,2.5,2.4,3.0,2.7,2.6,2.9,2.9,2.9,3.1,3.2,3.1,3.5,3.5,3.8,4.2,3.8,4.0,4.4,5.0,5.5
073003,2.4,2.7,2.9,3.0,3.1,3.4,3.3,3.9,4.6,4.0,4.2,4.0,4.3,4.0,4.2,4.5,5.0,5.3,5.4,6.0,5.5,5.7,6.4,6.9,7.4
073004,2.4,2.7,2.7,2.7,2.9,3.2,3.6,3.8,4.2,3.6,3.6,4.2,3.9,3.6,3.8,4.1,5.0,4.6,5.2,5.4,4.9,5.5,6.1,6.4,6.2
073005,2.4,2.5,2.5,2.7,2.9,3.2,3.8,3.5,3.7,3.9,3.7,4.1,3.9,4.0,4.1,4.2,4.4,5.2,4.8,5.3,4.8,5.5,6.0,7.0,7.0
073006,1.7,1.8,2.2,2.3,2.2,2.2,2.6,2.9,2.8,2.7,2.9,3.1,3.1,3.0,3.4,3.2,3.9,3.7,3.8,4.0,4.1,4.4,4.7,5.2,5.8
073007,2.2,2.6,2.4,2.9,3.0,3.0,3.3,3.7,3.9,3.8,3.9,4.1,3.9,3.7,3.5,3.9,4.3,4.5,5.3,5.4,5.1,5.4,6.0,6.8,7.3
073008,1.9,2.3,2.6,2.6,2.8,3.0,3.0,3.1,3.5,3.1,3.3,3.7,3.4,3.4,3.6,3.7,3.9,4.6,4.2,4.6,4.3,4.7,5.2,5.9,6.6
073009,2.8,2.8,3.3,3.2,3.2,3.6,4.0,3.7,4.8,4.4,4.5,4.4,4.5,4.4,4.6,5.1,5.0,5.0,5.7,5.9,5.7,6.0,6.7,6.7,7.3
073010,1.7,1.8,1.6,2.2,2.3,2.2,2.1,2.5,2.4,2.6,2.9,3.1,2.6,2.7,3.2,2.8,3.5,3.5,3.6,3.9,3.4,4.0,4.6,4.8,5.0
073011,3.5,3.6,3.7,3.7,4.0,4.2,4.5,4.7,5.1,4.5,4.8,4.6,4.9,4.7,5.0,5.2,5.4,5.8,5.8,6.2,5.9,6.3,6.5,7.5,7.4
073012,1.9,2.0,2.3,2.2,2.7,2.6,2.6,2.8,3.4,2.9,3.3,3.4,3.2,3.2,3.2,3.5,4.1,4.0,4.2,4.2,4.3,4.5,4.9,5.4,6.0
073013,2.7,3.2,3.1,3.5,3.8,3.7,4.0,4.3,4.3,4.3,4.5,4.5,4.4,4.5,4.7,5.0,5.1,5.3,6.0,5.5,5.8,5.7,6.6,7.4,7.8
073014,3.8,4.0,4.2,4.0,4.6,4.4,5.2,5.1,5.4,5.3,5.5,5.9,5.4,5.3,5.9,6.3,5.8,6.6,6.9,6.8,6.6,8.0,8.0,8.2,8.9
073015,2.8,2.9,2.8,3.3,3.4,3.5,3.8,4.2,4.2,3.9,4.2,4.6,4.5,4.4,4.6,4.8,5.1,5.5,5.8,6.2,5.5,6.0,6.6,7.4,7.4
073016,1.9,2.2,2.1,2.2,2.5,2.5,2.9,3.1,3.1,3.0,3.3,3.2,3.4,3.3,3.5,3.5,4.3,4.2,4.4,4.9,4.3,4.8,5.3,5.7,6.1
073017,3.2,3.3,3.4,4.2,4.4,4.1,4.5,4.9,5.2,5.2,5.3,5.6,5.1,5.2,5.4,6.1,5.8,6.5,6.5,7.0,6.3,7.2,7.8,8.2,8.9
073018,1.0,1.0,1.1,1.3,1.2,1.2,1.6,1.6,1.7,1.5,1.7,1.8,1.8,1.5,1.7,2.0,2.2,1.9,2.3,2.5,2.1,2.1,2.9,3.1,3.4
073019,1.9,2.0,2.1,2.0,2.1,2.6,2.6,2.7,3.0,2.7,2.8,3.1,3.0,3.3,2.9,3.4,3.4,3.7,4.1,3.7,3.8,4.3,5.0,5.5,4.9
073020,1.4,1.3,1.8,1.6,2.1,2.3,2.3,2.4,2.6,2.6,2.8,2.8,2.8,3.1,3.2,3.0,3.5,3.6,4.3,4.2,3.8,4.3,4.8,5.4,5.7
073021,2.0,2.3,2.2,2.6,2.9,2.6,2.8,3.3,3.4,3.3,3.7,3.8,3.8,3.1,3.7,3.9,4.2,4.4,4.9,5.1,4.7,5.1,5.6,5.6,6.4
073022,3.3,3.9,4.0,4.0,4.4,5.0,5.4,5.4,5.8,6.0,5.8,6.2,6.1,6.2,6.4,6.8,6.9,7.4,7.3,8.4,7.3,8.0,8.5,9.3,9.7
073023,1.2,1.3,1.2,1.4,1.6,1.7,1.7,1.9,2.0,1.9,2.3,2.4,2.1,2.1,2.4,2.6,2.6,2.8,2.9,3.4,3.1,3.2,3.8,4.2,4.3
073024,2.9,3.2,3.5,3.7,3.6,4.2,4.4,4.3,4.2,4.5,4.7,4.7,4.7,4.7,4.9,4.9,5.2,5.3,5.8,6.1,5.5,5.9,6.8,7.3,7.7
073025,2.1,2.2,2.4,2.4,2.6,3.2,3.1,3.2,3.7,3.9,3.6,3.6,4.1,3.9,3.4,4.2,4.3,4.8,4.5,5.1,4.5,5.0,5.8,6.2,6.5
073026,2.7,2.4,2.9,3.5,3.1,3.3,3.6,3.5,3.8,3.5,4.1,4.3,3.9,3.9,4.3,4.7,4.9,4.9,5.0,5.6,5.0,5.9,6.2,6.7,7.0
073027,2.9,3.0,3.3,3.4,3.4,3.5,4.0,4.1,4.3,4.1,3.9,4.5,4.7,4.1,4.7,4.6,4.9,5.3,5.1,5.6,5.2,5.6,6.3,7.0,7.1
073028,2.7,3.1,3.0,3.2,3.2,3.4,3.7,3.4,4.0,3.7,4.4,4.2,4.1,4.0,4.2,4.3,4.6,4.8,5.0,4.9,5.0,5.5,5.8,6.3,6.1
073029,3.8,4.3,4.3,5.1,4.9,5.0,5.5,5.9,6.1,5.8,5.9,6.3,6.0,6.3,6.3,6.8,6.5,7.6,7.5,7.6,7.6,8.0,8.7,9.7,9.5
074001,2.9,3.0,3.0,3.4,3.4,3.6,3.8,4.0,4.6,4.2,4.5,4.9,4.4,4.2,4.3,4.9,4.7,5.1,5.8,6.3,5.8,6.5,6.6,7.2,7.8
074002,1.7,2.0,2.2,2.3,2.5,2.6,2.7,3.1,3.5,3.3,3.6,3.6,3.7,3.9,3.7,4.3,4.6,4.6,4.6,5.0,4.8,5.4,5.9,6.6,6.8
074003,1.8,1.8,2.1,2.1,2.4,2.3,2.9,2.9,3.1,2.9,3.3,3.9,3.6,3.4,3.7,3.6,4.0,4.2,5.1,4.9,4.7,5.0,6.1,6.1,7.0
074004,2.0,2.3,2.1,2.4,2.9,2.6,3.2,3.3,3.3,3.1,3.5,3.4,3.6,3.2,3.6,3.6,3.7,4.4,4.6,5.0,4.4,5.3,5.0,6.3,6.3
074005,1.5,1.7,1.8,1.8,1.8,2.3,2.4,2.2,2.6,2.3,2.6,3.0,3.0,2.6,3.0,3.1,3.3,3.4,3.5,3.9,3.6,3.6,4.1,4.5,4.8
074006,0.7,0.7,0.9,0.9,0.8,1.0,1.1,1.3,1.3,1.2,1.5,1.6,1.3,1.4,1.6,1.5,1.6,1.9,1.9,2.2,2.1,2.2,3.0,2.8,3.1
074007,1.8,1.7,2.1,2.0,2.1,2.4,2.6,2.5,2.9,2.8,3.0,2.9,3.2,2.7,3.2,3.4,3.3,3.6,3.6,3.7,3.8,4.2,4.4,5.0,5.5
074008,1.3,1.6,1.8,2.1,2.3,2.3,2.7,2.4,2.8,2.7,3.0,3.3,2.8,3.1,2.8,3.2,3.4,3.3,4.1,4.3,3.8,4.4,5.2,5.5,5.4
074009,2.5,2.8,2.7,2.8,3.0,3.2,3.5,3.7,3.9,3.9,3.8,3.9,4.1,4.0,4.0,4.1,4.7,4.7,4.5,4.7,4.5,5.1,5.4,5.7,5.6
074010,2.2,2.4,2.5,3.0,2.8,3.1,3.4,3.6,3.5,3.7,3.9,4.2,4.0,3.5,4.3,4.1,4.2,4.7,5.2,5.5,4.8,5.2,6.4,6.3,6.7
074011,2.2,2.4,2.5,2.7,3.0,3.4,3.1,3.6,3.5,3.5,3.9,3.9,4.2,3.8,4.4,4.3,4.6,5.1,5.8,5.0,5.1,5.5,6.1,6.7,6.9
074012,1.6,2.0,2.0,2.4,2.6,3.0,3.1,3.3,3.0,3.3,3.6,3.7,3.5,3.6,3.6,4.1,4.2,4.6,5.0,4.8,5.0,5.3,6.0,6.4,7.1
074013,2.1,2.0,2.0,2.2,2.7,2.7,3.0,3.2,3.0,3.3,3.5,3.5,3.6,3.4,3.7,4.0,4.6,4.3,4.5,4.6,4.5,5.4,5.8,6.0,6.6
074014,1.7,2.0,2.0,2.2,2.2,2.3,2.7,2.7,3.1,2.9,3.0,3.2,3.2,3.2,3.4,3.8,3.9,3.8,4.0,4.7,4.4,4.8,5.1,5.7,6.1
074015,1.7,2.0,2.1,2.0,2.3,2.4,2.9,2.9,3.3,3.4,3.0,3.6,3.4,3.4,3.6,3.8,4.0,4.3,4.7,4.9,4.8,4.9,5.5,7.0,6.6
074016,2.0,2.2,2.4,2.5,2.9,2.8,3.2,3.2,3.3,3.4,3.5,3.7,3.5,3.5,3.4,3.7,4.2,4.4,4.7,5.4,4.7,4.9,5.4,6.0,6.1
074017,2.5,3.0,3.0,3.2,3.2,3.2,3.9,4.0,4.3,4.2,4.4,4.5,4.4,4.4,4.8,4.5,4.9,5.7,5.5,6.0,5.6,6.5,6.6,7.3,8.0
074018,1.2,1.3,1.6,1.6,1.9,1.9,2.0,2.0,2.4,2.4,2.4,2.7,2.5,2.6,2.6,3.1,3.4,3.6,3.6,4.0,3.5,4.2,4.3,4.8,5.2
074019,1.2,1.3,1.6,1.7,1.8,1.8,1.9,2.1,2.3,2.4,2.3,2.4,2.3,2.5,2.6,2.9,3.1,3.1,3.4,3.6,3.2,3.9,4.4,4.7,5.5
074020,1.2,1.3,1.4,1.7,1.9,1.8,2.0,1.9,2.3,2.1,2.3,2.6,2.4,2.5,2.5,2.9,3.3,2.9,3.4,3.5,3.2,3.6,4.3,4.6,5.1
075002,1.8,1.8,1.8,2.1,2.2,2.5,2.5,2.6,3.1,2.8,3.1,3.1,3.4,3.2,3.5,3.6,3.8,4.1,4.3,4.4,4.5,4.7,5.3,5.6,6.8
075003,4.0,4.4,4.4,4.8,5.5,5.2,6.2,5.7,6.3,6.3,6.3,6.5,6.6,6.0,6.6,6.6,7.0,7.4,8.1,8.1,7.3,8.3,8.9,9.6,10.1
075004,1.9,2.4,2.4,2.6,2.9,2.8,3.1,3.6,3.6,3.5,3.7,3.5,3.7,3.9,4.0,4.0,4.2,4.6,4.8,4.8,4.9,5.0,5.6,5.9,6.5
075005,2.3,2.4,2.4,2.8,3.0,3.1,3.0,3.5,3.8,3.6,3.8,3.6,3.5,3.6,4.3,4.2,4.5,4.6,4.8,5.4,4.7,5.5,6.1,6.6,7.0
075006,3.1,2.9,3.8,3.4,4.0,4.1,4.3,4.5,4.7,4.1,5.0,5.3,4.9,5.2,5.1,5.2,5.4,5.9,6.0,6.4,5.9,6.3,6.9,7.6,8.1
075007,1.7,1.9,2.0,2.1,2.4,2.6,2.7,2.9,3.1,3.1,3.1,3.6,3.3,3.5,3.7,3.8,3.8,4.4,4.2,4.7,4.6,5.2,5.5,6.0,6.3
075008,2.5,2.6,2.7,3.1,3.0,3.7,4.0,4.4,4.3,4.0,4.0,4.9,4.9,4.7,4.8,5.1,5.6,5.4,6.2,6.4,6.2,6.9,7.1,7.9,8.3
075009,1.0,1.0,1.1,1.2,1.3,1.3,1.6,1.4,2.1,1.8,2.1,2.0,1.8,1.8,2.0,2.3,2.3,2.4,2.8,3.2,2.8,2.8,3.3,3.7,4.0
075010,2.9,3.0,3.2,3.3,3.8,4.3,4.3,4.3,4.4,4.3,4.7,4.9,4.8,4.8,4.8,5.3,5.8,5.8,6.0,6.2,5.7,6.2,6.8,7.5,8.3
075011,1.7,1.8,1.8,1.9,2.3,2.2,2.2,2.8,2.7,2.9,3.1,3.3,3.0,3.0,3.1,3.5,3.8,4.0,3.9,4.4,3.8,4.8,5.3,5.7,6.2
075012,1.6,1.7,1.9,2.2,2.3,2.7,2.4,2.6,3.2,3.1,3.1,3.5,3.2,3.2,3.3,3.9,3.9,4.1,4.3,4.2,4.2,5.0,5.5,6.1,5.9
075013,2.4,2.8,2.7,2.7,3.1,3.3,3.3,3.8,4.2,4.0,3.9,4.5,4.4,3.9,4.1,4.5,4.8,4.6,4.9,5.4,5.1,5.6,6.4,6.3,7.2
075014,1.2,1.3,1.4,1.4,1.5,1.8,2.0,1.9,2.5,2.1,2.3,2.5,2.7,2.2,2.4,2.5,2.9,3.1,3.2,3.7,3.4,3.4,4.3,4.5,4.6
075015,2.0,2.1,2.3,2.4,2.7,2.9,2.9,3.4,3.2,3.3,3.3,3.5,3.6,3.4,3.4,3.9,3.9,4.2,4.4,4.4,4.1,4.7,5.2,5.2,5.9
075016,2.9,3.1,3.4,3.5,3.9,4.3,4.4,4.5,5.1,4.5,4.7,5.0,4.8,4.7,4.9,5.4,5.6,5.8,6.7,6.6,6.0,6.5,7.3,8.1,8.5
075017,3.3,3.6,3.7,4.5,4.1,4.3,4.9,5.2,5.2,5.0,5.1,5.4,5.5,5.5,5.6,5.6,5.9,6.0,6.8,7.3,6.9,6.7,7.9,8.5,9.1
075018,1.6,1.7,1.9,2.0,2.2,2.4,2.3,2.8,2.8,2.8,3.0,3.2,2.9,2.7,3.3,3.5,3.7,3.8,3.6,4.1,3.9,4.1,4.9,5.0,5.1
075019,1.6,1.9,2.0,2.5,2.3,2.7,2.9,2.9,2.9,3.1,3.0,3.4,3.0,3.1,3.6,3.2,3.5,4.1,4.0,4.1,4.0,4.8,5.1,5.3,5.6
075020,2.6,3.2,3.1,3.1,3.3,3.7,4.1,4.0,4.6,4.5,4.8,4.8,4.5,4.6,4.9,5.3,5.3,5.7,5.6,5.8,5.7,6.1,6.9,7.8,7.7
075021,2.6,2.8,2.9,3.0,3.3,3.5,3.7,3.9,3.9,3.7,3.7,4.3,4.2,3.9,4.0,4.6,4.6,4.5,5.3,5.5,5.1,5.3,5.9,6.3,6.5
075022,2.2,2.7,2.6,3.0,2.8,2.8,3.0,3.2,3.3,3.2,3.5,3.6,3.7,3.4,3.7,3.9,4.2,4.4,4.4,4.4,4.3,5.0,5.4,5.6,6.3
075023,2.5,2.8,2.6,2.9,3.2,3.5,3.5,3.7,4.0,3.6,4.1,4.6,4.2,4.3,4.7,4.8,4.8,5.1,5.4,5.6,5.2,5.8,6.4,6.8,7.4
075024,1.9,2.1,2.3,2.5,2.6,2.9,2.9,2.8,3.0,3.2,3.3,3.8,3.4,3.4,3.3,3.8,4.1,4.4,4.2,4.6,4.4,4.9,5.4,5.5,6.5
075025,2.7,3.0,2.8,3.5,3.4,3.6,4.0,3.6,4.2,4.1,4.5,4.5,4.3,4.6,4.8,5.0,5.2,5.2,5.6,5.9,5.5,5.9,6.4,6.9,7.1
075026,2.9,3.1,3.6,3.7,3.7,3.9,4.1,4.5,4.7,4.7,4.8,5.1,5.0,4.7,4.7,5.2,5.3,6.0,5.7,6.1,5.7,5.8,6.6,7.1,8.0
075027,1.6,1.9,2.1,2.1,2.5,2.4,2.8,2.8,3.1,2.7,3.0,3.2,2.8,2.9,2.9,3.2,3.2,3.4,3.5,4.2,3.6,4.5,4.4,4.6,5.2
075028,1.8,2.1,2.2,2.5,2.4,2.6,3.0,3.4,3.3,3.0,3.5,4.1,3.5,3.6,4.1,4.2,4.8,4.6,5.3,5.6,4.9,6.0,6.6,7.5,7.2
075029,2.3,2.5,2.6,2.7,2.7,3.0,3.3,3.5,3.6,3.6,3.8,3.7,3.9,4.0,4.1,4.0,4.6,4.6,4.8,4.8,4.7,5.2,5.8,6.2,6.0
075030,2.7,2.5,2.9,2.8,3.1,3.5,3.5,3.5,3.7,3.6,3.8,4.0,3.8,3.7,3.9,4.0,4.4,4.5,4.7,4.7,5.0,5.2,5.6,5.8,6.3
075031,3.7,3.5,3.8,4.3,4.2,4.4,4.8,5.3,5.2,5.1,5.5,5.9,5.5,5.5,5.7,6.0,6.0,6.0,7.0,6.8,6.9,7.2,8.0,8.3,8.2
075032,1.3,1.4,1.5,1.8,2.0,1.9,2.2,2.4,2.4,2.5,2.7,2.8,3.1,2.9,3.2,3.1,3.4,3.7,3.7,4.0,3.8,4.4,4.4,5.2,5.5
075033,1.7,2.1,2.2,2.5,2.6,2.8,2.6,3.4,3.2,2.9,3.5,3.3,3.4,3.3,4.0,3.7,4.2,4.6,4.7,5.3,4.6,5.3,5.5,6.3,6.5
075034,2.5,2.3,2.5,2.6,2.9,2.8,3.1,3.5,3.5,3.6,3.8,4.2,3.5,3.7,3.9,4.5,4.6,4.4,4.8,5.1,4.9,5.3,5.8,6.6,6.7
075035,2.4,2.4,2.7,2.8,2.7,3.2,3.0,3.4,3.8,3.7,3.9,4.1,4.0,3.9,3.7,4.2,4.4,4.5,4.9,5.5,4.8,5.2,6.0,6.0,6.2
075036,2.9,3.0,3.5,3.5,3.7,3.7,4.3,4.2,4.8,4.5,4.7,4.7,4.8,4.4,5.1,5.1,5.5,5.6,5.7,6.3,5.4,6.5,6.5,7.1,7.7
075037,2.2,2.2,2.5,2.7,2.8,2.8,3.2,3.7,3.6,3.9,3.7,4.2,4.0,3.7,4.2,4.7,4.5,5.0,4.9,5.0,4.8,5.9,6.1,6.3,7.2
075038,2.4,2.6,2.8,3.2,3.6,3.5,3.6,3.7,4.0,3.6,3.8,4.6,4.2,4.0,4.3,4.5,4.6,5.4,5.5,6.0,5.3,5.5,7.0,6.8,6.9
075039,2.2,2.3,2.7,2.9,3.4,3.3,3.5,3.6,3.9,3.9,3.5,4.0,3.6,3.8,3.9,4.6,4.6,5.0,5.1,5.2,5.0,5.6,5.8,6.3,6.6
075040,1.7,1.5,2.0,2.1,2.1,2.3,2.5,2.6,3.1,2.4,2.8,3.1,3.0,3.0,3.0,3.4,3.5,3.5,3.9,4.5,3.7,4.4,5.0,5.6,5.2
075041,2.6,2.4,2.8,2.7,2.8,3.1,3.2,3.8,3.4,3.5,3.4,3.6,3.8,3.6,3.7,4.2,4.2,4.2,4.5,4.8,4.4,4.7,5.3,5.6,6.1
075042,3.2,3.5,3.8,3.8,4.1,4.1,4.2,4.8,5.5,4.9,4.8,5.4,5.0,5.0,5.4,5.4,5.6,5.9,6.4,6.4,5.9,7.0,7.2,7.8,7.7
075043,1.8,2.1,2.1,2.3,2.6,2.4,3.1,3.0,3.1,3.2,3.7,3.6,3.4,3.2,3.6,3.7,4.0,4.2,4.3,5.2,4.8,5.4,5.4,5.6,6.6
075044,2.7,2.9,3.1,3.3,3.2,3.8,3.5,4.2,4.5,3.7,4.2,4.6,4.5,4.1,4.5,4.7,4.9,5.3,5.4,5.6,5.4,5.9,6.2,6.7,7.3
075045,2.0,2.1,2.2,2.6,2.6,2.4,2.9,3.2,3.0,2.9,3.1,3.4,3.2,3.4,3.5,3.4,3.7,4.2,4.2,4.5,4.0,4.4,4.9,5.7,6.0
075046,1.4,1.4,1.5,1.7,1.7,2.0,2.0,2.1,2.3,2.1,2.3,2.5,2.4,2.3,2.6,2.5,2.6,2.7,3.0,3.4,3.0,3.4,3.6,4.2,4.7
075047,1.3,1.5,1.4,1.5,1.5,2.1,2.0,2.2,2.2,2.1,2.3,2.5,2.4,2.3,2.4,2.4,2.9,3.0,3.2,3.3,2.9,3.2,4.4,4.6,4.5
075048,2.7,3.1,2.7,3.5,3.7,3.8,4.2,4.2,5.0,4.4,4.5,5.4,5.3,5.3,5.3,5.5,5.8,6.1,6.3,7.0,6.8,6.7,7.7,8.7,9.2
075049,2.0,2.3,2.5,2.4,2.5,2.8,2.8,3.1,3.2,3.3,3.4,3.8,3.6,3.3,3.4,3.9,3.8,4.5,4.6,4.8,4.7,4.7,5.3,5.8,6.3
075050,2.1,2.1,2.5,2.8,2.8,3.1,3.1,3.3,3.3,3.1,3.7,3.8,3.8,3.6,4.0,4.1,4.4,4.5,4.9,5.2,4.9,5.0,5.5,6.1,6.2
075051,2.6,2.9,2.8,3.2,3.1,3.5,3.5,4.2,4.3,3.8,4.5,4.6,4.2,4.5,4.3,4.8,5.2,5.2,5.3,5.8,5.6,5.7,6.4,7.9,7.5
075052,1.5,1.8,1.8,1.9,2.0,2.3,2.5,2.3,2.8,2.7,2.8,2.9,2.9,3.1,3.1,3.3,3.4,3.4,3.9,3.8,4.0,4.1,5.2,5.0,6.0
075053,3.2,3.0,3.5,3.4,3.8,4.2,4.5,4.6,4.4,4.9,5.0,5.3,4.7,4.8,4.9,5.3,5.8,5.8,5.9,6.7,5.9,6.7,7.5,8.0,8.2
075054,1.6,1.4,1.6,1.7,2.2,2.1,2.4,2.3,2.2,2.5,2.4,2.6,2.8,2.4,2.6,3.0,3.0,3.2,3.4,3.7,3.5,3.4,4.2,4.6,4.9
075055,1.1,1.1,1.2,1.4,1.6,1.6,1.8,2.1,2.1,2.2,2.2,2.5,2.2,2.2,2.3,2.7,2.5,3.1,3.1,3.3,3.1,3.8,3.7,4.4,4.2
075056,2.3,2.4,2.5,2.4,2.9,3.1,3.5,3.6,3.2,3.5,3.6,3.6,3.7,3.8,3.7,4.1,4.3,4.1,4.9,4.8,5.0,4.9,5.6,6.8,6.9
075057,1.9,2.1,2.4,2.5,2.6,3.0,3.0,3.1,3.5,3.2,3.5,3.5,3.7,3.6,3.8,4.0,3.9,4.6,4.8,5.1,4.9,5.2,5.6,6.0,6.6
075058,1.7,2.1,2.0,2.3,2.6,2.4,2.6,2.8,3.3,3.1,3.4,3.2,3.6,3.1,3.3,3.9,3.9,4.4,4.5,4.6,4.8,5.3,5.8,6.1,6.3
075059,2.0,2.1,2.1,2.4,2.6,3.1,2.6,3.1,3.2,3.5,3.4,4.1,3.6,3.7,3.9,4.0,4.4,4.3,5.3,4.9,4.3,4.9,5.7,6.4,6.6
075060,2.3,2.4,2.7,2.9,3.3,3.2,3.8,3.9,3.8,4.2,4.3,4.3,4.1,4.0,4.2,4.4,4.6,5.1,5.0,5.8,5.5,6.0,6.4,7.0,7.5
075061,2.7,3.0,3.3,3.6,3.7,3.9,4.4,4.4,4.5,4.8,4.7,5.1,4.7,4.6,4.7,5.3,5.2,5.7,6.2,6.1,6.0,6.1,7.0,7.1,7.9
075063,1.6,1.6,1.8,1.9,2.1,2.1,2.8,2.5,2.4,2.6,2.8,3.1,2.8,3.1,3.1,3.2,3.5,3.5,3.8,4.0,3.7,4.1,4.5,4.8,5.1
075064,2.8,3.2,3.2,3.6,3.6,4.0,4.2,4.3,4.1,4.9,4.7,4.9,5.1,4.4,4.5,5.2,5.8,6.1,5.9,6.8,6.0,6.3,7.2,8.0,8.5
075065,2.4,2.6,2.9,3.1,3.2,3.6,3.4,3.9,4.0,4.2,4.5,4.3,4.3,4.1,4.6,4.7,4.6,4.9,5.3,5.4,5.3,5.7,6.5,7.0,6.7
075066,2.9,3.3,3.5,3.8,4.4,4.6,4.5,5.1,5.5,4.9,5.9,5.6,5.6,5.7,5.8,6.1,6.6,7.0,7.1,7.1,6.7,7.5,8.6,9.6,9.7
075067,1.6,2.0,2.1,2.1,2.3,2.3,2.6,2.6,3.0,2.6,3.0,3.4,2.7,2.9,3.1,3.3,3.4,3.7,3.9,4.0,3.6,4.0,4.6,5.5,5.2
075068,3.9,4.2,4.2,4.9,4.3,5.0,5.4,5.4,6.0,5.6,5.8,6.6,6.3,5.5,6.1,6.3,6.8,6.9,7.2,7.7,7.1,7.7,8.4,8.5,9.6
075069,2.0,2.4,2.3,3.0,2.8,3.0,3.1,3.3,3.7,3.2,3.8,3.9,3.7,3.5,3.9,4.1,4.3,4.4,4.6,5.1,4.6,5.2,5.4,6.2,6.7
075070,3.5,3.5,3.6,4.1,4.2,4.5,4.6,4.9,5.4,4.8,5.3,5.8,5.7,5.4,5.4,5.8,6.3,6.2,7.2,6.9,6.8,7.3,7.8,8.5,8.4
075071,2.5,3.0,2.9,2.9,3.1,3.4,3.5,4.1,4.5,3.8,4.2,4.3,4.1,4.1,4.3,4.5,4.7,5.0,5.3,5.3,5.5,6.1,6.0,6.9,6.8
075072,1.5,1.6,1.7,1.9,2.0,2.1,2.3,2.3,2.4,2.4,2.5,2.6,2.6,2.3,2.8,2.9,3.2,3.3,3.3,3.5,3.5,3.7,4.1,4.8,4.9
075073,1.0,1.1,1.2,1.2,1.5,1.5,1.8,1.7,2.1,1.9,1.9,2.1,2.0,1.8,2.2,2.5,2.2,2.6,2.8,3.0,2.5,3.0,3.5,4.1,4.0
075074,2.5,2.5,2.8,3.1,3.1,3.6,3.5,4.0,4.2,4.0,4.4,4.7,4.3,3.9,4.4,4.9,5.1,5.4,5.1,5.9,5.4,5.5,6.8,7.4,7.8
075075,1.2,1.3,1.4,1.6,1.5,1.7,1.8,2.3,2.4,2.1,2.1,2.5,2.3,2.3,2.6,3.0,3.0,3.1,3.4,3.6,3.2,3.9,4.3,4.6,5.4
075076,2.8,2.8,3.0,3.0,3.0,3.3,3.8,3.9,3.9,4.0,4.0,4.4,4.2,4.0,4.1,4.4,4.3,5.0,5.0,5.2,5.2,5.2,5.8,6.7,7.2
075077,2.7,2.9,3.0,3.4,3.5,3.9,4.0,4.2,4.6,4.1,4.6,4.6,5.0,4.5,4.6,5.1,5.2,5.5,5.7,5.9,5.6,6.5,6.9,7.4,8.3
075078,1.5,1.8,1.8,2.1,2.3,2.6,2.6,2.7,2.9,3.0,3.0,3.5,3.3,3.3,3.4,3.6,3.9,4.2,4.3,4.3,4.2,4.6,5.0,6.4,5.9
075079,1.4,1.7,2.0,2.0,2.2,2.3,2.7,2.9,2.7,2.8,3.1,3.5,3.2,3.1,3.0,3.1,3.6,4.1,4.0,4.0,4.0,4.4,4.8,5.8,5.6
075080,2.0,2.1,2.5,2.6,2.6,3.1,3.2,3.4,3.8,3.4,3.5,4.2,4.1,3.5,4.0,3.9,4.6,4.6,5.5,5.7,5.4,5.8,6.0,6.5,7.2
075081,1.4,1.8,1.8,2.1,2.0,2.1,2.4,2.4,2.7,2.5,2.6,2.9,3.0,2.7,2.9,3.3,3.4,3.7,4.2,3.9,3.9,4.1,4.8,4.9,5.4
075082,3.1,3.3,3.7,4.0,4.1,4.3,4.6,4.3,4.6,4.9,4.9,5.3,5.1,4.9,5.1,5.3,6.1,6.6,6.8,6.9,6.0,6.9,8.1,8.4,8.2
075083,2.0,2.3,2.5,2.7,3.0,3.0,3.1,3.6,3.9,3.3,3.9,4.2,3.7,4.0,4.1,4.3,4.6,4.7,5.0,5.1,4.9,5.4,6.1,6.6,6.9
075084,1.9,1.9,2.0,2.2,2.3,2.6,2.4,2.6,2.7,2.8,2.8,3.0,2.8,2.8,3.2,3.1,3.4,3.7,3.6,4.0,3.7,4.2,4.7,4.9,4.9
075085,2.0,2.2,2.2,2.3,2.6,2.6,2.8,2.9,3.3,3.0,3.3,3.3,3.3,3.0,3.1,3.5,3.9,3.9,3.8,3.9,4.1,4.2,5.4,5.5,5.3
075086,2.3,2.4,2.4,2.8,2.8,3.3,3.1,3.5,3.6,3.4,3.9,4.1,4.0,3.5,4.1,3.9,4.2,4.6,4.8,5.1,4.9,5.3,5.5,6.2,7.0
075087,3.8,4.0,4.1,3.9,4.6,5.0,5.3,5.5,5.4,4.9,5.7,5.7,6.0,5.9,6.2,6.7,6.4,7.2,7.3,7.4,7.2,7.9,8.8,9.0,9.6
075088,2.1,2.2,2.5,2.5,2.5,3.0,2.9,3.0,3.3,3.4,3.7,3.7,3.6,3.6,3.6,3.9,4.2,4.2,4.5,4.6,4.5,5.4,5.4,5.5,6.2
075089,1.2,1.1,1.3,1.5,1.6,1.7,2.1,2.0,2.0,2.2,2.1,2.7,2.2,2.3,2.4,2.5,2.7,3.0,3.1,3.3,3.1,3.8,3.8,4.2,4.4
075090,2.6,2.8,3.1,3.4,3.4,3.7,4.0,4.2,4.7,4.4,4.5,4.9,4.4,4.5,4.5,4.7,5.4,5.6,5.6,6.4,5.4,7.0,6.6,7.4,8.2
075091,2.5,2.5,2.7,3.1,3.3,3.3,3.7,3.8,3.9,3.7,4.0,4.2,4.0,3.8,4.0,4.0,4.9,5.2,5.0,5.3,4.6,5.7,5.8,6.6,6.7
075092,2.8,3.3,3.7,3.5,3.8,4.5,4.1,4.4,4.9,4.5,4.8,5.0,5.3,5.0,5.0,5.2,5.6,6.0,6.2,6.5,6.6,6.5,7.7,8.0,8.4
075093,2.5,2.8,2.8,3.1,3.3,3.5,3.8,3.8,4.0,4.0,4.0,4.3,4.2,4.4,4.4,4.7,4.6,5.1,5.6,5.7,5.6,6.1,6.6,7.4,7.3
075094,1.3,1.3,1.6,1.7,1.8,2.0,2.3,2.2,2.7,2.2,2.6,2.8,2.8,2.6,2.7,3.0,3.2,3.4,3.6,3.7,3.7,4.3,4.4,5.2,5.2
075095,2.4,2.6,2.2,2.8,3.0,3.1,3.8,3.7,4.2,3.8,4.3,4.5,4.4,4.2,4.3,5.0,5.1,4.9,5.9,5.4,5.3,6.3,6.8,7.1,7.8
075096,1.7,1.8,2.0,1.9,2.1,2.6,2.5,2.4,3.0,2.9,3.2,3.1,3.0,3.2,3.4,3.6,3.7,4.0,4.4,4.3,3.8,5.1,4.9,5.7,6.0
075097,2.5,2.8,3.1,3.1,3.2,3.2,3.7,4.0,4.2,4.2,4.3,4.4,4.7,4.5,4.7,4.9,5.1,5.3,5.9,6.0,5.9,6.3,6.5,7.3,7.4
075098,2.1,2.1,2.4,2.4,2.8,2.6,3.4,3.1,3.2,3.2,3.7,3.6,3.9,3.4,3.4,3.8,4.2,4.6,4.8,4.7,4.6,5.4,5.4,6.0,6.6
076001,3.0,3.3,3.7,3.3,4.1,4.3,4.3,4.6,4.6,4.7,4.3,5.0,5.2,4.7,5.0,5.1,5.5,5.7,6.1,6.4,5.6,6.5,6.8,7.6,7.9
076002,2.6,2.7,2.8,3.0,3.5,3.5,3.5,3.8,3.9,3.7,4.3,4.0,4.1,4.1,4.2,4.3,4.3,4.5,5.0,4.9,4.8,5.5,6.2,6.7,6.4
076003,3.2,3.1,3.5,3.5,3.8,4.2,4.3,4.4,4.9,4.9,4.5,5.0,4.8,4.7,5.0,5.4,5.5,5.8,6.0,6.7,6.0,6.7,6.8,8.2,7.4
076004,2.7,2.9,2.8,3.4,3.4,3.5,3.9,4.0,4.3,4.1,4.4,4.7,4.3,4.3,4.6,4.9,5.0,5.4,5.7,6.1,5.8,5.7,6.4,7.3,7.2
076005,2.4,2.5,2.6,3.1,2.9,3.1,3.6,3.7,4.1,3.8,3.7,4.6,4.1,4.3,4.5,4.6,4.8,5.1,5.2,5.8,5.6,5.6,6.6,7.1,7.0
076006,2.9,3.1,3.3,3.6,3.7,4.5,4.7,4.7,4.9,5.0,6.0,5.8,5.7,5.2,5.8,5.8,6.5,6.2,6.6,7.8,7.2,8.0,8.2,9.4,9.5
076007,3.5,3.8,3.8,3.9,4.3,4.2,5.1,4.9,5.1,4.9,5.6,5.7,5.7,5.6,6.1,5.6,5.9,6.1,6.6,6.9,6.6,7.0,7.7,8.6,8.8
076008,1.6,1.8,2.2,2.3,2.6,2.4,2.8,3.1,2.9,2.8,3.2,3.3,3.1,2.9,3.4,3.6,3.6,3.8,4.3,4.3,3.9,4.5,5.0,5.9,5.7
076009,1.2,1.5,1.6,1.7,1.9,1.9,2.0,2.3,2.3,2.4,2.3,2.7,2.5,2.2,2.5,2.7,3.1,3.8,3.7,3.8,3.5,3.8,4.2,5.0,5.4
076010,2.3,2.5,2.8,2.8,2.9,3.3,3.2,3.7,4.3,3.7,3.8,4.0,4.1,4.1,4.0,4.3,4.7,4.8,4.6,4.9,5.0,5.6,6.0,6.6,7.0
076011,1.4,1.5,1.5,1.8,2.0,2.0,2.0,2.2,2.5,2.4,2.6,2.7,2.5,2.7,2.7,2.9,3.2,3.3,3.5,3.6,3.5,3.9,4.5,5.1,5.1
076012,2.3,2.3,2.3,2.4,2.7,2.5,2.7,3.3,3.7,3.4,3.3,3.8,3.5,3.5,3.6,3.7,4.0,3.9,4.6,4.5,3.9,4.8,5.4,5.7,5.5
076013,2.6,2.4,2.7,2.9,3.1,3.1,3.5,3.9,3.8,3.8,4.2,4.2,4.0,4.0,4.5,4.6,5.1,5.1,5.0,5.5,4.8,5.5,6.4,6.7,6.9
076014,2.0,2.3,2.3,2.6,3.2,3.0,3.2,3.4,3.7,3.5,3.6,3.9,3.8,3.7,4.1,4.2,4.5,4.5,5.1,5.2,4.9,5.2,6.0,6.3,6.9
076015,2.4,2.6,2.6,2.7,3.2,3.2,3.4,3.7,4.0,4.1,4.2,4.5,4.5,4.0,4.1,4.7,4.8,5.2,5.3,5.1,5.0,5.6,6.4,6.9,7.7
076016,2.3,2.7,2.6,3.0,3.0,3.5,3.2,3.5,3.6,3.6,3.6,3.9,4.1,3.3,4.1,4.4,4.3,4.5,4.5,4.9,5.0,5.2,6.1,6.4,6.9
076017,2.1,2.2,2.6,2.4,2.5,2.6,2.8,2.8,3.2,3.2,3.2,3.5,3.6,3.4,3.4,4.0,3.9,4.1,4.5,4.7,4.5,4.7,5.3,5.7,5.8
076018,1.3,1.4,1.5,1.5,1.7,1.7,2.3,2.1,2.4,2.2,2.7,2.8,2.9,2.7,2.8,3.0,3.0,3.8,3.3,3.7,3.6,3.8,4.6,5.6,4.9
076019,2.5,2.6,2.7,2.8,2.9,3.4,3.3,3.5,4.0,3.6,4.0,4.0,4.2,4.0,4.0,4.5,4.6,4.6,5.2,5.3,4.8,5.9,6.0,6.4,6.9
076020,3.4,3.6,3.7,3.8,4.5,4.4,5.0,5.2,5.0,4.9,5.2,5.1,5.5,5.5,5.6,5.8,6.3,6.2,6.5,6.9,6.3,7.0,7.9,8.5,8.4
076021,2.2,2.3,2.2,2.8,2.8,2.9,3.4,3.5,3.9,3.3,4.0,4.1,3.5,3.8,3.9,4.0,4.1,4.6,5.1,5.2,5.1,5.8,6.3,7.0,6.7
076022,2.3,2.2,2.5,2.6,2.7,3.0,3.1,3.4,3.8,3.4,3.7,4.1,4.4,4.2,4.1,4.0,4.6,5.0,4.8,5.5,4.9,5.7,6.2,6.6,7.2
076023,2.2,2.4,2.2,2.7,2.6,2.9,3.6,3.3,3.6,3.6,3.6,3.6,4.0,3.9,4.0,4.2,4.3,4.8,4.8,5.3,4.9,5.3,6.1,6.6,6.9
076024,3.0,3.1,3.4,3.7,3.7,4.0,4.1,4.6,5.0,4.5,4.7,5.4,5.3,4.9,5.3,5.2,5.8,5.6,6.3,6.0,6.4,6.9,7.4,8.0,7.7
076025,2.7,3.4,3.3,3.3,3.8,4.1,4.2,4.4,4.7,4.6,4.4,4.9,4.9,4.8,4.7,5.3,5.4,6.3,5.9,6.7,6.2,6.9,7.3,8.2,8.1
076026,1.7,1.9,1.9,2.1,2.4,2.4,2.5,2.8,2.9,3.1,3.1,3.2,3.3,3.1,3.3,3.7,3.8,4.0,4.1,4.7,4.0,4.4,5.4,5.3,6.1
076027,1.3,1.5,1.7,1.9,2.0,2.0,2.2,2.2,2.5,2.3,2.3,2.8,2.6,2.5,2.5,2.7,3.1,3.4,3.4,3.6,3.4,3.9,4.2,4.7,4.6
076028,1.8,2.0,2.1,2.4,2.8,2.7,2.7,3.2,3.4,3.4,3.6,4.0,3.6,3.5,4.0,4.1,4.3,4.6,4.7,4.6,4.4,5.3,5.7,6.3,6.6
076029,1.7,2.1,2.2,2.0,2.3,2.3,2.6,3.0,3.2,3.2,3.2,3.4,3.4,3.2,3.8,3.8,4.3,4.6,4.8,4.7,4.2,5.2,5.4,6.5,6.3
076030,2.2,2.1,2.6,2.6,3.0,2.7,3.0,3.0,3.3,3.2,3.0,3.7,3.2,2.9,3.5,3.5,3.9,3.5,4.0,4.2,3.7,4.2,4.7,5.0,5.3
076031,1.4,1.5,1.5,1.6,2.0,2.2,2.2,2.3,2.6,2.4,2.6,2.8,3.0,2.7,2.9,2.6,3.0,3.5,3.5,3.8,3.4,4.0,4.1,4.8,4.9
076032,2.2,2.2,2.8,2.8,2.8,2.8,3.1,3.4,3.9,3.5,4.1,4.0,4.0,3.9,4.1,4.2,4.7,5.1,5.1,5.6,5.1,5.1,6.1,6.8,6.7
076033,2.8,2.7,3.2,3.6,3.5,3.8,4.1,4.3,4.5,4.5,4.7,4.9,4.8,4.1,4.9,4.9,5.4,6.4,5.9,6.1,5.7,6.7,7.3,7.8,7.7
076034,2.7,3.0,3.1,3.6,3.5,4.2,3.7,4.2,4.7,4.5,4.7,5.1,4.7,4.4,4.8,4.9,5.3,5.3,6.3,6.3,5.3,6.4,6.6,7.7,7.8
076035,1.4,1.6,1.8,1.9,2.1,2.1,2.4,2.8,2.7,2.5,2.8,3.0,2.8,2.8,3.2,3.3,3.4,3.8,4.1,4.2,4.2,4.3,4.8,5.5,5.6
076036,3.0,2.8,2.9,3.3,3.4,3.7,3.7,4.4,4.6,4.1,4.8,4.7,4.6,4.6,4.7,4.9,5.0,5.9,5.8,6.3,5.8,6.9,6.6,8.0,8.1
076037,3.1,3.5,3.9,3.6,3.9,4.2,5.1,4.7,5.4,5.1,5.2,5.5,5.3,4.9,5.4,5.7,5.7,6.1,6.6,7.0,6.6,6.9,7.7,8.2,8.0
076038,1.3,1.1,1.2,1.4,1.5,1.6,1.9,1.9,2.1,1.9,2.1,2.3,2.1,2.1,2.3,2.5,2.5,2.9,2.9,3.0,2.9,2.8,3.5,3.9,3.8
076039,1.1,1.3,1.4,1.6,1.5,1.8,1.9,1.9,2.0,2.0,2.3,2.5,2.2,2.1,2.3,2.4,2.9,2.9,3.1,3.2,3.4,3.9,4.2,4.5,4.7
076040,2.0,2.2,2.1,2.4,2.5,2.8,2.7,3.3,3.4,3.2,3.3,3.8,3.7,3.6,4.0,3.7,4.5,4.8,4.8,5.0,4.8,5.3,5.9,6.4,6.4
076041,2.1,2.4,2.4,2.7,3.0,3.2,3.5,3.6,4.0,4.0,4.1,4.0,4.4,4.0,4.6,4.5,4.8,5.2,5.7,5.6,5.3,6.2,7.1,7.4,7.8
076042,2.8,2.7,3.0,3.3,3.6,3.5,3.7,4.3,4.4,4.3,4.4,4.6,4.5,4.3,4.3,4.6,5.1,5.2,5.9,6.1,5.2,5.7,6.7,6.8,7.2
076043,1.6,2.1,2.2,2.2,2.8,2.6,3.0,3.1,3.6,3.3,3.4,4.2,3.7,3.6,3.9,3.8,4.0,4.4,5.0,5.4,4.6,4.8,5.8,6.2,6.7
076044,2.9,2.7,3.4,3.4,3.4,3.7,4.1,4.4,4.3,4.4,4.7,4.7,4.5,4.4,5.1,5.0,5.4,5.7,5.7,6.5,5.7,6.5,6.8,7.5,7.6
076045,3.1,3.0,3.1,3.4,3.5,3.6,4.3,4.5,4.8,4.3,4.5,5.0,4.9,4.5,4.6,5.2,5.5,5.5,5.8,5.9,5.7,6.8,6.7,7.6,7.5
076046,2.7,2.7,2.7,2.5,3.1,3.2,3.6,3.7,4.0,3.9,3.7,4.6,4.4,4.3,4.4,4.4,4.8,5.0,5.7,5.7,5.4,5.3,6.9,7.2,7.0
076047,2.6,3.0,3.1,3.2,3.4,3.7,3.8,4.1,4.5,4.3,4.8,4.9,5.0,4.9,4.7,4.9,5.2,5.7,5.9,6.3,5.6,6.6,7.2,6.9,7.5
076048,3.1,3.4,3.6,3.2,4.0,4.2,4.4,4.6,4.8,4.9,4.9,5.2,5.3,4.6,5.3,5.5,5.8,5.5,5.8,6.4,6.2,6.8,7.2,7.5,8.1
076049,1.8,2.2,2.2,2.3,2.5,2.7,3.0,2.9,3.2,3.0,3.5,3.8,3.1,3.1,3.3,3.2,3.8,3.8,4.1,4.1,3.7,3.8,4.6,5.4,5.5
076050,2.8,3.3,3.4,3.7,3.8,4.1,4.1,4.6,4.8,4.8,4.6,5.2,4.8,4.8,5.2,5.7,5.9,6.3,6.6,6.7,5.8,7.5,7.1,8.2,8.7
076051,3.0,3.5,3.4,4.2,4.5,4.5,4.7,4.6,5.1,5.0,5.5,5.7,5.6,5.0,5.5,6.2,6.1,6.7,7.0,6.9,6.9,7.7,8.5,8.3,8.6
076052,2.6,2.8,3.0,3.1,3.4,3.3,3.5,3.8,4.1,3.6,3.8,4.1,4.0,3.8,4.1,4.0,4.8,4.8,5.3,5.0,4.9,5.5,5.9,6.3,7.1
076053,1.3,1.7,1.7,1.9,2.1,2.1,2.3,2.6,2.8,2.5,2.9,3.2,2.8,2.9,3.0,3.3,3.4,3.6,3.8,4.1,3.9,4.5,4.5,5.2,5.4
076054,3.6,3.8,4.0,4.2,4.7,4.6,4.7,5.4,5.6,5.3,5.0,5.6,5.4,5.6,5.6,5.5,6.2,6.4,6.6,6.8,6.6,7.1,8.0,8.7,9.2
076055,1.8,2.0,2.2,2.1,2.4,2.4,2.8,2.9,3.0,3.1,3.2,3.5,3.4,3.3,3.3,3.8,4.1,4.2,4.5,4.5,4.4,4.3,5.5,5.6,6.0
076056,1.7,1.8,2.1,2.4,2.3,2.6,2.6,2.8,3.1,2.7,3.1,3.6,3.2,3.4,3.4,3.5,3.6,3.8,4.1,4.2,4.3,4.5,5.1,5.6,6.3
076057,2.0,2.0,2.1,2.3,2.5,2.2,2.6,2.9,3.1,3.3,2.9,3.4,3.0,2.8,3.5,3.4,3.5,4.0,4.1,4.3,3.8,4.4,5.0,5.2,5.7
076058,1.4,1.7,1.6,1.8,2.1,2.1,2.2,2.4,2.3,2.6,2.5,3.0,2.8,2.9,2.9,3.1,3.3,3.3,3.7,3.8,3.7,4.3,4.6,5.0,5.1
076059,2.1,2.0,2.3,2.2,2.5,2.6,2.8,3.0,2.9,3.0,3.6,3.4,3.2,3.2,3.4,3.4,3.7,3.8,3.8,4.3,3.8,4.4,5.3,5.3,6.2
076060,2.9,3.2,3.3,3.5,3.5,3.9,3.9,4.0,4.3,4.0,4.1,4.2,4.1,4.1,4.0,4.4,3.9,4.6,4.5,4.6,4.2,4.7,5.0,5.6,5.8
076061,3.4,3.8,4.2,4.1,4.7,4.5,5.2,5.2,5.4,5.0,5.4,5.7,5.4,5.4,6.0,6.2,6.3,6.5,6.9,7.0,6.2,7.3,8.0,8.6,8.8
076062,1.9,2.0,2.1,2.4,2.5,2.5,3.3,3.4,3.1,3.3,3.0,3.5,3.8,3.4,3.6,3.8,3.9,4.4,4.4,4.3,4.2,5.2,5.4,6.2,6.3
076063,3.3,3.7,3.8,3.7,4.3,4.7,4.7,4.9,5.2,5.1,5.3,5.7,5.7,5.0,5.8,5.9,6.3,6.3,6.9,7.2,6.6,7.6,7.9,8.8,9.1
076064,2.9,2.9,3.2,3.3,3.1,3.5,4.1,3.8,4.1,3.9,4.0,4.6,4.6,4.5,4.5,5.2,5.3,5.1,5.3,5.8,5.2,5.8,6.4,6.9,6.9
076065,1.7,1.8,1.8,2.1,2.2,2.5,2.8,2.6,3.1,2.6,2.8,3.3,3.1,2.7,3.3,3.5,3.6,3.8,4.0,4.4,3.8,4.1,4.4,5.5,5.6
076066,2.1,2.3,2.5,2.6,2.9,3.3,3.1,3.6,3.9,3.7,3.6,3.9,3.6,3.8,3.8,4.0,4.8,4.6,4.7,5.0,4.6,4.9,5.6,6.1,6.2
076067,2.9,3.3,3.5,3.7,3.4,3.8,4.5,4.4,4.7,5.0,4.9,4.9,4.9,4.8,5.2,5.4,5.6,5.9,6.3,6.4,6.5,6.6,7.1,7.6,8.2
076068,2.4,2.6,2.6,3.1,3.3,3.5,3.8,4.2,4.4,4.0,4.4,4.6,4.4,4.4,5.0,4.8,5.4,6.0,5.9,6.0,6.0,6.3,7.0,7.6,8.3
076069,1.8,1.9,2.2,2.4,2.6,2.7,2.4,2.9,3.4,3.1,3.5,3.5,3.6,3.6,3.6,3.7,4.1,4.2,4.3,4.5,4.3,4.8,5.3,5.5,6.1
076070,2.1,2.3,2.4,2.7,2.8,2.7,3.1,3.2,3.2,3.4,3.4,3.7,3.6,3.2,3.5,3.9,4.1,3.8,4.4,4.6,4.2,4.7,4.9,5.8,5.7
076071,1.8,1.8,1.9,2.1,2.5,2.6,3.0,3.2,3.5,3.2,3.5,3.4,3.4,3.3,3.5,3.8,4.4,4.8,4.8,4.6,4.5,4.8,5.6,6.2,5.9
076072,3.2,3.6,3.5,3.9,4.1,4.3,4.1,4.6,4.9,5.1,5.2,5.7,5.6,5.0,5.2,5.2,5.9,5.8,6.2,6.8,6.4,7.1,7.7,7.9,8.8
076073,2.7,2.8,2.6,2.6,3.1,3.3,3.6,4.1,4.2,4.1,4.3,4.5,4.3,4.0,4.7,5.0,4.5,5.6,5.1,6.1,5.3,6.1,7.4,7.4,8.1
076074,1.5,1.6,2.0,2.0,2.2,2.2,2.5,2.8,2.7,2.7,3.1,2.9,2.9,3.1,3.0,3.2,3.5,3.5,3.9,4.1,3.8,4.4,5.1,5.6,5.6
076075,2.3,2.4,2.7,2.8,3.0,2.8,3.1,3.7,4.0,3.4,3.5,4.2,3.5,4.0,3.9,3.8,4.3,4.6,4.6,4.8,4.5,4.9,5.4,6.3,6.2
076076,2.4,2.8,2.7,2.8,2.9,3.2,3.8,3.9,4.0,4.0,4.2,4.4,4.6,4.1,4.4,4.9,4.9,5.3,5.2,5.9,5.1,5.9,6.4,6.7,7.3
076077,2.1,2.2,2.3,2.5,3.0,2.8,3.2,3.4,3.4,3.3,3.4,3.7,3.4,3.6,3.7,4.1,4.2,4.5,4.8,4.6,4.9,5.6,6.3,6.2,6.6
076078,3.0,3.5,3.5,4.0,3.7,3.8,4.1,4.1,4.5,4.6,4.4,5.0,4.6,4.7,4.8,5.2,5.7,5.9,5.7,5.8,5.9,6.7,7.0,7.5,7.5
076079,2.7,3.2,2.7,3.6,3.8,3.6,4.2,4.1,4.7,4.6,4.7,4.6,5.1,4.8,4.9,5.4,5.1,5.8,6.4,6.5,5.7,6.7,7.1,8.0,8.1
076080,3.2,3.6,3.6,4.3,4.3,4.3,4.5,5.2,5.4,5.0,5.7,5.6,5.7,5.7,5.7,6.2,6.0,7.2,7.7,6.9,6.9,7.4,8.3,8.6,9.0
076081,1.3,1.5,1.5,1.7,1.9,1.8,2.1,2.3,2.3,2.3,2.6,3.1,2.4,2.5,3.0,3.1,3.4,3.3,3.7,3.9,3.6,4.2,4.6,5.0,5.3
076082,2.9,3.1,2.9,3.1,3.6,3.7,3.6,3.9,4.1,4.2,4.4,4.7,4.5,4.6,4.8,4.6,5.0,5.1,5.7,5.4,5.3,6.3,6.6,7.4,7.3
076083,0.9,0.9,1.0,0.9,1.2,1.2,1.3,1.4,1.6,1.8,1.6,1.8,1.6,1.7,1.7,1.9,2.0,2.1,2.5,2.5,2.5,2.5,3.0,3.3,3.8
076084,1.9,1.9,1.9,2.0,2.2,2.4,2.7,2.6,3.0,2.5,2.8,3.1,2.9,3.0,3.1,3.6,3.7,3.6,4.1,4.1,3.8,4.4,5.1,5.3,5.7
076085,2.7,2.7,2.9,3.1,3.4,3.3,3.4,3.7,3.9,3.8,4.0,4.4,4.1,3.8,4.2,4.6,4.8,5.0,5.1,5.2,5.4,5.6,6.2,6.3,6.5
076086,2.9,2.7,2.9,3.1,3.5,3.5,4.1,3.8,4.6,4.0,4.4,4.4,4.6,4.4,4.5,4.8,5.0,5.9,5.7,5.5,5.4,6.1,6.7,7.7,7.4
076087,1.4,1.6,1.6,1.8,1.9,2.2,2.3,2.2,2.7,2.7,2.7,2.9,2.8,2.9,2.8,2.9,3.0,3.5,3.8,4.3,3.6,3.9,4.6,4.8,5.5
076088,1.6,1.9,2.0,2.1,2.3,2.2,2.2,2.5,2.9,2.7,2.8,3.1,3.2,3.0,3.0,3.6,4.0,4.3,4.3,4.5,4.4,4.6,5.2,5.5,5.8
076089,2.3,2.2,2.5,2.4,2.7,2.9,3.1,3.1,3.8,3.4,3.8,3.7,3.9,3.6,4.1,4.0,4.6,4.7,4.9,5.2,4.7,5.2,5.8,5.8,6.4
076090,1.7,1.9,2.2,2.3,2.5,2.5,3.0,2.8,3.1,3.0,3.0,3.2,3.2,3.1,3.4,3.6,3.9,3.8,4.0,4.4,4.0,4.8,5.2,5.6,5.9
076091,2.1,2.1,2.3,2.4,2.7,2.5,3.0,3.0,3.7,3.3,3.5,3.5,3.5,3.4,3.4,3.9,4.0,4.3,4.4,4.7,4.2,4.4,5.2,6.1,6.0
076092,2.7,3.0,2.9,3.2,3.7,3.7,4.1,4.5,4.6,4.5,4.5,4.7,4.4,4.5,5.2,4.6,5.9,5.8,5.9,5.8,5.7,6.7,6.7,7.3,7.9
076093,1.9,2.3,2.6,2.7,3.2,3.1,3.1,3.4,3.4,3.3,3.5,3.9,3.6,3.2,4.0,4.1,4.0,4.4,4.6,4.9,4.7,4.9,5.6,6.0,6.3
076094,1.2,1.4,1.4,1.5,1.7,1.8,1.9,2.1,2.1,2.0,2.5,2.4,2.4,2.4,2.4,3.0,3.0,3.1,3.2,3.4,3.1,3.4,3.9,4.4,4.7
076095,3.1,3.6,3.9,3.9,4.0,4.0,4.6,4.4,4.6,4.8,5.0,5.2,5.2,5.1,5.1,5.6,6.2,6.2,6.7,6.4,6.2,7.0,7.7,8.4,8.5
076096,1.6,1.9,2.0,2.0,2.2,2.4,2.4,2.6,3.2,2.7,3.2,3.4,3.3,3.5,3.4,3.8,3.8,3.7,5.0,4.5,4.2,4.7,5.2,5.8,6.2
076097,2.1,2.1,2.3,2.7,2.5,2.7,2.9,3.2,3.1,3.0,3.5,3.9,3.2,3.5,3.4,3.5,3.9,4.1,4.5,4.4,4.3,4.4,5.3,5.3,5.6
076098,1.7,1.9,1.7,2.0,1.9,2.3,2.4,2.1,2.7,2.8,2.7,2.7,2.7,2.8,2.9,2.9,3.3,3.4,3.6,3.9,3.5,3.9,4.5,5.0,5.5
076099,1.7,1.9,2.1,2.2,2.3,2.3,2.8,2.8,2.6,2.8,3.3,3.0,3.2,2.8,2.9,3.1,3.1,3.5,3.7,4.1,3.5,3.8,4.2,4.5,5.4
076100,2.7,2.8,3.1,2.9,3.7,3.9,3.8,4.5,4.6,4.5,4.7,4.8,4.7,4.6,5.2,5.1,5.5,5.7,6.3,6.0,6.3,6.7,7.2,7.3,7.7
077001,1.7,1.9,1.8,1.9,2.1,2.2,2.6,2.6,2.8,3.0,2.9,3.2,3.0,3.0,3.2,3.2,3.4,4.0,4.0,3.9,3.6,4.1,4.9,5.3,5.9
077002,3.1,3.3,3.4,3.4,4.1,3.9,4.4,4.6,4.9,4.8,4.8,5.0,5.2,4.9,5.1,5.9,5.8,6.7,6.3,7.1,6.3,7.1,7.6,7.8,8.1
077003,2.0,2.1,2.3,2.5,2.8,2.7,2.9,3.2,3.1,3.2,3.2,3.7,3.5,3.5,3.5,3.7,4.0,4.3,4.4,4.7,4.4,5.0,5.5,5.8,6.2
077004,1.4,1.8,1.7,2.1,2.1,2.4,2.1,2.6,2.9,2.8,2.8,3.2,2.9,3.0,3.2,3.6,3.6,3.6,4.4,4.4,4.1,4.4,5.2,5.4,6.1
077005,3.0,3.4,3.4,3.8,3.6,4.0,4.0,4.3,4.8,4.5,4.8,4.8,4.7,4.8,5.0,5.2,5.6,6.1,6.2,6.2,5.9,6.3,6.6,7.8,7.9
077006,2.4,2.3,2.8,2.8,2.8,2.9,3.2,3.0,3.6,3.3,3.6,3.8,3.5,3.4,3.7,3.8,4.1,4.1,4.6,4.6,4.4,4.6,5.2,5.4,6.1
077007,2.1,2.2,2.6,2.8,2.9,3.1,3.5,3.6,3.9,3.8,3.6,3.9,3.9,4.2,4.3,4.4,4.7,4.8,5.4,5.0,4.9,6.2,6.7,6.7,7.6
077008,2.6,2.5,2.7,2.9,3.1,3.6,3.7,3.7,3.9,3.4,4.0,4.2,3.9,3.7,3.8,4.4,4.2,4.5,4.9,5.5,4.2,5.2,5.7,6.1,6.2
077009,2.7,2.6,3.2,3.3,3.5,4.0,4.1,4.4,4.6,4.2,4.6,5.2,4.9,4.6,5.1,5.4,5.5,5.9,6.5,7.1,5.5,6.5,7.2,8.0,8.3
077010,2.2,2.5,2.3,2.7,2.9,3.1,3.2,3.1,3.9,3.4,3.7,3.9,3.8,3.9,3.9,4.2,4.2,4.5,4.7,5.2,4.6,5.4,5.9,6.4,6.4
077011,2.4,2.6,2.7,3.0,3.4,3.5,3.6,3.8,4.2,3.7,4.1,4.4,3.9,4.4,4.3,4.6,4.6,5.1,5.4,5.8,4.8,5.6,6.1,7.0,7.3
077012,2.5,2.8,2.7,3.1,3.0,3.5,3.6,3.4,3.6,3.6,3.8,3.9,3.5,3.9,4.1,4.2,4.2,4.4,5.0,4.7,4.5,5.1,5.2,6.1,6.2
077013,3.0,2.9,3.5,3.7,3.9,4.4,4.4,4.4,4.7,5.0,5.0,5.3,5.3,5.4,5.6,6.2,6.1,6.3,7.0,6.9,6.5,7.1,7.6,8.6,9.3
077014,3.7,4.1,4.3,4.8,4.6,5.1,5.1,5.8,5.5,5.6,5.7,6.0,5.9,5.7,6.0,6.7,6.8,7.1,7.2,7.6,7.2,7.7,8.7,9.1,9.4
077015,1.8,1.9,2.0,2.4,2.5,2.5,2.7,2.8,3.0,3.0,3.1,3.4,3.3,3.2,3.2,3.3,3.5,3.7,4.4,4.1,3.7,4.5,4.2,5.4,5.6
077016,1.9,2.2,2.5,2.5,2.8,2.7,3.1,3.3,3.4,3.2,3.7,3.6,3.4,3.8,3.5,3.9,4.0,4.0,4.7,4.7,4.5,4.8,5.6,5.8,6.0
077017,2.6,2.7,3.0,3.1,3.6,3.9,4.1,4.0,4.4,4.6,4.7,4.7,4.8,4.7,4.8,4.9,5.9,6.2,6.4,6.8,5.9,6.7,7.6,8.3,8.0
077018,2.4,2.6,2.6,3.1,2.7,3.2,3.7,3.7,3.9,3.7,4.2,4.3,4.3,4.1,4.4,4.8,4.9,5.3,5.3,5.5,5.0,5.9,6.4,7.0,7.2
077019,1.8,1.7,1.8,2.0,2.3,2.3,2.4,2.6,3.0,2.8,2.9,3.3,2.9,2.9,3.1,3.5,3.5,3.9,3.9,4.0,3.9,4.3,4.9,5.1,5.4
077020,1.7,2.0,2.3,2.7,2.6,2.7,2.9,3.1,3.2,3.2,3.2,3.7,3.3,3.5,3.6,3.5,3.8,4.3,4.6,5.0,4.0,4.4,5.3,5.6,5.7
077021,3.8,3.8,4.4,4.4,4.5,5.2,5.1,5.2,5.8,5.7,6.0,6.1,5.8,6.0,6.2,6.4,7.3,7.2,7.5,7.8,7.2,8.2,8.9,9.7,9.8
077022,2.6,2.6,2.9,2.8,2.9,3.4,3.6,4.1,4.0,3.8,4.1,4.3,4.1,3.9,4.8,4.6,4.6,5.0,5.2,5.3,5.1,5.6,6.2,6.7,6.9
077023,2.8,3.2,3.2,3.7,4.0,3.7,4.2,4.6,5.1,4.5,4.8,5.2,5.1,5.0,4.9,5.5,5.6,5.8,5.9,6.4,5.9,6.2,7.2,7.9,7.9
077024,2.1,2.7,2.9,2.9,3.1,3.1,3.5,3.8,4.2,3.7,3.7,4.3,4.2,3.7,4.1,4.7,5.0,4.7,5.3,5.3,4.6,5.7,5.8,6.7,7.2
077025,2.2,2.5,2.5,2.7,2.9,3.2,3.5,3.6,3.7,3.8,3.5,4.0,3.7,3.8,3.9,3.9,4.1,4.4,5.0,5.1,4.5,5.1,5.6,5.9,6.4
077026,2.2,2.4,2.6,3.0,2.8,3.1,3.5,3.2,3.7,3.7,3.8,4.0,3.8,3.9,3.6,4.0,4.5,4.5,4.6,5.0,4.6,4.9,5.5,6.1,6.7
077027,2.7,2.8,3.1,3.2,3.4,3.3,4.0,3.9,4.3,3.8,4.2,4.5,4.2,4.1,4.8,4.4,5.4,5.6,5.4,5.5,5.3,6.3,6.6,6.6,7.2
077028,2.6,2.7,2.7,3.0,3.4,3.4,3.5,3.8,4.0,3.5,4.0,4.4,4.5,4.1,4.1,4.3,4.5,4.7,5.0,5.4,4.8,5.9,6.2,6.9,6.9
077029,2.9,2.9,3.5,3.7,3.9,4.1,4.5,4.7,5.4,5.0,5.2,5.4,5.5,5.4,5.5,5.8,6.1,6.5,6.6,7.3,6.7,7.0,7.9,8.8,9.1
077030,2.9,3.1,3.1,3.4,3.5,3.8,3.7,4.0,4.3,4.6,4.6,4.4,4.4,4.2,4.6,4.8,5.1,5.4,5.5,5.8,5.0,6.0,6.2,6.9,7.4
077031,3.6,3.6,3.7,4.1,4.6,4.4,4.8,5.1,5.3,4.9,5.4,5.1,5.7,4.9,6.0,5.8,6.2,6.5,7.0,7.1,6.8,7.1,8.4,8.3,8.6
078001,1.9,2.0,2.2,2.5,2.6,2.7,2.8,3.1,3.5,3.2,3.3,3.6,3.5,3.4,3.4,3.8,4.4,4.5,4.4,5.1,4.5,4.7,5.5,5.7,6.4
078002,1.7,1.8,2.0,2.2,2.4,2.1,2.4,2.8,3.0,2.7,2.8,2.9,3.0,3.1,3.1,3.3,3.5,3.8,4.1,4.3,3.6,4.4,5.1,5.2,5.7
078003,1.4,1.6,1.8,1.9,2.0,2.1,2.2,2.7,2.8,2.7,2.7,3.0,2.8,2.9,3.1,3.5,3.2,3.8,4.3,4.0,4.0,4.0,4.8,5.2,5.2
078004,1.4,1.3,1.6,1.6,1.9,1.9,2.1,2.2,2.4,2.5,2.5,2.5,2.3,2.5,2.7,2.7,3.1,3.2,3.4,3.7,3.5,3.9,4.1,4.5,5.3
078005,1.9,2.0,2.2,2.4,2.7,2.7,3.2,3.0,3.3,3.2,3.2,3.6,3.3,3.3,3.4,3.7,4.1,4.2,4.8,4.6,4.2,4.9,5.5,5.8,6.3
078006,2.1,2.4,2.6,2.5,2.5,2.6,3.0,3.1,3.4,3.1,3.6,3.7,3.6,3.8,3.7,4.0,4.3,4.2,4.5,5.0,4.5,5.0,5.3,6.1,6.1
078007,1.7,1.9,1.8,2.2,2.5,2.8,2.4,2.8,3.3,2.9,3.1,3.6,3.2,3.4,3.4,3.4,4.1,3.8,4.4,4.6,4.3,4.9,5.0,5.4,6.2
078008,1.8,1.8,2.0,2.1,2.2,2.2,2.6,2.6,2.8,2.7,3.0,2.9,3.1,2.8,2.8,3.0,3.4,3.2,3.4,4.2,3.4,4.0,4.3,4.9,5.5
078009,2.1,2.1,2.3,2.6,2.6,2.6,2.8,3.0,3.2,2.7,3.0,3.3,2.9,2.8,3.0,3.3,3.4,3.6,3.5,3.9,3.6,4.4,4.4,4.8,5.2
078010,1.8,1.9,2.2,2.2,2.4,2.6,3.0,3.3,3.3,3.1,3.4,3.5,3.4,3.8,3.7,3.7,4.3,4.5,5.1,4.9,4.5,4.7,5.5,6.4,6.5
078011,1.6,1.8,2.1,2.1,2.2,2.4,2.3,2.9,3.2,2.9,3.2,3.5,3.3,3.0,3.4,3.6,3.6,3.8,4.3,4.5,4.2,4.5,5.1,5.9,5.6
078012,1.3,1.4,1.6,1.7,1.9,1.8,1.8,2.1,2.2,1.9,2.3,2.4,2.4,2.3,2.5,2.7,2.9,3.0,3.1,3.2,3.0,3.2,3.9,4.5,4.2
078013,3.0,3.2,3.5,3.4,3.9,3.9,4.4,3.7,4.9,4.4,5.0,5.1,4.5,4.6,5.0,4.8,5.1,5.5,6.1,6.1,5.3,6.4,6.5,7.2,7.7
078014,1.8,1.9,2.0,2.2,2.5,2.5,2.8,3.0,3.1,3.0,3.3,3.2,3.4,3.2,3.4,3.7,3.6,4.3,4.1,4.7,4.0,4.6,4.8,5.6,6.1
078015,2.3,2.3,2.4,3.0,3.0,3.2,3.4,3.4,4.0,3.6,3.8,4.2,4.3,4.1,4.1,4.3,4.6,4.9,5.2,5.4,5.4,5.9,6.2,6.7,7.3
078016,0.9,0.9,1.0,1.1,1.4,1.6,1.3,1.6,1.7,1.5,1.6,1.8,1.8,1.7,1.9,2.2,2.1,2.3,2.5,2.4,2.4,2.7,2.9,3.2,3.7
078017,2.3,2.5,2.6,2.8,2.9,3.2,3.4,3.6,3.5,3.8,3.8,3.9,3.9,3.6,4.2,4.5,4.5,5.3,5.2,5.2,5.2,5.4,5.7,6.5,6.6
078018,3.5,3.6,3.6,4.0,4.2,4.4,4.7,4.8,5.2,5.1,5.4,5.8,5.4,5.5,5.4,5.9,6.0,6.7,6.4,7.2,6.6,7.1,7.4,8.4,8.6
078019,0.8,1.0,1.1,1.2,1.1,1.5,1.5,1.5,1.6,1.6,1.7,2.1,1.8,1.5,1.9,2.0,2.2,2.0,2.2,2.6,2.2,2.8,2.8,3.7,3.6
078020,2.3,2.6,2.5,3.1,3.1,3.1,3.3,3.6,3.7,3.7,4.0,4.3,3.7,3.9,4.2,5.0,4.5,4.9,5.1,5.6,4.7,5.7,6.1,6.7,6.9
078021,1.1,1.1,1.3,1.2,1.5,1.7,1.9,1.8,2.0,1.9,2.2,1.9,2.2,2.1,2.1,2.2,2.5,2.7,2.8,3.3,3.0,3.4,3.5,3.8,4.0
078022,2.2,2.4,2.6,2.8,2.8,3.2,3.3,3.5,3.9,3.7,4.3,4.1,3.9,3.9,4.0,4.3,5.0,4.7,4.8,5.3,5.1,5.6,5.8,6.2,6.8
078023,1.6,1.7,1.9,2.0,2.2,2.4,2.4,2.5,2.6,2.5,2.6,2.9,2.9,2.8,2.6,3.3,3.0,3.2,3.3,3.9,3.2,3.8,4.1,4.6,4.9
078024,1.8,1.9,2.2,2.1,2.4,2.5,2.4,2.7,2.8,2.8,3.0,3.3,3.1,2.9,3.3,3.4,3.7,3.8,3.8,4.3,4.0,4.2,4.9,5.2,5.6
078025,1.4,1.4,1.5,1.6,1.6,2.0,2.0,2.1,2.5,2.3,2.5,2.6,2.4,2.7,2.8,3.1,3.0,3.0,3.3,3.6,3.2,3.3,4.2,4.4,4.4
078026,3.1,3.0,3.6,3.6,3.7,3.9,4.0,4.3,4.4,4.5,4.6,5.0,4.8,4.6,5.1,5.3,5.3,5.8,5.7,6.0,5.8,6.3,7.3,7.5,7.4
078027,2.3,2.7,2.9,2.8,3.2,3.3,3.3,3.5,3.6,4.0,4.0,4.2,3.9,3.7,4.2,3.9,4.6,4.8,5.3,5.1,5.2,5.5,5.6,6.4,6.4
078029,1.8,1.9,2.0,2.3,2.5,2.5,2.8,2.7,3.0,3.2,3.2,3.3,3.5,3.2,3.4,3.9,3.7,4.3,4.4,4.9,4.1,4.8,5.2,5.5,5.7
078030,1.8,2.0,2.1,2.3,2.0,2.3,2.6,2.6,2.8,2.8,2.7,3.2,2.8,2.8,3.1,3.1,3.2,3.3,3.7,3.9,3.5,4.0,4.2,4.8,4.8
078031,1.5,1.5,1.6,1.9,1.9,2.1,2.0,2.4,2.4,2.6,2.6,2.7,2.6,2.4,2.6,2.6,3.2,3.1,3.1,3.6,3.3,3.3,4.0,4.6,4.5
078032,1.2,1.3,1.4,1.6,1.7,1.7,1.8,2.3,2.1,2.3,2.5,2.6,2.6,2.5,2.5,2.5,3.0,3.3,3.5,3.8,3.4,4.0,4.2,5.0,5.2
078033,0.9,1.0,1.3,1.3,1.4,1.3,1.5,1.8,1.6,1.8,1.8,2.0,2.0,2.1,2.0,2.2,2.5,2.5,2.6,2.8,3.0,3.0,3.2,3.7,3.8
078034,1.9,2.2,2.5,2.6,2.6,2.9,3.0,3.2,3.3,3.3,3.7,3.7,3.5,3.7,3.9,3.9,3.9,4.5,4.8,4.8,4.4,4.5,5.2,6.1,6.0
078035,1.7,2.2,2.1,2.2,2.2,2.4,2.7,2.9,2.9,2.8,2.9,3.1,3.1,3.0,2.9,3.3,3.3,3.6,3.6,3.6,3.9,3.8,4.2,4.8,5.0
078036,1.4,1.4,1.4,1.6,1.6,1.7,1.9,2.2,2.1,1.9,2.2,2.3,2.3,2.2,2.1,2.3,2.5,2.8,2.6,3.4,2.6,3.2,3.3,3.8,3.6
078037,1.3,1.2,1.5,1.3,1.6,1.6,1.7,1.9,1.8,1.9,1.9,2.2,1.7,1.9,2.0,2.1,2.1,2.3,2.6,2.6,2.4,2.6,2.9,3.3,3.4
078038,2.0,1.9,2.4,2.5,2.6,2.7,2.7,3.0,3.2,3.2,3.1,3.6,3.5,3.1,3.5,3.5,3.9,4.1,4.2,4.7,3.9,4.5,4.9,6.3,5.6
078039,1.6,1.6,1.9,1.9,1.8,2.2,2.1,2.4,2.6,2.6,2.5,2.8,2.6,2.8,2.7,3.1,3.2,3.3,3.5,3.8,3.6,4.0,4.1,4.6,4.7
078040,1.6,2.0,2.1,2.2,2.4,2.7,2.9,3.0,3.3,3.2,3.3,3.6,3.2,3.3,3.5,3.6,4.1,4.2,5.0,5.0,4.5,5.1,5.5,6.0,6.3
078041,1.4,1.6,1.5,1.6,1.7,2.1,2.1,2.4,2.4,2.4,2.4,2.3,2.5,2.3,2.4,2.5,2.7,2.8,3.3,3.4,3.0,3.4,3.8,4.1,4.6
078042,2.2,2.2,2.5,2.6,2.7,3.0,3.4,3.4,3.4,3.9,3.8,4.2,3.7,4.0,3.9,4.4,4.5,4.7,5.1,5.2,5.1,5.4,6.0,6.3,7.2
078043,2.4,2.5,2.4,2.9,3.0,3.2,3.4,3.5,3.8,3.4,3.9,4.0,3.8,3.6,4.0,4.3,4.4,4.8,4.8,5.3,4.6,5.4,6.1,6.6,6.8
078045,1.3,1.3,1.4,1.5,1.6,1.7,1.8,2.0,2.2,2.0,2.2,2.6,2.2,2.1,2.3,2.6,2.7,2.8,2.9,3.1,2.9,3.4,3.6,4.6,4.3
078046,1.4,1.7,1.7,1.9,2.0,1.9,2.4,2.6,2.7,2.6,2.8,2.8,2.6,2.7,3.2,3.1,3.2,3.5,3.9,4.1,3.6,4.1,4.6,5.1,4.6
078047,1.4,1.6,1.5,2.0,2.0,2.3,2.6,2.6,2.8,2.5,3.0,3.1,3.3,3.2,3.3,3.5,3.6,3.9,3.9,4.1,4.1,4.8,5.1,5.6,5.5
078048,2.0,2.0,2.3,2.4,2.5,2.6,2.7,3.0,3.2,3.2,3.2,3.5,3.5,3.3,3.6,3.5,3.9,3.9,4.2,4.7,4.4,4.9,5.3,5.8,5.8
078049,0.7,0.9,1.0,1.0,1.1,1.4,1.4,1.4,1.5,1.5,1.7,1.8,1.7,1.6,1.6,2.0,2.1,2.2,2.3,2.5,2.4,2.6,2.6,3.3,3.8
078050,1.8,1.8,2.1,2.1,2.3,2.5,2.5,2.8,2.7,2.8,2.8,3.4,3.0,3.0,3.2,3.2,3.3,3.3,3.7,4.0,3.5,4.2,4.8,5.5,5.6
078051,2.0,2.2,2.3,2.2,2.4,2.7,2.8,3.1,3.2,3.1,3.8,3.6,3.6,3.7,3.5,4.0,4.1,4.2,4.6,4.7,4.7,4.8,5.2,5.8,5.7
078052,1.7,1.7,1.8,1.8,2.1,1.9,2.3,2.7,2.5,2.5,3.0,2.9,2.8,3.0,3.0,3.1,3.1,3.4,3.8,3.9,3.5,3.9,4.2,4.6,4.9
078053,1.4,1.5,1.5,1.6,1.8,2.1,2.2,2.1,2.5,2.2,2.6,2.4,2.6,2.7,2.7,2.8,2.8,3.0,3.2,3.3,3.1,3.8,4.1,4.7,4.5
078054,3.0,3.0,3.4,3.9,3.6,3.7,4.2,4.7,5.1,4.6,4.9,5.0,4.8,4.7,4.7,5.4,5.3,5.8,6.2,6.2,6.0,6.3,6.9,7.9,8.1
078055,2.3,2.5,2.6,2.6,3.0,3.0,3.3,3.1,3.5,3.5,3.4,3.7,3.4,3.3,3.7,4.0,3.9,4.3,4.2,4.9,4.7,4.7,5.3,5.4,6.1
078056,1.7,1.6,1.7,1.8,2.1,2.2,2.5,2.5,2.9,2.5,2.9,3.0,3.1,3.1,3.2,3.4,3.8,3.7,3.9,3.9,4.0,4.5,4.9,5.5,5.7
078057,1.2,1.3,1.3,1.5,1.8,1.8,1.9,2.3,2.2,2.4,2.4,2.5,2.6,2.3,3.0,2.8,3.2,3.2,3.9,3.7,3.8,3.9,4.6,5.2,5.4
078058,2.8,3.0,3.7,4.2,3.8,4.0,4.7,4.6,5.0,5.3,5.2,5.3,5.3,5.1,5.7,5.9,5.9,6.4,6.9,6.7,7.0,7.2,8.1,8.2,8.8
078059,2.3,2.5,2.9,2.7,3.0,3.1,3.1,3.4,3.8,3.5,3.7,3.9,3.9,3.9,3.9,4.2,4.5,4.8,4.7,4.8,4.8,5.1,5.9,6.2,6.7
078060,2.0,1.9,2.2,2.3,2.5,2.6,2.7,3.0,3.1,2.9,3.3,3.1,3.2,3.0,3.0,3.3,3.4,3.6,3.8,4.1,3.9,4.3,5.1,4.8,5.6
078061,1.6,2.0,1.8,2.4,2.2,2.5,2.9,2.9,2.9,3.0,3.5,3.4,3.7,3.3,3.8,3.9,4.2,4.3,5.1,4.7,4.7,5.4,5.7,6.2,6.5
078062,1.8,2.1,1.9,2.2,2.3,2.6,2.7,3.0,3.5,3.1,3.4,3.5,3.6,3.5,3.7,3.9,4.1,4.8,4.7,4.7,4.6,5.4,5.6,6.6,6.6
078063,1.8,2.1,2.1,2.4,2.3,2.6,2.8,3.1,3.4,3.4,3.4,3.6,3.3,3.5,3.8,3.5,4.1,4.4,4.4,5.0,4.7,5.1,5.2,6.0,6.1
078064,2.4,2.8,2.7,2.7,3.3,3.6,3.8,3.6,4.4,3.8,4.0,4.1,4.1,4.3,4.3,4.5,4.9,5.3,5.4,5.5,5.1,5.6,6.4,7.3,7.7
078065,1.2,1.3,1.5,1.5,1.6,1.8,1.9,2.1,2.3,2.3,2.7,2.5,2.2,2.4,2.4,2.7,3.1,3.4,3.4,3.2,2.8,3.5,4.1,4.5,4.6
078066,1.3,1.4,1.6,1.6,1.8,1.9,1.8,2.2,2.2,2.3,2.3,2.3,2.4,2.2,2.5,2.6,2.6,3.1,3.2,3.1,3.2,3.7,4.1,4.3,4.5
078067,2.4,2.4,2.9,2.7,3.2,3.4,3.5,3.7,3.8,3.8,4.1,4.3,4.2,4.2,4.0,4.3,4.9,5.0,5.3,5.1,5.5,5.5,6.1,6.7,6.9
078068,0.9,0.8,1.0,1.1,1.0,1.3,1.3,1.4,1.4,1.6,1.7,1.6,1.5,1.6,1.8,2.0,1.9,2.3,2.1,2.3,2.0,2.5,2.9,3.1,3.0
078069,0.6,0.7,0.6,0.8,1.0,1.1,0.9,1.1,1.4,1.2,1.3,1.4,1.4,1.4,1.5,1.5,1.4,1.7,1.8,1.9,2.1,2.0,2.3,2.8,2.9
078070,1.7,1.5,1.7,1.9,1.9,2.4,2.4,2.7,3.0,2.6,3.0,2.9,3.0,2.7,3.0,3.0,3.5,3.7,3.7,4.3,4.0,4.1,4.8,5.3,5.9
078071,1.8,1.9,1.9,2.2,2.1,2.4,2.7,3.0,3.2,3.0,3.8,3.4,3.4,3.4,3.6,3.8,4.0,4.2,4.3,4.6,4.6,4.9,5.6,6.0,6.4
078072,1.5,1.5,1.7,1.7,1.9,1.7,2.1,2.1,2.3,2.0,2.3,2.2,2.2,2.0,2.4,2.5,2.6,2.7,2.9,3.3,2.7,3.2,3.3,3.8,4.0
078073,0.8,0.9,1.1,1.1,1.2,1.4,1.3,1.5,1.7,1.7,1.9,1.8,1.7,1.6,1.8,2.0,2.3,2.2,2.4,2.6,2.5,2.5,3.4,3.3,3.5
078074,1.3,1.6,1.5,1.8,2.0,2.2,2.2,2.5,2.7,2.6,2.6,3.0,2.7,2.9,2.9,3.0,3.5,3.3,3.9,3.8,3.8,4.1,4.7,5.2,5.5
078075,2.0,2.2,2.2,2.2,2.6,2.6,2.9,3.0,3.1,3.2,3.0,3.7,3.4,3.5,3.4,3.6,4.1,4.2,4.6,4.2,4.2,4.5,5.1,5.6,6.2
078076,1.7,1.8,2.1,2.0,2.4,2.4,2.6,2.5,3.3,2.8,3.1,3.7,3.1,3.4,3.4,3.6,3.8,4.4,4.4,4.6,4.2,4.4,5.6,5.6,6.2
078077,3.7,3.4,3.7,4.1,4.2,4.4,4.9,5.3,5.5,5.2,5.5,6.0,5.5,5.3,5.6,5.9,6.1,6.6,7.0,6.5,7.0,7.3,8.0,7.9,9.0
078078,1.8,2.1,2.2,2.4,2.4,2.7,2.8,2.9,3.1,3.0,3.1,3.4,3.3,3.1,3.0,3.3,3.9,3.5,3.8,4.0,3.7,3.9,4.4,5.0,5.1
078079,1.8,2.1,2.2,2.4,2.3,2.6,2.6,3.1,3.4,3.0,3.2,3.3,3.3,3.5,3.5,3.6,3.9,4.0,4.3,4.4,4.3,4.7,5.1,4.9,5.7
078080,2.3,2.6,2.9,3.0,3.4,3.3,3.4,3.7,4.0,4.1,3.7,4.2,4.5,4.4,4.3,4.5,5.1,5.1,5.3,5.4,5.3,5.6,6.6,7.0,7.3
078081,2.4,2.5,2.6,2.9,3.0,3.2,3.3,3.3,4.3,3.9,4.1,4.1,4.1,4.2,4.3,4.6,4.8,5.1,5.1,5.6,4.9,5.8,6.0,6.8,7.3
078082,3.5,3.4,3.5,4.0,4.3,4.5,4.4,4.8,5.4,4.4,5.0,5.4,5.1,5.0,5.2,5.6,5.5,5.9,6.1,6.4,6.1,7.0,7.1,8.4,7.9
078083,2.4,2.3,2.7,2.9,2.9,3.1,3.2,3.5,3.6,3.7,3.3,4.0,3.8,3.6,3.8,4.2,4.1,4.7,4.7,4.9,4.3,5.1,5.6,5.9,6.0
078084,1.1,1.4,1.6,1.4,1.5,1.7,1.8,1.7,1.8,1.9,1.9,2.2,1.9,1.9,2.2,2.2,2.1,2.3,2.5,2.5,2.4,2.5,2.7,3.3,3.4
078085,1.4,1.3,1.5,1.4,1.8,1.9,1.9,1.9,2.4,2.2,2.2,2.3,2.4,2.2,2.3,2.2,2.7,3.0,3.1,3.1,2.5,3.3,3.6,3.8,4.2
078086,3.7,3.4,3.8,4.4,4.3,4.4,4.6,5.0,5.3,4.8,5.1,5.3,5.2,5.3,5.3,5.6,5.8,5.9,6.0,6.8,6.2,6.7,7.5,7.5,8.1
078087,1.8,2.0,1.9,2.5,2.3,2.6,2.7,2.7,3.0,2.6,3.1,3.0,3.0,3.2,3.4,3.1,3.5,3.3,3.7,3.9,3.5,4.2,4.6,4.8,5.0
078088,1.0,1.0,1.0,1.1,1.2,1.2,1.4,1.5,1.5,1.4,1.5,1.9,1.5,1.5,1.4,1.7,1.8,2.1,2.0,2.3,1.9,2.5,2.8,2.9,3.1
078089,1.8,1.7,1.9,2.4,2.2,2.3,2.8,2.8,3.3,2.6,3.1,3.5,3.2,2.9,3.2,3.5,3.7,3.9,4.3,4.4,3.8,4.5,4.8,5.4,5.5
078090,2.3,2.2,2.2,2.5,2.4,2.6,3.0,3.2,3.5,3.5,3.4,3.8,3.4,3.6,3.5,3.6,4.0,4.2,4.5,4.6,4.5,4.7,5.5,6.1,6.1
078091,2.1,2.1,2.2,2.5,2.7,2.9,2.8,3.0,3.1,2.9,3.2,3.3,3.2,3.1,3.2,3.3,3.4,3.9,4.1,4.3,3.9,4.5,4.7,4.9,5.5
078092,2.3,2.8,2.5,2.8,3.1,3.1,3.2,3.6,3.5,3.5,3.7,3.8,3.8,4.0,3.8,4.0,4.1,4.2,4.9,5.0,4.1,4.7,5.5,6.5,6.8
078093,1.1,1.6,1.4,1.5,1.6,1.9,2.0,1.9,2.3,2.0,2.0,2.5,2.2,2.1,2.3,2.2,2.5,2.6,2.9,3.0,2.8,3.2,3.6,3.7,4.0
078094,2.0,2.0,2.1,2.5,2.4,2.9,2.8,2.9,3.3,2.9,3.2,3.5,3.0,3.2,3.5,3.4,3.4,3.9,4.2,4.1,4.1,4.0,5.2,5.7,6.1
078096,3.2,3.2,3.5,4.0,3.8,4.0,4.3,4.4,4.8,4.4,5.0,5.1,4.8,4.9,4.8,5.3,5.6,5.8,6.2,6.6,6.0,6.8,7.2,7.4,8.5
078097,2.0,2.4,2.2,2.4,2.8,3.0,3.2,3.2,3.4,3.2,3.5,3.4,3.5,3.1,3.8,3.8,3.9,4.1,4.5,4.8,3.9,4.5,5.0,5.7,6.2
078098,2.9,2.7,3.0,3.4,3.5,3.5,3.8,4.2,4.1,4.2,4.4,4.4,4.5,4.4,4.6,5.1,5.1,5.4,5.5,5.9,5.5,6.3,6.3,7.5,7.5
078099,2.0,2.1,2.5,2.4,2.9,3.0,3.3,3.5,3.7,3.3,3.9,4.2,4.0,4.0,4.1,4.6,4.5,4.8,5.5,5.5,5.2,5.9,6.2,6.6,7.1
078100,1.9,1.9,2.0,2.2,2.3,2.7,2.9,3.1,3.3,3.1,3.5,4.0,3.5,3.5,4.0,3.9,3.9,4.4,4.7,4.8,4.8,5.1,5.8,6.2,6.4
078101,1.6,1.7,1.7,1.9,2.2,2.1,2.4,2.4,2.6,2.4,2.7,3.0,2.7,2.7,2.8,3.0,3.0,3.2,3.7,3.7,3.2,3.4,4.1,4.5,4.3
078102,2.2,2.0,2.2,2.3,2.5,2.6,2.6,2.9,3.0,2.8,3.2,3.1,3.1,2.7,3.2,3.2,3.7,3.7,4.0,4.0,3.4,3.7,4.3,4.7,4.8
078103,1.0,1.2,1.3,1.3,1.4,1.5,1.7,1.9,2.0,1.9,2.1,2.1,2.1,1.9,2.2,2.4,2.4,2.9,2.7,3.0,2.9,3.2,3.7,4.4,3.9
078104,1.6,1.9,1.9,2.2,2.3,2.6,2.5,3.0,2.9,2.7,3.2,3.3,3.2,3.2,3.0,3.5,3.8,3.6,4.1,4.4,4.2,4.1,5.2,5.6,5.9
078105,2.2,2.4,2.7,2.8,2.9,2.7,3.1,3.5,3.5,3.6,3.4,3.8,3.5,3.6,3.9,4.1,4.6,4.5,4.7,4.9,4.5,5.0,6.1,6.8,7.3
078106,1.8,2.0,2.3,2.4,2.4,2.6,2.7,3.1,3.0,2.9,3.0,3.5,3.2,2.9,3.4,3.5,3.7,4.0,4.1,4.6,4.1,4.3,5.1,5.8,5.6
078107,1.0,1.0,1.3,1.2,1.3,1.5,1.4,1.7,1.5,1.7,1.9,1.8,1.9,1.7,1.9,2.1,2.2,2.2,2.4,2.4,2.3,2.7,2.9,3.3,3.4
078109,1.7,1.8,1.9,1.8,2.1,2.3,2.2,2.6,2.7,2.5,2.9,2.7,2.8,2.5,2.9,3.2,3.1,3.5,3.5,3.8,3.5,4.1,4.4,4.6,4.8
078110,2.0,2.0,2.2,2.2,2.4,2.5,2.8,3.2,3.3,3.3,3.3,3.4,3.5,3.3,3.2,3.6,4.1,4.3,4.3,4.7,4.5,4.9,4.8,5.8,6.0
078111,2.3,2.7,2.4,3.0,2.9,3.2,3.6,3.6,3.6,3.4,3.9,4.2,3.9,3.4,3.7,4.1,4.1,4.4,5.1,5.2,4.9,5.1,5.7,6.0,6.5
078112,1.7,1.8,2.3,2.3,2.5,2.6,2.9,2.9,3.0,2.7,3.2,3.3,3.1,2.8,3.3,3.5,3.9,3.7,3.8,4.1,3.6,4.2,4.7,5.4,5.5
078113,3.5,3.8,3.9,4.5,4.9,4.7,4.7,5.4,5.3,5.0,5.8,6.1,5.6,5.8,5.4,6.1,6.3,6.7,6.7,6.8,6.4,7.5,8.0,8.9,8.5
078114,2.1,2.2,2.7,2.3,2.7,3.4,3.1,3.8,3.6,3.8,3.9,4.2,4.2,3.9,4.2,4.5,4.7,4.9,5.2,5.3,5.4,5.8,6.5,7.3,7.7
078115,1.6,1.4,1.7,1.7,1.9,2.2,2.0,1.9,2.3,2.2,2.4,2.5,2.3,2.5,2.4,2.7,3.1,3.2,3.4,3.2,3.4,3.3,4.0,4.4,4.7
078116,1.4,1.6,1.8,1.9,1.8,2.2,2.1,2.5,2.4,2.2,2.5,2.4,2.6,2.4,2.8,2.8,2.9,3.5,3.5,3.6,3.0,3.4,3.8,4.6,4.6
078117,2.7,3.0,3.3,3.3,3.7,3.8,4.3,4.4,4.5,4.7,4.5,5.1,4.9,4.8,5.3,5.3,6.1,5.8,6.3,7.0,6.2,6.9,6.9,7.8,8.6
078118,1.5,1.9,1.9,1.8,2.1,2.1,2.4,2.6,2.4,2.6,2.9,3.0,3.0,3.1,3.2,3.3,3.4,3.5,3.8,4.0,4.1,4.0,4.3,4.8,5.0
078119,1.9,2.0,2.0,2.3,2.4,2.7,2.5,2.7,3.1,3.0,3.3,3.4,3.5,3.2,3.8,3.7,4.1,4.4,4.6,4.7,4.6,4.8,5.1,5.5,6.2
078120,1.8,1.7,2.2,2.4,2.5,2.7,3.0,3.1,3.3,3.4,3.4,3.8,3.5,3.5,4.1,4.1,4.2,4.4,4.5,4.9,4.6,5.1,6.3,6.5,6.5
078121,1.3,1.0,1.4,1.5,1.6,1.7,1.6,2.0,2.2,2.1,2.3,2.3,2.0,2.2,2.1,2.5,2.7,2.8,3.1,2.9,2.8,3.1,3.4,3.9,4.3
078122,2.3,2.6,2.8,2.8,3.3,3.1,3.2,3.6,3.7,3.7,3.9,4.1,4.2,4.1,4.2,4.6,4.5,5.0,4.9,5.1,5.0,5.7,6.2,6.3,6.3
078123,1.4,1.8,1.7,1.7,2.1,2.1,2.3,2.2,2.6,2.4,2.6,2.6,2.6,2.5,2.7,2.8,3.0,3.0,3.4,3.7,2.9,3.3,4.0,3.9,4.7
078124,1.7,1.7,1.8,2.0,2.4,2.3,2.4,2.6,2.8,2.7,2.8,2.7,2.7,2.9,2.9,3.1,3.1,3.3,3.6,3.9,3.2,3.9,4.4,4.6,5.0
078125,1.1,1.2,1.2,1.6,1.6,1.9,1.8,1.9,2.1,1.8,2.0,2.0,2.2,2.2,2.1,2.5,2.6,2.8,2.7,3.4,2.8,3.4,3.6,4.3,4.5
078126,2.1,2.5,2.3,2.5,2.6,2.4,3.0,3.2,3.1,3.2,3.5,3.5,3.7,3.5,3.5,3.7,3.8,4.0,4.5,4.6,4.4,4.5,5.1,5.8,5.5
078127,2.4,2.7,2.7,2.8,3.0,3.3,3.7,3.6,4.3,4.0,4.1,4.2,4.1,4.0,4.2,4.3,4.7,5.1,5.2,5.7,5.5,5.8,6.4,6.9,7.6
078128,1.4,1.3,1.6,2.0,1.8,1.9,2.2,2.1,2.2,2.3,2.5,2.4,2.5,2.4,2.4,2.9,3.1,3.0,3.2,3.0,2.9,4.0,3.9,4.1,4.6
078129,2.7,2.7,3.1,3.5,3.2,3.5,3.6,3.9,4.0,3.9,4.2,4.6,4.3,4.4,4.7,4.9,5.2,5.1,5.8,6.0,5.3,6.2,6.5,6.7,7.0
078130,1.6,1.6,1.8,1.8,2.1,2.2,2.2,2.3,2.7,2.6,2.5,2.9,2.8,2.8,3.0,3.2,3.3,3.4,3.7,3.8,3.3,4.1,4.3,5.0,5.1
078131,2.4,2.5,2.6,2.9,3.2,3.4,3.7,4.1,4.1,3.6,3.9,4.1,4.2,4.2,4.3,4.4,4.4,4.8,5.0,5.6,5.3,5.9,6.2,6.6,6.9
078132,1.3,1.3,1.6,1.6,1.8,2.0,2.1,2.1,2.3,2.2,2.3,2.5,2.6,2.2,2.7,2.6,2.9,3.0,3.1,3.1,3.4,3.5,4.1,4.3,4.4
078133,1.9,2.1,2.3,2.5,2.8,2.8,3.0,2.9,3.5,3.3,3.8,3.9,3.6,3.7,4.0,3.9,4.1,4.8,4.7,5.0,5.1,5.4,6.3,6.6,6.6
078134,1.7,1.8,1.6,1.9,2.2,2.2,2.3,2.6,2.6,2.3,2.7,3.0,2.6,2.8,2.8,3.0,2.8,3.2,3.3,3.7,3.4,3.5,3.9,4.6,4.8
078135,2.3,2.6,2.6,2.6,3.1,3.0,3.2,3.4,3.7,3.7,3.7,4.0,4.1,3.8,3.8,4.4,4.6,5.0,5.0,5.6,4.9,5.6,5.7,6.6,6.3
078136,1.9,2.1,2.3,2.8,2.5,2.5,3.0,2.9,3.2,3.2,3.2,3.2,3.3,3.0,3.4,3.6,3.8,3.9,4.0,4.2,3.9,4.6,4.5,4.9,5.8
078137,1.5,1.6,1.8,1.7,1.8,1.9,2.2,2.3,2.5,2.3,2.5,2.5,2.5,2.5,2.7,3.1,3.2,3.1,3.1,3.3,3.1,3.5,3.7,4.2,4.5
078138,1.3,1.5,1.5,1.7,1.8,1.9,2.2,2.3,2.3,2.1,2.4,2.5,2.5,2.4,2.4,2.7,2.8,3.0,3.1,3.0,2.9,3.7,3.5,4.5,4.7
078139,1.6,2.1,1.8,2.2,2.5,2.4,2.9,2.6,2.7,2.7,2.8,2.9,2.8,3.1,3.2,3.4,3.6,3.7,3.6,4.0,3.6,3.9,4.7,4.9,5.3
078140,2.7,2.6,2.9,3.3,3.3,3.5,3.8,3.6,4.2,3.7,4.5,4.1,4.3,4.1,4.4,4.7,5.1,5.2,5.8,5.8,5.4,5.8,6.4,7.3,7.6
078142,2.1,2.4,2.4,2.4,2.7,2.9,3.2,3.3,3.6,3.5,3.5,3.4,3.4,3.5,3.6,3.9,3.8,4.3,4.4,5.1,4.5,5.0,5.2,5.7,6.2
078143,1.8,2.0,2.0,2.2,2.2,2.3,2.6,3.0,2.9,2.7,3.2,3.4,3.3,3.2,3.1,3.6,3.3,3.8,4.0,4.5,4.1,4.3,4.8,5.5,5.7
078145,1.5,1.8,1.6,1.8,1.9,2.0,2.3,2.5,2.6,2.5,2.7,2.7,2.6,2.5,2.9,3.1,3.2,3.2,3.7,3.8,3.7,3.8,4.3,4.9,5.2
078146,1.9,2.1,2.2,2.5,2.6,3.0,2.9,3.2,3.3,3.3,3.4,3.5,3.6,3.2,3.7,3.9,3.9,4.5,4.7,4.9,4.3,4.5,5.4,5.7,6.2
078147,2.3,2.3,2.7,2.6,2.8,2.7,3.2,3.4,3.4,3.8,3.4,3.6,3.3,3.5,3.4,3.7,4.0,3.9,4.9,4.6,4.3,4.5,5.4,5.6,6.3
078148,1.9,1.9,2.3,2.3,2.5,2.2,2.7,3.2,3.0,3.0,3.3,3.5,3.5,3.4,3.7,4.2,4.1,4.5,4.3,4.9,4.7,5.0,5.4,5.9,6.2
078149,1.5,1.6,1.7,1.8,1.8,1.9,1.9,2.1,2.3,2.3,2.5,2.4,2.5,2.3,2.5,2.9,3.0,2.8,3.2,3.2,3.2,3.3,3.7,4.0,4.4
078150,0.6,0.7,0.7,0.7,1.0,1.1,1.0,1.3,1.3,1.2,1.5,1.4,1.4,1.4,1.4,1.7,1.9,1.9,2.2,2.5,2.2,2.4,2.7,3.1,3.1
078152,1.2,1.4,1.4,1.6,1.8,1.9,1.8,2.4,2.2,2.2,2.3,2.5,2.3,2.4,2.4,2.9,2.5,3.1,3.1,3.4,3.1,3.5,3.9,4.6,4.6
078153,3.4,3.7,3.8,4.2,4.4,4.6,4.8,5.6,5.0,5.3,5.7,5.9,5.7,5.8,6.0,6.1,6.5,6.6,7.2,7.2,7.2,7.3,8.2,8.8,9.7
078154,2.4,2.7,2.5,3.1,3.1,3.0,3.2,3.2,3.4,3.5,3.8,3.8,3.6,3.4,3.3,3.8,3.9,4.4,4.4,4.9,4.4,4.8,5.2,5.5,6.2
078155,1.3,1.4,1.4,2.0,1.9,1.8,2.4,2.2,2.3,2.3,2.6,2.8,2.6,2.6,2.7,3.1,3.4,3.3,3.6,3.3,3.5,3.7,4.2,4.8,5.0
078156,2.0,2.0,2.0,2.3,2.4,2.7,3.2,3.2,3.5,3.1,3.5,3.5,3.5,3.5,3.9,4.1,4.3,4.7,4.8,5.0,4.6,5.3,5.9,6.1,6.7
078157,2.2,2.0,2.6,2.6,2.8,3.2,3.2,3.5,3.9,3.5,3.9,3.8,3.8,3.6,4.0,4.1,4.4,4.6,4.8,5.2,4.7,5.7,6.0,6.7,7.1
079002,1.4,1.2,1.6,1.6,1.8,1.7,2.1,2.1,2.4,2.5,2.5,2.5,2.5,2.3,2.7,2.9,2.9,3.1,3.4,3.7,3.3,3.7,4.2,4.8,5.1
079003,1.4,1.5,1.7,1.7,2.1,2.4,2.4,2.6,2.8,2.8,3.0,2.9,3.0,2.9,3.2,3.4,3.6,3.8,4.2,4.1,4.1,4.4,4.9,5.5,5.4
079004,1.5,1.8,1.6,1.8,2.2,2.3,2.2,2.7,2.6,2.6,2.8,2.8,2.5,2.7,3.3,3.3,3.3,3.4,3.9,4.0,3.8,4.0,4.4,4.7,5.5
079005,1.7,1.8,2.0,2.0,2.7,2.4,2.5,3.0,3.1,2.9,3.0,3.5,3.3,3.0,3.3,3.6,3.8,3.9,4.2,4.7,4.3,4.5,4.8,5.6,5.9
079007,1.6,1.9,1.8,2.2,2.6,2.6,2.8,2.8,3.2,2.8,3.4,3.5,3.3,3.4,3.5,3.8,3.8,3.8,4.3,4.6,4.7,5.1,5.3,5.8,6.5
079008,2.3,2.4,2.8,2.9,2.8,3.1,3.2,3.6,3.8,3.6,3.9,4.0,3.9,3.7,3.9,4.5,4.2,4.8,5.2,5.5,4.9,5.2,5.9,6.6,6.6
079009,0.8,0.9,0.8,1.1,1.3,1.2,1.3,1.8,1.6,1.5,1.8,2.0,1.9,1.9,2.1,2.3,2.4,2.2,2.8,3.0,2.6,3.4,3.6,3.8,4.2
079011,1.9,1.9,2.2,2.3,2.4,2.6,2.9,2.9,3.1,2.9,2.9,3.2,3.2,2.9,3.3,3.2,3.6,3.6,3.7,4.1,3.9,4.2,4.5,5.1,5.1
079012,1.2,1.2,1.2,1.4,1.6,1.9,2.0,2.0,2.1,1.9,2.2,2.6,2.3,2.2,2.4,2.6,2.9,3.0,3.2,3.4,3.4,3.4,4.2,4.7,5.0
079017,0.5,0.6,0.7,0.6,0.7,0.8,0.9,0.9,1.0,0.9,0.9,1.1,1.0,1.0,1.0,1.2,1.2,1.2,1.5,1.6,1.4,1.4,1.5,1.9,2.2
079018,1.6,1.6,1.9,2.0,2.0,2.2,2.2,2.4,2.5,2.5,2.7,3.0,2.8,2.9,3.0,3.2,3.4,3.6,3.6,4.0,3.8,4.0,4.6,5.0,5.5
079020,1.9,2.1,2.2,2.6,2.5,2.8,2.8,3.1,3.3,3.4,3.7,3.4,3.4,3.7,3.7,3.7,4.1,4.3,4.9,4.7,4.4,4.8,5.0,6.0,6.0
079023,2.3,2.5,2.5,2.8,3.3,2.9,3.5,3.7,3.5,3.6,3.8,4.1,3.8,4.1,4.3,4.8,4.6,4.9,4.9,5.2,4.8,5.9,6.1,6.5,6.8
079024,2.0,1.8,2.0,2.3,2.6,2.9,3.0,3.0,3.5,3.3,3.6,3.6,3.6,3.7,3.7,3.7,4.2,4.6,4.9,5.1,4.7,4.9,5.6,6.4,6.6
079025,3.5,3.5,3.8,3.8,4.1,4.1,4.3,4.8,5.0,4.8,5.1,5.1,4.9,5.1,5.0,5.5,5.9,5.6,6.0,6.1,5.6,6.2,6.7,8.1,7.6
079027,0.8,1.1,1.0,1.3,1.2,1.6,1.5,1.7,1.9,1.8,2.1,2.1,2.2,2.0,2.3,2.2,2.2,2.8,3.0,3.1,3.0,3.2,3.5,4.1,4.3
079029,2.9,2.9,3.1,3.6,3.8,4.2,4.1,4.3,4.5,4.3,4.7,4.9,4.9,5.0,4.7,4.9,5.2,5.5,5.8,6.6,5.9,6.0,7.0,8.0,8.0
079030,2.0,1.9,2.1,2.1,2.4,2.5,2.8,2.8,3.0,3.1,2.9,3.0,3.2,3.1,3.1,3.4,3.6,3.5,4.0,4.2,3.8,4.2,4.9,5.1,5.7
079033,2.4,2.3,2.6,2.9,2.8,3.3,3.4,3.4,3.7,3.9,4.0,4.1,3.9,4.1,4.4,4.5,4.8,4.7,4.9,5.5,5.2,5.5,6.1,6.8,6.8
079034,2.0,2.0,2.2,2.3,2.7,2.7,3.0,3.0,3.0,2.9,3.3,3.5,3.2,3.3,3.4,3.7,3.7,3.7,4.4,4.3,3.9,4.6,4.7,5.4,5.4
079036,1.6,1.7,1.9,1.9,2.2,2.3,2.5,2.6,2.7,2.7,2.6,2.9,3.0,2.6,3.5,3.1,3.6,3.6,3.9,4.2,3.6,4.3,4.7,5.3,5.7
079039,1.8,1.8,2.1,2.4,2.3,2.6,2.8,2.9,3.3,2.7,3.2,3.6,3.3,3.4,3.6,3.9,4.3,4.4,4.4,4.8,4.4,4.9,5.8,5.9,6.0
079042,1.9,1.9,2.1,2.2,2.6,2.5,2.9,3.2,3.6,3.0,3.4,3.7,3.7,3.4,3.5,3.9,4.3,4.6,4.2,4.9,4.5,5.3,5.8,6.2,6.2
079043,1.5,1.8,2.0,2.1,2.0,2.3,2.4,2.8,2.9,2.9,3.0,3.2,3.3,3.5,3.5,3.6,3.6,4.2,4.5,4.9,4.4,4.8,5.3,6.0,6.4
079047,2.4,2.6,2.8,3.3,3.5,3.3,3.6,4.0,4.0,4.1,3.8,4.4,4.2,3.9,4.3,4.7,4.8,5.2,5.3,5.7,5.1,5.7,6.3,7.0,6.7
079048,2.2,2.2,2.2,2.4,2.9,2.8,2.9,3.5,3.3,3.5,3.5,3.8,3.7,3.6,3.9,3.9,4.2,4.5,4.7,5.1,4.8,5.3,5.6,5.8,6.5
079052,1.0,1.2,1.2,1.4,1.5,1.5,1.7,1.7,2.0,1.9,2.0,2.4,2.2,2.1,2.2,2.3,2.5,2.5,2.8,3.0,2.6,3.2,3.4,3.8,4.2
079055,1.0,1.4,1.3,1.4,1.5,1.7,1.8,2.1,2.1,2.0,2.3,2.3,2.4,2.1,2.4,2.5,2.6,3.0,3.2,3.0,3.3,3.4,3.9,4.4,4.2
079056,1.4,1.3,1.3,1.6,1.7,1.8,1.9,2.0,2.0,1.8,2.3,2.1,2.2,1.9,2.2,2.1,2.3,2.7,2.5,2.9,2.4,2.9,3.0,3.5,3.8
079058,2.0,2.1,2.1,2.3,2.7,2.9,2.9,3.0,3.5,3.4,3.6,3.8,3.7,3.3,3.6,3.7,4.1,4.3,4.7,4.4,4.4,5.0,5.5,6.1,6.2
079059,1.7,2.0,1.8,2.3,2.2,2.5,2.8,2.8,2.9,2.9,2.9,3.1,3.1,3.0,3.3,3.5,3.7,4.2,4.2,4.5,4.2,4.6,4.9,5.4,5.4
079060,1.4,1.6,1.9,1.7,2.1,2.2,2.4,2.4,2.8,2.6,2.7,2.9,2.9,2.8,3.0,3.3,3.1,3.6,3.6,4.1,3.8,4.3,4.7,5.4,5.2
079061,1.7,2.1,2.3,2.2,2.5,2.3,2.8,2.8,3.0,2.7,3.1,3.4,3.5,3.0,3.3,3.5,3.6,3.8,3.9,4.2,3.9,4.6,4.8,5.5,5.1
079063,2.7,2.9,3.0,3.1,3.2,3.3,3.6,3.7,4.3,4.3,4.3,4.2,4.4,4.5,4.2,4.7,4.9,4.9,5.2,6.0,5.1,5.8,6.1,6.8,7.1
079065,2.0,1.9,2.2,2.4,2.4,2.8,2.7,3.3,3.1,3.2,3.5,3.4,3.3,3.5,3.4,3.6,3.8,4.3,4.7,4.8,4.2,4.7,5.1,5.5,5.9
079068,2.1,2.2,2.3,2.5,2.7,2.9,2.9,3.0,3.0,3.2,3.5,3.5,3.5,3.6,3.5,3.6,3.9,3.7,4.3,4.1,4.2,4.6,4.8,5.2,5.7
079069,2.6,2.9,3.3,3.4,3.4,3.9,3.6,4.0,4.2,3.9,4.4,4.8,4.1,4.0,4.5,4.7,4.9,5.0,5.8,5.4,4.9,5.8,6.1,7.0,7.0
079071,2.1,2.0,2.1,2.5,2.7,2.7,2.9,3.1,3.4,3.2,3.5,3.4,3.4,3.8,3.3,3.8,3.9,4.2,4.5,4.8,4.6,5.2,5.5,6.2,6.2
079072,1.8,2.0,1.8,2.0,2.2,2.6,2.4,2.8,2.8,2.9,2.9,3.0,3.0,2.9,3.2,3.4,3.3,4.0,3.9,4.3,3.8,4.1,4.8,4.7,5.4
079073,2.9,3.2,3.5,3.8,3.9,4.4,4.6,5.1,5.0,5.1,5.4,5.7,5.6,5.4,5.8,6.0,6.3,7.0,7.0,7.2,7.1,7.8,8.6,9.0,9.2
079074,2.5,2.6,2.8,2.8,2.9,3.0,3.6,3.7,3.8,3.5,3.9,4.2,4.3,3.9,4.2,4.4,4.6,5.1,5.0,5.1,4.9,5.7,5.7,6.5,6.7
079077,1.2,1.2,1.3,1.2,1.5,1.6,1.8,1.8,1.8,1.8,2.2,2.1,2.1,2.0,2.0,2.4,2.6,2.8,2.6,2.8,2.9,3.1,3.6,3.8,4.1
079080,1.1,1.2,1.3,1.4,1.7,1.7,1.8,2.3,2.1,2.1,2.5,2.2,2.5,2.3,2.4,2.5,2.9,3.0,3.3,3.4,3.2,3.2,3.9,4.5,4.9
079081,2.1,2.3,2.4,2.6,2.7,3.0,3.2,3.1,3.3,3.3,3.2,3.6,3.5,3.4,3.4,3.6,3.8,4.2,4.4,4.2,4.1,4.5,4.9,5.3,5.6
079083,3.2,3.7,3.8,4.0,4.1,4.0,4.4,5.2,4.9,4.6,5.0,5.1,5.2,5.1,5.2,5.7,6.2,6.3,6.6,6.5,6.5,6.9,7.3,8.5,8.4
079087,1.5,1.5,1.8,1.9,1.8,1.8,2.2,2.2,2.4,2.5,2.4,2.6,2.5,2.5,2.5,2.7,2.8,3.0,3.4,3.4,3.4,3.7,3.9,4.4,4.7
079088,1.3,1.3,1.4,1.5,1.6,1.9,1.8,1.9,2.1,2.4,2.1,2.4,2.1,2.2,2.5,2.3,2.8,2.8,3.2,3.2,3.0,3.2,3.9,4.1,4.3
079089,1.7,2.1,1.9,2.3,2.2,2.5,2.5,2.7,2.9,3.0,3.2,3.4,3.4,3.3,3.7,3.6,4.1,4.0,4.6,4.6,4.2,4.7,5.0,5.5,5.7
079092,2.7,2.9,3.0,3.3,3.5,3.7,3.6,4.2,4.2,4.1,4.4,4.3,4.6,4.0,4.5,4.5,4.8,5.1,4.9,5.6,5.2,5.6,6.4,6.2,7.2
079094,2.1,2.2,2.1,2.3,2.6,2.6,3.0,3.0,3.2,3.1,3.3,3.7,3.5,3.4,3.5,3.7,4.0,4.2,4.3,4.6,4.2,4.3,5.1,5.6,5.6
079095,2.4,2.9,3.0,3.0,3.4,3.4,3.7,4.0,4.2,4.1,4.1,4.1,4.4,4.3,4.5,4.4,4.9,5.2,5.2,5.6,5.3,6.2,6.2,6.8,7.7
079096,1.9,1.9,2.2,2.4,2.8,2.8,2.9,3.1,3.5,3.5,3.8,3.8,4.1,3.8,3.9,4.2,4.7,4.7,4.8,5.0,4.6,5.4,6.4,6.4,6.8
079099,2.5,2.5,2.9,3.2,3.5,3.6,3.1,4.2,4.2,3.7,4.2,4.3,4.4,4.4,4.4,4.5,5.0,5.0,5.4,5.9,5.5,5.9,6.4,7.4,7.1
079108,1.7,1.9,2.0,2.0,2.2,2.4,2.5,2.5,2.7,2.5,2.7,2.8,2.6,2.5,2.9,2.9,3.1,3.3,3.1,3.2,3.0,3.8,3.6,4.0,4.5
079110,2.4,2.7,2.6,3.1,3.2,3.5,3.4,3.6,4.1,4.1,4.3,4.6,4.2,4.3,4.5,5.0,4.8,4.8,5.3,5.7,5.1,5.9,6.3,7.1,6.9
079114,2.5,2.5,2.7,2.9,3.2,3.0,3.5,3.4,3.9,3.8,4.0,4.1,3.8,3.7,4.1,4.2,4.6,4.7,4.9,5.2,4.7,5.6,6.0,6.5,6.5
079115,1.1,1.2,1.2,1.4,1.7,1.7,1.7,2.1,2.1,2.1,2.2,2.5,2.3,2.4,2.7,2.6,2.9,3.0,3.4,3.4,3.2,3.7,4.3,4.2,4.7
079116,1.7,1.9,1.9,2.3,2.2,2.6,2.6,2.9,2.8,3.0,3.3,3.1,3.0,3.1,3.1,3.4,3.6,3.7,4.0,4.1,4.2,4.5,4.6,4.7,5.4
079117,2.8,3.1,3.4,3.4,3.8,4.2,3.9,4.4,4.7,4.3,4.7,4.7,4.7,4.7,4.7,5.4,5.5,5.5,5.8,6.1,5.5,6.2,6.6,6.9,6.9
079118,1.3,1.2,1.5,1.6,1.7,2.1,1.8,2.2,2.2,2.2,2.5,2.6,2.6,2.3,2.7,3.0,3.2,2.7,3.6,3.7,3.2,4.0,4.2,4.9,5.3
079122,1.3,1.5,1.5,1.8,2.1,2.0,2.2,2.2,2.4,2.4,2.7,2.7,2.8,2.5,2.7,3.1,2.9,3.6,3.5,3.6,3.9,3.9,4.7,5.2,5.6
079123,2.3,2.4,2.5,2.5,3.0,3.1,3.2,3.7,3.3,3.3,3.7,3.6,3.5,3.8,3.8,4.0,4.3,4.4,4.5,4.7,4.2,5.0,5.0,5.5,6.2
079126,0.9,1.0,1.1,1.0,1.2,1.4,1.4,1.5,1.5,1.7,1.7,1.8,1.8,1.7,1.7,2.0,2.3,2.2,2.6,2.7,2.5,2.7,3.1,3.6,3.7
079127,0.9,1.0,1.2,1.3,1.5,1.6,1.7,1.9,1.8,2.1,1.9,2.2,2.0,2.3,2.1,2.4,2.5,2.5,2.9,2.9,2.8,3.3,3.6,4.2,4.4
079129,2.4,2.6,3.0,3.0,3.5,3.6,3.7,3.8,3.5,3.8,4.0,4.1,4.2,4.1,4.3,4.3,4.9,4.6,5.2,5.6,5.2,5.4,6.2,6.1,6.9
079130,2.2,2.2,2.3,2.8,3.0,3.0,3.3,3.2,3.7,3.5,3.6,3.9,4.0,4.2,4.0,4.5,4.2,4.9,5.2,5.4,4.7,5.6,5.8,6.2,6.4
079131,2.4,2.4,2.5,2.6,3.1,3.3,3.2,3.1,3.0,3.5,3.6,3.7,3.6,3.4,3.6,4.1,4.3,4.4,4.6,4.7,4.4,4.5,5.3,5.7,6.3
079133,2.3,2.9,2.9,3.3,3.4,3.0,3.7,3.7,4.0,4.1,4.2,4.4,4.1,3.8,4.6,4.7,5.0,4.8,5.4,5.6,5.3,5.5,6.3,6.9,7.8
079134,2.6,3.1,3.1,3.5,3.3,3.2,3.6,4.6,3.9,4.1,4.6,4.4,4.6,4.4,4.5,4.7,5.2,5.4,5.2,5.6,5.2,6.0,6.2,7.1,7.2
079137,1.7,1.7,1.9,1.9,2.2,2.3,2.5,2.5,3.0,2.4,2.5,2.9,2.9,2.9,2.8,3.2,3.2,3.4,3.8,4.0,3.4,3.9,4.5,5.0,5.2
079138,1.9,2.0,2.0,2.3,2.3,2.6,2.4,2.7,2.9,2.8,2.9,3.2,2.9,3.0,2.9,3.5,3.6,3.8,4.0,4.0,3.9,4.0,5.0,5.0,5.4
079139,1.0,1.0,1.1,1.2,1.4,1.4,1.6,1.6,1.8,1.8,1.9,2.0,2.0,1.8,1.9,2.3,2.2,2.6,2.7,2.8,2.6,3.1,3.3,3.8,4.1
079142,0.8,1.1,1.1,1.1,1.3,1.6,1.6,1.7,1.8,2.0,1.9,2.4,2.3,2.4,2.6,2.7,2.9,3.1,3.4,3.5,3.2,3.7,4.0,4.4,4.7
079143,2.4,2.6,2.4,2.5,3.0,3.2,3.4,3.5,3.8,3.5,3.7,3.9,3.8,3.8,3.9,4.4,4.3,4.8,5.2,5.2,5.0,5.4,6.0,6.1,7.0
079146,1.5,1.6,1.8,2.0,2.1,2.2,2.4,2.6,2.7,2.4,2.5,3.1,2.7,3.0,3.1,3.1,3.2,3.5,3.5,3.9,3.4,3.7,4.4,4.7,5.3
079147,1.7,1.8,2.1,2.1,2.2,2.5,2.4,2.9,3.1,3.0,3.1,3.2,3.3,3.1,3.5,3.9,3.8,4.0,4.4,4.6,4.2,4.6,5.0,5.6,5.5
079148,1.6,1.9,2.0,2.1,2.2,2.7,2.6,2.7,3.2,2.8,3.0,3.2,3.0,3.1,3.2,3.5,3.5,3.8,4.3,4.6,3.9,4.2,5.1,5.1,5.8
079151,1.7,2.3,2.1,2.3,2.6,2.6,3.0,2.9,3.3,3.2,3.6,3.7,3.6,3.6,3.8,3.7,3.9,4.2,4.5,4.9,4.5,5.1,5.5,5.7,6.1
079157,1.8,1.7,1.8,2.0,2.0,2.2,2.7,2.7,2.9,2.6,3.0,3.1,3.1,2.8,2.9,3.2,3.4,3.4,3.7,4.3,4.0,4.5,4.9,5.3,5.2
079160,1.7,1.7,1.8,1.9,2.3,2.2,2.4,2.6,2.7,2.7,2.8,3.0,2.7,2.9,2.8,3.0,3.2,3.3,3.5,3.5,3.7,3.5,4.0,4.4,5.3
080001,2.3,2.3,2.4,2.7,3.0,3.5,3.1,3.6,3.5,3.4,3.8,4.4,3.8,4.1,4.1,4.7,4.6,5.2,5.5,5.4,5.1,5.5,6.3,6.9,7.2
080002,2.4,2.4,2.8,3.0,3.4,3.2,3.4,3.9,3.8,3.9,3.8,4.4,4.2,4.1,4.6,4.7,4.8,5.3,5.4,6.2,5.4,5.9,6.6,7.5,7.2
080003,1.4,1.4,1.6,1.7,1.9,2.0,2.2,2.0,2.5,2.5,2.4,2.6,2.5,2.3,2.4,2.8,3.0,3.1,3.3,3.4,3.0,3.6,4.0,4.1,4.5
080004,1.3,1.5,1.5,1.8,2.0,2.1,2.3,2.5,2.7,2.7,2.8,2.7,2.8,3.1,3.0,3.4,3.4,3.8,3.9,4.3,3.9,4.3,5.0,5.2,5.8
080005,2.4,2.4,2.7,2.8,2.7,3.3,3.3,3.4,3.8,3.5,3.5,3.7,4.1,3.4,3.7,4.1,4.3,4.4,4.7,5.4,4.3,4.9,5.6,5.6,6.5
080006,1.9,1.8,2.0,2.3,2.4,2.7,2.8,2.9,3.3,3.1,3.1,3.2,3.5,3.3,3.3,3.9,3.7,3.8,4.4,4.4,3.9,4.2,5.2,5.1,5.6
080007,2.3,2.5,2.6,2.8,2.9,3.3,3.5,3.3,3.6,3.9,3.5,3.8,4.0,3.7,4.2,4.2,4.7,4.8,4.6,5.1,4.9,5.3,5.7,6.3,6.6
080008,1.5,1.6,1.7,2.0,2.0,2.2,2.5,2.6,2.7,2.3,2.5,2.7,2.6,2.5,2.8,2.9,3.0,3.4,3.6,3.5,3.6,3.5,4.6,4.8,5.3
080009,0.9,1.0,0.9,1.0,1.2,1.3,1.4,1.5,1.6,1.6,1.4,2.0,1.8,1.7,1.7,1.9,2.3,2.2,2.5,2.6,2.2,2.7,2.7,3.4,3.2
080010,0.9,0.9,1.0,1.0,1.0,1.1,1.4,1.4,1.5,1.4,1.7,1.8,1.6,1.6,1.8,1.7,2.1,2.1,2.2,2.5,2.4,2.6,2.8,3.3,3.3
080011,2.2,2.2,2.2,2.6,2.5,2.9,3.0,2.9,3.4,3.2,3.4,3.5,3.4,3.4,3.6,4.1,3.9,4.2,4.7,4.5,4.4,4.5,5.3,5.4,6.2
080012,2.5,2.3,2.5,2.7,3.0,3.2,3.3,3.1,3.3,3.6,3.6,4.0,3.9,3.8,3.7,4.0,4.2,4.5,4.6,5.0,4.6,4.9,5.1,6.2,6.1
080013,1.4,1.5,1.6,1.8,1.8,2.4,2.4,2.5,2.6,2.6,2.8,3.3,2.9,3.0,3.3,3.4,3.4,4.0,4.4,4.0,4.4,4.8,5.0,6.0,5.9
080014,3.0,3.0,3.0,3.3,3.2,3.8,3.5,4.1,3.9,3.9,4.0,4.4,4.2,4.1,4.5,4.8,5.1,4.9,5.0,5.2,5.3,5.5,6.0,6.7,6.9
080015,1.7,1.6,1.9,2.0,2.1,2.4,2.6,2.6,2.8,3.3,3.2,3.3,3.0,2.9,3.0,3.3,3.8,4.0,4.4,4.3,4.0,4.7,5.2,5.5,5.7
080016,1.4,1.6,1.5,1.7,1.9,2.0,2.0,2.0,2.4,2.5,2.5,2.5,2.5,2.5,2.6,2.8,3.0,3.1,3.2,3.4,3.2,4.0,3.9,4.4,4.7
080017,1.6,1.7,1.9,2.0,2.0,2.4,2.3,2.6,2.9,2.6,2.7,2.9,3.1,2.9,3.2,3.4,3.5,3.7,3.8,3.8,4.1,4.4,4.9,4.9,5.5
080018,2.9,2.9,3.3,3.0,3.6,3.2,3.8,4.1,3.9,4.3,4.1,4.3,4.4,4.2,4.7,4.4,4.7,4.4,5.6,5.5,5.1,5.8,6.4,6.6,6.7
080019,1.4,1.6,1.6,1.5,1.7,2.1,2.1,2.5,2.4,2.1,2.5,2.7,2.6,2.3,2.7,3.0,2.9,3.1,3.2,3.4,3.3,3.7,3.6,4.4,4.6
080020,1.8,1.8,2.0,2.0,2.2,2.2,2.5,2.6,2.9,2.7,2.7,3.0,2.8,2.9,3.0,3.1,3.3,3.4,3.5,3.3,3.2,3.8,4.6,4.8,5.1
080021,2.2,2.0,2.6,2.8,2.8,3.2,3.2,3.4,3.9,3.3,3.5,4.0,3.7,3.7,4.0,4.2,4.5,4.6,4.8,5.1,4.9,5.2,5.8,6.5,6.7
080022,1.7,1.7,2.1,2.0,2.2,2.5,2.4,2.3,2.9,2.8,3.0,3.0,3.1,2.9,3.1,3.3,3.4,3.6,3.9,3.7,3.6,4.0,4.2,4.8,4.8
080023,1.4,1.8,1.8,1.7,1.8,2.0,2.0,2.0,2.1,2.4,2.4,2.6,2.3,2.4,2.5,2.5,2.6,2.9,3.0,3.2,3.0,3.2,3.5,4.5,4.4
080024,1.9,1.9,1.8,2.5,2.3,2.5,2.9,3.2,3.2,3.3,3.4,3.9,3.5,3.5,3.7,3.7,3.6,4.2,4.5,4.8,4.4,5.0,5.0,5.8,6.2
080025,1.9,2.3,2.3,2.5,2.7,2.6,2.7,3.1,3.4,3.2,3.5,3.2,3.6,3.0,3.4,3.6,3.6,4.2,4.2,4.6,4.0,4.7,5.2,5.2,5.2
080026,1.9,2.0,2.1,2.1,2.2,2.6,2.8,2.7,2.9,2.7,2.6,3.4,3.0,3.0,3.3,3.4,3.2,3.5,3.9,4.1,4.2,4.1,4.5,4.8,5.7
080027,1.2,1.4,1.6,1.7,1.7,2.1,2.1,2.1,2.7,2.4,2.3,2.7,2.6,2.6,2.8,2.8,2.9,3.5,3.4,3.8,3.5,3.8,4.2,4.8,4.9
080028,2.1,1.8,2.2,2.3,2.5,2.4,2.7,2.8,3.0,2.8,2.8,2.9,3.4,3.3,3.1,3.7,3.8,3.7,4.3,4.3,4.0,4.3,5.2,5.3,5.6
080029,1.1,1.3,1.4,1.7,1.6,1.9,1.9,1.9,2.1,2.0,2.3,2.3,2.2,2.3,2.3,2.3,2.7,2.7,2.8,3.4,2.9,3.4,3.6,4.0,4.1
080030,1.1,1.5,1.5,1.7,1.8,1.9,2.0,2.3,2.3,2.4,2.4,2.3,2.4,2.4,2.8,2.8,2.7,3.2,3.4,3.5,3.2,3.8,3.9,4.4,4.4
080031,2.1,2.4,2.7,2.5,3.0,3.3,3.2,3.3,3.6,3.5,3.4,3.8,3.8,3.5,3.8,4.0,4.2,4.7,5.0,5.0,4.9,5.1,5.5,6.4,6.1
080032,1.4,1.4,1.6,1.6,1.8,2.1,2.2,2.0,2.5,2.2,2.6,2.6,2.6,2.7,2.6,3.1,2.8,3.5,3.6,3.7,3.5,3.6,4.0,4.8,4.8
080033,1.3,1.5,1.5,1.5,1.7,1.7,2.2,2.2,2.2,2.1,2.2,2.2,2.4,2.3,2.4,2.4,2.9,3.0,3.1,3.3,2.9,3.2,3.8,4.2,4.4
080034,0.9,1.0,1.1,1.3,1.3,1.5,1.6,1.8,2.1,1.8,1.9,2.1,2.3,2.1,2.5,2.7,2.6,2.7,2.9,3.0,3.3,3.4,3.8,4.5,4.6
080035,1.9,2.0,2.1,2.5,2.5,2.9,2.9,3.2,3.3,3.1,3.1,3.4,3.3,3.0,3.8,3.8,3.9,4.1,3.8,4.4,4.1,4.7,5.0,5.8,6.1
080036,1.9,1.7,2.0,2.3,2.0,2.2,2.5,3.0,2.8,2.6,2.8,3.0,2.8,2.8,3.1,3.0,3.2,3.8,3.3,3.8,3.4,4.0,4.1,4.5,5.1
080037,3.8,3.9,4.1,4.3,4.5,4.8,5.1,5.3,5.4,5.3,5.4,5.8,5.6,5.1,5.9,5.7,6.0,6.6,6.5,6.4,6.2,6.8,7.3,8.0,8.4
080038,1.5,1.8,1.8,2.2,2.0,2.0,2.1,2.5,2.7,2.7,2.5,2.9,3.1,2.9,3.0,3.0,3.6,3.7,3.6,4.0,3.6,4.2,4.5,5.3,5.2
080039,1.2,1.3,1.5,1.6,1.8,2.0,2.1,2.0,2.3,2.3,2.4,2.5,2.7,2.5,2.7,2.8,3.4,3.4,3.7,3.8,3.5,4.1,4.5,5.2,4.9
080040,2.2,2.0,2.3,2.4,2.8,2.9,3.2,3.3,3.9,3.7,3.6,3.6,3.6,3.4,4.0,4.3,4.6,4.5,5.1,5.3,4.8,5.5,6.0,6.2,6.7
080041,1.5,1.6,1.8,2.2,2.0,2.4,2.4,2.7,3.0,2.8,3.2,3.5,3.0,3.2,3.4,3.4,3.5,3.9,4.1,4.4,4.0,5.0,5.2,5.2,5.6
080042,1.7,1.7,1.5,2.0,2.1,2.2,2.7,2.5,3.0,2.5,2.9,3.1,3.2,2.8,3.2,3.7,3.6,3.8,3.7,4.0,3.9,4.7,5.0,5.4,5.3
080043,2.9,3.2,3.1,3.1,3.5,3.8,4.0,4.1,4.5,4.1,4.2,5.0,4.3,4.4,4.4,5.2,5.5,5.7,5.6,5.6,5.6,5.7,6.5,7.3,7.6
080044,1.6,2.0,2.0,2.2,2.3,2.4,2.3,2.4,3.1,2.9,3.1,2.9,2.9,2.6,3.0,3.1,3.4,3.4,3.6,4.1,3.6,4.0,4.6,5.1,5.1
080045,1.9,2.1,2.2,2.5,2.5,2.7,2.7,3.1,3.3,3.0,2.9,3.5,3.1,3.2,3.3,3.3,3.6,3.9,4.0,4.6,4.1,4.3,4.9,5.2,5.5
080046,1.9,2.1,2.0,2.1,2.4,2.4,2.9,2.6,2.7,2.8,2.9,3.1,2.9,2.8,3.0,3.3,3.6,3.4,3.6,3.9,3.5,4.0,4.5,4.4,5.0
080047,0.7,0.7,1.0,1.0,1.1,1.1,1.3,1.5,1.5,1.5,1.7,1.7,1.7,1.7,1.9,2.0,2.0,2.4,2.4,2.8,2.5,2.8,3.2,3.6,4.0
080048,1.3,1.5,1.5,1.6,1.8,1.8,2.0,2.1,2.4,2.3,2.7,2.7,2.6,2.4,3.0,2.5,3.2,3.3,3.4,3.8,3.1,3.7,4.3,5.0,4.8
080049,2.1,2.1,2.5,2.4,2.9,3.0,2.9,3.3,3.6,3.4,3.6,3.7,3.9,3.4,3.9,4.4,4.0,4.3,4.9,5.1,5.0,5.3,5.9,6.4,6.6
080050,1.9,1.8,2.0,2.1,2.3,2.6,2.4,2.9,3.0,3.0,3.3,3.5,3.3,2.9,3.4,3.4,4.0,4.0,4.5,4.3,4.1,4.7,5.4,5.5,6.1
080051,0.7,0.7,0.8,0.7,0.9,1.1,1.1,1.1,1.2,1.1,1.3,1.4,1.3,1.2,1.2,1.7,1.4,1.5,1.8,2.0,1.6,1.8,2.0,2.6,2.2
080052,1.0,1.1,1.3,1.4,1.4,1.3,1.7,1.8,2.0,2.0,2.1,2.1,2.2,2.0,2.2,2.5,2.2,2.6,2.9,2.7,2.8,3.1,3.4,3.8,4.3
080053,1.8,2.0,2.1,2.3,2.3,2.5,2.8,2.8,3.0,3.0,3.2,3.4,3.4,3.2,3.4,3.6,3.8,3.9,4.2,4.7,4.3,4.9,5.2,5.4,6.0
080054,2.0,2.3,2.5,2.5,2.8,2.9,3.3,3.2,3.0,3.2,3.5,3.4,3.5,3.3,3.5,3.9,3.7,4.0,4.6,4.5,3.9,4.5,4.9,5.6,5.5
080055,3.2,3.6,3.8,4.3,3.9,4.4,4.5,4.7,5.3,5.3,5.2,5.4,5.8,5.4,5.5,5.9,6.1,6.4,7.0,6.8,6.4,7.5,8.0,8.2,8.7
080056,0.6,0.8,0.9,1.0,1.0,1.1,1.2,1.2,1.3,1.4,1.5,1.8,1.7,1.6,1.8,2.1,2.1,2.1,2.4,2.5,2.0,2.7,3.0,3.3,3.6
080057,1.6,1.9,2.0,2.3,2.2,2.6,2.6,3.0,2.9,3.1,2.9,3.2,3.4,2.9,3.3,3.4,3.9,4.0,4.2,4.4,4.1,4.9,4.8,5.7,5.6
080058,2.6,2.9,3.2,3.5,3.3,3.6,4.0,4.2,4.4,3.9,4.3,4.6,4.7,4.3,4.5,4.9,5.2,5.4,5.5,6.4,5.4,6.4,6.9,6.9,8.2
080059,1.2,1.3,1.5,1.6,1.8,2.1,2.1,2.2,2.2,2.5,2.6,2.5,2.8,2.6,2.7,2.9,3.3,3.5,3.7,3.8,3.5,3.9,4.3,4.5,5.0
080060,1.7,2.0,2.1,2.0,2.4,2.3,2.6,2.8,2.7,2.9,3.0,3.2,2.9,3.1,3.1,3.3,3.3,4.2,4.0,3.9,4.0,4.1,4.5,5.4,5.5
080061,1.6,1.7,1.7,2.1,2.0,2.3,2.1,2.6,2.8,2.7,2.8,2.9,3.0,2.8,2.9,3.4,3.6,3.6,3.5,3.8,3.7,4.0,4.8,5.2,5.1
080062,2.6,2.5,2.8,3.2,3.3,3.7,3.5,3.6,4.0,3.8,4.0,3.8,4.2,4.2,4.4,4.4,4.6,5.1,5.1,5.0,5.3,6.0,6.1,6.4,6.9
080063,1.6,1.7,1.6,1.7,1.9,2.4,2.3,2.9,3.0,2.8,3.1,3.6,3.0,3.3,3.2,3.8,4.3,4.1,4.4,4.4,4.4,4.8,5.2,5.9,6.2
080064,2.5,2.5,2.9,3.0,2.9,3.1,3.4,3.6,4.5,3.7,4.1,4.3,4.1,4.0,4.2,4.5,4.8,4.6,5.1,5.0,5.0,5.7,6.3,6.2,6.6
080065,1.9,2.2,2.1,2.4,2.5,2.6,2.8,3.1,3.2,3.1,3.3,3.1,3.5,3.3,3.6,3.6,4.0,4.2,4.4,4.9,4.2,4.6,5.1,5.4,5.8
080066,1.3,1.3,1.7,1.7,1.6,2.1,1.9,2.4,2.6,2.3,2.6,2.7,2.5,2.6,2.9,2.9,3.4,3.5,3.7,4.1,3.6,3.9,4.6,4.6,5.2
080067,2.7,2.9,2.9,3.6,3.8,3.8,4.1,4.3,4.5,4.3,4.6,4.8,4.6,4.7,5.4,5.3,5.6,5.5,6.0,6.6,5.9,6.2,6.9,8.4,8.3
080068,1.9,2.0,1.9,2.2,2.3,2.5,2.8,3.1,3.0,2.8,3.4,3.5,3.4,3.2,3.7,3.3,3.7,3.9,4.1,4.7,4.0,4.4,5.0,5.9,6.3
080069,2.3,2.4,2.6,2.8,2.9,3.2,3.7,3.4,3.9,3.8,3.9,3.7,4.2,4.3,4.3,4.5,4.9,4.8,5.3,5.3,4.8,5.8,6.1,6.8,7.7
080070,2.0,2.1,2.5,2.7,2.8,3.0,3.2,3.3,3.1,3.3,3.5,3.4,3.5,3.4,3.5,3.8,4.2,4.2,4.4,4.8,4.3,4.6,5.1,5.8,5.5
080071,2.7,2.9,2.9,2.9,3.8,3.7,4.2,4.2,4.3,4.0,4.4,4.8,4.8,4.4,4.9,5.3,4.9,5.4,6.0,6.2,5.4,6.5,7.3,7.6,8.4
080072,0.9,1.2,0.9,1.2,1.5,1.5,1.6,2.1,2.2,1.9,1.9,2.2,2.2,2.4,2.5,2.6,2.6,3.3,3.3,3.4,3.4,3.9,4.1,4.7,5.0
080073,2.1,2.0,2.3,2.5,2.5,2.5,2.9,3.0,3.3,3.2,3.2,3.6,3.3,3.8,3.5,3.9,4.1,4.1,4.9,5.0,4.5,4.8,5.0,5.9,6.1
080074,2.3,2.6,2.9,3.1,3.5,3.2,3.8,3.7,4.1,4.0,4.2,4.5,4.6,4.3,4.2,4.6,5.0,5.1,5.3,5.7,5.5,5.5,6.4,7.0,7.4
080075,2.7,2.8,3.3,3.1,3.2,3.5,3.7,4.0,4.6,4.0,4.5,4.4,4.5,4.3,4.7,4.7,5.3,5.4,5.5,5.5,5.2,6.0,6.4,7.0,7.0
080076,2.7,3.1,3.1,3.5,3.5,3.5,4.1,4.0,4.7,4.7,4.7,5.2,4.9,4.2,5.0,5.3,5.6,6.1,6.0,6.3,5.6,6.1,6.9,7.6,8.2
080077,2.7,2.8,2.9,3.1,3.5,3.4,3.8,4.4,4.3,4.4,4.4,5.0,4.4,4.5,4.8,5.4,5.1,5.7,5.8,6.5,5.7,6.3,7.1,7.6,7.6
080078,1.8,1.9,2.1,2.3,2.3,2.6,2.8,3.1,3.2,2.6,3.2,3.1,3.1,3.2,3.5,3.6,3.6,3.9,4.1,4.4,4.1,4.7,4.3,5.4,5.5
080079,2.2,2.4,2.6,2.6,2.9,2.9,3.5,3.3,3.9,3.5,3.8,4.0,3.7,3.9,4.1,4.3,4.5,4.7,5.1,5.4,4.9,5.4,5.7,6.4,6.5
080080,1.7,2.0,1.9,2.0,2.5,2.6,2.7,2.7,3.1,2.7,2.9,3.4,3.1,2.8,3.4,3.4,3.4,3.6,3.8,3.7,3.8,4.0,4.6,4.8,5.7
080081,1.7,2.0,1.9,2.0,2.3,2.6,3.0,3.2,2.9,2.7,3.0,3.1,3.1,3.4,3.3,3.5,3.6,3.8,4.4,4.2,4.3,4.8,4.9,5.5,5.9
080082,1.2,1.4,1.7,1.7,1.9,1.8,2.4,2.3,2.6,2.7,2.6,3.0,2.4,2.3,3.0,3.2,3.1,3.0,3.5,3.8,3.5,4.1,4.1,5.0,4.9
080083,1.8,1.8,1.8,2.4,2.6,2.6,2.8,3.0,3.0,3.3,3.2,3.3,3.8,3.7,4.0,3.8,4.0,4.3,4.5,4.6,4.3,5.1,5.7,5.7,6.6
080084,1.4,1.7,1.8,2.0,2.1,2.0,2.2,2.4,2.6,2.5,2.4,2.9,2.9,2.4,2.8,2.9,3.1,3.3,3.9,3.9,3.6,4.1,4.4,4.3,5.5
080085,1.7,1.7,1.8,1.7,1.7,2.2,2.4,2.6,2.4,2.9,2.8,2.9,3.1,2.9,2.8,3.1,3.6,3.5,3.6,4.4,3.8,4.3,4.5,5.5,5.5
080086,2.1,2.3,2.4,2.5,2.5,2.8,3.0,3.0,3.3,3.0,3.4,3.5,3.6,3.1,3.4,3.6,3.6,4.3,4.2,4.6,4.4,4.7,5.3,5.3,5.6
080087,0.9,1.0,1.0,1.4,1.4,1.3,1.6,1.8,1.7,1.8,2.0,2.2,1.8,2.1,2.0,2.1,2.5,2.6,2.8,2.8,2.6,3.2,3.7,3.6,4.2
080088,3.1,3.8,4.0,4.2,4.4,4.5,4.8,4.8,5.0,4.7,5.0,5.7,5.5,5.3,5.9,5.8,6.3,6.2,6.2,7.0,6.5,7.3,7.0,8.0,8.4
080089,1.4,1.7,1.9,2.0,2.4,2.4,2.5,2.7,2.7,2.9,2.9,3.5,2.8,3.2,3.4,3.5,3.4,4.0,3.9,4.1,3.7,4.3,5.0,5.7,6.4
080090,1.9,2.0,2.1,2.4,2.4,3.2,3.0,3.0,3.5,3.2,3.3,3.3,3.5,3.4,3.4,4.0,3.6,4.4,4.1,4.5,4.4,4.8,5.4,6.2,5.8
080091,1.1,1.1,1.2,1.3,1.4,1.5,1.6,1.5,1.7,1.8,1.8,1.7,2.0,1.8,2.0,2.0,2.3,2.4,2.5,2.4,2.0,2.7,3.3,3.4,3.4
080092,2.8,3.0,2.9,3.5,3.6,4.3,4.3,4.6,4.8,4.8,5.1,5.1,5.1,5.2,5.3,5.5,6.2,6.3,6.5,6.5,6.5,6.5,7.5,8.6,8.8
080093,1.0,1.0,0.9,1.0,1.1,1.3,1.3,1.4,1.6,1.3,1.6,1.9,1.8,1.3,1.6,2.0,1.6,2.2,2.4,2.6,2.1,2.7,2.9,2.9,3.5
080094,1.6,1.7,1.8,2.1,2.1,2.3,2.6,2.5,2.7,2.7,2.7,3.0,2.7,2.7,3.2,3.2,3.5,3.7,4.2,3.9,4.0,4.5,4.6,5.0,5.5
080095,1.9,2.0,2.2,2.1,2.6,2.6,2.8,3.1,3.2,3.3,3.5,3.3,3.4,3.5,3.6,3.7,4.3,4.4,4.4,4.7,4.4,5.1,5.4,6.4,6.2
080096,1.7,2.0,2.2,2.3,2.2,2.8,2.8,2.9,2.9,2.9,3.5,3.4,3.4,3.2,3.2,3.7,3.8,4.1,4.1,4.2,4.0,4.6,5.1,5.7,6.0
080097,2.8,2.7,3.2,3.4,3.6,3.2,3.8,3.8,4.0,4.0,4.3,4.5,4.1,3.8,4.6,4.5,4.7,5.2,5.3,5.5,5.1,5.5,6.5,7.2,7.3
081001,2.8,3.2,3.4,3.5,4.0,3.6,4.5,4.5,4.8,4.7,4.7,4.7,4.7,5.1,5.4,5.2,5.4,6.0,6.1,6.6,5.9,6.6,7.6,8.6,8.9
081002,3.1,3.2,3.3,3.9,3.8,4.2,4.2,4.7,5.0,5.0,5.1,5.5,5.1,4.9,5.4,5.9,6.4,6.0,6.6,6.8,6.4,7.3,7.7,8.4,8.5
081003,1.7,2.0,2.0,2.3,2.5,2.8,2.7,3.1,3.1,3.2,3.4,3.8,3.4,3.7,3.7,4.3,4.3,4.5,5.0,5.0,4.6,5.2,5.6,6.2,7.0
081004,2.9,2.8,2.8,3.3,3.6,3.9,4.0,4.0,3.9,4.3,4.4,5.3,4.7,4.2,4.4,4.9,5.1,5.0,5.8,6.1,5.7,6.2,6.8,7.2,7.4
081005,1.9,2.2,2.3,2.4,2.6,2.6,3.0,3.2,3.6,3.3,3.5,3.2,3.6,3.5,3.6,3.9,4.3,4.6,4.6,4.9,4.6,5.1,5.7,6.1,6.3
081006,2.9,2.7,2.8,3.0,3.4,3.3,3.5,4.0,4.2,4.2,4.2,4.5,4.1,4.0,4.2,4.3,4.7,5.1,5.2,5.3,5.0,5.7,6.2,6.7,6.9
081007,1.9,2.3,2.0,2.3,2.4,2.8,2.8,2.8,2.9,2.8,3.1,3.0,3.1,3.2,3.5,3.7,3.7,3.8,4.1,4.2,3.8,4.4,4.8,5.1,5.8
081008,2.0,1.9,2.2,2.2,2.2,2.5,2.5,2.6,2.9,2.6,2.7,3.1,2.8,3.0,3.3,3.4,3.2,3.6,3.5,3.9,3.3,3.6,4.2,4.9,4.9
081009,2.1,2.0,2.5,2.6,2.8,2.7,3.3,3.5,3.6,3.4,3.8,4.0,3.6,3.8,4.1,4.0,4.6,4.6,4.9,5.2,5.1,5.3,5.7,6.4,6.6
081010,1.5,1.8,2.0,2.1,2.1,2.5,2.6,2.7,3.5,2.7,3.3,3.2,3.2,3.1,3.2,3.1,3.4,4.0,3.9,4.5,4.2,4.9,5.0,5.4,6.3
081011,3.2,3.2,3.8,3.8,4.1,4.2,4.9,4.7,4.9,4.8,5.2,5.0,5.1,5.4,5.3,5.8,5.7,6.2,6.6,6.5,6.2,6.8,7.3,7.8,8.8
081012,2.7,2.8,3.1,3.0,3.2,3.6,3.8,3.7,4.4,3.7,4.3,4.5,4.2,4.3,4.6,4.6,4.8,5.3,5.5,5.3,5.4,5.6,6.1,6.8,7.3
081013,2.3,2.3,2.5,2.7,2.8,3.2,3.5,3.7,3.7,3.5,4.0,3.9,4.2,4.1,4.5,4.7,4.7,5.0,4.9,5.8,5.7,5.8,6.3,6.7,7.3
081014,2.2,2.4,2.5,2.7,2.9,2.9,3.3,3.1,3.4,3.4,3.6,3.7,3.5,3.8,3.9,4.2,4.2,4.1,5.0,5.0,4.5,5.1,5.7,6.4,6.5
081015,1.9,1.9,2.2,2.2,2.5,2.4,2.7,2.6,3.4,2.9,3.0,3.4,3.3,3.3,3.5,3.6,3.4,3.5,4.5,4.3,4.0,4.2,5.0,5.8,6.0
081016,2.3,2.3,2.4,2.7,2.9,3.2,3.4,3.6,3.8,4.1,4.1,4.4,4.1,4.2,4.5,4.6,4.8,5.1,5.2,5.6,5.1,5.4,6.6,6.7,7.5
081017,2.3,2.4,2.4,2.5,2.8,2.9,3.4,3.6,3.5,3.2,3.3,3.8,3.2,3.4,3.9,4.3,4.0,4.5,5.0,4.5,4.4,5.2,5.9,6.1,6.9
081018,3.6,3.4,3.9,3.6,4.3,4.7,4.8,4.7,5.0,5.1,5.3,5.5,5.1,5.3,5.8,5.7,6.1,6.3,6.8,6.7,6.7,7.2,7.8,8.0,8.7
081019,1.5,1.6,1.8,1.9,1.9,2.3,2.4,2.6,2.8,2.7,3.2,2.9,3.1,3.0,3.2,3.5,3.4,3.9,4.3,4.4,4.2,4.3,5.0,5.7,5.8
081020,1.7,1.9,2.0,2.1,2.4,2.5,2.5,3.0,2.9,2.9,3.2,3.1,3.2,2.9,2.9,3.3,3.4,3.7,3.8,4.0,3.7,4.2,4.8,5.5,5.7
081021,3.4,3.7,3.5,3.8,4.2,4.3,4.4,4.8,4.8,4.6,5.0,5.1,5.2,5.0,5.4,5.7,5.7,5.9,6.6,6.7,5.9,7.2,7.5,8.0,8.5
081022,1.7,1.9,2.1,2.0,2.2,2.3,2.5,2.7,2.8,3.0,2.9,2.9,2.8,3.1,3.1,3.3,3.3,3.9,4.3,4.4,4.0,4.3,5.4,5.1,5.5
081023,2.1,2.2,2.3,2.4,2.7,2.6,3.1,3.3,3.2,3.4,3.4,3.9,3.7,3.6,3.7,4.3,4.2,4.1,4.7,5.0,4.5,4.8,5.5,5.8,6.2
081024,2.0,2.2,2.4,2.3,2.6,2.8,3.1,3.2,3.2,3.2,3.2,3.7,3.7,3.4,3.3,3.8,3.9,4.2,4.1,4.7,4.3,4.6,4.9,6.1,6.6
081025,2.6,2.7,2.8,3.3,3.1,3.5,3.6,3.9,4.3,4.2,4.1,4.7,4.6,4.5,4.8,5.0,5.2,5.6,5.9,6.4,6.1,6.3,6.8,7.5,8.3
082001,2.2,2.4,2.6,2.6,3.1,3.3,3.3,3.2,4.0,3.6,3.9,4.1,3.9,3.8,4.6,4.6,4.9,4.8,5.4,5.4,5.2,5.9,6.2,6.6,7.0
082002,1.1,1.1,1.2,1.3,1.3,1.5,1.7,1.9,2.0,2.1,2.2,2.3,2.2,2.5,2.5,2.4,2.8,3.2,3.3,3.5,3.4,3.7,4.1,4.7,4.5
082003,2.7,3.4,2.9,3.5,3.7,3.8,4.2,4.3,4.7,4.7,5.0,4.8,5.0,5.1,4.9,5.1,5.5,5.8,5.7,6.4,5.8,6.6,7.7,7.9,8.6
082004,2.5,2.7,2.7,3.0,3.2,3.3,3.5,3.8,4.1,4.0,4.2,4.5,4.2,4.2,4.4,4.6,4.8,4.8,5.4,5.4,5.1,5.7,6.1,7.1,7.0
082005,1.3,1.6,1.3,1.5,1.7,2.1,2.2,2.3,2.1,2.1,2.3,2.4,2.4,2.2,2.4,2.6,2.8,3.0,3.1,3.0,3.0,2.9,3.8,4.1,4.3
082006,2.1,2.1,2.4,2.6,2.8,2.7,3.0,3.5,3.5,3.4,3.4,4.1,3.7,3.6,3.8,4.0,3.9,4.8,5.0,4.9,4.7,5.0,5.6,5.8,6.6
082007,2.4,2.7,2.9,2.8,3.0,3.2,3.2,4.1,3.8,3.4,3.9,3.8,4.1,3.8,4.2,4.4,4.6,4.5,5.4,5.3,4.8,5.4,6.1,6.6,6.9
082008,1.7,1.8,2.0,2.1,2.3,2.5,2.7,2.9,2.8,2.9,2.9,3.4,3.3,3.0,3.1,3.3,3.8,4.2,4.3,4.5,4.2,4.5,5.6,5.7,6.0
082009,1.4,1.6,1.6,1.6,1.8,2.0,1.9,2.4,2.1,2.1,2.3,2.5,2.3,2.1,2.3,2.5,2.6,2.9,3.3,3.2,3.2,3.2,4.0,4.0,4.3
082010,3.6,3.5,3.9,4.6,4.6,4.6,4.7,5.3,5.7,5.4,6.0,5.9,5.7,5.4,5.8,6.6,6.2,6.7,7.6,7.3,6.9,7.6,7.8,8.7,9.2
082011,2.2,2.3,2.5,2.8,2.7,3.2,3.2,3.4,4.2,3.4,3.8,4.1,4.1,4.0,4.3,4.5,4.7,5.0,4.7,5.1,4.7,5.8,6.0,7.2,7.2
082012,3.0,3.4,3.8,4.0,4.2,4.2,4.7,4.8,5.0,5.1,4.9,5.6,5.0,5.3,5.3,5.5,6.3,6.3,6.5,7.2,6.5,6.8,7.7,8.5,8.5
082013,3.1,3.2,3.8,3.7,3.9,4.0,4.3,5.1,4.7,4.4,4.9,5.2,4.8,5.2,5.1,5.6,5.4,6.3,6.4,6.3,5.9,6.9,7.0,7.8,7.9
082014,2.3,2.7,2.9,3.5,3.5,3.9,4.3,3.8,4.4,4.3,4.3,5.0,4.5,4.7,4.7,5.2,5.1,5.5,6.2,6.4,6.0,6.6,7.3,8.1,7.8
082015,3.1,3.2,3.2,3.7,3.5,4.1,4.2,4.1,4.6,4.4,4.5,4.9,5.0,4.8,5.0,5.3,5.3,6.0,6.2,6.5,6.0,6.7,7.8,8.0,8.7
082016,1.5,1.9,1.8,2.0,2.1,2.0,2.3,2.6,2.9,2.6,2.7,2.8,2.9,2.7,2.8,3.2,3.0,3.6,3.6,3.8,3.6,4.4,4.2,5.1,5.0
082017,2.3,2.5,2.7,3.2,3.1,3.5,3.4,3.9,4.7,4.0,4.3,4.4,4.5,4.4,4.6,4.6,5.1,5.1,5.5,5.4,5.4,5.8,6.3,7.7,7.6
082018,2.6,2.4,2.5,2.5,2.8,3.2,3.1,3.5,3.6,3.4,3.5,3.9,3.8,3.6,3.7,4.0,3.9,4.2,4.6,5.3,4.5,4.8,5.4,6.3,6.4
082019,2.7,2.5,2.8,3.0,3.1,3.3,3.5,3.7,4.1,3.7,4.1,4.2,4.4,4.2,4.5,4.4,4.9,4.9,5.5,5.7,5.5,6.0,6.6,7.1,7.2
082020,2.2,2.6,2.6,2.9,3.1,3.4,3.6,3.7,3.6,3.8,4.1,4.0,4.3,4.1,4.5,4.7,4.8,4.8,5.2,5.5,4.8,6.1,6.1,6.7,7.1
082021,2.9,2.8,3.1,3.5,3.8,4.0,4.1,4.6,4.5,4.7,4.9,5.0,4.7,4.5,5.1,5.0,5.4,5.8,5.9,6.3,5.7,6.5,6.5,7.8,8.6
082022,2.1,2.1,2.3,2.3,2.5,2.7,2.8,2.9,3.3,3.2,3.2,3.5,3.6,3.4,4.2,4.2,4.1,4.2,4.6,5.1,4.5,5.2,6.1,5.7,6.5
082023,3.6,4.1,4.0,4.5,4.6,4.7,5.2,5.7,5.9,5.1,5.9,6.0,5.7,6.2,6.3,6.8,7.1,7.1,7.5,7.6,7.5,7.8,8.6,9.2,9.4
082024,0.9,1.1,1.1,1.3,1.3,1.5,1.6,1.9,2.0,2.0,2.0,2.3,2.1,1.9,2.4,2.2,2.3,2.8,2.8,3.3,3.1,3.2,3.6,3.9,4.2
082025,2.6,2.7,2.9,3.0,2.9,3.1,3.6,3.6,3.9,3.9,4.0,4.4,4.6,4.1,4.5,4.4,4.3,5.0,5.4,5.3,5.3,5.8,6.0,7.0,7.1
082026,1.4,1.5,1.6,1.8,1.9,2.0,2.4,2.3,2.3,2.6,2.4,3.0,2.6,2.5,2.7,2.6,3.0,3.0,3.5,3.2,3.0,3.8,4.0,4.2,4.6
082027,2.4,2.7,2.6,2.9,3.0,3.4,3.6,3.7,4.0,3.9,4.3,4.0,4.3,3.9,4.4,4.1,4.7,5.2,5.1,5.7,5.1,5.6,6.1,6.7,7.1
082028,2.6,2.8,3.2,3.1,3.3,3.5,3.9,4.0,4.7,4.4,4.3,4.3,4.5,4.6,4.3,4.7,4.6,5.3,5.9,6.1,5.2,5.8,6.7,7.0,6.9
082029,2.6,3.0,3.0,3.2,3.3,3.3,3.6,3.7,3.9,3.7,4.4,4.1,4.2,4.2,4.3,4.6,4.3,4.8,5.3,5.3,5.0,5.3,5.9,6.3,7.0
082030,2.6,2.7,2.7,2.9,3.4,3.2,3.3,3.4,3.9,3.7,3.8,4.0,3.7,3.7,4.0,4.1,4.2,4.3,4.7,5.1,4.4,4.9,5.6,6.2,6.2
082031,1.2,1.4,1.2,1.6,2.0,2.0,2.1,2.1,2.5,2.0,2.6,2.7,2.3,2.4,2.6,2.9,3.0,3.4,3.8,3.9,3.6,3.9,4.0,5.0,4.9
082032,1.6,1.5,1.8,1.9,2.0,2.1,2.1,2.3,2.4,2.4,2.4,2.5,2.4,2.4,2.5,3.0,2.8,3.0,3.2,3.7,3.3,3.5,3.6,4.2,4.4
082033,2.6,2.5,2.9,3.2,3.1,3.4,3.3,3.7,4.2,3.8,4.2,4.0,4.3,4.4,4.8,4.7,4.7,5.2,6.0,5.8,5.4,6.0,6.6,7.1,7.2
082034,2.3,2.4,2.5,3.1,2.8,2.9,3.1,3.3,3.4,3.4,3.7,3.8,3.6,3.4,3.7,3.9,4.1,4.4,4.6,5.1,4.3,5.0,5.3,6.3,6.3
082035,2.9,3.0,3.2,3.5,3.6,3.7,3.9,3.8,4.6,4.1,4.1,4.3,3.9,4.1,4.4,4.6,4.7,4.8,5.4,5.4,5.1,5.8,6.5,7.2,7.2
082036,2.5,2.4,2.7,2.9,3.4,3.3,3.3,4.1,4.0,4.1,4.8,4.6,4.7,4.0,4.3,4.6,5.0,5.6,5.7,5.9,5.6,6.5,6.9,7.6,7.9
082037,2.7,2.9,3.0,3.3,3.1,3.4,3.6,3.6,3.8,3.9,4.1,3.8,4.1,3.7,4.2,4.2,4.1,4.7,4.6,5.1,4.6,5.0,5.7,6.1,6.4
082038,2.4,2.8,2.9,2.9,2.6,3.0,3.5,3.6,3.8,3.5,3.7,4.2,3.8,3.5,3.9,4.1,4.2,4.4,4.9,4.8,4.2,4.7,5.6,6.3,6.4
082039,1.6,1.8,1.9,2.1,2.4,2.7,3.0,2.8,3.1,3.0,3.1,3.5,3.5,3.3,3.6,4.0,4.0,4.4,5.0,4.9,4.7,5.3,5.7,6.3,6.7
082040,1.4,1.3,1.7,1.8,2.0,2.1,2.1,2.3,2.4,2.4,2.5,2.8,2.7,2.4,2.6,3.0,2.9,3.3,3.2,3.5,3.1,3.6,4.1,4.5,4.6
082041,2.1,2.2,2.3,2.4,2.5,2.5,2.8,3.3,3.4,3.2,3.3,3.2,3.4,3.1,3.3,3.4,3.9,3.9,4.3,4.2,3.9,4.7,5.0,5.6,5.5
082042,2.4,2.6,2.7,3.0,3.1,3.4,3.2,3.7,3.8,4.1,3.9,4.0,4.4,4.3,4.3,4.9,4.4,4.8,5.3,5.4,5.0,5.5,6.6,6.5,7.4
082043,1.9,1.9,2.3,2.2,2.4,2.6,3.0,3.3,3.4,3.2,3.5,3.5,3.4,3.4,3.8,4.3,4.0,4.4,4.9,4.8,4.7,5.2,5.6,6.2,6.8
082044,2.9,3.1,3.4,3.3,3.5,3.9,3.9,4.6,4.5,4.3,4.9,5.4,4.8,4.8,4.8,5.3,5.5,5.4,6.2,6.1,6.2,6.7,6.9,7.6,7.8
082045,2.1,2.2,2.5,2.6,3.2,3.2,3.4,3.4,3.5,3.7,3.6,4.4,4.1,3.7,3.7,4.3,4.6,5.1,4.9,5.1,5.1,5.1,6.1,6.5,6.8
082046,0.9,1.0,1.1,1.3,1.4,1.5,1.6,2.0,1.9,1.9,2.1,2.5,2.1,2.3,2.5,2.4,2.7,3.2,2.8,3.1,2.9,3.2,4.0,4.4,4.5
082047,1.4,1.4,1.3,1.6,1.6,2.3,2.2,2.1,2.4,2.4,2.5,3.1,2.6,2.5,2.8,2.9,3.4,3.4,3.7,3.7,3.8,4.0,4.1,4.5,5.5
082048,1.7,1.6,1.8,2.1,2.2,2.3,2.3,2.8,3.2,2.9,3.0,3.2,3.2,2.5,3.4,3.5,3.7,3.5,4.2,4.0,3.8,4.5,5.1,5.3,5.6
082049,1.3,1.4,1.7,1.6,1.7,2.1,2.2,2.1,2.5,2.3,2.6,2.9,2.7,2.8,3.1,3.1,3.2,3.4,3.6,4.3,3.7,4.3,4.6,4.6,4.8
082050,2.2,2.2,2.3,2.4,2.5,2.8,2.9,2.8,3.1,3.0,3.3,3.3,3.2,3.5,3.4,3.5,3.7,4.0,3.9,4.4,3.9,4.7,5.1,5.3,5.1
082051,1.3,1.6,1.4,1.7,1.9,1.9,2.1,2.3,2.2,2.1,2.3,2.5,2.3,2.3,2.5,2.6,2.8,2.7,3.2,3.5,3.1,3.6,4.2,4.3,4.3
082052,1.8,2.1,2.1,2.1,2.4,2.4,2.5,2.9,3.3,2.8,3.2,3.1,3.4,3.4,3.5,3.8,3.7,4.3,4.2,4.4,4.3,4.8,5.3,5.8,6.0
082053,6.0,6.8,6.3,7.1,7.4,7.3,8.3,8.2,9.7,8.1,9.2,9.3,9.0,9.2,9.5,9.4,10.3,10.2,10.8,10.6,10.8,11.4,12.0,12.9,13.0
082054,3.2,3.8,3.7,4.2,4.5,4.6,4.4,4.8,5.0,5.0,4.9,5.1,5.6,5.3,5.5,5.7,5.8,5.9,6.5,6.8,6.3,6.8,7.5,8.7,8.1
082055,1.5,1.7,1.6,1.9,1.9,2.0,2.3,2.4,2.8,2.5,3.0,3.2,3.1,2.6,3.4,3.3,3.4,4.0,3.6,4.2,3.7,4.2,5.3,5.4,5.9
082056,2.8,3.1,3.2,3.5,3.5,3.8,4.0,4.5,4.1,4.2,4.6,5.2,4.6,4.6,4.6,5.1,5.2,5.4,5.6,6.1,5.3,6.1,7.2,7.0,7.2
082057,1.6,1.9,2.0,2.0,2.0,2.2,2.2,2.3,2.6,2.6,2.7,2.9,2.4,2.7,2.7,3.1,2.9,3.4,3.1,3.6,3.3,3.9,4.1,4.6,4.8
082058,2.8,2.7,2.8,3.2,3.4,3.6,3.7,4.1,4.0,4.0,4.1,4.5,4.6,4.3,4.3,4.6,4.8,5.1,5.6,5.4,5.1,5.6,6.1,6.4,7.0
082059,3.3,3.4,3.5,3.6,4.1,4.2,4.7,4.7,5.2,5.1,5.1,5.6,5.0,4.7,6.0,5.3,6.0,6.2,6.2,6.9,6.6,7.0,7.4,8.4,8.3
082060,2.4,2.5,2.9,3.0,3.3,3.4,3.4,3.9,4.3,3.8,4.1,5.1,4.4,4.7,4.7,4.9,5.2,5.8,6.1,5.9,5.9,6.1,7.2,7.7,7.6
082061,1.4,1.7,1.9,1.9,2.1,2.2,2.2,2.5,2.5,2.6,2.8,3.1,3.0,2.8,3.2,3.3,3.6,3.6,4.1,4.0,4.1,4.1,4.6,5.0,5.6
082062,1.5,1.5,1.7,1.8,2.0,2.3,2.2,2.4,2.6,2.2,2.3,2.7,2.4,2.5,2.5,2.8,2.7,3.3,3.2,3.7,2.9,3.6,4.5,4.1,4.5
082063,1.2,1.4,1.5,1.5,1.7,1.9,1.9,2.3,2.2,2.5,2.4,2.5,2.6,2.7,2.6,2.8,3.2,3.1,3.3,3.7,3.5,3.8,4.2,5.0,4.8
082064,2.4,2.7,2.8,2.8,2.9,3.2,3.5,3.7,3.5,3.9,3.9,4.5,4.0,3.9,3.9,4.4,4.0,4.5,4.8,5.3,4.7,5.5,5.2,6.1,7.2
082065,1.6,1.5,1.9,2.2,2.1,2.4,2.4,2.8,2.7,2.5,3.0,3.2,3.1,2.5,3.2,3.4,3.4,3.4,3.7,4.1,3.8,4.0,4.4,4.8,4.9
082066,2.5,2.8,2.8,2.9,3.3,3.4,3.9,4.0,3.6,4.2,4.4,4.7,4.6,4.7,4.6,4.8,5.3,5.6,5.5,6.1,6.0,6.2,7.2,8.3,7.5
082067,4.4,4.3,5.0,4.7,4.8,5.5,6.0,5.9,6.4,6.0,6.5,6.9,6.2,6.1,6.3,7.1,6.3,7.3,7.9,7.5,7.0,8.2,8.8,9.4,9.3
082068,3.6,3.4,3.9,3.9,4.2,4.2,4.9,5.0,5.0,4.9,5.7,5.4,5.1,5.1,5.4,5.3,5.4,6.2,6.5,6.7,6.1,7.3,7.3,8.3,8.2
082069,3.0,3.0,2.9,3.2,3.2,3.2,3.8,3.9,3.9,3.9,4.1,4.1,4.3,4.0,4.5,4.3,4.3,4.9,5.2,5.2,4.9,5.0,5.9,6.4,7.0
082070,1.8,2.0,2.1,2.0,2.0,2.5,2.5,2.9,3.1,3.1,3.2,2.9,2.8,2.8,3.1,3.3,3.5,3.8,4.2,4.4,3.8,4.5,4.5,4.8,5.9
082071,2.6,2.3,2.6,2.8,3.1,3.3,3.2,3.5,4.0,4.0,4.3,4.6,4.1,4.0,4.4,4.5,4.8,5.4,5.3,5.7,5.4,5.8,6.3,7.1,7.6
082072,3.0,3.0,3.2,3.2,3.7,3.7,3.9,4.4,4.5,4.2,4.2,4.2,4.4,4.3,4.6,4.9,4.8,5.2,5.4,6.0,5.3,5.8,6.3,6.6,7.3
082073,1.3,1.3,1.6,1.7,1.7,1.9,2.5,2.6,2.3,2.4,2.6,2.7,3.0,2.6,2.7,3.0,3.4,3.4,3.9,3.8,3.6,3.9,4.7,5.8,5.8
082074,2.5,2.8,2.7,2.8,3.3,3.6,3.7,4.2,3.9,4.0,4.3,4.2,4.4,4.3,4.4,4.9,5.0,5.1,5.1,5.9,5.4,5.9,6.7,7.2,7.6
082075,2.1,2.4,2.5,2.5,2.9,3.0,3.1,3.3,3.7,3.5,3.6,4.0,3.6,3.9,3.9,4.2,4.6,4.8,4.8,5.2,4.5,5.5,5.8,6.3,7.2
082076,3.0,3.0,3.4,3.7,3.8,3.8,4.3,4.4,4.7,4.4,4.6,4.8,4.9,4.6,5.1,5.6,5.7,5.9,6.4,6.5,6.2,6.8,7.0,7.5,8.1
082077,1.9,1.9,2.1,2.4,2.4,2.6,3.0,2.7,3.3,3.2,3.3,3.5,3.3,3.6,3.5,3.9,4.0,4.3,4.0,4.6,4.2,4.9,4.9,5.9,5.9
082078,2.6,3.0,3.0,3.3,3.5,3.4,3.8,4.2,4.0,4.1,4.4,4.4,4.2,4.3,4.5,4.9,5.0,5.1,5.1,5.4,5.2,5.9,6.3,6.4,6.9
082079,2.7,3.0,3.2,3.3,3.4,3.7,4.1,4.1,4.7,4.2,4.9,4.8,4.6,4.6,5.0,5.0,5.1,5.4,5.9,6.1,6.1,6.4,7.0,7.7,8.0
082080,3.4,3.6,3.8,4.0,4.2,4.6,4.7,4.8,5.3,4.9,5.5,5.1,5.3,5.3,5.6,5.5,6.1,6.5,6.5,6.7,6.5,6.8,7.7,8.1,9.0
082081,2.5,2.6,2.6,2.8,2.8,2.9,3.3,3.7,3.7,3.9,3.7,3.9,4.0,3.8,3.8,4.1,4.4,4.6,4.5,5.0,4.4,5.1,5.7,6.6,6.6
082082,2.3,2.5,2.8,3.1,3.2,3.2,3.7,3.8,4.0,4.0,4.2,4.3,4.1,4.5,4.5,4.9,5.1,5.0,5.3,5.6,5.5,6.2,6.6,7.1,6.9
083001,1.6,1.7,1.9,2.0,2.1,2.5,2.4,2.8,2.9,2.9,2.7,3.2,3.0,3.1,3.2,3.2,3.4,3.9,3.8,4.5,4.0,4.6,4.9,5.8,6.2
083002,1.5,1.5,1.7,2.0,1.9,2.3,2.2,2.6,2.6,2.7,2.7,3.1,2.9,2.7,2.9,3.0,3.1,3.5,4.0,3.9,3.5,4.3,4.6,4.8,5.3
083003,2.7,2.7,2.9,3.0,3.2,3.4,3.9,3.6,3.8,3.6,3.7,4.3,4.0,4.1,4.2,4.5,4.4,5.0,5.3,5.3,5.2,5.3,5.9,6.7,6.4
083004,2.2,2.6,2.4,2.8,2.9,2.9,3.2,3.7,3.8,3.7,3.8,4.2,4.3,3.8,4.3,4.1,4.9,5.0,5.2,5.5,5.2,5.4,6.3,6.5,7.1
083005,2.2,2.4,2.6,2.5,2.8,3.2,3.3,3.2,3.5,3.4,3.5,3.7,3.7,3.8,4.2,4.3,4.6,4.6,5.0,5.0,4.7,5.1,5.5,5.9,6.0
083006,2.0,1.9,2.0,2.3,2.6,2.8,2.7,3.2,3.3,3.1,3.1,3.4,3.2,3.3,3.5,3.9,4.3,4.0,4.5,5.0,4.3,4.7,5.1,5.7,6.0
083007,2.2,2.4,2.5,2.9,3.1,3.0,3.4,3.8,3.5,3.6,3.8,4.2,4.1,4.0,4.1,4.5,4.4,5.0,5.2,5.6,4.8,5.8,6.1,6.8,7.3
083008,2.8,2.8,3.2,3.2,3.2,3.7,3.9,3.9,4.0,4.1,4.0,4.7,4.3,4.3,4.7,4.9,5.0,5.2,5.5,6.2,5.9,5.8,7.0,7.3,7.6
083009,1.4,1.5,1.6,1.6,1.7,2.1,1.9,2.0,2.3,2.2,2.2,2.2,2.4,2.2,2.7,2.5,2.8,3.1,3.2,3.3,2.8,3.5,3.8,4.2,4.9
083010,3.8,3.8,4.2,4.5,4.7,4.8,5.2,5.6,5.9,5.3,5.8,5.8,5.9,5.7,5.7,6.6,6.4,6.6,6.5,7.3,6.8,7.4,7.9,8.6,9.3
083011,3.0,3.6,3.3,3.6,4.1,3.9,4.3,4.4,4.8,4.4,4.4,5.0,4.9,4.6,4.9,5.1,5.6,5.6,6.2,6.3,6.0,6.5,7.1,7.4,7.0
083012,2.0,2.3,2.2,2.3,2.5,2.9,3.2,2.9,3.2,3.0,3.1,3.5,3.3,3.2,3.4,3.4,3.8,3.6,4.1,4.0,3.8,4.3,4.5,5.0,5.6
083013,2.1,2.0,2.2,2.4,2.3,2.9,3.0,3.4,3.3,3.2,3.3,3.6,3.4,3.4,3.5,3.8,4.1,4.7,4.5,4.4,4.5,4.9,5.4,6.6,6.3
083014,1.7,2.1,2.2,2.4,2.5,2.5,2.7,2.9,3.0,3.1,3.5,3.7,3.5,3.3,3.4,4.0,3.8,4.1,4.5,4.5,4.1,4.6,5.4,5.8,6.2
083015,2.3,2.5,2.4,3.2,2.9,3.1,3.3,3.6,4.1,3.7,3.8,4.4,3.9,4.2,4.1,4.5,4.9,5.0,5.3,5.5,5.1,6.2,5.9,7.1,7.4
083016,1.7,2.0,1.9,2.3,2.3,2.7,3.0,3.0,3.2,3.3,3.2,3.2,3.3,3.2,3.6,3.6,3.8,3.8,4.6,4.5,3.9,4.9,5.1,5.8,6.3
083017,2.4,2.6,3.1,2.8,2.9,3.4,3.6,3.7,4.0,4.0,4.3,4.2,4.3,4.1,4.7,5.0,4.8,5.6,5.9,6.0,5.4,6.1,6.7,8.0,7.9
083018,2.4,2.8,3.2,3.3,3.2,3.8,3.7,3.9,4.1,4.0,4.2,4.6,4.4,4.2,4.6,4.9,5.5,5.5,5.3,5.9,5.5,6.0,7.0,7.4,7.8
083019,2.7,2.9,3.3,3.5,3.8,3.6,4.1,4.3,4.7,4.6,4.6,4.3,4.7,4.5,4.4,4.8,5.6,5.5,5.8,5.9,5.4,6.6,6.5,7.4,7.7
083020,2.2,2.5,2.7,2.8,3.0,3.2,3.2,3.7,4.0,3.8,3.8,4.0,3.9,3.6,4.2,4.5,4.7,4.6,5.3,5.3,4.8,5.7,6.0,6.6,7.1
083021,1.7,1.7,2.0,1.9,2.2,2.4,2.6,2.9,2.9,2.8,2.9,3.2,2.9,3.2,3.2,3.6,3.6,3.8,3.9,4.0,3.7,4.1,4.8,5.4,5.7
083022,3.2,3.1,3.3,3.7,3.8,4.0,4.1,4.0,4.7,4.4,4.4,5.2,4.3,4.6,4.5,4.4,5.1,4.9,5.4,5.6,5.2,5.9,5.7,6.1,6.6
083023,1.7,1.6,2.0,2.2,2.2,2.4,2.7,2.7,3.2,2.7,3.0,3.1,3.1,3.1,3.4,3.6,4.0,3.7,3.9,4.4,4.5,4.4,4.8,5.5,5.8
083024,1.5,1.7,1.8,2.0,2.1,2.1,2.3,2.6,2.9,2.6,2.6,2.8,3.0,2.8,3.0,2.8,3.3,3.6,3.8,3.9,3.6,4.1,5.0,4.8,5.4
083025,1.7,2.1,2.1,2.5,2.6,2.9,3.1,3.4,3.7,3.6,3.7,3.9,3.7,3.8,4.3,4.6,4.6,4.9,5.2,5.6,4.9,5.9,6.3,7.1,7.2
083026,2.6,3.0,2.9,2.9,3.3,3.5,3.6,3.8,4.1,3.8,4.5,4.3,4.6,4.3,4.7,4.6,4.8,5.1,5.6,5.5,5.2,6.4,6.8,7.1,7.2
083027,1.8,1.9,2.0,2.5,2.4,2.4,2.9,2.9,3.2,3.1,3.2,3.5,3.3,3.0,3.4,3.6,4.3,4.1,4.4,4.9,4.2,4.5,5.1,5.7,6.2
083028,1.4,1.6,1.7,1.7,1.8,1.9,2.2,2.5,2.4,2.3,2.5,2.8,2.7,2.8,2.8,2.9,3.1,3.3,3.6,3.5,3.1,3.9,4.1,5.1,5.1
083029,3.3,3.5,3.8,4.0,4.5,4.5,4.8,4.9,5.4,5.2,5.4,5.5,5.6,5.2,5.2,6.3,6.2,6.3,7.2,7.2,6.7,7.1,8.3,9.0,9.1
083030,1.4,1.8,1.8,1.9,1.9,2.0,2.2,2.4,2.9,2.9,2.6,2.9,2.7,2.6,2.8,3.1,3.0,3.4,3.4,3.5,3.5,4.2,4.0,4.7,5.0
083031,3.6,4.0,4.3,4.3,4.9,5.3,5.2,5.5,6.1,5.1,6.1,6.0,5.5,6.0,5.8,6.3,6.4,7.0,7.5,7.7,7.2,8.1,8.5,9.1,9.2
083032,2.1,2.0,2.5,2.4,2.7,3.1,3.3,3.5,3.9,3.7,4.2,4.2,3.9,4.1,4.4,4.5,4.8,5.5,5.4,5.7,5.5,5.8,6.6,7.0,7.9
083033,1.5,1.4,1.7,2.0,2.0,2.1,2.3,2.5,2.7,2.8,2.7,2.8,3.0,2.8,3.0,3.1,3.3,3.4,4.1,3.6,3.7,3.9,4.5,5.4,4.9
083034,2.5,2.4,3.0,2.9,2.9,3.3,3.4,3.9,3.8,4.0,4.2,4.3,4.2,3.7,4.0,4.3,4.9,5.1,5.4,5.3,5.1,5.6,6.5,7.3,7.1
083035,2.2,2.2,2.4,2.4,2.7,3.1,3.1,3.3,3.7,3.5,3.6,3.8,3.8,3.5,3.8,4.2,4.5,4.8,5.1,5.0,4.7,5.5,5.9,6.0,6.7
083036,2.8,2.9,3.2,3.3,3.9,3.9,4.1,4.3,4.7,4.2,4.4,5.0,4.8,4.7,5.0,5.3,5.7,5.7,6.1,6.5,6.1,7.0,7.1,7.6,8.3
083037,1.7,1.9,1.8,2.2,2.3,2.4,2.5,2.7,3.3,2.8,3.1,3.3,3.3,3.5,3.5,3.7,4.1,4.3,4.6,4.5,4.3,4.6,5.3,5.3,6.1
083038,1.1,1.2,1.5,1.2,1.4,1.6,1.6,1.9,2.0,1.8,1.8,2.3,2.0,2.1,2.3,2.5,2.5,2.7,2.9,2.8,2.9,3.2,3.3,4.0,4.0
083039,2.5,2.9,3.0,3.1,3.5,3.7,3.9,3.9,4.4,4.0,4.4,4.6,4.4,4.1,4.5,5.0,5.1,5.6,5.4,5.8,5.9,6.2,6.6,7.2,7.2
083040,1.5,1.7,1.7,2.0,2.2,2.5,2.3,2.6,2.7,2.7,2.9,3.1,3.1,2.9,3.0,3.4,3.5,4.0,3.9,4.2,3.8,4.4,4.8,5.4,5.7
083041,1.7,1.6,1.9,2.1,2.2,2.3,2.4,2.6,2.9,2.8,3.0,3.4,3.0,3.0,3.2,3.2,3.7,3.7,4.1,4.4,3.5,4.7,5.1,5.6,5.9
083042,2.2,2.4,2.4,2.7,2.9,3.1,3.1,3.4,3.8,3.6,3.3,3.7,3.4,3.5,3.7,3.7,4.0,4.4,4.1,4.8,4.3,4.7,5.2,6.1,6.1
083043,3.4,3.5,4.0,4.0,4.2,4.6,4.9,5.3,5.5,5.2,4.9,5.8,5.3,5.2,5.2,5.8,5.6,6.3,6.5,6.7,6.2,7.4,7.1,8.2,8.8
083044,2.4,2.3,2.5,2.7,2.8,3.3,3.5,3.9,4.0,3.5,3.6,4.1,4.0,3.6,4.0,4.3,4.6,4.7,5.0,5.2,4.8,5.2,5.9,5.9,6.3
083045,2.2,2.4,2.4,3.2,3.0,3.5,3.1,3.8,4.3,3.8,4.2,4.6,4.3,3.9,4.4,4.9,5.3,5.5,5.6,6.2,5.8,6.2,6.9,6.9,7.3
083046,2.1,1.9,2.1,2.4,2.5,3.1,3.0,3.0,3.3,3.1,3.2,3.5,3.2,3.2,3.4,3.6,3.8,3.9,4.5,4.3,3.8,4.2,5.0,4.9,6.0
083047,1.4,1.4,1.6,1.9,1.9,2.0,2.3,2.5,2.6,2.5,2.8,2.8,2.8,2.6,3.1,2.9,3.1,3.3,3.6,3.7,3.8,3.8,4.3,5.0,5.3
083048,3.0,3.4,3.7,3.7,3.7,4.0,4.6,4.4,4.9,4.4,4.4,4.9,4.6,4.4,5.0,5.1,5.3,5.8,6.0,6.4,5.5,6.1,6.7,7.7,7.4
083049,1.6,1.7,2.0,2.1,2.3,2.5,2.5,2.9,3.2,2.9,3.3,3.7,3.4,3.3,3.7,3.6,3.9,4.3,4.3,4.6,4.2,5.2,5.4,5.6,6.6
083050,1.8,1.8,2.0,2.0,2.4,2.7,3.0,2.9,3.0,3.0,3.8,3.7,3.4,3.4,3.4,3.6,4.3,4.2,4.3,4.7,4.8,5.0,5.5,5.8,6.4
083051,2.3,2.7,2.7,2.8,2.9,3.2,3.3,3.6,4.3,4.1,4.2,4.0,4.1,4.1,4.4,4.7,5.1,5.3,5.0,5.4,5.3,6.1,6.4,7.0,7.6
083052,1.7,2.1,2.0,2.1,2.6,2.9,3.0,3.1,3.4,3.0,3.5,3.7,3.3,3.6,3.5,3.9,4.2,4.1,4.4,4.8,4.4,5.4,5.7,6.1,6.4
083053,1.4,1.3,1.6,1.6,1.6,2.0,2.3,2.2,2.5,2.4,2.5,2.7,2.6,2.3,2.7,2.8,3.1,3.2,3.4,3.7,3.3,4.0,4.2,4.6,5.0
083054,2.3,2.6,2.7,2.9,3.2,3.5,3.5,4.0,4.2,4.0,4.1,4.4,4.1,4.2,4.4,4.7,4.7,5.8,5.0,6.0,5.1,6.1,6.4,7.3,7.5
083055,3.3,3.6,4.2,4.2,4.7,5.3,5.1,6.0,5.7,5.6,6.1,6.3,5.9,6.2,6.7,6.5,7.1,7.4,7.5,8.4,7.5,8.6,8.7,9.6,9.7
083056,2.4,2.4,2.7,3.0,2.8,3.3,3.6,3.6,4.1,3.9,4.0,4.3,3.9,3.8,4.0,4.6,4.9,5.1,5.1,5.2,4.9,5.7,6.0,6.8,6.6
083057,2.1,2.3,2.8,2.7,2.8,3.3,3.6,3.5,3.7,3.8,4.1,4.2,4.2,4.0,4.1,4.4,4.7,5.2,5.1,5.5,5.1,5.8,6.4,6.9,7.2
083058,2.1,2.5,2.5,2.7,2.7,2.9,3.3,3.7,3.9,3.4,3.8,3.7,3.8,3.9,4.1,4.5,4.4,4.7,4.5,5.5,4.8,5.0,5.7,6.3,6.8
083059,2.1,2.6,2.7,2.8,3.2,3.4,3.7,3.7,3.8,3.5,3.8,4.1,4.3,3.9,4.4,4.3,5.0,5.0,4.6,5.5,5.1,6.1,6.4,6.9,7.3
083060,2.9,3.1,3.0,3.5,3.8,3.7,4.2,4.4,4.7,4.6,4.5,4.8,4.5,4.3,5.0,4.9,5.3,5.3,5.8,6.2,5.9,6.1,7.5,7.5,7.9
083061,2.1,2.3,2.7,2.6,2.9,3.2,3.4,3.8,3.5,3.2,3.8,3.7,4.1,3.4,4.1,4.2,4.7,4.8,5.2,5.4,5.4,5.6,5.9,7.0,7.5
083062,2.7,3.3,3.1,3.3,3.3,3.5,3.9,4.2,4.3,4.1,4.4,4.7,4.7,4.5,4.9,5.0,5.0,5.5,5.7,6.2,6.0,6.2,7.1,6.9,8.1
083063,2.5,2.7,3.2,3.4,3.6,4.0,3.8,3.9,4.9,4.4,4.4,4.7,4.8,4.7,4.9,5.1,5.6,5.2,5.7,5.9,5.6,6.2,7.0,7.6,7.4
083064,2.0,2.3,2.5,2.6,2.6,3.1,3.2,3.6,3.6,3.6,3.6,3.8,3.7,3.9,4.0,4.2,4.3,4.6,5.0,5.3,5.0,5.5,6.1,6.4,6.4
083065,1.5,1.5,1.8,1.8,1.9,2.1,2.1,2.4,2.4,2.1,2.6,2.4,2.5,2.4,2.6,2.9,3.1,2.9,3.2,3.8,3.4,3.4,4.0,4.3,4.8
083066,3.5,4.3,4.6,4.9,5.0,5.4,5.7,5.6,6.2,5.9,6.4,7.1,6.3,6.0,6.5,6.7,7.2,7.6,7.3,8.1,7.6,8.0,9.0,9.1,9.7
083067,2.6,2.8,2.9,3.4,3.5,3.5,3.8,4.0,4.2,4.0,4.2,4.4,4.2,4.0,4.4,4.9,4.9,5.4,5.8,5.9,5.4,6.0,6.5,7.2,7.1
083068,2.0,2.1,2.1,2.4,2.7,3.0,2.9,3.0,3.5,3.4,3.4,3.6,3.6,3.6,3.9,4.0,4.3,4.4,4.3,5.3,4.7,5.5,5.7,6.0,6.3
083069,3.1,3.3,3.4,3.6,4.1,4.0,4.4,4.2,5.1,4.1,4.7,4.9,4.9,4.7,5.2,5.4,5.4,6.1,6.4,6.3,5.9,6.3,6.8,7.7,8.2
083070,1.3,1.4,1.6,1.7,1.7,1.9,2.0,2.1,2.4,2.2,2.5,2.8,2.5,2.4,2.8,2.7,3.1,3.3,3.1,3.4,3.2,3.5,3.9,4.9,4.8
083071,2.8,2.8,3.4,3.0,3.4,3.5,3.8,4.1,4.0,4.1,4.0,4.7,4.2,4.2,4.4,5.2,4.7,5.4,5.3,5.6,5.5,5.9,6.2,6.9,7.1
083072,2.5,2.7,2.9,3.2,3.4,3.9,4.2,3.8,4.2,4.1,4.5,4.7,4.7,4.4,4.5,4.6,5.2,5.1,5.4,5.4,5.4,6.0,6.3,6.7,7.5
083073,1.0,1.0,1.0,1.2,1.4,1.6,1.5,1.8,1.9,1.8,2.2,2.2,2.0,1.9,2.0,2.5,2.6,2.6,3.1,3.1,3.0,3.8,3.5,4.7,4.4
083074,2.9,2.9,3.2,3.1,3.4,3.7,3.8,4.2,4.3,4.2,4.4,4.6,4.6,4.2,4.4,4.7,5.1,6.2,5.7,6.0,6.0,6.6,6.6,7.9,8.0
083075,3.2,3.1,3.4,3.5,3.8,4.3,4.4,4.6,5.0,4.6,5.0,5.2,5.5,4.9,5.0,5.4,5.3,6.1,6.1,6.6,6.0,6.8,7.6,7.8,8.8
083076,4.0,3.9,4.3,4.2,4.7,4.8,5.2,5.9,6.1,5.8,5.6,6.1,5.6,5.6,6.1,6.5,6.8,6.7,7.3,7.3,6.7,7.2,8.7,8.6,8.6
083077,2.9,2.8,2.9,3.1,3.4,3.4,3.4,3.9,3.9,3.8,4.0,4.0,3.9,4.0,4.4,4.2,4.7,4.9,5.1,5.1,4.7,5.5,6.0,6.8,6.9
083078,1.9,2.4,2.7,2.6,2.7,2.8,3.1,3.6,3.7,3.0,3.6,4.0,3.9,3.5,3.4,3.4,3.9,4.3,4.7,4.7,4.6,4.9,5.1,5.8,6.1
083079,2.5,2.5,2.8,3.1,3.2,3.7,3.6,4.0,4.1,4.1,4.0,4.6,4.1,4.4,4.4,4.4,4.6,5.1,5.2,5.6,5.5,6.0,6.1,7.0,7.4
083080,2.6,3.0,2.9,2.9,3.4,3.3,3.7,3.8,3.6,3.9,4.1,4.5,4.3,4.2,4.2,4.7,4.8,4.4,5.3,5.2,5.1,5.9,6.5,6.7,6.5
083081,2.7,2.7,3.2,3.4,3.8,3.8,3.8,3.9,4.5,4.1,4.6,4.8,4.6,4.7,4.8,5.3,5.2,5.2,5.8,6.1,5.8,6.3,7.3,7.9,8.2
083082,3.5,4.1,4.0,3.7,4.6,4.5,4.6,5.0,5.4,5.4,5.5,6.1,5.3,5.3,5.6,5.7,6.3,6.1,6.3,6.5,6.4,6.9,7.7,8.2,8.8
083083,2.6,2.6,2.7,2.8,3.1,3.4,3.6,3.5,4.4,4.1,4.3,4.4,4.3,4.2,4.5,4.8,5.2,5.3,5.6,5.8,5.1,5.8,6.6,6.8,7.3
083084,2.6,3.1,3.1,3.5,3.5,3.5,3.8,4.3,4.3,4.3,4.1,4.8,4.4,4.1,4.6,5.1,5.1,5.4,5.5,6.0,5.3,5.9,6.0,6.7,7.4
083085,2.3,2.6,2.7,3.0,3.1,3.3,3.6,3.8,4.2,4.0,4.1,4.2,3.9,4.2,3.9,4.8,5.4,5.2,5.8,6.0,5.4,5.6,6.3,7.5,7.7
083086,2.0,2.1,2.6,2.7,2.8,3.1,3.1,3.9,3.4,3.7,3.7,4.0,4.1,3.8,4.5,4.4,4.8,4.9,4.9,5.6,5.3,5.9,6.5,6.8,6.9
083087,1.9,2.2,2.2,2.4,2.7,2.7,3.3,3.6,3.5,3.4,3.7,3.7,3.9,3.5,4.4,4.3,4.4,4.7,4.9,5.2,4.7,5.7,6.6,6.8,6.9
083088,2.3,2.4,2.6,3.0,3.1,3.4,3.6,3.8,4.2,3.7,4.1,4.5,4.2,3.9,4.2,4.3,4.8,5.0,4.6,5.7,5.0,6.1,6.2,6.9,7.5
083089,2.0,2.3,2.4,2.9,2.8,3.0,3.1,3.4,3.6,3.3,3.4,3.5,3.5,3.6,3.6,3.8,4.2,4.4,4.5,4.8,4.6,4.9,5.2,6.1,6.1
083090,1.6,1.9,2.0,2.1,2.4,2.2,2.6,2.7,3.1,2.9,3.1,3.2,3.1,3.3,3.4,3.9,3.6,4.1,4.1,4.7,4.3,5.0,5.0,5.9,6.5
083091,1.2,1.2,1.3,1.3,1.4,1.5,1.8,1.8,1.8,1.7,1.9,1.9,1.9,1.6,2.1,2.0,2.4,2.3,2.4,2.6,2.5,2.4,2.7,3.4,3.5
083092,1.8,2.0,2.1,2.1,2.7,2.6,2.8,3.1,3.4,3.2,3.4,3.3,3.3,3.1,3.7,3.3,3.9,3.9,4.1,4.6,4.1,4.7,5.5,5.8,6.5
083093,2.3,2.4,2.8,2.6,2.9,3.0,3.6,3.5,3.7,3.1,3.5,3.5,3.7,3.8,3.8,3.9,4.3,4.5,4.5,4.9,4.6,5.5,5.3,5.9,6.4
083094,2.8,3.0,3.3,3.4,3.3,4.0,4.2,4.4,4.7,4.4,4.9,5.8,5.3,4.9,5.4,5.4,6.0,7.1,6.4,6.8,6.3,7.6,8.2,8.6,8.6
083095,2.0,2.2,2.5,2.6,2.6,2.9,3.2,3.1,3.4,3.1,3.7,3.7,3.6,4.0,3.8,3.9,4.1,4.0,4.6,4.9,4.3,4.9,5.7,5.8,6.1
083096,2.6,2.6,3.1,3.1,3.3,3.3,3.9,3.6,3.7,4.1,3.9,4.5,4.2,4.1,4.4,5.2,4.9,5.4,5.5,5.9,5.7,5.8,6.8,6.9,6.7
083097,2.8,2.8,3.2,3.0,3.3,3.4,3.9,4.0,4.3,4.2,4.5,4.5,4.5,4.7,4.9,4.7,4.9,5.4,5.4,5.9,5.8,6.5,6.9,7.3,7.4
083098,1.9,2.2,2.4,2.5,2.6,2.8,3.0,3.0,3.3,3.0,3.7,3.7,3.5,3.4,3.6,3.8,3.9,4.4,4.4,4.3,4.2,4.7,5.4,5.7,5.9
083099,2.9,3.0,2.9,3.2,3.4,3.9,3.9,4.2,4.4,4.1,4.5,4.7,4.6,4.3,4.4,4.7,5.5,5.3,5.9,6.2,5.5,6.1,7.0,7.0,6.8
083100,2.6,2.9,2.8,3.0,3.6,3.7,3.8,3.7,4.0,4.0,4.1,4.5,4.3,4.3,4.3,4.9,5.4,5.2,5.4,6.3,5.2,5.4,6.4,7.0,7.9
083101,2.4,2.7,2.6,3.1,2.8,3.1,3.3,3.5,4.3,3.9,4.2,4.5,4.3,4.3,4.6,5.1,5.2,5.0,5.4,5.8,5.6,6.1,6.4,7.0,7.2
083102,2.5,2.4,2.6,2.9,3.2,3.5,3.7,3.7,3.8,4.0,3.8,4.2,4.2,3.9,4.7,4.6,4.8,5.4,5.2,5.6,5.6,5.9,6.2,6.8,7.1
083103,1.3,1.4,1.5,1.5,1.7,1.9,2.3,2.2,2.3,2.5,2.4,2.7,2.9,2.7,3.0,3.1,3.1,3.4,3.5,3.6,3.2,4.0,4.4,4.9,5.5
083104,1.3,1.6,1.6,1.5,1.9,2.1,2.1,2.1,2.4,2.3,2.5,2.6,2.4,2.5,2.5,2.7,2.9,3.1,3.3,3.2,3.0,3.4,4.0,4.2,4.5
083105,1.8,2.0,2.1,2.4,2.5,2.6,2.6,3.1,3.1,2.9,3.8,3.1,3.5,3.0,3.4,3.5,4.1,4.3,4.3,5.0,4.7,4.8,5.3,5.7,6.1
083106,1.8,1.9,2.0,1.9,2.0,2.4,2.6,2.6,3.0,2.9,3.0,3.1,3.0,2.9,2.8,3.0,3.4,3.6,3.7,4.0,3.7,4.0,4.6,5.1,5.4
083107,2.7,2.8,3.0,3.1,3.3,3.3,3.6,3.7,4.0,3.9,4.0,4.4,4.4,4.0,4.4,4.4,4.4,5.0,4.9,5.1,4.8,5.1,5.9,6.5,7.1
083108,1.3,1.5,1.7,1.6,1.8,1.9,1.9,2.2,2.5,2.5,2.5,3.0,2.5,2.8,3.1,3.1,3.4,3.7,4.2,4.2,3.7,3.9,4.5,5.2,5.3
084001,2.5,2.8,3.0,3.4,2.9,3.7,4.1,4.0,4.2,3.8,4.4,4.6,4.5,4.5,4.7,4.6,4.9,5.4,5.1,6.0,5.3,6.3,6.6,7.1,7.8
084002,2.0,2.3,2.4,2.4,3.0,2.8,2.9,3.5,3.9,3.5,3.8,4.2,3.9,3.6,3.8,4.1,4.2,4.4,5.3,5.3,4.4,5.4,6.1,6.8,7.2
084003,1.8,2.0,2.0,2.2,2.4,2.4,2.7,2.9,3.0,3.1,3.3,3.2,3.2,2.9,3.5,3.7,4.0,4.1,4.2,4.6,4.4,5.1,5.4,6.0,6.1
084004,2.6,3.0,2.4,3.0,3.1,3.3,3.5,4.1,4.5,3.9,4.1,4.6,4.4,4.0,4.3,4.6,4.7,4.9,5.2,5.6,5.1,5.6,6.3,6.8,7.5
084005,2.1,2.0,2.2,2.2,2.2,2.5,2.8,2.9,2.9,2.9,3.0,3.1,3.3,3.0,3.1,3.4,3.6,3.9,4.0,4.2,4.1,4.2,4.7,5.2,5.2
084006,2.5,3.0,3.1,3.0,3.5,3.5,3.9,4.1,4.5,4.1,4.2,4.4,4.1,4.9,4.4,4.8,5.0,5.0,5.5,6.2,5.0,6.4,6.5,7.3,7.9
084007,2.3,2.4,2.4,2.9,2.8,2.9,3.4,3.7,3.6,3.2,3.8,3.9,3.8,3.8,4.0,4.0,4.4,4.9,4.7,5.1,4.9,5.0,5.8,6.1,6.4
084008,2.2,2.2,2.5,2.8,2.9,3.2,3.2,3.5,3.6,3.5,3.9,4.3,4.0,4.0,4.1,4.5,4.5,4.9,4.9,5.5,5.3,5.4,6.0,6.9,7.3
084009,1.0,1.3,1.4,1.4,1.6,1.9,2.2,2.0,2.2,2.2,2.4,2.4,2.2,2.6,2.4,2.9,2.7,3.0,3.4,3.2,3.1,3.7,4.2,4.7,4.9
084010,2.5,3.0,2.8,2.9,3.3,3.6,3.4,4.0,4.0,3.6,4.0,4.6,4.1,4.5,4.2,4.8,4.8,5.1,5.6,5.7,5.0,5.8,6.1,6.9,6.9
084011,1.7,1.7,2.0,2.2,2.2,2.2,2.7,3.0,3.2,3.0,3.3,3.4,3.2,3.3,2.9,3.5,4.0,4.1,4.6,4.1,3.9,4.4,4.9,6.0,5.8
084012,1.9,2.2,2.1,2.6,2.8,2.8,2.8,3.1,3.3,3.3,3.2,3.5,3.6,2.9,3.6,3.5,3.5,3.9,4.0,5.0,4.5,4.7,5.1,6.0,6.2
084013,1.8,1.8,1.9,2.3,2.2,2.2,2.4,2.7,2.8,2.8,3.0,3.1,3.2,2.9,3.0,3.7,3.5,3.8,3.8,3.7,3.8,4.4,4.9,5.9,6.0
084014,4.1,4.0,4.3,4.4,4.8,4.9,5.1,5.6,5.7,5.4,6.0,5.9,5.9,5.9,6.0,6.5,6.8,6.6,7.0,7.6,6.7,7.5,8.0,9.0,9.3
084015,1.9,2.0,2.4,2.6,2.6,2.6,3.2,3.3,3.2,3.4,3.1,3.7,3.4,3.4,3.8,3.7,4.0,4.2,4.4,4.8,4.1,4.7,5.2,5.8,6.6
084016,1.8,1.9,2.1,2.1,2.6,2.7,2.7,2.9,3.0,2.9,3.1,3.3,3.1,3.2,3.3,3.6,3.6,3.9,4.2,4.4,4.0,4.2,5.3,5.6,5.9
084017,2.0,2.2,2.2,2.4,2.8,2.8,3.0,2.9,3.2,3.6,3.8,3.9,3.8,3.5,4.1,4.2,4.2,4.8,5.0,4.8,4.7,5.0,6.0,7.3,6.8
084018,1.6,1.9,1.8,2.1,1.9,2.2,2.6,2.6,2.6,2.5,3.1,3.0,3.0,2.7,2.9,3.1,3.3,3.4,3.6,4.0,3.4,4.2,4.6,4.9,5.2
084019,3.2,3.9,3.9,4.1,4.5,4.7,5.0,5.5,5.0,5.1,5.7,5.4,5.3,5.0,6.0,6.0,6.4,6.3,6.8,7.5,6.5,7.6,7.5,8.5,9.4
084020,2.1,2.4,2.5,2.5,2.7,3.0,2.9,3.2,3.6,3.4,3.5,3.7,3.7,3.3,4.0,3.9,4.5,4.4,4.8,5.1,4.9,5.1,5.8,6.4,6.2
084021,2.4,2.5,2.8,3.2,3.3,3.6,4.0,3.8,4.2,4.3,4.3,4.8,4.8,4.3,4.5,4.8,5.3,5.6,6.1,7.0,5.6,6.5,7.3,8.0,8.2
084022,2.0,2.1,1.9,2.3,2.7,2.6,3.0,2.7,3.3,3.1,3.2,3.4,3.4,3.6,3.5,3.6,4.5,4.1,4.3,4.7,4.2,4.7,5.2,5.6,6.1
084023,3.7,3.8,3.6,4.4,4.2,4.3,5.0,5.1,5.2,5.3,5.4,6.1,5.8,5.5,6.1,6.1,6.3,6.5,6.7,7.6,6.8,7.4,7.9,8.2,9.5
084024,1.9,1.9,2.0,2.3,2.6,2.8,2.9,3.2,3.4,3.1,3.2,3.4,3.6,3.4,3.5,3.6,3.8,4.1,4.4,4.8,4.4,5.1,5.6,5.7,6.2
084025,1.9,1.9,2.3,2.6,2.5,2.9,3.4,3.4,3.1,3.5,3.8,4.1,4.0,3.7,4.0,4.0,4.3,4.7,5.3,5.2,5.0,5.5,6.2,6.4,7.2
084026,2.2,2.5,2.6,2.8,3.2,3.2,3.3,3.9,3.8,3.6,4.1,4.4,4.3,4.0,4.3,4.2,4.8,4.7,5.0,5.0,5.0,5.5,5.9,6.5,6.8
084027,2.8,3.0,3.2,3.4,3.3,3.7,4.0,4.2,4.5,4.3,4.5,4.4,4.7,4.4,4.8,4.8,5.0,5.6,5.5,6.1,5.4,6.3,6.9,7.1,7.7
084028,3.2,3.5,3.4,4.2,3.9,3.8,4.4,4.9,4.9,4.9,4.9,4.9,5.0,4.6,5.2,5.2,5.6,5.6,6.0,6.6,5.5,6.5,6.7,7.4,8.1
084029,2.0,2.2,2.4,2.5,2.7,3.1,2.9,3.7,3.4,3.4,3.6,3.4,4.1,3.8,3.9,4.1,4.3,4.2,4.4,5.1,4.8,5.0,5.6,6.7,6.8
084030,2.5,2.7,3.0,3.0,3.5,3.3,3.7,4.2,4.8,4.2,4.3,4.4,4.4,4.3,4.8,4.9,5.4,5.2,5.5,5.7,5.3,6.2,6.6,7.2,7.3
084031,1.5,1.5,1.6,1.7,2.0,2.0,2.0,2.0,2.2,2.3,2.2,2.5,2.5,2.2,2.4,2.6,2.7,2.7,2.8,3.1,2.8,3.2,3.3,3.9,4.0
084032,2.4,2.6,2.8,2.8,2.9,3.6,3.5,3.8,4.2,4.0,4.4,4.2,4.7,4.3,4.5,4.7,4.9,5.3,5.5,5.6,5.0,6.0,6.1,7.3,7.5
084033,1.8,1.9,2.1,2.5,2.3,2.6,2.6,2.8,2.9,3.1,3.0,3.2,3.5,3.3,3.3,3.3,3.7,3.9,4.0,4.4,4.0,4.6,5.0,5.6,5.8
084034,3.3,3.5,4.0,4.3,4.1,4.5,4.7,5.0,5.2,4.9,5.4,5.8,5.7,5.3,5.5,6.1,5.6,6.5,6.5,7.2,6.2,7.4,7.9,8.4,8.7
084035,3.4,3.7,3.9,3.9,4.0,4.6,4.6,5.0,5.4,5.1,5.2,5.7,5.1,5.4,5.7,5.8,6.2,6.5,6.5,7.1,6.8,7.3,7.9,8.7,9.1
084036,2.4,2.7,2.9,3.0,2.8,3.2,3.5,3.6,4.1,3.9,3.6,4.2,3.6,4.0,4.0,4.1,4.3,4.6,4.9,4.7,4.6,5.5,5.5,6.5,7.0
084037,2.3,2.7,2.9,3.1,3.1,3.8,3.9,4.3,4.3,4.1,4.5,4.8,4.6,4.2,4.7,5.1,5.1,5.4,5.9,5.8,5.6,6.2,7.2,7.8,7.9
084038,3.0,2.8,3.3,3.6,3.6,3.8,4.3,4.3,4.8,4.4,4.3,5.1,4.8,4.6,5.0,5.3,5.4,5.8,5.5,6.1,6.0,6.2,7.2,7.6,7.7
084039,3.6,3.8,4.2,4.4,4.5,5.2,5.0,5.3,5.5,5.0,5.6,5.7,5.5,5.7,5.9,6.0,6.7,6.5,6.7,7.2,6.7,7.0,7.7,8.2,8.7
084040,2.0,2.3,2.2,2.5,2.6,2.9,2.9,3.2,3.6,3.1,3.6,3.9,3.6,3.4,3.4,3.7,4.1,4.2,4.1,4.8,4.2,4.5,5.6,5.8,6.4
084041,1.0,1.0,1.1,1.3,1.4,1.2,1.8,1.7,1.9,2.0,1.9,2.2,2.2,1.8,2.3,2.3,2.4,2.5,2.7,2.7,2.8,2.9,3.8,3.9,3.9
084042,1.1,1.3,1.3,1.2,1.5,1.7,1.7,2.1,2.1,2.1,2.1,2.5,2.5,2.5,2.4,2.8,2.7,2.8,3.2,3.4,3.2,3.7,3.8,4.2,4.6
084043,2.4,2.5,2.9,2.8,3.2,3.3,3.3,3.6,3.9,3.9,3.7,4.3,4.3,4.0,4.0,4.6,4.5,4.9,5.3,5.1,4.9,5.8,6.3,6.5,6.8
085001,1.7,1.7,1.8,2.0,2.1,2.2,2.3,2.6,2.7,2.4,2.8,3.1,3.0,2.9,3.2,3.2,3.6,3.7,3.7,3.8,3.7,4.0,4.7,5.0,5.3
085002,2.5,2.7,2.9,3.0,3.1,3.3,3.8,3.8,3.9,3.6,4.0,4.4,4.1,4.1,4.2,4.1,4.5,4.7,5.2,5.3,5.2,5.4,5.9,6.0,6.8
085003,2.3,2.7,2.8,2.9,3.0,3.3,3.7,3.9,4.0,4.0,4.3,4.4,4.3,3.7,4.3,4.5,5.1,5.3,5.5,5.5,5.4,5.9,6.7,7.1,6.9
085004,1.5,1.7,1.7,1.9,2.1,2.2,2.4,2.4,2.6,2.6,2.8,2.9,3.0,2.6,2.5,2.9,3.4,3.4,3.7,3.7,3.8,4.0,4.3,4.8,4.9
085005,1.7,2.2,2.2,2.3,2.5,2.4,2.5,2.7,2.9,2.9,3.3,3.4,3.3,3.2,3.3,3.6,3.6,4.4,3.9,4.1,4.0,4.6,5.4,5.4,6.0
085006,2.6,2.9,3.0,3.4,3.3,3.5,3.7,3.8,4.2,3.9,3.9,4.4,4.7,4.4,4.5,4.8,5.0,5.2,5.5,5.7,5.4,5.7,6.3,6.9,7.2
085007,1.6,1.9,1.8,2.2,2.3,2.1,2.4,2.7,2.6,2.9,2.5,2.6,2.5,2.8,2.8,2.7,3.1,3.5,3.3,3.3,3.6,3.8,4.1,4.6,4.8
085008,2.2,2.4,2.8,2.7,3.0,3.3,3.3,3.3,3.7,3.7,3.8,3.8,3.7,3.9,4.2,4.6,4.3,4.8,5.5,5.4,4.8,5.5,6.0,6.0,6.6
085009,2.2,2.3,2.4,2.6,2.7,2.9,3.1,3.2,3.5,3.5,3.5,4.0,3.5,3.4,3.6,3.7,3.9,4.3,4.7,4.5,4.4,5.0,5.6,5.9,6.1
085010,1.3,1.5,1.6,1.8,2.0,2.1,2.3,2.5,2.7,2.8,2.7,3.0,3.0,2.8,3.0,3.2,3.4,3.8,4.0,4.3,3.7,4.2,5.2,5.7,5.4
085011,3.6,3.6,4.2,4.0,4.6,4.8,5.1,5.0,5.4,4.8,4.9,5.4,5.4,5.4,5.9,5.7,5.9,6.4,6.6,7.1,6.2,7.1,8.0,9.1,9.3
085012,2.6,2.9,3.3,3.1,3.6,3.7,4.0,4.4,4.9,4.2,4.9,5.2,5.0,4.6,5.1,5.5,5.5,6.0,6.2,6.8,6.2,6.9,7.4,7.8,8.7
085013,2.8,2.9,3.4,3.5,3.4,4.0,3.8,4.2,4.2,4.2,4.2,4.9,4.7,4.4,4.7,4.8,5.3,5.3,5.8,6.0,5.8,6.4,6.5,7.1,7.2
085014,2.7,2.8,3.1,3.3,3.4,3.7,3.8,4.1,4.2,4.1,4.5,4.5,4.6,4.1,4.4,4.8,5.1,5.2,5.2,5.7,5.7,6.0,6.7,7.3,6.9
085015,3.4,3.3,3.5,3.9,4.4,4.4,4.5,4.9,5.0,4.5,5.0,5.2,4.9,5.0,4.9,5.4,5.0,5.9,6.6,7.3,5.8,6.7,6.6,7.8,8.1
085016,2.9,2.9,3.3,3.4,3.6,4.1,4.0,4.4,4.4,4.5,4.5,4.8,4.6,4.7,4.6,4.7,5.6,5.7,5.9,6.0,5.7,6.4,7.0,7.7,8.4
085017,1.9,2.1,2.1,2.3,2.4,2.8,3.0,2.8,3.3,2.7,3.4,3.3,3.5,3.6,3.5,3.8,4.0,4.5,4.2,4.8,4.4,4.8,5.0,5.8,6.1
085018,3.6,3.9,3.5,3.8,4.4,4.3,4.5,5.0,5.2,4.7,5.1,5.4,5.2,5.3,5.2,5.5,6.1,6.4,6.1,5.8,6.1,6.7,7.2,7.9,8.0
085019,1.9,2.0,2.3,2.1,2.5,2.7,2.8,2.9,3.0,3.1,3.1,3.1,3.2,2.9,3.2,3.3,3.4,3.6,3.8,3.9,3.8,4.0,4.5,4.8,5.3
085020,1.3,1.4,1.6,1.6,1.8,2.0,1.9,2.3,2.3,2.2,2.4,2.3,2.2,2.3,2.7,2.8,2.8,3.0,3.1,3.5,2.8,3.4,4.4,4.6,4.5
085021,2.7,3.1,3.7,3.3,3.6,3.9,3.9,4.2,4.1,4.0,4.2,4.8,4.5,4.6,4.9,4.9,4.9,5.3,5.6,5.6,5.5,5.7,6.8,6.9,7.7
085022,1.5,1.7,2.0,2.0,2.1,2.4,2.5,3.0,2.9,2.8,2.9,3.2,3.1,2.8,3.3,3.3,3.4,3.6,4.3,4.2,4.1,4.5,5.1,5.4,5.8
086001,3.5,3.9,4.4,4.2,4.1,4.8,4.6,5.5,5.2,5.0,5.7,5.2,5.8,5.2,6.1,5.5,5.9,6.5,6.2,6.9,6.6,6.6,7.7,8.5,8.9
086002,1.9,2.1,2.5,2.2,2.7,2.9,2.9,3.2,3.2,3.2,3.5,3.5,3.3,3.4,3.3,3.5,4.0,4.0,4.6,4.7,4.0,4.7,5.6,5.9,6.4
086003,3.1,3.3,3.9,3.8,4.2,4.7,4.4,4.9,4.9,4.5,5.4,5.4,5.3,5.2,5.7,5.3,5.6,6.2,6.8,6.8,6.3,6.8,8.1,8.4,8.8
086004,3.2,3.5,3.7,4.0,4.0,4.2,4.6,5.1,5.6,5.1,5.3,5.3,5.6,5.3,5.8,6.0,6.1,6.5,7.1,7.3,6.7,7.7,7.5,8.5,9.1
086005,1.2,1.4,1.3,1.5,1.7,1.7,1.9,2.0,1.8,2.0,2.3,2.3,2.2,2.2,2.3,2.9,2.8,3.0,3.0,3.3,2.9,3.3,3.9,4.4,4.9
086006,3.2,3.1,3.2,3.2,3.5,3.8,4.4,4.4,4.5,4.1,4.8,4.6,4.6,4.5,4.4,4.8,5.1,5.7,5.9,5.6,5.1,6.3,6.4,6.9,7.2
086007,3.2,3.5,3.8,3.6,4.1,4.0,4.5,4.6,5.0,4.9,5.4,5.4,5.0,5.2,5.3,5.5,5.8,6.4,6.1,6.6,6.6,7.0,7.9,7.8,8.1
086008,2.2,2.3,2.4,2.7,2.6,3.0,3.5,3.3,3.8,3.3,3.7,3.9,3.6,3.9,4.0,4.4,4.5,3.8,4.2,4.7,4.7,4.9,5.7,5.9,6.8
086009,3.0,3.2,3.4,3.2,3.6,3.8,4.2,4.2,4.8,4.5,4.4,5.0,4.6,4.8,4.9,4.7,5.3,5.4,5.9,6.0,6.0,6.5,6.5,7.7,7.5
086010,2.9,2.9,3.3,3.7,3.7,4.2,4.4,4.6,4.6,4.7,5.1,5.3,5.5,5.2,5.6,5.7,6.1,6.2,6.3,7.0,6.5,6.8,8.0,8.2,8.5
086011,2.1,2.2,2.2,2.4,2.7,2.9,2.9,3.0,3.1,3.1,3.4,3.4,3.2,3.1,3.2,3.3,3.8,4.1,4.2,4.4,4.1,4.3,5.0,5.7,5.1
086012,2.2,2.4,2.6,2.7,2.9,3.2,3.0,3.5,3.5,3.8,3.6,3.8,3.9,3.8,4.1,4.1,4.1,4.7,4.7,4.9,4.8,5.0,6.0,6.0,7.1
086013,2.6,2.6,3.2,2.6,3.2,3.4,3.5,4.0,4.2,3.8,4.2,4.9,4.2,4.2,4.5,4.5,4.9,5.3,5.6,5.7,5.6,6.6,6.6,6.8,8.2
086014,3.9,3.3,3.9,4.0,4.3,4.7,4.7,5.1,5.3,4.4,5.5,5.4,5.6,5.4,5.6,6.5,6.1,6.2,6.8,7.1,6.9,7.4,8.7,7.7,9.1
086015,0.8,1.0,0.9,1.0,1.0,1.3,1.2,1.3,1.2,1.4,1.4,1.5,1.8,1.3,1.5,1.5,1.7,1.9,1.8,2.1,2.0,2.0,2.4,2.6,2.7
086016,2.4,2.5,2.4,2.8,2.9,2.9,3.4,3.4,3.8,3.5,3.8,3.7,3.6,3.6,4.3,3.9,4.6,4.9,4.7,4.9,4.5,5.5,5.5,5.9,6.0
086017,0.6,0.6,0.9,0.8,0.9,1.0,1.0,1.2,1.3,1.4,1.4,1.6,1.5,1.4,1.7,1.7,2.0,1.9,2.2,2.4,2.0,2.5,2.8,3.2,3.6
086018,2.6,3.1,3.1,2.9,3.4,3.7,3.5,3.9,3.9,4.1,4.4,4.5,4.2,4.3,4.4,4.4,4.9,4.9,5.2,5.5,5.2,5.6,6.3,6.9,6.6
086019,1.2,1.3,1.5,1.5,1.6,1.9,1.9,2.1,2.2,2.3,2.3,2.6,2.5,2.6,2.5,3.3,2.8,3.2,3.3,3.4,3.3,3.7,4.1,4.5,4.9
086020,2.1,2.4,2.5,2.7,3.0,3.2,3.1,3.5,3.8,3.4,3.7,4.0,3.5,3.8,3.6,4.4,4.5,4.3,4.6,4.9,4.6,4.8,5.6,6.5,7.0
087001,3.5,3.7,3.6,3.9,4.1,4.4,5.1,4.7,4.9,5.3,4.9,4.9,5.2,5.3,4.8,5.6,6.1,6.1,6.3,6.4,6.6,6.3,7.3,8.2,8.7
087002,2.5,2.2,2.5,2.8,3.1,3.1,3.1,3.5,3.2,3.3,3.6,3.8,3.4,3.4,3.7,3.7,4.3,4.3,4.8,4.7,4.1,5.0,5.4,5.6,5.6
087003,1.8,2.2,2.1,2.3,2.4,2.6,3.0,2.8,3.2,3.1,3.0,3.4,3.2,3.0,3.3,3.6,3.9,4.0,4.3,4.4,4.3,4.8,5.4,5.2,5.8
087004,2.3,2.4,2.4,2.8,2.9,3.1,3.2,3.5,3.6,3.4,3.4,3.8,3.7,4.0,4.0,3.8,4.5,5.0,4.8,4.7,4.7,5.2,6.0,6.3,7.0
087005,1.6,1.9,1.8,1.8,2.1,2.2,2.6,2.5,2.7,2.6,2.5,3.0,3.1,3.0,2.9,2.9,3.4,3.9,3.9,3.8,3.8,4.1,4.8,5.0,5.2
087006,1.4,1.6,1.6,1.9,2.2,2.0,2.2,2.5,2.6,2.5,2.7,2.9,3.0,2.6,2.7,3.1,3.1,3.4,3.5,3.7,3.6,3.8,4.1,4.9,5.2
087007,1.9,2.2,2.2,2.5,2.5,2.8,3.0,2.8,3.3,3.0,3.2,3.1,3.0,3.7,3.3,3.2,3.7,3.8,4.3,4.2,3.9,4.4,4.7,5.6,5.9
087008,1.6,1.9,2.0,2.1,2.1,2.4,2.5,2.9,2.7,2.8,3.1,3.8,2.8,3.3,3.6,3.6,3.8,4.0,3.9,4.2,3.8,4.5,5.2,5.4,5.8
087009,2.4,2.5,2.7,2.9,3.2,2.9,3.6,3.6,3.7,3.7,4.0,4.3,4.1,4.0,3.8,4.2,4.6,5.0,5.1,5.5,5.1,5.2,6.0,7.2,6.3
087010,1.4,1.6,1.6,1.6,2.0,1.8,2.4,2.3,2.7,2.3,2.7,2.8,2.5,2.6,2.7,3.1,3.0,3.6,3.5,3.6,3.5,3.7,4.5,4.8,4.6
087011,3.6,3.8,3.9,4.2,4.4,4.0,5.0,5.1,5.6,5.1,5.6,5.1,5.4,5.4,6.1,6.0,6.4,6.6,6.5,7.4,6.6,7.9,7.6,9.6,10.0
087012,2.4,2.5,3.0,3.0,3.1,3.5,3.9,4.5,4.3,3.8,4.0,4.2,4.2,4.3,4.0,4.1,4.8,5.2,5.6,5.7,5.7,6.0,6.5,7.1,7.2
087013,2.5,2.6,3.1,2.9,3.0,3.1,3.3,3.6,3.3,3.4,3.9,3.9,3.8,3.9,3.9,4.4,4.7,4.4,4.4,5.3,4.3,5.0,5.8,6.3,6.6
087014,1.9,2.0,2.2,2.0,2.3,2.4,2.5,2.4,2.7,2.5,2.7,2.9,2.8,2.8,3.0,3.2,3.6,3.7,3.7,3.8,3.6,3.6,4.5,5.0,5.6
087015,3.7,3.8,4.0,4.3,4.7,4.4,4.8,5.1,5.7,5.8,5.9,5.9,5.9,5.7,5.7,6.5,6.3,6.9,7.2,7.2,6.8,7.4,8.4,8.8,9.6
087016,3.0,3.2,3.2,3.4,3.7,3.9,4.3,3.8,4.3,4.0,4.4,4.9,4.5,4.4,5.2,4.9,5.2,5.3,5.4,6.0,5.1,6.0,6.8,7.0,7.3
087017,3.1,3.3,3.4,3.7,4.1,4.1,4.3,4.7,5.2,5.1,4.8,5.3,5.5,4.9,5.3,5.7,5.6,6.0,6.6,7.1,6.4,6.8,7.3,8.0,8.5
087018,2.4,3.0,3.1,3.3,4.0,4.0,4.1,4.3,4.8,5.0,4.8,5.2,4.7,4.9,5.3,5.6,6.1,6.0,6.3,6.7,5.9,6.9,7.7,7.9,8.6
087019,2.5,3.1,3.2,3.0,3.7,3.5,4.4,4.3,4.2,4.1,4.6,5.0,5.1,4.6,4.7,5.1,5.1,5.5,5.8,6.4,6.1,6.6,7.4,7.9,8.1
087020,2.1,2.0,2.4,2.6,2.9,2.9,3.1,2.9,3.4,3.3,3.3,3.7,3.4,3.5,3.4,3.7,4.1,4.2,4.4,4.6,4.3,4.7,5.4,5.6,6.0
087021,1.7,1.7,1.9,2.1,2.3,2.5,2.5,2.6,2.8,3.0,2.9,3.2,3.3,3.1,3.0,3.5,3.8,3.9,4.2,4.2,4.2,4.6,5.0,5.3,5.9
087022,2.5,2.9,3.4,3.3,3.3,3.5,3.9,4.4,4.2,4.3,4.4,4.5,4.4,4.3,4.5,4.9,5.3,5.7,6.0,6.2,5.5,6.2,7.2,8.1,7.8
087023,3.0,3.2,3.4,3.8,3.8,4.3,4.0,4.4,5.0,4.6,5.1,5.6,5.3,4.8,5.2,5.4,5.9,5.9,6.3,6.8,6.1,6.6,7.8,8.1,7.6
087024,3.3,3.0,3.5,3.6,4.1,3.8,4.1,4.8,4.5,4.8,4.7,5.1,4.8,4.7,4.8,4.9,5.2,5.6,6.0,5.9,6.0,6.5,6.9,7.0,7.2
087025,3.5,3.4,3.9,3.7,3.6,4.3,4.5,4.6,4.9,4.3,5.3,4.6,4.6,5.0,4.8,5.2,5.2,5.1,5.7,6.5,5.5,6.2,7.2,7.4,7.5
087026,2.1,2.2,2.2,2.4,3.0,3.0,2.9,3.3,3.6,3.4,3.6,3.6,4.1,3.9,4.0,4.1,4.3,4.0,4.6,5.0,4.3,4.6,5.8,6.0,6.4
087027,3.2,3.2,3.7,3.6,3.8,4.1,4.5,4.2,4.6,4.4,4.5,4.6,4.9,4.4,4.9,4.8,5.5,5.4,5.5,5.8,5.6,5.6,6.4,7.6,7.8
087028,1.2,1.4,1.2,1.5,1.7,1.6,2.0,2.0,2.3,2.4,2.3,2.6,2.5,2.2,2.5,2.7,2.9,2.7,3.4,3.5,3.0,3.6,4.6,4.7,4.7
087029,1.7,1.9,1.7,2.2,2.5,2.3,2.2,2.5,2.8,2.7,2.9,2.9,3.1,3.0,2.7,2.9,3.3,3.6,3.8,3.9,3.5,3.7,4.5,4.9,5.3
087030,2.9,2.9,2.9,3.4,3.9,3.6,4.0,4.4,4.5,3.9,4.4,4.9,4.8,4.4,4.6,5.4,5.5,5.7,5.8,5.6,5.9,6.3,6.9,7.3,7.9
087031,2.2,2.2,2.4,2.6,2.6,2.7,3.2,3.2,3.7,3.4,3.4,3.9,3.6,3.3,3.7,3.7,4.0,3.9,4.4,4.1,4.5,4.4,5.5,6.0,6.3
087032,2.3,2.6,2.6,2.6,2.9,3.1,3.3,3.7,3.8,3.6,4.1,3.9,4.1,4.1,4.6,4.4,4.6,5.3,5.5,5.7,5.3,5.4,6.0,6.8,7.3
087033,1.7,1.9,2.2,2.0,2.4,2.5,2.6,2.9,3.1,3.2,3.3,3.6,3.4,3.4,3.2,3.7,4.3,4.1,4.5,4.6,4.3,4.7,5.2,5.6,6.3
087034,1.3,1.4,1.5,1.6,1.8,1.8,1.7,2.1,2.3,2.2,2.5,2.7,2.6,2.4,2.9,2.7,2.7,3.1,3.1,3.3,3.2,3.3,4.0,4.1,5.0
087035,2.5,2.5,2.8,2.9,3.1,3.2,3.4,3.4,3.4,3.6,3.8,4.1,4.1,3.9,3.9,4.1,4.3,4.6,4.5,4.7,4.6,5.0,5.6,6.2,6.3
087036,2.1,2.5,2.6,2.7,2.6,3.3,3.2,3.6,3.9,3.7,4.0,3.8,4.0,3.9,4.2,4.4,4.7,5.0,5.1,5.2,5.0,5.8,5.8,6.5,6.8
087037,2.3,2.3,2.7,2.6,3.0,3.2,3.3,3.6,3.5,3.9,3.5,4.2,3.8,3.7,3.9,4.3,4.6,4.6,4.9,5.1,5.0,5.2,5.9,6.2,6.4
087038,1.7,2.0,1.9,2.2,2.3,2.5,2.5,2.9,2.7,2.6,2.7,3.2,3.0,2.9,3.0,3.1,3.3,3.9,3.4,4.0,3.8,3.9,4.7,5.1,4.8
087039,1.3,1.5,1.5,1.5,1.9,1.9,2.3,2.6,2.5,2.5,2.7,3.0,2.6,2.8,2.6,3.0,3.4,3.6,3.7,3.6,3.5,4.2,4.7,5.3,5.1
087040,3.8,4.0,3.9,4.1,4.6,5.0,4.8,5.3,5.1,5.2,5.5,5.9,5.6,5.5,5.5,5.7,6.2,6.2,6.4,6.7,6.4,7.0,7.7,8.8,8.7
087041,2.1,2.3,2.3,2.8,3.0,3.1,3.4,3.6,3.5,3.3,3.8,4.1,3.9,3.9,4.0,4.5,4.6,4.8,5.1,5.5,4.9,5.6,6.1,6.5,6.9
087042,2.1,2.3,2.5,2.5,2.9,3.2,3.2,3.9,4.0,3.8,3.9,4.3,3.9,4.1,4.1,4.9,4.6,5.0,5.0,5.2,5.1,6.0,6.1,6.6,7.1
087043,1.8,1.7,2.1,2.2,2.4,2.5,2.8,2.7,2.9,2.9,3.0,3.2,3.1,3.2,3.3,3.3,3.8,4.0,4.0,4.5,4.1,4.4,5.2,5.0,5.8
087044,1.0,1.1,1.2,1.2,1.5,1.8,1.5,1.8,1.8,1.7,1.9,2.0,1.9,1.9,2.2,2.4,2.5,2.4,2.7,2.7,2.7,3.1,3.1,3.8,3.9
087045,1.8,2.1,2.0,2.0,2.4,2.6,2.7,3.2,3.2,3.2,3.3,3.2,3.4,3.4,3.4,3.8,3.9,4.3,4.3,4.6,4.4,4.7,4.9,6.1,6.0
087046,1.8,2.2,2.3,2.8,3.1,3.0,3.5,3.6,3.8,3.8,3.9,4.2,4.5,4.2,4.5,4.6,4.5,5.6,5.5,5.9,5.3,6.1,6.9,7.2,7.7
087047,2.3,2.7,2.7,3.0,3.1,3.2,3.3,3.8,3.6,3.9,3.8,3.9,4.1,4.1,4.1,4.4,4.5,4.9,4.5,5.1,4.6,5.5,6.0,6.4,6.5
087048,1.1,1.1,1.2,1.3,1.5,1.5,1.6,1.8,1.8,1.8,2.3,2.3,2.0,1.9,2.3,2.4,2.6,2.7,2.7,3.0,2.6,3.0,3.4,3.9,3.7
087049,1.7,2.0,2.0,2.1,2.5,2.5,2.6,3.1,3.2,3.1,3.2,3.4,3.2,3.4,3.5,3.6,3.9,4.0,4.1,4.7,4.1,4.5,5.3,5.4,6.0
087050,2.3,2.2,2.4,2.7,3.0,3.1,3.5,3.5,3.8,3.5,3.8,3.8,3.7,4.1,4.0,4.3,4.0,4.8,4.6,5.4,4.6,5.5,5.7,6.4,6.9
087051,3.2,3.7,3.6,4.1,3.8,4.2,4.7,5.0,5.2,4.8,4.9,5.7,5.0,5.8,5.2,5.6,5.9,6.4,6.7,6.6,6.3,7.7,7.5,8.1,8.9
087052,1.4,1.5,1.7,1.6,1.7,1.9,2.2,2.3,2.3,2.3,2.5,2.4,2.5,2.4,2.4,2.8,2.6,2.8,3.0,3.3,3.3,3.3,4.0,4.3,4.7
087053,3.4,3.4,3.4,3.8,3.7,3.6,4.4,4.3,4.7,4.7,5.1,5.1,4.6,4.6,5.2,5.6,5.2,5.9,6.1,6.4,5.9,6.1,6.9,7.6,7.9
087054,2.9,3.5,3.6,3.0,3.7,3.7,3.9,4.1,4.6,4.2,4.8,5.0,5.1,4.5,4.4,4.7,5.2,6.1,5.5,6.1,5.7,5.9,7.3,7.6,7.4
087055,2.4,2.3,2.3,2.6,2.6,3.0,3.0,3.4,3.5,3.1,3.5,3.7,3.8,3.6,3.9,3.7,4.2,4.2,4.9,5.0,4.3,5.2,5.7,5.9,6.9
087056,4.1,3.8,4.5,4.3,4.6,5.3,5.4,5.4,5.9,5.6,6.3,6.2,5.8,6.1,6.4,6.7,7.0,6.9,8.1,7.5,7.5,8.2,8.5,9.8,10.3
087057,2.5,2.8,2.8,3.0,3.0,3.3,3.6,3.5,4.0,3.8,3.9,4.2,4.2,4.0,4.4,4.4,4.3,4.8,4.9,5.5,5.2,5.2,5.8,6.5,6.6
087058,2.4,2.7,2.8,3.2,3.1,3.4,3.8,3.4,3.9,3.7,3.7,4.1,3.8,4.0,4.0,4.6,4.7,4.8,5.0,5.3,4.8,5.7,5.9,6.1,6.7
088001,1.7,1.8,2.1,2.4,2.3,2.6,2.7,2.8,3.4,3.0,3.3,3.8,3.3,3.2,3.4,4.0,3.9,4.2,4.6,4.6,4.6,4.7,5.5,6.1,6.4
088002,1.2,1.4,1.4,1.9,2.0,2.0,2.4,2.5,2.5,2.4,2.9,2.8,2.7,2.7,3.2,3.4,4.0,4.1,4.2,4.4,3.9,4.9,5.1,5.4,6.1
088003,1.8,1.9,2.1,2.2,2.4,2.7,2.9,2.9,3.1,3.0,3.6,3.6,3.5,3.2,3.6,3.8,3.9,4.2,4.3,4.9,4.1,5.0,5.5,5.8,6.2
088004,1.7,2.0,2.1,2.4,2.4,2.5,2.7,2.8,2.9,3.0,3.1,3.3,3.2,3.0,3.2,3.5,3.7,3.9,4.2,4.2,4.0,4.7,5.2,5.6,5.1
088005,3.2,3.2,3.3,3.5,3.9,4.0,4.3,4.2,4.7,4.4,4.8,5.2,4.9,4.3,5.0,4.7,5.0,5.9,5.9,6.2,5.3,6.0,7.0,7.2,7.7
088006,3.3,3.7,3.7,3.5,4.3,4.3,4.4,4.8,4.9,4.6,5.4,5.5,5.2,5.2,5.3,5.5,5.8,6.0,6.6,6.2,6.6,6.8,7.8,7.9,8.8
088007,2.0,2.4,2.2,2.4,2.6,3.0,3.1,3.6,3.3,3.7,3.9,3.8,3.7,3.9,3.7,4.1,4.0,4.7,4.6,5.3,4.6,5.4,5.5,6.2,6.6
088008,2.3,2.5,2.6,2.7,3.4,3.4,3.4,3.7,3.9,3.8,4.0,4.1,3.7,4.1,4.0,4.6,5.0,4.9,5.4,5.3,4.8,5.6,6.5,6.7,7.5
088009,2.6,2.5,2.8,3.0,3.4,3.5,3.8,3.8,3.8,4.0,4.1,4.1,4.0,4.1,4.2,4.7,5.1,5.0,5.2,6.0,5.6,6.1,6.3,7.2,7.4
088010,1.8,2.0,2.2,2.1,2.3,2.4,2.4,2.6,2.5,2.7,3.0,3.0,2.9,2.9,3.1,3.2,3.6,3.5,3.7,4.0,3.8,4.0,4.2,5.1,4.8
088011,1.5,1.5,1.7,1.8,2.1,2.2,2.2,2.4,2.5,2.6,2.7,2.9,3.0,2.6,3.1,3.3,3.4,3.5,4.2,4.3,3.8,4.0,4.6,5.4,5.6
088012,1.2,1.5,1.5,1.6,1.7,1.9,2.0,2.0,2.3,2.3,2.2,2.4,2.3,2.5,2.4,2.4,2.9,2.8,3.2,3.2,3.1,3.1,3.8,3.7,4.0
089001,2.0,2.0,2.2,2.2,2.5,2.7,2.7,3.1,3.3,3.1,3.4,3.3,3.4,3.5,3.6,3.6,3.8,4.0,4.2,4.7,4.2,4.5,5.1,5.7,6.3
089002,2.1,2.3,2.1,2.3,2.4,2.7,2.7,3.3,3.2,3.2,3.4,3.2,3.4,2.9,3.6,3.6,3.5,3.9,4.0,4.5,3.7,4.5,5.0,5.6,5.8
089003,2.9,3.0,3.3,3.4,3.7,3.7,4.2,3.9,4.2,4.5,4.4,4.6,4.4,4.7,4.6,4.9,5.3,5.5,5.4,6.1,5.7,6.1,6.5,7.5,7.1
089004,1.4,1.6,1.6,1.9,1.9,2.0,2.2,2.4,2.1,2.6,2.7,2.7,2.6,2.4,2.8,2.9,3.0,3.5,3.3,3.6,3.5,3.7,4.1,4.6,4.4
089005,2.4,2.4,2.4,2.4,2.6,2.8,3.1,3.2,3.7,3.4,3.2,3.7,3.6,3.4,3.6,4.0,3.8,4.6,4.7,4.9,4.6,5.4,5.6,6.0,6.1
089006,2.3,2.6,2.6,2.9,2.9,3.2,3.5,3.4,3.7,3.3,4.1,3.9,3.8,3.9,3.8,4.3,4.6,5.1,4.5,5.3,5.1,5.5,6.1,6.6,7.2
089007,2.2,2.6,2.5,2.5,2.8,3.3,3.3,3.4,3.9,3.8,3.7,4.0,3.7,3.6,4.5,4.3,4.5,4.7,5.1,5.2,5.0,5.5,6.2,7.1,7.0
089008,1.4,1.5,1.5,1.6,1.5,1.8,1.8,1.8,2.1,1.8,2.1,2.1,2.0,1.9,2.2,2.1,2.4,2.3,2.9,2.8,2.6,2.8,3.3,3.6,3.4
089009,2.1,2.1,2.4,2.6,2.6,2.9,3.0,3.3,3.5,3.2,3.5,3.7,3.6,3.4,3.9,3.6,4.3,4.2,4.9,5.1,4.6,4.7,5.4,6.4,6.8
089010,0.9,1.2,1.3,1.5,1.5,1.8,1.7,2.0,2.4,2.2,2.2,2.3,2.4,2.2,2.5,2.9,2.6,3.4,3.2,3.7,3.4,3.8,4.7,4.6,5.1
089011,2.4,2.7,2.7,3.1,3.4,3.3,3.5,3.6,4.1,4.1,4.2,4.1,4.0,4.2,4.4,4.8,4.8,5.1,5.0,5.7,5.2,5.5,5.9,6.7,6.9
089012,2.1,2.2,2.2,2.5,2.8,2.8,2.9,3.3,3.3,3.0,3.5,3.9,3.3,3.2,3.6,3.8,4.4,4.2,4.7,4.9,4.8,5.0,5.7,6.0,6.5
089013,1.7,2.1,1.9,2.1,2.3,2.4,2.7,2.4,2.9,2.7,2.8,3.0,2.9,2.6,3.1,3.3,3.2,3.5,3.4,3.8,3.5,3.7,4.6,4.8,5.0
089014,0.9,0.9,1.0,1.3,1.2,1.4,1.5,1.7,1.7,1.6,1.8,1.8,1.6,1.7,2.0,2.1,1.9,2.5,2.3,2.3,2.3,2.6,2.8,3.2,3.4
089015,1.2,1.4,1.3,1.8,1.8,1.9,2.5,2.4,2.4,2.3,2.9,2.9,3.1,2.8,3.0,3.2,3.6,3.6,3.6,3.8,3.7,3.8,4.4,4.6,5.1
089016,2.6,3.0,2.9,3.2,3.3,3.7,3.6,4.1,4.4,3.9,4.4,4.4,4.6,4.4,4.7,4.8,5.2,5.5,5.6,5.9,5.8,6.1,7.0,7.3,7.4
089017,2.3,2.5,2.6,2.8,2.8,3.1,3.7,3.5,3.8,3.6,3.8,4.2,4.1,4.4,4.2,3.9,4.5,4.8,5.1,5.8,5.0,5.6,6.1,6.7,6.8
089018,2.5,2.9,3.0,3.0,3.4,3.9,4.1,4.5,4.7,4.3,4.2,4.6,4.6,4.6,5.0,5.2,4.5,5.5,5.8,6.4,5.7,6.6,6.8,7.8,7.8
089019,2.5,2.8,3.0,3.1,3.2,3.3,3.4,3.9,4.0,3.9,4.1,4.1,4.0,4.1,4.3,4.3,4.7,4.5,4.7,5.0,5.2,4.9,6.0,6.1,6.5
089020,1.8,2.1,2.3,2.5,2.8,2.9,3.3,3.3,3.6,3.4,3.4,3.8,3.9,3.9,4.2,3.8,4.5,4.2,5.2,5.5,4.9,5.1,6.1,6.4,6.8
089021,2.8,3.0,3.2,3.3,3.2,3.9,3.8,4.5,4.2,4.4,4.2,4.9,4.6,4.4,4.7,5.0,5.2,5.5,6.1,6.2,5.8,6.6,7.2,7.9,8.2
093001,4.8,4.8,4.8,5.2,5.2,5.9,6.3,5.9,6.5,6.7,6.8,6.9,6.5,6.7,7.0,6.9,7.7,8.0,8.7,8.1,8.0,8.9,9.7,10.4,10.5
093002,7.4,7.4,7.7,8.9,9.1,9.1,9.7,10.5,10.5,9.6,10.5,10.6,10.8,10.7,11.1,11.3,11.3,11.8,12.5,13.6,12.1,12.7,14.5,15.5,16.0
093004,4.6,4.6,5.0,5.1,5.6,5.6,6.4,6.3,6.7,6.7,6.7,7.9,7.1,7.0,7.2,7.2,7.2,8.4,9.5,9.1,8.1,9.6,9.7,10.7,11.8
093005,5.3,5.5,6.2,5.7,6.8,6.8,7.5,7.4,7.9,8.1,8.1,8.7,8.3,7.9,8.4,8.5,9.4,9.9,10.3,10.4,9.8,10.8,11.8,12.9,13.0
093006,5.4,5.5,6.1,6.6,6.8,7.4,7.6,7.7,8.4,7.1,8.8,8.5,7.9,8.1,8.8,8.9,9.9,10.1,9.6,10.8,10.5,11.2,12.1,12.4,12.6
093007,4.0,4.2,4.4,4.7,4.9,5.0,5.3,5.5,5.8,6.1,5.7,6.3,5.9,6.1,6.5,6.6,7.9,7.6,7.3,8.2,7.3,8.0,9.3,9.2,10.0
093008,6.4,6.5,7.8,7.1,7.8,7.9,8.7,9.7,9.0,8.6,9.4,10.1,9.3,8.7,9.5,10.2,9.9,11.1,11.3,11.9,11.6,12.6,13.0,13.3,14.5
093009,6.1,6.0,6.1,6.8,7.1,7.6,7.9,7.9,8.3,8.1,8.3,8.8,8.2,8.3,8.8,9.4,9.5,9.9,10.1,10.8,9.4,10.5,12.2,12.4,13.0
093010,4.8,5.5,5.6,6.1,6.3,6.5,6.6,7.1,7.6,7.5,7.5,7.6,7.5,7.6,7.9,8.1,8.8,8.3,9.1,10.0,9.1,10.0,11.0,11.2,11.9
093011,5.4,5.3,5.6,6.1,6.4,7.0,7.3,7.2,7.6,6.9,7.3,7.8,7.9,7.7,7.9,8.4,8.4,8.7,9.0,9.5,9.0,9.5,10.6,11.0,11.8
093012,6.0,5.8,6.3,6.6,6.9,7.1,7.3,7.5,8.8,8.4,8.3,8.7,8.3,7.8,8.7,8.6,9.5,9.6,10.7,9.7,9.6,10.9,11.2,12.5,13.3
093013,3.9,4.0,4.4,5.0,5.2,5.6,6.0,5.9,6.2,6.1,6.4,7.0,6.5,6.3,7.2,7.4,7.4,8.0,8.0,8.3,8.0,8.8,9.4,10.7,10.8
093014,6.6,7.5,7.2,7.4,8.6,8.3,8.5,9.3,10.4,9.5,9.8,10.5,10.4,9.6,10.3,10.7,11.3,11.4,12.2,11.7,11.5,12.3,13.1,14.7,14.5
093015,5.0,4.9,5.1,6.0,5.7,6.3,6.5,6.7,6.7,6.4,6.9,7.4,7.2,6.8,7.3,8.0,8.1,8.5,8.8,8.7,8.1,9.0,10.1,10.3,10.9
093016,6.1,6.9,6.6,7.4,7.7,7.8,8.2,8.1,9.0,8.9,9.4,9.6,9.1,8.8,9.6,9.3,9.8,10.5,11.2,11.6,11.3,12.1,12.5,13.5,14.1
093017,4.0,4.6,4.9,4.8,5.5,5.6,5.8,6.0,6.5,6.3,6.2,6.7,7.2,6.7,6.8,7.3,7.5,8.1,7.8,8.9,7.9,8.3,9.3,10.2,10.9
093018,5.1,5.2,5.8,5.8,5.9,6.1,6.8,6.9,6.9,7.1,7.2,7.6,7.2,7.5,7.8,8.3,8.1,9.0,9.0,9.4,8.7,9.8,10.4,10.3,11.3
093019,6.5,6.5,6.6,7.2,7.5,8.3,8.4,8.8,9.0,8.5,10.0,9.2,9.1,9.1,9.8,9.8,11.1,10.6,11.7,11.2,10.2,11.6,12.5,13.5,14.4
093020,3.5,3.7,4.4,4.5,4.7,4.9,5.1,5.6,5.9,5.9,5.6,5.9,5.9,6.0,6.0,6.6,6.9,6.9,7.2,7.2,7.5,7.5,8.3,9.2,9.2
093021,5.9,6.5,6.8,7.0,7.6,7.8,8.5,8.8,9.2,8.3,9.2,9.9,9.3,9.3,9.5,9.6,10.6,11.5,11.3,11.4,11.4,12.0,12.8,13.4,14.1
093022,3.8,3.8,4.3,4.8,5.2,5.6,5.8,6.7,6.4,6.7,6.9,7.1,7.2,7.0,6.9,7.8,8.0,8.2,8.7,8.7,8.3,9.3,10.2,11.4,11.3
093024,4.6,4.5,4.7,5.3,5.4,5.4,5.8,5.8,6.5,6.3,6.8,6.5,6.5,6.3,6.7,7.2,7.8,7.6,7.8,8.1,7.6,8.2,9.6,10.0,10.7
093025,2.8,3.2,3.6,3.8,4.3,4.1,4.1,4.6,5.2,5.1,5.3,5.3,5.3,4.9,5.5,5.9,5.8,6.3,6.2,6.6,5.6,6.4,7.8,7.9,8.9
093026,5.3,5.4,5.3,6.1,6.4,6.2,6.5,7.5,7.8,7.7,7.5,8.0,7.5,7.0,7.9,8.2,9.0,9.1,9.4,9.6,8.9,9.7,10.6,11.9,12.4
093027,4.7,5.0,5.5,6.2,6.2,6.8,7.1,7.9,7.9,7.8,7.8,8.8,7.9,7.7,8.1,8.5,8.4,9.4,10.1,10.2,9.3,10.1,11.3,12.4,13.1
093028,4.9,5.8,6.5,6.3,6.7,6.5,7.6,8.0,8.4,7.7,8.9,9.1,8.7,8.1,9.4,9.5,9.7,10.6,11.0,11.0,10.8,11.9,12.8,13.9,14.1
093029,5.8,5.7,6.3,6.6,6.8,7.2,7.5,7.5,7.9,7.3,8.2,8.7,8.3,7.7,9.2,9.2,9.6,9.1,9.7,10.6,9.7,10.6,11.7,12.4,12.9
093030,6.9,7.9,8.6,8.4,9.0,9.4,9.3,10.4,10.7,9.2,10.0,10.8,11.2,10.6,11.2,11.8,12.3,12.7,12.8,13.9,12.5,13.9,14.8,16.0,16.2
093031,6.9,7.3,6.6,8.1,8.5,8.4,9.6,9.9,9.7,8.4,9.7,10.5,10.0,9.2,9.9,10.0,10.7,11.3,11.4,11.9,10.4,12.4,13.2,14.3,15.4
093032,6.0,6.6,6.4,7.7,8.6,8.1,8.8,9.3,9.0,8.9,9.1,10.1,9.9,10.1,10.0,10.4,11.8,11.0,11.7,12.3,12.4,13.0,14.2,14.7,15.4
093033,4.2,4.3,4.9,5.0,5.2,6.1,5.8,6.1,6.6,6.0,6.6,7.2,7.0,7.1,6.8,7.4,8.0,8.8,9.2,9.8,8.8,9.6,11.4,12.4,10.7
093034,6.2,6.9,7.2,7.5,8.1,8.1,8.6,9.1,9.3,9.3,9.8,10.5,9.8,9.3,9.5,10.5,11.3,11.2,11.8,12.4,11.5,12.2,13.4,15.1,14.0
093035,6.9,7.6,7.9,8.3,8.2,8.6,9.1,9.2,10.0,9.1,9.5,10.6,9.8,10.2,10.4,10.3,11.3,11.3,11.4,12.0,12.0,11.9,13.2,14.5,15.1
093036,6.3,6.8,6.6,7.2,7.8,8.4,8.6,9.3,10.2,9.5,9.1,10.1,9.4,9.6,9.4,10.5,10.4,11.5,12.2,12.2,11.7,12.9,13.1,14.3,15.3
093037,4.3,4.3,5.0,5.0,5.1,6.4,6.6,6.6,8.2,6.9,7.4,7.5,7.3,7.6,8.5,8.4,8.5,9.1,9.2,10.3,9.1,10.1,10.8,11.9,12.4
093038,5.4,5.4,6.0,6.6,6.7,6.6,7.1,8.1,7.7,7.7,7.7,8.4,8.0,7.8,8.4,8.9,9.1,9.7,10.0,11.0,9.9,10.5,11.4,12.6,12.9
093039,5.0,4.8,5.4,5.9,5.6,6.4,6.8,7.3,7.5,7.2,7.8,7.8,7.7,8.0,8.7,8.3,9.1,9.0,9.4,9.6,9.3,10.3,10.9,12.3,12.4
093040,5.4,5.7,6.0,6.3,6.7,7.0,7.3,7.4,8.3,7.6,7.6,8.4,7.5,7.4,8.1,8.3,8.9,8.5,9.2,10.1,9.0,10.5,11.2,12.0,11.7
093041,3.7,3.3,4.0,4.1,4.8,5.0,5.6,6.2,6.0,5.3,5.7,5.8,5.9,6.2,6.7,6.6,7.4,7.5,7.8,8.1,7.5,8.7,9.6,10.6,10.3
093042,3.7,4.2,4.2,4.7,5.5,5.6,6.1,6.2,6.0,6.1,6.7,7.0,7.1,6.9,6.7,7.5,8.3,7.9,9.0,9.0,8.8,9.7,10.9,11.0,11.7
093043,4.1,4.8,4.8,5.1,5.2,5.7,6.0,6.2,6.5,6.4,6.6,6.8,6.2,6.1,6.9,7.0,7.3,7.7,7.7,8.3,7.4,8.5,8.7,9.2,9.7
093044,6.2,7.2,7.3,8.4,7.8,8.7,9.0,9.6,9.9,9.3,9.9,9.7,10.2,10.0,10.1,10.4,11.0,11.3,12.0,12.3,11.5,13.0,13.9,15.1,14.7
093045,6.2,6.8,7.1,7.0,7.8,8.0,8.7,8.6,9.6,8.9,8.8,9.8,9.4,8.9,9.6,10.3,10.6,10.9,11.2,11.4,10.8,11.9,13.2,13.0,13.7
093046,6.5,6.9,7.0,7.0,7.7,7.9,8.4,8.5,9.0,8.9,9.7,9.7,9.2,8.9,9.4,9.6,10.4,10.3,11.3,11.3,10.8,10.9,12.8,13.7,12.8
093047,5.4,5.6,5.7,6.0,6.9,6.7,7.2,7.6,7.7,7.4,7.9,8.2,8.6,7.6,8.0,8.2,8.4,9.4,9.8,10.1,9.3,10.0,10.7,11.8,12.2
093049,6.2,5.9,6.8,7.0,7.7,8.1,8.4,8.4,8.8,8.8,8.4,9.2,9.1,9.0,9.7,9.8,10.5,10.7,10.5,11.6,10.5,11.8,12.4,12.7,13.5
093050,3.7,3.8,4.6,4.7,4.6,5.3,5.2,5.9,5.7,5.6,5.9,6.7,5.9,6.4,6.2,6.6,6.8,7.0,7.3,8.1,7.3,8.6,9.2,9.2,10.6
093051,6.1,5.7,6.4,6.8,6.8,7.1,7.9,8.0,8.2,7.9,7.7,8.2,8.6,8.1,8.5,8.8,8.9,9.4,10.1,10.3,9.0,10.3,10.9,11.8,12.8
093052,7.0,7.0,7.4,7.7,8.0,8.2,9.0,9.2,10.1,9.1,9.6,10.7,10.1,9.8,9.8,10.1,10.7,11.1,11.5,11.9,11.8,11.9,13.7,14.8,15.7
093053,4.7,4.8,5.3,5.2,5.5,5.8,6.0,6.1,7.0,6.5,6.2,6.8,6.9,6.9,7.2,7.3,7.0,8.2,8.3,8.7,8.0,8.8,8.7,10.2,10.9
094001,2.1,2.0,2.2,2.5,2.5,2.8,3.1,2.9,3.4,3.0,3.3,3.3,3.2,3.0,3.7,3.5,3.9,4.2,4.5,4.5,4.5,5.3,5.5,6.0,6.2
094002,2.4,2.5,2.6,2.7,2.8,3.0,3.2,3.6,3.6,3.4,3.5,3.5,3.2,3.6,3.3,3.5,3.6,4.0,4.2,4.5,4.0,4.4,4.4,5.3,5.8
094003,2.7,2.8,3.2,3.3,3.5,3.7,4.0,4.6,4.1,4.3,4.5,4.6,4.3,4.2,4.7,5.2,5.0,5.4,5.4,5.6,5.3,5.7,6.3,7.4,7.1
094004,2.1,2.3,2.6,2.6,2.9,3.0,2.9,3.2,3.5,3.3,3.6,3.6,3.6,3.6,3.3,3.8,4.0,4.0,4.4,4.5,4.6,5.2,5.3,5.8,6.2
094005,1.4,1.6,1.5,1.8,1.9,2.0,2.1,2.2,2.6,2.3,2.4,2.6,2.5,2.5,2.9,3.0,3.2,3.3,3.4,3.7,3.3,4.2,4.0,4.6,4.9
094006,2.4,2.4,2.3,2.7,2.5,2.7,3.2,3.4,3.5,3.6,3.6,4.0,3.8,3.4,3.8,4.0,4.1,4.3,4.9,4.9,4.7,4.9,5.7,6.1,6.4
094007,2.1,2.1,2.4,2.5,2.7,2.9,3.8,3.3,3.4,3.5,4.1,3.9,3.7,3.9,4.3,4.4,4.8,5.0,4.9,5.1,5.1,5.6,6.5,7.2,6.9
094008,3.4,3.9,3.7,4.5,3.9,4.8,4.4,5.0,4.9,4.9,5.0,5.4,4.7,5.0,5.5,5.5,5.7,6.2,6.3,6.7,6.0,6.5,7.4,7.8,7.9
094009,2.2,2.5,2.4,2.4,2.8,3.1,2.7,3.2,3.4,3.4,3.6,3.9,3.6,3.7,3.7,4.2,4.0,4.6,4.6,4.8,4.6,4.6,5.5,6.3,6.1
094010,2.5,2.6,2.6,3.0,3.6,3.6,3.7,3.8,4.4,4.2,4.5,4.9,4.9,4.2,4.7,5.2,5.3,5.0,5.8,6.2,5.7,6.3,7.3,8.0,8.1
094011,2.9,3.4,3.7,3.7,4.1,3.8,4.1,4.5,4.3,4.2,4.5,4.7,4.6,4.9,4.9,5.6,5.8,5.8,5.7,6.1,6.0,6.6,6.8,7.8,7.8
094012,1.7,1.9,1.9,2.1,2.3,2.4,2.6,3.1,3.0,2.7,3.0,3.3,3.0,2.9,3.5,3.2,3.8,4.0,4.1,3.8,3.9,4.4,4.8,4.9,5.3
094013,1.2,1.2,1.4,1.3,1.7,1.8,1.9,2.2,2.0,2.2,2.1,2.2,2.2,2.1,2.0,2.6,2.5,2.4,2.8,3.0,2.8,3.2,3.7,4.1,4.2
094014,1.3,1.2,1.3,1.4,1.6,1.8,1.8,2.1,2.5,2.0,2.4,2.5,2.2,2.4,2.4,2.4,2.5,3.0,3.2,3.3,3.0,3.3,4.0,4.3,4.6
094015,2.2,2.5,2.2,2.9,2.9,3.1,3.4,3.6,3.7,3.4,4.1,3.9,3.8,3.7,3.8,4.0,4.3,4.9,5.0,5.4,5.4,5.2,6.5,7.0,7.0
094016,2.2,2.0,2.4,2.6,2.6,3.0,3.1,2.8,2.8,3.2,2.9,3.0,3.2,3.2,3.2,3.7,3.4,4.2,4.4,4.4,3.8,4.5,4.8,5.6,5.8
094017,2.5,2.7,2.9,3.0,3.7,3.6,3.8,4.0,3.8,3.6,4.3,4.5,4.4,4.0,4.3,4.8,5.1,5.0,5.2,5.6,5.2,5.7,6.8,6.9,7.3
094018,1.6,1.8,1.8,2.0,2.1,2.4,2.4,2.7,2.8,2.8,3.3,3.2,3.0,3.3,3.2,3.2,3.9,3.9,4.1,4.4,4.1,4.4,5.0,5.4,5.2
094019,3.1,3.5,3.2,3.3,4.0,3.7,4.0,4.3,4.5,4.3,4.4,4.5,4.4,4.6,4.7,4.9,5.0,5.2,5.6,5.6,5.4,6.0,6.1,7.4,7.1
094020,1.8,2.1,2.2,2.4,2.3,2.9,3.0,2.9,3.0,3.2,3.4,3.4,3.7,3.4,3.7,4.3,4.1,4.3,4.7,5.1,4.9,5.1,5.4,6.3,6.8
094021,4.1,4.5,4.8,4.9,5.0,5.4,5.7,6.1,5.7,5.8,6.4,6.6,6.6,6.4,6.5,7.1,7.3,7.7,7.7,8.3,8.3,8.4,8.9,9.8,9.9
094022,2.6,2.9,3.0,3.2,3.4,3.9,3.7,4.0,4.3,4.3,4.4,4.9,4.8,4.7,5.0,4.8,5.3,5.8,5.7,6.1,6.1,6.2,7.0,7.3,7.9
094023,2.0,2.2,2.4,2.5,2.9,2.8,3.2,3.6,3.3,3.2,3.3,3.4,3.7,3.2,3.6,3.9,3.7,4.6,4.3,4.7,4.4,4.4,5.2,5.9,6.0
094024,1.9,1.9,2.2,2.4,2.6,2.9,2.7,3.1,3.2,3.5,3.3,3.9,3.4,3.5,3.9,4.0,4.4,4.5,4.5,5.0,4.4,5.0,5.2,6.4,6.1
094025,4.1,3.8,4.4,4.6,4.6,5.0,5.0,5.4,5.4,5.2,5.3,6.0,5.2,5.7,5.6,6.0,6.2,5.9,6.0,6.6,6.5,6.5,7.9,8.1,8.5
094026,2.6,2.9,2.6,2.8,3.1,3.3,3.7,4.2,4.4,3.7,4.1,4.2,4.1,4.0,4.1,4.7,4.5,4.9,4.8,5.2,4.8,5.6,6.0,7.4,6.8
094027,2.8,2.9,3.2,3.0,3.3,3.9,3.6,3.9,4.5,4.2,4.2,4.5,4.5,4.4,4.3,4.9,5.0,5.6,5.5,5.6,5.5,6.1,6.9,7.4,7.0
094028,2.8,3.2,3.5,3.4,3.8,3.9,4.3,4.3,5.1,4.4,5.0,5.6,4.7,4.8,5.4,4.9,5.8,5.7,6.1,6.2,6.1,6.6,7.3,8.6,8.7
094029,2.7,2.5,2.7,2.9,3.1,3.4,3.8,3.7,4.1,3.8,3.8,4.0,4.0,3.9,4.1,4.4,4.6,5.1,5.1,5.1,5.0,5.7,5.9,6.9,7.2
094030,3.2,3.4,4.0,3.9,3.5,4.3,4.5,4.4,4.8,4.8,4.8,4.9,4.9,5.1,5.0,5.3,5.5,6.0,6.4,6.3,6.1,6.3,7.0,7.8,7.8
094031,2.2,2.1,2.3,2.3,2.8,2.8,2.9,3.3,3.6,3.1,3.4,3.2,3.6,3.5,3.4,4.0,4.1,4.2,4.4,4.7,4.3,4.6,5.3,5.7,5.8
094032,2.7,3.3,3.6,3.6,3.9,3.9,4.3,4.7,5.4,4.9,4.7,5.3,5.4,5.0,5.4,5.6,5.4,6.4,6.7,6.4,6.4,7.1,7.4,9.0,8.2
094033,2.4,2.6,2.9,3.1,3.4,3.5,3.6,4.0,3.9,3.8,4.6,4.6,4.3,4.3,4.5,4.6,5.1,5.2,5.9,5.8,5.2,5.8,6.9,7.3,7.7
094034,3.2,3.3,3.6,3.4,3.7,4.0,4.5,4.7,4.9,4.4,5.0,5.2,5.0,5.1,5.5,5.8,5.5,6.4,6.7,6.7,6.2,6.9,7.7,8.5,8.5
094035,3.9,4.1,4.5,4.3,4.7,5.2,5.4,5.4,6.0,5.5,6.2,6.2,5.5,5.6,6.1,6.6,6.8,6.9,7.6,7.1,7.0,7.8,8.8,9.1,10.1
094036,3.6,3.5,3.8,4.1,4.8,4.7,5.3,5.4,5.8,5.7,5.6,6.1,6.2,5.7,6.0,6.2,6.4,7.1,7.4,7.6,7.3,7.7,8.7,9.2,9.9
094037,1.6,1.8,2.0,1.9,1.9,2.1,2.3,2.4,2.6,2.2,2.8,2.7,2.4,2.5,2.5,2.6,2.8,2.7,3.1,3.0,3.0,3.0,3.7,4.3,4.3
094038,2.9,3.3,3.5,3.8,3.6,3.9,4.4,4.9,4.9,4.8,4.8,4.8,4.7,4.4,4.5,5.5,5.7,5.5,5.8,5.9,5.9,6.8,7.1,7.8,8.1
094039,1.8,2.1,2.4,2.4,2.5,2.6,2.7,3.0,3.2,3.2,3.2,3.6,3.1,3.3,3.8,3.6,3.9,3.9,4.2,4.6,4.2,4.3,5.4,5.6,6.6
094040,1.4,1.7,1.6,1.9,2.0,2.2,2.5,2.5,2.7,2.4,2.8,2.9,2.8,2.8,2.8,2.9,3.0,3.3,3.5,4.0,4.0,4.0,4.3,4.6,5.3
094041,3.2,3.7,3.8,4.1,4.1,4.8,5.0,5.2,5.3,5.2,5.5,5.9,5.7,5.5,5.7,6.3,6.3,6.4,7.3,7.3,7.1,7.8,8.7,9.4,9.2
094042,2.5,2.7,2.7,2.9,3.0,3.4,3.1,3.8,3.9,3.6,4.0,4.2,4.0,3.7,4.1,4.3,4.8,4.9,5.0,5.2,4.7,5.3,6.0,6.1,6.6
094043,1.5,1.5,1.8,1.7,1.9,2.2,2.2,2.4,2.7,2.8,2.7,3.2,3.1,2.5,3.0,3.0,3.4,3.4,3.8,4.3,3.9,4.5,4.7,5.1,5.5
094044,2.7,3.1,3.5,3.5,3.7,4.3,4.1,4.4,4.6,4.6,5.0,5.4,4.8,4.5,5.4,5.3,5.6,6.1,6.3,6.3,5.7,6.7,7.3,7.8,8.4
094045,2.4,2.5,2.7,2.8,3.4,3.6,3.7,3.9,4.1,3.7,4.0,4.2,4.2,4.0,4.4,4.6,4.7,4.8,5.1,5.6,4.9,5.7,6.3,7.1,7.3
094046,1.3,1.6,1.6,1.8,1.9,2.1,2.1,2.4,2.3,2.4,2.4,2.8,2.9,2.8,2.9,3.1,3.1,3.3,3.6,3.9,3.9,4.0,4.5,5.0,5.0
094047,2.1,2.4,2.6,2.8,3.0,3.2,3.3,3.2,4.1,3.6,4.1,4.1,3.7,4.4,4.4,4.6,4.5,5.0,5.7,5.9,5.0,6.3,6.7,7.1,7.3
094048,2.8,2.7,2.9,3.1,3.4,3.8,4.0,4.3,4.8,4.2,4.8,4.8,4.9,4.9,4.8,5.6,6.1,6.2,6.4,7.3,6.7,6.6,7.3,8.1,8.8
094049,1.4,1.7,1.8,1.9,1.9,2.2,2.1,2.9,2.6,2.7,2.7,2.7,3.0,2.7,3.0,3.1,3.3,3.5,3.9,4.1,3.6,4.0,4.7,4.7,5.1
094050,1.4,1.5,1.7,1.8,1.9,2.0,2.2,2.7,2.7,2.4,2.6,2.9,2.5,2.5,2.8,3.1,3.1,3.6,3.5,3.7,3.5,3.6,4.4,4.9,5.4
094051,1.9,1.8,2.0,2.5,2.3,2.9,2.9,2.9,3.5,2.9,3.4,3.4,3.1,3.2,3.5,3.4,3.9,3.9,4.5,4.5,4.2,4.6,5.1,5.5,6.0
094052,0.9,0.9,1.1,1.3,1.3,1.4,1.6,1.8,1.9,1.9,1.9,1.9,1.9,2.2,2.1,2.3,2.7,3.0,2.7,3.2,3.0,3.3,3.9,4.1,4.5
096001,2.7,2.8,3.0,3.1,3.4,4.0,4.2,4.4,4.8,4.9,4.7,5.0,5.1,5.2,5.1,5.4,6.1,6.0,6.9,6.6,6.6,7.4,7.5,8.5,9.3
096002,4.9,5.2,5.4,5.7,6.1,6.2,6.3,6.4,7.2,7.2,7.0,7.8,7.0,7.5,7.1,7.7,7.8,8.2,9.1,8.9,8.3,9.2,10.1,10.4,11.8
096003,5.9,6.5,6.2,6.9,7.2,7.9,8.5,8.0,8.8,8.3,8.8,8.9,8.6,8.5,8.7,8.8,9.8,10.3,10.8,11.1,9.9,11.2,11.4,12.5,12.9
096004,6.1,5.9,6.6,6.8,7.1,7.7,8.4,8.4,8.7,8.2,8.5,9.2,8.4,9.1,9.2,9.5,9.6,10.5,10.0,10.7,10.3,10.8,12.0,13.0,13.8
096005,7.2,7.7,7.9,7.9,8.5,8.7,10.2,9.9,10.4,9.4,9.6,10.5,10.4,9.6,10.5,11.1,11.4,11.7,11.9,12.8,11.8,12.6,13.4,15.5,14.9
096006,3.9,4.3,4.4,5.1,5.4,5.4,5.6,5.8,6.6,6.3,6.2,6.8,6.4,6.8,7.2,7.0,7.5,7.8,8.3,8.7,8.1,9.4,9.7,10.9,10.9
096007,5.5,5.9,6.3,6.5,6.7,7.4,7.4,8.2,8.1,7.8,9.0,9.1,8.7,9.0,9.0,9.8,9.8,10.4,10.4,11.5,10.0,11.2,12.8,13.0,13.6
096008,5.3,5.2,5.4,6.2,6.2,6.1,6.6,7.4,7.2,7.4,7.2,8.0,7.1,7.3,8.0,8.4,8.6,8.5,9.3,9.5,9.1,10.2,10.0,11.8,11.5
096009,6.5,6.6,7.2,7.5,7.8,8.6,8.6,8.7,9.8,8.7,9.1,9.9,9.4,9.0,9.4,10.3,10.1,10.4,11.4,11.9,10.6,12.1,12.3,14.2,13.4
096010,4.3,4.3,4.6,5.1,4.9,5.1,5.8,6.1,6.5,6.0,6.0,7.2,6.3,6.3,7.2,7.2,7.3,7.6,8.4,8.4,7.5,8.8,9.5,10.0,10.5
096012,5.1,5.5,5.5,6.0,6.4,6.6,6.9,7.2,7.6,7.5,7.7,7.6,8.2,7.9,8.3,8.1,8.6,9.1,9.5,9.8,9.2,10.1,10.4,11.8,12.0
096013,6.5,7.5,8.0,8.2,9.1,9.2,9.2,10.3,10.3,9.5,10.2,10.2,10.0,9.7,10.3,11.0,11.5,13.0,12.3,13.4,11.6,13.2,13.5,14.9,15.7
096014,4.7,4.6,5.0,5.6,6.0,5.9,6.5,7.1,7.2,6.7,7.5,7.3,7.4,7.2,7.7,8.1,8.1,9.0,8.9,9.2,8.8,9.7,9.8,11.9,12.3
096015,6.0,5.9,6.2,7.1,7.8,7.3,8.4,8.6,9.2,9.0,9.7,9.4,9.5,8.8,9.4,10.6,10.6,11.0,11.2,11.8,10.9,12.1,12.7,14.2,14.7
096016,3.7,4.3,4.7,5.2,5.4,5.3,6.1,6.2,6.7,6.1,6.3,7.5,6.7,6.2,7.0,7.4,7.9,8.8,8.2,9.5,7.9,8.9,9.8,10.2,11.8
096018,6.3,7.1,7.3,7.3,7.9,8.5,8.3,8.9,9.1,8.2,9.3,9.8,9.5,9.1,9.2,10.1,10.6,11.1,11.1,11.8,10.7,11.9,12.7,13.2,13.4
096019,3.3,3.2,3.8,3.7,4.0,4.1,4.5,4.8,5.1,4.9,4.6,5.3,5.2,5.0,5.1,5.4,6.0,6.3,6.4,6.5,5.7,6.5,7.8,8.2,8.9
096020,3.2,3.4,3.7,3.6,4.1,4.2,4.4,4.9,5.2,4.8,5.0,5.7,5.2,5.3,5.4,5.8,6.0,6.5,6.3,7.1,6.2,7.1,7.3,7.9,8.3
096021,5.8,5.4,5.9,6.5,7.1,7.5,7.8,8.1,7.9,8.1,8.9,8.3,9.1,9.0,9.1,9.6,9.8,10.4,11.3,10.9,9.9,10.8,12.1,12.9,13.0
096023,7.4,8.0,8.2,8.2,8.6,9.1,10.5,10.8,11.3,10.3,10.8,11.2,11.1,10.9,11.4,12.1,12.0,12.2,12.2,13.8,12.7,13.7,14.8,16.0,15.3
096024,5.0,5.4,5.8,6.0,6.3,6.7,6.9,7.6,8.3,7.3,8.1,7.6,7.8,7.8,8.1,8.5,8.9,9.4,9.8,10.5,9.1,10.5,10.6,12.0,12.5
096025,4.5,5.0,4.9,5.9,5.8,5.6,6.0,6.0,6.6,6.7,6.4,7.1,6.9,6.3,6.7,7.6,7.5,7.7,8.1,8.2,7.6,9.2,9.5,10.5,10.8
096026,7.8,7.9,8.2,8.5,9.1,9.6,9.9,10.0,10.2,10.3,10.5,10.5,10.6,10.2,10.8,11.2,11.0,12.4,13.0,12.8,11.8,12.6,13.7,15.3,15.7
096027,4.7,5.3,5.4,5.7,6.0,6.5,6.6,7.1,7.5,7.7,7.3,8.1,8.0,7.2,8.2,8.3,8.9,9.0,9.8,9.5,9.5,10.4,11.1,11.4,12.4
096028,3.4,3.4,4.1,3.7,4.3,4.6,4.9,4.9,5.7,5.7,5.6,6.1,5.5,5.2,5.7,6.0,6.7,6.9,7.3,7.2,6.9,7.5,8.0,9.1,9.6
096030,6.4,6.4,6.8,7.3,7.7,7.8,8.1,9.0,8.9,8.7,9.0,9.1,9.3,9.3,9.2,9.0,9.9,10.6,10.7,10.8,10.0,11.2,12.1,12.8,12.7
096031,5.0,5.4,6.2,6.9,6.5,7.2,7.2,7.9,8.0,7.8,8.1,8.1,8.4,7.4,8.5,8.4,9.0,8.7,10.1,10.6,9.9,10.8,11.1,12.3,12.8
096032,3.8,4.3,4.2,4.5,5.1,4.9,5.7,6.0,5.5,5.6,6.3,6.0,6.4,5.8,6.3,6.7,7.3,7.9,8.3,8.7,7.9,8.8,9.4,10.4,11.3
096033,7.4,7.4,7.5,7.7,8.9,8.7,10.2,9.6,10.3,9.9,9.8,10.8,11.0,10.6,10.9,11.8,11.5,12.3,12.4,13.1,11.9,12.9,13.9,15.2,16.7
096034,4.5,4.8,4.7,4.5,4.9,5.2,5.4,5.5,6.0,5.8,6.4,6.4,6.2,6.3,6.3,6.6,7.3,7.1,7.6,7.6,7.6,8.1,8.9,9.8,9.9
096035,4.5,5.1,5.2,5.5,5.4,6.1,6.2,6.1,7.5,6.9,7.1,7.5,6.9,6.7,7.5,7.8,7.5,8.1,8.9,9.2,8.6,9.9,10.4,11.6,11.4
096037,4.4,4.5,5.0,5.4,5.5,5.6,5.5,6.8,6.9,6.6,7.1,7.4,7.0,6.8,7.6,7.6,8.1,8.6,9.2,9.7,8.7,9.3,10.4,11.7,12.1
096038,6.2,6.2,6.1,7.0,7.0,7.4,7.9,8.3,8.7,8.2,8.2,9.1,8.6,8.5,8.5,9.4,9.7,9.6,10.3,10.9,9.9,11.3,11.8,12.6,12.8
096039,4.4,5.0,5.1,5.4,6.2,6.1,6.2,6.9,7.4,6.7,7.6,7.4,7.5,6.8,7.3,7.4,8.7,7.8,8.6,9.3,8.5,8.9,10.4,10.7,10.7
096040,4.7,5.0,5.3,5.1,5.3,6.0,6.4,6.6,7.0,6.3,7.4,6.9,7.2,7.5,6.9,7.9,7.6,8.2,8.3,9.2,8.0,9.1,9.5,10.6,10.7
096041,6.2,6.5,6.7,7.2,7.6,8.1,7.8,8.4,9.1,9.0,8.9,9.2,8.1,8.8,9.0,9.2,9.9,10.0,10.5,10.8,9.8,10.6,12.3,13.3,13.1
096042,4.7,4.8,5.5,5.4,5.6,6.2,7.0,6.3,7.6,7.3,7.4,8.2,7.6,6.9,8.1,7.7,8.5,9.4,10.0,10.6,8.6,9.7,11.1,11.6,12.1
096043,7.6,7.9,7.4,8.3,8.8,8.7,9.7,9.7,10.4,9.3,10.0,10.4,10.4,10.0,9.5,10.0,10.5,11.1,11.4,12.4,11.5,12.3,12.7,13.8,14.2
096044,5.2,5.0,5.8,6.2,6.2,5.5,6.5,6.4,6.9,7.2,7.2,7.4,6.9,7.4,7.4,7.7,8.5,8.5,8.7,9.1,8.2,9.4,9.5,10.8,10.6
096046,3.4,3.9,4.0,4.7,4.9,5.1,5.1,5.6,5.9,5.8,6.4,6.1,5.8,6.2,6.0,6.6,6.7,7.6,7.7,8.2,7.0,7.9,8.9,10.0,10.3
096047,5.6,5.6,5.8,6.6,6.8,6.7,6.9,6.9,7.1,7.0,7.8,7.7,7.6,7.1,7.6,8.5,8.3,8.2,9.1,8.8,9.4,9.8,9.9,11.0,11.7
096048,5.0,5.3,6.1,6.2,6.0,6.6,7.4,7.3,8.1,6.8,7.2,8.3,8.2,7.7,8.1,8.2,9.2,9.6,9.3,10.3,8.6,9.4,10.4,11.9,12.5
096049,4.5,4.8,4.8,5.7,5.8,6.6,6.2,6.7,6.9,6.8,7.2,8.0,7.3,6.8,7.6,8.3,8.4,8.6,9.0,10.0,9.1,10.4,10.9,12.4,11.9
096050,4.9,5.4,5.7,6.2,6.5,6.9,6.8,7.1,7.5,7.5,8.0,8.0,7.6,7.7,7.9,8.2,9.7,9.8,9.9,10.6,9.4,10.5,11.5,12.4,12.8
096053,4.6,4.5,4.6,5.2,5.3,5.4,6.0,6.2,6.3,6.2,6.2,6.6,6.2,6.2,6.5,7.2,7.1,7.2,7.6,7.9,7.4,8.4,9.0,9.7,10.1
096054,3.8,4.1,4.7,4.4,5.0,5.4,5.6,6.1,6.4,5.9,6.6,6.7,6.5,6.1,6.1,6.4,6.8,7.4,8.0,8.2,7.2,8.1,9.5,9.9,10.6
096055,5.5,5.8,6.2,6.6,7.0,7.9,7.3,8.2,8.8,8.3,8.8,9.4,9.0,8.4,8.9,9.5,9.6,10.5,10.4,11.4,10.8,11.3,12.2,12.3,13.5
096056,4.9,5.7,5.8,6.1,6.6,7.1,7.0,7.1,7.7,7.5,8.0,8.1,8.1,7.6,8.3,8.7,8.5,9.2,9.6,10.1,9.2,10.2,11.0,11.5,12.2
096057,4.7,4.9,5.3,5.5,5.8,6.5,7.1,7.6,7.2,6.7,7.7,8.1,8.2,7.8,8.4,8.5,8.3,9.1,9.5,10.4,9.8,10.3,11.6,12.2,13.2
096058,6.3,6.6,7.2,7.2,7.8,8.1,8.2,8.0,8.9,9.0,8.9,9.6,9.4,9.0,9.5,10.3,10.6,10.8,10.7,12.0,10.8,11.6,12.4,13.0,13.9
096059,4.3,4.7,4.9,5.9,5.2,5.6,6.0,6.3,6.8,6.2,6.3,7.2,6.7,6.7,7.3,7.3,8.0,8.2,8.3,9.0,8.2,9.3,10.1,10.3,10.6
096063,4.9,5.3,5.7,5.6,6.4,6.5,7.3,7.8,7.6,7.4,8.0,7.7,7.6,7.2,8.3,7.9,9.1,9.0,9.9,10.3,8.8,10.4,11.5,12.4,12.3
096064,4.9,5.2,5.3,5.7,6.1,6.6,6.8,7.5,7.9,7.3,7.7,8.2,8.0,7.7,8.3,8.8,9.2,9.5,9.3,10.4,9.5,10.5,12.2,12.6,13.2
096065,4.4,4.2,4.9,5.6,5.5,5.7,6.0,6.4,7.4,6.6,6.6,7.9,7.0,7.3,7.4,8.5,8.2,8.8,9.2,10.0,9.3,9.6,10.5,11.4,12.3
096066,3.9,4.4,4.8,4.8,5.2,5.4,6.1,6.6,6.4,6.1,6.7,6.9,6.7,6.5,6.9,7.9,8.0,8.1,8.4,8.8,8.6,8.9,9.9,11.6,11.9
096067,5.5,5.5,5.9,6.1,6.9,6.7,7.2,7.9,7.7,7.4,8.1,8.1,7.9,7.5,7.8,8.1,9.1,8.9,9.5,9.7,9.1,10.0,11.4,11.6,11.7
096068,4.7,5.6,6.3,5.9,6.6,6.6,7.0,7.8,8.5,7.7,8.2,8.4,8.7,8.0,8.8,8.9,9.6,9.6,10.2,11.1,10.3,10.9,12.1,12.6,13.1
096069,5.2,5.6,6.0,7.0,6.5,6.8,7.3,7.6,8.0,8.2,7.8,8.6,7.9,8.0,8.3,8.4,9.0,9.2,10.0,10.5,10.1,10.5,11.0,11.5,12.6
096071,3.0,2.9,3.3,3.5,3.8,4.4,4.5,4.7,5.4,5.0,4.9,5.3,5.2,5.2,5.4,5.9,6.1,6.1,6.3,6.8,6.3,6.7,7.8,8.5,9.0
096072,5.7,6.4,6.4,6.6,7.0,7.4,7.8,8.0,8.1,8.1,7.9,8.2,8.0,8.3,8.8,8.4,8.8,9.2,9.0,10.1,9.3,9.7,10.9,12.1,11.7
096074,3.0,3.0,3.1,3.4,3.8,3.8,4.4,4.3,4.5,4.2,4.7,4.8,4.8,4.8,5.2,5.4,5.4,6.0,5.7,6.8,5.7,7.0,7.1,7.6,8.6
096075,7.0,7.2,7.2,7.8,8.1,8.1,8.3,8.7,9.8,9.5,9.0,10.0,9.8,9.3,9.5,10.2,10.4,11.4,11.0,11.7,11.1,12.7,13.2,13.2,13.9
096076,5.4,5.6,6.0,5.8,5.9,6.0,6.8,7.1,7.4,6.5,7.3,7.4,7.4,7.5,7.4,7.8,8.1,8.6,8.6,8.9,8.3,9.6,10.1,10.8,11.2
096077,4.4,5.1,5.2,5.7,5.9,6.0,6.2,6.6,6.8,6.6,7.1,7.5,7.2,6.9,7.5,8.2,8.1,8.4,9.1,9.2,8.8,9.7,10.7,12.1,11.8
096078,5.8,6.4,6.9,6.8,7.1,7.7,7.6,7.6,8.2,7.7,8.5,8.7,8.1,8.1,8.5,8.5,9.1,9.4,10.1,10.3,9.5,10.9,11.2,12.6,12.8
096079,5.3,5.3,5.7,6.1,6.8,6.7,7.6,8.3,7.4,8.1,8.6,8.5,7.8,7.7,8.9,9.4,9.6,9.6,10.5,10.5,10.3,11.7,11.7,12.8,13.1
096080,6.7,6.8,6.9,7.5,7.7,8.4,8.5,8.9,9.5,8.8,9.2,9.4,8.8,9.3,9.5,9.9,10.2,10.5,10.7,12.1,10.1,11.8,12.4,13.9,13.2
096081,4.6,5.1,5.8,5.6,6.0,6.2,7.2,7.4,7.6,7.2,7.7,8.1,7.1,7.3,7.8,8.0,8.6,8.3,9.3,9.2,9.1,10.1,11.0,11.6,12.8
096082,6.4,6.8,6.9,6.7,7.1,7.6,8.4,8.8,9.0,8.5,9.3,9.4,9.1,8.7,9.2,9.4,9.5,10.2,10.2,10.5,10.3,11.2,11.6,12.8,12.8
096083,6.4,7.3,7.7,7.3,7.9,8.1,8.0,8.5,8.8,9.1,9.1,9.3,9.7,9.6,9.5,10.0,10.1,10.3,11.1,11.3,10.4,11.6,12.1,13.7,13.8
096085,4.5,4.9,4.8,5.6,5.7,5.8,6.4,7.0,7.4,6.9,6.9,7.7,7.7,6.8,7.3,7.8,8.3,8.0,8.6,9.0,8.3,9.6,9.9,11.3,11.3
096086,7.3,7.4,7.6,7.9,8.4,8.4,9.3,9.7,9.5,9.1,10.1,10.2,10.0,9.6,9.6,10.6,10.6,11.3,11.4,11.8,11.0,12.5,13.3,14.2,14.5
096087,4.7,5.3,5.3,5.9,5.3,5.9,6.5,6.7,6.6,6.9,6.9,7.1,7.2,6.8,7.2,7.7,8.0,8.2,8.3,8.6,8.2,9.2,9.6,10.6,11.1
096088,5.6,5.8,6.2,6.8,6.9,6.8,7.9,8.4,9.1,7.7,8.6,9.6,8.6,7.8,9.0,9.5,9.9,10.4,10.6,11.4,10.4,11.5,12.3,13.8,14.3
097001,5.5,5.7,6.0,6.1,6.3,6.9,7.6,7.4,8.4,7.7,8.4,8.3,7.9,8.0,8.2,8.6,9.2,9.6,10.1,10.4,9.7,10.4,11.5,11.6,12.5
097002,5.8,6.2,7.0,6.6,8.0,7.5,7.9,8.9,8.8,9.0,9.3,9.1,10.1,9.8,10.1,10.2,10.9,11.2,11.9,12.1,11.5,12.0,13.7,13.7,14.7
097003,8.7,9.4,10.0,11.0,11.0,11.6,11.7,13.2,12.6,12.0,12.7,13.1,12.5,13.0,12.8,13.4,14.4,14.3,14.2,15.6,15.0,15.6,17.7,17.9,19.5
097004,3.1,3.3,3.3,3.6,4.0,3.9,4.7,4.8,5.6,5.4,5.5,5.6,5.5,5.6,5.4,6.3,6.1,7.4,7.2,7.9,7.1,7.7,8.5,9.7,10.4
097005,7.6,6.8,8.7,8.9,8.8,10.0,10.4,10.4,11.7,9.8,10.5,11.4,11.0,10.3,11.6,12.0,11.2,11.9,13.2,13.5,12.1,13.2,15.4,15.9,16.1
097006,6.6,6.7,7.1,7.9,8.4,8.2,9.1,10.1,9.7,8.6,9.5,9.4,9.9,9.3,9.6,10.1,10.4,10.8,10.9,12.3,10.6,11.6,12.9,13.3,14.1
097007,7.1,7.7,8.5,8.2,9.4,9.4,9.4,10.2,10.4,9.3,9.9,10.5,10.1,10.0,10.5,10.5,11.2,12.0,12.2,13.2,12.1,13.1,13.6,15.1,15.1
097008,5.0,4.9,5.5,5.3,5.9,6.5,7.3,7.3,7.7,6.8,7.9,8.4,8.3,7.5,8.1,8.7,8.4,9.6,9.7,10.2,9.3,10.2,11.0,12.7,12.5
097009,7.7,7.9,8.4,8.4,9.0,10.1,10.4,10.2,11.0,10.6,10.5,11.2,11.2,11.0,11.6,11.6,12.4,12.7,13.4,12.8,13.0,13.6,14.6,14.9,15.7
097010,4.0,4.3,4.4,5.1,4.7,5.3,5.5,5.7,5.9,6.1,6.2,6.4,6.2,6.1,6.8,6.6,6.8,7.4,7.6,8.4,7.7,8.0,9.1,9.7,10.2
097011,7.7,8.2,8.4,8.6,8.9,9.9,10.3,10.6,11.1,10.1,10.9,11.2,10.5,10.7,11.6,11.9,12.0,12.5,12.1,13.6,12.6,12.9,14.4,15.0,15.7
097012,4.5,4.9,5.2,5.7,5.6,5.8,5.5,6.7,6.8,6.3,7.0,6.9,6.6,6.7,6.8,7.5,7.6,8.3,8.1,8.9,7.9,8.0,10.1,10.4,10.5
097013,6.5,5.9,6.6,7.0,7.5,8.1,8.9,8.4,9.1,9.1,9.1,10.2,9.8,9.8,9.6,10.0,10.8,11.2,11.1,12.1,11.6,12.8,14.2,14.4,14.1
097014,4.9,5.0,5.3,6.1,5.5,6.2,6.4,7.0,7.2,6.9,7.1,7.9,7.4,7.1,7.4,7.2,8.1,8.9,9.2,9.4,8.7,9.5,10.2,11.9,12.1
097015,5.5,5.9,5.5,7.0,6.8,7.6,7.6,7.8,8.6,8.1,8.3,8.2,8.2,8.2,8.1,8.8,9.5,9.3,10.1,11.1,9.6,11.5,11.6,12.7,12.9
097016,7.9,7.7,8.7,8.7,9.0,9.3,10.0,10.1,10.8,10.7,10.9,10.9,10.8,10.6,10.4,11.9,12.2,11.4,12.6,13.2,12.5,14.4,14.5,15.2,16.6
097017,8.0,8.9,9.4,10.1,9.6,9.7,9.8,12.0,11.5,11.2,11.2,12.2,11.0,11.7,11.1,12.3,12.2,13.3,13.3,13.8,12.9,13.3,14.8,16.4,17.3
097018,4.8,5.3,5.6,6.0,6.1,6.4,6.8,7.2,7.2,6.7,6.4,7.3,7.5,7.0,8.1,8.0,9.0,8.9,9.0,8.6,9.2,9.7,10.1,11.7,11.8
097019,5.0,5.4,5.4,5.9,6.2,6.3,6.7,7.1,7.2,7.1,7.4,7.9,7.7,7.2,7.6,8.4,8.4,9.2,8.4,10.4,8.8,9.6,10.6,11.0,11.7
097020,9.2,10.0,10.3,10.7,10.9,12.0,12.4,13.5,13.5,12.5,13.1,13.6,13.1,12.9,14.1,13.4,14.5,15.2,15.3,16.4,15.4,16.5,18.3,18.9,18.3
097021,7.2,7.5,8.5,8.2,8.7,9.2,9.3,10.6,10.5,10.7,9.9,11.6,12.0,11.1,10.6,12.0,12.2,12.8,13.1,14.7,13.5,15.1,16.0,16.1,18.1
097022,5.7,5.7,6.4,7.4,7.6,7.2,8.0,8.4,9.0,8.3,9.0,9.4,9.0,8.8,8.9,9.5,10.6,10.4,10.3,10.9,10.8,10.9,12.3,13.0,14.5
097023,6.2,6.9,7.8,7.6,7.8,8.9,8.7,9.4,9.5,9.4,9.7,10.0,9.9,8.9,9.7,10.9,11.2,10.9,11.4,11.7,11.1,11.5,13.6,14.2,13.8
097024,6.1,6.2,7.1,7.0,7.2,8.2,9.9,8.9,9.4,8.8,8.8,9.3,9.1,9.4,9.7,10.3,10.7,10.8,11.7,11.9,11.7,12.6,14.1,15.5,15.6
097025,5.4,5.7,6.2,5.9,6.6,6.6,7.5,7.4,7.6,7.1,7.4,8.5,7.9,8.0,8.2,8.3,8.8,9.2,9.3,10.0,8.8,10.3,10.7,11.4,12.2
097026,4.5,4.8,5.1,4.8,5.8,5.8,6.2,6.6,7.2,6.6,7.2,7.2,7.7,6.8,7.3,8.2,8.0,8.5,8.6,8.9,8.4,9.8,10.2,11.4,11.5
097027,6.2,6.7,6.8,7.3,7.3,8.0,8.2,8.8,7.9,8.2,9.1,9.2,8.9,8.8,9.2,9.6,9.6,10.1,10.5,11.1,10.0,11.5,12.1,13.2,13.7
097028,7.0,7.5,7.6,8.3,8.9,8.8,9.1,9.8,10.5,9.6,10.4,10.6,10.3,10.0,10.8,10.9,10.5,12.5,12.4,13.0,12.0,12.6,13.9,14.8,15.7
097029,7.7,7.9,8.5,8.5,9.1,10.0,10.1,10.5,10.5,10.0,10.2,10.8,10.3,10.8,11.0,11.6,11.8,12.1,13.2,13.0,12.0,12.9,15.0,15.5,15.4
097030,5.8,5.7,5.8,6.6,6.8,6.9,8.0,7.5,8.1,8.0,8.4,8.4,8.9,8.3,8.6,9.2,9.3,10.5,10.4,10.6,10.3,10.4,11.9,13.1,13.5
097031,9.6,10.0,10.1,10.5,11.4,12.0,12.5,12.7,13.2,12.8,13.6,13.9,13.6,12.6,12.8,13.8,15.1,15.7,15.8,16.7,16.1,16.3,18.1,19.2,20.0
097032,7.0,7.7,8.0,7.9,8.9,9.0,9.7,10.5,10.4,10.2,11.3,11.4,11.3,10.9,11.9,11.5,12.0,12.7,12.6,13.4,13.0,14.0,15.0,16.3,16.4
097033,4.0,4.3,4.2,4.2,4.9,4.7,5.5,5.4,6.4,6.0,6.3,6.6,5.9,6.4,6.6,7.3,7.6,7.1,8.2,8.3,7.4,8.1,9.4,10.0,10.8
097034,8.4,9.4,10.0,9.4,10.3,11.4,10.7,11.5,11.9,11.6,11.9,12.5,12.2,11.8,13.3,12.6,13.1,14.0,14.0,13.8,14.2,14.4,15.7,16.4,18.0
097035,8.8,8.7,9.3,10.0,10.6,10.5,11.3,11.2,12.1,11.1,11.6,12.7,12.9,12.0,12.0,12.3,12.2,12.7,14.2,14.8,13.9,15.0,16.1,17.1,17.4
097036,4.7,5.3,6.0,5.8,6.2,6.2,7.2,7.7,7.7,7.5,7.6,8.3,8.0,7.9,8.1,8.9,9.0,8.8,9.6,9.2,9.4,10.0,11.4,11.6,12.1
097037,4.9,5.8,5.6,6.0,6.4,6.8,6.8,7.1,7.8,7.2,8.0,7.9,7.8,7.7,7.8,8.7,9.3,8.7,9.7,10.0,9.2,10.2,11.2,13.1,12.4
097038,6.2,6.6,6.5,6.8,8.0,7.4,7.9,7.9,9.2,8.8,9.3,9.5,9.5,9.8,9.2,9.5,10.1,11.2,11.5,10.7,10.4,11.8,13.0,14.8,15.3
097039,6.3,7.3,7.0,7.7,8.1,8.2,8.4,8.4,9.7,9.6,9.4,10.0,9.1,9.0,9.5,10.2,10.2,10.5,11.4,11.4,10.6,12.2,13.7,14.2,14.5
097040,6.1,6.1,6.3,7.1,7.0,7.3,8.0,9.3,8.3,8.9,8.4,9.2,9.0,9.4,8.9,9.3,10.1,10.4,11.0,11.3,9.9,11.2,11.8,13.3,14.5
097042,5.7,6.0,6.5,6.8,7.3,7.3,8.3,8.2,9.2,7.7,8.7,8.4,9.0,8.3,9.3,9.3,9.7,9.9,10.9,10.7,9.9,11.4,11.6,12.9,13.3
097043,5.8,6.4,6.9,7.3,7.5,8.2,8.5,8.7,9.1,9.3,8.8,9.4,9.5,8.7,9.4,9.9,10.6,10.8,11.5,11.7,10.6,12.0,13.2,13.5,14.4
097044,6.5,6.9,7.1,8.2,8.2,9.1,8.9,9.3,10.0,9.7,10.4,10.9,10.2,9.9,10.2,9.6,11.2,11.1,11.4,12.3,11.8,12.3,12.9,14.2,15.0
097045,8.7,9.6,9.5,10.8,10.5,11.3,12.2,12.2,12.7,11.9,12.1,12.1,12.7,12.7,12.9,13.1,13.3,13.5,14.8,15.2,14.2,15.1,16.6,17.1,18.4
097046,11.2,10.6,12.2,11.5,12.5,12.3,13.5,13.5,14.2,13.5,13.1,14.1,13.8,13.5,13.8,14.4,15.3,14.9,15.5,16.3,14.9,16.5,17.5,18.4,18.5
097047,5.2,5.9,5.4,6.0,6.0,7.1,7.2,7.8,8.2,7.5,7.5,8.6,8.4,7.8,8.5,9.2,9.2,9.8,9.9,10.2,8.9,10.8,12.1,12.4,12.8
097048,4.3,4.6,4.9,5.0,5.7,5.7,6.4,6.6,7.1,6.5,7.0,7.6,7.0,6.9,7.5,7.8,8.5,8.8,8.9,9.4,8.6,9.4,10.5,11.6,12.3
097049,6.1,6.7,7.1,7.5,8.0,8.0,8.4,8.8,9.2,8.9,9.1,9.6,9.0,8.5,8.6,9.1,10.1,10.5,11.2,11.0,10.3,11.7,12.6,13.5,13.1
097050,7.6,7.0,8.3,9.1,9.2,10.3,10.5,10.3,10.8,10.2,11.2,11.8,11.6,10.6,11.7,11.4,12.2,12.7,13.5,13.6,12.6,14.0,15.2,16.4,17.8
097051,7.3,8.6,8.5,9.4,9.5,10.1,10.3,10.0,11.1,10.7,10.3,11.3,11.1,10.8,10.7,12.1,12.4,12.4,12.9,13.3,13.5,14.0,14.3,15.9,15.5
097052,5.0,4.8,5.4,5.3,5.9,7.0,6.7,7.4,7.6,7.2,7.4,8.1,7.8,7.5,8.0,8.7,8.9,8.8,9.0,10.3,9.5,10.6,10.8,12.6,11.8
097053,6.0,6.7,7.2,7.3,7.3,8.5,8.6,8.4,8.3,8.7,8.9,9.4,8.9,8.7,9.1,9.5,10.4,11.1,10.9,11.2,10.9,11.7,13.2,13.2,13.8
097054,4.1,4.0,4.3,4.0,5.0,4.8,5.6,5.6,5.9,6.0,6.3,6.5,6.3,5.6,6.2,6.7,6.9,7.5,7.8,7.3,7.3,7.5,9.2,10.1,10.2
097055,5.0,5.3,5.7,5.5,6.1,6.6,6.4,6.9,7.2,7.3,7.5,7.7,7.9,7.6,7.6,7.6,8.5,8.8,9.2,9.5,8.2,9.2,10.4,11.2,11.0
097056,5.5,5.1,5.6,5.9,5.5,6.5,6.8,7.6,7.2,7.2,7.5,7.9,7.7,7.3,8.2,7.8,8.5,9.0,9.6,9.4,8.8,10.2,10.7,11.9,12.1
097057,3.6,3.3,4.2,3.9,4.6,4.4,4.8,5.0,5.9,5.8,6.4,5.8,6.1,6.1,6.3,6.6,6.5,7.5,7.7,8.4,7.5,8.0,9.2,9.8,10.2
097058,6.9,7.3,7.9,7.6,8.3,8.4,8.5,9.4,9.5,9.6,10.0,10.4,9.8,10.0,10.1,10.2,10.8,10.7,12.4,12.6,11.3,12.5,13.4,13.7,14.5
097059,6.5,6.2,6.9,7.1,7.4,8.5,8.4,8.8,9.5,9.1,9.0,10.2,9.5,8.9,9.8,9.8,11.1,11.2,11.5,11.9,11.0,12.1,13.8,15.1,15.0
097060,5.9,5.7,6.6,7.4,7.1,7.7,7.7,9.3,8.7,8.0,9.1,9.9,8.9,9.1,9.2,10.5,10.7,10.5,11.3,12.0,11.0,11.4,13.2,13.4,13.8
097061,5.8,6.3,6.6,7.0,7.0,7.7,8.0,8.7,9.1,8.4,8.8,9.0,9.8,9.0,9.2,9.6,10.7,11.0,11.3,12.3,11.2,11.9,12.9,13.8,15.5
097062,6.2,6.3,6.5,6.8,7.1,7.2,7.8,8.4,8.6,8.4,8.3,9.2,8.5,8.7,9.2,9.2,9.5,9.8,10.6,11.4,10.0,11.1,11.9,12.0,13.3
097063,8.2,9.8,9.7,10.7,10.9,10.9,11.4,12.2,12.2,12.4,13.0,13.4,13.7,13.5,13.6,14.1,14.6,14.5,16.3,17.0,14.9,16.5,17.5,20.1,19.7
097064,5.6,6.0,6.9,7.0,7.5,8.0,8.4,9.3,9.2,8.9,10.0,9.8,9.4,10.0,9.8,10.5,11.0,11.3,12.1,12.2,11.2,13.1,13.6,13.5,14.5
097065,5.3,5.4,6.3,6.3,6.4,6.7,7.6,7.5,8.3,7.5,7.6,8.4,8.6,8.5,8.8,8.7,9.0,9.8,9.9,10.4,9.4,11.0,11.7,11.6,13.7
097067,8.7,9.3,9.2,9.5,10.1,11.0,11.3,12.3,11.9,11.7,11.4,13.6,12.8,12.4,13.2,13.0,14.0,14.0,15.0,14.9,14.1,14.9,16.3,17.2,18.6
097068,5.6,5.7,6.3,6.8,7.5,7.6,7.5,8.8,8.7,8.1,8.6,9.8,9.3,8.6,9.4,9.9,10.4,10.6,10.9,11.4,10.9,11.3,13.4,13.6,15.0
097069,8.5,8.2,8.3,8.7,9.4,9.8,10.0,10.8,11.4,10.2,11.0,11.2,11.1,10.3,11.5,11.2,11.5,11.7,13.1,13.4,12.3,13.8,14.5,15.8,15.5
097070,5.0,6.0,6.1,6.6,6.7,7.1,7.9,7.9,8.6,8.5,8.3,8.9,8.7,8.2,8.7,10.1,10.0,9.9,10.7,10.6,9.9,11.2,12.1,13.5,14.4
097071,5.6,5.7,6.0,6.4,6.2,7.1,6.7,7.7,8.1,7.6,8.3,8.1,8.6,8.2,8.7,8.8,9.4,9.5,9.8,10.7,10.1,10.7,12.2,12.8,13.2
097072,7.4,7.6,7.8,8.3,8.6,9.1,9.3,9.3,10.0,10.0,10.4,11.2,10.3,10.4,11.0,11.6,11.1,11.6,12.1,12.8,11.5,13.5,13.9,15.1,15.7
097074,6.3,6.5,6.5,7.2,7.7,8.4,8.9,9.2,9.5,9.2,9.6,9.6,9.2,8.7,9.2,9.8,10.5,10.5,11.0,10.5,10.8,11.7,12.1,13.8,13.9
097075,8.3,8.7,9.3,9.1,9.9,10.9,11.0,11.5,11.4,11.2,11.8,12.4,11.6,12.6,11.9,13.1,13.2,13.2,13.7,14.0,13.1,13.8,15.3,16.6,17.3
097076,10.7,10.8,11.9,12.1,13.0,12.8,13.9,13.9,14.9,13.7,13.8,14.7,14.2,14.4,14.4,14.8,15.5,16.5,16.4,17.1,16.0,17.3,17.8,18.8,20.1
097077,4.0,4.5,4.3,5.0,5.6,5.0,5.8,6.3,7.3,6.1,6.7,7.0,7.0,6.9,6.9,7.2,8.3,8.4,8.9,8.9,8.3,9.1,10.5,10.7,11.5
097078,4.9,5.2,5.7,5.8,6.6,7.1,6.6,7.4,8.2,6.9,7.7,7.4,7.7,7.3,7.8,7.8,8.5,8.1,9.1,9.3,8.8,9.6,10.6,11.4,11.1
097079,9.8,9.9,10.4,11.4,11.2,11.5,12.2,12.4,12.9,12.8,13.2,13.6,13.1,12.9,13.1,13.5,14.9,14.5,14.3,15.4,14.5,15.9,16.4,18.3,17.3
097082,6.0,6.1,6.8,7.0,7.4,7.7,8.4,8.6,9.4,8.7,8.6,8.7,9.5,8.9,8.9,9.6,10.0,10.7,11.5,11.1,10.7,11.7,12.4,13.0,13.7
097083,8.7,9.1,8.8,10.1,10.5,10.4,11.3,11.3,11.8,11.9,11.7,12.3,12.4,11.7,12.4,13.4,12.8,14.5,14.2,14.3,13.4,14.7,15.4,16.0,17.8
097084,7.0,6.6,7.0,7.5,7.7,8.2,8.3,8.5,9.2,9.2,9.5,9.2,9.3,9.7,9.8,10.3,10.8,11.0,11.0,12.2,11.0,11.8,13.0,13.6,14.5
097086,5.5,5.7,6.0,6.1,6.9,7.3,7.9,8.3,8.3,7.9,8.1,8.6,8.8,7.9,8.6,8.8,9.3,10.1,10.8,11.0,9.4,10.1,11.7,12.7,13.4
097090,5.0,5.2,5.1,5.9,6.1,6.4,6.4,6.8,6.8,7.5,7.0,7.3,7.6,7.5,7.7,7.6,8.4,9.4,8.7,9.8,8.5,9.7,10.0,11.3,11.5
097091,6.1,6.6,7.5,7.5,7.8,7.8,8.8,8.5,9.8,9.2,9.6,10.2,9.4,9.5,10.4,10.6,11.0,11.3,12.8,12.6,11.6,13.9,13.5,16.2,15.9
097092,5.0,5.3,5.9,6.3,6.4,6.4,7.2,8.1,7.9,7.3,8.4,8.6,9.1,8.2,8.9,9.0,9.4,10.0,10.0,11.1,10.2,11.2,12.4,13.1,13.2
097093,4.6,4.3,4.8,5.3,5.5,5.4,6.3,6.1,6.7,6.9,6.4,7.2,7.1,6.6,7.1,7.5,7.8,8.2,8.5,8.6,8.3,9.0,10.3,11.0,10.9
098001,5.0,5.7,5.1,6.2,6.2,6.6,6.9,7.7,7.9,7.5,7.6,8.4,8.2,7.3,7.9,8.5,8.5,9.2,9.2,9.8,9.5,9.8,10.9,12.2,11.8
098002,6.5,6.8,7.5,7.8,8.1,8.2,9.1,9.4,9.9,9.8,9.1,10.2,10.1,10.5,10.0,10.8,11.4,11.5,12.7,12.3,11.3,13.0,12.9,14.9,15.6
098003,3.8,3.7,4.2,4.0,4.5,5.1,5.0,5.3,5.8,5.5,6.1,6.2,6.1,5.7,6.2,6.2,6.9,6.8,7.6,7.9,6.9,7.8,8.6,9.4,9.8
098004,6.0,6.3,6.5,7.0,7.0,7.7,8.1,8.3,9.1,8.6,8.9,9.0,8.7,8.5,9.1,9.9,9.9,11.3,10.7,11.3,9.5,10.6,12.0,12.9,13.7
098005,7.9,7.9,8.5,8.9,9.9,8.8,10.6,10.7,11.2,10.8,11.2,11.6,11.6,10.8,11.1,11.9,12.6,12.8,13.2,13.7,12.9,14.2,16.0,15.9,17.5
098006,4.0,4.3,4.8,5.2,5.7,6.0,5.8,7.1,7.0,6.4,6.8,7.2,6.2,6.5,6.9,6.7,7.6,7.9,8.8,9.3,8.5,9.0,10.4,11.8,11.9
098008,7.9,8.0,8.9,9.4,10.2,10.0,10.7,11.1,12.3,10.8,12.0,12.4,12.0,10.8,12.0,12.7,12.1,13.3,13.7,14.7,13.7,15.1,16.6,17.4,17.5
098009,7.1,7.3,7.6,8.2,7.8,9.1,9.2,9.7,9.4,9.1,9.8,9.7,9.5,9.3,10.3,10.3,11.2,11.0,11.4,11.3,11.1,11.9,13.4,13.5,14.6
098010,6.4,5.6,7.1,6.8,7.6,7.3,7.8,8.3,8.5,8.3,8.3,9.2,8.5,8.3,8.9,9.6,10.2,10.1,11.0,10.6,9.9,11.5,12.0,12.9,13.2
098011,6.2,6.3,6.7,7.0,7.3,7.9,8.1,8.0,8.7,7.9,8.2,9.2,8.8,8.5,9.4,9.8,9.8,10.1,10.7,10.9,9.9,11.0,12.5,12.8,13.4
098012,7.0,7.4,8.3,7.9,8.8,9.2,9.8,9.7,10.8,9.5,10.1,11.3,9.6,10.1,10.8,11.2,11.9,11.7,12.8,13.4,12.9,13.9,14.8,15.5,15.5
098013,5.5,5.7,5.9,6.5,6.6,7.4,7.8,7.8,8.3,7.9,8.2,8.7,7.6,8.5,9.3,9.5,9.5,10.2,10.8,10.6,10.4,11.1,11.6,12.9,13.6
098014,7.0,8.1,8.5,8.2,8.7,9.8,9.4,10.3,10.9,9.5,10.5,11.4,10.7,10.9,11.0,11.3,12.0,11.9,13.0,13.4,12.3,13.6,14.5,15.5,15.7
098015,6.3,7.2,7.5,7.6,7.6,8.3,8.5,9.4,10.1,9.1,9.5,10.4,9.9,9.5,10.1,10.0,10.7,11.3,11.7,12.1,11.8,12.5,13.4,14.7,14.8
098017,9.2,9.1,9.6,10.4,10.6,12.0,11.4,11.6,12.8,11.5,12.4,12.8,12.0,11.7,12.9,12.9,14.4,14.2,13.9,14.6,14.0,15.0,16.9,17.7,17.9
098018,6.2,6.5,7.2,7.4,8.0,8.0,9.1,9.5,9.7,9.4,10.0,10.3,10.1,10.1,10.3,10.9,10.9,11.0,11.6,12.5,11.8,12.5,13.8,14.0,14.3
098019,7.8,7.7,8.7,9.5,8.8,9.2,10.0,10.1,10.7,11.1,11.3,11.3,11.3,10.6,11.7,12.1,12.8,12.9,13.7,14.4,13.3,14.1,16.1,16.1,17.0
098020,5.5,5.6,5.9,6.5,7.1,7.2,7.3,8.4,8.1,8.7,8.5,8.3,8.2,8.8,8.9,8.7,9.8,9.5,10.5,10.4,10.0,10.7,11.3,12.8,12.6
098021,6.7,6.4,6.6,7.5,7.4,8.1,8.6,9.0,9.3,8.6,9.0,9.8,8.9,9.1,9.7,10.0,10.4,10.3,10.8,11.0,10.3,11.3,12.0,13.1,13.2
098022,7.7,8.5,8.1,9.5,10.0,10.2,10.5,11.4,11.1,11.2,11.8,12.7,12.2,11.9,12.0,12.8,13.3,13.0,14.3,14.0,13.5,15.3,15.7,17.9,17.3
098023,5.4,5.2,5.9,5.9,6.6,6.3,7.3,7.2,8.1,7.3,7.7,7.8,8.1,7.4,7.5,8.5,8.7,9.2,8.8,9.6,8.6,9.7,10.4,11.3,12.2
098024,8.8,9.7,9.4,9.5,10.0,10.9,11.7,11.7,12.1,11.7,11.5,12.4,11.8,11.7,12.3,12.3,13.5,13.2,13.9,14.8,13.3,14.2,15.6,16.2,16.7
098025,7.5,8.3,8.4,9.3,9.3,10.0,10.5,10.6,10.9,10.6,10.8,11.4,11.0,11.5,12.0,12.3,12.4,13.8,13.7,14.4,13.7,14.2,15.9,16.9,18.1
098026,7.4,7.2,8.7,8.3,8.7,10.0,10.0,10.2,10.8,9.7,10.9,11.5,10.8,10.8,11.7,11.9,11.8,13.5,12.9,13.7,13.2,14.3,15.0,16.6,16.1
098027,7.1,7.2,8.0,8.3,8.7,9.0,8.9,10.2,10.5,9.5,9.9,10.9,10.5,10.7,10.0,10.3,11.4,11.8,11.1,12.4,11.7,12.8,14.0,14.5,16.0
098028,5.4,5.2,5.7,6.6,6.5,6.7,6.9,7.4,8.4,7.5,7.3,8.1,8.0,7.6,7.4,8.2,8.3,9.2,9.5,9.7,9.2,9.8,11.5,11.2,12.8
098029,6.1,6.4,6.7,7.5,7.6,7.5,8.7,8.9,9.2,8.6,8.6,9.5,9.0,8.4,8.7,9.8,9.9,10.5,11.3,11.0,10.5,11.5,12.4,13.1,13.3
098030,4.1,3.9,4.5,4.8,4.9,5.5,5.3,6.2,6.6,6.2,6.3,6.7,6.5,6.7,6.5,6.7,7.1,7.5,7.7,8.4,7.7,8.5,9.8,10.8,10.8
098031,6.4,6.4,6.7,6.8,6.9,7.7,7.7,8.0,9.4,8.1,8.9,8.9,8.5,8.9,9.1,9.5,9.7,10.3,11.0,10.9,10.4,11.3,12.0,13.0,13.7
098032,7.0,7.2,8.1,8.2,8.8,9.4,9.6,10.4,10.1,10.2,10.5,10.8,10.2,10.2,11.0,11.9,11.8,12.5,12.8,13.4,12.1,12.9,14.6,16.0,15.7
098033,5.5,6.4,6.8,7.3,8.0,7.6,7.6,8.6,9.2,8.4,8.4,9.6,8.5,9.1,9.1,10.1,10.4,10.9,11.1,12.2,10.8,12.4,13.2,13.6,14.3
098034,6.8,7.3,7.3,7.3,8.2,8.7,9.0,9.9,10.1,9.7,10.1,10.6,9.7,9.6,10.1,10.5,11.0,11.6,11.7,11.9,11.5,12.6,13.4,14.6,15.4
098035,4.9,5.4,5.6,5.8,5.8,6.4,6.9,7.4,7.6,7.4,7.8,8.0,7.5,8.0,8.0,7.8,8.5,9.2,9.7,10.1,9.3,10.3,10.8,11.0,11.4
098036,7.8,8.5,8.9,8.5,9.4,9.7,10.0,10.7,11.0,10.0,10.7,11.4,10.6,10.2,11.6,11.3,11.9,12.6,13.2,13.3,12.9,13.9,14.7,15.0,15.5
098037,7.9,8.4,9.0,8.9,9.7,9.7,10.3,10.9,11.1,10.0,11.4,11.5,10.8,11.0,11.5,11.7,12.4,12.6,12.6,13.3,12.0,12.7,14.7,16.3,16.2
098038,6.9,7.1,7.7,8.3,9.0,9.1,9.3,10.4,10.6,10.3,9.5,10.5,10.4,10.4,10.3,11.1,11.9,11.7,12.7,13.4,11.6,13.4,15.1,15.5,16.5
098039,5.4,6.3,6.6,6.4,6.5,7.4,7.0,8.3,7.8,8.2,7.7,8.5,8.4,8.6,8.6,9.1,9.0,9.4,10.3,10.6,9.3,10.9,11.4,12.1,13.4
098040,6.4,7.5,7.1,7.7,8.2,8.2,8.7,8.8,9.2,9.3,9.5,9.8,9.9,9.7,10.0,10.3,10.4,10.5,10.9,11.5,10.9,12.0,13.2,13.6,13.8
098041,8.2,9.0,9.2,9.9,10.2,9.9,11.4,11.5,11.7,11.1,11.6,12.2,11.1,12.1,13.4,12.5,13.6,13.9,14.0,14.7,14.0,15.4,16.2,17.0,17.9
098042,5.6,6.0,6.3,6.7,6.5,7.7,7.3,7.5,8.3,7.9,8.1,9.1,8.3,8.2,8.7,9.5,9.6,9.7,10.5,10.8,9.5,10.7,11.5,12.6,13.5
098043,4.3,4.9,5.0,5.4,5.8,6.2,6.3,6.4,7.0,6.8,7.0,7.7,6.7,6.7,7.3,7.7,8.3,8.5,8.5,9.2,8.3,8.6,10.3,10.8,11.3
098044,5.4,5.5,6.8,6.3,7.5,7.5,7.8,8.7,8.6,8.5,8.4,8.9,9.1,9.2,9.6,9.4,10.2,11.0,11.2,11.3,11.0,12.2,13.2,13.9,13.7
098045,6.8,6.2,7.6,7.3,7.1,8.4,8.8,8.5,9.0,8.7,8.6,10.0,9.2,8.9,9.0,9.7,10.3,11.1,10.9,11.5,11.0,11.8,12.7,14.5,13.9
098046,5.0,5.1,5.4,5.8,6.7,6.5,6.6,7.0,7.8,7.7,7.6,8.2,7.8,7.3,8.3,8.2,8.2,9.3,9.6,9.6,9.3,10.7,11.5,12.1,12.5
098047,6.5,6.7,7.7,7.5,8.0,8.4,9.4,9.5,10.0,9.3,10.4,10.3,10.0,10.4,10.3,10.8,11.5,11.6,12.2,12.6,11.7,13.3,13.8,14.7,15.5
098048,4.9,5.2,6.0,6.1,6.2,6.3,6.5,6.8,7.7,6.4,8.3,8.1,7.4,7.2,7.9,7.9,8.7,9.2,9.6,9.7,9.5,9.5,10.7,12.0,12.2
098049,5.3,5.1,6.0,6.2,6.5,7.2,7.5,7.9,8.0,7.8,7.9,8.0,8.1,8.0,8.4,8.5,9.8,9.7,9.5,10.4,9.9,10.7,11.7,12.4,13.6
098050,5.1,6.2,6.3,6.2,6.4,7.6,8.0,7.7,8.4,7.5,7.8,9.1,8.9,8.3,8.7,8.9,9.5,10.3,10.2,10.8,9.9,11.3,11.7,13.2,13.7
098051,5.7,5.6,6.0,6.5,6.9,6.6,7.6,8.0,7.5,8.1,8.0,8.8,8.6,8.3,8.4,9.0,9.1,10.0,10.3,10.5,9.6,10.9,11.7,12.6,12.3
098052,5.5,6.1,6.2,6.3,6.9,7.5,7.6,7.8,8.1,7.5,8.4,9.0,7.9,8.1,8.0,8.5,9.3,9.5,9.9,10.6,9.8,11.4,11.4,12.7,12.9
098053,7.6,7.5,8.4,8.7,8.3,9.2,9.7,9.8,10.8,9.8,10.5,11.2,10.8,10.7,10.6,11.8,12.0,12.7,12.4,13.3,12.3,13.1,14.4,14.6,16.0
098054,6.7,7.1,7.6,8.2,8.3,8.6,8.7,9.2,9.7,9.3,9.1,10.0,10.3,9.5,10.0,10.9,10.8,11.1,11.2,11.9,11.5,12.5,13.4,13.5,14.0
098055,7.3,7.6,7.7,8.5,8.3,9.0,8.6,10.0,10.0,9.3,10.2,10.1,10.2,9.8,10.7,10.3,11.0,11.8,12.6,12.2,11.3,12.3,13.0,14.6,14.7
098056,5.9,6.6,7.0,6.7,7.3,8.0,8.4,8.9,9.1,8.1,9.5,9.4,9.0,8.4,9.7,10.4,10.3,10.7,11.2,11.0,11.5,12.3,13.5,14.4,14.1
098057,5.2,5.8,5.7,6.1,6.4,7.3,7.1,7.6,7.4,7.5,7.9,7.9,8.2,8.0,8.2,9.2,8.6,9.8,10.0,10.3,9.4,10.7,11.5,12.0,12.6
098058,9.7,9.3,10.0,10.3,11.4,12.2,11.8,13.4,13.2,12.7,14.0,13.4,13.3,13.3,13.3,13.5,14.5,14.7,15.0,15.0,14.8,16.4,17.7,18.3,19.4
098059,7.5,8.5,9.3,9.1,10.0,10.1,10.8,10.8,11.1,10.6,11.3,11.9,11.0,11.1,11.8,12.4,12.6,13.0,13.4,13.7,13.0,13.8,15.1,15.5,16.5
098060,4.7,4.7,5.6,5.7,6.0,6.1,5.8,6.7,7.6,6.8,7.3,7.8,7.7,6.8,7.4,7.8,8.2,9.2,8.4,9.4,8.7,9.3,10.2,10.8,11.4
098061,5.4,6.7,6.2,6.6,7.5,7.8,8.5,8.6,8.9,8.6,9.1,9.5,9.4,8.6,9.1,10.3,10.1,10.3,10.4,11.6,10.6,11.4,13.4,13.5,13.4
098062,5.5,6.4,7.2,6.6,7.1,7.8,8.1,8.3,8.6,7.9,8.9,8.5,8.4,8.7,8.6,9.2,9.6,9.8,10.5,10.5,9.8,11.1,12.2,11.5,12.8
099001,3.2,3.3,3.8,4.1,4.2,4.9,4.8,5.2,6.0,5.5,6.3,6.4,6.6,6.1,6.4,7.0,7.0,7.1,8.4,8.7,7.6,9.4,9.6,10.4,10.9
099002,5.6,6.4,6.2,6.7,7.1,7.3,7.7,7.7,8.3,8.2,8.0,9.0,8.2,8.5,9.2,8.7,8.9,9.8,10.4,10.7,9.9,11.1,11.5,12.6,13.2
099003,5.9,5.7,6.4,7.3,7.0,7.9,7.5,8.8,8.8,9.0,8.9,9.3,9.1,8.9,9.3,10.1,10.0,10.5,11.6,11.6,10.9,12.5,13.3,13.6,13.7
099004,7.8,9.0,8.4,8.9,9.3,9.6,10.6,10.5,11.1,10.6,11.3,11.8,10.9,10.7,11.0,11.5,11.5,12.0,12.9,13.1,11.6,13.0,14.4,15.3,15.6
099005,6.0,6.1,6.4,7.2,7.2,7.5,8.1,8.1,9.1,7.8,8.4,9.1,8.5,8.1,9.3,9.9,10.3,9.8,10.2,12.0,10.2,11.0,11.7,13.2,13.6
099006,6.5,6.9,7.6,7.5,8.3,9.0,8.8,9.3,9.9,9.7,9.5,10.7,9.8,9.6,10.4,11.1,11.2,11.3,11.9,13.3,11.3,13.2,14.1,14.9,15.3
099008,9.6,9.6,10.7,10.7,10.2,11.0,11.7,12.1,12.5,11.9,12.0,12.7,13.4,13.0,12.5,13.4,13.9,14.5,15.0,15.0,14.3,15.3,15.5,17.4,18.2
099009,5.5,6.2,6.8,7.0,7.6,7.7,8.2,7.8,8.4,8.7,8.2,9.4,8.6,8.9,9.2,9.9,10.4,10.9,10.8,10.8,9.8,12.2,12.7,13.1,14.4
099011,5.9,5.9,6.5,6.5,6.7,7.0,7.4,8.1,8.4,7.8,8.2,9.1,9.3,8.6,8.6,8.9,9.6,9.9,10.1,10.8,10.2,10.5,11.6,12.4,12.8
099013,6.5,6.5,7.0,7.7,7.8,8.2,8.2,9.3,10.0,9.3,10.0,10.3,10.0,9.0,9.8,10.5,10.6,11.3,11.5,12.1,11.0,12.1,13.2,13.7,14.4
099014,3.3,3.5,3.7,3.9,3.9,4.6,4.9,4.8,5.1,4.8,5.4,5.6,5.6,5.6,5.4,5.8,6.7,6.5,7.5,7.4,6.9,7.4,8.4,8.8,9.8
099015,4.7,4.8,5.1,5.5,6.2,6.3,6.5,6.6,6.8,7.0,7.9,7.8,7.5,7.1,7.5,7.6,8.0,8.1,8.9,9.3,8.5,9.0,10.0,10.7,11.3
099016,6.9,7.4,7.8,8.3,8.5,8.8,10.6,10.0,10.0,9.3,10.4,10.8,10.9,9.6,10.2,10.8,10.7,11.9,11.8,12.5,11.7,12.8,13.8,13.8,14.9
099017,5.1,4.9,5.6,5.9,6.0,6.9,7.3,6.7,8.3,7.3,7.3,8.4,7.7,7.8,8.3,8.0,8.9,8.8,9.7,9.7,9.6,9.8,10.9,11.8,12.6
099018,5.7,5.6,5.7,6.8,6.7,6.7,7.2,8.5,8.5,7.6,8.1,8.1,8.0,7.6,8.7,8.8,9.5,9.7,10.2,9.7,9.6,10.5,11.9,13.0,13.1
099020,5.7,6.2,6.7,7.3,7.6,7.7,8.1,8.6,8.9,8.3,8.7,9.3,9.0,8.9,9.8,9.5,10.3,10.6,11.7,11.6,10.7,12.3,12.8,13.9,14.8
099021,7.3,7.2,8.1,8.6,8.6,9.1,8.9,9.0,9.2,9.0,10.1,10.3,10.0,10.3,9.9,10.2,11.0,10.9,12.3,12.0,11.1,11.8,13.3,14.5,13.5
099022,3.3,3.5,3.6,4.1,4.0,4.2,5.1,4.8,5.5,5.1,5.3,5.5,4.9,5.3,5.2,5.8,6.3,6.4,6.2,7.4,6.6,7.2,8.7,9.7,9.5
099023,5.5,5.9,6.0,6.2,6.3,7.3,7.4,7.3,8.1,8.0,7.9,8.0,8.6,8.4,8.3,8.5,8.9,9.5,9.9,9.9,9.4,9.9,10.6,12.3,12.8
099024,6.2,6.8,7.3,7.1,7.6,8.5,9.0,9.1,9.4,8.8,9.1,9.5,9.4,9.3,9.3,10.5,10.7,10.8,11.0,11.6,11.3,12.7,12.6,14.1,13.7
099025,3.5,3.8,4.1,4.9,4.6,4.8,5.2,6.0,6.3,6.1,6.3,6.5,6.1,6.2,7.0,6.5,7.0,7.3,8.3,8.7,7.8,8.8,9.4,10.2,11.1
099026,6.3,6.7,7.3,7.0,8.0,8.0,8.7,9.3,9.2,8.9,9.4,9.6,9.3,9.1,9.8,10.4,10.2,11.1,11.5,11.4,10.8,11.8,12.9,13.2,14.5
099027,6.1,6.7,6.9,7.4,7.7,8.2,8.8,9.1,9.7,8.2,9.9,10.1,9.7,8.9,9.6,10.5,10.8,11.5,12.0,11.9,10.9,12.2,13.2,14.0,14.4
099028,6.1,6.2,6.7,7.1,7.5,7.7,8.4,8.7,9.0,8.8,9.0,9.2,9.5,9.0,9.5,9.6,10.7,10.5,10.5,11.2,10.4,12.0,12.7,13.4,13.6
099029,6.6,6.6,7.0,7.7,8.4,8.1,8.1,9.0,8.9,9.1,9.2,9.5,9.5,9.0,9.7,9.9,10.4,10.7,11.6,11.4,11.0,12.1,12.6,14.5,14.2
099030,7.1,7.6,7.4,8.2,8.4,9.3,9.1,9.6,9.4,9.7,10.6,11.0,10.3,10.1,10.3,10.4,11.3,11.6,11.9,12.6,12.5,12.4,13.9,14.7,15.6
099031,4.8,5.1,5.4,5.6,6.0,6.6,6.9,7.8,7.5,7.5,8.8,8.1,8.1,7.4,8.9,8.5,9.2,10.0,10.4,10.7,9.7,10.9,11.7,12.3,12.9
100001,4.0,3.8,4.5,4.6,5.0,5.0,5.4,5.8,5.9,5.6,6.0,6.4,6.8,5.5,6.3,6.6,7.3,7.4,8.0,8.2,7.3,7.9,9.1,9.7,10.3
100002,4.9,5.6,6.1,6.0,6.4,6.6,7.4,7.9,8.2,7.6,7.5,8.4,7.8,8.1,8.7,8.3,8.8,9.4,9.9,10.1,10.0,10.3,11.1,12.0,12.2
100003,5.3,6.0,6.5,7.0,7.1,7.8,7.9,8.0,9.7,8.2,8.4,9.2,9.1,8.3,8.5,8.9,9.8,10.9,11.3,12.3,10.5,12.2,12.7,14.1,15.0
100004,3.9,4.0,4.3,4.6,5.0,5.0,5.6,5.5,6.2,6.3,6.2,6.6,6.1,6.1,6.3,7.0,7.1,7.3,7.7,8.1,7.5,8.1,9.8,10.1,10.5
100005,4.6,4.6,5.3,5.6,5.7,6.4,6.0,7.3,7.4,6.5,7.0,7.2,6.7,7.0,7.2,7.7,8.0,8.5,8.9,9.2,8.8,9.6,10.5,10.6,11.1
100006,2.9,3.6,3.4,3.9,4.4,4.4,4.8,5.1,6.0,5.2,5.6,6.0,6.0,5.9,6.1,6.5,7.0,7.2,7.5,8.0,7.5,8.7,9.4,10.7,11.0
100007,5.4,5.8,5.6,5.8,6.2,6.6,6.7,7.4,7.3,7.0,7.7,7.7,7.5,7.7,7.7,7.6,8.2,8.8,9.1,9.5,8.9,9.7,10.2,11.0,11.2
101001,1.6,1.6,1.8,2.2,1.9,2.4,2.5,2.4,2.7,2.5,2.8,2.8,3.0,2.8,2.8,3.3,3.3,3.7,3.6,4.3,3.5,4.1,4.7,4.9,5.6
101002,3.0,3.0,3.1,3.5,3.4,3.8,3.9,4.4,4.4,4.2,4.2,5.1,4.8,4.5,4.8,5.0,5.3,5.6,5.6,5.9,5.8,6.4,6.7,6.8,7.3
101003,1.2,1.3,1.6,1.6,1.7,2.0,2.1,2.0,2.3,2.1,2.6,2.6,2.5,2.2,2.5,2.6,3.1,3.1,3.3,3.8,3.3,3.7,3.7,4.7,4.5
101004,1.7,2.1,1.8,2.3,2.4,2.4,2.8,3.0,3.3,3.1,3.3,3.5,3.5,3.6,3.5,3.7,4.2,4.4,4.5,5.0,4.5,4.7,5.7,5.6,6.2
101005,1.6,1.6,1.7,2.1,2.0,2.1,2.3,2.7,2.7,2.6,2.6,3.0,2.8,2.7,3.0,3.1,3.4,3.5,3.7,3.8,3.7,4.2,4.7,4.7,5.4
101006,1.6,1.7,1.8,1.9,2.0,2.3,2.5,2.5,2.7,2.9,2.7,3.1,2.8,2.7,2.9,3.3,3.2,3.7,3.6,3.7,3.7,4.3,4.6,4.7,5.3
101007,2.2,2.0,2.2,2.6,2.6,3.1,2.7,3.1,3.7,3.3,3.6,4.0,3.4,3.2,4.0,3.8,4.4,4.6,5.1,4.8,4.9,5.5,6.3,6.9,6.9
101008,2.6,2.7,2.8,3.0,3.3,3.8,3.8,4.3,4.1,4.3,4.3,4.5,4.2,4.4,4.3,4.7,5.1,6.0,5.6,6.3,5.4,6.0,6.8,6.9,7.3
101009,1.5,1.7,1.9,2.0,2.2,2.0,2.3,2.2,2.5,2.4,2.6,2.8,2.7,2.5,2.5,3.1,3.1,3.1,3.9,3.8,3.1,4.0,4.1,5.0,4.9
101010,1.7,1.7,1.9,2.1,2.3,2.5,2.6,2.6,2.6,3.0,2.8,3.2,3.1,3.1,3.2,3.4,3.8,4.1,4.0,4.2,3.8,4.5,5.0,5.2,6.0
101011,1.6,1.6,1.7,1.7,2.0,2.1,2.2,2.4,2.9,2.4,2.8,3.0,2.6,2.8,2.8,2.9,3.0,3.3,3.3,3.7,3.5,3.8,4.2,4.6,5.0
101012,2.7,2.7,2.9,3.3,3.4,3.5,3.7,3.8,4.2,4.3,4.2,4.7,4.8,4.4,5.0,5.2,5.4,5.4,5.7,6.1,5.6,6.7,7.1,7.1,8.0
101013,2.2,2.3,2.4,2.7,3.3,3.0,3.4,3.4,3.4,3.9,3.9,4.4,4.2,3.9,4.0,4.5,4.5,4.8,5.2,5.2,5.1,5.6,6.0,6.6,6.7
101014,1.4,1.5,1.6,1.8,1.6,2.0,2.0,2.1,2.4,2.4,2.7,2.6,2.7,2.8,2.7,2.8,3.1,3.5,3.3,3.9,3.5,4.1,4.2,5.0,5.0
101015,2.1,2.3,2.7,2.9,3.1,3.1,3.4,3.4,3.7,3.7,3.8,4.1,4.0,3.8,3.9,4.5,4.6,5.2,5.0,5.3,5.0,5.8,6.2,6.2,6.6
101016,1.7,1.6,1.5,1.8,1.9,2.2,2.3,2.4,2.7,2.5,2.8,2.6,2.6,2.4,3.0,2.9,3.2,3.1,3.8,3.8,3.6,4.1,4.1,4.7,5.0
101017,2.2,2.2,2.6,2.5,2.7,3.2,3.4,3.6,3.6,3.6,3.8,4.1,3.8,3.7,4.0,4.3,4.8,4.5,4.9,5.0,5.3,5.3,6.4,6.9,6.9
101018,1.7,1.9,2.0,2.3,2.4,2.2,2.8,2.8,3.0,3.1,3.0,3.4,3.5,3.1,3.3,3.3,3.6,3.7,4.2,4.1,3.9,4.5,5.1,5.6,6.1
101019,1.8,1.9,1.8,2.2,2.2,2.2,2.6,2.7,2.6,2.7,2.9,2.9,2.8,2.8,2.9,3.1,3.5,3.4,3.9,4.1,3.8,3.9,4.5,4.9,5.8
101020,1.9,1.9,2.1,2.3,2.2,2.8,2.9,2.6,3.0,2.8,3.1,3.4,3.4,3.1,3.4,3.3,4.0,3.8,4.3,4.0,3.8,4.5,5.1,5.1,5.5
101021,0.6,0.7,0.8,0.9,0.9,1.1,1.2,1.3,1.6,1.4,1.6,1.9,1.7,1.6,1.9,2.0,2.2,2.2,2.5,2.6,2.6,2.9,3.3,3.7,3.8
101022,1.6,1.5,1.7,2.1,2.0,2.0,2.4,2.7,2.4,2.5,2.8,3.0,2.6,3.1,2.8,3.2,3.4,3.5,3.7,4.2,3.6,4.3,4.6,5.3,5.8
101023,2.6,2.8,2.9,3.3,3.1,3.5,3.6,3.9,4.3,3.9,4.1,4.2,4.1,3.8,4.3,4.8,5.1,5.3,5.2,5.4,5.4,5.8,6.2,6.6,7.6
101024,1.5,1.5,1.6,1.7,2.0,2.1,2.1,2.1,2.6,2.2,2.6,2.8,2.6,2.5,2.6,2.8,2.9,3.0,3.3,3.4,3.1,3.4,4.0,4.5,4.6
101025,1.6,1.8,2.0,2.1,2.1,2.2,2.4,3.3,2.9,2.5,3.0,2.9,3.1,3.1,3.2,3.4,3.6,3.5,4.0,4.3,3.7,4.7,4.9,6.0,6.5
101026,1.6,2.0,1.9,2.0,2.0,2.2,2.4,2.5,2.9,2.5,2.7,3.0,2.8,2.8,3.1,3.3,3.3,3.4,3.5,4.0,3.5,4.0,4.2,4.8,5.5
101027,1.5,1.5,1.6,2.0,2.0,2.2,2.2,2.7,2.5,2.5,2.6,2.9,2.8,2.8,2.9,2.9,3.1,3.5,3.4,4.2,3.3,4.0,4.6,5.2,5.3
102001,2.4,2.1,2.3,2.4,2.8,3.0,3.0,3.3,3.6,3.2,3.8,3.7,3.5,3.6,3.7,4.3,4.2,4.8,4.8,5.2,4.7,5.5,5.8,6.3,6.2
102002,1.4,1.5,1.5,1.8,2.0,2.1,2.1,2.4,2.5,2.2,2.8,2.9,2.7,2.6,2.8,3.0,3.2,3.3,3.5,3.9,3.5,4.0,4.4,5.0,5.3
102003,0.9,1.0,1.3,1.3,1.1,1.5,1.7,1.7,2.1,1.8,1.8,2.0,2.1,1.8,1.9,2.2,2.4,2.6,2.6,3.0,2.7,3.0,3.3,3.8,4.1
102004,1.4,1.5,1.6,1.7,1.7,2.0,2.2,2.2,2.4,2.5,2.6,2.6,2.5,2.4,2.9,2.9,3.1,3.3,3.5,3.7,3.7,3.7,4.4,5.0,5.0
102005,0.8,1.0,1.0,1.0,1.2,1.2,1.4,1.6,1.7,1.6,1.8,1.8,1.8,1.6,1.8,2.0,2.1,2.6,2.2,2.6,2.4,3.0,3.2,3.6,3.7
102006,1.3,1.7,1.8,1.8,2.0,2.1,2.4,2.4,2.5,2.3,2.5,2.9,2.7,2.5,3.0,2.9,3.1,3.2,3.5,3.6,3.5,3.9,4.2,4.2,4.7
102007,2.1,1.9,2.1,2.1,2.2,2.4,2.6,2.7,3.2,2.7,2.8,3.0,2.8,2.7,3.1,3.1,3.3,3.2,3.5,3.7,3.7,3.6,4.7,4.8,4.4
102008,2.3,2.3,2.8,2.4,2.8,3.2,3.1,3.5,3.5,3.4,3.8,4.2,3.9,3.4,3.9,4.5,4.7,4.5,5.1,5.3,5.2,5.5,5.9,6.6,6.9
102009,2.0,2.3,2.3,2.4,2.7,2.9,3.0,3.7,3.5,3.2,3.4,3.6,3.6,3.5,3.5,3.9,4.0,4.3,4.7,4.3,4.6,4.8,5.3,6.2,6.1
102010,2.3,2.7,2.6,3.0,2.8,2.9,3.3,3.2,3.9,3.8,4.0,3.9,3.8,3.9,4.1,4.5,4.3,4.8,4.8,5.5,4.8,5.5,6.2,6.6,6.8
102011,0.7,0.9,0.9,0.9,1.0,1.1,1.2,1.4,1.4,1.3,1.5,1.5,1.3,1.4,1.5,1.5,1.6,1.9,1.9,2.2,2.2,2.0,2.5,2.6,2.9
102012,2.7,2.6,3.0,3.0,3.3,3.2,3.6,4.0,4.1,4.2,4.1,4.2,4.1,4.3,4.6,4.7,5.2,5.6,5.5,5.6,5.8,5.7,6.2,6.7,7.2
102013,2.6,2.8,2.8,3.4,3.1,3.9,3.3,3.8,4.2,4.0,4.4,4.3,4.2,4.4,4.2,4.7,5.1,5.2,5.1,5.7,5.3,5.7,6.8,7.2,7.1
102014,1.9,1.9,1.8,2.4,2.1,2.4,2.7,2.7,3.0,2.9,3.0,3.2,3.3,3.2,3.2,3.7,3.7,4.2,4.3,5.0,3.9,4.9,5.1,5.3,6.2
102015,1.0,1.1,1.3,1.3,1.4,1.5,1.6,1.7,1.9,1.9,1.8,2.1,2.0,2.0,1.9,2.1,2.3,2.6,2.7,3.1,2.8,2.8,3.4,3.5,3.8
102016,3.2,3.1,3.4,3.6,3.7,3.7,4.3,4.5,4.5,3.8,4.6,5.1,4.4,4.5,4.7,4.9,5.3,5.8,5.4,6.1,5.4,6.0,6.7,7.1,7.5
102017,1.3,1.5,1.7,1.8,2.0,2.0,2.0,2.1,2.2,2.4,2.4,2.6,2.4,2.1,2.6,2.5,3.1,2.8,2.9,3.1,3.3,3.6,3.8,3.9,4.5
102018,3.0,3.1,3.1,3.4,3.5,4.0,4.3,4.3,4.4,4.5,4.9,5.1,4.8,4.8,5.0,5.6,5.3,6.1,6.3,6.5,6.0,6.9,7.3,8.4,8.3
102019,0.6,0.7,0.9,1.0,1.0,1.2,1.2,1.2,1.5,1.4,1.5,1.6,1.5,1.5,1.5,1.8,2.0,2.2,2.4,2.4,2.1,2.5,2.8,3.3,3.3
102020,2.2,2.1,2.7,2.5,2.6,3.1,3.1,3.5,3.6,3.8,3.8,3.9,3.8,3.8,3.7,4.4,4.6,4.5,5.0,5.1,4.8,5.2,5.7,6.4,6.8
102021,2.7,2.8,3.2,3.1,3.5,3.5,3.7,4.1,4.1,4.0,4.2,4.5,4.1,4.2,4.4,5.0,4.9,5.5,5.3,5.9,5.4,6.0,5.8,6.8,7.0
102022,3.3,3.0,3.5,3.5,3.9,4.5,4.7,4.6,4.9,4.8,5.4,5.0,5.2,5.4,5.5,5.8,5.6,6.5,6.3,6.5,6.6,6.8,7.7,8.2,8.2
102023,3.1,3.3,3.8,3.8,4.0,4.5,4.4,5.0,4.9,4.8,5.0,5.5,5.1,5.3,4.7,5.6,6.1,5.8,6.3,6.5,6.3,6.9,7.4,7.9,8.3
102024,1.3,1.4,1.6,1.6,1.8,1.9,2.3,2.3,2.7,2.3,2.7,2.7,2.8,2.4,2.3,2.8,2.9,3.5,3.6,3.4,3.6,4.0,4.2,4.6,4.9
102025,1.3,1.3,1.6,1.4,1.6,1.8,2.1,2.2,2.0,2.2,2.3,2.6,2.3,2.4,2.5,2.6,2.7,2.9,3.2,3.2,3.3,3.3,4.0,4.3,4.1
102026,1.6,1.8,1.9,2.0,2.2,2.3,2.5,2.7,2.9,2.8,2.7,2.9,3.0,2.9,3.0,3.1,3.2,3.8,4.1,3.8,3.7,4.2,4.7,5.2,5.5
102027,1.3,1.4,1.3,1.6,1.5,1.9,2.0,1.8,2.1,2.1,2.1,2.5,2.2,2.4,2.4,2.3,2.5,2.8,3.0,3.1,3.2,3.1,3.7,4.0,3.9
102028,2.1,2.2,2.5,2.6,2.4,2.8,2.9,3.1,3.5,3.3,3.6,3.8,3.2,3.7,3.4,3.7,3.9,4.5,4.5,4.6,4.4,4.8,5.0,5.9,6.0
102029,0.9,1.1,1.1,1.3,1.5,1.5,1.6,1.8,1.9,1.8,1.7,1.9,2.0,1.8,2.0,2.3,2.4,2.5,3.1,3.0,2.8,3.1,3.5,3.6,3.8
102030,1.9,1.9,2.0,2.4,2.6,2.5,2.8,2.9,3.0,3.1,3.0,3.2,3.4,3.3,3.6,3.7,3.8,4.1,4.5,4.4,4.2,4.7,5.0,5.6,5.6
102031,2.2,2.1,2.3,2.4,2.6,2.8,3.0,3.4,3.7,3.1,3.4,3.6,3.4,3.6,3.6,3.4,4.0,4.1,4.6,4.3,4.4,5.0,5.5,5.8,5.9
102032,1.7,1.8,1.8,2.3,2.4,2.5,2.7,2.7,2.9,2.8,2.9,3.4,3.4,3.2,3.4,3.6,3.8,3.8,4.0,4.1,4.0,4.7,5.2,5.5,5.7
102033,1.9,2.0,2.1,2.4,2.4,2.4,2.5,3.0,3.2,3.0,3.3,3.1,3.0,3.2,3.1,3.4,3.5,3.6,4.2,4.5,3.8,4.4,4.7,5.3,5.7
102034,2.4,2.4,2.7,2.6,3.1,3.4,3.4,3.3,3.9,3.5,4.2,4.0,4.1,4.0,4.4,4.1,4.5,4.8,5.1,5.3,4.8,5.8,6.2,6.7,6.7
102035,2.1,2.4,2.4,2.7,3.0,3.4,3.4,3.5,3.7,3.5,3.7,4.4,4.0,3.7,4.1,4.5,4.8,4.9,5.3,5.0,5.4,5.6,6.0,6.8,7.1
102036,2.1,2.2,2.5,2.6,2.6,2.6,3.0,3.3,3.8,3.4,3.4,3.7,3.4,3.4,3.8,3.7,4.0,4.3,4.3,4.2,4.3,4.7,5.3,6.0,6.1
102037,1.5,1.5,1.7,1.6,2.1,2.2,2.2,2.7,2.5,2.4,2.5,2.6,2.7,2.4,2.6,3.1,2.9,2.9,3.7,3.5,3.2,3.7,4.2,4.6,5.0
102038,1.6,1.5,1.8,2.0,2.2,2.0,2.4,2.6,2.8,2.5,2.8,2.6,2.8,2.6,2.7,3.1,3.3,3.2,3.4,3.6,3.6,3.6,4.3,4.7,4.9
102039,1.6,1.8,1.8,2.0,2.1,2.2,2.3,2.7,3.0,2.7,2.9,3.1,3.2,3.1,3.2,3.6,3.4,3.9,3.9,4.4,3.8,4.5,4.9,5.3,5.5
102040,2.0,2.3,2.3,2.4,2.5,2.9,3.3,3.3,3.5,3.3,3.7,4.1,3.6,3.5,4.2,3.9,4.6,4.5,4.8,5.0,4.8,5.1,6.1,6.2,6.5
102041,1.7,2.1,2.0,2.2,2.3,2.5,2.7,2.8,2.8,3.0,3.2,3.1,3.1,3.3,3.2,3.6,3.6,4.2,4.3,4.5,4.1,4.2,5.0,5.4,5.4
102042,1.9,2.2,2.6,2.7,2.9,3.0,2.9,3.8,3.5,3.5,3.8,4.0,3.6,3.6,3.9,4.2,4.4,4.8,5.0,5.4,4.7,5.2,5.7,6.4,6.7
102043,1.6,1.8,1.8,2.1,2.0,2.3,2.3,2.4,2.6,2.7,2.8,2.9,2.7,2.6,2.7,2.6,3.2,3.3,3.2,3.6,3.2,3.4,3.8,4.1,4.5
102044,1.9,2.1,2.4,2.2,2.6,2.7,3.0,3.0,3.6,3.1,3.5,3.7,3.5,3.3,3.4,3.9,4.2,4.3,4.6,4.9,4.7,4.9,5.2,6.2,6.2
102045,1.9,2.0,2.3,2.3,2.2,2.6,2.9,3.0,3.2,3.0,3.6,3.8,3.5,3.4,3.5,3.8,4.4,4.4,4.7,4.7,4.2,5.1,5.8,6.0,5.8
102046,0.8,1.0,1.0,1.2,1.2,1.3,1.6,1.4,1.8,1.8,1.8,1.9,2.1,1.7,2.0,2.3,2.3,2.5,2.7,2.9,2.7,3.2,3.2,3.7,4.1
102047,2.6,2.7,2.9,2.9,3.3,3.2,3.4,4.1,4.2,3.7,3.9,4.2,4.1,4.2,4.5,4.4,5.0,5.0,5.2,5.4,5.5,5.6,6.4,7.0,7.7
102048,1.7,1.7,2.2,2.0,2.3,2.5,2.7,2.8,3.3,2.9,3.2,3.0,3.2,3.2,3.4,3.6,3.7,4.2,4.3,4.6,4.2,4.9,5.2,5.7,6.1
102049,1.9,2.1,2.4,2.3,2.4,2.7,3.1,2.9,2.9,3.1,2.9,3.5,3.7,3.2,3.6,4.0,3.9,3.7,4.5,4.1,4.4,4.6,5.1,6.3,5.7
102050,1.6,1.9,1.9,2.0,2.2,2.4,2.3,2.4,3.0,2.8,2.7,2.9,2.9,2.7,2.9,3.1,3.1,3.4,3.7,3.6,3.3,3.7,4.5,4.8,5.0
103001,7.5,7.7,8.2,8.2,9.2,9.4,9.9,9.6,11.0,10.0,10.7,10.7,10.5,10.6,10.8,11.5,11.3,11.2,12.9,12.8,11.6,12.4,13.9,15.1,15.5
103002,4.8,4.9,5.1,5.7,6.4,6.2,6.4,7.2,7.2,7.0,7.3,7.8,7.1,7.0,7.2,7.9,8.1,7.9,9.5,9.0,8.1,9.3,10.4,11.2,11.6
103003,4.8,4.8,5.6,5.4,5.6,6.5,6.2,6.8,7.2,6.9,7.3,7.9,7.6,7.4,7.5,8.3,8.1,8.7,9.0,9.5,8.9,9.6,10.8,11.4,11.8
103004,5.4,5.3,5.9,6.2,6.4,6.4,7.0,7.5,7.6,7.3,7.6,7.6,7.1,7.4,7.7,8.2,9.2,9.1,9.3,9.8,9.1,10.4,10.8,12.3,12.5
103005,5.2,5.2,6.0,6.2,6.1,6.7,7.1,8.2,8.0,7.3,7.4,8.2,7.9,8.0,8.0,8.6,8.7,10.0,10.0,10.3,9.8,10.8,11.2,12.7,13.1
103006,3.2,3.3,3.6,4.2,3.9,4.5,4.8,5.1,5.6,4.8,5.7,5.9,5.7,5.3,5.8,6.6,6.2,6.8,7.1,7.4,7.1,7.7,8.7,8.9,9.9
103007,6.5,6.9,7.4,7.4,7.9,8.0,8.6,8.6,9.4,9.1,9.4,9.4,9.5,9.6,9.6,10.4,10.2,11.2,11.4,12.1,11.3,12.1,13.4,13.6,15.2
103008,5.3,6.2,6.5,6.4,6.7,7.6,7.3,7.9,7.9,8.5,8.6,8.9,8.2,8.3,8.6,8.7,8.7,9.6,10.2,10.4,10.1,10.7,11.5,11.7,13.1
103009,7.0,7.5,7.4,8.3,8.2,8.6,9.0,9.4,10.0,9.4,9.5,10.1,10.1,9.7,10.1,10.5,11.1,11.7,11.4,11.9,11.7,12.8,13.6,14.5,14.7
103010,4.5,5.2,5.3,5.6,6.0,6.4,6.3,6.9,7.3,7.1,7.3,7.1,7.7,7.0,7.5,8.3,7.8,8.9,9.0,9.5,8.8,9.8,10.0,12.0,11.3
103011,4.1,4.5,4.9,4.8,5.2,5.5,5.7,6.2,6.7,6.2,6.7,6.8,7.1,6.5,6.4,7.8,7.9,8.1,8.9,8.8,8.3,8.8,9.8,10.9,11.5
103012,5.1,5.7,5.3,6.1,6.5,6.6,6.8,7.6,8.1,8.0,8.2,8.3,8.5,7.8,9.3,8.8,9.2,9.1,10.4,10.9,9.5,11.2,11.7,12.8,13.1
103013,4.7,5.2,5.3,5.8,6.5,6.4,6.7,6.9,8.1,7.4,7.5,8.1,7.3,7.7,7.4,7.9,8.4,9.6,9.0,9.3,9.4,10.0,10.8,11.1,12.5
103014,3.8,3.8,3.7,4.2,4.3,4.5,5.1,5.3,5.9,5.2,6.0,6.1,6.1,5.9,6.0,6.3,6.8,7.3,6.9,7.3,7.5,8.0,8.7,9.6,9.7
103015,5.2,5.0,6.0,6.1,6.5,6.3,7.2,7.0,7.8,8.0,7.8,8.3,8.6,8.3,8.8,8.5,9.0,9.7,10.4,10.5,9.9,10.9,12.0,12.2,13.5
103016,4.8,4.8,5.7,5.7,5.8,6.0,6.5,6.8,7.3,7.1,6.6,7.7,7.0,6.8,7.5,8.3,8.4,8.8,9.0,9.1,8.8,9.9,10.3,11.1,11.4
103017,6.2,6.4,7.4,7.5,7.3,8.0,8.4,8.5,8.6,9.2,9.0,9.6,10.0,9.1,9.7,9.5,10.2,10.4,10.8,12.1,10.6,11.7,12.5,13.0,13.7
103018,5.9,6.2,6.1,6.6,6.4,7.5,7.4,8.0,7.7,8.0,8.6,8.6,7.8,8.1,9.0,9.1,9.6,9.4,10.3,10.5,9.9,10.6,11.2,12.9,13.0
103019,5.9,6.0,6.1,6.6,7.3,7.8,7.3,7.9,8.5,8.4,8.5,9.1,8.6,8.6,8.9,9.6,9.5,10.4,10.2,11.1,9.8,10.8,11.6,12.9,12.8
103021,4.0,4.1,4.7,4.5,5.2,5.5,5.4,6.1,6.3,5.5,6.1,6.4,6.5,6.4,6.6,6.9,7.2,7.0,7.1,7.4,7.5,8.2,9.7,10.0,10.7
103022,5.6,5.6,6.3,7.1,7.6,7.6,7.7,8.0,9.5,8.6,9.5,9.9,8.4,9.8,9.3,10.1,10.9,11.4,11.9,13.0,10.6,12.3,13.3,14.2,15.7
103023,7.0,7.8,7.4,7.6,8.4,8.9,9.3,9.9,10.6,9.8,9.7,10.2,10.1,9.9,10.3,10.7,11.4,12.1,12.2,12.5,11.6,13.2,13.9,14.8,14.8
103024,6.5,6.7,6.5,7.2,7.2,8.6,8.6,9.0,8.7,8.3,9.4,9.3,9.4,8.9,9.4,9.5,9.8,10.3,11.1,11.2,10.5,12.0,12.6,13.2,13.2
103025,5.7,6.1,6.7,6.9,7.3,7.7,7.9,8.1,9.1,8.6,8.6,9.1,8.7,9.1,9.7,9.4,10.0,10.5,10.8,11.3,10.7,12.2,12.5,13.5,14.1
103026,5.2,5.5,5.8,6.2,6.4,6.5,7.6,8.4,7.6,7.3,8.5,8.5,8.3,8.2,8.3,9.2,9.5,9.9,10.1,10.9,10.2,10.9,11.6,12.9,13.4
103028,7.5,7.6,8.0,8.4,9.0,9.1,9.1,10.0,9.9,10.0,10.1,10.1,10.3,10.0,10.3,10.3,11.3,11.4,11.9,12.2,11.8,12.1,12.7,13.7,13.5
103029,6.1,6.5,6.7,6.6,7.4,7.7,7.7,9.1,9.5,8.2,8.6,9.2,8.5,8.3,8.9,9.5,9.9,10.4,10.2,10.7,10.6,10.9,12.4,13.9,14.2
103031,5.2,6.0,6.0,6.3,6.4,6.8,7.0,7.5,7.4,7.4,7.7,8.4,7.9,7.1,7.4,8.6,8.5,8.9,9.0,10.0,8.9,9.8,10.7,11.6,12.4
103032,7.0,7.7,8.0,7.8,8.1,8.6,8.6,8.8,9.4,8.9,9.3,9.9,9.3,9.4,10.0,10.3,10.3,10.6,11.5,11.0,10.8,11.4,11.9,13.7,13.3
103033,4.8,5.1,5.2,5.6,5.8,6.2,6.5,6.1,6.6,6.5,6.6,7.1,6.9,6.8,7.5,7.8,7.5,7.7,8.0,9.2,8.1,8.7,10.0,10.6,11.2
103034,5.1,4.9,5.5,5.6,5.7,6.4,6.7,7.0,7.1,7.1,7.7,7.5,7.5,7.5,7.3,7.8,9.0,8.6,8.7,9.0,8.4,9.4,9.9,11.1,11.4
103035,4.9,4.6,5.0,5.3,5.3,5.9,6.1,6.2,6.9,6.5,7.2,7.2,7.0,5.9,7.0,7.7,7.8,7.5,8.9,9.0,7.3,8.5,8.5,10.2,10.7
103036,4.1,3.7,4.2,4.6,4.7,4.8,6.0,5.4,5.6,5.8,5.7,6.0,6.8,5.9,6.9,7.2,7.7,7.8,7.7,8.5,7.3,8.7,9.3,10.7,11.6
103037,5.2,5.5,5.3,5.9,6.8,6.4,7.6,7.1,8.3,7.8,8.2,8.5,8.0,7.7,8.2,8.8,8.9,9.8,10.2,10.9,9.8,10.4,11.1,12.2,12.8
103038,4.0,4.0,4.6,4.7,4.9,4.9,6.3,6.0,6.4,6.4,6.4,6.8,6.9,6.6,6.7,6.8,7.1,8.0,8.0,9.2,8.4,8.5,9.9,11.1,11.1
103039,4.5,4.7,5.0,5.4,6.0,5.8,6.4,6.7,6.4,6.4,7.3,7.5,6.9,6.8,7.3,7.3,7.5,8.4,8.4,9.4,7.8,9.1,10.5,10.9,11.7
103040,5.7,5.8,6.3,6.2,7.3,7.4,8.0,8.1,8.1,8.1,8.6,8.9,8.6,8.1,8.4,8.3,9.7,10.3,10.3,10.5,9.7,10.7,11.4,12.6,12.7
103041,6.4,6.7,6.8,7.6,7.8,7.7,7.9,8.9,9.7,9.3,9.3,9.7,9.1,8.9,9.1,10.2,10.2,10.5,11.1,11.8,10.6,11.7,13.2,14.0,14.4
103042,6.7,7.0,8.1,8.1,8.0,8.5,9.2,9.1,9.8,9.0,9.6,10.0,9.5,8.7,10.0,9.9,9.7,10.6,11.4,11.9,10.9,11.6,12.8,13.4,14.1
103043,4.8,4.6,5.0,5.7,5.7,6.3,6.2,6.8,7.2,6.9,6.8,7.2,7.1,6.8,7.7,8.0,8.2,9.2,8.7,9.4,8.7,9.4,9.9,11.0,11.2
103044,5.0,4.8,5.4,5.7,6.3,6.0,6.7,6.9,7.6,7.1,7.3,7.7,7.6,6.9,7.5,8.7,8.4,9.0,8.5,9.7,8.5,9.4,10.8,11.4,11.9
103045,5.3,5.6,5.8,5.9,6.4,6.9,7.3,7.0,7.6,7.7,7.9,8.2,8.0,8.1,8.2,8.6,9.3,9.2,9.5,9.6,9.2,10.1,10.9,11.7,12.4
103046,4.7,5.0,4.6,5.3,5.4,5.8,5.8,6.4,6.7,6.5,6.5,7.7,7.0,7.1,7.6,7.5,8.5,8.3,8.9,8.8,8.5,8.8,9.4,11.0,10.8
103047,1.9,2.3,2.5,2.6,2.8,2.9,3.0,3.3,3.2,3.4,3.4,3.9,3.4,3.7,3.5,3.8,4.0,4.5,4.7,5.1,4.7,5.6,5.6,6.3,6.5
103048,5.6,6.0,6.5,6.8,6.7,7.3,7.2,7.8,8.5,7.4,8.2,8.3,8.2,8.3,8.9,8.4,9.9,9.6,10.0,10.7,9.6,10.3,12.3,12.6,12.1
103049,5.5,6.2,6.8,6.3,7.0,7.1,8.0,8.4,8.2,8.5,8.6,9.0,8.7,7.9,8.9,9.3,9.7,10.0,10.8,11.5,10.2,11.3,12.6,13.9,13.7
103050,2.9,3.3,3.4,3.6,3.7,4.2,3.9,4.5,5.2,5.1,4.8,5.2,5.1,4.9,5.1,5.6,5.6,6.1,6.7,6.8,6.0,7.3,8.0,8.6,8.9
103051,3.3,3.6,3.9,4.3,4.2,4.2,4.5,5.1,5.0,5.1,6.0,5.6,5.2,5.0,5.1,5.9,6.2,6.6,7.3,7.4,6.4,7.1,8.0,8.6,9.2
103052,5.9,5.7,6.6,6.3,7.0,7.0,7.5,8.2,8.4,7.9,8.1,9.4,8.2,8.4,9.0,9.2,9.9,9.6,10.4,11.0,9.9,11.2,12.9,13.2,14.1
103053,4.5,4.8,5.5,5.9,6.8,5.8,6.4,6.5,7.2,7.3,7.1,7.9,7.4,7.2,7.8,7.8,8.0,9.1,8.7,9.5,8.7,9.4,10.4,11.9,12.1
103054,6.7,7.3,7.3,7.4,8.1,8.3,8.7,9.0,9.8,9.2,9.5,10.1,9.4,9.2,9.4,10.1,10.3,10.7,11.2,11.6,10.6,11.5,13.0,13.2,13.6
103055,7.6,7.7,7.7,8.3,8.3,9.2,9.6,10.0,9.8,9.6,10.3,10.6,10.6,10.4,10.7,10.6,11.6,12.1,13.0,13.5,12.3,13.0,14.6,16.6,16.3
103056,3.4,3.9,3.9,4.1,4.5,5.1,4.7,5.1,5.9,5.4,5.8,5.8,5.8,5.6,5.9,6.9,6.0,6.8,7.2,8.0,7.2,7.5,9.3,9.2,10.0
103057,6.4,6.3,6.9,7.9,7.6,8.1,8.5,8.8,8.9,8.8,9.0,9.9,9.7,8.9,9.4,9.7,10.5,10.7,10.7,11.3,10.5,11.7,12.3,13.6,13.7
103058,8.4,8.1,8.8,9.3,9.7,9.7,10.2,9.9,10.6,10.0,10.8,11.0,10.8,10.9,11.2,11.1,12.2,11.9,12.0,12.8,11.6,13.0,13.9,14.8,15.8
103059,6.0,6.2,6.3,6.6,7.0,7.8,8.0,8.2,8.6,8.1,8.7,9.4,8.6,8.7,8.7,9.4,9.2,9.5,10.5,10.5,10.1,11.2,12.5,12.6,12.8
103060,4.3,4.4,4.7,5.1,5.2,5.7,6.3,6.3,6.0,6.5,6.6,7.1,6.8,6.8,6.9,7.4,7.5,8.4,8.2,8.4,8.5,9.3,10.1,10.5,11.3
103061,5.3,5.6,5.9,6.4,6.5,6.7,7.1,7.7,8.5,7.1,8.3,7.9,8.3,7.3,8.0,8.4,8.4,8.8,9.3,10.4,9.1,10.1,11.1,12.3,12.8
103062,5.6,6.5,6.7,7.0,7.3,7.4,8.4,8.0,8.9,8.6,9.3,9.5,9.4,8.8,9.5,9.4,10.6,10.7,11.2,11.1,10.6,11.6,12.5,13.0,13.3
103064,3.8,4.1,4.1,4.6,4.5,5.2,5.4,5.4,6.3,5.9,6.1,6.2,6.2,6.5,6.6,6.9,6.6,8.1,8.2,9.1,8.2,8.7,9.4,9.5,10.4
103065,4.8,5.1,5.9,5.7,6.3,6.6,7.1,7.5,8.0,7.3,7.8,7.8,7.8,7.9,7.8,8.2,8.8,9.6,8.9,10.2,9.3,10.9,11.7,11.7,12.8
103066,5.6,6.1,6.6,7.3,7.5,7.7,7.9,8.3,8.6,8.1,8.6,9.1,8.7,8.4,8.9,9.0,10.0,10.8,11.1,11.1,10.2,11.3,12.3,12.5,13.2
103067,5.6,6.0,6.1,7.3,7.5,6.8,7.9,8.1,8.6,9.1,8.6,9.3,8.8,9.6,9.3,9.7,9.8,10.4,10.5,11.2,10.4,11.6,12.4,12.8,14.0
103068,4.0,4.0,4.3,4.3,4.9,4.5,5.0,5.5,5.6,5.1,5.1,5.7,5.3,5.4,4.7,5.5,5.7,6.1,6.3,6.9,5.8,6.4,7.9,8.1,8.5
103069,8.4,8.5,9.2,9.6,10.2,10.4,10.4,10.9,11.1,11.0,10.9,11.7,10.9,11.2,11.6,11.8,12.6,12.2,13.0,12.9,12.6,13.1,14.4,15.9,16.2
103070,2.9,3.6,3.8,4.3,4.3,4.8,5.2,5.4,5.3,5.2,5.7,5.9,5.6,5.8,6.4,6.1,6.4,7.2,7.4,7.2,7.4,7.5,8.4,9.1,9.5
103071,4.2,4.0,4.3,4.7,5.0,5.0,5.1,5.9,6.0,5.6,6.2,6.8,6.2,6.1,6.7,6.7,7.0,7.8,8.1,8.4,7.8,8.4,9.6,10.3,10.7
103072,3.4,3.6,3.8,3.8,4.2,4.7,4.8,5.4,5.4,4.9,5.4,5.7,6.1,5.5,5.6,5.8,6.7,6.6,7.4,7.6,7.4,7.8,8.3,9.4,9.8
103074,8.1,7.9,8.8,8.3,9.7,9.8,10.2,10.4,11.1,10.1,10.8,10.8,10.9,11.3,11.3,11.7,12.1,12.8,13.2,13.1,13.2,13.7,14.7,15.3,16.7
103075,6.0,6.4,6.8,6.7,7.6,7.7,7.3,9.0,8.8,8.3,9.0,8.9,8.9,8.8,9.1,9.2,9.6,10.3,10.6,10.9,10.1,11.5,13.1,13.1,14.0
103076,6.0,5.9,6.2,7.0,7.0,7.6,7.8,8.1,8.8,8.2,8.5,8.6,9.1,7.7,8.4,9.1,8.7,9.6,10.0,10.8,9.6,10.5,11.3,12.5,13.5
103077,3.8,3.6,4.4,4.1,4.7,5.0,5.2,5.8,6.5,5.7,6.0,6.5,6.0,6.4,6.5,6.8,7.0,7.3,7.3,8.6,7.4,8.4,8.9,9.7,10.5
103078,3.0,3.1,3.7,3.3,3.8,4.3,4.5,4.6,4.7,4.4,4.5,5.6,5.0,4.7,5.0,5.5,5.8,6.0,6.2,6.2,6.1,6.7,7.9,7.8,8.6
103079,4.6,4.8,5.0,4.9,5.6,5.7,6.4,6.2,7.1,6.5,6.7,7.0,6.9,6.8,7.1,7.0,7.7,7.8,8.4,9.3,8.0,9.2,9.4,10.8,11.8
108001,6.6,6.9,7.0,7.9,8.4,8.8,8.4,8.9,10.0,9.4,9.0,9.0,9.5,9.6,10.1,9.4,10.8,10.7,10.6,11.9,11.2,12.5,13.1,13.7,14.7
108002,7.1,7.4,7.4,8.3,9.1,8.7,9.3,9.3,10.0,9.9,10.3,10.9,10.0,10.4,10.5,11.2,11.5,11.8,11.3,13.1,11.9,12.5,14.4,14.8,15.4
108003,5.5,6.4,7.0,7.4,7.2,8.0,9.2,8.6,10.0,9.3,9.5,10.0,9.6,9.8,10.2,10.2,11.6,10.6,11.6,12.7,11.9,12.6,13.5,14.9,14.9
108004,5.3,5.3,5.9,6.4,7.0,7.2,8.1,8.4,8.8,8.3,8.6,9.2,9.3,8.4,9.2,9.5,9.9,11.1,10.8,11.4,10.4,12.0,11.8,12.6,14.1
108005,5.9,5.8,7.2,7.4,7.8,7.6,7.9,8.9,9.2,8.7,9.4,9.3,10.0,9.0,10.0,10.0,10.6,10.6,11.3,11.6,10.9,12.1,13.0,13.5,14.9
108006,3.2,3.0,3.4,3.6,4.3,4.7,4.3,4.5,5.6,4.7,4.5,5.4,5.2,4.6,5.2,5.1,5.6,6.0,6.4,6.7,5.8,6.8,7.2,8.2,8.4
108007,7.6,7.8,8.1,8.3,9.1,10.1,10.0,10.3,9.7,10.2,10.5,10.8,10.9,10.3,11.1,11.5,11.5,12.1,12.5,13.1,11.9,12.5,14.2,15.4,15.0
108008,5.2,5.3,6.1,6.7,6.7,7.8,7.9,8.4,8.9,8.5,8.5,9.3,9.6,8.4,8.8,9.9,10.4,10.2,12.0,11.4,10.8,12.4,12.5,14.3,15.9
108009,4.7,4.8,5.3,5.4,6.4,6.5,7.3,6.8,6.9,6.4,7.3,7.9,7.5,7.3,7.8,7.8,8.1,9.0,9.4,9.5,9.5,10.2,10.9,11.5,11.5
108010,5.4,5.9,6.5,6.6,7.1,7.8,8.1,8.1,8.7,8.3,8.6,8.8,8.3,8.5,8.6,9.6,10.0,10.1,10.6,11.1,10.5,10.6,11.6,12.1,12.8
108011,5.0,5.3,5.3,5.7,6.2,6.8,6.6,6.8,7.6,6.9,7.3,8.0,7.7,7.6,7.5,8.2,7.8,8.9,9.6,9.7,8.5,9.9,10.9,11.3,11.9
108012,5.3,5.2,5.4,6.1,5.8,5.9,7.0,7.6,7.3,7.3,7.7,7.7,7.6,7.7,8.2,7.9,8.7,9.1,9.6,9.5,9.0,10.5,10.5,11.0,11.7
108013,7.5,7.7,8.0,8.5,9.2,9.6,9.9,10.2,10.2,10.1,10.7,11.1,10.5,9.9,10.8,11.8,12.1,12.5,12.7,13.3,11.6,12.4,13.7,16.3,16.2
108014,6.4,6.6,7.0,6.9,8.0,8.0,8.3,8.8,8.7,8.2,9.1,9.8,8.9,9.8,9.2,10.3,10.6,11.0,10.9,11.6,10.4,11.5,12.4,13.7,13.7
108015,7.3,7.5,7.4,7.9,8.4,9.1,8.9,9.4,9.6,9.8,9.8,10.0,10.1,10.2,10.4,10.7,11.2,11.6,11.6,12.0,11.7,12.8,13.5,14.0,13.7
108016,4.8,4.7,4.9,6.1,5.9,6.3,6.4,7.0,7.3,7.0,6.7,7.7,7.4,7.3,7.4,8.5,7.8,9.3,8.9,9.3,8.8,10.1,10.5,10.8,12.2
108017,6.1,6.5,7.2,7.1,7.5,7.4,8.0,8.9,9.7,8.4,9.3,9.4,8.9,8.5,9.7,9.8,10.1,10.9,11.4,11.6,11.1,12.1,14.5,14.9,15.5
108018,4.2,4.7,4.9,5.5,5.6,5.5,6.0,6.7,6.5,6.7,6.9,7.3,7.0,7.2,7.0,7.8,7.9,8.3,8.4,9.4,8.4,9.0,10.3,10.9,11.2
108019,7.5,8.3,8.7,8.8,9.3,10.2,10.1,11.2,11.5,10.2,10.9,11.2,11.2,11.1,12.5,11.9,12.5,13.2,13.3,14.2,12.1,14.0,16.0,17.2,17.0
108020,9.1,9.6,9.9,10.3,10.3,11.1,11.9,12.2,12.3,12.1,12.4,12.6,12.7,12.3,12.6,12.9,13.6,14.0,14.4,15.3,13.6,15.1,16.3,17.2,17.7
108021,4.3,4.5,5.0,5.0,5.9,5.5,5.6,6.5,6.6,5.9,6.6,6.3,6.3,5.9,7.3,7.0,7.6,8.0,8.1,8.4,6.9,8.1,8.6,9.9,10.8
108022,6.8,7.0,7.4,6.8,8.1,7.5,9.0,9.2,9.1,8.8,9.2,9.5,9.8,9.4,9.7,9.9,10.2,10.8,11.9,12.5,11.1,12.9,12.9,13.3,13.7
108023,4.6,4.8,5.3,5.6,5.7,5.9,6.4,6.2,6.6,6.6,7.0,6.9,7.1,7.3,7.4,7.2,7.9,7.7,8.2,8.8,8.2,9.7,10.3,11.0,11.4
108024,5.6,5.5,6.3,6.3,6.4,6.9,7.1,8.1,8.2,7.7,8.0,8.8,8.5,7.9,8.3,9.0,9.3,9.9,9.8,10.4,9.1,10.0,11.6,13.4,13.6
108025,5.3,5.1,4.9,5.7,5.9,6.2,6.7,6.9,7.2,6.6,7.0,7.3,7.7,7.3,8.1,7.8,8.2,9.0,8.6,9.1,9.1,9.7,10.5,11.7,11.5
108026,9.3,9.7,9.7,10.7,10.3,10.8,11.7,12.0,12.3,11.8,12.1,12.1,12.5,11.8,12.5,13.1,13.4,14.4,14.5,14.5,14.5,14.4,15.6,17.1,17.8
108027,6.8,7.6,7.4,7.8,8.6,9.0,8.9,9.5,10.2,9.7,9.4,10.4,9.4,9.7,9.6,10.7,9.8,12.2,11.1,11.9,11.3,12.2,13.4,13.6,14.7
108028,5.2,5.4,5.7,5.9,6.1,7.0,7.4,7.6,8.2,7.6,7.7,8.3,7.6,7.9,8.7,8.7,8.3,9.1,9.5,10.2,9.2,10.3,11.7,12.9,12.1
108029,7.0,6.6,7.2,7.2,7.6,7.4,8.4,8.7,9.4,9.0,8.9,9.3,8.9,9.1,9.5,10.1,10.4,10.5,10.8,12.1,10.3,12.1,13.3,13.4,13.9
108030,4.8,4.8,4.9,5.5,5.6,6.0,6.9,6.9,6.8,6.7,7.5,7.4,7.6,7.6,7.5,8.5,8.6,9.4,9.6,10.3,8.6,10.5,10.6,12.2,11.8
108031,5.4,5.4,5.6,6.2,7.0,6.4,6.6,7.3,7.0,7.6,7.5,7.7,7.2,7.6,8.3,8.4,8.2,8.6,9.4,9.3,9.1,9.9,10.5,11.8,11.6
108032,6.6,7.1,7.9,8.0,8.3,9.2,9.3,9.7,10.1,9.6,10.1,10.6,9.8,10.3,10.8,10.6,10.9,11.1,12.1,12.5,12.0,12.1,13.8,15.1,15.7
108033,4.3,4.2,4.9,5.0,5.0,6.0,6.2,6.0,6.7,5.5,6.6,6.8,6.8,6.7,6.7,6.7,7.4,7.9,7.9,8.4,7.5,8.8,9.9,10.5,11.0
108034,5.5,5.9,5.6,6.2,6.7,7.3,7.8,7.6,8.4,7.6,8.2,9.1,8.1,7.4,9.1,9.1,9.6,10.0,10.1,11.2,10.0,12.0,11.6,12.0,13.3
108035,6.3,6.5,6.6,6.5,7.2,7.4,7.8,7.9,8.6,8.1,8.6,8.6,8.5,8.5,9.0,9.0,9.8,9.1,10.1,10.4,9.4,10.6,11.8,11.9,12.8
108036,6.6,7.2,7.7,8.2,7.7,9.0,9.1,9.6,9.8,9.9,9.7,10.4,9.2,9.1,10.3,10.7,10.6,11.5,11.6,11.7,11.3,13.1,13.6,14.7,15.3
108037,5.4,5.7,6.0,6.2,6.4,6.7,7.7,7.7,8.6,8.2,8.8,9.3,8.4,8.7,9.2,9.2,9.7,10.4,11.5,10.7,10.6,11.4,12.9,13.4,13.9
108038,6.9,7.2,7.2,8.2,8.0,8.6,9.0,8.7,9.5,9.2,10.0,9.7,9.3,9.7,10.3,9.8,11.0,10.6,11.9,11.1,11.3,11.8,12.8,14.0,14.2
108039,6.7,7.1,7.8,7.7,8.3,8.9,9.1,9.8,10.2,9.6,9.4,10.5,10.2,9.8,10.4,10.2,11.8,11.5,12.2,12.7,12.5,13.1,13.6,14.6,15.5
108040,6.8,7.0,7.7,8.6,8.0,8.8,8.8,9.0,9.3,9.7,9.8,10.2,9.2,9.4,9.6,9.7,10.6,10.7,11.3,12.4,10.8,11.5,12.5,13.7,14.5
108041,5.1,5.1,5.9,5.5,6.3,6.8,7.2,7.3,8.0,7.4,7.8,8.1,7.5,7.8,7.8,8.6,9.2,9.1,9.8,9.6,8.9,10.6,11.2,12.5,12.7
108042,6.9,7.2,7.4,7.6,7.9,8.0,8.3,9.1,9.2,8.6,8.8,9.6,9.5,8.7,9.6,10.0,10.2,9.7,11.0,10.9,10.6,11.2,12.2,12.9,12.9
108043,7.7,7.6,7.9,8.7,9.1,9.3,10.0,10.3,10.1,10.0,10.3,11.6,11.1,10.1,10.9,11.5,11.9,12.3,12.8,12.7,12.3,13.5,14.6,14.8,16.0
108044,4.1,4.4,4.3,4.9,5.0,5.7,5.7,6.1,6.6,6.1,6.6,6.5,6.8,6.2,6.7,7.0,7.5,8.2,8.3,8.9,8.2,8.8,9.8,10.1,10.4
108045,5.1,5.4,5.6,5.8,5.9,6.7,6.5,7.1,7.1,6.9,6.9,7.3,7.2,7.1,7.4,7.9,8.0,8.4,8.2,8.7,8.7,9.1,10.1,10.4,10.8
108046,6.4,6.5,7.0,7.2,7.5,8.6,8.8,8.8,9.5,9.0,9.5,10.0,9.7,9.5,9.9,11.4,10.2,11.2,11.0,11.8,11.1,11.7,13.1,13.5,14.0
108047,6.9,6.8,7.5,8.4,8.8,9.6,8.9,9.8,10.7,10.3,10.0,11.2,10.5,10.7,11.2,10.8,12.0,11.8,13.3,13.4,11.6,13.3,14.4,15.1,16.0
108048,5.5,6.0,6.0,6.5,6.4,6.7,7.6,7.8,8.1,7.8,8.5,8.6,8.1,7.6,8.4,8.7,8.9,9.1,9.7,10.3,9.7,10.6,11.6,12.6,12.0
108049,6.6,7.2,7.1,7.0,8.0,8.2,8.6,9.5,9.0,8.5,9.7,9.5,9.3,9.5,9.3,9.4,10.4,10.4,11.0,11.7,10.9,11.5,12.8,13.9,14.1
108050,8.0,8.2,8.8,8.7,9.8,9.6,10.2,10.3,10.8,10.4,11.0,11.5,11.0,10.5,10.7,11.4,11.5,12.8,12.5,13.4,12.4,13.7,12.7,14.6,16.1
108051,6.3,6.3,6.6,6.6,8.2,8.0,8.2,9.2,9.2,9.4,9.4,9.9,9.2,9.3,9.6,9.8,10.3,10.4,11.4,12.1,11.1,12.0,12.7,14.0,14.1
108052,8.0,9.4,8.8,9.7,9.8,10.4,11.1,11.6,11.7,11.2,12.1,12.9,11.6,11.8,12.4,12.8,14.0,14.1,14.2,15.1,13.9,14.3,16.2,17.0,18.3
108053,7.7,8.1,8.4,8.8,9.2,9.6,9.9,10.4,11.7,10.5,10.7,11.3,11.1,9.9,10.4,11.7,11.6,11.9,11.9,13.1,12.4,13.1,14.4,15.2,15.2
108054,4.4,4.5,4.8,4.9,5.5,5.9,6.1,5.7,6.3,6.5,6.5,7.2,6.7,6.6,6.7,7.5,6.8,7.5,8.5,8.9,8.1,8.3,9.4,10.2,11.4
108055,7.4,7.2,7.4,7.6,8.6,8.3,9.0,9.2,10.6,9.4,10.4,10.1,9.6,10.0,10.2,11.0,10.9,10.8,12.6,13.3,11.5,12.6,13.4,14.7,15.2
109001,1.7,2.0,2.5,2.4,2.7,2.6,3.3,3.1,3.4,3.5,3.2,3.6,3.5,3.8,3.3,3.7,4.0,4.3,4.5,5.1,4.7,4.8,5.8,6.0,6.6
109002,4.1,4.8,4.4,4.9,4.7,5.0,5.5,5.9,6.1,5.8,6.5,6.7,6.5,6.5,6.5,6.8,7.4,7.2,8.1,7.8,7.7,8.8,9.0,10.0,10.1
109003,3.4,3.4,3.8,4.4,4.2,4.9,5.2,5.7,5.8,5.4,6.0,6.4,5.8,5.9,6.6,6.5,6.9,7.4,7.6,7.9,7.5,7.9,8.5,9.8,10.2
109004,3.9,4.5,4.4,4.8,5.2,5.3,5.3,5.7,5.9,5.9,6.1,6.7,6.7,6.1,6.6,7.0,7.4,7.9,7.5,7.8,7.2,8.0,8.6,9.8,10.1
109005,5.5,5.3,5.8,6.0,6.1,6.5,7.1,7.3,7.3,6.9,7.4,7.9,7.7,7.3,7.6,7.7,8.0,8.1,8.6,9.3,8.9,9.5,10.2,10.9,12.2
109006,5.3,5.4,5.8,6.0,6.1,7.0,7.0,7.8,8.0,8.0,7.9,8.3,8.1,8.2,8.2,8.6,8.8,9.3,9.9,10.4,9.4,10.8,11.2,12.9,13.2
109007,4.4,4.6,4.5,5.0,5.6,6.0,6.6,6.6,7.2,6.5,7.0,7.7,6.8,6.7,7.1,7.5,7.8,7.9,8.4,9.2,8.0,9.2,9.7,10.5,10.5
109008,4.6,4.7,4.9,5.8,5.7,5.9,6.7,6.4,7.3,6.3,7.5,7.2,6.7,6.7,7.4,7.5,7.6,8.0,8.3,9.2,8.3,8.5,10.5,10.8,11.5
109009,2.6,2.8,3.0,3.3,3.4,4.1,4.3,4.0,3.9,4.4,4.6,4.8,4.4,4.4,4.9,4.7,4.9,5.4,5.4,5.9,5.7,6.4,7.1,7.8,8.0
109010,2.3,2.9,2.8,3.8,3.7,4.1,4.3,4.7,4.9,4.7,5.3,5.3,5.4,4.8,5.3,5.7,6.4,6.3,7.2,7.1,6.7,7.3,8.2,7.9,9.2
109011,3.5,3.6,3.7,4.2,4.4,4.4,4.7,5.0,5.8,4.7,5.3,5.6,5.3,5.3,5.6,5.7,6.1,6.0,6.7,7.2,6.1,7.0,7.8,8.4,9.3
109012,6.4,6.8,8.2,7.8,8.0,8.5,9.3,9.5,10.2,9.3,9.4,10.2,9.6,9.9,9.9,10.8,10.9,10.7,11.9,12.3,11.7,11.8,13.2,14.0,14.8
109013,4.0,4.0,4.3,4.6,4.7,5.2,6.0,6.1,5.8,5.6,5.9,6.4,5.9,6.1,6.1,7.1,7.1,7.5,7.1,8.1,7.1,8.3,8.4,9.7,10.1
109014,4.0,4.0,4.5,5.1,5.1,4.7,5.6,5.7,6.3,5.7,6.2,6.1,6.1,6.2,6.7,6.7,6.6,7.1,7.7,7.7,7.4,8.2,9.2,9.1,9.5
109015,3.4,3.6,3.7,4.1,4.1,4.4,4.3,4.5,5.0,4.4,5.6,4.9,5.3,5.3,5.1,5.6,5.8,6.0,6.9,6.7,6.5,6.6,8.1,8.3,8.9
109016,3.7,4.2,4.2,4.0,4.5,5.1,5.3,5.2,5.8,5.5,6.0,6.4,6.2,5.8,5.8,6.6,7.3,7.4,7.5,7.5,6.9,8.4,9.5,9.1,10.0
109017,3.8,3.9,4.1,5.1,5.3,5.3,5.4,5.9,6.1,5.9,6.2,6.7,6.8,6.5,6.5,6.9,7.7,7.5,7.9,8.3,7.8,8.8,10.5,10.1,10.7
109018,3.9,4.3,4.7,5.1,4.8,5.0,5.1,5.6,6.2,6.0,6.1,6.4,6.6,6.1,6.8,7.2,7.8,7.6,7.9,8.0,7.5,7.7,9.0,9.6,10.7
109019,3.5,3.5,4.2,4.3,4.4,5.1,5.4,5.7,6.1,5.9,5.8,5.9,5.9,6.1,6.6,6.9,7.2,7.5,8.0,8.2,7.6,8.3,8.9,9.6,10.2
109020,4.3,4.8,4.3,4.7,4.9,5.3,6.0,5.7,5.9,6.1,6.1,6.3,6.8,5.9,6.6,6.7,7.2,6.9,7.4,7.6,7.3,8.7,9.0,10.0,10.3
109021,3.1,3.3,3.8,4.0,4.3,5.0,4.7,4.6,5.1,4.6,5.2,5.1,5.2,5.0,5.3,6.1,6.3,6.7,6.7,7.6,6.6,7.7,7.9,8.9,9.1
109022,4.4,4.6,5.0,5.8,5.9,6.1,6.1,6.4,7.2,6.5,6.9,7.5,7.6,6.7,7.2,7.1,8.3,8.3,9.0,9.8,9.0,9.4,10.2,11.2,11.7
109023,3.1,3.4,3.3,3.8,3.6,3.8,4.1,3.9,4.5,4.4,4.8,4.9,4.7,4.4,4.8,5.1,5.7,6.0,5.9,5.6,5.8,6.0,7.2,7.8,7.2
109024,2.7,2.9,3.2,3.6,3.6,4.0,4.2,4.5,4.4,4.7,5.1,4.9,4.7,4.8,4.8,5.7,5.5,5.9,6.4,6.6,6.0,6.9,7.7,8.4,8.6
109025,3.4,3.1,3.4,3.7,3.8,4.3,4.7,4.9,5.0,4.9,5.2,5.4,5.0,4.9,5.4,5.7,6.0,6.5,6.6,7.3,6.2,7.2,7.5,8.5,8.9
109026,2.8,2.5,2.7,2.9,3.0,3.1,3.5,3.6,3.9,3.8,4.0,4.0,3.9,3.7,4.0,4.0,4.5,4.7,4.8,5.0,4.5,5.4,5.9,6.6,6.6
109027,4.6,4.6,5.1,4.9,5.4,5.1,5.7,6.6,6.5,6.6,6.7,6.7,6.8,6.2,6.5,6.9,7.2,8.6,7.9,8.4,8.2,8.4,9.8,10.0,10.8
109028,5.6,6.5,5.9,6.8,6.7,6.9,7.1,8.4,7.9,7.8,8.8,9.0,9.0,7.4,8.4,8.3,8.6,9.5,9.8,9.9,9.7,10.8,11.6,11.8,12.6
109029,3.4,3.5,3.9,4.4,4.2,4.5,4.9,5.0,5.2,5.1,6.1,5.8,5.7,5.8,5.8,6.3,6.3,6.8,7.0,7.1,7.4,8.4,9.0,9.4,9.8
109030,3.2,3.7,3.3,4.3,4.2,4.4,4.8,5.1,5.6,5.1,5.7,5.3,5.2,5.8,6.4,5.7,6.6,6.8,7.3,7.6,6.7,7.3,8.2,9.2,10.0
109031,2.6,3.0,3.5,3.5,3.7,4.0,4.4,4.1,4.6,4.7,4.7,5.2,4.7,5.3,5.3,5.6,5.7,6.2,5.9,6.3,6.4,6.8,7.4,8.5,8.4
109032,3.8,3.7,4.4,4.3,4.4,4.9,5.2,5.9,6.3,5.0,6.1,6.2,6.1,5.6,6.0,6.5,6.5,6.9,7.2,8.0,7.0,7.7,8.7,9.0,9.6
109033,3.2,3.4,3.5,3.5,4.0,4.3,4.2,4.5,4.6,4.6,4.9,5.2,4.9,4.8,5.2,5.2,5.7,5.8,6.7,7.0,6.0,6.9,7.4,8.1,7.8
109034,2.5,2.8,2.8,3.1,3.3,3.6,4.2,4.3,4.4,4.5,5.2,5.0,5.0,4.6,5.2,5.3,6.3,5.9,7.0,7.2,6.7,7.1,8.2,8.5,9.1
109035,3.8,4.3,4.5,5.2,5.0,5.3,5.6,5.7,6.5,6.1,6.4,6.8,6.4,6.2,6.5,6.9,7.3,7.5,8.0,8.3,7.6,8.2,9.0,10.5,10.1
109036,3.8,3.8,4.2,4.9,5.1,5.2,5.7,5.5,6.3,6.0,5.7,6.2,6.6,6.1,6.5,6.5,7.4,7.7,7.8,8.3,8.0,8.3,9.4,9.8,10.1
109037,4.3,5.0,5.3,5.8,5.8,6.3,6.6,6.7,7.4,6.7,7.2,7.5,7.6,6.9,7.5,7.7,8.4,8.8,8.7,9.5,9.0,9.3,10.5,11.0,11.4
109038,5.1,5.2,5.4,6.2,5.9,7.0,6.6,7.3,7.5,7.2,7.2,8.1,7.9,7.8,7.7,8.9,8.8,9.0,9.5,9.6,8.9,10.0,10.9,12.0,12.0
109039,3.8,4.7,4.9,4.5,5.4,5.7,5.8,6.1,6.0,5.9,6.4,7.0,6.7,6.4,6.9,6.9,7.6,7.6,8.1,8.3,8.3,8.6,9.6,10.3,10.2
109040,2.1,2.5,2.5,2.6,2.8,3.2,3.4,3.6,4.1,3.8,3.8,4.1,4.1,4.2,4.4,4.7,5.2,5.1,5.3,5.9,5.0,5.9,6.4,6.7,7.6
110001,2.1,2.6,3.0,2.7,2.9,3.2,3.6,3.5,3.8,3.7,3.8,4.4,4.2,4.1,4.1,4.4,4.4,4.4,5.8,5.6,5.0,5.4,6.1,6.5,7.6
110002,3.1,3.3,3.4,3.8,4.0,3.8,4.1,4.3,4.4,4.3,4.6,4.6,4.9,4.7,4.8,5.1,5.4,5.3,5.6,5.9,5.1,6.1,6.6,7.4,7.5
110003,1.2,1.3,1.5,1.6,1.7,1.9,1.9,2.6,2.3,2.4,2.3,2.7,2.7,2.4,2.9,2.9,3.2,3.0,3.7,3.8,3.3,3.7,4.7,4.9,5.5
110004,1.8,1.6,1.8,2.3,2.2,2.5,2.6,2.8,2.9,3.1,3.2,3.8,3.3,3.2,3.1,3.5,3.6,4.2,4.5,4.5,4.2,4.9,5.1,5.6,6.2
110005,2.3,2.3,2.6,2.7,3.1,3.1,3.5,3.4,3.6,3.7,3.9,4.1,4.0,3.9,4.0,4.4,4.4,4.8,4.7,5.2,5.1,5.5,6.0,6.4,6.6
110006,2.5,2.9,3.2,3.5,3.4,3.7,3.6,4.0,4.3,4.1,4.2,5.0,4.7,4.5,4.7,5.3,5.4,6.4,5.9,6.4,5.9,6.7,7.0,7.8,7.8
110007,2.8,3.5,3.6,3.8,4.0,4.3,4.8,5.1,5.5,5.0,5.3,6.0,5.5,5.3,5.7,6.3,6.5,6.8,7.0,7.6,6.7,7.4,7.9,9.2,9.2
110008,1.1,1.3,1.3,1.4,1.4,1.5,1.5,2.0,1.9,1.9,2.3,2.4,2.3,2.4,2.4,2.7,3.1,2.9,3.4,3.6,3.5,3.3,4.2,4.7,5.3
110009,2.4,2.2,2.7,2.8,2.8,3.1,3.6,3.7,3.7,3.6,4.0,4.1,3.5,3.6,4.2,4.4,4.9,4.8,5.0,5.7,5.0,5.4,6.1,6.9,6.8
110010,1.5,1.6,1.9,2.2,2.0,2.4,2.4,2.5,2.9,2.9,3.2,3.2,3.0,2.9,3.0,3.3,3.6,3.7,3.8,4.2,3.9,4.1,4.9,5.3,5.6
112001,1.2,1.3,1.4,1.7,1.6,1.7,1.9,2.1,2.2,2.2,2.4,2.6,2.3,2.5,2.5,2.6,3.0,3.2,3.5,3.3,3.3,3.4,4.1,4.4,4.7
112002,2.0,2.3,2.4,2.5,2.7,3.1,3.3,3.3,3.3,3.4,3.4,3.6,3.4,3.4,3.7,4.3,4.5,3.9,4.8,4.9,4.1,5.5,5.5,6.9,7.2
112003,2.1,2.2,2.7,2.7,2.8,3.2,3.4,3.4,3.9,3.6,3.7,4.0,4.2,3.8,3.9,4.5,4.7,4.7,4.9,5.2,5.3,6.1,6.1,6.7,6.7
112004,2.6,2.5,2.9,2.9,2.8,3.1,3.5,3.6,3.6,3.7,4.1,4.4,3.7,3.9,4.0,4.7,4.7,4.7,4.8,5.1,4.6,5.6,5.9,6.5,6.7
112005,4.4,4.3,4.8,4.9,5.5,5.7,5.8,6.4,6.6,6.6,6.7,7.2,6.8,6.3,6.7,7.0,7.9,7.7,8.4,8.6,7.8,8.6,9.2,9.4,10.6
112006,3.5,3.7,3.6,4.1,4.1,4.5,4.3,4.9,5.2,5.2,4.9,5.4,5.5,5.4,5.8,5.9,6.3,6.2,6.7,7.1,6.5,7.4,8.0,8.4,8.9
112007,2.2,2.4,2.3,2.7,3.1,3.1,3.1,3.8,3.7,3.3,3.8,3.7,3.8,3.9,4.1,4.3,4.2,4.5,5.0,5.1,4.7,5.3,5.8,5.8,6.8
112008,2.3,2.5,2.7,2.7,3.0,3.4,3.4,4.1,3.9,3.6,3.8,3.8,4.0,3.6,3.8,4.3,4.3,4.7,5.1,5.1,5.4,5.7,6.0,6.0,7.2
112009,3.6,3.3,3.8,3.8,4.0,4.1,4.5,4.8,5.2,4.9,5.3,5.5,5.4,5.3,5.6,5.9,5.8,6.1,6.6,6.7,6.5,6.9,7.7,8.5,8.5
112010,2.4,3.0,3.0,3.5,3.5,3.8,3.7,4.1,4.2,4.1,4.2,4.8,4.3,4.4,4.8,4.7,4.6,5.3,5.1,6.0,5.3,6.2,6.1,7.4,7.1
112011,1.9,2.0,2.0,2.0,2.7,2.5,2.8,3.3,3.5,3.4,3.3,3.5,3.3,3.4,3.3,3.8,3.7,4.1,4.2,5.0,4.3,4.9,5.5,5.8,6.3
112012,2.5,2.7,2.9,2.9,3.0,3.2,3.5,3.9,3.9,3.5,3.6,4.2,4.0,4.0,3.9,4.2,4.4,4.6,4.5,5.2,4.9,5.5,6.0,6.2,6.9
112013,2.7,2.5,2.8,2.8,3.1,3.5,3.7,3.8,4.1,3.9,3.9,4.5,3.9,4.0,4.0,4.1,4.5,4.8,5.2,5.5,5.5,5.3,5.8,6.9,7.0
112014,2.7,3.0,3.2,3.3,3.6,3.8,3.7,4.1,4.3,4.5,4.3,4.3,4.8,4.4,4.4,4.8,5.4,5.3,5.6,6.0,5.7,5.7,7.3,7.2,7.7
112015,3.5,3.1,3.6,3.6,3.8,4.2,4.4,4.7,4.9,4.4,4.9,5.0,4.8,5.0,4.8,5.3,5.6,5.8,6.3,6.2,6.0,6.7,7.1,7.9,8.0
112016,1.6,1.8,1.8,2.1,2.2,2.5,2.6,3.2,3.2,3.0,3.3,3.5,3.5,3.4,3.3,3.8,3.9,4.1,4.3,5.0,4.2,4.9,5.5,6.0,6.7
112017,2.7,3.0,3.0,3.2,3.8,3.8,3.4,4.0,4.3,3.6,4.5,4.4,4.4,4.2,4.4,4.9,4.2,5.0,5.1,5.4,5.4,5.5,6.2,6.3,7.0
112018,3.6,4.0,4.2,4.6,4.5,4.8,5.1,5.1,5.7,5.1,5.8,6.0,5.8,5.6,5.9,6.0,6.5,6.9,7.4,7.3,7.4,7.9,9.0,9.5,9.6
112019,2.8,2.9,3.0,3.5,3.2,3.6,3.5,3.7,4.4,3.9,4.1,4.1,4.5,4.1,3.9,4.3,4.6,4.7,5.0,5.0,4.9,5.9,6.1,7.1,6.8
112020,1.7,1.9,2.0,2.2,2.5,2.6,2.8,2.9,3.1,3.2,3.2,3.2,3.1,3.3,3.3,3.9,4.1,4.0,4.6,4.2,4.2,4.7,5.3,5.6,5.8
112021,1.4,1.6,1.7,1.9,1.9,2.2,2.1,2.4,2.4,2.7,2.8,3.0,2.8,2.9,3.0,3.1,3.3,3.7,3.5,4.1,3.7,4.1,4.4,5.0,5.4
112022,2.5,2.8,3.3,3.2,3.5,3.6,3.7,4.1,4.0,4.0,3.9,4.3,4.2,4.1,4.4,4.4,4.6,5.4,5.3,5.6,4.9,5.5,6.3,6.9,7.5
112023,2.8,2.8,2.9,3.2,3.4,3.7,4.2,4.8,4.4,4.5,4.6,4.8,4.8,5.0,5.0,5.5,5.7,5.9,5.9,7.0,6.3,6.5,7.8,8.3,8.6
112024,3.5,3.9,4.0,4.3,4.4,4.7,5.3,5.0,5.5,5.3,5.9,6.2,5.6,5.4,6.0,6.2,6.5,6.7,7.0,7.4,7.3,7.6,8.0,8.4,9.0
112025,1.1,1.3,1.3,1.3,1.7,1.8,2.2,2.1,2.0,2.0,2.2,2.4,2.7,2.4,2.5,2.7,2.7,3.5,3.4,3.6,3.2,3.7,4.5,4.8,5.2
112026,2.4,2.6,2.8,3.0,3.5,3.3,3.4,3.8,4.3,3.9,4.0,4.1,4.5,4.3,4.7,4.5,4.5,5.2,5.5,5.5,4.8,6.5,6.5,7.0,7.4
112027,2.8,3.1,3.1,3.4,3.5,3.9,4.1,4.3,4.5,4.2,4.9,5.3,4.4,4.4,4.6,4.7,5.2,5.5,5.7,5.4,5.8,5.9,6.3,7.2,7.6
112028,3.4,3.6,4.0,4.2,4.4,4.7,4.7,5.2,5.5,5.1,5.4,5.9,5.7,5.3,5.7,6.4,6.1,6.5,7.1,6.9,6.3,7.3,8.0,9.1,9.0
112029,3.0,3.6,3.5,4.0,4.0,4.2,4.6,5.1,5.6,5.2,5.0,5.7,5.3,5.2,5.5,5.8,5.7,6.3,6.6,6.6,6.6,7.1,8.2,8.8,8.8
112030,2.9,3.2,3.5,3.4,3.7,3.8,3.9,4.1,4.6,4.4,4.1,4.9,4.3,4.1,4.4,5.1,4.9,5.3,5.1,5.5,5.3,6.0,6.3,6.7,7.3
112031,1.8,1.9,2.2,2.3,2.5,2.7,2.6,2.9,3.4,3.3,3.5,3.4,3.6,3.3,3.6,4.2,4.0,4.3,4.4,4.6,4.6,4.9,5.6,5.9,6.3
112032,4.2,4.4,4.6,5.0,4.9,5.3,5.8,6.2,6.0,6.6,6.1,7.0,6.1,6.1,6.6,7.3,7.2,7.6,8.5,8.5,8.0,8.1,9.1,10.0,10.6
112033,3.8,4.0,4.4,4.5,5.1,5.4,5.7,5.9,6.1,6.1,6.0,6.3,6.4,6.4,6.6,7.0,6.8,7.4,7.9,8.1,7.5,7.6,8.8,10.1,10.1
112034,3.3,4.1,4.1,4.3,4.3,4.8,4.9,4.9,5.3,5.2,5.5,5.8,5.5,5.5,5.6,5.7,6.0,5.9,6.3,6.7,6.1,6.8,7.4,8.3,7.6
112035,2.5,2.6,2.9,3.0,3.2,3.3,3.8,3.8,4.2,4.1,4.1,4.3,4.4,4.4,4.7,4.8,5.1,5.2,5.3,6.0,5.9,5.9,7.2,7.5,7.4
112036,1.8,2.0,2.0,2.2,2.4,2.4,2.7,3.0,2.9,2.8,3.2,3.6,3.1,3.1,3.5,3.6,3.3,4.0,4.0,4.4,4.1,4.8,4.4,5.5,6.2
112037,1.3,1.3,1.4,1.7,1.7,2.0,2.3,2.4,2.3,2.4,2.5,2.9,2.5,2.6,2.7,2.6,3.0,3.5,3.2,3.4,3.4,4.0,4.2,4.6,4.4
112038,2.4,2.5,2.3,2.7,2.9,3.2,3.1,3.4,3.4,3.6,3.8,3.9,3.7,3.5,3.8,3.9,4.5,4.4,4.7,5.3,4.4,5.3,5.6,6.5,6.6
112039,2.7,3.0,3.4,3.5,3.9,3.9,4.4,4.7,4.4,4.4,4.7,4.8,4.9,4.6,5.2,4.9,5.4,5.6,5.4,6.2,5.9,6.6,6.6,7.2,7.6
112040,4.6,4.8,5.1,5.4,5.6,5.7,6.3,6.3,6.7,6.4,6.6,7.2,7.4,7.0,7.3,7.8,8.4,8.5,8.9,9.1,8.7,9.5,10.0,11.0,11.3
112041,3.4,4.1,4.0,4.4,4.5,5.1,5.0,5.5,5.8,5.3,5.8,6.3,5.6,5.5,6.1,6.6,6.8,6.5,7.3,7.7,7.2,7.8,8.3,9.3,9.6
112042,2.1,2.0,2.2,2.5,2.5,3.0,3.2,3.3,3.6,3.3,3.4,4.1,3.5,3.6,4.0,4.2,4.4,4.4,4.9,4.9,4.8,5.2,5.8,6.4,6.4
112043,2.4,2.4,2.7,2.7,3.2,3.1,3.4,3.7,3.5,3.7,3.8,4.3,3.8,4.1,4.0,4.2,4.4,4.5,4.8,5.1,4.7,5.5,5.7,6.3,6.4
112044,4.2,4.6,5.0,4.9,5.5,5.6,6.0,6.1,6.5,6.4,6.6,7.3,7.1,7.0,7.5,7.6,7.7,8.6,8.8,8.9,8.7,9.5,10.5,11.1,11.7
112045,2.8,3.4,3.5,3.7,3.6,3.9,3.8,4.7,4.8,4.5,4.9,4.9,5.0,4.6,5.1,5.3,5.6,5.5,6.5,6.5,5.8,6.9,7.1,8.1,8.3
112046,3.4,3.3,3.2,3.6,3.9,4.4,4.2,4.4,4.6,5.0,4.7,5.0,5.1,4.9,5.2,5.7,6.0,6.2,6.1,6.4,6.0,6.7,7.3,7.7,8.3
112047,2.4,2.7,2.7,2.9,2.8,3.3,3.5,3.9,3.7,3.8,3.8,4.3,4.0,4.1,4.0,4.4,4.9,5.1,5.0,5.5,5.2,5.3,6.2,7.0,7.3
112048,3.1,3.4,3.5,3.4,3.6,4.1,4.3,4.5,4.4,4.5,5.2,5.4,4.4,4.9,4.8,5.3,5.8,5.5,5.7,6.0,5.8,6.0,6.8,7.0,7.9
112049,3.3,3.1,3.4,3.5,3.9,3.4,4.1,4.6,4.9,4.6,5.1,4.8,4.9,4.8,4.7,5.4,5.4,5.9,6.1,6.2,5.9,6.7,6.9,8.0,8.6
112050,1.8,2.1,2.3,2.5,2.7,2.6,2.9,3.3,3.6,3.3,3.3,3.9,3.2,3.6,3.8,4.2,4.1,4.3,4.6,5.2,4.5,5.3,5.5,6.0,6.2
112051,2.3,2.3,2.4,2.5,2.7,3.0,3.0,3.2,3.5,3.7,4.0,4.0,3.5,3.8,3.7,4.4,4.3,4.6,5.1,4.8,4.8,5.6,5.8,6.3,7.3
112052,1.6,1.7,1.8,1.9,1.9,1.8,2.2,2.3,2.6,2.6,2.6,2.7,2.6,2.7,2.8,2.9,2.9,3.1,3.4,3.7,3.3,3.3,4.0,4.6,4.4
112053,2.0,2.2,2.2,2.6,2.6,2.9,3.3,3.6,4.2,3.6,4.1,4.1,4.2,4.3,4.5,4.7,5.3,5.0,5.2,6.1,5.4,6.1,6.9,6.9,7.9
112054,3.0,3.5,3.4,3.8,3.9,4.1,4.4,4.6,4.9,4.6,4.5,5.2,4.7,4.8,5.2,4.8,5.5,5.5,6.1,5.7,5.6,6.2,7.4,7.3,7.7
112055,2.6,2.7,2.9,3.1,3.6,3.5,3.7,4.3,4.2,3.8,4.2,4.6,4.2,4.1,4.8,4.7,5.1,5.2,5.4,5.7,5.4,6.0,6.7,7.4,7.5
112056,3.4,3.5,3.8,4.1,4.7,4.9,4.7,5.0,5.3,5.2,5.0,5.8,5.7,5.5,5.7,6.1,6.1,6.8,6.7,7.4,6.6,7.0,8.0,8.7,8.7
112057,2.6,2.8,3.1,3.2,3.4,3.6,3.8,4.4,4.0,4.3,4.1,4.6,4.4,4.4,4.5,4.7,4.8,5.7,5.6,5.8,5.9,6.6,6.7,7.3,8.6
112058,3.5,3.6,3.7,4.1,4.5,4.6,4.7,4.8,5.0,5.2,5.3,5.6,5.2,5.2,5.7,5.9,6.2,6.7,7.1,7.6,6.5,7.3,8.0,8.2,8.9
112059,1.6,1.7,1.8,2.1,2.2,2.5,2.6,2.6,2.9,2.8,2.8,3.2,2.8,2.8,3.1,3.3,3.4,3.6,3.7,3.8,3.7,3.9,4.9,4.7,5.0
112060,2.0,2.3,2.4,2.3,2.7,2.9,3.1,3.1,3.4,3.1,3.3,3.8,3.3,3.6,3.9,4.0,4.5,4.2,4.3,4.8,4.2,4.9,5.5,6.3,5.9
112061,2.6,3.0,3.0,3.2,3.5,3.6,3.4,3.6,4.2,4.1,3.9,4.8,4.3,4.3,4.8,5.1,5.5,5.2,5.8,6.1,5.6,6.2,7.0,6.8,7.5
112062,2.0,2.3,2.0,2.7,2.7,2.6,2.7,3.0,3.0,3.3,3.2,3.7,3.7,3.6,3.5,4.1,4.5,4.7,4.5,5.4,4.5,5.0,5.9,6.0,6.9
112063,3.1,3.0,3.1,3.8,3.5,3.6,4.2,4.6,5.1,4.5,4.7,5.0,4.7,4.6,4.8,4.9,5.7,6.2,6.1,6.3,5.5,6.4,7.5,7.8,7.8
112064,2.7,2.6,2.7,3.0,3.0,3.3,3.6,3.8,4.0,3.6,3.8,4.3,4.3,4.1,4.3,4.9,4.6,4.6,5.4,5.7,4.9,5.7,6.0,6.8,7.6
112065,2.5,2.7,2.8,2.8,3.4,3.5,3.7,4.0,4.2,4.1,4.6,4.9,4.8,4.4,4.6,5.3,5.3,5.8,5.6,6.1,6.0,6.4,7.1,7.3,8.4
112066,3.7,4.0,3.9,4.4,4.6,4.7,4.9,5.4,6.0,5.0,5.6,5.9,5.7,5.3,5.9,6.0,6.3,6.4,7.0,7.1,7.1,7.5,8.4,8.9,9.1
113001,2.9,3.2,3.6,3.7,4.0,4.3,4.7,4.7,4.6,4.8,5.4,5.4,5.2,5.3,5.8,5.5,5.9,6.6,7.0,7.2,6.4,7.2,8.0,8.9,8.8
113002,1.6,1.4,1.8,1.8,2.0,2.1,2.5,2.3,3.0,2.5,2.5,3.1,2.7,2.7,2.9,3.3,3.1,3.8,3.4,3.9,3.7,4.2,4.6,4.8,5.2
113003,3.7,4.1,4.3,4.5,4.8,5.1,5.6,5.5,6.1,5.6,5.8,6.2,5.8,5.4,5.9,6.5,6.6,6.9,6.9,7.5,7.5,8.1,8.5,8.7,9.5
113004,2.0,2.0,2.3,2.5,2.3,2.8,2.8,3.2,3.2,3.2,3.4,3.8,3.7,3.3,3.8,3.6,4.2,4.4,4.7,5.1,4.4,5.1,5.2,6.3,6.5
113005,3.7,3.7,3.6,4.1,4.3,3.9,4.8,5.0,4.9,5.3,5.0,5.4,5.6,5.0,5.6,5.8,5.7,6.0,6.3,6.9,6.0,7.3,8.1,8.5,9.0
113006,1.4,1.4,1.5,1.8,1.7,2.0,2.1,2.3,2.3,2.3,2.4,2.5,2.3,2.3,2.6,2.5,2.5,2.9,3.0,3.8,3.2,3.3,3.7,4.5,5.0
113007,2.2,2.0,2.4,2.6,3.1,3.1,3.3,3.6,3.7,3.6,3.7,4.2,4.0,3.7,4.3,4.6,4.8,5.0,4.9,5.2,5.1,5.6,6.7,7.0,7.3
113008,3.1,3.1,3.2,3.3,3.7,3.8,3.8,4.5,4.1,4.4,4.2,4.5,5.0,4.4,4.7,5.5,5.1,5.6,5.6,6.0,5.2,6.2,6.7,7.1,7.1
113009,3.6,3.8,4.1,4.4,4.2,4.9,4.6,5.2,5.0,5.3,5.8,5.4,5.8,5.7,6.2,5.9,6.5,7.1,6.7,7.1,6.6,7.3,8.0,8.8,9.6
113010,4.0,4.2,4.2,5.0,4.7,5.1,5.3,5.6,6.2,5.6,6.1,6.1,6.3,5.9,6.0,6.4,6.3,7.7,7.6,8.2,7.7,8.1,8.8,9.9,10.4
113011,1.0,1.0,1.0,1.3,1.6,1.6,1.8,1.7,2.0,1.9,2.0,2.3,2.3,2.2,2.0,2.4,2.5,2.7,3.4,3.4,3.0,3.3,3.7,4.4,4.7
113012,5.1,4.9,5.3,5.6,5.6,6.2,6.6,6.7,7.2,6.7,7.0,7.6,7.3,7.0,7.6,7.9,8.0,8.5,9.0,8.9,8.3,9.2,9.8,10.7,11.0
113013,3.4,3.4,4.0,4.1,4.2,4.7,4.5,4.7,5.1,5.0,5.2,5.6,5.6,5.4,5.6,5.8,6.4,6.5,6.9,7.4,6.8,7.2,7.9,9.1,9.6
113014,3.2,3.4,3.8,3.8,4.0,4.1,4.7,4.7,4.8,4.8,5.2,5.9,5.2,5.1,5.6,5.6,6.0,6.4,6.5,7.3,6.4,6.8,7.8,8.5,9.4
113015,2.0,2.4,2.5,2.5,2.6,3.1,3.3,3.4,3.6,3.5,3.7,3.9,3.8,3.5,3.9,4.4,4.4,4.5,4.8,5.4,4.7,5.7,6.0,5.8,6.6
113016,1.5,1.6,1.9,2.1,2.1,2.2,2.5,2.5,2.6,3.0,2.8,2.9,2.9,3.0,3.3,3.3,3.5,3.6,4.0,3.8,3.7,4.3,4.9,5.4,5.5
113017,3.2,3.5,3.6,4.2,4.0,4.5,4.7,5.1,5.9,5.0,5.6,5.6,5.3,5.6,5.3,6.0,6.3,6.7,7.1,7.2,6.5,7.4,8.6,8.9,9.4
113018,4.4,4.8,4.8,5.1,5.3,5.5,5.9,6.1,6.4,6.0,6.4,6.7,6.7,6.2,6.2,6.8,7.2,7.4,7.7,7.6,7.5,7.9,9.1,9.3,9.6
113019,3.5,3.8,3.9,4.4,4.6,4.7,4.9,5.4,5.2,5.4,5.7,5.6,5.9,6.1,6.0,6.5,6.4,7.1,6.9,7.5,7.3,8.3,8.5,9.0,9.5
113020,2.5,3.0,2.8,3.2,3.6,3.7,4.3,4.0,4.5,4.1,4.3,4.9,4.6,4.6,4.6,5.0,5.0,5.5,5.5,6.2,5.9,6.2,7.2,7.4,7.7
113021,3.7,3.9,4.0,4.5,4.7,4.8,5.1,5.2,5.6,5.7,5.4,6.3,6.4,5.9,6.2,6.7,6.7,7.2,7.3,7.6,7.0,7.9,8.7,9.2,9.8
113022,1.3,1.3,1.6,1.7,1.7,1.7,2.0,2.2,2.1,2.5,2.3,2.5,2.5,2.4,2.7,3.1,3.0,3.3,3.6,3.7,3.3,3.8,4.9,5.2,5.3
113023,2.3,2.7,3.0,2.8,3.1,3.6,3.8,4.1,4.1,3.9,4.3,4.4,4.3,4.3,4.4,4.9,5.1,5.4,5.3,6.2,5.7,6.0,6.5,6.9,7.2
113024,2.1,2.2,2.3,2.4,2.8,3.0,3.2,3.7,3.6,3.8,4.3,4.3,4.2,4.1,4.4,4.7,5.0,5.6,5.8,5.8,5.3,6.2,6.6,7.5,7.9
113025,2.1,2.3,2.4,2.4,2.7,2.9,3.0,3.2,3.3,3.1,3.3,3.3,3.5,3.2,3.4,3.6,3.8,4.3,4.1,4.8,4.3,4.3,5.3,5.8,5.9
113026,2.5,2.6,3.0,3.3,3.4,3.5,3.6,4.2,4.4,4.3,4.3,4.7,4.4,4.4,4.8,4.9,4.9,5.8,5.5,5.7,5.7,6.0,7.0,7.3,7.4
114001,2.8,3.4,3.3,3.7,3.8,4.2,4.5,4.7,4.8,4.6,5.0,5.3,5.4,5.2,5.3,5.9,5.8,6.0,6.1,6.5,6.2,6.5,7.5,8.2,8.5
114002,3.0,3.5,3.6,3.6,4.0,4.1,4.7,4.9,5.1,4.8,4.9,5.1,5.3,5.1,5.5,5.9,5.7,6.0,6.5,6.6,6.2,6.6,7.7,8.4,8.3
114003,2.7,2.8,3.3,3.1,3.5,3.8,3.8,4.2,4.1,4.2,4.2,4.6,4.4,4.4,4.1,4.6,5.1,4.9,5.3,5.3,5.5,6.0,5.9,6.9,7.2
114004,2.9,3.0,3.0,3.6,3.4,3.9,4.5,4.1,4.8,4.6,5.0,5.0,4.9,4.8,5.0,5.9,5.6,6.1,6.5,6.6,6.2,6.8,7.3,8.1,8.2
114005,2.9,3.6,3.5,3.2,4.2,4.5,4.2,4.3,4.9,4.7,4.9,4.9,5.3,4.8,5.1,5.5,5.6,5.6,6.3,6.9,6.3,6.5,6.9,8.1,8.1
114006,4.0,3.9,4.4,4.5,4.9,5.1,5.4,5.6,5.9,5.9,5.8,5.9,6.2,6.2,6.3,6.5,6.8,7.3,7.1,7.7,7.1,8.2,9.1,9.0,9.8
114007,3.4,3.5,3.8,4.1,4.4,4.7,4.6,5.0,5.0,5.0,5.0,5.6,5.6,5.0,5.8,6.2,6.0,6.5,7.0,7.2,6.9,7.2,8.1,8.5,9.6
114008,2.5,2.5,2.9,2.9,2.8,3.0,3.4,3.4,3.9,3.3,3.5,3.8,3.5,3.4,3.6,3.8,4.1,4.1,4.2,4.8,4.2,5.2,5.4,5.7,6.0
114009,4.2,3.7,4.3,4.7,4.9,5.0,5.3,5.5,6.2,5.6,6.3,6.8,6.1,5.9,6.5,6.6,7.0,7.2,7.0,7.6,7.6,7.5,8.4,9.9,9.4
114010,3.8,4.1,4.2,4.4,4.5,5.2,5.4,5.3,5.9,5.3,5.4,6.3,6.4,6.0,6.2,6.4,6.9,6.8,7.4,8.2,7.1,7.9,8.4,9.4,9.6
114011,2.4,2.6,2.7,2.7,2.9,3.0,3.1,3.9,3.7,3.3,3.9,3.8,3.9,3.6,3.9,4.4,4.3,4.8,4.6,4.8,4.5,5.2,5.6,6.7,6.6
114012,2.9,3.0,3.1,3.5,3.7,3.5,4.3,4.6,4.6,4.6,4.6,4.6,4.6,4.7,4.7,5.0,4.9,5.1,5.6,6.1,4.9,6.3,6.3,7.2,7.8
114013,2.3,2.3,2.2,2.7,2.5,3.0,3.0,3.0,3.2,3.5,3.8,3.7,3.6,3.3,3.7,3.8,3.9,4.1,4.2,4.7,4.4,4.8,6.1,6.3,6.7
114014,1.1,1.2,1.4,1.6,1.9,1.7,2.0,2.1,2.4,2.6,2.5,2.9,2.4,2.6,2.7,3.2,3.5,3.2,3.2,4.0,3.5,3.8,4.6,4.7,5.6
114015,2.1,2.3,2.3,2.7,2.8,2.7,3.1,3.2,3.3,3.5,3.6,3.7,3.3,3.4,3.7,4.0,4.0,4.6,4.8,5.3,4.6,5.0,5.4,6.5,6.5
114016,2.8,3.3,3.4,3.6,3.9,4.1,3.9,4.3,4.8,4.5,4.7,4.8,4.6,4.7,4.9,5.3,5.8,5.3,5.7,6.2,6.0,6.4,6.7,6.9,7.9
114017,3.9,4.6,4.3,4.6,4.9,5.0,5.8,5.8,5.9,5.9,6.3,7.0,6.1,6.4,6.7,6.8,7.2,7.5,8.1,8.1,7.6,9.0,9.7,10.1,10.1
114018,3.2,3.3,3.5,3.9,3.9,3.9,4.4,4.4,4.7,4.8,4.6,5.0,4.9,5.0,5.0,5.0,5.7,5.7,6.1,6.2,5.9,6.3,7.0,7.7,8.0
114019,3.1,2.9,3.4,3.5,3.8,3.8,4.4,4.3,4.6,4.6,4.7,5.2,5.1,5.0,5.5,5.3,5.7,6.1,6.3,7.0,6.1,6.9,7.5,8.0,8.4
114020,2.5,2.9,2.9,3.4,3.1,3.7,4.0,4.3,4.4,4.2,4.4,4.6,4.0,4.4,4.6,4.7,4.9,5.0,5.8,6.0,5.4,5.4,6.6,6.9,7.4
114021,2.2,2.6,2.4,2.9,2.7,3.0,3.2,3.7,3.9,3.5,3.6,3.8,3.6,3.6,4.0,4.6,4.5,4.8,5.1,5.0,5.0,5.3,5.5,6.0,6.5
114022,3.5,3.9,4.0,4.3,4.4,5.2,5.4,5.3,5.9,5.7,5.6,5.9,5.5,6.1,5.8,5.9,6.4,6.7,7.1,7.1,6.5,7.8,7.9,8.9,9.7
114023,3.0,3.2,3.5,3.9,4.1,4.3,4.3,5.1,5.1,4.9,4.7,5.7,5.4,5.1,5.5,5.7,6.3,6.8,6.8,6.9,6.6,8.1,7.8,8.3,8.8
114024,1.9,1.9,2.1,2.3,2.3,2.6,2.7,3.0,3.0,2.9,2.9,3.2,3.0,2.9,3.2,3.5,3.6,3.7,3.7,3.9,3.7,3.7,5.1,5.4,5.1
114025,2.6,3.0,3.2,3.4,3.7,3.9,4.3,4.5,4.5,4.2,4.6,4.6,4.4,4.6,4.8,5.1,5.1,5.7,5.6,6.1,6.0,6.5,6.7,7.4,7.9
114026,3.2,3.3,3.6,3.7,3.9,3.8,4.3,4.2,4.4,4.3,4.8,4.9,4.6,4.4,4.9,4.6,5.4,5.9,5.8,6.1,5.6,6.1,6.4,7.6,7.9
114027,3.5,3.8,4.1,4.1,4.5,4.5,5.3,5.2,5.2,5.4,5.9,5.7,5.1,5.4,5.8,6.1,6.3,6.7,6.5,6.5,7.1,7.5,8.0,8.8,8.4
114028,4.0,4.2,4.4,4.9,4.8,5.3,5.5,5.5,5.8,5.8,6.4,6.7,5.6,5.7,6.4,6.6,6.9,7.3,7.7,7.6,7.0,8.4,8.9,9.6,10.1
114029,3.9,4.6,4.4,4.4,5.0,4.9,5.8,5.6,6.3,5.7,6.2,6.1,6.5,6.0,6.6,7.2,6.9,7.3,8.1,8.0,7.4,8.5,9.0,9.8,10.4
114030,4.1,4.3,4.8,4.9,5.4,5.2,6.4,6.4,7.0,6.1,6.8,7.1,6.9,7.3,7.2,7.2,7.7,8.6,8.9,9.3,8.2,9.8,9.8,10.3,10.7
114031,3.4,3.4,3.8,3.6,3.9,4.1,4.2,4.2,4.7,4.6,5.0,5.0,4.7,4.4,5.1,5.3,5.4,5.4,5.7,5.9,5.8,6.6,6.9,7.4,7.7
114032,3.0,2.8,3.1,3.2,3.7,3.6,3.7,4.0,4.3,4.1,4.3,4.6,4.5,4.2,4.6,5.2,5.3,5.4,5.6,6.2,5.5,6.1,7.2,7.6,7.9
114033,2.8,2.8,2.8,3.3,3.5,3.7,4.2,4.0,4.0,4.2,4.5,4.9,4.6,4.5,4.7,4.9,5.0,5.2,5.3,5.7,5.5,6.1,6.6,7.0,7.3
114034,2.4,3.0,2.8,3.3,3.2,3.3,3.7,4.2,4.1,4.2,4.3,4.6,4.3,4.1,5.0,5.1,5.0,5.3,6.0,5.9,5.4,6.4,6.4,7.6,8.1
114035,2.0,2.4,2.7,2.7,3.1,3.5,3.4,4.0,3.9,3.8,4.1,4.0,4.0,4.2,4.2,4.7,5.0,5.2,5.3,6.0,5.4,5.6,7.0,7.2,8.2
114036,2.8,3.0,3.5,3.5,3.8,3.8,4.1,4.3,5.0,4.5,4.9,5.2,4.8,5.0,4.9,5.1,5.7,5.6,5.9,6.5,6.0,6.5,6.8,7.8,7.8
114037,2.0,2.3,2.6,2.5,2.8,3.0,3.1,3.1,3.4,3.4,4.1,3.8,3.7,3.6,3.6,4.3,4.2,4.7,5.0,5.4,5.8,5.7,6.7,6.4,6.7
114038,2.8,3.0,3.5,3.2,3.4,4.0,4.3,4.2,5.1,4.4,4.7,4.7,4.9,4.9,5.4,5.7,5.7,5.9,6.0,6.7,6.2,7.1,7.7,8.2,8.3
114039,2.1,2.4,2.5,2.6,3.0,2.9,3.5,3.4,3.9,4.0,4.3,4.2,4.3,3.9,4.1,4.8,4.8,5.6,5.7,5.6,5.7,6.0,7.0,7.5,7.7
114040,2.6,2.6,2.9,3.1,3.6,3.6,3.8,4.1,4.4,4.3,4.1,4.9,4.3,4.6,4.6,4.7,5.2,5.5,5.5,5.7,5.3,5.7,6.5,7.0,7.7
114041,3.0,2.9,3.8,3.7,3.8,3.8,4.4,4.1,4.5,4.7,4.8,4.8,4.8,4.6,4.8,5.4,5.4,5.6,5.8,6.1,6.0,6.3,6.6,7.4,7.9
114042,4.2,4.3,4.6,5.0,5.1,5.6,5.7,5.9,7.0,6.0,6.4,6.1,6.5,6.3,6.5,6.8,7.2,7.5,7.7,8.0,7.8,8.7,9.4,9.4,9.7
114043,2.5,3.1,3.0,3.4,3.5,3.3,3.9,4.4,4.2,4.2,4.4,4.6,4.8,4.6,4.9,4.9,5.2,5.6,5.5,5.9,6.0,6.4,7.3,7.6,7.8
114044,3.9,4.4,4.5,5.0,4.8,5.3,5.7,6.2,6.4,5.8,6.2,6.5,6.1,6.3,6.4,6.9,7.5,7.4,8.0,8.4,7.9,8.5,9.0,9.8,10.1
114045,2.4,2.7,2.6,2.8,2.9,3.1,3.1,3.4,3.5,3.5,3.9,3.8,3.9,3.8,3.6,4.3,4.3,4.6,4.7,5.0,4.7,5.1,5.7,6.3,6.6
114046,2.4,2.4,2.6,2.8,3.2,3.0,3.3,3.6,4.2,3.8,4.0,4.2,4.0,4.1,4.0,4.7,5.2,4.6,5.2,5.5,5.0,5.6,6.5,6.8,7.0
114047,3.5,3.5,3.7,3.8,4.1,4.8,4.7,5.1,5.7,5.2,5.2,6.1,5.5,5.5,5.3,6.6,6.5,7.0,7.0,7.5,7.4,8.1,9.1,9.2,9.4
114048,2.3,2.8,2.7,2.5,2.9,3.1,3.4,3.5,3.4,3.7,3.8,4.2,3.9,3.9,3.9,4.1,4.6,4.6,5.1,5.2,5.0,5.2,5.9,6.8,6.5
114049,2.9,3.1,3.5,3.2,3.5,4.1,4.3,4.3,4.5,4.6,5.0,4.7,4.8,4.3,5.0,5.2,5.5,5.6,5.3,6.1,5.9,6.1,7.2,8.3,7.9
114050,3.0,3.4,3.7,3.6,4.0,3.8,4.5,4.5,4.8,4.8,4.9,4.8,4.8,4.6,4.9,5.1,5.5,5.4,6.6,6.3,5.5,5.9,6.8,7.6,7.3
114051,2.6,2.8,2.7,2.9,3.0,3.2,3.3,3.6,4.2,3.6,4.3,4.1,3.8,3.8,4.0,4.0,4.6,4.6,4.8,5.1,5.2,5.8,6.2,6.6,6.3
114052,1.9,2.1,2.1,2.1,2.6,2.7,2.8,3.0,2.9,2.9,3.1,3.2,3.3,3.2,3.3,3.3,3.6,3.9,4.1,4.3,3.8,4.1,4.8,5.4,6.0
114053,2.7,3.0,3.0,3.3,3.2,3.3,3.7,4.0,4.2,4.3,4.2,4.4,4.5,4.1,4.6,4.9,5.2,5.1,5.3,5.8,5.5,5.5,6.5,7.0,6.9
115001,1.9,2.0,2.3,2.2,2.4,2.6,2.9,3.3,3.1,3.2,3.6,3.3,3.6,3.5,3.4,3.8,4.0,4.3,5.1,4.7,5.0,5.3,5.3,6.1,6.4
115002,3.1,3.7,3.6,4.2,3.8,4.5,4.7,5.0,5.7,5.2,5.2,6.0,6.0,6.0,6.1,6.2,6.9,6.8,7.4,7.4,7.1,8.1,8.7,9.7,10.0
115003,2.6,2.7,3.2,3.0,3.8,3.9,4.3,4.4,5.0,4.6,4.9,5.0,5.1,4.9,5.0,5.6,5.7,6.3,6.3,6.6,6.0,6.3,7.5,8.0,8.4
115004,2.5,2.5,2.7,3.0,3.4,3.3,3.9,3.9,4.3,4.0,4.0,4.0,4.2,4.0,4.8,4.5,4.7,5.6,5.5,5.7,5.2,6.3,6.1,6.6,7.4
115005,2.5,2.6,2.7,2.9,3.4,3.7,3.5,4.0,4.3,3.7,4.2,4.2,4.4,4.1,4.4,4.8,5.4,5.2,5.9,5.9,5.5,6.0,6.7,7.1,7.9
115006,3.6,3.5,4.2,3.8,4.3,5.0,5.1,4.8,4.9,5.2,5.5,5.3,5.5,5.6,5.5,6.1,6.4,6.4,6.2,6.7,6.6,6.8,7.9,8.8,8.8
115007,2.1,2.4,2.6,2.7,2.9,3.1,3.2,3.5,3.7,3.3,3.5,3.8,3.8,3.6,4.0,4.4,4.3,4.5,5.1,5.3,4.8,5.4,5.6,6.3,6.3
115008,2.6,3.0,2.9,3.4,3.4,3.7,3.8,4.1,4.2,4.1,4.7,4.7,4.8,4.2,4.7,5.2,5.2,5.6,6.5,6.7,5.8,6.3,7.3,7.7,8.1
115009,2.7,2.8,2.7,3.2,3.0,3.5,3.7,4.2,4.4,4.3,4.4,4.9,4.6,4.4,4.5,5.3,5.0,5.3,5.6,6.2,5.4,5.9,6.5,7.4,7.3
115010,3.1,3.3,3.3,3.3,3.5,3.8,4.2,3.9,4.8,4.2,4.3,5.1,4.7,5.1,4.6,5.1,5.3,5.8,6.1,6.1,5.6,6.1,7.1,7.4,8.1
115011,2.7,2.8,2.9,3.3,3.3,3.5,3.7,4.3,4.1,4.0,4.3,4.7,4.7,4.3,4.6,4.8,4.7,5.4,5.5,5.6,5.1,5.5,6.5,7.2,7.3
115012,2.2,2.5,2.4,2.6,3.0,3.3,3.3,3.6,3.4,3.6,3.8,3.9,3.7,3.5,4.0,4.5,4.5,4.8,5.2,5.1,4.6,5.5,6.0,6.7,6.8
115013,2.2,2.5,2.8,2.7,3.0,3.0,3.3,3.6,3.7,3.7,4.1,4.1,3.5,3.7,3.9,4.5,4.5,4.5,4.7,4.9,4.7,5.2,6.0,6.8,6.5
115014,2.7,2.8,2.8,3.0,3.4,3.8,4.0,4.2,4.4,4.6,4.5,4.8,4.7,4.5,4.6,5.1,5.1,5.3,5.3,6.5,6.1,6.2,6.8,7.3,8.2
115015,3.3,3.4,3.7,4.1,4.4,4.7,4.7,5.1,5.3,5.2,5.5,5.6,5.9,5.5,5.6,6.0,6.6,6.4,7.2,7.8,7.1,7.7,7.9,9.0,9.6
115016,1.4,1.4,1.8,1.7,1.9,2.1,2.3,2.5,2.8,2.4,2.9,2.8,3.1,2.9,3.0,3.1,3.8,3.4,4.2,4.7,3.9,4.3,4.7,5.2,6.0
115017,4.3,4.7,4.8,5.1,5.4,5.8,6.2,6.9,7.2,6.6,6.9,7.4,7.1,7.3,6.9,7.7,7.7,8.0,8.2,8.5,8.6,9.4,9.4,10.1,10.5
115018,2.4,2.5,2.7,2.9,3.1,3.3,3.7,3.7,4.1,4.1,4.5,4.5,4.1,4.5,4.5,4.6,4.9,5.4,5.3,5.4,5.1,6.0,6.8,7.0,7.7
115019,3.3,3.6,3.7,3.9,4.0,4.1,4.9,4.7,5.0,4.5,5.3,5.4,4.8,5.0,5.4,5.2,5.7,5.9,6.5,6.1,6.0,6.8,7.0,7.4,8.4
115020,2.2,2.1,2.5,2.8,2.7,2.9,3.3,3.5,3.6,3.4,4.1,4.4,3.6,3.6,3.7,4.1,4.3,4.8,4.6,5.0,4.5,5.0,5.5,6.3,6.4
115021,3.4,3.6,3.9,4.3,4.5,4.6,4.9,5.2,5.6,4.9,5.5,6.1,5.6,5.2,5.3,6.2,6.4,6.6,7.4,7.3,6.8,7.0,7.4,9.0,8.9
115022,4.5,4.8,5.0,5.3,5.3,6.0,6.0,6.6,7.2,6.2,6.5,7.2,7.0,7.3,7.0,7.3,8.0,8.0,8.3,8.8,7.9,8.8,9.1,10.2,10.9
115023,1.6,1.6,1.8,1.8,2.1,2.3,2.4,2.7,2.7,2.4,2.6,2.6,2.5,2.6,2.8,2.9,3.2,3.2,3.4,3.6,3.2,3.4,4.1,4.1,4.8
115024,3.8,4.2,4.2,4.1,4.4,4.7,5.3,5.6,5.6,5.5,5.6,6.0,5.8,6.0,6.0,6.1,6.6,7.3,7.8,7.4,6.7,7.7,9.0,9.2,9.8
115025,3.0,3.5,3.3,3.7,3.6,4.1,4.1,4.1,4.2,4.0,4.2,4.4,4.3,4.6,4.8,4.6,4.6,4.8,5.4,5.3,4.5,5.8,5.9,6.6,6.8
115026,1.8,1.9,2.1,2.2,2.4,2.6,2.8,2.9,3.2,3.2,3.1,3.5,3.5,3.3,3.6,3.5,3.9,4.1,4.0,4.3,4.2,4.8,5.0,5.7,6.3
115027,4.1,4.4,4.3,4.9,5.0,6.1,5.6,5.9,6.3,5.8,6.6,6.8,6.7,6.5,6.9,7.0,7.4,7.1,8.2,8.4,7.7,8.9,9.4,10.0,10.3
115028,4.1,4.4,4.6,4.9,4.9,5.6,5.2,5.8,5.8,5.6,5.9,6.3,5.6,5.8,6.4,6.5,6.9,7.1,7.3,7.6,6.9,7.8,8.3,9.0,9.5
115029,1.9,2.2,2.3,2.3,2.8,3.1,3.1,3.1,3.8,3.8,3.7,4.0,4.2,3.6,4.1,4.4,4.7,5.1,5.5,5.4,5.1,5.5,6.1,6.6,6.8
115030,3.1,3.4,3.3,3.6,3.8,4.3,4.2,4.6,4.7,4.3,5.2,5.4,5.2,5.4,5.3,5.3,6.0,5.5,6.1,6.8,6.3,7.0,7.5,8.2,8.2
115031,3.9,4.0,4.2,4.5,4.6,5.0,5.2,5.0,5.3,5.5,5.5,5.5,5.5,5.5,5.7,5.7,6.3,7.0,7.2,7.0,6.5,7.1,7.9,8.5,8.9
115032,2.9,3.0,3.5,3.7,3.5,4.0,4.0,4.2,4.4,4.5,4.6,4.5,4.8,4.8,5.0,4.8,5.5,5.5,5.9,6.2,5.8,6.4,6.5,7.2,7.7
115033,2.4,2.8,3.0,3.0,3.2,3.7,3.8,3.8,3.9,4.1,3.8,4.3,4.2,4.1,4.5,4.4,4.7,4.9,5.6,5.4,5.0,6.0,6.5,6.7,7.1
115034,2.9,2.8,3.1,3.4,3.6,3.7,3.9,4.5,4.0,4.3,4.5,5.0,5.3,5.1,5.3,5.7,5.1,6.0,6.1,6.7,5.8,6.8,7.3,8.0,8.5
115035,3.0,3.0,3.2,3.1,3.3,3.9,4.2,4.5,4.3,4.6,4.3,5.3,4.9,4.8,5.4,5.3,5.6,6.2,6.2,6.6,6.4,7.0,7.3,8.4,8.9
115036,3.3,3.1,3.5,4.1,4.1,4.4,4.3,4.7,5.3,4.5,5.2,5.5,5.2,5.3,5.6,5.6,6.4,6.8,6.5,6.6,6.6,7.1,7.7,8.2,9.2
115037,2.1,2.1,2.1,2.5,2.8,2.8,3.4,3.6,3.8,3.7,3.8,4.2,4.5,3.7,4.3,4.2,4.9,4.6,5.2,5.7,5.2,6.0,6.9,7.4,8.0
115038,2.9,3.1,3.5,3.5,3.9,4.0,4.3,4.3,4.8,4.9,4.6,4.8,4.5,4.5,4.2,4.9,5.1,6.0,5.9,5.8,5.2,5.9,6.7,7.0,8.0
115039,2.0,2.2,2.0,2.4,2.6,2.6,2.9,2.8,3.4,3.4,3.5,3.8,3.7,3.5,3.9,4.0,4.2,4.6,4.7,5.0,5.1,5.3,5.8,6.4,6.6
115040,2.8,3.0,3.0,3.3,3.8,3.7,4.3,4.4,4.5,4.5,4.6,5.1,4.7,4.4,4.7,5.1,5.2,5.6,6.3,5.8,5.9,6.4,7.3,8.1,8.2
115041,3.6,4.5,4.4,4.3,4.7,5.1,4.9,5.4,5.9,6.0,6.1,6.2,5.9,5.9,6.1,6.6,7.1,7.6,7.6,7.9,7.6,8.1,8.4,9.3,9.8
115042,3.6,3.6,4.1,4.2,4.3,4.9,4.7,5.6,5.8,4.8,5.8,6.2,5.7,5.7,6.1,6.4,6.4,7.5,6.7,7.3,6.5,7.5,8.3,9.1,9.0
115043,3.8,3.4,3.3,3.8,4.0,4.5,4.8,5.1,5.6,4.6,5.5,5.5,5.1,4.9,5.8,5.8,6.0,6.4,6.8,7.3,6.6,7.7,8.0,9.0,9.4
115044,2.5,2.7,2.9,2.8,3.2,3.2,3.7,4.2,3.9,4.1,4.3,4.5,4.2,3.9,4.3,4.0,4.2,4.8,5.2,5.2,5.3,5.0,5.9,6.8,6.7
115045,2.9,3.0,3.2,3.5,3.9,4.0,4.3,4.8,4.9,4.6,4.8,5.1,4.6,4.5,5.0,5.7,5.5,5.8,5.6,6.2,5.7,6.7,6.9,8.2,7.7
115046,3.3,3.6,3.9,4.1,4.5,4.4,4.7,4.9,5.4,4.8,5.4,6.0,5.8,5.5,6.1,5.9,6.5,6.7,7.0,7.7,6.6,7.6,8.2,8.7,9.1
115047,3.0,3.5,3.5,3.6,4.0,4.1,4.4,4.7,4.7,4.6,4.8,5.2,4.8,5.0,5.1,5.4,6.2,6.3,6.3,6.9,6.4,7.2,7.4,8.0,8.6
115048,3.2,3.4,3.7,3.9,3.9,4.4,4.4,4.8,5.0,5.0,5.2,5.5,5.4,4.9,5.5,5.4,5.7,6.2,6.2,6.8,6.4,7.0,7.9,7.8,8.4
115049,2.9,3.3,3.0,3.4,3.8,4.2,4.5,4.6,4.6,4.6,4.9,5.4,5.2,5.0,5.5,5.4,5.5,6.0,6.5,6.9,6.5,7.7,7.5,8.7,9.0
115050,2.6,2.9,3.3,3.5,3.4,3.8,4.1,4.2,4.4,4.3,4.5,5.2,4.7,4.4,4.8,4.5,5.3,5.4,5.7,6.3,6.2,6.5,7.4,8.3,8.2
115051,3.5,3.9,3.7,4.0,4.6,4.9,4.9,5.1,4.9,4.9,5.4,5.8,5.7,5.6,5.8,5.7,6.0,6.5,6.7,7.2,6.9,7.4,8.1,8.5,9.1
115052,0.9,0.9,1.1,1.2,1.2,1.3,1.5,1.5,1.6,1.8,1.7,1.8,1.9,1.7,1.7,1.9,2.4,2.3,2.1,2.7,2.3,2.7,3.0,3.5,3.5
115053,2.9,2.8,3.5,3.6,3.7,3.9,4.2,4.4,4.5,4.5,4.5,4.8,4.6,4.7,4.9,5.6,5.6,6.1,6.0,6.2,5.7,6.4,7.5,7.7,7.9
115054,3.4,3.6,4.0,4.1,4.5,4.4,4.7,5.2,5.6,5.3,5.4,6.0,5.7,5.6,5.7,6.3,6.1,6.9,7.1,7.6,7.1,7.8,8.6,8.6,8.9
115055,3.0,3.0,3.4,3.3,3.8,4.0,3.9,4.5,4.7,4.2,5.0,5.2,4.9,4.7,5.4,5.3,5.8,5.5,6.2,6.1,6.1,6.8,7.0,7.8,7.9
115056,2.0,2.3,2.5,2.6,2.8,3.2,3.3,3.4,3.9,3.4,3.8,4.1,3.7,3.3,4.1,4.1,4.6,4.5,4.5,5.4,4.6,5.1,6.1,6.3,6.6
115057,2.2,2.3,2.5,2.7,2.9,3.0,3.1,3.4,3.4,3.5,3.5,3.8,3.4,3.2,3.6,3.7,4.1,4.4,4.6,4.2,4.4,4.8,5.2,5.7,5.6
115058,2.0,1.8,2.0,2.1,2.4,2.9,3.2,3.1,3.4,3.3,3.4,3.6,3.6,3.4,3.6,3.7,3.9,4.3,4.5,5.0,4.4,5.2,5.5,6.4,6.6
115059,2.6,2.9,3.1,2.9,3.2,3.6,3.3,3.7,4.2,3.8,4.0,4.6,4.3,3.9,3.8,5.0,5.0,4.9,5.3,5.9,5.1,5.5,6.8,6.9,7.6
115060,0.8,0.8,0.9,1.2,1.4,1.3,1.5,1.5,1.5,1.5,1.8,2.0,1.9,1.8,2.0,2.2,2.4,2.6,2.5,2.9,2.5,3.0,3.2,3.7,4.1
115061,2.7,2.7,3.4,3.5,3.9,4.0,4.4,4.6,4.8,4.6,4.6,5.1,4.5,4.5,5.1,5.3,5.4,5.5,6.3,6.3,6.1,6.1,6.8,7.9,8.2
115062,2.1,2.4,2.6,2.6,2.8,3.0,3.5,3.5,4.0,3.6,4.0,3.9,3.9,4.1,4.0,4.2,4.9,4.9,5.6,5.5,4.7,5.8,6.2,6.7,6.9
115063,3.1,3.2,3.5,3.8,3.8,4.2,4.2,4.5,4.9,5.0,4.9,4.9,5.2,5.0,5.2,5.1,5.5,6.0,5.9,6.0,6.4,6.5,7.1,8.3,8.1
115064,2.3,2.7,2.7,3.0,3.1,3.3,4.1,4.1,4.0,4.0,4.1,4.4,4.5,4.4,4.7,4.6,4.7,5.1,5.5,6.0,5.2,6.1,6.5,7.1,8.1
115065,3.1,3.2,3.6,4.3,4.2,4.4,5.1,5.2,5.4,5.0,5.1,5.4,5.3,5.0,5.8,5.0,6.0,6.6,6.8,6.9,6.5,7.5,8.4,9.1,9.4
115066,2.9,3.1,3.2,3.2,3.4,3.8,3.7,3.7,4.1,4.3,4.5,4.6,4.1,4.4,5.0,4.9,5.2,5.7,5.4,5.5,5.6,6.4,6.5,7.7,7.2
115067,3.2,3.5,3.4,3.6,3.9,4.3,4.2,4.7,4.6,4.4,4.9,4.9,5.0,4.8,5.3,5.2,5.5,5.4,5.9,6.2,5.8,6.5,7.0,7.2,7.5
115068,1.7,2.1,2.2,2.4,2.4,2.5,2.8,2.9,3.1,3.1,3.1,3.6,3.1,3.3,3.3,3.6,3.8,3.9,3.7,4.4,4.1,4.2,4.9,5.6,5.8
115069,2.4,2.6,3.1,3.3,3.1,3.4,4.0,3.8,4.6,4.3,4.6,5.0,4.4,4.6,4.9,5.0,5.4,5.9,6.1,6.4,5.9,6.5,7.3,7.4,7.6
115070,3.5,3.3,3.5,4.0,4.3,4.6,5.0,4.8,5.3,5.3,5.5,5.6,5.7,5.5,5.5,5.8,6.4,6.4,6.5,7.4,6.8,7.1,7.9,8.4,9.1
115071,2.1,2.0,2.1,2.5,2.7,3.0,2.7,3.3,3.5,3.4,3.2,3.9,3.9,3.7,3.7,4.2,4.2,4.5,4.9,5.1,4.2,5.3,6.0,6.6,7.4
115072,2.8,3.1,2.7,3.4,3.9,3.6,3.8,4.1,4.4,3.9,4.5,4.6,4.3,3.9,4.9,4.6,5.1,5.1,5.4,5.7,5.2,6.1,6.7,7.2,7.4
115073,2.0,2.1,2.5,2.6,2.7,3.0,2.9,3.6,3.6,3.3,3.6,4.0,3.9,4.1,4.1,4.3,4.5,4.8,4.6,5.3,5.0,5.7,5.6,6.7,7.1
115074,2.0,1.9,2.2,2.3,2.3,2.8,2.9,3.3,3.4,3.2,3.0,3.7,3.3,3.3,3.3,3.7,3.9,4.2,4.6,4.7,4.3,5.0,5.6,6.4,6.6
115075,3.7,3.5,3.7,4.3,4.3,4.3,4.9,5.6,5.5,5.3,5.3,5.6,5.8,5.4,5.7,6.2,6.4,7.0,6.7,7.4,7.0,7.6,7.9,8.8,9.5
115076,4.3,4.0,4.4,4.9,4.7,5.4,5.6,5.8,6.1,6.0,6.4,6.6,6.2,6.3,6.3,6.6,6.8,8.2,7.7,8.4,7.2,8.1,9.7,9.2,10.0
115077,2.7,2.8,2.8,3.0,3.0,3.7,3.6,3.7,4.0,3.8,4.0,4.2,4.6,4.2,4.2,4.1,4.6,4.7,4.7,5.3,4.5,5.7,6.3,6.3,6.8
115078,2.1,2.1,2.5,2.7,2.7,3.0,3.0,3.3,3.7,3.3,3.7,3.9,4.1,3.4,4.0,4.2,4.3,4.6,5.0,5.3,4.9,5.6,5.6,6.5,6.7
115079,1.7,1.9,1.9,2.2,2.2,2.6,2.6,2.5,2.7,2.9,2.9,3.4,3.0,3.0,2.9,3.0,3.5,3.8,3.8,3.9,3.9,3.9,4.4,5.2,5.0
115080,2.4,2.5,2.9,2.9,2.8,3.0,3.2,3.5,3.5,3.5,3.6,3.6,3.5,3.6,3.6,4.0,3.8,4.4,4.4,4.7,4.3,5.1,5.1,5.4,5.6
115081,2.9,3.3,3.2,3.6,3.6,3.8,4.4,4.5,4.3,4.6,5.1,4.8,4.9,4.5,4.6,5.0,5.4,5.8,5.9,6.1,6.1,6.3,7.6,8.0,8.1
115082,2.2,2.7,2.8,3.1,3.0,3.4,3.5,3.7,4.0,3.6,3.8,4.0,4.3,3.9,4.3,4.9,5.0,5.3,4.9,5.6,4.8,5.9,6.1,6.7,7.2
115083,3.9,3.7,4.0,4.3,4.5,4.6,5.3,5.8,5.8,5.6,6.0,6.1,6.0,5.7,5.7,6.2,7.1,6.9,7.8,7.7,7.4,7.7,8.1,9.4,9.4
115084,2.3,2.6,2.7,3.2,3.0,3.3,3.6,3.5,4.3,3.8,4.3,4.5,3.9,4.4,4.6,4.6,4.6,5.1,5.9,5.9,5.4,6.2,6.5,6.9,7.7
115085,4.2,4.6,4.5,4.6,5.2,5.0,6.0,6.1,6.1,5.8,6.2,6.9,6.8,6.3,6.6,6.6,7.8,7.3,7.3,8.0,8.0,8.2,9.1,10.7,10.4
115086,3.3,3.3,3.9,3.7,4.4,4.6,4.3,4.6,5.6,5.4,5.7,5.5,5.3,5.1,5.7,5.8,6.0,6.1,6.8,7.1,6.8,7.8,8.2,9.0,8.9
115087,1.6,1.8,2.0,2.0,2.3,2.5,2.5,2.7,3.0,2.8,2.8,3.2,3.0,2.6,3.0,2.9,3.2,3.6,3.7,3.6,3.5,4.0,4.3,4.8,5.1
116001,3.5,3.5,3.6,4.2,4.4,4.8,4.9,4.7,5.2,4.8,5.6,5.8,5.3,5.4,5.5,6.0,6.1,6.5,6.8,7.2,6.4,6.7,8.2,8.7,8.4
116002,1.7,1.8,1.9,1.8,1.9,2.1,2.6,2.7,2.9,3.1,3.3,3.5,3.2,2.8,3.2,3.4,3.6,3.7,4.0,4.3,4.0,4.1,4.9,5.3,5.7
116003,2.9,2.8,3.5,3.7,3.8,4.2,4.6,4.8,4.9,5.0,4.7,5.4,4.8,5.1,5.7,5.7,6.5,6.0,6.9,7.3,6.9,7.1,8.0,8.8,8.8
116004,1.4,1.3,1.5,1.7,1.5,1.9,1.9,2.0,2.4,2.3,2.2,2.5,2.3,2.4,2.6,2.8,2.8,3.1,3.5,3.3,3.1,3.4,4.0,4.4,4.7
116005,2.6,3.0,3.2,3.2,3.7,3.6,3.6,4.3,4.7,4.3,5.0,5.2,5.0,4.7,4.8,5.0,5.6,5.6,5.9,6.4,5.7,6.7,7.3,7.5,8.4
116006,3.8,3.8,4.2,4.3,4.4,4.9,5.0,5.5,5.7,5.4,5.7,6.0,5.9,5.3,6.0,6.6,6.3,7.1,7.2,8.0,6.6,7.4,8.5,8.3,9.4
116007,2.4,2.4,2.6,2.9,2.9,2.8,3.5,3.8,3.9,3.6,3.7,4.1,3.9,3.9,3.8,4.3,4.6,5.4,5.1,5.3,5.0,5.4,5.9,6.3,7.2
116008,2.1,2.4,2.6,2.5,3.0,2.8,3.2,3.6,3.7,3.2,4.0,4.3,4.0,4.1,4.2,4.4,4.3,5.1,5.5,5.4,5.1,5.7,6.2,7.1,7.2
116009,2.1,2.3,2.4,2.5,2.7,2.9,3.0,3.3,3.8,3.2,3.7,3.7,3.9,4.0,3.7,4.2,4.1,4.8,4.7,4.5,4.6,4.7,6.0,6.2,6.7
116010,1.9,2.3,2.2,2.2,2.6,2.7,2.6,3.3,3.1,3.0,3.1,3.4,3.6,3.1,3.1,3.4,4.0,4.1,4.5,4.7,4.0,4.8,5.4,5.8,6.6
116011,1.6,1.7,1.8,1.9,2.1,2.2,2.4,2.4,2.6,2.7,2.9,3.0,2.9,2.9,2.8,3.2,3.3,3.3,3.8,4.1,3.8,3.8,4.7,5.1,5.2
116012,2.3,2.6,2.6,2.8,2.9,3.0,3.0,3.4,3.8,3.7,3.7,4.1,3.4,3.7,4.0,4.2,4.6,4.9,4.8,5.1,4.5,4.9,5.6,6.0,6.8
116013,3.2,3.5,3.6,4.0,4.1,4.4,4.5,4.8,5.2,4.9,5.1,5.7,5.2,5.3,5.5,6.2,6.1,5.8,6.6,6.6,6.6,7.5,7.9,8.6,9.0
116014,2.6,3.1,3.4,3.4,3.8,4.1,4.5,4.6,4.5,5.2,5.0,5.4,4.9,5.2,5.3,5.4,5.7,6.1,6.5,6.9,6.3,7.3,7.7,8.4,8.6
116015,1.9,2.0,2.3,2.4,2.2,2.5,2.6,3.1,3.3,3.1,3.3,3.5,3.2,3.3,3.6,3.8,4.1,4.2,4.2,4.2,4.3,4.4,5.3,5.7,6.1
116016,3.2,3.0,3.5,3.4,3.9,3.8,3.9,4.4,4.8,4.1,4.4,5.0,4.9,4.4,4.9,5.1,5.3,5.5,6.1,6.2,5.6,6.3,7.2,7.4,7.8
116017,2.4,2.9,2.7,3.4,3.5,3.6,3.9,3.9,4.2,4.0,4.4,4.4,4.5,4.5,4.2,4.6,5.0,5.2,5.3,5.8,5.5,5.8,6.3,7.3,7.2
116018,2.8,3.4,3.4,3.4,3.8,4.3,4.5,4.9,5.2,4.7,4.9,5.3,4.9,5.2,5.2,5.6,5.5,6.5,6.6,6.6,6.3,6.7,7.3,8.0,9.4
116019,1.6,1.6,1.7,2.1,2.0,2.3,2.4,2.4,2.5,2.4,2.9,3.1,2.8,2.7,3.2,3.3,3.1,3.6,3.7,3.8,3.8,4.0,4.2,5.1,4.9
116020,2.7,2.8,2.9,3.4,3.5,3.3,4.4,4.4,4.9,4.5,5.0,5.2,5.1,5.0,5.2,5.4,6.0,6.5,6.9,7.1,6.7,7.4,8.3,8.5,9.4
116021,3.8,4.2,4.5,4.8,5.3,4.9,5.1,5.9,6.2,5.9,6.2,6.6,6.3,6.2,6.5,6.7,7.2,7.6,7.8,8.1,7.7,8.6,9.1,10.1,10.4
116022,2.7,2.6,3.2,3.3,3.4,3.7,3.9,4.1,4.1,4.0,4.3,4.5,4.4,4.2,4.2,5.0,5.0,4.9,5.6,6.5,5.6,5.3,6.2,7.2,7.4
116023,2.3,2.5,2.6,2.7,2.8,3.1,3.4,3.5,4.0,3.6,3.6,3.7,3.9,3.8,3.7,4.1,4.6,4.7,5.2,5.2,5.0,5.2,5.9,6.5,6.6
117001,3.4,3.8,3.9,4.1,4.2,4.3,5.1,5.2,5.3,5.0,5.2,5.8,5.5,5.1,5.2,5.8,5.9,6.0,6.7,7.0,6.6,6.8,7.8,8.7,8.7
117002,2.3,2.5,2.5,3.0,3.0,3.4,3.7,3.9,3.9,3.7,4.0,4.3,4.4,3.8,4.3,5.0,4.9,5.5,5.6,5.5,5.8,6.1,6.1,7.3,7.6
117003,2.5,2.7,2.6,3.1,3.1,3.1,3.5,3.8,3.7,3.8,3.8,4.1,3.6,3.9,4.0,4.4,4.1,5.0,5.0,5.3,5.1,5.6,5.7,6.5,6.9
117004,3.3,3.6,3.7,3.7,4.2,4.0,4.2,4.7,4.7,4.9,4.8,5.1,4.8,4.9,4.9,5.5,5.7,5.7,5.8,6.3,5.6,6.5,6.9,7.4,7.8
117005,1.9,1.9,2.2,2.5,2.6,2.7,3.2,2.9,3.4,3.2,3.5,3.7,3.7,3.4,3.8,3.8,3.8,4.6,4.5,4.9,4.3,4.9,5.3,6.1,6.2
117006,2.1,2.4,2.2,2.2,2.5,2.9,2.8,3.0,3.1,3.0,3.4,3.5,3.3,3.5,3.6,3.6,4.3,4.0,4.5,5.0,4.5,4.6,5.2,5.9,5.9
117007,3.6,3.4,3.8,3.8,4.3,4.7,4.9,5.2,5.3,5.4,5.3,5.4,5.5,5.0,5.5,6.3,6.1,5.9,6.2,6.8,5.9,6.5,7.1,8.6,8.4
117008,1.4,1.7,1.8,1.9,2.2,2.3,2.7,2.6,2.7,2.7,2.9,3.1,3.1,3.0,2.7,2.9,3.2,3.6,4.2,4.2,3.9,4.5,4.9,5.6,5.4
117009,2.0,2.6,2.5,2.5,2.9,2.7,3.2,3.2,3.8,3.4,4.0,3.8,3.8,3.9,3.8,4.0,4.4,4.6,4.7,5.1,5.0,5.2,5.8,6.7,6.7
117010,2.7,2.4,2.9,3.1,3.1,3.7,3.2,3.5,3.9,3.7,4.0,4.2,3.8,4.0,4.5,4.5,4.4,5.0,4.7,5.2,4.7,5.1,5.8,6.3,6.5
117011,3.1,3.6,3.2,3.4,3.6,4.1,4.5,4.6,4.9,4.9,5.1,5.1,5.3,5.3,5.7,5.8,6.4,6.3,6.3,7.3,6.2,7.3,7.9,8.7,9.0
117012,3.5,3.4,4.0,4.3,4.4,4.7,4.7,5.2,5.5,5.0,5.1,5.8,5.6,5.1,5.5,5.7,6.3,6.5,6.6,6.9,6.5,7.3,7.3,8.2,8.6
117013,2.3,2.4,2.8,2.4,2.9,3.2,3.3,3.8,4.0,3.9,3.9,4.3,3.9,4.0,4.1,4.7,4.5,5.5,5.7,6.0,5.7,6.1,6.5,7.4,7.2
117014,3.5,3.7,4.1,4.4,4.3,5.1,5.4,5.6,5.7,5.5,6.0,6.5,5.7,6.1,6.2,6.7,6.4,7.2,7.4,7.9,7.9,8.4,9.2,9.4,9.9
117015,2.3,3.0,2.7,3.1,3.2,3.7,3.6,3.9,4.3,4.0,4.1,4.1,4.1,4.2,4.4,4.6,5.1,5.0,5.3,5.6,5.6,6.2,6.2,7.4,7.6
117016,3.6,3.8,4.3,4.2,4.2,4.3,4.7,4.9,5.4,5.0,5.6,5.5,5.2,5.2,5.4,5.7,5.9,6.2,6.2,6.5,6.0,6.7,7.3,8.2,7.9
117017,1.8,1.9,2.0,2.0,2.2,2.4,2.4,2.7,2.9,2.5,2.6,3.0,2.8,2.7,2.8,3.1,3.1,3.5,3.7,3.5,3.3,3.7,4.4,4.7,4.7
117018,1.6,1.7,1.8,2.1,1.9,2.2,2.5,2.5,2.8,2.7,3.0,3.1,2.8,2.9,3.0,3.2,3.6,3.4,3.7,4.0,3.8,4.4,4.7,5.4,5.2
117019,1.8,2.1,2.0,2.3,2.4,2.4,2.4,2.9,3.0,3.2,3.0,3.1,3.2,3.3,3.5,3.5,4.0,3.8,4.5,4.4,4.2,5.2,5.1,5.5,5.8
117020,3.1,2.9,3.3,3.4,3.3,4.1,3.5,4.1,4.4,4.3,4.6,5.0,4.4,4.5,4.7,4.7,4.6,5.2,5.4,5.8,5.0,5.5,6.7,7.1,7.3
117021,3.5,3.5,3.8,4.2,4.7,4.5,4.6,5.0,5.1,5.0,5.6,5.6,5.5,5.4,5.9,5.7,6.4,6.5,7.0,7.2,7.0,7.5,8.1,8.8,9.1
117022,3.6,3.8,4.1,4.2,4.8,5.1,5.1,5.6,5.5,5.6,6.0,6.3,6.3,5.9,6.6,6.7,6.8,7.5,7.2,8.4,7.4,8.0,9.1,10.0,9.9
117023,3.7,3.3,3.7,4.4,4.5,4.3,4.6,5.0,5.2,4.9,5.3,5.9,5.0,5.1,5.5,5.9,6.0,6.5,6.2,6.7,6.6,6.6,7.8,8.4,8.8
117024,2.5,2.6,3.0,3.0,3.7,3.5,3.9,4.1,4.4,4.0,4.2,4.6,4.6,4.3,4.8,5.2,5.1,5.6,6.3,6.2,5.9,5.9,7.1,8.2,8.4
117025,2.1,2.1,2.3,2.4,2.6,2.7,2.9,2.9,3.2,3.4,3.4,3.6,3.1,3.3,3.4,4.0,4.1,4.5,4.7,4.9,4.1,4.8,5.2,5.7,6.2
117026,2.0,2.1,2.4,2.6,2.6,2.7,2.9,3.5,3.3,3.2,3.5,3.7,3.3,3.5,4.0,4.3,4.2,4.6,4.8,5.0,4.6,5.5,6.0,6.2,6.3
117027,2.3,2.3,2.5,2.9,3.3,3.5,3.2,3.9,3.9,3.7,4.0,4.3,3.9,3.9,4.3,4.2,4.3,4.8,5.3,5.4,5.0,5.4,5.9,6.9,6.9
117028,3.4,3.3,3.5,4.1,4.5,4.6,4.8,5.0,5.6,4.8,5.8,5.4,5.4,5.3,5.8,5.9,5.8,6.6,7.0,7.3,6.4,7.4,8.2,8.6,9.6
118001,2.0,2.2,2.1,2.4,2.6,3.0,2.8,3.1,3.3,3.1,3.4,3.1,3.7,3.2,3.5,3.7,4.0,4.0,4.1,4.2,4.2,4.3,5.7,5.6,6.2
118002,2.8,3.1,3.2,3.4,3.7,3.6,4.1,4.4,4.9,4.4,4.7,5.0,4.9,5.2,5.1,5.8,5.5,5.6,6.4,7.1,6.2,6.5,7.8,8.1,8.6
118003,2.3,2.4,2.5,2.6,2.9,2.9,3.2,3.6,3.5,3.7,4.1,4.2,4.1,3.8,4.3,4.4,4.7,4.6,5.2,5.4,5.1,5.1,6.4,7.1,7.1
118004,2.4,2.3,2.4,2.7,3.0,2.9,3.3,3.4,3.7,3.5,3.8,3.9,4.0,3.9,4.2,3.9,4.0,4.4,5.0,4.7,4.9,5.0,5.2,6.1,6.2
118005,2.8,3.2,3.4,3.5,3.7,4.1,4.3,4.9,5.2,4.8,5.3,5.0,5.2,5.1,5.3,5.7,5.7,6.6,6.7,6.9,6.3,7.1,7.8,7.5,8.1
118006,2.6,3.1,3.0,3.2,3.6,3.7,4.2,4.6,4.7,4.6,4.7,5.0,4.9,4.8,5.1,5.6,5.5,6.1,6.0,6.5,5.9,6.5,7.7,8.1,8.3
118007,4.7,4.9,5.1,5.4,5.3,5.8,6.4,6.1,6.8,6.5,6.8,6.7,6.7,6.4,7.4,7.2,7.7,7.6,8.1,8.2,7.9,9.0,9.6,10.0,10.2
118008,5.1,5.1,5.0,5.4,5.7,6.1,6.1,6.6,7.1,6.7,6.8,7.4,7.0,6.8,7.1,7.3,8.2,8.3,8.7,9.3,8.4,9.1,9.5,10.2,10.9
118009,2.8,2.6,2.9,2.9,3.1,3.3,3.5,4.1,4.2,4.3,4.4,4.7,4.1,4.2,4.2,5.1,5.2,5.2,5.2,6.2,5.4,6.1,7.1,6.9,7.6
118010,3.3,3.2,3.4,3.6,3.9,4.3,4.0,4.2,4.6,4.7,4.9,4.9,4.9,5.0,4.7,5.0,5.6,5.8,6.1,6.5,6.5,6.5,7.3,8.0,8.7
118011,2.9,3.1,3.1,3.6,4.0,3.7,3.9,4.1,4.5,4.1,4.8,4.8,4.7,4.5,5.0,5.1,5.5,5.5,5.9,5.9,5.2,6.0,7.2,7.6,7.7
118012,2.5,2.7,2.9,3.2,3.6,3.2,3.9,4.0,4.4,4.1,4.4,4.4,4.2,4.3,4.7,4.4,4.8,4.9,5.5,5.7,5.4,5.9,6.6,7.0,8.1
118013,3.4,3.3,3.7,4.4,4.4,4.3,4.9,5.0,5.3,5.1,5.5,5.8,5.5,5.5,5.9,6.2,6.6,7.1,7.5,7.3,6.8,7.4,8.4,8.7,9.0
118014,2.0,2.1,2.4,2.8,2.8,3.3,3.2,3.3,3.5,3.5,4.0,4.0,3.9,3.7,4.0,4.6,4.5,4.6,5.2,5.2,5.1,5.2,5.7,6.3,6.9
118015,3.2,3.4,4.1,4.3,4.5,4.8,4.4,5.2,5.0,5.2,5.2,5.6,5.5,5.5,5.8,5.7,5.7,6.1,6.6,6.6,6.3,7.1,8.2,8.5,8.9
118016,3.7,3.7,3.7,4.3,4.5,4.6,4.5,5.2,5.2,5.2,5.4,5.5,5.6,5.4,5.4,5.4,5.8,6.0,6.5,6.7,6.4,7.1,7.6,7.9,8.4
118017,2.1,2.3,2.5,3.0,2.8,2.8,2.8,3.5,3.6,3.1,3.5,3.9,3.1,3.3,3.5,3.7,3.8,4.3,4.1,4.7,4.0,4.0,4.9,5.9,5.6
118018,2.5,2.7,3.0,3.3,3.1,3.6,3.5,3.6,4.5,3.6,3.9,4.3,4.5,4.1,4.6,4.6,4.5,5.1,5.0,5.4,5.3,6.0,6.4,6.4,7.1
118019,1.5,1.6,1.9,2.0,2.2,2.3,2.3,2.6,2.8,2.9,3.1,3.3,3.2,3.2,3.2,3.4,3.6,3.9,4.7,4.6,3.8,4.5,4.9,5.4,5.8
118020,3.7,3.7,4.1,4.3,4.4,4.8,5.3,5.2,5.5,5.3,5.7,6.0,6.1,5.7,6.3,6.2,6.6,7.0,7.1,7.4,7.2,7.5,8.4,9.1,9.2
118021,1.7,1.8,2.0,2.1,2.1,2.4,2.7,2.6,3.0,2.8,3.2,3.4,3.1,3.1,3.3,3.9,4.0,4.1,4.4,4.8,4.3,5.2,4.9,5.9,6.4
118022,2.4,2.4,2.7,2.8,3.0,2.9,3.0,3.2,3.3,3.5,3.3,3.5,3.4,3.0,3.1,3.8,4.1,4.1,4.2,4.2,4.0,4.1,4.9,4.9,5.7
118023,2.3,2.6,2.7,2.9,3.0,3.0,3.5,3.6,3.5,3.9,4.0,4.1,4.0,3.9,4.0,4.4,4.1,4.7,4.8,5.3,4.7,5.2,5.9,6.3,6.8
118024,4.1,4.6,4.4,4.8,5.2,5.5,5.6,5.9,6.2,6.2,5.6,6.3,6.6,6.7,6.0,6.5,7.0,7.2,7.4,7.8,7.1,7.8,8.4,9.4,9.5
118025,2.6,2.6,2.6,2.7,3.2,3.5,3.7,4.0,4.3,4.2,4.4,4.4,4.1,4.2,4.3,4.5,4.8,5.1,5.7,5.6,5.6,6.0,6.8,6.9,8.0
118026,2.5,2.9,2.9,2.9,3.1,3.4,3.4,3.6,3.9,3.7,3.9,4.1,4.0,4.4,4.1,4.5,4.6,4.9,4.9,5.3,4.7,5.4,6.0,6.3,6.3
118027,2.4,2.4,2.6,2.8,3.1,3.4,3.6,3.9,4.2,3.8,4.3,4.1,4.1,4.1,4.3,4.5,5.1,5.5,5.6,5.9,5.1,6.0,6.5,7.4,7.6
118028,2.8,2.9,3.0,3.5,3.5,4.0,3.8,4.1,4.7,4.5,4.3,5.2,4.8,4.5,5.0,5.4,5.8,6.0,5.8,6.5,6.1,6.9,7.5,8.2,8.4
118029,2.0,2.1,2.4,2.5,2.7,2.9,3.4,3.7,3.7,3.6,3.8,3.7,4.5,4.1,4.5,3.9,5.0,5.3,5.6,5.7,5.1,6.0,6.5,7.7,7.5
118030,1.5,1.5,1.9,1.9,2.1,2.3,2.4,2.4,2.5,2.4,2.6,2.9,2.8,3.0,2.9,3.3,3.7,3.6,4.0,4.3,4.0,4.3,4.6,5.2,5.3
118031,2.3,2.6,2.7,2.8,3.0,3.7,3.6,3.8,4.4,3.9,4.1,4.1,4.4,4.0,4.6,4.7,5.2,5.4,5.7,5.4,5.4,6.0,7.0,6.9,7.6
118032,1.6,1.7,1.7,1.8,2.0,2.1,2.1,2.4,2.6,2.7,2.6,2.9,2.6,2.7,2.7,3.1,3.2,3.4,3.5,3.7,3.4,4.0,4.1,4.9,5.5
118033,2.4,2.4,2.5,2.7,3.0,2.9,2.9,3.1,3.5,3.5,3.6,3.8,3.7,3.6,3.8,4.1,4.3,4.5,4.9,5.0,4.9,5.1,5.9,6.2,6.6
118034,2.8,3.0,3.7,3.6,4.0,3.8,4.4,4.6,5.1,4.5,4.5,5.0,5.0,4.9,5.4,5.5,5.9,6.0,6.4,6.8,5.7,6.7,7.7,7.4,8.5
118035,3.0,3.3,3.2,3.5,4.1,4.3,4.8,5.3,5.6,4.9,4.7,5.8,5.3,5.6,5.5,6.2,6.3,6.6,7.2,7.3,7.1,7.5,8.6,9.1,9.6
118036,3.3,3.7,3.6,3.9,4.1,4.2,4.3,4.8,4.9,4.7,4.8,5.5,5.5,4.9,5.3,5.7,5.8,6.4,6.9,6.8,6.5,6.3,8.0,7.8,8.4
118037,2.7,2.9,3.0,3.1,3.4,3.6,3.7,3.8,4.6,3.7,4.7,4.7,4.1,4.2,4.5,4.7,4.8,5.3,5.8,6.2,5.6,6.1,6.6,7.5,7.2
118038,2.4,3.0,3.1,3.2,3.4,3.5,4.0,4.0,4.8,4.3,4.5,4.4,4.3,4.1,4.8,4.4,4.8,6.0,5.7,5.8,5.4,6.4,6.5,7.6,7.9
118039,2.8,2.9,3.0,3.3,3.1,3.4,3.9,4.0,4.1,4.0,4.3,4.8,4.5,4.1,4.6,4.8,4.7,5.4,5.8,5.5,5.7,6.1,6.9,6.9,7.6
118040,3.9,4.2,4.2,4.5,5.0,4.7,4.9,5.5,5.7,5.2,5.6,5.9,5.5,5.2,5.6,5.5,6.5,6.9,7.1,7.0,6.6,7.0,7.9,8.4,9.2
118041,3.3,3.5,3.8,4.0,4.4,4.7,4.4,4.8,5.7,4.9,5.3,5.8,5.8,5.5,5.7,5.8,6.0,6.3,6.8,7.5,6.8,7.4,7.9,9.3,9.6
118042,2.4,2.2,2.6,2.9,2.9,3.1,3.4,3.8,3.6,3.6,3.8,3.7,3.8,4.1,4.2,3.8,4.6,4.7,4.8,4.9,4.7,5.3,5.6,6.4,6.3
118043,4.1,4.1,4.7,4.5,5.1,5.2,5.8,5.6,6.2,6.0,6.1,6.5,6.5,6.2,6.2,6.8,6.9,7.6,7.4,8.0,7.5,7.9,8.9,9.4,10.1
118044,3.5,3.2,3.7,4.0,4.1,4.3,4.6,4.8,5.0,5.1,5.2,5.4,5.4,5.2,5.2,6.1,6.2,6.4,6.8,6.9,6.6,7.5,7.7,8.4,8.9
118045,3.4,4.0,3.8,3.9,4.3,4.6,5.2,5.5,5.8,5.0,5.8,5.8,5.3,5.7,6.0,6.1,6.6,6.9,7.0,7.8,7.0,8.1,8.6,8.8,9.7
118046,2.3,2.5,2.7,2.9,3.1,3.2,3.3,3.4,3.9,3.5,3.9,3.9,3.7,3.9,4.2,4.4,4.5,4.7,5.3,5.7,4.9,5.7,6.2,6.6,7.1
118047,3.0,2.9,3.0,3.5,3.7,4.0,4.2,4.6,4.8,4.3,4.9,4.5,4.7,4.7,5.0,5.4,5.3,5.8,5.9,6.5,5.7,6.4,7.1,8.3,8.2
118048,3.7,4.1,4.6,4.6,5.2,5.3,5.8,5.6,6.2,5.9,6.7,6.6,6.2,6.1,6.6,6.7,7.3,7.4,7.7,8.2,7.9,8.0,8.3,9.4,9.7
118049,2.1,2.2,2.5,2.5,3.1,3.1,3.2,3.6,3.8,3.7,3.8,4.0,3.9,3.8,4.4,4.4,4.4,5.0,4.7,5.3,4.7,5.6,5.9,6.6,7.2
118050,2.6,3.1,3.1,3.4,3.2,3.8,4.3,4.2,4.2,4.5,4.3,4.5,4.6,4.6,4.7,4.8,5.1,5.2,5.9,5.7,5.6,5.8,7.1,7.1,7.6
118051,2.0,2.0,2.3,2.2,2.0,2.8,3.1,2.9,3.3,3.2,3.0,3.5,3.2,3.4,3.4,3.6,4.2,4.1,4.5,5.0,4.1,4.8,5.2,6.0,6.2
118052,3.6,3.8,4.0,4.2,4.6,4.8,5.0,5.1,5.7,5.5,5.3,5.9,6.0,5.6,5.9,6.1,6.7,7.2,7.1,7.1,7.1,7.9,8.3,8.8,10.0
118053,3.3,3.3,3.2,3.7,4.1,4.3,4.4,5.0,5.1,4.8,4.9,5.7,5.1,4.8,5.4,5.9,6.0,6.2,7.1,6.8,6.4,7.7,8.5,8.4,8.8
118054,4.5,5.0,5.0,5.2,5.6,5.7,5.9,6.4,6.4,6.4,6.6,6.8,6.8,7.0,7.1,7.3,8.0,7.9,8.2,9.1,8.4,8.6,9.6,9.8,10.9
118056,3.2,3.2,3.3,3.5,4.0,4.3,4.6,4.6,4.5,4.6,4.6,4.9,5.0,4.4,5.0,5.9,5.4,5.7,6.0,6.4,5.6,6.5,7.1,8.1,8.2
118057,1.5,1.9,1.7,2.2,2.2,2.4,2.4,2.8,3.0,2.9,3.1,3.1,3.2,3.0,3.2,3.4,3.8,4.2,4.3,4.4,4.5,4.8,5.2,5.7,6.2
118058,3.4,3.1,3.5,3.3,3.8,4.2,4.5,4.5,4.8,4.5,5.0,5.4,5.1,5.3,5.7,5.9,6.3,6.8,7.1,7.1,6.7,8.1,8.3,8.9,9.2
118059,2.6,2.9,2.9,2.9,3.5,3.4,3.6,3.7,4.1,3.9,4.3,4.0,4.3,4.2,4.5,4.2,4.9,4.8,5.4,5.6,5.5,6.3,6.3,7.2,7.0
118060,2.7,2.6,3.1,3.1,3.4,3.7,4.1,4.0,5.1,4.2,4.5,5.0,5.1,4.9,5.0,4.7,6.2,6.3,6.0,6.7,6.5,6.8,7.8,8.1,8.7
118061,5.3,5.4,5.6,6.6,6.0,6.6,6.6,6.6,7.2,7.1,7.7,7.7,7.5,7.6,7.5,8.1,8.5,8.9,9.2,10.1,8.9,9.8,10.6,10.9,11.5
118063,3.0,3.1,3.3,3.8,4.3,4.2,4.6,4.7,4.9,4.6,5.0,4.9,5.2,5.0,5.0,5.4,5.6,5.7,6.0,6.2,6.2,6.9,7.1,7.6,8.1
118064,3.5,3.9,4.0,4.2,4.5,4.7,5.3,5.2,5.7,5.3,5.4,6.3,5.4,5.2,5.8,6.2,6.6,6.8,7.2,7.9,7.0,7.4,8.6,9.3,9.3
118065,2.6,2.4,3.1,3.2,3.6,3.7,4.0,3.9,4.0,4.2,4.5,4.4,4.4,4.4,4.8,4.8,5.4,5.5,5.8,5.9,5.7,6.1,7.0,8.0,7.8
118066,2.3,2.3,2.7,3.0,3.2,3.1,3.4,3.7,4.0,3.7,3.8,4.5,4.0,3.8,4.3,4.7,4.6,4.5,5.3,5.7,5.1,5.3,6.5,7.4,7.1
118067,3.7,3.9,4.3,4.3,4.5,5.0,5.5,5.8,5.8,5.5,6.0,6.4,6.4,6.0,6.5,7.1,6.9,7.2,7.6,8.2,7.8,7.7,8.9,10.1,10.3
118068,3.4,3.5,3.9,3.8,4.2,4.6,4.8,5.6,5.1,5.1,5.6,5.6,5.7,6.0,6.0,6.2,6.6,7.0,7.0,7.4,7.2,7.5,8.1,8.5,9.4
118069,1.7,1.8,2.0,2.1,2.3,2.5,2.5,2.9,2.7,2.8,2.9,3.3,3.1,3.0,3.1,3.3,3.4,3.6,3.8,4.1,3.7,4.4,5.0,5.2,5.4
118070,4.3,4.6,4.4,5.0,5.5,5.3,5.8,6.0,6.5,6.5,6.3,6.6,6.6,6.2,7.4,6.9,7.6,7.4,8.2,7.8,7.9,8.8,9.3,10.0,9.8
118071,2.6,2.8,3.0,3.2,3.2,3.7,3.9,3.7,4.2,4.3,4.0,4.7,4.4,4.4,4.5,4.6,4.8,5.0,5.3,5.0,5.3,5.6,6.5,6.9,7.6
118072,2.3,2.6,2.9,3.0,3.3,3.5,3.5,3.6,3.9,3.9,4.0,4.1,4.0,4.4,4.3,4.9,5.0,4.8,5.3,5.7,5.2,5.5,6.6,7.1,7.4
119001,3.2,3.4,3.7,3.6,4.2,4.2,4.5,4.5,5.3,5.1,5.1,5.3,4.8,5.3,5.3,5.6,6.0,6.2,7.0,6.8,6.6,7.2,8.4,8.7,9.0
119002,3.3,3.4,3.5,3.3,4.3,3.8,3.9,4.7,5.0,4.6,5.2,5.4,5.2,4.6,5.0,5.2,5.8,5.8,6.1,6.6,5.7,6.9,6.8,7.5,7.9
119003,3.3,3.7,3.8,3.9,4.4,4.6,4.9,5.3,5.5,5.2,5.6,5.9,5.9,5.3,6.0,6.4,6.4,6.9,7.2,7.7,6.9,8.0,7.9,8.9,9.2
119004,5.4,5.3,5.9,5.9,6.5,6.5,7.2,7.1,8.1,7.9,8.0,7.9,8.4,7.6,8.7,8.8,9.0,9.1,9.5,10.1,9.0,10.3,10.7,11.7,12.1
119005,3.1,2.8,3.4,3.1,3.3,3.6,3.9,4.0,4.5,4.3,4.2,4.4,4.0,4.0,4.5,4.3,5.3,4.6,5.2,5.6,5.0,5.9,6.2,6.8,7.3
119006,2.0,2.4,2.6,2.9,2.5,2.8,3.2,3.2,3.2,3.4,3.7,3.6,3.5,3.6,3.4,3.9,4.2,4.4,4.5,4.6,4.2,4.7,5.3,5.6,5.8
119007,2.2,2.3,2.8,3.0,2.8,3.0,3.1,3.8,4.0,3.7,3.9,4.3,4.0,3.6,4.0,4.4,4.7,4.7,5.1,5.3,4.9,5.2,6.3,6.0,6.8
119008,3.1,3.4,3.5,3.6,3.9,4.3,4.7,4.5,5.0,4.9,5.1,5.7,4.9,5.2,5.5,5.7,5.7,6.2,6.0,7.0,6.0,6.6,7.9,8.1,8.0
119009,3.4,3.7,4.2,4.2,4.2,4.8,5.1,5.2,5.5,5.4,6.4,5.9,5.5,5.6,5.7,6.4,6.6,6.3,7.2,7.2,6.9,7.6,8.2,8.6,9.0
119010,3.4,3.7,3.7,4.5,4.0,4.7,5.2,5.2,5.2,5.5,5.2,5.5,5.6,5.4,5.8,6.1,5.6,6.3,6.3,6.8,6.7,7.0,7.8,8.2,8.4
119011,2.9,3.1,3.3,3.5,3.5,4.0,4.3,4.5,4.4,4.5,4.4,5.1,4.9,4.8,4.8,5.5,5.7,5.5,5.8,6.0,6.0,6.2,7.3,7.6,7.8
119012,2.2,2.4,2.7,2.7,3.0,3.1,3.5,3.5,3.7,3.4,3.8,4.4,4.2,4.5,4.4,4.7,4.7,5.0,5.6,6.2,4.9,6.1,6.3,6.8,7.9
119013,2.2,2.8,2.5,2.8,3.3,3.5,3.3,3.5,4.1,4.1,4.3,4.6,4.3,4.2,4.5,4.8,5.0,5.3,5.8,5.7,5.5,6.0,6.9,7.4,7.8
119014,3.0,3.0,3.1,3.3,3.4,3.9,3.9,4.4,4.5,4.3,4.8,4.7,5.0,4.5,4.6,5.0,5.2,5.8,5.7,5.9,5.5,6.8,6.8,7.6,8.0
119015,3.2,3.5,3.7,3.9,4.1,4.2,4.1,4.5,4.8,4.5,5.4,5.0,4.9,4.7,5.7,5.2,5.7,5.7,6.1,6.9,5.8,6.9,7.1,8.0,8.2
119016,4.6,4.9,5.2,5.4,5.6,5.5,6.7,7.1,7.0,6.6,7.1,7.5,7.1,6.8,7.0,7.6,7.5,8.4,8.8,8.8,8.8,9.3,10.1,10.4,10.8
119017,1.9,2.0,2.0,2.5,2.4,2.6,2.8,3.4,3.4,3.5,3.6,3.9,3.5,3.7,4.1,4.4,4.7,4.5,4.7,5.3,4.6,5.7,6.2,7.1,7.4
119018,2.5,2.9,3.0,3.3,3.6,3.7,4.1,4.1,4.1,4.3,4.2,4.4,4.4,4.4,4.7,4.5,5.0,5.5,5.6,5.9,5.4,5.7,6.6,7.2,7.1
119019,2.2,2.7,2.6,2.7,3.2,3.1,3.6,3.7,3.9,3.4,3.8,3.9,3.9,4.1,4.5,4.4,4.6,4.6,5.1,5.5,5.2,5.6,6.6,6.9,7.1
119020,1.9,2.4,2.7,2.4,2.9,3.0,3.1,3.3,3.5,3.5,3.6,4.0,3.9,4.1,3.9,4.2,4.3,4.7,4.7,5.0,4.8,5.5,5.8,6.3,6.9
119021,1.8,2.1,2.2,2.5,2.1,2.7,2.5,2.7,2.7,3.0,3.3,3.4,3.0,3.1,3.1,3.5,3.6,3.8,3.7,4.4,3.8,4.2,4.9,5.1,5.6
119022,2.2,2.3,2.6,2.7,2.8,3.0,3.2,3.6,3.8,3.3,3.6,3.9,3.7,3.7,3.9,4.1,4.4,4.7,5.0,5.3,5.0,5.5,5.8,6.4,6.8
119023,2.4,2.6,2.7,2.8,3.1,3.2,3.6,3.9,4.3,4.3,4.3,4.5,4.2,4.4,4.7,4.7,4.9,5.3,5.5,5.7,5.8,6.4,6.4,7.1,7.8
119024,3.7,3.7,4.1,4.4,4.6,4.9,4.8,5.3,5.6,5.6,5.8,6.2,5.7,5.7,6.3,6.3,6.9,6.5,7.8,7.4,7.3,8.2,8.5,9.2,9.7
