code,2000,2001,2002,2003,2004,2005,2006,2007,2008,2009,2010,2011,2012,2013,2014,2015,2016,2017,2018,2019,2020,2021,2022,2023,2024
IT,8.5,8.6,8.7,8.7,8.8,8.8,8.9,8.9,9.0,9.3,9.4,9.4,9.5,9.5,9.6,9.6,9.7,9.8,9.8,9.9,10.2,10.0,10.1,10.1,10.2
001001,7.9,7.9,7.9,7.9,7.9,8.0,8.2,7.9,8.0,8.4,8.3,8.4,8.5,8.5,8.5,8.5,8.9,8.7,8.9,8.7,8.9,9.0,9.0,9.0,9.2
001002,7.1,6.9,7.2,7.0,6.7,7.0,6.9,7.1,6.9,7.1,7.1,7.1,7.3,7.1,7.4,7.1,7.0,7.2,7.1,7.4,7.1,7.1,7.2,7.1,7.0
001003,9.4,9.5,9.5,9.6,9.4,9.8,9.7,9.5,10.2,10.2,10.2,10.7,10.9,10.9,11.1,11.0,11.2,11.3,11.4,11.2,11.4,11.6,11.8,12.1,11.9
001004,7.8,7.9,8.2,8.1,8.4,8.2,8.3,8.4,8.7,8.9,8.9,9.0,9.0,9.2,9.2,9.2,9.3,9.4,9.6,9.7,9.8,10.0,9.8,9.9,10.2
001006,7.6,7.9,7.6,8.1,8.1,7.9,7.9,7.8,8.2,8.5,8.4,8.5,8.6,8.3,8.5,8.6,8.5,8.6,8.8,8.9,9.1,9.0,8.8,8.7,9.0
001007,7.6,7.7,7.8,7.8,7.6,7.8,8.0,7.7,7.6,8.4,8.3,8.0,8.4,8.6,8.3,8.3,8.5,8.5,8.5,8.6,8.8,8.4,8.7,8.8,8.6
001008,7.7,7.7,7.8,7.8,7.9,7.7,8.0,8.3,8.2,8.3,8.5,8.6,8.9,8.7,9.1,8.9,9.1,9.1,9.1,9.5,9.4,9.4,9.7,9.5,10.0
001009,9.7,10.0,9.8,9.9,10.3,10.1,10.0,10.3,9.9,10.6,10.5,10.6,10.6,11.1,10.6,11.0,11.0,11.2,11.2,11.7,11.4,11.2,11.1,11.4,11.2
001010,6.4,6.2,6.4,6.4,6.3,6.3,6.5,6.3,6.4,6.6,6.6,6.7,6.6,6.7,6.8,6.8,6.7,6.8,6.8,6.8,7.1,6.9,6.8,7.0,6.9
001011,7.9,8.0,8.1,8.0,8.3,8.3,8.5,7.9,8.2,8.4,8.5,8.4,8.6,8.7,8.8,8.7,8.9,8.9,8.9,8.9,9.3,8.9,9.0,9.4,9.2
001012,8.8,8.7,8.7,9.0,8.9,8.8,9.0,9.1,8.8,9.5,9.5,9.2,9.7,9.5,9.5,10.0,9.3,9.8,9.7,9.8,9.8,10.0,9.9,9.5,10.2
001013,8.6,8.9,9.0,8.9,8.8,9.0,9.2,9.2,9.2,9.4,9.6,9.6,9.7,10.2,9.9,10.0,10.2,10.0,10.1,10.5,10.6,10.8,10.6,10.7,10.7
001014,12.0,11.5,11.9,11.9,11.9,12.3,12.1,12.3,12.3,12.4,12.8,12.9,13.0,12.4,12.7,13.2,12.8,12.9,12.8,12.6,13.4,12.6,13.1,13.0,12.8
001015,9.2,9.3,9.3,9.4,9.5,9.3,9.2,9.3,9.3,9.7,9.7,9.7,9.8,9.9,9.7,9.8,9.8,10.1,10.2,9.9,10.6,10.1,9.9,10.2,10.0
001016,7.8,7.7,7.8,7.7,8.0,7.9,8.1,8.3,8.3,8.6,8.6,8.7,8.9,9.0,8.6,8.7,8.8,8.9,8.8,9.1,9.4,9.3,9.6,9.5,9.6
001017,9.3,8.9,9.6,9.4,9.4,9.5,9.9,9.7,9.9,10.1,10.1,10.1,10.1,10.6,10.3,10.8,10.6,10.7,10.8,10.8,10.8,10.8,11.1,10.8,10.9
001018,9.8,9.7,9.9,9.7,9.7,9.8,9.7,9.6,9.6,10.0,9.8,9.6,9.8,9.9,9.7,9.6,9.7,9.8,9.8,9.3,9.9,9.5,9.6,9.4,9.3
001019,8.1,8.2,8.3,8.2,8.2,8.2,8.1,8.2,8.2,8.6,8.6,8.6,8.8,8.8,8.9,8.7,8.8,8.9,8.9,8.9,9.0,9.1,9.5,9.1,9.3
001020,8.9,8.9,9.2,9.0,9.1,9.1,9.5,9.5,9.6,10.1,9.9,10.3,10.0,10.6,10.6,10.6,10.7,10.9,10.9,10.8,11.3,11.5,11.0,11.8,11.6
001021,9.6,9.6,10.0,10.0,10.2,10.4,10.4,10.5,10.2,10.9,10.7,11.4,11.4,11.4,11.3,11.7,12.0,11.6,11.7,11.9,12.3,12.4,12.1,12.7,12.3
001022,8.3,8.0,8.5,8.2,8.4,8.5,8.5,8.7,8.5,8.8,8.9,8.6,8.7,9.0,9.1,9.1,9.2,9.1,9.4,9.4,9.3,9.2,9.3,9.3,9.3
001023,8.5,8.7,8.6,8.5,8.5,8.5,8.6,8.7,8.7,9.1,9.3,9.0,9.1,9.4,9.4,9.3,9.4,9.4,9.5,9.7,9.9,9.9,9.8,10.1,9.9
001024,7.3,7.4,7.2,7.5,7.2,7.5,7.3,7.5,7.3,7.4,7.4,7.3,7.6,7.7,7.5,7.5,7.5,7.7,7.5,7.6,7.7,7.6,7.5,7.6,7.6
001025,8.2,8.2,8.4,8.2,8.6,8.8,8.6,8.8,8.6,9.4,9.6,9.2,9.7,9.4,9.9,9.9,9.9,10.3,10.0,10.4,11.0,10.5,11.1,11.0,11.2
001026,9.4,9.3,9.4,9.5,9.5,9.7,9.4,9.4,9.6,9.9,9.9,10.0,10.2,10.3,10.2,10.5,10.4,10.4,10.5,10.7,11.0,10.8,10.5,11.0,10.8
001027,10.6,10.5,10.5,10.4,11.0,10.6,11.0,10.9,10.8,10.9,11.2,11.0,11.1,11.4,11.8,11.5,11.7,11.9,11.7,11.6,12.0,11.6,11.9,11.7,11.8
001028,10.2,9.8,10.2,10.0,10.1,10.5,10.5,10.2,10.3,10.8,10.4,10.7,11.0,10.8,11.1,11.0,11.1,11.2,10.7,11.1,11.2,11.2,11.6,11.3,11.2
001029,8.9,8.9,8.9,8.9,9.0,9.2,8.8,9.0,9.2,9.5,9.7,9.8,9.9,9.7,9.8,9.8,9.9,10.1,9.9,10.3,10.6,9.8,10.0,10.1,10.2
001030,8.0,7.9,7.8,8.1,8.1,8.0,8.2,8.3,8.2,8.4,8.6,8.3,8.6,8.7,9.1,8.6,8.5,9.1,8.8,8.8,9.3,8.8,8.9,9.2,9.1
001031,10.1,9.7,10.2,10.0,10.1,10.0,10.5,10.5,10.6,10.6,11.1,10.9,11.1,11.0,10.8,10.8,11.5,11.0,11.1,11.6,11.7,11.5,11.3,11.6,11.9
001032,9.2,9.6,10.0,10.0,9.8,9.9,10.2,10.5,10.3,10.9,11.1,11.1,11.3,11.3,11.8,12.0,11.9,12.0,11.7,12.3,12.5,13.2,12.2,12.6,13.0
001033,8.6,8.4,8.6,8.8,8.7,8.8,9.2,9.2,9.4,9.5,9.6,9.8,9.9,10.1,10.1,10.5,10.7,10.6,10.5,10.6,11.2,11.1,11.4,11.5,11.6
001034,8.1,8.0,8.1,8.1,8.2,8.2,8.5,8.5,8.6,8.9,8.9,9.0,8.9,9.3,9.3,9.3,9.1,9.2,9.3,9.6,9.9,9.6,9.6,9.6,9.9
001035,7.8,8.1,8.0,8.1,8.1,8.1,7.9,8.4,8.2,8.4,8.4,8.4,8.6,8.6,8.5,8.8,8.6,8.9,8.7,8.8,9.0,8.7,8.8,8.8,9.0
001036,8.3,8.0,8.2,8.4,8.4,8.5,8.5,8.4,8.6,8.8,9.1,9.0,8.8,9.0,9.0,9.4,9.1,9.3,9.5,9.3,9.9,9.7,9.7,9.5,9.9
001037,10.0,9.8,10.1,10.2,10.3,10.0,10.3,9.8,10.1,10.2,10.6,11.0,10.6,10.4,10.7,11.0,10.7,10.9,10.9,10.5,11.4,10.8,11.0,11.0,11.4
001038,8.6,8.8,8.8,8.9,8.7,9.0,9.1,9.2,9.1,9.6,9.7,9.8,9.8,9.9,10.2,10.5,10.3,10.2,10.7,10.6,11.0,10.5,10.7,11.0,11.1
001039,8.6,8.7,8.7,9.0,9.0,8.7,9.0,9.0,9.1,9.5,9.3,9.3,9.5,9.8,9.7,9.8,9.8,9.6,9.7,9.9,10.1,9.8,9.8,9.6,9.9
001040,10.2,10.1,10.1,10.0,10.1,10.1,10.2,10.7,10.4,10.5,10.8,10.5,10.6,10.9,11.0,10.8,11.1,11.2,11.3,11.2,11.5,11.4,11.3,11.0,11.6
001041,8.0,8.1,8.6,8.3,8.3,8.1,8.3,8.7,8.6,8.6,8.9,8.7,9.1,9.0,9.1,9.0,9.5,9.3,9.1,9.5,9.8,9.4,9.7,9.7,9.7
001042,9.4,9.3,9.0,9.2,9.2,9.1,9.2,9.2,9.3,9.7,9.3,9.6,9.2,9.0,9.4,9.5,9.9,9.3,9.4,9.6,9.7,9.1,9.6,9.1,9.1
001043,7.9,7.7,7.7,8.0,8.1,8.0,8.0,7.9,8.0,8.4,8.3,8.6,8.6,8.5,8.5,8.5,8.8,8.9,8.8,8.9,9.0,9.0,9.0,8.7,9.0
001044,9.1,9.1,9.5,9.3,9.5,9.4,9.6,9.5,9.8,9.8,10.0,9.8,9.7,10.2,10.1,10.2,10.4,10.2,10.4,10.1,10.3,10.4,10.7,10.3,10.7
001045,7.5,7.8,7.7,7.8,7.9,7.8,7.9,8.0,8.0,8.2,8.2,8.3,8.2,8.5,8.6,8.5,8.7,8.8,8.9,8.7,9.0,9.2,9.2,9.2,9.0
001046,8.2,8.4,8.4,8.5,8.7,8.8,8.8,8.6,8.7,8.9,9.0,9.1,9.2,9.6,9.4,9.4,9.5,9.7,9.5,9.7,10.1,9.8,9.6,9.6,10.2
001047,7.9,7.9,7.7,8.0,7.9,7.8,8.1,8.0,8.0,8.4,8.3,8.4,8.4,8.3,8.3,8.4,8.6,8.7,8.6,8.8,8.9,8.7,8.6,8.6,9.0
001048,8.7,9.2,8.9,8.8,9.0,9.2,9.2,9.6,9.5,10.2,9.8,9.6,10.4,10.2,10.4,10.6,10.2,10.3,10.6,10.6,10.8,10.5,10.9,10.9,10.8
001049,8.5,8.6,8.6,8.8,8.7,8.6,8.7,8.9,8.7,9.1,9.4,9.2,9.4,9.4,9.3,9.6,9.7,9.7,9.6,9.8,9.6,10.0,9.8,10.0,10.1
001050,8.7,8.9,9.0,9.1,8.9,8.9,8.9,9.1,9.1,9.2,9.6,9.5,9.6,9.7,9.6,9.6,9.3,9.6,9.8,9.8,10.0,9.8,9.8,9.9,9.9
001051,8.0,8.2,8.2,8.3,8.3,8.5,8.2,8.4,8.5,9.2,9.2,8.7,8.8,9.1,9.3,9.5,9.3,9.2,9.5,9.3,9.9,9.8,9.8,9.8,10.3
001052,8.2,8.1,8.2,8.1,8.2,8.2,8.1,8.1,8.5,8.7,8.5,8.5,8.5,8.6,8.9,8.6,8.7,9.0,8.6,8.9,8.7,8.7,8.9,8.9,8.7
001053,9.0,9.3,9.6,9.5,9.6,9.8,9.6,9.6,10.1,10.1,10.4,10.4,10.4,10.4,10.7,10.7,10.9,10.9,10.8,10.8,11.2,11.0,11.4,11.1,11.1
001054,8.6,8.7,8.8,8.6,8.9,9.3,8.8,9.1,9.3,9.5,9.3,9.4,9.3,9.5,9.4,9.6,9.8,9.5,9.7,9.9,10.4,9.7,10.0,10.1,9.6
001055,8.0,8.2,8.1,8.2,8.5,8.6,8.6,8.5,8.6,8.7,9.0,9.3,9.4,9.2,9.3,9.4,9.6,9.5,9.5,9.8,10.1,9.8,10.2,10.0,10.0
001056,7.9,7.8,8.0,8.0,8.1,8.1,8.3,8.4,8.1,8.6,8.7,8.6,8.9,8.9,8.7,8.9,8.7,9.1,9.0,9.3,9.3,8.9,9.5,9.4,9.3
001057,9.0,9.2,9.0,9.3,9.3,9.2,9.5,9.5,9.6,9.8,9.7,9.9,9.9,10.1,10.5,10.4,10.6,10.3,10.6,10.4,10.9,10.8,10.8,10.9,10.8
001058,8.1,8.3,8.2,8.7,8.5,8.6,8.7,8.6,8.9,9.2,9.3,9.3,9.5,9.4,9.8,9.7,9.8,10.2,9.8,10.3,10.7,10.4,10.5,11.0,10.7
001059,8.1,8.4,8.7,8.7,8.6,8.7,8.5,8.8,8.9,9.2,9.3,9.4,9.5,9.7,9.5,9.4,9.7,9.8,10.1,10.1,10.2,10.7,10.1,10.0,10.8
001060,8.2,8.4,8.5,8.3,8.4,8.6,8.6,8.6,8.9,8.8,9.1,9.3,9.5,9.3,9.4,9.4,9.4,9.5,9.6,9.6,9.9,9.9,10.2,10.1,10.0
001061,11.0,10.5,10.9,11.3,11.4,11.4,11.6,11.3,11.4,12.5,12.3,12.4,12.4,12.7,12.7,13.0,13.6,13.1,13.5,14.1,13.8,13.7,14.4,13.7,14.4
001062,8.9,8.8,8.9,9.0,8.9,8.5,8.8,8.8,9.2,9.4,9.4,9.4,9.4,9.4,9.5,9.6,9.6,9.6,9.8,9.8,9.6,9.9,9.7,9.8,9.4
001063,7.2,7.4,7.4,7.5,7.4,7.5,7.7,7.8,7.7,8.1,8.3,8.0,8.3,8.3,8.4,8.6,8.6,8.9,8.4,8.9,9.2,8.6,8.9,9.0,9.2
001064,8.6,8.7,8.8,8.9,8.8,8.8,9.2,9.4,9.6,9.3,9.5,10.0,9.8,10.0,10.1,10.2,10.4,10.5,10.7,10.5,10.7,10.6,11.0,10.9,11.1
001065,9.9,9.8,9.8,9.6,9.7,10.0,10.1,10.0,10.5,10.5,10.8,10.5,10.3,10.8,10.6,10.6,10.7,10.4,10.7,10.7,11.1,10.9,10.6,11.0,10.6
001066,8.3,8.4,8.4,8.5,8.4,8.7,8.6,8.6,8.4,9.0,8.7,8.9,9.1,9.0,9.2,9.1,9.2,9.3,9.2,9.5,9.6,9.7,9.5,9.7,9.7
001067,8.4,8.5,8.7,8.5,8.4,9.1,9.0,9.2,9.1,9.7,9.5,9.2,9.4,9.7,9.5,9.5,9.7,9.8,10.0,9.8,10.2,10.3,10.1,10.1,10.4
001068,7.5,7.4,7.5,7.6,7.7,7.6,7.7,7.7,7.9,7.9,8.0,8.2,8.3,8.5,8.3,8.0,8.3,8.4,8.7,8.6,8.8,9.0,8.7,8.8,8.9
001069,7.5,7.8,7.6,7.7,7.9,7.6,8.2,7.9,8.1,8.1,8.3,8.4,8.2,8.6,8.6,8.5,8.7,8.9,8.9,8.8,9.2,9.1,9.2,8.9,9.2
001070,9.3,9.9,9.9,9.8,10.2,10.1,10.2,10.6,10.4,10.7,11.0,11.2,10.9,11.6,11.7,11.6,11.7,11.6,12.0,12.2,12.7,12.5,12.6,12.5,12.8
001071,8.5,8.5,8.6,8.6,8.9,9.0,8.6,9.0,8.9,9.2,9.3,9.0,8.8,9.2,9.3,9.4,9.4,9.5,9.5,9.3,9.7,9.5,9.4,9.7,9.4
001072,7.6,7.8,7.7,7.6,7.7,7.6,7.7,7.9,7.9,8.1,8.0,8.3,8.0,8.2,8.3,8.3,8.3,8.6,8.4,8.2,8.7,8.4,8.6,8.6,8.8
001073,7.4,7.4,7.4,7.7,7.6,7.4,7.8,8.0,8.0,8.1,8.2,8.7,8.5,8.9,8.7,8.9,9.2,9.0,9.0,9.3,9.7,9.8,9.5,10.1,9.8
001074,9.1,9.3,9.3,9.6,9.5,9.4,9.7,9.8,9.8,10.1,10.1,10.0,10.5,10.2,10.5,10.5,10.2,10.8,10.3,10.8,11.0,10.9,11.2,11.2,10.7
001075,7.1,7.5,7.4,7.6,7.5,7.7,7.8,7.9,8.1,8.1,8.5,8.5,8.8,8.7,8.7,9.1,8.8,9.0,9.3,9.4,9.5,9.8,9.7,10.1,9.8
001076,8.4,8.3,8.2,8.4,8.6,8.4,8.4,8.2,8.3,8.6,8.8,8.8,8.9,8.7,8.7,8.9,8.7,8.7,8.7,8.8,9.1,8.9,9.1,9.1,9.0
001077,9.3,9.4,9.1,9.5,9.4,9.6,9.4,9.6,9.2,9.6,9.8,9.5,9.6,9.8,10.0,9.7,9.5,9.8,9.5,9.6,10.0,9.9,10.0,9.7,9.7
001078,6.9,6.9,6.8,7.1,7.1,7.0,7.3,7.3,7.4,7.3,7.5,7.7,7.5,7.8,7.9,7.7,7.8,8.0,8.2,8.1,8.2,8.2,8.2,8.1,8.3
001079,8.5,8.6,8.6,8.7,8.9,9.0,9.0,9.0,9.0,9.0,9.1,9.6,9.4,9.3,9.6,9.6,9.6,9.8,9.7,9.7,10.1,9.7,9.9,10.1,10.2
001080,8.6,8.2,8.4,8.5,8.6,8.6,8.6,8.5,8.6,8.8,9.1,9.0,9.2,9.3,9.0,9.1,9.2,9.4,9.5,9.5,9.6,9.8,9.7,9.5,9.6
001081,8.7,8.3,8.6,8.8,8.8,8.9,9.0,9.2,9.1,9.5,9.6,9.7,9.9,9.8,9.8,10.3,10.2,10.2,10.1,10.4,10.7,10.7,10.5,10.9,11.2
001082,8.8,8.9,8.9,9.0,8.8,9.1,9.0,9.3,9.4,9.5,9.9,9.9,9.8,9.7,9.9,10.3,10.1,10.2,10.1,10.5,10.7,10.5,10.7,10.8,10.8
001083,7.0,7.2,7.2,7.2,7.1,7.3,7.3,7.4,7.1,7.4,7.4,7.5,7.5,7.4,7.7,7.6,7.7,7.4,7.5,7.7,7.8,7.5,7.7,7.8,7.8
001084,8.9,8.8,8.9,9.2,9.2,9.2,9.5,9.7,9.6,10.2,10.0,10.2,10.4,10.6,10.5,10.4,11.0,11.4,11.4,11.2,11.7,11.6,11.6,12.3,12.0
001085,7.2,7.2,7.2,7.3,7.2,7.3,7.4,7.6,7.4,7.7,7.6,7.8,7.9,8.0,7.8,7.9,8.0,8.1,8.0,8.3,8.2,8.2,8.1,8.2,8.3
001086,11.2,11.1,11.3,10.9,11.6,11.6,11.4,11.6,11.8,11.9,11.9,12.2,12.1,12.5,12.6,12.7,12.5,12.4,12.8,12.8,13.0,13.1,13.5,13.1,13.4
001087,8.0,7.7,7.9,7.9,7.7,7.8,7.8,8.2,8.2,8.1,8.4,8.7,8.5,8.7,8.8,8.7,8.9,8.9,9.0,9.0,9.2,9.1,9.1,9.1,9.5
001088,9.0,8.8,9.0,9.0,9.2,9.1,9.2,9.5,9.6,9.8,9.8,9.6,9.9,9.9,9.4,9.9,10.0,10.0,10.0,10.2,10.7,10.2,10.3,10.5,10.5
001089,8.6,9.1,8.7,8.9,9.0,9.2,9.0,9.4,9.3,9.5,9.8,9.7,10.0,10.1,10.1,10.2,10.1,9.8,10.2,10.3,10.6,10.5,11.0,10.8,10.9
001090,7.5,7.8,7.6,7.7,7.7,7.5,7.7,7.7,7.9,8.1,8.4,8.3,8.1,8.1,8.2,8.1,8.2,8.4,8.4,8.7,8.2,8.3,8.5,8.6,8.4
001091,8.3,8.1,8.4,8.4,8.6,8.7,8.7,8.9,8.7,9.2,9.4,9.3,9.7,9.5,9.9,9.8,9.4,10.2,10.4,10.3,10.9,10.2,10.3,10.6,10.7
001092,9.1,9.5,9.7,9.8,9.8,9.8,9.8,10.1,10.3,10.6,10.7,10.7,10.7,10.6,10.7,11.0,11.3,11.4,11.2,11.8,11.7,11.5,11.9,12.5,12.1
001093,9.7,9.6,9.5,9.8,9.5,9.9,10.1,9.8,10.1,10.5,10.5,10.6,10.7,10.7,10.8,10.7,11.1,10.9,10.9,11.3,11.5,11.2,11.8,11.3,11.9
001094,9.3,10.0,9.8,10.1,10.4,10.7,10.7,10.9,10.9,11.5,11.9,11.8,12.5,12.8,12.8,13.6,13.7,13.4,14.0,14.3,15.3,15.2,14.7,15.2,15.3
001095,7.6,8.1,7.7,7.8,7.9,8.0,8.3,8.1,8.0,8.7,8.5,8.5,8.7,8.7,8.7,8.9,9.2,8.9,9.1,9.2,9.2,9.6,9.5,9.4,9.3
001096,8.7,8.7,8.6,8.9,9.2,9.4,9.0,9.3,9.2,10.1,10.3,10.3,10.4,10.3,10.4,10.5,10.6,10.9,10.9,10.8,11.5,11.6,11.5,11.5,11.8
001097,7.8,7.6,7.7,7.7,7.9,7.9,8.0,8.0,7.9,8.0,8.0,8.2,8.3,8.3,8.6,8.5,8.4,8.3,8.4,8.3,8.9,8.5,8.6,8.5,8.7
001098,9.1,9.5,9.3,9.5,9.3,9.7,9.6,9.7,9.8,10.5,10.3,10.4,10.2,10.3,10.4,10.6,10.7,10.7,11.0,11.0,11.4,11.5,11.2,11.3,11.6
001099,7.7,7.6,7.8,7.9,7.8,8.1,8.1,8.1,7.8,8.4,8.5,8.5,8.5,8.5,8.8,8.7,8.7,8.8,8.7,8.8,9.2,9.0,9.2,9.2,9.0
001100,7.7,7.9,7.7,8.0,8.1,8.1,8.2,8.2,8.3,8.6,8.6,8.9,8.6,9.1,8.9,9.1,9.2,9.0,9.4,9.8,9.4,9.4,9.6,9.6,10.0
001101,7.8,7.9,8.1,8.1,8.0,8.3,8.2,8.4,8.2,8.6,8.8,8.8,8.9,9.0,9.1,9.2,9.4,9.3,9.4,9.4,9.7,9.6,9.8,9.6,9.7
001102,6.8,6.8,7.1,7.1,7.2,7.2,7.2,7.4,7.5,7.8,7.6,7.8,7.9,8.0,8.0,8.3,8.4,8.5,8.6,8.4,9.0,9.0,9.0,9.1,9.0
001103,8.9,9.0,9.3,9.0,9.3,9.3,9.6,9.6,9.9,10.1,10.1,10.5,10.5,10.5,10.4,10.8,10.8,11.2,11.1,11.3,11.9,11.5,11.5,11.7,11.6
001104,9.0,9.2,9.3,9.5,9.7,9.4,9.7,9.8,9.6,10.1,10.1,10.3,10.3,10.9,10.4,10.8,10.9,10.9,10.8,11.1,11.6,11.4,11.6,11.5,11.6
001105,8.9,9.0,9.1,9.3,9.5,9.7,9.7,9.5,9.6,10.1,10.1,10.5,10.3,10.5,10.4,10.7,10.8,10.7,10.7,11.2,11.3,11.0,11.2,11.5,11.5
001106,8.7,8.5,8.8,8.8,9.1,8.8,8.9,8.9,9.1,9.4,9.5,9.7,9.5,9.4,9.6,9.6,10.0,9.5,9.7,10.0,10.0,10.1,10.4,10.1,10.2
001107,8.7,8.7,8.9,8.9,8.9,8.9,8.8,8.6,8.7,9.3,9.3,9.3,9.5,9.7,9.5,9.6,9.7,9.7,9.9,10.1,10.3,10.1,9.8,10.2,10.0
001108,8.4,8.4,8.5,8.2,8.5,8.6,8.6,8.7,8.6,8.9,9.1,8.9,8.9,8.8,9.2,9.2,9.3,9.5,9.5,9.5,9.6,9.5,9.2,9.6,9.4
001109,8.3,8.3,8.3,8.5,8.3,8.5,8.6,8.2,8.4,8.8,8.7,8.4,8.5,8.6,8.5,8.6,8.3,8.5,8.4,8.5,8.9,8.4,8.4,8.6,8.5
001110,8.4,8.2,8.5,8.5,8.7,8.8,8.9,9.0,8.8,9.2,9.2,9.5,9.7,9.6,9.9,9.9,10.1,10.4,10.6,10.0,10.6,10.5,10.7,11.1,10.8
001111,8.3,8.3,8.3,8.3,8.3,8.6,8.7,8.5,8.6,8.8,8.8,8.7,9.0,9.0,8.9,9.1,9.0,9.1,9.2,9.2,9.4,9.1,9.3,9.4,9.4
001112,8.3,8.5,8.7,8.9,8.6,8.9,8.7,8.8,8.8,9.1,8.9,9.3,9.2,9.3,9.4,9.5,9.2,9.4,9.2,9.3,9.5,9.7,9.5,9.3,9.5
001113,8.9,8.9,9.0,8.9,9.0,9.2,9.2,9.1,9.4,9.8,9.7,9.7,10.0,9.9,9.8,10.2,10.1,10.1,10.3,10.0,10.8,10.5,10.9,10.9,10.9
001114,9.0,9.1,9.5,9.5,9.4,9.5,9.4,9.5,9.5,10.2,10.0,10.2,10.4,10.2,10.3,10.4,11.1,10.8,10.5,10.5,11.3,11.5,10.9,11.3,11.1
001115,7.8,7.9,8.1,8.0,7.9,8.1,8.1,8.0,8.2,8.6,8.5,8.6,8.4,8.7,8.8,8.8,8.7,8.5,8.8,9.0,9.1,8.7,9.1,8.8,9.2
001116,7.2,7.2,7.1,7.2,7.2,7.4,7.5,7.6,7.4,7.8,7.6,7.6,7.9,7.7,7.8,7.7,7.8,8.0,8.1,8.1,8.3,8.1,8.3,8.4,8.4
001117,10.3,10.5,10.2,10.6,10.7,10.5,10.7,10.9,10.9,11.4,11.0,11.3,11.6,11.4,11.2,11.4,11.3,11.7,11.8,11.9,11.9,11.8,11.9,11.9,12.0
001118,6.6,6.8,6.6,6.7,6.7,6.7,6.7,6.7,6.9,6.8,6.8,7.0,6.8,6.9,6.9,6.9,6.9,6.9,7.0,7.0,7.1,7.1,6.9,7.1,6.9
001119,8.4,8.2,8.6,8.9,8.6,8.7,8.8,8.8,8.8,9.2,9.4,9.6,9.6,9.8,9.6,9.8,9.8,10.0,10.0,10.0,10.6,10.4,10.5,10.6,10.5
001120,10.1,10.0,10.0,10.2,10.0,10.2,10.5,10.5,10.2,11.1,11.1,11.0,11.0,11.1,11.3,11.0,11.1,11.4,11.5,11.4,11.7,11.4,11.5,11.6,11.8
001121,9.0,8.7,9.0,8.9,8.7,9.2,8.8,9.4,8.9,9.4,9.1,9.4,9.8,9.5,9.5,9.4,9.6,9.8,9.7,9.9,9.9,9.8,9.9,9.6,9.8
001122,9.1,9.4,9.2,9.0,9.1,9.1,9.2,9.4,9.4,9.1,9.4,9.3,9.6,9.5,9.3,9.6,9.2,9.2,9.4,9.4,9.7,9.4,9.6,9.3,9.1
001123,9.3,9.5,9.5,9.5,9.6,9.8,9.7,10.0,9.9,10.3,10.5,10.6,10.9,10.6,10.7,10.8,11.1,10.8,11.2,11.1,11.2,11.1,11.4,11.5,11.3
001124,8.5,8.5,8.6,8.9,8.9,8.8,9.1,9.2,9.2,9.8,9.6,9.6,9.8,10.0,9.8,9.9,10.5,10.3,10.7,10.8,11.0,10.9,10.8,11.4,11.4
001125,8.1,8.6,8.1,8.3,8.4,8.2,8.4,8.4,8.6,8.9,8.7,8.7,8.9,9.2,9.0,9.1,9.0,8.9,8.9,9.1,9.2,9.3,9.1,9.4,9.3
001126,6.9,7.0,7.0,7.1,7.3,7.1,7.2,7.4,7.2,7.7,7.6,7.8,7.9,7.8,7.9,7.9,7.9,8.1,8.0,8.2,8.5,8.3,8.4,8.6,8.4
001127,8.4,8.5,8.6,8.5,8.6,8.7,8.6,8.8,8.7,8.8,9.0,9.1,9.0,9.0,9.1,9.0,9.1,9.2,9.0,9.4,9.5,9.1,9.4,9.5,9.3
001128,8.6,8.8,8.6,8.8,8.6,8.7,8.8,8.8,9.3,9.4,9.8,9.5,9.7,9.8,9.7,10.0,10.1,9.7,10.2,10.2,10.3,10.4,10.7,10.5,10.5
001129,8.0,8.0,7.9,8.2,8.1,8.4,8.2,8.8,8.5,9.0,9.2,9.1,9.0,9.4,9.2,9.2,9.6,9.7,10.0,10.0,10.4,10.2,10.3,10.2,10.4
001130,7.6,7.6,7.6,7.6,7.9,8.1,8.0,8.4,8.2,8.8,8.6,8.9,9.0,9.1,9.3,9.3,9.7,9.6,9.5,9.8,10.3,10.0,10.3,10.6,10.6
001131,7.8,7.9,8.2,7.9,8.3,8.2,8.5,8.4,8.8,9.1,9.2,9.1,9.4,9.8,9.6,9.7,9.9,9.9,10.3,10.6,10.8,10.9,10.8,11.1,11.5
001132,8.9,8.7,8.8,8.7,9.1,8.9,8.8,9.0,9.2,9.3,9.2,9.1,9.4,9.6,9.5,9.5,9.5,9.5,9.5,9.5,9.8,9.6,9.8,9.7,9.5
001133,7.3,7.7,7.5,7.6,7.7,7.9,8.1,8.0,8.1,8.5,8.5,8.3,8.7,8.9,9.1,9.1,9.1,9.3,9.3,9.1,9.7,9.9,10.0,9.7,9.5
001134,8.7,8.5,8.6,8.8,8.6,8.7,8.5,8.7,8.7,9.1,8.8,8.8,8.7,9.0,9.0,8.8,8.8,8.8,8.7,8.8,9.0,8.8,9.1,8.9,8.6
001135,8.1,8.3,7.8,8.1,8.4,8.3,8.3,8.2,8.3,8.4,8.4,8.5,8.5,8.6,8.6,8.5,8.5,8.6,8.4,8.5,8.3,8.4,8.5,8.6,8.6
001136,11.8,11.4,11.2,11.7,11.8,11.2,11.4,11.9,11.9,12.3,12.2,12.3,12.6,12.6,12.5,12.3,12.6,12.4,13.0,12.6,13.3,12.7,12.8,13.5,13.0
001137,8.0,8.1,8.1,8.3,8.4,8.7,8.4,8.7,8.7,9.1,9.3,9.4,9.5,9.3,9.5,9.9,9.6,9.9,10.0,10.3,10.9,10.5,10.6,10.7,10.8
001139,7.9,8.4,8.2,8.0,8.1,8.2,8.1,8.2,8.3,8.4,8.3,8.4,8.4,8.4,8.4,8.2,8.4,8.4,8.4,8.3,8.8,8.5,8.2,8.2,8.2
001140,8.0,7.9,7.9,7.9,8.0,7.9,8.2,8.2,8.1,8.5,8.8,8.4,8.4,8.8,8.7,8.5,8.6,8.9,8.9,9.1,9.1,9.1,9.0,9.1,9.1
001141,8.0,8.1,8.2,8.2,8.3,8.3,8.6,8.6,8.7,8.9,9.1,9.1,9.5,9.4,9.6,9.4,9.5,9.8,9.6,9.7,10.4,10.1,10.0,10.3,10.3
001142,7.7,7.7,8.0,7.7,7.9,8.1,8.1,8.4,8.4,8.5,9.0,9.0,8.8,8.9,9.3,9.1,9.5,9.9,9.8,9.7,9.7,9.8,9.9,10.4,10.4
001143,8.3,8.5,8.7,9.1,8.9,9.0,9.2,9.4,9.2,9.9,10.0,10.1,10.2,10.6,10.7,11.0,10.9,11.3,11.3,11.7,12.0,12.0,12.3,12.3,12.2
001144,8.7,8.8,8.8,8.8,9.1,8.7,9.0,8.9,9.0,9.2,9.3,9.3,9.7,9.4,9.4,9.6,9.5,9.6,9.6,9.6,9.9,9.8,9.7,9.6,9.6
001145,7.5,7.5,7.6,7.6,7.6,7.8,7.6,7.8,7.8,8.2,8.4,8.2,8.5,8.1,8.4,8.7,8.6,8.5,8.5,8.7,8.9,8.9,8.8,9.0,8.9
001146,8.3,8.1,8.2,8.3,8.4,8.5,8.3,8.5,8.7,8.6,9.0,9.0,9.0,9.4,9.0,9.2,9.2,9.6,9.4,9.4,9.6,9.3,9.5,9.4,9.6
001147,7.9,8.0,7.9,8.2,8.2,8.2,8.2,8.2,8.2,8.3,8.3,8.5,8.5,8.5,8.7,8.9,8.8,8.9,8.8,8.8,9.0,9.3,9.1,9.2,8.9
001148,7.9,7.9,8.3,8.3,8.3,8.1,8.6,8.5,8.6,9.3,9.1,9.4,9.4,9.4,9.4,9.7,9.9,9.9,10.0,10.0,10.4,10.2,10.4,10.7,10.8
001149,7.8,8.1,8.3,8.3,8.1,8.1,8.2,8.1,8.2,8.5,8.4,8.4,8.8,8.7,8.7,8.8,8.8,8.8,8.9,8.9,9.2,9.0,8.8,9.1,8.5
001150,7.5,7.5,7.6,7.6,7.7,7.6,7.6,7.8,7.9,8.1,8.0,8.3,8.2,8.1,8.2,8.4,8.6,8.3,8.3,8.4,8.8,8.5,8.6,8.5,8.8
001152,9.1,9.3,9.1,9.1,8.9,9.4,9.4,9.2,9.5,10.1,10.0,9.8,9.8,9.9,10.2,10.4,10.5,10.8,10.2,10.4,11.1,10.4,11.0,10.8,10.9
001153,8.2,8.4,8.5,8.7,8.9,8.6,8.4,8.6,8.7,9.2,9.3,9.5,9.3,9.6,9.3,9.9,9.6,9.8,9.9,9.9,10.0,9.8,10.2,10.1,10.1
001154,9.6,9.4,9.4,9.6,9.5,9.7,9.7,9.7,9.7,10.4,10.2,10.1,10.4,10.6,10.0,10.5,11.1,10.8,10.9,10.6,11.2,11.1,11.2,11.0,11.1
001155,9.0,9.3,9.2,9.1,9.3,9.4,9.2,9.1,9.0,9.5,9.5,9.5,9.7,9.2,9.6,9.7,9.8,9.6,9.3,9.7,9.7,9.4,9.5,9.6,9.7
001156,8.1,8.2,8.6,8.7,8.7,8.9,9.0,8.7,9.1,9.3,9.4,9.5,9.6,9.6,9.5,9.8,10.1,10.2,9.7,10.0,10.4,10.7,10.6,10.7,10.5
001157,8.7,9.0,9.0,8.9,9.2,9.1,9.2,9.3,9.1,9.7,9.5,10.0,10.1,9.7,9.9,10.1,10.0,10.0,10.1,10.3,10.6,10.7,10.4,10.7,10.8
001158,8.8,8.9,8.7,9.1,8.9,9.2,9.2,9.1,9.4,9.5,9.7,9.7,9.6,9.3,9.4,9.6,9.8,9.5,9.7,9.7,10.1,9.8,10.2,9.7,9.9
001159,8.8,8.7,9.0,9.0,8.8,9.0,8.8,9.1,9.0,9.6,9.3,9.5,9.6,9.6,9.7,10.0,9.9,10.1,10.2,10.1,10.2,10.3,10.2,10.2,10.5
001160,8.8,9.0,8.7,8.7,9.0,9.1,8.9,9.2,9.1,9.5,9.6,9.8,9.7,9.8,10.0,10.1,10.4,10.3,10.1,10.0,10.8,10.4,10.3,10.5,10.5
001161,8.1,8.1,8.1,8.1,8.3,8.1,8.2,8.4,8.4,8.5,8.7,8.2,8.8,8.7,8.6,8.6,8.6,8.7,8.4,8.7,8.9,8.6,8.6,8.8,8.7
001162,8.8,8.5,8.7,9.0,8.8,8.9,8.9,9.0,9.0,9.1,9.2,9.4,9.6,9.4,9.6,9.8,9.8,9.9,10.2,9.9,10.2,10.1,10.3,10.5,10.6
001163,8.3,8.5,8.2,8.4,8.2,8.5,8.2,8.3,8.4,8.8,8.7,8.9,9.0,9.0,8.8,8.7,8.9,9.2,9.0,9.0,9.1,9.4,9.1,9.3,9.3
001164,7.8,7.7,7.7,7.7,8.0,8.0,8.2,8.0,8.2,8.3,8.5,8.4,8.8,8.5,8.8,8.9,8.8,8.9,9.0,9.1,9.1,9.1,9.1,9.2,9.4
001165,8.2,8.1,8.2,8.3,8.4,8.7,8.5,8.9,8.8,9.0,9.1,9.2,9.1,9.4,9.6,9.4,9.8,10.0,10.1,10.0,10.2,9.7,10.0,10.1,10.3
001166,8.9,8.8,9.0,8.9,9.2,9.2,9.3,9.1,9.0,9.6,9.9,9.9,9.7,10.1,9.9,10.0,10.0,10.1,10.2,9.9,10.6,10.2,10.2,10.5,10.2
001167,7.6,7.7,7.8,7.7,7.7,7.7,7.6,7.7,7.9,7.8,8.2,8.1,8.0,8.0,8.0,8.0,8.1,8.2,8.3,8.3,8.3,8.3,8.5,8.2,8.5
001168,10.0,10.1,10.1,10.0,10.4,10.4,10.6,11.0,10.7,11.4,10.8,11.5,11.4,11.6,11.6,12.1,11.4,12.0,12.1,12.0,12.5,12.2,12.5,12.4,12.7
001169,10.8,10.8,10.9,10.9,11.0,11.2,11.2,11.3,11.3,12.3,11.8,11.9,12.3,12.1,12.5,12.2,12.5,12.6,12.6,12.1,12.9,12.6,12.8,13.1,13.5
001170,9.2,9.5,9.1,9.4,9.3,9.4,9.2,9.3,9.8,10.0,10.0,10.3,10.1,10.1,9.9,10.6,10.1,10.4,10.7,10.7,10.9,10.7,10.9,11.0,11.0
001171,7.6,7.5,7.6,7.6,7.7,7.8,7.6,7.9,8.0,8.1,8.4,8.4,8.2,8.5,8.3,8.3,8.6,8.4,8.7,8.5,9.0,9.0,8.7,8.9,8.9
001172,8.8,9.1,9.2,9.2,9.3,9.3,9.3,9.4,9.7,10.0,10.3,10.2,10.6,10.4,10.5,10.8,10.5,11.0,11.1,11.3,11.4,11.6,11.0,11.7,11.5
001173,9.0,9.1,9.0,9.2,9.2,9.3,9.6,9.4,9.6,10.0,10.1,10.0,10.2,10.1,9.8,10.0,10.2,10.3,10.5,10.1,10.5,10.5,10.7,10.7,10.5
001174,8.3,8.6,8.4,8.3,8.7,8.7,9.2,9.1,9.2,9.7,9.6,9.8,10.1,10.0,9.8,10.3,10.4,9.8,10.2,10.6,11.0,10.8,10.8,11.0,11.1
001175,8.9,8.9,9.1,8.6,9.1,9.1,9.1,9.3,9.4,9.7,9.6,9.9,10.0,10.1,10.2,10.5,10.6,10.5,10.7,10.6,11.0,10.6,11.0,11.1,11.0
001176,9.8,9.7,9.7,9.6,10.1,10.1,10.0,10.4,10.3,10.7,10.6,10.8,11.0,11.0,11.0,11.0,11.3,11.1,11.3,11.6,11.5,11.6,11.5,11.9,11.6
001177,7.2,7.6,7.4,7.5,7.5,7.6,7.9,7.7,7.9,8.0,8.2,8.3,8.5,8.5,8.4,8.9,8.6,8.8,8.9,9.0,9.2,9.1,9.2,9.3,9.2
001178,9.4,9.6,9.7,10.1,10.0,9.7,10.1,10.0,10.3,11.0,11.0,11.3,11.2,11.5,11.5,12.0,11.6,11.4,12.0,11.9,12.3,12.5,12.9,12.6,12.4
001179,9.0,9.4,9.1,9.5,9.2,9.7,9.5,9.5,9.8,10.0,9.9,10.1,10.4,10.3,10.5,10.6,10.5,10.8,10.7,10.6,11.2,11.3,11.1,10.9,11.5
001180,8.6,8.3,8.8,8.7,8.7,8.9,8.8,8.8,8.8,9.2,9.4,9.5,9.2,9.4,9.6,9.2,9.9,9.6,9.7,9.7,9.9,9.9,9.5,10.0,9.9
001181,11.5,11.5,11.4,11.6,11.7,11.7,12.1,12.4,11.7,12.6,13.1,12.5,12.7,12.8,12.8,13.2,13.1,13.1,13.3,13.4,13.7,13.5,13.7,13.7,14.0
001183,9.0,9.0,9.4,9.4,9.4,9.1,9.4,9.5,9.3,9.7,9.8,10.0,10.1,9.8,10.0,9.9,10.3,10.0,10.1,10.2,10.3,10.5,10.0,10.2,10.8
001184,8.9,8.9,8.7,8.8,9.0,8.5,9.0,8.7,9.2,9.3,9.4,9.4,9.1,9.5,9.3,9.4,9.4,9.4,9.4,9.7,10.0,9.9,9.8,9.9,9.9
001185,8.2,8.1,8.5,8.3,8.1,8.5,8.6,8.3,8.4,8.6,8.5,8.8,8.7,8.9,9.3,8.7,9.1,9.1,8.9,8.9,9.4,9.3,9.1,9.3,9.3
001186,8.5,8.5,8.5,8.4,8.5,8.5,8.6,8.5,8.6,9.1,9.0,9.0,9.1,8.9,9.1,9.1,9.4,9.4,9.3,9.2,9.6,9.0,9.2,9.4,9.2
001187,9.3,9.3,9.4,9.5,9.7,9.8,9.7,9.5,9.5,9.9,9.9,10.2,10.4,10.4,10.1,10.0,10.5,10.3,10.4,10.5,10.2,10.4,10.3,10.7,10.5
001188,8.5,8.7,8.7,8.9,8.8,8.7,8.6,8.6,8.8,9.0,9.1,9.1,9.0,8.9,8.9,9.2,9.3,9.2,9.1,9.3,9.6,9.2,9.4,9.4,9.3
001189,9.8,9.5,9.8,9.8,9.9,10.0,9.9,9.8,10.0,10.5,10.0,10.8,10.5,10.7,10.5,10.7,10.6,10.7,10.7,10.8,11.0,10.7,10.9,11.0,11.0
001190,8.4,8.2,8.4,8.6,8.5,8.4,8.5,8.8,8.7,8.9,9.2,9.4,9.3,9.0,9.3,9.4,9.5,9.5,9.1,9.5,9.9,9.5,9.6,9.8,9.9
001191,8.9,9.0,9.1,9.1,9.0,9.2,9.7,9.5,9.4,9.8,9.8,10.2,10.3,10.2,10.0,10.2,10.3,10.5,10.2,10.4,10.7,10.8,10.8,10.7,10.8
001192,7.5,7.5,7.7,7.8,7.5,7.8,7.9,7.8,8.1,8.0,8.4,8.4,8.3,8.6,8.7,8.5,8.7,8.7,8.6,8.9,9.1,9.1,9.1,9.4,9.4
001193,8.3,8.4,8.4,8.6,8.7,8.9,8.8,8.8,9.0,9.1,9.2,9.2,9.4,9.5,9.8,9.8,9.8,10.0,10.2,10.0,10.3,10.1,10.3,10.3,10.3
001194,8.1,8.5,8.4,8.5,8.5,8.4,8.9,8.5,8.8,9.2,9.4,9.4,9.6,9.4,9.7,9.8,9.5,10.1,9.9,10.1,10.0,10.2,10.1,10.0,10.3
001195,7.8,7.6,7.8,7.8,8.0,7.9,7.8,8.0,8.1,8.6,8.2,8.4,8.3,8.2,8.4,8.5,8.5,8.4,8.4,8.6,8.4,8.4,8.3,8.9,8.9
001196,7.8,8.1,8.0,8.2,8.1,8.2,8.1,8.2,8.6,8.5,8.9,9.0,9.0,8.8,9.0,8.9,9.1,9.3,9.1,9.4,9.4,9.5,9.3,9.4,9.6
001197,9.1,9.2,9.5,9.6,9.7,9.5,9.8,9.9,10.0,10.1,10.6,10.5,10.2,10.2,10.9,10.9,11.2,11.3,11.3,11.4,11.3,11.4,11.7,11.4,11.8
001198,7.5,7.6,7.7,7.7,7.6,7.9,7.7,7.9,7.8,8.2,8.3,8.0,8.3,8.3,8.4,8.2,8.2,8.4,8.4,8.5,8.6,8.6,8.7,8.7,8.5
001199,10.4,10.6,10.6,10.9,10.9,10.9,11.2,11.0,11.3,11.7,11.5,12.2,12.2,12.1,12.3,12.3,12.3,12.5,12.5,12.6,13.2,12.8,12.9,13.3,13.6
001200,9.1,8.9,9.2,9.1,9.0,9.1,9.2,9.4,9.4,9.2,9.4,9.7,10.1,9.8,9.9,10.0,10.1,10.0,10.0,10.4,10.8,10.7,10.3,10.5,10.4
001201,9.5,9.8,10.0,9.7,9.9,9.9,9.5,9.9,10.2,10.4,10.6,10.8,10.7,10.8,10.7,11.0,10.8,10.9,10.9,10.9,11.2,11.3,11.2,11.3,11.3
001202,7.9,8.1,8.3,8.5,8.4,8.4,8.4,8.6,8.6,8.9,9.2,9.2,9.3,9.5,9.4,9.5,9.4,9.6,9.5,9.7,9.9,9.7,10.0,9.8,10.1
001203,7.8,7.7,7.8,8.1,8.0,8.0,8.1,8.5,8.2,8.6,8.4,8.6,9.0,9.1,8.9,9.0,8.9,8.9,9.1,9.2,9.5,9.4,9.6,9.7,9.6
001204,8.1,7.9,8.0,8.1,8.4,8.1,8.5,8.3,8.3,9.1,9.1,9.0,9.3,9.3,9.6,9.8,9.4,9.8,9.7,10.0,10.4,10.1,10.5,10.5,10.3
001205,9.1,9.0,9.1,9.5,9.7,9.5,9.7,9.8,10.1,10.6,10.4,10.9,10.9,10.7,11.6,11.2,11.2,11.8,11.9,11.7,12.6,12.0,12.1,12.6,12.5
001206,11.1,10.6,11.1,11.0,11.1,11.1,11.3,11.3,11.6,11.9,12.2,11.9,12.1,12.0,12.4,12.0,12.7,12.5,12.3,12.5,13.1,12.7,12.8,13.1,13.2
001207,8.9,9.0,9.0,9.0,9.1,8.8,9.2,9.3,9.7,9.8,10.0,10.5,9.9,10.4,10.6,10.6,10.9,10.8,10.8,10.8,11.7,11.4,11.4,11.1,11.6
001208,7.8,8.0,7.9,8.2,8.1,8.2,8.0,8.4,8.2,8.3,8.4,8.6,8.6,8.6,8.6,8.7,8.6,8.9,9.0,8.6,8.8,8.8,9.0,8.9,9.1
001209,9.2,8.8,9.1,9.1,9.3,8.9,9.0,9.0,9.4,9.7,9.6,9.4,9.5,9.8,9.6,9.7,9.6,9.7,9.5,9.9,9.9,9.8,9.7,10.0,9.9
001210,8.4,8.6,8.3,8.3,8.5,8.4,8.4,8.7,8.6,8.9,8.8,8.7,8.6,9.0,8.7,8.9,8.7,8.5,8.9,8.9,9.0,8.7,8.7,9.0,8.9
001211,8.8,8.6,8.9,8.9,8.8,9.0,9.1,9.2,9.5,9.8,9.7,9.9,9.7,9.8,10.0,10.0,9.9,10.2,10.3,10.1,10.6,10.3,10.3,10.5,10.7
001212,8.9,8.7,8.8,8.9,8.9,9.0,9.0,8.8,9.0,9.4,9.7,9.4,9.3,9.3,9.6,9.2,9.5,9.7,9.7,9.9,9.8,10.0,9.7,9.7,10.0
001213,8.7,8.7,8.9,9.1,9.2,9.4,9.4,9.7,9.9,10.3,10.6,10.5,10.8,11.1,10.8,11.0,11.5,11.8,11.7,12.1,12.3,12.0,12.7,12.2,13.1
001214,7.8,8.0,7.8,8.0,7.9,8.1,8.0,8.1,8.0,8.4,8.3,8.4,8.6,8.6,8.5,8.6,8.8,8.6,8.7,8.7,8.9,9.0,8.9,8.6,8.8
001215,6.7,6.8,7.0,6.8,6.9,7.1,7.1,6.9,7.4,7.3,7.4,7.5,7.7,7.5,7.8,7.8,7.8,8.0,7.9,7.9,8.3,8.0,8.4,8.5,8.6
001216,8.8,8.3,8.7,8.7,8.8,8.8,8.7,8.7,8.9,9.2,9.1,9.2,9.1,9.1,9.3,9.3,9.4,9.6,9.4,9.5,9.8,9.5,9.5,9.7,9.6
001217,7.7,7.6,7.5,7.7,7.8,7.9,7.8,7.9,7.8,8.5,8.4,8.4,8.5,8.7,8.5,8.7,8.6,8.8,8.7,8.6,9.2,8.9,9.0,8.8,9.2
001218,10.1,10.3,10.5,10.1,10.0,10.7,10.3,10.4,10.5,11.2,11.1,11.1,11.8,11.3,11.7,11.6,11.7,11.9,11.7,11.8,12.4,11.9,12.0,12.7,12.3
001219,8.2,8.2,8.4,8.3,8.4,8.3,8.4,8.2,8.6,8.6,8.6,8.5,8.8,8.7,8.9,9.0,8.9,9.1,8.9,9.0,9.3,9.0,9.2,9.3,9.2
001220,6.9,6.9,7.1,7.1,7.2,7.1,7.0,7.0,7.1,7.4,7.5,7.4,7.7,7.5,7.5,7.6,7.3,7.5,7.6,7.4,8.0,7.5,7.7,7.5,7.5
001221,9.9,9.6,10.1,9.8,9.8,9.9,10.3,10.0,10.3,10.5,10.8,10.6,10.8,10.5,10.6,10.8,10.8,11.0,10.9,11.1,11.4,10.9,11.2,11.4,11.1
001222,8.8,8.8,8.6,8.7,8.8,8.9,8.9,8.6,9.1,9.1,9.6,9.6,9.5,9.5,9.5,9.6,9.6,9.5,9.7,9.6,9.9,10.1,10.2,9.8,9.8
001223,7.6,7.8,7.9,7.7,8.0,7.9,8.2,7.9,7.9,8.3,8.3,8.5,8.9,8.5,8.6,8.6,8.9,8.9,8.7,8.8,9.2,9.0,8.9,9.2,9.2
001224,9.4,9.7,9.8,9.6,9.7,9.4,10.0,9.8,9.8,9.7,10.1,10.1,10.4,10.5,10.5,10.4,10.3,10.4,10.5,10.7,10.8,10.7,10.7,10.4,10.6
001225,8.6,8.6,8.5,8.5,8.6,8.7,8.7,8.6,8.7,9.0,9.0,8.9,8.8,8.9,9.2,8.8,9.2,9.0,8.9,8.8,9.2,9.1,9.1,9.1,8.9
001226,8.5,8.5,8.5,8.3,8.5,8.7,8.9,8.9,8.7,9.5,9.4,9.5,9.7,9.6,9.9,10.2,9.7,10.1,10.3,10.2,10.9,10.5,10.5,10.9,11.0
001227,10.0,10.2,10.4,10.0,10.1,10.7,10.5,10.4,10.8,10.9,10.8,11.0,11.2,11.4,11.3,11.4,11.1,11.7,11.6,11.7,11.8,11.4,12.0,12.2,12.3
001228,10.1,10.0,10.6,10.5,10.5,10.7,10.4,10.6,11.2,11.6,11.3,11.4,11.6,11.7,12.2,12.2,12.3,11.8,12.5,12.7,12.8,12.7,12.9,12.9,12.7
001229,9.9,10.1,10.1,10.5,10.4,10.3,10.5,10.7,11.0,11.4,10.9,11.4,11.4,11.6,11.8,11.5,12.2,11.9,12.2,12.5,13.1,12.7,12.5,12.5,12.9
001230,8.8,8.6,8.6,8.7,8.8,8.7,8.9,8.6,8.7,9.0,8.8,8.9,9.1,9.1,8.7,9.1,9.2,9.2,9.0,9.2,9.4,9.0,9.1,9.1,8.9
001231,7.5,7.4,7.5,7.6,7.7,7.8,7.8,7.9,7.8,8.4,8.1,8.2,8.4,8.5,8.5,8.7,8.7,9.0,8.9,8.9,9.2,9.4,9.2,9.4,9.6
001232,9.5,9.7,9.7,9.8,10.2,9.9,10.3,10.3,10.2,11.1,11.5,10.9,11.2,11.4,11.4,11.7,12.6,12.3,11.9,12.0,12.8,12.6,12.9,13.4,12.9
001233,7.3,7.3,7.0,7.3,7.5,7.4,7.3,7.4,7.5,7.7,7.7,7.7,7.8,7.8,7.9,7.7,7.8,8.1,8.1,8.0,8.1,7.9,8.1,8.2,8.1
001234,8.3,8.1,8.2,8.0,8.1,8.1,8.2,8.0,8.3,8.5,8.3,8.5,8.5,8.5,8.1,8.6,8.3,8.3,8.3,8.4,8.7,8.3,8.3,8.4,8.3
001235,8.4,8.6,8.8,8.6,8.7,8.6,8.8,8.9,9.0,9.2,9.2,9.6,9.4,9.3,9.4,9.6,9.4,9.5,9.8,9.7,10.4,9.7,10.4,10.0,10.2
001236,7.3,7.6,7.6,7.8,7.8,7.9,7.9,7.9,7.7,8.5,8.4,8.4,8.5,8.5,8.9,8.8,9.0,8.8,9.2,9.1,9.6,9.6,9.5,9.7,9.6
001237,8.3,8.1,8.3,8.1,8.1,8.3,8.5,8.3,8.2,8.7,8.8,8.6,8.6,8.6,8.7,8.8,8.7,8.8,8.7,8.9,9.1,8.9,8.7,9.1,9.0
001238,8.4,8.6,8.5,8.8,8.9,8.7,8.8,8.9,8.7,9.2,9.1,9.0,9.0,8.9,9.2,9.4,9.3,9.5,9.2,9.2,9.6,9.3,9.4,9.2,9.3
001239,8.4,8.9,8.8,8.9,8.9,8.8,9.1,9.0,9.2,9.6,9.8,9.5,9.9,10.0,9.9,10.0,10.3,10.2,10.4,10.3,10.6,10.6,10.3,10.7,10.7
001240,9.0,9.0,8.8,8.9,8.8,9.2,9.0,9.1,9.1,9.4,9.3,9.4,9.4,9.6,9.6,9.7,9.6,10.0,9.9,10.0,10.4,10.0,9.9,10.0,10.0
001241,8.0,8.3,8.1,8.4,8.2,8.4,8.3,8.4,8.4,8.9,8.9,8.8,9.1,8.9,9.0,8.9,9.0,9.6,9.4,9.3,9.6,9.6,9.4,9.3,9.6
001242,9.2,9.4,9.8,9.6,9.5,9.6,9.7,9.8,9.8,10.4,10.6,10.5,10.9,10.7,10.8,10.9,10.4,10.8,10.6,11.2,11.4,11.4,11.2,11.3,11.5
001243,8.6,8.7,8.5,8.9,8.7,8.8,8.7,8.9,9.0,9.2,9.5,9.4,9.5,9.4,9.9,9.7,9.8,10.2,10.0,10.2,10.6,10.5,10.3,10.6,10.5
001244,8.4,8.4,8.7,8.5,8.5,8.7,8.7,8.9,9.0,9.3,9.7,9.5,9.7,9.7,10.0,9.8,10.1,10.4,9.9,10.2,10.8,10.3,10.3,10.5,10.8
001245,8.0,8.0,8.1,8.2,8.2,8.2,8.3,8.2,8.3,8.7,8.4,8.5,8.5,8.7,8.6,8.6,8.6,8.8,8.9,8.9,8.9,8.9,8.6,8.7,9.0
001246,7.8,7.7,7.8,7.7,7.9,7.9,8.0,7.9,8.3,8.5,8.5,8.5,8.4,8.8,8.7,9.0,8.8,9.1,9.0,8.8,9.4,9.3,9.2,9.4,9.2
001247,7.8,8.0,8.1,8.1,8.0,7.8,8.1,8.2,8.0,8.4,8.5,8.5,8.6,8.6,8.5,8.4,8.7,8.8,8.8,8.9,8.9,8.9,8.7,9.0,8.9
001248,7.5,7.8,7.8,7.7,7.8,7.8,8.3,8.0,8.0,8.6,8.7,9.0,8.6,8.8,8.6,9.3,9.1,9.1,9.5,9.5,9.6,9.4,9.8,9.7,9.9
001249,8.7,8.5,8.7,8.7,8.7,8.7,8.7,9.0,8.8,9.0,9.2,9.2,9.4,9.7,9.7,9.5,9.9,10.0,9.6,10.1,10.6,10.3,10.2,10.0,10.8
001250,10.1,10.5,10.4,10.3,10.7,10.4,10.6,10.5,10.4,11.1,10.9,11.4,11.1,11.4,11.1,11.1,11.5,11.3,11.3,11.6,12.1,11.3,11.7,11.4,11.7
001251,7.4,7.2,7.0,7.2,7.3,7.2,7.3,7.3,7.4,7.4,7.4,7.4,7.3,7.5,7.5,7.2,7.5,7.4,7.4,7.4,7.4,7.4,7.3,7.3,7.5
001252,8.1,8.2,8.4,8.5,8.3,8.6,8.4,8.3,8.4,8.7,8.9,8.6,8.9,9.1,9.0,8.9,9.0,9.1,9.1,9.0,9.1,9.1,9.3,8.9,9.4
001253,7.0,7.2,7.1,7.2,7.2,7.4,7.3,7.3,7.4,7.4,7.6,7.7,7.6,7.8,7.9,7.8,8.0,8.0,7.9,8.1,8.2,8.0,8.1,8.2,8.3
001254,7.8,7.7,7.8,7.9,7.8,7.8,7.8,8.0,8.2,8.1,8.2,8.1,8.2,8.2,8.4,8.4,8.3,8.3,8.4,8.5,8.4,8.3,8.6,8.5,8.9
001255,8.4,8.3,8.3,8.5,8.7,8.6,8.7,8.5,8.8,8.8,9.2,8.9,9.1,9.2,9.3,9.4,9.3,9.6,9.6,10.0,10.1,9.9,10.5,10.0,9.9
001256,8.5,8.5,8.4,8.5,8.4,8.6,8.6,8.6,8.8,8.7,8.9,9.0,9.0,9.2,9.3,9.2,8.9,9.1,9.0,9.3,9.5,9.5,9.3,9.4,9.2
001257,8.5,8.5,8.7,8.6,8.8,8.6,9.0,8.7,8.8,9.2,9.2,9.3,9.5,9.3,9.5,9.3,9.4,9.6,9.4,9.5,10.0,9.5,9.8,9.9,9.9
001258,8.4,8.6,8.4,8.4,8.3,8.6,8.7,8.8,8.7,8.9,8.9,8.8,8.9,9.1,9.3,9.0,9.3,9.0,9.1,9.2,9.5,9.1,9.1,9.1,9.1
001259,8.0,7.9,8.0,8.0,8.2,8.1,8.5,8.2,8.2,8.7,8.8,9.0,8.8,8.9,9.1,8.9,9.2,9.0,9.2,9.4,9.4,9.3,9.6,9.5,9.8
001260,8.6,9.0,9.0,8.9,9.1,9.2,9.2,9.2,9.3,9.3,9.5,9.7,9.6,9.7,9.6,10.0,10.1,9.9,9.9,9.9,10.2,10.4,10.2,10.1,9.8
001261,8.8,9.2,9.2,9.3,9.5,9.6,9.8,9.7,9.9,10.5,10.4,10.5,10.4,10.6,11.1,10.9,11.3,11.8,11.7,11.5,12.3,12.1,12.6,12.6,12.2
001262,9.5,9.5,9.9,9.5,9.7,9.6,9.6,10.0,9.7,10.4,10.1,10.7,10.7,11.0,10.7,10.6,10.9,11.0,11.1,11.1,11.7,11.0,11.6,11.7,11.2
001263,7.2,7.5,7.5,7.5,7.6,7.6,7.7,7.6,7.8,7.9,8.0,8.4,8.2,8.4,8.4,8.5,8.5,8.7,8.7,8.6,8.9,8.9,8.7,8.8,9.0
001264,7.2,7.4,7.3,7.5,7.7,7.5,7.6,7.5,7.8,8.1,7.9,8.0,8.2,8.3,8.3,8.4,8.3,8.6,8.4,8.7,8.7,8.5,8.6,8.7,8.4
001265,6.7,6.6,6.8,6.8,7.0,7.0,7.0,6.9,6.9,7.3,7.3,7.6,7.3,7.4,7.3,7.5,7.7,7.6,7.7,7.6,7.9,7.8,7.8,7.8,7.9
001266,8.7,8.8,8.8,8.9,9.1,8.8,8.9,8.7,9.0,9.2,9.4,9.3,9.2,9.4,9.8,9.3,9.7,9.5,9.6,9.6,9.6,9.6,9.9,9.9,9.8
001267,7.7,7.7,7.6,7.6,7.8,7.7,8.0,7.9,7.8,8.2,8.1,8.0,8.5,8.4,8.5,8.5,8.4,8.6,8.6,8.8,8.8,8.8,8.7,8.8,9.0
001268,8.3,8.4,8.4,8.5,8.5,8.4,8.6,8.3,8.4,8.7,8.6,9.0,9.0,8.8,9.0,8.7,8.7,8.9,8.7,8.9,9.2,9.1,8.8,9.0,9.0
001269,7.9,7.9,8.1,8.0,7.8,7.8,8.0,8.2,8.1,8.3,8.4,8.5,8.4,8.7,8.7,8.7,8.5,8.7,8.7,8.5,8.8,8.8,9.0,9.1,8.7
001270,8.3,8.4,8.3,8.3,8.5,8.5,8.5,8.7,8.8,9.2,9.2,8.9,9.4,9.2,9.3,9.7,9.5,9.5,9.9,9.4,9.8,9.8,9.8,10.3,9.8
001271,8.2,8.2,8.1,8.1,8.4,8.3,8.4,8.3,8.2,8.9,9.0,8.6,8.6,8.7,8.7,8.9,8.7,8.5,8.7,8.9,9.0,9.0,9.0,9.0,9.0
001272,13.3,13.6,13.6,13.6,13.9,13.8,14.4,14.4,14.4,15.1,15.4,14.8,15.1,15.2,15.6,15.1,15.0,15.4,15.4,15.9,15.1,16.3,16.2,16.0,15.9
001273,8.8,8.9,9.4,9.2,9.6,9.2,9.3,9.7,9.7,10.2,10.4,10.4,10.8,10.5,11.0,11.0,11.2,10.9,11.2,11.0,11.7,11.7,11.8,11.8,12.0
001274,8.0,8.1,8.2,8.4,8.6,8.5,8.6,8.9,9.0,9.6,9.5,9.5,9.7,9.8,10.1,9.9,10.1,10.4,10.8,10.9,11.0,11.2,11.1,11.3,11.4
001275,7.8,7.9,8.0,7.9,7.9,8.0,8.0,7.9,8.0,8.3,8.5,8.3,8.5,8.2,8.3,8.3,8.3,8.2,8.2,8.5,8.5,8.3,8.3,8.3,8.4
001276,8.6,9.1,8.7,9.1,9.0,9.3,9.2,9.4,9.5,9.6,9.9,10.1,9.9,10.0,10.2,10.3,10.5,10.8,11.1,11.0,11.2,11.2,11.2,11.2,11.6
001278,9.3,9.7,9.6,9.6,9.8,9.9,9.8,9.9,9.9,10.6,10.8,10.7,11.0,10.6,11.0,11.1,11.0,11.3,11.5,11.7,12.0,12.0,11.8,12.0,11.9
001279,9.2,9.3,9.6,9.9,10.1,9.9,10.1,10.5,10.4,10.3,10.6,10.5,10.9,10.9,11.1,11.1,11.2,11.6,11.7,11.6,12.0,11.9,12.1,12.5,12.3
001280,9.7,9.5,9.8,9.8,9.9,10.1,10.3,10.2,10.3,10.3,10.7,11.0,11.0,11.3,11.0,11.0,11.4,11.6,11.7,11.5,12.1,12.0,11.7,12.2,12.1
001281,8.5,8.7,8.3,8.6,8.5,8.6,8.8,8.8,8.8,8.9,9.3,9.0,9.3,9.3,9.1,9.2,9.3,9.3,9.6,9.4,9.5,9.6,9.3,9.5,9.4
001282,8.6,8.4,8.5,8.7,8.6,8.8,8.9,8.8,8.8,9.0,9.1,9.4,9.3,9.5,9.5,9.1,9.5,9.6,9.7,9.5,9.9,9.8,9.8,10.3,10.0
001283,6.6,7.0,6.9,7.0,7.1,7.1,7.5,7.3,7.4,7.6,7.8,7.8,8.0,7.7,7.9,8.1,8.1,8.1,8.3,8.2,8.5,8.6,8.4,8.7,8.9
001284,8.4,8.2,8.7,8.4,8.4,8.6,8.8,8.4,8.8,9.0,9.1,8.9,9.1,9.3,9.0,9.0,9.3,9.1,9.3,9.2,9.6,9.0,9.3,9.4,9.5
001285,8.8,9.0,9.0,8.8,9.0,9.1,9.1,9.2,9.2,9.8,9.5,9.5,9.7,9.8,9.7,9.9,9.8,9.8,10.1,10.2,10.3,10.2,10.2,10.3,10.4
001286,8.9,8.8,8.9,8.9,9.3,9.2,9.5,9.4,9.6,9.7,9.7,9.8,9.5,9.8,9.5,9.5,9.9,10.1,10.0,10.0,10.5,10.4,10.5,10.1,10.2
001287,9.5,9.4,9.3,9.4,9.7,9.5,9.5,9.5,9.9,10.2,10.6,10.4,10.4,10.3,10.7,10.7,10.7,11.2,10.8,11.2,11.5,11.1,11.4,11.9,11.8
001288,8.9,8.6,8.6,8.6,8.8,8.8,9.0,8.8,9.0,9.2,9.2,9.1,9.3,9.5,9.3,9.7,9.5,9.4,9.4,9.6,9.9,9.6,9.7,9.7,9.8
001289,9.1,9.0,9.4,9.2,9.3,9.2,9.2,9.1,9.0,9.6,9.6,9.5,9.3,9.4,9.3,9.3,9.5,9.3,9.3,9.2,9.3,9.6,9.3,9.5,9.1
001290,8.6,8.4,8.8,8.7,8.8,8.7,8.8,8.8,9.1,9.2,9.1,9.4,9.3,9.4,9.4,9.5,9.5,9.6,9.8,9.5,10.1,9.6,10.0,10.0,9.7
001291,8.3,8.4,8.3,8.4,8.6,8.4,8.7,8.4,8.9,9.2,9.2,9.2,9.1,9.1,9.2,9.3,9.5,9.5,9.5,9.7,10.1,9.8,10.0,10.0,10.0
001292,8.1,8.2,8.4,8.2,8.2,8.6,8.7,8.5,8.7,8.9,9.3,9.0,9.0,9.2,9.1,9.3,9.1,9.5,9.7,9.5,10.0,9.7,9.9,9.8,9.7
001293,7.7,7.6,7.7,8.0,8.0,8.0,7.9,8.0,8.1,8.4,8.4,8.3,8.4,8.6,8.5,8.6,8.5,8.6,8.8,8.9,9.1,8.8,8.9,9.1,9.0
001294,7.2,7.1,7.1,7.2,7.2,7.3,7.4,7.2,7.4,7.7,7.6,7.6,7.7,7.6,7.7,7.8,8.1,7.8,8.3,8.2,8.1,8.3,8.2,8.2,8.4
001295,9.5,9.2,9.6,10.0,10.1,10.2,10.2,10.3,10.5,10.9,10.9,10.9,11.0,11.5,11.2,11.4,11.5,11.9,11.9,11.7,12.4,12.1,12.5,12.4,12.4
001296,8.4,8.5,8.4,8.8,8.5,8.6,8.6,8.7,8.5,9.1,8.9,9.1,9.2,9.3,9.0,9.1,8.9,9.3,9.2,9.3,9.4,8.9,9.7,9.3,9.3
001298,6.8,6.7,6.9,6.8,6.8,7.0,6.9,7.0,7.0,7.2,7.4,7.3,7.3,7.4,7.4,7.6,7.4,7.6,7.7,7.5,7.8,7.4,7.7,7.7,7.8
001299,7.0,6.9,6.9,6.8,7.0,6.8,7.0,7.1,7.0,7.1,7.2,7.0,7.2,7.2,7.1,7.0,7.4,7.3,7.2,7.2,7.4,7.4,7.3,7.3,7.2
001300,8.2,8.3,8.7,8.6,8.5,8.8,8.4,8.6,8.7,9.2,9.3,8.9,9.2,9.0,9.4,9.1,9.2,9.2,9.3,9.5,9.4,9.1,9.4,9.3,9.3
001301,9.7,9.8,10.0,10.1,9.7,10.1,10.3,10.6,10.8,10.9,11.0,10.8,10.9,11.1,11.4,11.5,11.5,11.4,11.8,11.6,12.2,12.0,11.8,11.9,12.4
001302,7.9,7.9,8.0,7.9,8.0,8.1,8.3,8.1,8.2,8.9,8.6,8.7,8.9,8.8,8.8,8.9,8.9,9.1,9.2,9.2,9.1,9.4,9.2,9.6,9.3
001303,8.6,8.6,8.6,8.8,8.6,9.0,8.8,9.0,9.0,9.3,9.2,9.4,9.9,9.7,9.8,9.7,10.0,10.2,10.1,10.1,10.5,10.1,10.2,10.2,10.4
001304,8.1,8.2,8.3,8.1,8.4,8.5,8.5,8.7,8.6,8.9,8.9,9.0,9.0,9.1,9.0,9.2,9.3,9.4,9.3,9.8,9.8,9.7,9.6,9.5,9.8
001305,9.0,9.0,9.2,9.1,9.3,9.7,9.5,9.5,9.2,9.9,9.7,10.3,10.0,10.7,10.4,10.4,10.6,10.9,11.1,10.6,11.3,11.4,11.2,11.4,11.4
001306,10.0,9.9,10.0,10.1,10.5,10.2,11.1,10.8,10.6,11.7,11.4,11.5,11.6,11.9,12.3,12.2,12.2,12.5,12.5,12.5,13.4,13.0,12.9,13.6,13.5
001307,8.4,8.5,8.4,8.4,8.4,8.5,8.5,8.4,8.5,8.7,8.7,9.1,8.9,8.9,9.0,9.2,9.0,9.0,9.2,9.2,9.5,9.2,8.9,9.2,9.3
001308,8.9,8.8,8.5,8.7,8.6,8.6,8.9,8.8,8.9,9.4,9.3,9.4,9.3,9.4,9.6,9.2,9.6,9.3,9.7,9.7,9.7,9.7,9.6,9.3,9.6
001309,8.3,8.6,8.6,8.5,8.5,8.2,8.5,8.5,8.4,9.0,8.6,8.7,8.8,8.7,8.9,8.9,8.7,9.0,8.6,8.9,9.0,8.7,8.5,8.9,9.1
001310,8.4,8.5,8.7,8.6,8.8,8.7,8.8,8.9,9.0,9.1,8.9,9.1,9.2,9.4,9.2,9.4,9.7,9.9,9.3,9.4,10.2,9.2,9.8,9.9,10.0
001311,8.2,8.3,8.3,8.3,8.3,8.7,8.7,8.8,8.8,8.9,9.4,9.1,9.1,9.4,9.2,9.7,9.8,9.7,9.8,10.0,10.3,10.2,10.3,10.1,10.5
001312,8.8,8.8,8.7,8.9,8.6,8.7,8.6,8.6,8.8,9.0,9.4,9.6,9.6,9.4,9.4,9.7,9.7,9.7,9.4,9.6,10.1,9.8,9.8,9.8,10.0
001313,8.9,8.8,8.6,8.7,8.9,8.7,9.2,9.1,9.0,9.4,10.0,9.6,10.1,9.9,9.9,10.0,10.1,10.3,10.6,10.5,10.9,10.6,10.8,10.9,11.0
001314,9.5,9.5,9.7,9.4,9.5,10.1,9.8,9.9,9.7,9.9,9.9,10.2,10.2,10.1,10.2,10.4,10.1,10.4,10.1,10.6,10.6,10.4,10.4,10.4,10.6
001315,7.0,6.8,6.9,6.8,7.2,7.0,7.1,7.3,7.5,7.5,7.7,7.6,7.7,7.6,7.6,8.2,8.1,8.1,8.1,8.2,8.4,8.1,8.4,8.5,8.8
001316,8.4,8.4,8.4,8.6,8.6,8.7,8.7,8.8,8.6,9.2,9.3,9.3,9.2,9.4,9.5,9.4,9.7,9.5,9.9,9.6,10.1,9.9,9.9,10.1,9.9
001317,9.3,9.7,9.3,9.7,9.7,9.5,9.7,10.0,9.9,10.1,10.5,10.4,10.4,10.4,10.4,10.7,10.4,10.3,10.6,10.5,10.5,10.5,10.7,11.0,10.9
001318,6.6,6.8,6.8,6.6,6.6,6.6,6.8,6.9,6.7,6.8,7.2,7.1,7.3,7.1,7.3,7.3,7.2,7.3,7.3,7.6,7.7,7.5,7.5,7.4,7.5
002002,7.9,7.9,8.1,8.0,8.0,8.0,8.3,8.1,8.3,8.8,8.7,8.8,8.7,8.8,8.8,8.8,9.0,9.2,9.1,9.5,9.3,9.2,9.2,9.2,9.2
002003,9.8,10.0,10.1,10.1,10.1,10.0,10.2,10.2,10.2,10.3,10.5,10.5,11.0,10.5,10.7,10.6,10.8,11.1,11.1,10.6,11.4,11.2,11.1,11.1,11.3
002004,8.4,8.5,8.6,8.3,8.6,8.4,8.5,8.7,8.7,8.9,8.7,8.8,8.8,8.7,9.1,9.0,8.9,9.1,9.0,8.9,9.4,9.0,9.2,8.9,9.2
002006,6.3,6.4,6.2,6.5,6.6,6.7,6.7,6.7,6.7,7.1,7.0,7.2,7.3,7.4,7.3,7.5,7.3,7.3,7.7,7.5,7.8,7.7,7.7,7.8,7.8
002007,8.0,8.2,8.3,8.2,8.2,8.2,8.3,8.2,8.5,8.8,8.8,9.0,9.1,8.8,9.1,9.2,9.3,9.2,9.2,9.3,9.4,9.1,9.4,9.4,9.5
002008,8.4,8.6,8.4,8.6,8.5,8.7,8.7,8.6,8.8,8.8,9.0,9.2,9.1,9.1,9.2,9.3,9.3,9.4,9.2,9.4,9.5,9.6,9.5,9.8,9.6
002009,9.4,9.9,9.8,9.7,9.9,9.8,10.0,9.9,9.8,10.2,10.4,10.5,10.5,10.5,10.3,10.4,10.6,10.4,10.5,10.6,11.0,10.2,10.7,10.8,10.7
002011,7.4,7.6,7.6,7.6,7.6,7.7,7.6,7.8,7.8,8.0,8.0,8.1,8.1,8.3,8.2,8.1,8.4,8.2,8.3,8.4,8.8,8.5,8.7,8.7,8.7
002014,8.2,8.2,8.4,8.2,8.5,8.4,8.4,8.5,8.8,8.9,8.9,9.1,9.0,9.4,9.6,9.3,9.4,9.3,9.6,9.6,9.9,9.6,9.7,9.7,9.9
002015,8.0,7.7,8.1,7.9,8.2,8.2,8.2,8.1,8.3,8.7,8.7,8.6,8.7,8.8,9.0,9.1,9.1,8.8,9.0,9.2,9.3,9.1,9.2,9.4,9.3
002016,7.2,7.2,7.5,7.5,7.5,7.4,7.4,7.6,7.7,7.9,7.8,7.9,7.9,8.0,7.8,7.9,8.0,7.7,7.8,7.8,8.2,7.9,8.0,7.8,8.1
002017,8.6,8.9,8.9,8.8,9.0,9.0,8.9,9.3,9.3,9.5,9.4,9.6,9.8,9.6,9.8,10.1,10.2,10.0,10.0,10.1,10.3,9.8,10.1,10.2,10.4
002021,9.5,9.4,9.4,9.7,9.7,9.7,9.6,10.1,9.7,9.9,10.5,10.2,10.4,10.3,10.7,10.7,10.5,11.2,11.2,11.0,11.3,11.4,11.5,11.2,11.8
002025,8.9,8.5,8.9,9.0,9.0,9.1,9.2,9.7,9.6,9.7,9.7,9.6,10.4,10.2,10.1,10.3,10.0,10.7,10.7,10.3,11.0,10.8,10.6,11.1,11.2
002029,9.0,9.1,9.3,8.9,9.2,9.4,9.5,9.4,9.5,9.7,10.2,10.4,10.2,10.2,10.3,10.7,10.6,10.6,10.6,10.9,10.6,11.1,11.2,11.1,11.1
002030,9.4,9.5,9.4,9.4,9.5,9.8,9.6,9.6,9.5,9.9,10.1,10.3,10.2,10.4,10.2,10.1,10.1,10.5,10.3,10.7,10.5,10.7,10.5,10.2,10.5
002031,9.8,9.5,9.3,9.6,9.4,9.6,9.8,9.5,9.7,9.8,9.8,9.8,9.6,9.8,9.9,10.0,9.8,9.7,9.9,9.7,10.1,10.3,10.3,10.0,10.2
002032,8.8,8.8,9.0,8.9,9.1,9.1,9.3,9.4,9.3,9.8,9.9,9.8,10.0,9.9,10.3,10.5,10.4,10.1,10.7,10.6,10.9,11.1,10.8,11.0,11.0
002033,8.0,8.6,8.3,8.5,8.7,8.5,9.0,8.7,8.9,9.1,9.1,9.5,9.3,9.3,9.2,9.6,9.9,9.8,10.1,10.0,10.3,10.2,10.3,10.0,10.2
002035,8.5,8.6,8.8,8.6,8.8,8.8,8.9,9.1,9.2,9.4,9.2,9.7,9.6,9.8,9.9,9.8,9.9,9.9,10.2,10.0,10.5,10.2,10.2,10.2,10.3
002041,8.2,8.5,8.4,8.4,8.4,8.5,8.4,8.5,8.9,8.9,9.0,9.1,9.2,9.2,9.0,9.4,9.3,9.6,9.4,9.3,9.8,9.5,9.7,9.4,9.7
002042,9.1,9.0,9.2,9.1,9.1,9.6,9.6,9.1,9.4,9.6,10.0,10.1,10.1,10.3,10.1,10.4,10.4,10.4,10.4,10.7,10.9,10.7,10.7,10.6,10.7
002043,8.1,8.1,8.1,8.0,8.0,8.0,8.0,8.0,8.0,8.2,8.3,8.2,8.2,8.0,8.2,8.2,8.3,8.4,8.2,8.2,8.4,8.0,8.3,8.2,8.2
002045,9.6,9.8,10.1,10.2,10.1,10.1,10.3,10.4,10.3,10.8,10.8,11.0,11.0,11.1,11.4,11.3,11.3,11.2,11.5,11.4,12.0,11.5,11.9,11.8,12.0
002047,8.1,8.2,8.2,8.2,8.6,8.6,8.4,8.6,8.4,9.0,8.8,9.1,9.1,9.3,9.2,9.5,9.2,9.4,9.6,9.3,9.7,9.5,9.8,9.9,9.9
002048,8.0,8.0,8.2,8.3,8.3,8.3,8.5,8.3,8.6,8.8,8.7,8.9,9.0,9.1,9.3,9.6,9.2,9.5,9.8,9.5,10.0,9.8,9.9,10.0,9.8
002049,8.9,9.0,9.2,9.3,8.8,9.0,8.9,9.1,9.1,9.1,9.2,9.2,9.2,9.3,8.8,9.1,9.0,9.0,9.0,8.9,9.2,9.0,9.2,9.2,9.1
002052,9.4,9.6,9.7,9.8,10.0,9.7,10.1,10.2,9.9,10.9,10.5,10.7,10.4,10.8,10.9,10.9,11.1,11.2,11.3,11.5,11.7,11.6,11.4,11.6,11.8
002054,8.7,8.5,8.9,8.9,8.8,8.9,8.8,8.8,8.8,8.7,9.0,8.9,9.0,8.9,8.6,8.8,8.9,9.1,9.3,9.0,9.0,8.8,9.3,8.9,8.9
002057,10.2,10.0,9.8,10.3,10.4,10.1,10.1,10.2,10.5,10.9,11.2,11.0,10.8,11.4,11.0,11.4,11.4,11.4,12.0,11.5,12.1,11.7,12.0,12.5,12.2
002058,9.6,9.7,9.8,10.0,10.2,10.4,10.1,10.4,10.1,10.7,10.7,11.0,10.9,10.8,11.3,11.0,10.7,11.3,11.2,11.4,11.7,11.7,11.3,11.6,11.2
002059,7.7,8.0,8.0,8.1,8.1,8.2,8.3,8.4,8.3,8.5,8.5,8.5,8.8,9.0,9.1,9.2,9.0,9.1,9.1,9.1,9.3,9.2,9.7,9.8,9.5
002061,7.9,7.8,7.7,7.7,8.0,7.9,7.9,8.2,8.3,8.4,8.7,8.8,8.8,8.9,9.2,8.8,8.9,9.2,9.3,9.3,9.6,9.2,9.7,9.8,9.9
002062,9.0,9.3,9.1,9.1,9.3,9.1,9.5,9.1,9.5,9.7,10.0,10.0,10.1,10.0,10.1,10.3,10.1,10.4,9.9,10.7,10.5,10.5,10.6,10.8,10.7
002065,8.8,9.0,9.0,9.1,9.2,9.2,9.3,9.7,9.4,9.7,10.1,9.9,10.0,10.2,9.8,10.2,10.1,10.7,10.3,10.6,10.7,10.9,10.5,10.7,11.1
002066,8.1,8.1,8.0,7.8,8.0,8.1,8.0,8.1,8.1,8.1,8.5,8.4,8.2,8.3,8.2,7.8,7.9,8.2,8.1,8.1,8.0,8.1,8.0,8.1,7.9
002067,9.8,10.1,10.0,10.0,10.3,10.5,10.8,9.9,10.6,10.9,11.0,10.8,11.0,11.1,11.1,11.3,11.7,11.4,11.6,11.5,11.9,11.7,11.6,12.2,11.7
002068,7.9,7.9,8.2,8.2,8.2,8.3,8.3,8.3,8.4,8.7,8.9,9.0,9.0,9.0,9.1,9.1,9.3,9.1,9.2,9.2,9.6,9.6,9.8,9.7,9.8
002070,8.9,9.3,9.3,9.4,9.8,9.8,9.5,9.8,10.2,10.4,10.1,10.6,10.4,10.6,10.5,10.8,11.1,11.1,11.4,11.0,11.8,11.6,11.7,11.5,11.7
002071,8.0,7.9,8.1,8.2,8.2,8.0,8.3,8.4,8.2,8.7,8.6,8.6,8.8,9.0,8.9,9.1,9.2,9.0,9.3,9.1,9.6,9.2,9.2,9.5,9.5
002072,8.4,8.5,8.5,8.5,8.7,8.4,8.2,8.4,8.7,8.8,9.0,9.3,8.9,9.1,9.0,9.2,9.2,9.0,9.1,9.2,9.7,9.1,9.3,9.1,9.4
002078,9.2,9.4,9.0,9.5,9.5,9.6,9.3,9.3,9.4,9.6,9.5,9.9,10.0,10.2,10.3,10.0,9.9,10.0,10.0,9.9,10.4,9.8,10.1,10.1,10.2
002079,8.8,9.0,8.8,9.1,8.8,8.8,8.8,8.7,8.9,9.2,9.1,9.3,9.2,9.4,9.4,9.8,9.4,9.6,9.3,9.6,9.9,9.7,9.7,9.6,9.8
002082,9.3,9.6,9.4,9.7,9.4,9.7,9.5,9.9,10.2,10.1,9.9,10.5,10.1,10.3,10.4,10.8,10.7,10.6,11.2,11.0,11.4,11.0,11.1,11.7,11.0
002088,10.1,10.3,10.4,10.4,10.5,10.4,10.8,10.5,10.8,11.1,11.0,11.1,10.9,11.1,11.4,11.5,11.4,12.0,11.2,11.7,12.1,11.5,11.7,11.6,12.0
002089,10.2,10.2,10.3,10.1,10.2,10.4,10.8,10.3,10.9,11.0,11.3,11.1,11.1,11.4,11.7,11.4,11.3,11.7,12.0,11.9,12.4,12.2,12.2,12.4,12.6
002090,8.4,8.6,8.5,8.8,8.9,8.7,8.7,8.8,8.8,9.3,9.2,9.2,9.7,9.6,9.7,9.5,9.7,9.5,9.6,9.7,9.8,9.7,10.1,9.9,10.0
002091,8.9,8.9,8.7,9.0,9.0,9.2,8.8,9.0,9.1,9.4,9.6,9.8,9.8,9.6,9.8,10.3,9.7,10.1,10.0,10.0,10.3,10.1,10.6,10.1,10.3
002093,8.6,8.8,8.9,8.9,8.7,9.0,9.3,9.2,9.4,9.4,9.5,9.8,9.5,10.0,9.9,9.9,9.7,9.9,10.2,10.1,10.0,10.2,10.4,10.2,10.7
002096,9.4,9.2,9.5,9.7,9.8,9.7,10.0,10.0,10.2,10.8,10.6,11.1,10.8,10.9,11.4,11.7,11.7,11.6,11.7,11.7,13.0,12.5,12.5,12.5,12.6
002097,8.8,8.8,8.8,8.7,8.6,8.7,8.7,8.8,8.8,8.7,9.1,8.7,8.8,8.8,8.9,9.0,9.0,8.8,8.7,9.0,8.8,8.7,8.7,8.7,8.5
002102,8.6,8.5,8.4,8.5,8.3,8.7,8.6,8.4,8.3,8.5,8.9,8.8,8.6,8.9,8.7,8.9,8.8,9.1,8.7,8.9,9.2,8.8,8.9,9.2,8.9
002104,8.7,9.0,9.2,9.1,9.2,9.1,9.0,9.2,9.4,9.6,9.6,9.8,9.9,10.1,10.1,10.0,10.2,10.5,10.0,10.4,10.2,10.3,10.2,10.4,10.5
002107,7.9,7.9,7.8,8.0,8.0,7.8,8.0,7.9,8.2,8.5,8.3,8.6,8.4,8.6,8.6,8.7,8.8,8.7,8.9,9.0,9.2,9.0,9.2,9.0,9.2
002108,8.4,8.4,8.5,8.4,8.2,8.7,8.5,8.9,8.5,9.0,8.9,9.1,9.0,9.1,9.0,9.0,9.1,9.0,9.4,9.1,9.7,9.3,9.6,9.4,9.5
002110,7.4,7.2,7.2,7.3,7.4,7.4,7.5,7.4,7.3,7.4,7.6,7.7,7.5,7.7,7.4,7.5,7.6,7.9,7.4,7.7,8.2,7.7,7.9,7.8,7.9
002113,8.3,8.4,8.3,8.3,8.4,8.3,8.5,8.2,8.2,8.5,8.6,8.4,8.5,8.5,8.3,8.4,8.4,8.5,8.2,8.4,8.3,8.4,8.3,8.2,8.5
002115,7.9,8.0,8.1,8.2,8.3,8.5,8.3,8.7,8.8,8.9,9.4,9.2,9.6,9.5,9.8,9.7,9.9,10.0,10.1,10.3,10.6,10.5,10.6,11.3,11.0
002116,7.7,7.6,7.8,7.7,8.1,8.1,7.7,8.1,8.0,8.5,8.5,8.5,8.7,8.6,8.6,8.9,8.8,9.2,9.1,9.3,9.4,9.4,9.6,9.4,9.4
002118,7.8,7.7,7.8,8.0,7.8,8.0,7.8,7.9,8.0,8.2,8.3,8.5,8.4,8.5,8.6,8.3,8.5,8.7,8.7,8.6,8.8,8.9,8.9,8.8,8.8
002121,7.3,7.5,7.5,7.6,7.5,7.5,7.6,7.6,7.6,7.7,7.8,7.8,7.8,8.0,8.1,8.0,8.0,7.9,7.9,8.2,8.4,8.1,8.0,8.0,8.1
002122,9.5,9.2,9.4,9.7,9.4,9.8,9.6,9.6,10.1,10.4,10.5,10.3,10.7,10.7,10.7,10.6,10.8,10.6,10.8,11.1,11.3,10.9,11.1,11.6,11.4
002126,9.6,9.5,9.7,9.7,9.8,9.9,10.1,10.0,9.9,10.6,10.5,10.7,10.9,10.7,10.9,11.0,11.1,11.3,11.3,11.3,11.7,11.5,11.8,11.6,11.8
002127,9.1,9.1,9.0,9.4,9.4,9.4,9.4,9.5,9.5,9.6,9.7,10.0,9.8,10.1,10.3,10.0,10.3,9.9,10.0,10.2,10.7,10.3,10.4,10.3,10.5
002128,8.8,9.2,9.1,9.1,9.0,9.2,9.4,9.4,9.3,9.7,9.6,9.9,9.6,9.8,10.0,9.9,10.0,10.1,10.2,9.9,10.2,10.0,10.3,10.3,10.2
002131,8.4,8.6,8.6,8.4,8.3,8.5,8.4,8.6,8.8,8.9,8.7,8.6,8.7,9.0,9.0,9.0,9.0,9.1,9.3,9.4,9.1,9.2,9.0,9.1,9.1
002133,7.8,7.7,7.7,8.0,8.2,8.0,8.1,8.2,8.1,8.3,8.5,8.2,8.3,8.6,8.8,8.4,8.5,8.6,8.8,8.8,8.8,8.5,9.0,8.9,8.7
002134,7.3,7.4,7.4,7.6,7.5,7.6,7.4,7.6,7.7,8.2,8.0,8.3,8.2,8.4,8.3,8.6,8.3,8.3,8.5,8.6,8.9,8.8,8.5,8.5,8.8
002135,10.1,10.1,10.1,10.0,10.2,10.2,10.6,10.4,9.8,10.5,10.6,10.9,10.9,10.8,10.7,10.9,11.0,11.1,11.2,11.2,11.5,11.4,11.3,11.5,11.3
002137,10.8,10.8,11.2,11.0,11.0,11.0,11.1,11.3,10.9,11.7,11.8,11.7,11.7,11.9,11.8,12.2,12.1,12.3,12.6,12.1,12.3,12.2,12.2,12.5,12.2
002142,10.7,10.4,10.8,10.6,10.8,11.0,11.1,10.7,11.2,11.4,11.6,12.1,11.6,11.9,11.9,12.0,12.1,12.3,12.3,12.3,12.9,12.5,12.9,12.5,12.9
002147,8.0,7.9,8.1,8.1,8.5,8.3,8.3,8.2,8.4,8.8,8.4,8.6,8.7,8.9,8.7,8.9,9.0,8.8,9.2,8.9,9.5,9.3,9.2,9.1,9.4
002148,8.9,8.8,9.3,9.1,8.9,9.5,9.3,9.2,9.3,9.6,9.7,9.8,9.8,9.8,9.7,10.1,10.0,10.1,10.1,10.2,10.6,10.2,10.6,10.7,10.6
002150,8.5,8.6,8.7,8.8,8.9,9.1,9.1,8.9,9.3,9.8,9.7,9.8,10.0,10.0,10.1,10.0,10.4,10.2,10.3,10.7,11.1,11.0,10.8,10.8,11.1
002152,7.2,7.2,7.0,7.3,7.4,7.3,7.6,7.5,7.2,7.8,7.8,7.8,7.8,8.0,7.7,8.0,7.9,7.9,8.0,8.1,8.1,8.0,8.3,8.3,8.0
002156,10.4,10.1,10.7,10.2,10.4,10.9,10.7,10.7,10.9,11.5,11.8,11.5,11.3,11.6,11.5,11.8,11.9,11.7,11.6,12.2,12.5,12.3,12.5,12.6,12.8
002158,8.8,8.9,9.1,9.3,9.3,8.8,9.2,9.1,9.2,9.5,9.6,9.6,9.7,10.0,10.1,10.4,10.0,10.1,10.2,10.3,10.6,10.2,10.6,10.4,10.6
002163,8.4,8.4,8.6,8.5,8.7,9.0,8.9,8.6,9.1,9.1,9.3,9.3,9.5,9.4,9.7,9.6,9.3,9.6,9.7,10.0,10.0,10.0,10.1,9.9,10.2
002164,8.4,8.6,8.7,8.5,9.0,8.5,8.7,9.1,9.0,9.7,9.4,9.7,9.6,9.7,9.8,10.0,10.3,10.1,10.7,10.2,10.9,10.4,10.6,11.0,10.9
002166,8.9,9.0,9.0,9.0,9.5,9.4,9.6,9.5,9.2,9.9,9.7,9.9,9.8,10.4,10.3,10.1,10.4,10.4,10.3,10.4,10.5,10.5,10.6,10.6,10.6
002170,8.9,8.8,8.9,9.4,9.5,9.2,9.6,9.4,9.8,9.9,10.2,10.2,10.1,10.6,10.7,10.5,10.9,10.5,11.2,11.1,11.5,11.2,11.4,11.7,11.6
002171,9.4,9.7,9.7,9.7,9.8,9.9,9.8,10.1,10.4,10.8,10.7,11.2,11.0,11.3,11.0,11.6,11.4,12.1,11.9,11.7,12.2,12.2,12.3,12.6,12.6
003001,7.9,7.8,7.9,8.3,8.1,8.1,8.4,8.2,8.3,8.6,8.6,8.8,8.6,8.9,8.7,8.8,8.9,9.0,9.0,8.8,9.0,9.1,9.2,9.3,9.3
003002,9.5,9.4,9.7,9.6,10.2,10.4,10.4,10.5,10.5,11.0,10.9,11.2,11.5,11.7,11.5,11.8,12.0,12.4,12.3,12.4,13.6,13.5,13.6,13.6,13.5
003006,8.9,9.1,9.4,9.2,9.2,9.2,9.5,9.6,9.8,10.0,10.2,10.0,10.3,10.2,10.0,10.4,10.8,10.5,10.4,10.2,10.9,11.1,10.6,11.0,10.9
003008,7.9,7.9,8.1,8.1,8.4,8.2,8.5,8.4,8.5,8.8,8.7,9.0,8.8,9.1,9.2,9.5,9.0,9.4,9.5,9.3,9.9,9.7,9.6,10.0,9.9
003012,8.6,8.5,8.7,8.9,8.8,8.9,9.1,8.7,9.0,9.6,9.3,9.5,9.6,9.8,9.7,9.6,9.5,9.7,10.0,9.8,10.1,9.9,9.8,10.1,10.2
003016,9.0,9.5,9.2,9.5,9.8,9.9,9.7,9.8,10.0,10.4,10.5,10.6,10.8,10.6,10.7,10.8,10.7,11.1,11.1,11.2,11.4,11.2,11.2,11.7,11.6
003018,9.0,9.3,9.1,9.3,9.1,9.5,9.5,9.9,9.6,9.8,9.8,10.2,10.3,10.2,10.4,10.2,10.8,10.3,10.6,10.9,10.9,10.9,10.8,10.9,10.9
003019,9.9,9.8,9.8,10.0,10.5,10.6,10.3,10.9,10.7,11.5,11.4,11.5,11.3,11.6,11.8,11.7,12.1,12.1,12.9,12.3,13.1,13.2,13.0,13.3,13.0
003021,7.4,7.6,7.7,7.7,7.7,7.9,7.5,8.0,7.9,7.9,8.0,8.1,8.0,8.0,8.1,8.1,8.3,8.5,8.3,8.3,8.5,8.2,8.5,8.4,8.4
003022,8.0,7.7,8.0,8.0,7.9,8.1,8.0,8.1,8.1,8.4,8.4,8.2,8.3,8.5,8.2,8.5,8.6,8.7,8.6,8.6,8.9,8.8,8.8,8.6,9.1
003023,8.1,8.5,8.6,8.4,8.4,8.4,8.7,8.7,8.7,9.0,9.0,8.9,8.8,9.0,8.8,9.4,9.1,9.0,9.1,9.0,9.5,9.4,9.4,9.5,9.3
003024,7.9,8.1,8.0,8.1,8.2,8.1,8.1,8.2,8.4,8.5,8.4,8.4,8.8,8.7,8.6,8.6,8.7,8.5,8.7,8.9,9.0,8.6,8.7,8.9,8.9
003025,7.3,7.3,7.5,7.7,7.5,7.7,7.7,7.9,7.9,8.1,8.2,8.3,8.4,8.4,8.6,8.5,8.7,8.6,9.1,8.9,9.4,9.1,9.3,9.4,9.3
003026,11.6,11.6,11.8,11.8,12.2,12.0,12.1,12.0,12.3,12.7,12.6,13.2,13.1,13.2,13.0,13.1,13.2,13.6,13.7,13.7,13.4,13.6,13.9,13.9,13.6
003027,8.5,8.6,8.6,9.2,9.1,9.2,9.1,9.0,9.6,10.0,9.9,10.2,10.1,10.4,10.3,10.2,10.6,10.3,10.9,11.0,11.5,11.3,11.2,11.7,11.6
003030,8.5,8.5,8.8,8.7,8.8,8.9,9.0,9.0,8.8,9.5,9.5,9.5,9.7,9.9,9.9,9.9,9.9,9.9,10.0,9.8,10.7,10.1,10.4,10.1,10.4
003032,7.9,8.0,8.0,8.2,8.4,8.3,8.6,8.8,8.9,9.5,9.1,9.4,9.5,9.5,9.7,10.0,9.8,10.1,10.1,10.2,10.8,10.7,10.6,11.0,10.7
003036,7.2,7.2,7.3,7.2,7.2,7.4,7.2,7.2,7.3,7.6,7.7,7.5,7.4,7.5,7.4,7.4,7.6,7.4,7.8,7.3,7.7,7.6,7.4,7.8,7.5
003037,9.1,9.1,9.3,9.6,9.6,9.5,9.7,9.7,9.9,10.4,10.2,10.5,10.3,10.6,10.6,10.6,10.5,10.5,10.7,11.0,11.0,10.9,10.9,11.1,11.0
003039,7.8,7.7,7.9,7.8,8.1,8.0,8.2,8.2,8.2,8.6,8.8,8.6,8.9,8.8,9.2,8.9,9.1,9.5,9.1,9.6,9.5,9.6,9.7,10.0,10.0
003040,8.5,8.6,8.7,8.9,8.9,8.9,9.2,9.4,9.2,9.7,10.1,9.9,10.4,10.4,10.7,10.7,10.7,11.0,11.1,11.6,11.7,11.8,12.0,12.1,12.0
003041,8.9,8.8,9.0,9.1,8.9,9.0,9.1,8.7,8.9,9.3,9.3,9.3,9.5,9.6,9.5,9.7,9.6,9.6,9.4,9.4,9.9,9.9,9.8,9.6,9.7
003042,7.3,7.7,7.4,7.3,7.5,7.6,7.6,7.7,7.7,7.8,8.1,8.2,8.3,8.0,8.3,8.3,8.7,8.5,8.5,8.9,8.8,8.6,8.9,8.9,8.6
003043,8.4,8.2,8.3,8.3,8.3,8.6,8.6,8.5,8.5,8.8,9.2,9.0,9.0,9.3,8.8,9.6,9.6,9.4,9.6,9.3,9.7,9.6,9.4,9.7,9.7
003044,9.6,9.8,9.7,9.6,10.0,10.1,10.6,10.0,10.2,11.0,10.9,11.0,10.9,11.6,11.6,11.8,11.3,11.8,12.1,11.9,12.6,11.9,12.7,12.9,12.4
003045,8.0,8.1,8.1,7.9,8.4,8.2,8.3,8.3,8.3,8.7,8.6,8.5,8.6,8.6,8.8,8.8,8.6,8.9,8.8,8.8,9.1,8.9,9.1,8.8,9.0
003047,8.8,8.8,8.8,8.8,8.8,8.5,8.6,8.9,8.7,8.9,9.1,8.9,8.8,8.8,9.0,8.9,8.7,9.0,8.6,8.9,8.7,8.7,8.5,8.8,8.8
003049,8.7,8.9,9.1,9.1,9.3,9.3,9.1,9.3,9.4,9.6,9.6,9.9,10.2,10.0,9.9,10.3,10.2,10.4,10.4,10.5,11.0,10.5,11.3,11.2,11.1
003051,8.6,8.9,8.8,8.9,9.1,9.2,9.3,9.4,9.3,9.7,9.9,10.0,10.0,10.0,10.2,10.2,10.3,10.6,10.7,10.6,10.7,10.8,10.6,10.7,11.0
003052,8.7,8.5,8.3,8.3,8.5,8.2,8.2,8.0,8.2,8.4,8.3,8.5,8.4,8.2,8.3,8.1,8.4,8.2,8.1,7.8,8.2,8.0,7.9,8.0,8.1
003055,8.8,8.8,8.9,8.7,8.6,8.8,8.9,9.1,8.9,9.4,9.3,9.5,9.4,9.6,9.6,9.6,9.7,9.6,10.0,9.8,10.4,9.7,9.6,9.8,10.2
003058,8.3,8.4,8.2,8.4,8.2,8.5,8.6,8.5,8.7,8.8,8.8,8.8,9.0,9.0,9.1,9.3,9.1,9.0,9.4,9.1,9.3,9.3,9.3,9.1,9.3
003060,9.1,9.4,9.0,9.0,9.1,9.2,9.1,9.2,9.2,9.2,9.3,9.5,9.5,9.1,9.2,9.1,9.8,9.3,9.4,9.2,9.3,9.2,9.4,9.3,9.4
003062,8.0,8.1,8.3,8.1,8.3,8.3,8.2,8.6,8.3,8.7,8.8,8.7,8.6,8.8,8.8,8.6,8.8,8.9,9.3,9.0,9.5,9.2,9.2,8.8,9.4
003065,9.0,8.8,8.9,8.7,9.1,9.1,8.9,9.0,8.9,9.4,9.1,9.4,9.5,9.1,9.3,9.3,9.4,9.2,9.2,9.2,9.8,9.3,9.4,9.5,9.3
003066,9.4,9.4,9.6,10.0,10.2,9.6,9.8,10.1,10.2,10.8,10.7,10.9,11.1,11.2,11.7,11.5,11.6,11.6,11.7,12.4,12.0,12.0,12.1,12.7,12.1
003068,8.8,8.8,8.9,9.0,8.9,9.2,9.0,9.1,9.0,9.3,9.7,9.7,9.8,10.4,10.0,10.4,10.2,10.4,10.6,10.5,10.8,10.7,10.7,11.2,10.8
003069,7.7,7.9,7.7,8.1,8.0,8.1,7.9,8.3,8.3,8.7,8.5,8.3,8.7,8.8,8.8,9.0,8.9,9.0,9.1,9.2,9.5,9.2,9.0,9.4,9.4
003070,8.6,8.4,8.5,8.9,8.7,8.5,8.9,8.7,8.8,9.1,9.3,9.2,9.0,9.0,9.2,9.3,9.5,9.6,9.4,9.4,9.9,9.5,9.8,9.4,9.6
003073,8.4,8.5,8.6,8.5,8.5,8.3,8.6,8.7,8.7,9.3,9.4,9.3,9.3,9.5,9.5,9.6,9.7,9.4,9.7,9.8,10.0,9.7,9.7,9.8,9.8
003076,7.5,7.4,7.5,7.5,7.6,7.6,7.5,7.7,7.8,8.0,8.0,8.2,8.5,8.2,8.4,8.5,8.7,8.8,8.6,9.0,9.3,8.8,9.2,9.0,9.1
003077,9.3,9.2,9.2,9.2,9.6,9.3,9.7,9.8,9.6,10.1,10.2,10.4,10.7,10.4,10.7,10.4,10.6,10.9,11.0,10.5,11.1,10.7,11.1,11.1,11.2
003079,8.4,8.0,8.3,8.3,8.4,8.3,8.4,8.5,8.4,8.8,8.7,8.7,8.9,8.9,8.8,8.9,9.0,9.0,9.2,9.0,9.3,8.9,9.3,9.0,9.2
003082,8.5,8.6,8.7,8.6,9.1,9.0,9.4,9.4,9.3,9.8,9.4,10.0,10.0,10.1,10.1,10.7,10.5,10.7,11.1,11.3,11.4,11.2,11.1,12.0,11.7
003083,8.0,7.8,8.2,8.2,8.3,8.4,8.2,8.3,8.5,9.0,9.0,8.9,9.0,9.1,9.0,9.4,9.1,9.3,9.4,9.3,9.7,9.6,9.5,9.9,9.7
003084,9.4,9.6,9.5,9.2,9.6,9.7,9.3,9.8,9.8,10.4,10.0,10.3,10.5,10.0,10.4,10.1,10.6,10.5,10.8,10.6,11.1,10.9,10.8,10.9,11.2
003088,7.4,7.3,7.4,7.3,7.5,7.7,7.6,7.5,7.7,7.7,7.8,7.8,7.9,7.9,7.8,8.0,7.8,8.1,7.9,7.9,8.2,8.2,8.2,8.2,7.9
003090,9.3,9.4,9.3,9.4,9.1,9.0,9.2,9.5,9.4,9.7,9.7,9.7,9.8,9.9,9.8,9.6,9.7,10.0,9.8,9.8,10.0,10.0,10.1,10.0,10.1
003091,8.7,8.6,8.8,8.8,8.8,9.2,9.1,9.4,9.3,9.9,9.5,10.0,10.0,10.2,9.9,10.1,10.4,10.1,10.6,10.6,10.9,10.7,10.8,11.2,10.5
003093,8.3,8.2,8.4,8.4,8.3,8.3,8.5,8.5,8.4,8.8,8.9,9.0,9.0,9.1,9.0,9.0,9.4,9.2,9.3,9.4,9.8,9.7,9.3,9.2,9.6
003095,8.3,8.6,8.7,8.4,8.5,8.7,9.0,9.0,8.7,9.3,9.3,9.3,9.5,9.9,9.8,9.6,9.9,9.6,10.1,10.2,10.3,10.4,10.5,10.2,10.6
003097,8.1,8.2,8.1,8.2,8.4,8.1,8.2,8.4,8.3,8.2,8.4,8.4,8.5,8.6,8.4,8.5,8.4,8.4,8.7,8.4,8.3,8.3,8.3,8.4,8.3
003098,7.9,7.9,7.8,8.2,8.3,8.4,8.7,8.4,8.5,9.1,9.0,9.2,9.0,9.2,9.4,9.2,9.4,9.6,9.6,9.8,10.1,10.0,10.3,10.1,10.0
003100,7.9,7.6,7.8,7.9,7.9,7.9,7.9,8.0,8.1,8.4,8.5,8.4,8.7,8.7,8.5,8.8,8.6,8.7,8.9,9.2,9.1,9.0,8.8,9.1,9.3
003103,8.4,8.4,8.4,8.7,8.7,8.9,9.2,9.0,9.1,9.6,9.3,9.6,9.5,9.5,9.7,9.6,9.8,10.0,10.0,10.1,10.5,10.3,10.2,10.4,10.5
003104,7.8,7.8,8.1,7.6,8.0,7.8,7.9,8.2,8.1,8.4,8.5,8.3,8.6,8.6,8.5,8.4,8.5,8.6,8.7,8.8,8.8,8.5,8.8,9.1,8.9
003106,8.8,8.7,8.9,8.8,9.1,9.2,9.1,9.4,9.5,9.3,9.6,10.0,10.0,9.7,10.4,10.3,10.2,10.6,10.7,10.7,11.0,11.1,11.4,11.3,10.7
003108,9.5,9.4,9.5,9.5,9.8,9.5,9.7,9.6,10.1,10.1,10.4,10.2,10.4,10.6,10.2,10.6,10.5,10.5,10.8,10.6,11.2,10.9,11.1,10.8,11.3
003109,9.5,9.4,9.6,9.4,9.9,9.8,9.6,10.0,10.4,10.7,10.3,10.4,10.8,10.9,11.0,11.3,11.3,11.2,11.3,11.5,11.9,11.7,11.6,12.1,12.2
003112,9.0,9.2,9.3,9.0,9.3,9.3,9.3,9.3,9.5,10.2,9.6,9.9,9.9,10.1,10.0,10.3,10.0,9.9,10.1,10.3,10.6,10.3,10.5,10.5,10.4
003114,9.8,10.0,10.0,9.9,10.2,10.5,10.4,10.7,10.8,11.1,11.3,11.8,11.8,11.8,11.9,12.2,12.2,12.9,12.9,13.4,13.6,13.1,13.2,13.8,13.6
003115,8.0,7.9,7.9,7.9,8.1,8.4,8.3,8.5,8.4,8.8,8.8,9.3,9.3,9.1,9.5,9.5,9.6,9.9,9.7,9.8,10.5,10.2,10.4,10.4,10.5
003116,9.0,8.9,9.5,9.5,9.6,9.4,9.4,9.5,9.7,9.8,10.1,10.0,10.2,10.1,10.1,10.4,10.5,10.3,10.3,10.8,10.8,10.8,10.8,11.0,11.1
003119,9.1,9.3,9.5,9.2,9.7,9.8,9.9,10.4,10.0,10.0,10.6,10.7,10.5,11.1,10.8,11.0,11.0,11.2,11.3,11.5,12.0,11.5,12.1,12.3,12.0
003120,7.4,7.4,7.4,7.4,7.5,7.3,7.6,7.6,7.7,8.0,7.9,7.8,8.0,8.1,8.2,8.0,8.3,8.3,8.2,8.6,8.7,8.5,8.3,8.5,8.6
003121,8.7,8.5,8.5,8.5,8.6,8.7,8.5,8.8,8.7,9.1,9.4,9.3,9.7,9.0,9.3,9.1,9.5,9.6,9.6,9.7,9.8,9.6,9.4,10.1,9.7
003122,8.1,8.2,8.5,8.3,8.1,8.5,8.5,8.6,8.5,8.8,8.7,8.5,9.0,9.0,9.0,9.1,9.3,9.1,9.2,9.1,9.4,9.0,9.4,9.1,9.5
003129,8.0,8.0,8.3,8.0,8.2,8.2,8.6,8.5,8.4,8.7,9.1,8.8,9.1,8.9,9.1,9.5,9.4,9.5,9.2,9.6,9.7,9.7,10.0,9.9,9.5
003130,11.1,11.4,11.3,11.2,11.8,11.5,11.4,11.7,11.8,12.1,12.0,12.3,12.3,12.3,12.3,12.5,12.9,12.5,12.9,12.8,13.2,13.3,13.2,13.1,13.3
003131,8.4,8.5,8.4,8.3,8.6,8.4,8.6,8.5,8.8,8.9,9.4,9.0,9.1,9.2,9.6,9.2,9.7,9.3,9.6,9.8,9.5,9.9,9.7,10.2,10.1
003133,7.7,8.0,7.8,8.1,8.1,8.1,8.1,8.2,8.3,8.6,8.8,8.4,8.7,9.0,8.8,8.8,9.1,8.8,8.9,9.0,9.0,9.2,9.1,9.2,9.1
003134,9.0,8.9,8.8,9.0,9.2,9.0,9.4,9.4,9.4,9.7,9.7,9.9,10.0,10.3,10.0,10.2,10.9,10.6,10.7,10.7,11.1,10.8,10.6,10.9,11.3
003135,7.1,7.5,7.4,7.5,7.6,7.5,7.5,7.9,8.0,8.3,8.3,8.5,8.6,8.4,8.7,8.8,8.8,8.8,8.9,9.4,9.4,9.1,9.2,9.6,9.3
003138,8.9,9.3,8.9,9.1,9.4,9.0,9.4,9.3,8.9,9.5,9.3,9.8,9.6,9.6,9.7,9.5,9.7,9.7,9.7,9.8,10.0,9.9,9.5,9.5,9.5
003139,8.6,8.5,8.6,8.8,8.9,8.7,9.0,8.8,8.8,9.2,9.3,9.5,9.6,9.7,9.7,10.0,9.8,9.7,9.7,10.0,10.3,10.1,10.2,10.0,10.1
003140,8.9,9.2,8.9,9.0,9.0,9.4,9.4,9.3,9.4,10.1,10.0,10.0,10.0,10.1,10.5,10.4,10.5,10.6,10.9,10.6,11.5,11.1,11.4,11.5,11.3
003141,8.4,8.5,8.4,8.7,8.6,8.8,8.5,8.8,9.1,8.9,9.3,9.2,9.4,9.3,9.3,9.4,9.4,9.4,9.4,9.6,10.0,9.6,9.7,9.5,9.7
003143,8.1,8.0,7.9,8.2,8.1,8.1,8.2,8.2,8.3,8.7,8.5,8.9,8.6,8.8,8.9,8.8,8.8,8.9,8.9,9.1,9.2,9.0,9.1,9.1,9.3
003144,8.9,8.9,9.4,9.2,9.2,9.1,9.4,9.4,9.4,9.8,9.7,9.9,10.2,10.3,10.1,10.8,10.4,10.7,11.2,10.9,11.5,11.2,11.3,11.1,11.4
003146,6.5,6.6,6.7,6.6,6.6,6.8,6.6,6.5,6.7,6.9,6.9,6.9,6.9,7.1,7.0,7.0,7.0,7.1,6.9,7.2,7.3,7.2,7.2,7.2,7.2
003149,8.7,8.9,8.7,9.0,8.8,9.0,9.1,9.3,9.4,9.6,9.7,9.7,9.6,9.8,9.8,10.2,10.0,10.0,10.4,10.8,10.6,10.5,10.4,10.5,10.4
003153,7.1,7.2,7.3,7.1,7.3,7.2,7.1,7.2,7.1,7.5,7.3,7.5,7.2,7.5,7.3,7.2,7.4,7.4,7.4,7.3,7.3,7.3,7.2,7.4,7.3
003154,8.5,8.8,9.1,9.1,8.9,9.6,9.5,9.5,9.4,10.0,9.8,10.2,10.2,10.4,10.8,10.7,10.6,11.2,10.7,11.4,11.5,11.3,11.5,11.8,12.1
003158,8.1,8.2,8.2,8.2,8.4,8.3,8.5,8.6,8.6,9.2,9.0,9.2,9.2,9.1,9.2,9.4,9.4,9.4,9.8,9.6,9.9,9.9,9.7,10.1,10.1
003159,8.5,8.4,8.6,8.4,8.4,8.7,8.7,8.7,8.7,8.9,9.2,9.0,8.8,9.3,9.0,9.3,9.2,9.4,9.0,9.0,9.2,9.3,9.3,9.1,9.3
003164,8.4,8.4,8.5,8.6,8.8,8.9,8.9,9.0,9.3,9.4,9.3,9.7,9.6,9.8,10.1,10.2,10.0,10.2,10.2,10.2,10.5,10.1,10.6,10.3,10.8
003166,9.3,9.9,9.8,9.8,9.7,9.6,9.7,9.9,10.0,10.4,10.2,10.9,10.3,10.9,10.8,10.7,11.0,11.1,11.4,10.9,11.4,11.3,11.5,11.6,11.3
004001,7.8,8.0,7.9,8.0,8.0,8.1,8.3,8.4,8.1,8.9,8.6,8.7,8.7,8.9,9.1,8.9,9.2,9.0,9.4,9.4,9.7,9.7,9.8,9.8,9.5
004002,9.3,9.2,9.3,9.4,9.2,9.4,9.4,9.5,9.6,10.1,10.0,10.6,10.4,10.4,10.5,10.6,10.9,10.7,10.5,10.9,11.1,11.0,11.2,11.3,11.3
004003,8.1,8.5,8.4,8.4,8.4,8.4,8.7,8.7,8.7,9.3,9.2,9.6,9.3,9.6,9.6,9.9,9.8,9.9,10.0,10.2,10.3,10.2,10.2,10.3,10.7
004004,10.2,10.5,10.3,10.6,10.6,10.9,10.6,10.6,11.0,11.5,11.2,11.6,11.4,11.3,11.8,11.6,12.2,12.1,12.0,12.0,12.7,12.2,12.2,12.5,12.8
004005,10.2,10.3,10.2,10.6,10.3,10.4,10.7,10.6,11.0,11.1,11.3,11.2,11.5,11.2,11.7,11.9,11.9,12.0,12.2,12.1,12.9,12.7,12.5,12.8,12.5
004006,7.8,7.8,7.9,7.8,7.9,8.1,8.3,8.1,8.2,7.8,8.2,8.1,8.3,8.2,8.3,8.2,8.6,8.2,8.3,8.3,8.6,8.2,8.4,8.4,8.4
004007,8.7,8.4,8.6,8.9,8.8,8.7,8.8,8.9,8.9,9.4,8.9,9.3,9.1,9.5,9.2,9.5,9.4,9.5,9.6,9.5,9.8,9.4,9.8,9.4,9.5
004008,8.8,9.1,9.0,9.3,9.2,9.3,9.2,9.3,9.8,9.8,9.6,10.0,10.4,10.0,10.2,10.4,10.6,10.8,10.7,10.6,11.3,11.0,11.2,10.9,11.5
004009,8.2,8.2,8.4,8.6,8.4,8.6,8.7,8.8,8.5,9.0,8.8,9.0,9.1,8.9,9.4,9.5,9.5,9.1,9.3,9.6,9.8,9.6,9.6,9.8,9.7
004010,10.3,10.7,10.6,10.5,10.7,10.6,10.8,11.0,11.1,11.8,11.6,12.0,12.4,12.2,12.2,12.6,12.5,12.5,12.8,13.0,13.3,12.5,13.7,12.8,13.3
004011,8.3,8.8,8.8,8.6,8.8,8.9,8.7,8.8,9.3,9.5,9.5,9.5,9.5,9.7,9.6,9.7,9.8,9.8,9.9,9.8,10.3,10.6,10.3,10.5,10.2
004012,7.7,7.7,7.8,7.8,7.9,8.0,8.0,8.2,8.2,8.4,8.4,8.4,8.6,8.6,8.5,8.5,8.7,8.8,8.8,9.1,9.2,9.0,9.0,9.3,9.1
004013,8.5,8.5,8.6,8.7,9.1,9.0,8.9,8.7,8.9,9.4,9.3,9.6,9.4,9.6,9.7,9.5,9.5,9.5,10.0,9.7,10.1,10.1,10.2,10.1,10.2
004014,8.4,8.7,8.5,9.1,8.8,8.9,9.2,9.2,9.2,9.6,9.4,9.4,9.5,9.8,9.7,10.0,10.0,10.1,10.0,10.1,10.4,10.6,10.8,10.7,10.6
004015,7.4,7.2,7.4,7.3,7.3,7.2,7.3,7.2,7.2,7.7,7.6,7.7,7.6,7.6,7.7,7.8,8.0,7.9,7.8,8.0,8.1,8.0,8.2,8.1,8.2
004016,8.0,8.0,8.0,8.1,8.1,8.1,8.0,8.4,8.3,8.4,8.4,8.3,8.6,8.7,8.5,8.6,8.6,8.5,8.4,8.6,9.0,8.6,8.8,9.0,8.6
004017,8.7,8.8,8.9,8.9,8.9,8.9,9.1,9.1,9.3,9.4,9.4,9.4,9.1,9.5,9.5,9.5,9.5,9.4,9.8,9.4,9.5,9.6,10.1,9.7,9.9
004018,8.6,8.5,8.6,8.9,9.1,8.9,9.0,9.2,8.9,9.3,9.7,9.4,9.6,9.6,9.9,9.8,9.7,9.8,10.0,10.1,10.5,10.2,10.5,10.2,10.2
004019,7.9,8.1,8.1,8.2,8.4,8.1,8.5,8.2,8.5,8.8,8.7,9.0,8.5,8.7,9.1,9.1,9.2,9.2,9.3,9.4,9.6,9.2,9.5,9.8,9.5
004020,9.5,9.7,9.6,9.6,9.7,9.6,9.6,9.9,10.0,10.4,10.2,10.4,9.9,10.2,10.3,10.1,10.3,10.8,10.6,10.7,10.9,10.7,10.5,10.7,10.6
004021,7.3,7.3,7.2,7.2,7.5,7.5,7.4,7.5,7.5,7.7,7.8,8.1,7.9,8.0,8.0,7.9,8.3,8.0,8.1,8.0,8.3,8.1,8.1,7.9,8.4
004022,7.6,7.6,8.0,7.8,7.9,7.9,8.0,8.0,8.0,8.3,8.3,8.4,8.3,8.5,8.6,8.5,8.4,8.5,8.6,8.7,9.2,8.9,8.9,8.9,8.8
004023,8.5,8.6,8.7,8.8,8.7,9.0,8.8,8.9,8.9,9.5,9.6,9.3,9.3,9.2,9.5,9.4,9.3,9.7,9.5,9.7,9.6,9.2,9.5,9.6,9.4
004024,8.6,8.9,9.1,9.3,9.2,9.3,9.7,9.6,9.7,10.0,10.5,10.4,10.6,10.5,10.6,10.8,10.8,10.7,11.0,11.5,11.7,11.5,12.0,11.9,12.1
004025,8.9,9.3,9.3,9.1,9.5,9.3,9.3,9.3,9.5,10.0,9.8,9.6,10.0,9.9,9.9,10.3,10.4,10.0,10.3,10.0,10.4,10.7,10.5,10.4,10.6
004026,10.6,10.5,10.3,10.4,10.2,10.8,10.9,10.9,10.9,11.4,11.4,11.5,11.2,11.6,11.9,11.6,12.3,12.0,12.1,12.2,12.7,12.2,12.6,12.7,12.8
004027,9.0,9.1,9.2,9.3,9.1,9.0,9.1,9.5,9.3,9.8,10.2,10.1,10.1,10.6,10.6,10.3,10.4,10.3,10.5,10.8,10.7,10.9,10.7,10.9,11.1
004028,9.5,9.7,9.4,9.7,9.8,9.6,9.7,9.9,9.8,10.6,10.8,10.5,10.9,10.7,11.0,10.9,11.0,10.9,10.9,11.2,11.7,11.1,11.4,11.5,11.3
004029,9.3,9.5,9.8,10.0,10.0,10.2,10.5,10.5,10.6,11.4,11.5,11.5,11.5,12.0,12.0,11.9,12.1,12.3,12.7,12.7,13.6,13.3,13.4,13.5,13.0
004030,9.3,9.5,9.4,9.3,9.6,9.7,9.8,10.1,10.2,10.5,10.4,10.4,10.9,10.6,11.0,11.2,10.7,10.9,11.3,11.6,11.6,11.6,11.9,11.9,11.9
004031,7.9,8.0,7.8,8.2,8.1,7.9,8.1,8.2,8.1,8.4,8.6,8.5,8.4,8.1,8.5,8.5,8.5,8.7,8.4,8.3,8.6,8.8,8.7,8.7,8.6
004032,7.7,8.1,7.9,8.0,8.1,7.9,8.1,8.1,8.4,8.5,8.6,8.4,8.7,9.1,9.0,8.7,9.1,9.0,9.2,9.3,9.8,9.5,9.4,9.4,9.4
004033,8.8,8.7,8.8,8.5,8.8,8.6,8.7,8.8,9.0,9.2,8.7,9.0,9.1,8.9,9.0,9.1,9.1,9.0,9.1,9.0,9.1,8.6,9.2,8.9,9.0
004034,7.3,7.4,7.2,7.4,7.3,7.5,7.6,7.7,7.6,7.9,7.9,8.1,8.2,8.0,8.2,8.3,8.2,8.3,8.2,8.4,8.5,8.6,8.7,8.6,8.6
004035,8.2,8.3,8.3,8.6,8.5,8.3,8.8,8.8,8.8,8.9,9.1,9.5,9.5,9.5,9.8,9.6,10.0,9.9,10.0,10.1,10.2,10.2,10.1,10.4,10.7
004037,8.2,8.4,8.3,8.5,8.7,8.5,8.8,8.9,8.6,9.3,9.2,9.4,9.5,10.0,9.7,9.8,9.7,10.1,10.1,10.0,10.7,10.6,10.5,10.7,10.7
004038,9.8,9.7,10.0,10.2,9.9,10.1,10.1,10.2,10.3,10.4,10.7,10.9,10.9,11.2,10.8,11.2,11.5,11.2,11.4,11.8,11.5,11.8,11.6,11.8,11.9
004039,8.5,8.5,8.8,8.5,8.6,8.6,8.6,8.5,8.6,8.8,9.0,9.3,9.3,9.2,9.1,9.1,9.6,9.3,9.6,9.9,9.5,9.9,9.6,9.6,9.9
004040,9.5,9.8,9.8,9.9,9.9,10.1,10.3,10.3,10.5,10.7,10.6,11.0,11.3,11.5,11.6,11.6,11.9,12.0,12.0,12.6,12.8,12.1,12.7,12.8,12.4
004041,7.6,7.5,7.7,7.4,7.6,7.6,7.7,7.5,7.7,8.0,7.9,8.1,8.0,8.2,8.2,8.1,8.1,8.2,8.1,8.3,8.5,8.6,8.2,8.1,8.4
004042,7.3,7.6,7.6,7.6,7.5,7.6,7.5,7.6,7.6,8.0,8.1,7.9,8.1,8.1,8.3,8.3,8.3,8.1,8.3,8.5,8.8,8.6,8.5,8.8,8.6
004043,8.4,8.6,8.4,8.4,8.9,8.7,8.8,9.0,8.9,9.6,9.4,9.8,9.8,9.7,10.1,10.0,9.9,9.9,10.3,10.5,11.0,10.6,11.1,11.0,10.9
004044,10.6,9.9,10.3,10.3,10.4,10.5,10.2,10.0,10.1,10.5,11.0,11.1,10.9,11.3,11.1,11.2,11.0,11.1,11.5,11.3,11.5,11.1,11.4,11.9,11.5
004045,9.1,9.2,9.2,9.2,9.2,9.1,9.0,9.1,9.2,9.9,9.4,9.5,9.6,9.7,9.5,9.5,9.7,9.5,9.7,9.9,9.7,9.5,9.7,9.8,9.7
004046,9.2,9.6,9.5,9.5,9.9,9.8,10.1,10.0,9.9,10.4,10.4,10.3,10.8,10.3,11.1,11.0,10.8,10.8,11.2,11.4,11.9,10.9,11.3,11.3,11.6
004047,9.1,9.0,8.8,9.3,9.2,9.4,9.2,9.4,9.4,9.8,9.8,9.9,9.9,9.9,10.2,10.3,10.2,10.4,11.0,10.3,10.7,10.6,10.5,11.0,10.7
004049,7.7,7.6,7.6,7.5,7.9,7.6,7.8,7.8,7.8,7.9,8.2,8.2,8.4,8.4,8.2,8.5,8.7,8.6,8.6,8.6,9.0,8.5,8.8,9.0,9.2
004050,9.4,9.5,9.3,9.6,9.5,9.4,9.8,9.7,10.0,10.3,10.4,10.0,10.1,10.2,10.5,10.2,10.4,10.5,10.8,10.3,10.9,10.8,10.9,10.8,10.9
004051,10.5,10.4,10.2,10.2,10.6,10.3,10.5,10.5,10.4,10.7,10.9,10.7,10.5,11.0,11.4,10.8,10.7,10.9,11.1,11.2,11.3,10.8,11.2,11.2,11.1
004052,8.3,8.6,8.3,8.4,8.7,8.7,8.6,8.7,8.6,8.9,8.9,8.9,8.9,9.1,9.2,9.4,9.2,9.1,9.4,9.6,9.7,9.4,9.6,9.7,9.7
004053,9.9,10.3,10.5,10.8,11.1,11.0,11.1,11.1,11.1,12.5,12.1,12.3,12.6,12.7,13.3,13.7,13.5,13.7,14.0,14.2,14.7,14.7,14.8,14.3,15.4
004054,9.1,9.2,8.9,9.2,9.2,9.3,9.2,9.3,9.2,9.7,9.5,9.6,9.6,9.4,9.9,9.8,9.7,9.7,10.0,9.9,10.2,9.7,9.8,9.8,10.0
004055,9.2,9.1,9.2,9.5,9.5,9.6,9.8,9.7,9.6,10.1,10.8,10.1,10.9,10.6,10.8,10.8,10.8,10.8,11.0,11.2,11.3,11.7,11.5,11.4,11.6
004056,7.9,8.0,7.9,8.0,8.1,8.1,8.3,8.4,8.4,8.6,8.7,8.7,8.7,8.8,8.6,8.9,8.8,9.0,9.2,9.1,9.4,9.0,9.3,9.2,9.2
004057,6.9,6.8,6.7,6.9,7.1,7.1,7.0,7.2,7.3,7.4,7.5,7.4,7.8,7.6,7.7,7.9,7.8,8.1,8.0,8.2,8.4,8.1,8.4,8.5,8.3
004058,8.3,8.5,8.4,8.4,8.2,8.4,8.3,8.4,8.5,8.6,8.6,8.6,8.9,8.4,8.3,8.4,8.3,8.4,8.5,8.3,8.7,8.3,8.5,8.3,8.5
004059,7.7,7.8,7.8,7.8,7.8,7.9,7.8,8.0,7.8,8.1,8.4,8.2,8.4,8.3,8.3,8.4,8.3,8.7,8.5,8.6,8.8,8.5,8.3,8.4,8.5
004060,9.9,9.9,10.2,10.6,10.3,10.8,10.3,10.6,10.8,11.4,11.0,11.2,11.5,11.8,12.0,12.2,11.6,12.2,12.2,12.5,12.9,13.0,13.4,13.4,13.5
004061,8.7,8.9,8.7,8.7,9.0,9.1,8.8,9.0,8.7,9.2,9.4,9.3,9.0,9.3,9.4,9.1,9.5,9.2,9.4,9.5,9.5,9.4,9.2,9.3,9.1
004062,7.3,7.3,7.4,7.2,7.5,7.7,7.5,7.4,7.5,8.0,8.1,7.9,8.0,8.1,7.8,8.2,8.1,8.1,8.2,8.2,8.5,8.6,8.3,8.3,8.4
004063,8.5,8.5,8.4,8.4,8.4,8.7,8.3,8.6,8.5,8.9,9.0,8.7,9.0,9.1,9.1,9.1,8.8,9.0,8.9,9.3,9.5,9.1,9.1,9.1,9.3
004064,7.6,7.7,7.9,7.8,7.6,7.8,7.7,7.8,7.9,8.0,8.2,8.2,8.1,8.2,8.3,8.3,8.2,8.1,8.0,8.3,8.3,8.3,8.2,8.3,8.1
004065,8.5,8.8,8.2,8.4,8.4,8.7,8.6,9.1,8.8,9.1,9.1,9.1,9.1,9.2,9.5,9.3,9.7,9.8,9.6,9.7,10.0,9.9,9.9,9.9,10.0
004066,9.2,9.3,9.2,9.1,9.5,9.2,9.3,9.0,9.3,9.6,9.8,9.8,9.6,9.8,9.9,10.0,10.2,10.1,10.2,10.2,10.2,10.0,10.2,10.2,10.3
004067,8.3,8.4,8.4,8.5,8.8,8.7,8.9,9.1,9.1,9.5,9.6,9.6,9.7,9.7,10.1,10.0,10.1,10.1,10.5,10.4,10.7,11.1,11.0,11.1,10.8
004068,10.1,10.1,10.1,10.1,10.6,10.3,10.5,10.5,10.3,10.8,11.1,11.2,11.6,11.6,11.5,11.9,11.5,11.7,11.6,12.2,12.3,12.6,12.2,11.9,12.2
004069,9.3,9.2,9.7,9.5,9.5,9.9,9.3,9.7,9.8,9.9,10.1,10.3,10.1,10.7,10.4,10.9,10.6,10.7,10.7,10.7,11.3,10.9,10.8,11.0,11.3
004070,8.9,8.7,9.3,9.2,9.1,9.3,9.4,9.5,9.5,9.8,10.1,9.7,10.0,10.0,10.1,10.5,10.1,10.7,10.8,11.0,11.0,10.9,11.0,10.7,10.7
004071,7.7,7.6,7.5,7.9,7.7,7.8,8.0,7.8,8.0,8.2,8.4,8.4,8.5,8.7,8.8,8.9,8.8,8.9,9.0,8.7,9.4,9.3,9.3,9.3,9.3
004072,8.1,8.1,8.3,7.8,8.4,8.4,8.5,8.5,8.7,9.0,8.9,9.1,9.3,9.3,9.7,9.8,9.8,10.0,9.8,10.1,10.3,10.3,10.1,10.2,10.7
004073,9.2,9.3,9.2,9.4,9.5,9.9,9.7,9.9,10.2,10.2,10.5,10.7,11.0,10.8,11.1,11.1,11.2,11.1,11.5,11.5,11.9,12.2,12.5,12.0,12.4
004074,8.5,8.6,8.4,8.7,8.8,8.8,8.8,8.8,8.9,9.3,9.5,9.3,9.3,9.4,9.5,9.5,9.9,9.6,10.0,10.1,10.2,9.9,9.9,10.0,10.0
004075,7.3,7.3,7.6,7.5,7.2,7.7,7.6,7.5,7.7,8.0,8.2,8.1,8.3,8.2,8.4,8.2,8.4,8.4,8.6,8.6,9.0,8.7,8.9,8.9,9.2
004076,7.5,7.6,7.9,7.9,8.0,7.9,8.2,8.4,8.5,8.9,9.0,9.3,9.0,9.5,9.4,9.9,9.7,9.9,10.1,10.3,10.5,10.5,10.4,10.6,10.8
004077,8.6,8.5,8.9,8.9,8.8,8.9,9.1,9.1,9.3,10.0,10.2,10.1,10.2,10.5,10.6,11.3,10.5,11.0,11.3,11.3,11.7,11.8,11.7,12.4,12.5
004078,7.8,7.7,7.7,7.9,8.0,8.0,8.3,8.5,8.6,8.7,8.8,8.7,9.0,8.9,9.1,9.1,9.2,9.2,9.6,9.8,10.2,10.4,10.1,10.1,10.1
004079,9.6,9.3,9.4,9.6,9.6,9.7,9.8,9.8,9.9,9.9,10.2,10.4,10.6,10.6,10.4,10.7,10.3,10.5,10.8,10.7,10.8,10.9,10.5,10.9,10.7
004080,9.8,9.8,10.0,9.7,10.0,10.0,10.0,9.8,10.0,10.6,10.2,10.5,10.5,10.4,10.6,10.3,10.4,10.2,10.5,10.5,10.5,10.6,10.8,10.7,10.5
004081,9.2,9.4,9.2,9.3,9.7,9.6,9.4,9.7,9.8,9.8,10.0,10.1,10.0,9.9,10.3,10.0,10.1,10.4,10.5,10.3,10.8,10.6,10.4,10.2,10.4
004082,8.2,8.2,8.5,8.3,8.4,8.4,8.6,8.5,8.6,8.8,9.0,8.7,9.1,9.1,9.0,9.5,9.3,8.9,9.2,9.5,9.4,9.3,9.1,9.3,9.5
004083,9.1,9.1,9.1,9.1,9.2,9.3,9.2,9.4,9.8,9.6,10.4,10.1,10.1,10.4,10.5,10.6,10.6,10.5,10.6,10.9,10.8,11.1,11.0,11.0,11.2
004084,9.7,9.4,9.7,9.5,9.6,9.7,9.6,9.4,9.6,10.0,10.4,9.9,9.9,10.1,10.1,9.7,10.1,10.3,10.2,9.8,10.3,10.2,10.4,10.2,10.3
004085,9.3,9.2,9.6,9.2,9.5,9.5,9.7,9.5,9.9,9.9,10.3,10.1,10.2,10.3,10.4,10.5,10.5,10.3,10.5,10.5,10.8,10.7,10.8,10.6,10.7
004086,9.8,9.7,9.9,9.7,10.2,10.1,10.5,10.1,10.3,10.4,10.8,10.7,11.3,11.3,11.3,11.2,11.0,11.2,11.3,11.9,11.9,11.8,11.8,12.1,11.8
004087,7.8,7.6,7.7,7.7,7.8,7.8,7.8,8.0,8.1,8.5,8.2,8.4,8.7,8.5,8.8,8.5,8.6,8.7,8.6,8.8,9.1,8.9,8.7,8.9,9.2
004088,9.5,9.5,9.5,9.7,9.9,9.8,10.0,10.1,9.8,10.6,10.5,10.8,10.7,11.2,11.1,11.3,11.2,11.5,11.8,11.7,11.9,11.9,11.9,12.3,12.2
004089,8.6,8.6,8.5,8.4,8.4,8.8,8.8,8.8,8.8,9.1,9.0,9.3,9.2,9.5,9.5,9.2,9.6,9.6,9.3,9.7,9.8,9.3,9.5,9.9,9.3
004090,8.3,8.7,8.5,8.6,8.8,8.4,8.7,8.6,9.0,9.0,9.2,9.3,9.3,8.9,9.3,9.3,9.2,9.4,9.4,9.3,9.9,9.5,9.7,9.7,9.6
004091,7.7,7.6,7.9,7.5,7.8,7.8,7.9,7.7,7.8,8.2,8.0,8.0,8.1,8.3,8.3,8.4,8.1,8.4,8.3,8.5,8.5,8.5,8.4,8.6,8.7
004092,6.9,6.8,6.8,6.7,6.6,6.8,6.8,6.7,6.9,6.8,6.9,7.0,6.9,7.0,6.7,6.8,6.9,6.7,6.7,6.8,6.9,6.7,6.7,6.7,6.7
004093,7.0,7.1,7.3,7.4,7.0,7.4,7.1,7.2,7.5,7.8,7.6,7.5,7.6,7.6,7.7,7.8,7.5,7.6,7.6,7.8,7.9,7.9,7.6,7.5,7.9
004094,8.7,9.2,9.0,9.2,9.1,9.2,9.2,9.4,9.3,9.9,10.0,9.9,10.1,10.0,10.3,10.1,10.6,10.2,10.7,10.6,10.7,10.6,10.6,10.7,11.3
004095,8.6,8.8,8.7,8.7,8.8,8.7,8.7,9.0,8.8,9.3,9.4,9.5,9.5,9.6,9.7,9.7,9.7,9.7,9.8,10.0,10.1,9.7,9.9,10.1,9.8
004096,7.2,7.2,7.4,7.3,7.3,7.3,7.5,7.6,7.6,7.8,7.8,8.0,7.9,8.0,8.0,8.4,8.1,8.4,8.5,8.4,8.8,8.6,8.4,8.4,9.0
004097,7.9,8.3,8.4,8.4,8.7,8.9,8.9,8.7,8.9,9.3,9.4,9.5,9.5,9.6,10.0,10.2,10.0,10.1,10.2,10.4,10.7,10.3,10.5,10.8,10.9
004098,8.3,8.2,8.4,8.5,8.1,8.3,8.3,8.5,8.6,8.8,8.8,8.8,8.8,8.7,8.7,8.6,9.1,8.8,9.0,8.8,9.1,9.3,9.1,9.0,9.0
004099,9.2,9.4,9.4,9.3,9.9,9.5,9.7,9.6,9.5,10.2,10.3,10.2,10.1,10.5,10.7,10.5,10.7,10.8,10.9,10.8,11.2,10.7,10.9,11.0,11.3
004100,9.1,9.4,9.6,9.1,9.4,9.3,9.3,9.3,9.6,9.9,10.4,10.2,10.1,10.3,10.2,10.6,10.3,11.1,10.7,10.8,10.9,11.3,11.1,11.5,11.5
004101,9.8,10.1,10.6,10.5,10.4,10.6,10.5,10.6,10.7,11.1,10.8,11.2,11.2,11.4,11.5,11.5,11.2,11.3,11.7,11.9,11.9,11.8,12.0,11.8,12.2
004102,7.6,7.7,8.0,7.9,8.0,8.2,8.1,8.1,8.5,8.8,8.8,8.9,9.1,8.9,9.1,9.1,9.1,9.6,9.3,9.6,9.9,9.8,9.6,10.1,10.0
004103,6.5,6.4,6.4,6.3,6.3,6.2,6.3,6.4,6.3,6.4,6.5,6.3,6.4,6.4,6.3,6.4,6.5,6.3,6.3,6.3,6.4,6.2,6.2,6.4,6.0
004104,8.0,7.9,8.1,8.0,7.9,8.3,8.5,8.1,8.8,8.4,8.7,8.7,8.8,9.0,9.0,9.0,9.3,9.0,8.9,9.3,9.8,9.2,9.1,9.5,9.2
004105,8.8,8.8,9.2,9.0,9.4,9.3,9.6,9.4,9.6,9.7,9.8,9.9,10.2,10.0,10.1,10.2,10.3,10.4,10.6,10.3,11.1,10.8,10.8,10.9,10.9
004106,7.9,8.1,8.3,8.6,8.6,8.8,8.8,8.6,8.9,9.2,9.4,9.3,9.6,9.4,9.7,9.8,10.0,10.2,10.3,10.1,10.8,10.7,10.6,10.8,11.1
004107,7.3,7.3,7.6,7.6,7.3,7.6,7.6,7.7,7.6,7.9,8.0,8.2,8.1,8.3,8.5,8.4,8.4,8.5,8.4,8.4,8.6,8.5,8.7,8.6,8.8
004108,7.9,8.0,8.0,8.2,8.1,8.4,8.2,8.3,8.3,8.7,8.7,9.0,8.9,8.8,9.1,9.2,9.2,9.5,9.6,9.6,9.6,9.6,9.7,9.8,9.9
004109,7.5,7.6,7.7,7.7,7.8,7.9,7.8,8.2,8.0,8.3,8.5,8.4,8.6,8.6,8.8,8.8,9.0,8.6,8.8,9.0,9.3,9.2,9.4,9.2,9.5
004110,8.9,9.2,9.3,9.4,9.3,9.3,9.2,9.3,9.3,9.6,9.6,9.7,9.8,9.8,10.1,9.6,9.8,10.0,9.8,10.3,10.3,10.3,10.2,10.2,10.0
004111,8.3,8.4,8.7,8.6,8.8,8.6,8.7,8.9,8.9,9.2,9.4,9.6,9.3,9.6,9.5,9.5,9.9,9.8,9.8,9.8,10.5,10.0,10.2,10.4,10.3
004112,8.0,8.2,8.2,8.2,8.3,8.4,8.1,8.2,8.2,8.5,8.3,8.7,8.5,8.7,8.6,8.9,8.7,8.8,8.8,8.9,8.8,8.8,9.0,8.9,8.7
004113,9.2,9.4,9.5,9.2,9.4,9.8,9.5,9.5,9.4,10.0,10.4,10.4,10.4,10.4,10.3,10.6,10.7,10.7,11.1,11.2,11.7,11.5,11.3,11.5,11.5
004114,8.6,8.5,8.6,8.5,8.8,8.7,9.0,9.1,9.0,9.2,9.6,9.3,9.5,9.5,9.7,9.5,9.9,10.0,9.8,9.8,10.4,10.3,10.0,10.4,10.6
004115,8.4,8.4,8.5,8.4,8.5,8.5,8.9,8.8,9.1,9.3,9.5,9.5,10.0,9.9,9.8,10.1,10.2,10.4,10.5,10.6,10.7,10.7,11.0,11.1,11.1
004116,9.1,9.0,9.3,9.4,9.4,9.6,9.3,9.2,9.8,9.9,10.5,10.0,10.2,10.5,10.5,10.5,10.5,10.7,10.4,10.5,10.9,10.8,11.0,11.0,11.0
004117,8.1,8.3,8.5,8.7,8.4,8.6,9.0,8.9,9.0,9.8,9.5,9.8,9.8,10.1,10.4,10.2,10.3,10.7,10.8,10.8,11.4,11.3,11.3,11.6,11.9
004118,10.2,10.3,10.4,10.6,10.3,10.5,10.4,10.9,10.4,11.3,11.4,11.4,11.7,11.4,11.8,11.7,12.2,11.9,12.3,12.3,12.4,12.6,12.6,12.8,12.8
004119,8.6,8.3,8.6,8.4,8.4,8.5,8.6,8.5,8.4,8.6,8.9,8.8,8.8,8.8,9.0,8.9,8.9,8.8,8.8,8.9,9.2,9.0,9.1,9.2,9.0
004120,9.1,9.4,9.3,9.4,9.8,9.6,9.6,9.7,9.8,10.5,10.7,10.6,10.5,10.6,11.1,11.2,11.3,11.4,11.7,11.6,12.0,11.9,12.2,12.0,12.4
004121,8.2,7.8,8.2,8.0,8.0,8.3,8.2,8.4,8.3,8.8,8.9,9.0,8.8,9.0,9.2,9.0,9.4,9.3,9.3,9.4,9.6,9.4,9.6,9.6,9.9
004122,7.7,7.7,8.0,8.0,8.2,8.1,8.2,8.2,8.2,8.6,8.7,8.6,8.9,8.8,9.1,8.9,9.1,9.3,9.1,9.3,9.6,9.4,9.4,9.8,9.6
004123,7.2,7.1,7.1,7.2,7.2,7.1,7.4,7.4,7.3,7.6,7.6,7.7,7.9,7.9,7.9,8.1,8.3,8.0,8.3,8.3,8.5,8.5,8.2,8.6,8.8
004124,8.6,8.6,8.7,8.7,9.1,9.0,9.2,9.2,9.4,9.4,9.8,9.8,9.9,9.9,10.2,10.6,10.4,10.5,10.5,10.5,10.8,10.8,11.0,11.1,11.0
004125,7.6,7.6,7.5,7.8,7.9,7.8,7.5,7.8,7.9,8.0,8.2,8.1,8.3,8.3,8.3,8.5,8.3,8.5,8.5,8.8,8.6,8.6,8.6,8.6,8.8
004126,8.5,8.5,8.6,8.6,8.4,8.7,8.9,8.8,9.0,9.4,9.8,9.7,9.9,9.9,9.7,10.0,10.2,10.2,10.0,10.3,10.6,10.3,10.5,10.4,10.9
004127,9.0,8.8,9.2,9.1,9.0,9.3,8.9,9.3,9.0,9.1,9.9,9.3,9.6,9.5,9.4,9.4,9.6,9.1,9.6,9.4,10.1,10.0,9.6,9.6,9.9
004128,8.1,8.4,8.4,8.3,8.2,8.5,8.5,8.5,8.4,8.7,8.9,8.7,9.0,9.0,9.0,9.0,8.9,9.1,9.1,9.2,9.6,9.1,9.1,9.2,9.4
004129,9.4,9.3,9.3,9.5,9.7,9.6,9.7,10.0,9.8,10.2,10.6,10.5,10.5,10.7,10.8,11.0,10.9,11.3,11.1,11.4,11.6,11.3,11.9,11.7,11.7
004130,8.8,8.6,8.6,8.6,8.6,8.8,8.9,8.7,8.5,9.1,8.9,9.0,8.8,9.0,9.0,9.2,9.2,9.0,9.0,9.2,9.2,9.1,9.2,9.3,9.0
004131,9.0,8.9,8.9,8.9,9.4,9.7,9.8,9.5,9.8,10.1,10.2,10.3,10.5,10.9,11.0,10.9,11.3,11.0,11.1,11.3,11.8,11.4,11.6,11.7,12.1
004132,7.9,8.3,8.1,8.0,7.9,8.4,7.9,8.0,8.4,8.4,8.4,8.2,8.2,8.4,8.3,8.4,8.3,8.4,8.5,8.5,8.5,8.3,8.4,8.7,8.6
004133,8.8,9.2,9.1,9.4,9.2,9.2,9.3,9.2,9.6,9.7,9.9,9.7,9.8,9.9,10.0,10.1,10.0,10.2,9.9,10.1,10.4,10.5,10.5,10.6,10.5
004134,8.2,8.4,8.4,8.2,8.5,8.8,8.7,8.7,8.7,9.0,9.0,8.8,8.9,9.1,9.0,8.9,9.2,9.1,9.3,9.4,9.5,9.6,9.7,9.4,9.5
004135,9.6,9.7,9.9,9.6,9.9,9.8,10.1,9.8,10.0,10.4,10.4,10.5,10.6,10.7,10.9,10.9,11.1,10.6,11.1,11.1,11.4,11.3,11.3,11.1,11.6
004136,10.6,10.6,10.5,10.9,10.6,10.6,10.4,10.9,11.0,10.9,11.3,11.3,11.4,11.4,11.8,11.5,11.5,11.4,11.7,11.9,11.6,11.8,11.3,11.9,12.0
004137,8.2,8.4,8.3,8.3,8.3,8.2,8.3,8.1,8.4,8.5,8.4,8.5,8.5,8.5,8.6,8.6,8.3,8.4,8.6,8.4,8.8,8.4,8.5,8.6,8.4
004138,8.6,8.7,8.8,8.7,8.8,8.9,8.7,9.1,9.3,9.5,9.6,9.3,9.7,9.8,9.6,9.8,9.9,9.9,9.7,10.0,10.4,9.9,10.3,10.8,10.4
004139,9.5,9.7,9.8,9.9,9.6,9.6,10.0,10.0,10.0,10.2,9.9,10.5,10.4,10.6,10.3,10.7,10.6,10.8,10.6,10.6,11.2,11.1,11.1,10.8,11.1
004140,8.9,9.1,9.1,9.1,9.6,9.4,9.5,9.6,9.6,10.0,10.0,10.4,9.9,10.5,10.8,10.8,10.9,10.8,10.7,11.0,11.6,11.2,11.0,11.2,11.7
004141,8.8,8.7,8.8,8.9,8.6,8.7,8.7,8.7,8.8,9.1,9.2,9.3,9.5,9.4,9.4,9.3,9.3,9.5,9.4,9.7,9.6,9.8,9.6,9.6,9.5
004142,10.0,10.2,10.3,10.1,10.6,10.5,10.5,10.6,10.8,10.9,11.0,11.1,11.6,11.2,11.3,11.5,11.2,11.4,11.8,11.7,12.0,12.0,11.9,11.8,12.3
004143,7.0,6.8,6.8,6.8,6.8,7.0,7.2,7.0,7.1,7.4,7.4,7.5,7.4,7.5,7.6,7.5,7.5,7.5,7.7,7.8,8.0,7.7,7.8,7.8,8.0
004144,9.2,9.5,9.3,9.2,9.4,9.5,9.6,9.4,9.3,9.9,9.8,10.0,10.2,10.0,10.2,10.0,10.4,10.6,10.3,10.2,10.9,10.1,10.3,10.8,10.8
004145,7.5,7.5,7.6,7.6,7.6,7.6,7.9,7.8,8.0,8.3,8.5,8.3,8.4,8.3,8.8,8.7,8.5,8.7,8.7,8.6,9.3,9.0,9.1,9.2,9.3
004146,8.5,8.6,8.9,8.4,9.0,8.9,8.9,9.1,9.0,9.4,9.5,9.4,9.9,9.9,9.8,10.1,10.0,10.0,10.5,10.6,10.6,10.3,10.6,10.7,11.0
004147,7.6,7.6,7.7,7.8,7.6,7.9,7.7,8.2,8.0,8.4,8.2,8.4,8.6,8.5,8.6,8.6,8.6,8.7,8.9,8.9,9.3,8.9,9.0,9.3,9.4
004148,7.5,7.4,7.5,7.5,7.7,7.7,8.0,8.0,7.9,8.0,8.2,8.3,8.4,8.4,8.4,8.4,8.5,8.5,8.5,8.7,8.9,8.9,8.8,9.0,9.1
004149,7.5,7.7,7.8,7.8,7.9,7.9,7.7,8.0,8.2,8.3,8.4,8.4,8.5,8.7,8.6,8.7,8.7,8.7,9.0,9.1,9.3,9.1,9.4,9.2,9.1
004150,9.7,10.0,9.5,10.1,9.7,10.0,10.0,10.3,10.1,10.3,10.6,10.2,10.6,10.3,10.6,10.7,10.8,10.7,11.2,11.1,11.4,10.8,11.0,11.6,11.4
004151,8.4,8.7,8.7,8.9,8.7,8.8,9.1,9.2,9.1,9.6,9.6,10.0,9.7,9.8,9.9,9.7,9.4,9.8,10.0,10.0,10.4,10.4,10.2,10.5,10.4
004152,7.4,7.2,7.3,7.1,7.3,7.2,7.2,7.3,7.4,7.6,7.6,7.5,7.7,7.9,7.5,7.7,7.6,7.7,7.4,7.7,7.7,7.6,7.6,7.6,7.8
004153,8.3,8.4,8.3,8.2,8.4,8.4,8.5,8.7,8.5,8.6,8.8,9.0,8.8,9.0,9.0,9.0,8.8,8.8,9.0,9.1,9.7,8.9,9.1,8.8,9.0
004154,8.7,8.6,8.7,8.5,8.9,8.8,8.9,8.8,8.7,9.2,9.6,9.4,9.7,9.3,9.6,9.3,9.6,9.8,9.6,10.0,10.1,9.8,10.1,10.1,10.4
004155,8.6,8.9,8.9,8.6,9.0,8.9,9.0,9.1,9.1,9.3,9.4,9.5,9.6,9.9,9.9,9.6,10.0,9.6,9.6,10.0,10.5,10.0,10.3,10.4,10.4
004156,9.9,10.4,10.2,10.3,10.5,10.3,10.4,10.7,10.7,10.8,10.8,11.2,10.7,11.3,11.0,10.9,11.1,11.1,11.1,11.3,11.5,11.3,12.0,11.4,11.5
004157,8.4,8.8,8.4,8.7,8.6,8.9,8.8,9.0,9.1,9.3,9.3,9.8,9.6,9.5,9.5,9.9,9.4,9.8,9.8,9.9,10.2,10.1,10.1,10.0,10.1
004158,6.7,6.9,6.7,6.7,7.0,6.9,6.9,6.9,6.7,7.1,6.9,7.1,7.1,7.1,7.1,7.0,7.1,7.2,7.2,7.2,7.3,7.2,7.3,7.0,7.4
004159,9.5,9.5,9.4,9.5,9.6,9.6,9.8,10.0,10.0,10.4,10.3,10.5,10.7,10.3,10.7,10.8,11.0,11.1,11.1,11.6,11.4,11.4,11.2,11.2,11.2
004160,6.9,7.0,6.8,7.1,7.1,7.1,7.2,7.3,7.2,7.4,7.4,7.4,7.6,7.6,7.5,8.0,7.8,7.6,7.9,7.8,8.1,7.8,8.1,8.0,7.8
004161,8.6,8.7,8.5,8.8,9.2,9.2,8.8,9.1,9.2,9.3,9.2,9.7,9.8,9.9,10.0,10.1,10.0,9.9,10.4,10.2,10.5,10.6,10.3,10.6,10.4
004162,8.4,8.4,8.5,8.6,8.5,8.4,8.8,8.6,8.7,8.9,9.0,9.1,9.0,9.2,9.1,9.6,9.1,9.3,9.6,9.2,9.8,9.4,9.5,9.5,10.0
004163,7.2,7.3,7.4,7.4,7.6,7.3,7.3,7.5,7.5,7.7,7.7,7.8,7.8,7.9,8.0,7.7,7.9,8.0,8.0,8.2,8.3,8.1,8.3,8.2,8.5
004164,8.0,8.1,8.0,8.1,8.0,8.1,8.0,8.0,8.1,8.3,8.4,8.2,8.3,8.2,8.3,8.5,8.5,8.4,8.2,8.4,8.7,8.2,8.6,8.3,8.2
004165,10.1,9.9,9.8,10.1,10.4,10.3,10.6,10.6,10.2,10.8,10.8,11.3,11.1,11.4,11.4,10.9,11.3,11.5,10.8,11.6,11.6,11.5,11.9,12.0,11.9
004166,8.0,7.8,8.0,7.9,8.1,8.2,8.2,8.4,8.1,8.8,8.9,8.6,8.7,9.0,8.9,9.1,9.3,9.3,9.2,9.3,9.6,9.4,9.7,9.6,9.8
004167,8.1,8.0,7.9,8.3,8.1,8.5,8.4,8.4,8.4,8.8,8.6,8.7,8.6,8.9,8.8,9.1,8.7,8.8,8.9,8.9,9.3,8.9,9.1,9.3,8.9
004168,8.4,8.2,8.2,8.4,8.5,8.3,8.6,8.3,8.0,8.5,8.5,8.5,8.7,8.5,8.9,8.5,8.3,8.3,8.8,8.3,8.6,8.2,8.4,8.5,8.3
004169,7.8,8.0,8.2,8.1,8.1,8.2,8.2,8.3,8.2,8.5,8.6,8.5,8.6,8.8,8.9,8.6,8.9,8.8,9.2,9.0,9.4,9.1,9.3,9.1,9.4
004170,10.3,10.2,10.0,10.7,10.7,11.0,10.9,10.8,10.9,11.6,11.2,11.4,11.4,11.8,12.1,11.7,11.9,12.2,12.2,12.6,12.4,12.9,12.2,12.9,12.9
004171,8.3,8.2,8.3,8.6,8.6,8.8,8.9,9.0,9.2,9.6,10.0,9.8,10.0,10.1,10.4,10.5,10.6,10.4,11.0,10.9,11.3,11.0,11.2,11.3,11.5
004172,9.5,9.6,9.5,9.5,10.1,9.9,10.2,10.0,10.1,10.5,10.8,10.9,11.1,10.8,11.0,11.3,11.3,11.1,11.3,11.8,12.4,12.0,12.1,11.9,12.4
004173,7.8,7.6,7.8,7.8,7.8,8.1,7.8,8.0,7.8,8.5,8.5,8.2,8.4,8.0,8.5,8.5,8.6,8.6,8.7,8.7,8.6,8.6,8.5,8.9,8.6
004174,7.6,7.7,8.0,7.9,7.8,7.7,8.0,7.8,8.0,8.1,8.2,8.4,8.1,8.5,8.4,8.4,8.6,8.3,8.5,8.5,8.8,8.8,8.5,8.7,8.9
004175,8.5,8.8,8.8,9.0,8.8,8.9,8.8,8.9,9.3,9.4,9.5,9.5,9.8,9.6,9.7,9.6,9.8,9.4,10.1,10.0,10.2,9.9,10.3,10.2,10.1
004176,9.1,8.9,9.1,9.3,9.5,9.4,9.3,9.7,9.7,10.1,9.9,10.2,10.4,10.1,10.1,10.2,10.7,10.7,10.6,10.4,10.6,11.0,10.8,10.8,10.7
004177,8.4,8.3,8.5,8.4,8.6,8.5,8.8,8.4,8.8,8.8,8.8,8.8,8.7,8.9,8.9,8.7,8.9,8.8,9.0,9.1,9.0,8.9,9.0,8.9,8.8
004178,8.4,8.5,8.6,8.8,9.1,9.1,8.9,8.9,9.2,9.4,9.5,9.6,9.5,9.7,9.7,9.8,10.2,10.1,10.2,10.6,11.1,10.3,10.6,10.7,10.8
004179,8.0,7.9,7.9,7.9,8.2,8.1,8.4,8.2,8.4,8.7,8.8,8.9,8.7,8.8,8.9,8.9,8.9,9.0,9.2,9.5,9.5,9.7,9.5,9.4,9.6
004180,7.1,7.2,7.2,7.4,7.2,7.3,7.1,7.4,7.1,7.3,7.5,7.4,7.4,7.3,7.4,7.1,7.5,7.2,7.4,7.3,7.5,7.4,7.3,7.2,7.3
004181,9.4,9.5,9.5,9.6,9.8,9.8,10.0,10.1,10.3,10.5,10.8,11.0,11.2,10.8,10.9,10.8,11.2,11.1,11.0,11.0,11.6,11.5,11.0,11.3,11.8
004182,8.3,8.5,8.4,8.7,8.5,8.7,8.6,8.8,8.7,9.0,9.3,9.4,9.0,9.6,9.3,9.7,9.5,10.0,9.6,9.9,9.9,9.8,9.8,10.0,9.9
004183,9.3,9.5,9.7,9.7,9.5,9.7,9.5,9.8,9.8,10.3,10.2,10.2,10.1,10.5,10.7,10.5,10.5,11.0,10.3,10.7,11.4,10.7,11.1,10.8,11.1
004184,8.4,8.6,8.6,8.7,8.8,8.9,8.7,8.6,8.8,9.4,9.3,9.5,9.5,9.6,9.9,9.7,9.9,9.8,9.7,9.9,10.3,10.5,10.4,10.1,10.1
004185,7.9,7.8,7.8,7.9,8.0,8.1,8.2,8.4,8.4,8.4,8.7,8.7,8.9,8.9,9.0,9.0,9.1,9.3,9.5,9.6,9.7,9.6,10.0,9.6,9.9
004186,8.1,8.2,8.1,8.3,8.5,8.4,8.4,8.6,8.6,8.9,8.8,9.0,9.3,9.4,9.3,9.2,9.3,9.7,9.2,9.7,10.1,10.0,9.8,9.9,10.0
004187,9.5,9.8,9.4,9.7,9.5,9.7,9.9,10.0,9.9,10.1,10.2,10.0,10.5,10.5,10.5,10.6,10.8,10.8,10.9,10.7,10.9,11.3,10.9,11.2,11.5
004188,7.4,7.4,7.7,7.6,7.5,7.4,7.8,7.8,7.9,8.0,7.9,8.1,8.5,8.1,8.5,8.4,8.4,8.4,8.4,8.6,8.9,8.9,8.7,9.0,9.0
004189,8.1,8.1,8.3,8.0,8.2,8.3,8.5,8.3,8.2,8.8,8.7,8.7,8.9,8.6,8.8,8.7,8.6,8.9,8.8,8.8,9.1,9.3,8.7,9.0,8.9
004190,8.3,8.3,8.6,8.8,8.6,8.5,8.6,8.6,8.6,8.8,9.2,9.3,9.1,9.3,9.3,9.0,9.3,9.4,9.2,9.1,9.3,9.3,9.2,9.4,9.5
004191,8.7,8.7,8.9,9.1,9.2,9.3,9.2,9.2,9.1,9.7,9.5,9.7,9.5,9.4,9.7,9.8,9.6,9.9,10.1,10.0,10.3,10.0,9.7,10.2,10.2
004192,10.3,10.0,10.5,10.2,10.4,10.6,10.5,10.2,10.2,10.6,10.8,10.8,11.0,11.0,10.8,11.1,11.0,11.1,11.1,11.0,11.3,11.0,11.4,11.1,11.4
004193,8.7,8.2,8.6,8.6,8.6,8.7,8.6,8.4,8.8,8.9,8.8,9.2,8.9,8.7,9.4,8.8,9.2,9.1,9.3,9.2,9.4,9.1,9.2,9.2,9.3
004194,8.3,8.4,8.6,8.3,8.4,8.6,8.7,8.7,8.8,8.8,8.8,8.9,9.2,9.0,9.0,9.0,9.1,8.9,9.1,9.2,9.6,9.3,9.1,9.3,9.5
004195,10.4,10.1,10.5,10.5,10.6,10.6,10.7,10.9,11.0,11.4,11.2,11.3,11.7,11.8,11.7,11.9,12.1,11.8,11.6,11.5,12.3,11.6,12.2,12.4,12.2
004196,6.5,6.8,6.8,6.8,7.0,7.1,7.1,7.3,7.2,7.6,7.4,7.6,7.7,7.7,7.8,7.8,8.0,8.0,8.1,8.3,8.5,8.3,8.5,8.8,8.8
004197,8.6,8.4,8.8,8.6,8.8,8.7,8.8,8.7,8.6,9.1,8.9,9.0,9.1,9.1,9.2,9.2,9.2,9.4,9.4,9.1,9.9,9.7,9.5,9.7,9.4
004198,9.6,9.5,9.5,9.6,10.1,9.8,10.2,10.0,10.3,10.9,10.7,11.2,11.0,10.9,11.6,11.3,11.6,11.6,11.8,12.1,12.5,12.4,12.2,12.9,12.9
004199,8.6,9.1,8.8,9.2,9.5,9.3,9.4,9.3,10.1,9.7,10.0,10.3,10.4,10.6,10.7,10.5,11.0,10.6,10.9,11.1,11.3,11.8,11.8,11.8,11.6
004200,8.3,8.4,8.3,8.5,8.6,8.4,8.5,8.2,8.7,8.7,8.9,9.0,9.1,8.9,9.0,9.0,9.2,8.9,9.0,9.4,9.1,9.0,9.1,9.2,9.3
004201,8.2,8.1,8.3,8.3,8.1,8.1,8.5,8.5,8.4,8.9,9.0,9.0,9.1,9.0,9.0,9.3,9.4,9.6,9.5,9.4,9.9,9.9,9.9,9.9,10.1
004202,8.8,8.8,9.0,9.2,9.6,9.4,9.4,9.5,9.9,10.3,10.5,10.6,10.7,10.9,11.0,11.3,11.4,11.7,11.9,12.2,11.9,12.6,12.9,12.5,12.6
004203,8.3,8.5,8.6,8.7,8.6,8.6,8.8,8.9,9.0,9.3,9.2,9.4,9.4,9.4,9.4,9.6,9.7,9.7,9.8,9.4,10.0,9.9,10.0,10.1,10.2
004204,8.4,8.5,8.5,8.4,8.5,8.5,8.5,8.7,8.5,8.9,8.8,8.9,9.1,9.1,9.0,9.1,9.1,9.4,9.3,9.2,9.6,9.5,9.6,9.5,9.4
004205,8.3,8.6,8.7,8.7,8.5,9.3,9.1,8.9,9.0,9.6,9.9,9.8,9.8,10.2,10.0,10.3,10.4,10.7,10.7,10.7,11.2,11.0,10.9,11.5,11.8
004206,9.5,9.5,9.9,9.7,9.6,10.0,10.1,10.0,10.0,10.6,10.7,10.6,10.8,10.6,10.8,10.9,11.0,10.7,11.1,11.0,11.4,11.1,11.3,11.3,11.2
004207,7.5,7.9,8.0,7.9,7.9,7.6,7.9,7.8,8.1,8.3,8.3,8.5,8.3,8.7,8.6,8.6,8.6,8.7,8.8,8.8,9.2,8.8,9.1,9.1,9.1
004208,7.4,7.4,7.5,7.6,7.7,7.7,7.9,7.9,7.7,8.2,8.2,8.5,8.4,8.6,8.6,8.9,9.1,9.0,9.1,9.2,9.6,9.2,9.3,9.4,9.9
004209,9.5,9.9,9.9,10.5,10.1,10.4,10.2,10.6,10.4,10.9,11.4,11.0,11.2,11.4,11.5,11.3,11.6,11.7,11.3,11.9,12.5,11.9,12.3,12.1,12.5
004210,9.0,8.9,8.8,9.1,9.2,9.2,9.6,9.4,9.4,10.3,10.1,10.4,10.4,10.2,10.2,10.8,10.6,11.0,11.1,11.5,11.5,11.2,11.5,11.5,11.5
004211,8.2,8.2,8.2,8.4,8.3,8.4,8.5,8.6,8.6,8.9,9.2,9.2,9.2,9.2,9.4,9.2,9.3,9.6,9.5,9.7,10.0,9.7,9.9,10.2,10.1
004212,9.8,10.0,9.8,9.9,10.2,10.3,10.3,10.5,10.5,10.9,11.2,11.3,11.9,11.6,12.2,11.7,11.9,12.0,12.3,12.0,12.7,13.0,13.0,13.3,13.4
004213,8.6,8.6,8.6,8.8,9.0,8.7,8.7,8.8,9.0,9.1,9.2,9.5,9.4,9.5,9.3,9.7,9.2,9.3,9.4,9.3,9.8,9.7,9.8,9.6,9.9
004214,7.9,7.9,7.9,8.0,7.9,8.1,8.1,8.3,8.1,8.5,8.5,8.4,8.6,8.5,8.7,8.7,9.1,9.1,9.1,9.1,9.5,9.3,9.5,9.4,9.4
004215,8.7,8.6,8.4,8.4,8.7,9.0,8.7,8.9,8.8,9.1,9.0,9.1,9.7,9.1,9.2,9.0,9.2,9.3,9.5,9.4,10.1,9.5,9.5,9.7,9.6
004216,9.0,9.1,9.4,9.1,9.3,9.3,9.4,9.3,9.4,9.8,10.3,10.0,10.1,10.3,10.1,10.0,10.4,10.3,10.3,10.8,10.9,10.7,10.6,10.8,11.0
004217,8.9,9.1,9.1,9.4,9.2,9.2,9.3,9.2,9.4,9.8,10.0,10.0,10.1,10.0,10.2,10.2,10.5,10.4,10.5,10.4,10.7,10.8,11.0,11.2,11.1
004218,8.0,8.0,8.0,8.2,8.2,8.4,8.4,8.3,8.3,8.7,9.0,8.8,8.8,9.1,9.1,9.3,9.3,9.0,9.4,9.3,9.5,9.5,9.5,9.6,9.6
004219,8.6,8.6,8.4,8.6,8.5,8.9,8.4,8.6,8.6,8.9,8.8,8.9,9.0,9.1,8.9,8.9,9.1,9.1,8.9,8.9,9.2,8.7,9.0,8.8,9.2
004220,8.5,8.7,8.4,8.8,8.9,8.9,8.8,9.0,8.6,9.3,9.1,9.2,9.1,9.4,9.2,9.3,9.4,9.5,9.6,9.5,9.5,9.6,9.7,9.5,9.6
004221,7.1,7.1,7.1,7.0,7.2,7.0,7.1,7.2,7.4,7.5,7.6,7.7,7.6,7.7,7.7,7.9,7.9,7.9,7.9,7.9,8.1,8.3,8.2,8.3,8.1
004222,8.6,8.8,8.6,8.9,8.8,9.0,9.0,9.3,9.2,9.9,9.9,10.0,10.2,10.2,10.7,10.6,10.6,10.7,11.0,11.1,11.3,11.4,11.4,11.6,11.5
004223,8.8,8.6,8.5,8.7,8.7,8.7,8.9,9.0,9.0,9.3,9.4,9.4,9.6,9.4,9.5,9.7,9.7,9.6,9.8,9.9,10.1,10.3,10.1,10.5,9.8
004224,9.7,9.3,9.5,9.7,9.5,9.8,9.8,9.9,9.6,10.1,10.2,10.3,10.6,10.2,10.1,10.7,10.2,10.0,10.4,10.3,10.5,10.4,10.4,10.3,10.7
004225,8.4,8.7,8.4,8.5,8.5,8.6,8.7,8.7,8.7,9.0,9.1,9.0,9.2,8.8,9.1,9.4,8.9,9.0,9.0,9.1,9.6,9.4,9.4,9.5,9.3
004226,8.3,8.3,8.3,8.4,8.4,8.8,8.6,8.9,8.8,9.1,9.2,9.4,9.4,9.6,9.8,10.0,10.2,9.7,10.2,10.1,10.6,10.2,10.8,10.7,10.6
004227,8.7,8.7,8.9,8.9,9.1,9.0,9.1,9.2,9.3,9.5,9.6,9.2,9.6,9.8,9.9,9.8,9.9,10.1,9.9,10.1,10.3,10.2,10.0,10.3,10.2
004228,6.0,6.1,6.2,6.1,6.2,6.1,6.3,6.4,6.5,6.5,6.6,6.7,6.7,6.7,6.8,6.7,6.7,6.8,6.9,6.9,7.0,6.9,7.0,6.9,6.9
004229,9.7,9.8,9.7,10.2,9.9,10.1,10.4,9.9,10.4,10.7,10.8,11.2,10.9,11.4,11.3,11.1,11.5,11.6,11.5,11.9,12.1,11.6,11.9,11.9,12.5
004230,8.2,8.2,8.3,8.7,8.4,8.5,8.8,8.7,9.1,9.3,9.2,9.4,9.5,9.6,9.5,9.7,9.7,9.8,9.8,10.0,10.4,10.5,10.1,10.2,10.5
004231,9.0,8.9,8.9,8.9,8.9,8.9,9.1,8.9,9.1,9.5,9.5,9.5,9.3,9.6,9.3,9.5,9.8,9.6,9.6,9.8,10.0,9.6,9.7,10.0,9.9
004232,7.9,8.0,8.1,8.0,8.2,8.3,8.4,8.6,8.7,8.9,8.9,8.9,9.1,8.8,9.3,9.2,9.3,9.4,9.3,9.6,9.8,9.6,9.5,9.7,10.1
004233,8.8,8.6,8.6,8.7,8.7,8.9,8.4,8.7,8.8,9.1,9.1,9.0,9.2,9.3,9.4,9.3,9.1,9.1,9.2,9.4,9.6,9.3,9.4,9.8,9.3
004234,8.4,8.4,8.8,8.4,8.4,8.6,8.7,8.8,8.7,9.4,9.4,9.2,9.7,9.8,9.7,9.4,10.3,10.0,10.1,10.5,10.7,10.2,10.6,10.5,11.0
004235,8.0,8.1,8.1,8.2,8.1,8.3,8.5,8.4,8.4,8.8,8.8,8.6,8.9,8.8,8.9,8.9,8.8,9.0,9.0,9.0,9.3,9.2,9.2,9.1,9.5
004237,7.7,7.8,7.9,8.1,8.1,8.4,8.1,8.6,8.5,8.9,8.9,8.9,9.1,9.2,9.1,9.3,9.5,9.6,9.6,9.8,10.0,10.0,10.3,10.0,10.1
004238,9.5,9.3,9.5,9.7,9.7,9.7,9.6,10.0,10.4,10.7,10.5,11.2,10.9,10.8,11.1,11.1,11.2,11.2,11.2,11.4,12.1,11.9,12.0,12.2,12.0
004239,8.9,8.8,9.0,9.2,9.3,9.2,9.1,9.5,9.5,9.9,10.2,10.1,10.1,10.1,10.3,10.3,10.5,10.8,11.0,10.8,11.5,11.4,11.3,11.2,11.2
004240,7.6,7.7,7.8,7.6,7.7,7.7,7.6,7.7,7.8,7.9,7.9,7.9,8.0,8.0,8.1,8.2,8.1,8.1,8.2,8.0,8.4,8.2,8.2,8.1,8.2
004241,7.2,7.2,7.2,7.5,7.7,7.5,7.5,7.7,7.7,7.8,8.2,8.0,8.1,8.1,8.5,8.5,8.3,8.5,8.5,8.6,8.9,8.8,8.8,9.0,8.8
004242,7.6,7.4,7.6,7.4,7.5,7.7,7.8,8.0,7.8,8.2,8.4,8.0,8.5,8.5,8.7,8.5,8.6,8.7,8.9,8.9,9.3,8.9,8.9,8.9,9.1
004243,8.4,8.9,8.5,8.7,8.6,9.0,8.9,9.1,8.9,9.5,9.6,9.8,9.8,9.9,9.6,10.2,10.0,10.1,10.3,10.3,10.9,11.0,10.5,11.1,11.2
004244,7.9,7.8,8.2,8.0,8.3,8.0,8.1,8.2,8.1,8.4,8.4,8.4,8.5,8.3,8.4,8.5,8.5,8.6,8.5,8.7,8.8,8.7,8.6,8.9,8.8
004245,8.8,8.8,8.7,8.8,8.8,8.7,9.1,8.8,9.2,9.1,9.4,9.3,9.3,9.3,9.3,9.5,9.3,9.2,9.2,9.6,9.7,9.6,9.4,9.8,9.4
004246,8.5,8.7,8.9,8.9,9.0,8.9,9.0,9.1,9.1,9.7,9.6,9.9,9.4,9.8,9.9,9.9,10.1,9.9,10.6,10.3,10.6,10.7,10.6,10.5,10.6
004247,8.9,8.6,8.8,9.0,9.0,9.1,9.1,9.6,9.4,9.8,10.0,10.0,9.9,10.1,10.2,10.2,10.3,10.3,10.5,10.7,11.1,10.9,11.0,11.1,11.2
004248,7.9,7.9,7.8,8.0,7.8,7.9,8.0,8.1,8.2,8.5,8.8,8.6,8.6,8.4,8.8,8.9,8.7,8.8,8.9,9.0,9.3,8.8,8.9,9.1,9.4
004249,7.7,7.8,7.9,7.9,8.1,8.0,8.4,8.3,8.5,8.8,8.7,9.3,8.9,9.3,9.3,9.1,9.1,9.6,9.5,9.8,10.3,10.4,10.2,10.2,10.3
004250,8.3,8.4,8.7,8.4,8.6,8.7,8.4,8.5,8.6,9.0,8.9,9.0,9.1,9.0,9.2,9.1,9.4,9.2,9.4,9.1,9.6,9.2,9.4,9.5,9.4
005001,9.6,9.3,9.7,9.6,9.8,9.7,9.9,10.0,9.8,10.4,10.4,10.6,10.4,10.5,10.6,11.0,10.8,10.8,11.0,10.7,11.1,10.7,11.0,10.9,11.0
005002,9.9,10.0,10.0,10.0,10.5,10.3,10.2,10.3,10.9,11.0,10.8,11.0,11.2,11.6,11.1,11.0,11.5,11.6,11.6,11.7,12.3,11.8,12.0,12.0,12.0
005003,8.6,8.8,8.9,9.0,8.8,9.1,8.9,9.1,9.2,9.5,9.6,9.7,9.4,10.0,10.0,9.8,9.8,10.1,9.9,9.8,10.2,10.1,10.2,10.1,10.3
005004,8.8,8.8,8.9,8.9,9.2,9.2,9.1,9.2,9.8,9.9,10.0,9.8,10.4,10.0,10.3,10.2,10.3,10.6,11.1,10.8,11.2,10.9,11.4,10.9,11.8
005005,7.8,7.7,7.9,7.9,8.0,8.0,7.8,8.1,8.1,8.3,8.2,8.2,8.4,8.3,8.3,8.5,8.4,8.6,8.2,8.2,8.7,8.2,8.4,8.6,8.8
005006,7.4,7.4,7.5,7.4,7.6,7.7,7.7,7.6,7.7,8.0,8.0,8.0,8.1,8.0,8.1,8.0,8.2,8.2,8.3,8.5,8.6,8.5,8.7,8.5,8.5
005007,8.5,8.5,8.7,8.6,8.9,8.9,8.8,9.0,9.1,8.9,9.2,9.6,9.3,9.7,9.8,9.5,9.8,9.7,9.7,9.9,10.2,10.3,10.0,9.9,10.4
005008,7.0,7.0,7.0,7.1,7.5,6.9,7.3,7.3,7.3,7.4,7.5,7.5,7.6,7.7,7.7,7.5,8.0,7.9,8.0,7.8,8.3,7.9,8.2,8.0,7.9
005009,8.1,8.1,8.1,8.1,8.4,8.5,8.5,8.3,8.6,8.9,8.8,9.2,9.2,9.3,9.2,9.5,9.8,9.5,9.7,9.5,10.1,9.8,10.2,10.3,9.8
005010,7.9,8.1,7.9,8.1,8.4,8.3,8.3,8.6,8.5,8.7,9.0,8.7,9.0,9.1,9.2,9.1,9.5,9.2,9.2,9.5,9.5,9.4,9.7,9.6,9.5
005011,9.2,9.1,9.4,9.7,9.2,9.5,9.5,9.9,9.7,10.1,10.6,10.3,10.1,10.4,10.8,10.8,10.8,10.8,10.9,10.8,11.4,10.9,11.2,11.2,11.5
005012,7.2,7.0,7.3,7.4,7.4,7.4,7.3,7.3,7.5,7.8,7.8,7.9,7.7,8.1,7.9,8.0,8.0,7.8,8.0,8.2,8.2,8.2,8.2,8.1,8.2
005013,8.9,8.9,8.8,8.8,9.2,9.4,9.1,9.2,9.4,9.5,10.1,9.8,10.2,10.1,10.1,10.3,10.3,10.5,10.3,10.8,11.2,10.9,10.9,11.4,11.3
005014,7.7,7.8,7.7,7.8,7.8,7.9,8.0,8.0,8.0,8.2,8.4,8.1,8.4,8.5,8.2,8.5,8.5,8.5,8.6,8.6,8.9,8.7,8.7,8.7,8.6
005015,8.1,8.3,8.0,8.2,8.3,8.1,8.1,8.3,8.1,8.4,8.6,8.7,8.7,8.8,8.5,9.0,8.8,8.9,8.9,9.1,9.0,9.0,9.2,9.0,8.9
005016,9.4,9.3,9.7,9.5,9.7,9.3,9.5,9.5,9.6,9.7,10.0,9.4,10.2,10.1,9.6,10.0,9.9,9.9,10.0,9.9,10.0,9.9,9.8,9.9,10.0
005017,8.9,8.9,8.9,8.8,9.1,9.2,9.1,9.2,9.2,9.8,9.8,9.8,9.8,9.8,10.1,10.1,10.1,10.2,10.2,10.2,10.6,10.3,10.6,10.7,11.0
005018,8.3,8.3,8.2,8.6,8.5,8.5,8.5,8.5,8.5,8.9,9.1,8.8,9.0,9.0,9.0,9.0,8.9,9.1,9.3,9.1,9.7,9.2,9.3,9.4,9.4
005019,10.0,9.9,9.9,10.1,10.2,10.5,10.7,10.5,10.3,11.0,11.2,11.5,11.2,11.2,11.8,11.8,11.9,12.1,12.0,12.2,12.6,12.3,12.7,12.6,13.1
005020,8.8,8.7,8.7,8.8,8.9,9.1,8.9,8.8,9.1,9.3,9.2,9.9,9.8,9.5,9.6,9.6,10.0,9.9,9.9,10.2,10.4,10.1,10.4,10.7,10.2
005021,8.3,8.3,8.4,8.2,8.5,8.5,8.4,8.5,8.7,8.8,9.2,9.2,9.3,9.1,9.2,9.4,9.4,9.5,9.4,9.4,10.3,9.8,9.8,9.9,10.0
005022,9.8,9.6,9.8,9.8,10.2,10.0,10.0,10.1,10.0,10.8,11.0,11.0,10.6,10.5,10.9,10.7,10.7,11.1,10.7,11.3,11.7,11.3,11.1,11.1,11.4
005023,8.7,8.9,8.5,8.7,8.7,8.9,9.0,8.9,8.9,9.3,9.3,9.3,9.4,9.5,9.3,9.5,9.4,9.3,9.3,9.7,9.6,9.4,9.5,9.4,9.5
005024,8.1,8.2,8.2,8.5,8.2,8.1,8.6,8.4,8.6,8.9,8.9,9.0,8.8,9.1,8.8,9.0,9.1,9.1,9.2,9.2,9.4,9.2,9.6,9.6,9.5
005025,8.6,8.5,8.5,8.7,8.8,9.1,9.1,9.4,9.2,9.8,9.8,10.0,10.4,10.2,10.4,10.2,10.7,10.7,11.0,10.9,11.5,11.2,11.4,11.5,11.9
005026,9.0,9.2,9.4,9.7,9.7,9.6,10.1,9.6,10.1,10.6,10.2,10.8,10.8,10.8,11.0,11.2,11.2,11.6,11.4,11.4,12.0,12.0,11.9,12.1,12.1
005027,7.4,7.7,7.5,7.6,7.8,7.5,7.7,7.6,7.8,7.8,7.9,8.1,8.1,8.0,8.0,8.1,8.0,8.1,7.8,8.0,8.5,8.1,8.0,8.1,8.4
005028,7.9,8.2,8.3,8.4,8.3,8.7,8.7,8.3,8.6,8.8,9.2,9.4,9.2,9.4,9.4,9.8,9.8,9.7,9.9,9.9,10.4,9.9,10.2,10.2,10.4
005029,8.3,8.3,8.1,8.3,8.2,8.4,8.4,8.3,8.6,8.8,8.9,8.8,8.8,8.8,9.1,8.9,8.9,9.3,9.0,9.1,9.2,9.0,9.1,9.3,9.1
005030,9.8,9.8,10.1,9.8,10.1,10.2,10.0,10.0,10.1,10.1,10.9,10.8,11.3,10.9,11.0,10.9,11.1,11.3,11.6,11.4,12.1,11.5,11.7,11.8,12.0
005031,7.7,7.6,7.7,7.9,7.7,8.0,8.0,8.0,8.1,8.5,8.3,8.5,8.5,8.8,8.4,8.8,8.8,8.8,8.5,8.8,9.4,9.2,9.2,9.6,9.3
005032,10.6,10.5,10.9,10.4,10.8,10.5,10.7,10.5,10.9,11.0,11.3,10.8,10.9,11.2,11.2,11.2,11.0,10.9,11.0,11.4,11.4,10.7,10.8,11.1,11.1
005033,5.7,5.7,5.8,5.6,5.7,5.8,5.7,5.8,5.8,6.0,6.0,6.0,6.1,5.9,6.1,6.2,6.2,6.3,6.3,6.4,6.5,6.6,6.4,6.4,6.4
005034,8.5,9.0,8.9,8.9,9.1,9.1,9.4,9.2,9.4,9.7,10.2,9.7,10.0,9.7,10.0,10.1,10.6,10.4,10.5,10.8,10.9,10.9,11.3,11.0,10.9
005035,7.3,7.3,7.1,7.1,7.2,7.2,7.3,7.4,7.5,7.8,7.6,7.7,7.7,7.7,7.6,7.8,7.8,7.9,7.9,8.0,8.1,8.2,8.1,8.2,8.3
005036,7.7,7.9,7.8,8.0,8.0,7.9,8.1,8.3,8.3,8.3,8.7,8.5,8.8,8.7,8.7,8.6,9.1,8.8,9.2,9.0,9.3,8.9,9.2,9.3,9.4
005037,9.3,9.0,9.2,9.1,9.1,9.3,9.4,9.3,9.3,9.8,9.8,9.8,9.8,9.9,9.6,9.8,9.7,10.0,9.8,10.2,10.1,9.9,10.3,10.4,10.5
005038,7.3,7.4,7.4,7.6,7.5,7.6,7.8,7.6,7.8,7.9,8.1,8.3,8.2,8.3,8.2,8.5,8.4,8.8,8.8,8.6,8.9,8.8,8.8,8.9,8.9
005039,10.0,9.8,10.0,10.1,10.2,10.3,10.2,10.8,10.6,11.4,11.4,11.6,11.7,11.5,11.7,11.9,11.8,12.4,12.1,12.0,12.5,12.8,12.8,12.8,13.1
005040,8.2,8.3,8.1,8.4,8.4,8.3,8.4,8.5,8.6,8.6,8.7,8.8,8.7,8.9,8.9,9.2,9.1,9.7,9.1,9.3,9.6,9.5,9.5,9.5,9.7
005041,8.8,8.9,8.9,8.8,9.2,9.3,9.3,9.2,9.3,9.4,10.0,9.6,9.8,9.9,9.7,9.9,9.7,10.1,10.3,9.7,10.4,10.1,10.2,10.3,10.1
005042,8.6,8.4,8.5,8.4,8.7,8.8,8.7,8.9,8.8,9.2,9.5,9.3,9.3,9.4,9.4,9.7,9.6,9.7,9.7,10.0,10.2,10.3,10.0,9.9,10.3
005044,8.3,8.5,8.2,8.2,8.2,8.4,8.2,8.4,8.3,8.8,8.9,9.1,9.2,9.1,9.2,9.0,9.5,9.3,9.5,9.4,9.7,9.7,9.6,9.7,9.6
005045,9.4,9.2,9.5,9.4,9.5,9.7,9.6,9.7,10.0,10.1,10.3,10.5,10.4,10.5,10.3,10.8,11.0,10.8,10.9,10.8,11.5,11.7,11.1,10.9,11.6
005046,9.0,8.9,9.1,9.3,9.1,9.4,9.7,9.7,9.8,9.9,10.3,10.0,10.2,10.4,10.0,10.6,10.5,10.6,11.0,10.7,10.6,10.6,10.9,11.2,10.8
005047,9.3,9.9,10.0,10.1,10.3,9.9,10.2,10.2,10.3,10.8,10.8,11.1,10.9,11.2,10.8,10.9,11.5,11.0,11.0,11.2,11.9,11.4,11.5,11.6,11.7
005048,7.8,7.7,7.8,7.9,8.3,8.3,8.2,8.1,8.3,8.5,8.9,8.7,8.7,8.8,9.0,8.9,9.3,9.1,9.4,9.4,9.4,9.8,9.8,9.6,10.0
005049,8.2,8.3,8.3,8.3,8.3,8.4,8.5,8.6,8.7,9.1,8.9,9.0,9.3,9.2,9.2,9.2,9.1,9.5,9.5,9.5,10.1,9.9,10.0,9.8,9.9
005050,7.8,8.0,8.0,8.1,8.1,8.0,8.3,8.1,8.3,8.7,8.7,8.6,8.7,8.9,8.8,8.9,9.3,8.9,9.2,9.2,9.8,9.4,9.3,9.6,9.5
005051,8.3,8.3,8.4,8.3,8.6,8.6,8.5,8.6,8.6,9.0,8.8,9.0,9.1,9.0,9.3,9.4,9.4,9.3,9.6,9.6,9.5,9.5,9.5,9.7,9.5
005052,8.8,8.8,8.8,9.2,9.2,9.0,9.3,9.0,9.4,9.8,9.4,10.0,10.0,9.8,10.1,9.6,10.2,10.1,10.1,10.6,10.1,10.1,10.6,10.5,10.4
005053,7.7,7.9,7.9,7.9,8.0,7.9,8.0,8.1,8.1,8.5,8.5,8.7,8.5,8.7,8.6,8.7,8.8,8.7,8.8,8.9,8.9,8.9,8.9,8.9,9.0
005054,9.2,9.5,9.4,9.5,9.6,9.2,9.7,9.5,9.7,10.0,10.2,10.0,10.1,10.2,10.5,10.0,10.3,10.3,10.2,10.6,10.8,11.0,10.9,11.0,11.1
005055,8.6,8.8,8.8,8.6,8.8,9.0,9.0,9.1,8.8,9.2,9.6,9.2,9.1,9.4,9.6,9.4,9.4,9.4,9.4,9.6,10.0,9.7,9.9,9.7,9.6
005056,10.6,10.5,10.4,10.6,10.5,10.6,10.6,10.6,10.6,11.2,11.3,11.1,11.3,11.2,11.6,11.2,11.2,11.5,11.6,11.7,12.0,11.6,11.4,11.8,11.7
005057,8.8,9.1,9.2,9.3,9.5,9.4,9.4,9.5,9.4,9.8,10.1,10.1,10.1,10.4,10.6,10.4,10.7,10.6,10.7,10.8,11.2,11.2,11.0,11.1,11.4
005058,7.0,7.3,7.2,7.0,7.2,7.1,7.4,7.2,7.2,7.4,7.4,7.5,7.6,7.6,7.6,7.5,7.4,7.7,7.5,7.7,7.8,7.8,7.7,7.7,7.8
005059,11.0,11.0,11.1,11.2,11.4,11.2,11.6,11.5,10.9,11.4,11.9,11.9,11.8,12.0,12.1,12.4,12.2,12.0,12.1,12.2,12.7,12.9,12.0,13.2,12.6
005060,10.1,10.3,10.3,10.4,10.5,11.0,10.7,11.1,11.0,11.4,11.1,11.8,11.8,11.7,11.8,12.0,12.1,11.9,12.4,12.1,12.9,12.3,12.5,12.7,13.0
005061,8.0,8.0,8.2,8.1,8.0,7.9,8.3,8.3,8.3,8.4,8.6,8.6,8.6,8.5,8.6,8.8,8.8,8.9,9.0,8.8,8.8,8.8,8.8,8.8,9.0
005062,8.5,8.5,8.3,8.4,8.7,8.6,8.6,8.6,8.5,8.9,9.1,9.0,9.3,9.3,8.8,9.1,9.3,9.4,9.1,9.4,9.3,9.2,9.4,9.1,9.5
005063,10.4,10.3,10.1,10.5,10.4,10.3,10.3,10.7,10.9,11.5,11.2,11.4,11.5,11.6,11.5,11.7,11.8,11.6,11.8,11.7,12.2,12.2,12.0,12.0,12.6
005064,9.4,9.7,10.0,9.8,10.1,10.3,10.4,10.7,10.7,11.5,11.6,11.1,11.7,11.5,11.7,12.1,12.3,12.5,12.3,12.5,13.0,12.5,12.9,13.1,13.4
005065,7.5,7.7,7.8,7.7,8.0,8.2,7.8,8.0,8.3,8.4,8.4,8.8,8.7,9.1,9.2,9.1,9.3,9.2,9.4,9.4,10.1,9.5,9.7,10.1,10.1
005066,8.4,9.0,8.7,8.9,8.7,8.8,9.1,9.1,9.4,9.5,9.3,9.5,9.6,9.6,9.9,9.9,10.0,10.0,10.1,10.2,10.3,10.3,10.2,10.7,10.4
005067,7.9,8.0,7.9,7.7,8.1,7.9,8.2,8.0,8.2,8.6,8.5,8.8,8.6,8.8,8.5,8.8,8.7,9.1,9.1,9.0,9.3,9.1,9.4,9.2,9.2
005068,7.7,7.7,7.8,7.9,7.6,8.0,8.1,8.3,8.2,8.5,8.4,8.5,8.7,8.5,8.8,8.8,8.8,9.1,8.8,9.1,9.3,8.8,9.2,9.3,9.7
005069,7.4,7.4,7.4,7.7,7.6,7.7,7.7,8.0,7.7,8.0,8.4,8.4,8.5,8.6,8.7,8.9,8.9,8.6,9.2,9.0,9.7,9.2,9.5,9.8,9.8
005070,7.4,7.5,7.7,7.7,7.7,7.6,7.5,7.7,7.6,7.8,8.1,7.8,7.9,7.9,7.7,7.8,7.9,7.8,7.8,7.9,7.9,7.8,7.9,8.1,7.8
005071,9.3,9.0,9.2,8.9,9.0,9.2,8.9,9.4,9.2,9.7,9.6,9.4,9.2,9.5,9.5,9.3,9.5,9.3,9.3,9.7,9.8,9.4,9.3,9.4,9.4
005072,8.9,8.7,8.7,8.8,8.8,8.7,9.0,8.8,8.7,9.0,9.2,9.3,9.2,9.3,9.4,9.5,9.3,9.3,9.5,9.3,9.7,9.6,9.5,9.6,9.5
005073,10.9,10.5,11.0,11.0,10.7,10.7,10.6,10.6,10.6,11.0,11.0,11.4,11.1,11.2,11.1,11.5,11.2,11.0,11.4,11.3,11.4,11.4,10.8,11.4,11.5
005074,7.0,7.1,7.1,7.2,7.4,7.4,7.3,7.3,7.4,7.6,7.5,7.6,7.7,7.6,7.5,7.7,7.9,7.8,8.0,8.1,8.1,7.8,8.0,8.0,8.2
005075,8.6,8.4,8.5,8.3,8.2,8.3,8.4,8.3,8.3,8.4,8.6,8.6,8.4,8.4,8.7,8.5,8.6,8.2,8.2,8.5,8.5,8.4,8.5,8.8,8.9
005076,8.1,8.2,8.1,8.2,8.3,8.1,8.3,8.6,8.5,8.7,8.7,8.6,9.0,9.2,9.2,9.3,9.2,9.3,9.3,9.3,9.4,9.6,9.4,9.8,10.0
005077,8.2,8.3,8.4,8.5,8.3,8.4,8.7,8.4,8.5,9.1,9.1,9.0,9.1,9.1,9.1,9.0,9.2,9.0,9.2,9.4,9.5,9.7,9.7,9.7,9.6
005080,10.4,10.2,10.0,10.4,10.4,10.6,10.7,10.8,11.3,11.6,11.3,11.5,11.7,11.6,11.6,12.0,12.2,11.9,12.1,11.9,12.7,12.6,12.7,12.6,12.8
005081,8.8,9.0,8.8,9.0,9.0,8.9,9.1,9.2,9.1,9.3,9.5,9.6,9.6,9.7,9.8,9.8,9.8,9.9,9.6,9.8,10.0,10.0,9.9,9.9,9.9
005082,8.4,8.6,8.3,8.2,8.2,8.4,8.2,8.4,8.4,8.4,8.6,8.5,8.4,8.5,8.6,8.3,8.4,8.6,8.4,8.3,8.5,8.5,8.4,8.1,8.3
005083,7.3,7.5,7.5,7.4,7.3,7.5,7.5,7.5,7.7,7.8,7.7,7.8,7.6,7.7,7.7,7.6,8.0,7.8,7.8,8.1,8.0,7.8,7.9,7.7,7.9
005084,6.9,7.0,6.9,6.9,7.0,6.9,6.9,6.9,7.1,7.2,7.1,7.2,7.3,7.3,7.4,7.2,7.1,7.1,7.2,7.3,7.2,7.4,7.3,7.2,7.3
005085,8.4,8.3,8.6,8.6,8.5,8.2,8.5,8.5,8.5,8.7,8.8,8.6,8.9,8.9,9.2,9.0,9.2,9.3,9.4,9.5,9.5,9.2,9.4,9.3,9.4
005086,8.0,8.0,8.2,8.2,8.3,8.2,8.2,8.4,8.5,8.6,8.3,8.8,8.8,8.9,8.7,8.9,9.3,9.1,8.9,9.2,9.3,9.2,9.2,9.1,9.0
005087,7.3,7.5,7.3,7.6,7.4,7.6,7.5,7.8,7.4,7.8,7.8,7.8,7.8,7.8,7.6,7.8,7.7,7.6,7.8,7.8,8.0,7.8,7.9,7.9,7.8
005088,8.0,8.1,8.0,8.2,8.4,8.5,8.4,8.6,8.5,9.2,9.2,9.2,9.3,9.3,9.6,9.7,9.4,9.7,9.8,9.8,10.1,9.9,10.1,10.0,10.5
005089,9.1,9.1,9.2,9.3,9.4,9.3,9.6,9.4,9.8,10.1,10.2,10.3,10.2,10.3,10.8,10.6,10.7,10.8,10.9,11.0,11.1,11.2,11.2,11.2,11.0
005090,9.0,9.0,8.9,8.9,8.8,9.1,9.1,9.0,9.1,9.3,9.4,9.4,9.3,9.6,9.5,9.6,9.5,10.0,9.7,9.7,9.7,9.7,9.8,9.7,9.9
005091,8.4,8.8,8.6,8.9,8.8,8.9,9.0,9.2,9.2,9.6,9.8,9.5,9.9,10.0,10.0,9.9,10.4,10.0,9.9,10.4,10.6,10.3,10.4,11.2,10.7
005092,9.6,9.6,9.7,9.7,9.6,9.4,9.8,9.6,9.6,10.4,10.0,10.3,10.2,10.2,10.0,10.2,9.9,10.3,10.3,10.5,10.7,10.3,10.5,10.3,10.4
005093,9.0,9.3,8.9,9.0,8.9,8.9,8.9,9.3,8.9,9.4,9.5,9.4,9.6,9.8,9.7,9.6,9.9,9.8,9.9,9.9,9.9,9.8,9.7,9.7,9.9
005094,9.5,9.3,9.5,9.4,9.6,9.5,9.5,9.4,9.2,9.7,9.8,9.8,10.0,10.0,10.0,9.7,9.8,10.0,10.0,10.0,10.3,10.1,10.1,10.0,10.1
005095,8.9,9.2,9.0,9.0,8.9,9.2,9.1,9.1,9.3,9.3,9.9,9.6,9.7,9.9,10.0,10.1,9.6,9.8,9.7,9.9,10.2,10.1,9.9,10.2,10.2
005096,9.1,9.1,9.3,9.5,9.7,9.5,9.7,9.8,10.0,10.3,10.4,10.4,10.5,10.5,10.8,10.9,11.1,11.5,11.6,11.6,11.6,11.5,12.0,12.1,12.0
005097,9.3,9.5,9.5,9.5,9.7,9.7,9.6,9.5,9.4,9.8,9.9,9.8,9.5,10.0,9.9,9.9,9.9,9.9,9.8,9.8,9.9,10.2,9.9,10.0,10.0
005098,7.6,7.8,7.7,7.7,7.9,7.9,8.1,7.8,7.8,8.0,8.1,8.3,8.3,8.4,8.6,8.4,8.5,8.3,8.6,8.6,8.7,8.7,8.7,8.7,8.4
005099,7.2,7.3,7.2,7.3,7.3,7.4,7.3,7.6,7.6,7.7,7.4,7.7,7.8,7.9,7.7,7.7,7.7,7.7,8.0,7.9,8.2,7.7,7.8,8.0,8.2
005100,9.1,9.0,9.1,8.7,9.2,9.4,9.2,9.2,9.6,9.9,10.1,9.9,10.5,10.5,10.5,10.5,10.8,10.3,10.8,10.8,10.8,11.1,11.3,10.7,11.6
005101,9.4,9.0,9.7,9.6,9.6,9.6,9.7,9.9,9.8,10.0,10.4,10.6,10.4,10.4,10.7,10.7,10.9,11.0,11.1,10.7,11.4,11.2,10.9,11.2,11.0
005103,8.2,8.1,8.2,8.3,7.9,8.2,8.1,8.2,8.2,8.3,8.3,8.2,8.2,8.4,8.4,8.4,8.3,8.1,8.4,8.3,8.5,8.1,8.2,8.4,8.4
005104,9.2,9.2,9.6,9.7,9.8,9.4,9.9,9.6,9.9,10.0,10.4,10.3,10.1,10.3,10.4,10.4,10.2,10.3,10.7,10.6,11.0,10.9,10.3,11.0,10.9
005105,8.8,9.1,8.8,8.9,9.0,9.1,9.1,9.2,9.0,9.4,9.5,9.4,9.5,9.6,9.6,9.4,9.6,9.4,9.7,9.7,10.0,9.7,9.7,9.8,9.8
005106,8.3,8.5,8.6,8.5,8.8,8.6,8.6,8.9,8.7,9.0,9.1,9.1,9.1,9.4,9.3,9.1,9.3,9.4,9.3,9.5,9.7,9.3,9.3,9.7,10.0
005107,8.2,8.1,8.1,8.2,8.2,8.5,8.2,8.2,8.4,8.7,8.7,8.8,8.8,8.9,8.9,9.0,8.8,9.3,9.0,9.1,9.5,9.2,9.3,9.4,9.2
005108,8.5,8.5,8.6,8.5,8.6,8.7,8.7,8.9,9.0,9.5,9.6,9.7,9.8,10.0,9.7,10.0,10.2,10.2,10.4,10.2,10.6,10.4,10.7,10.7,10.8
005109,8.6,8.7,8.6,8.7,8.5,8.7,8.7,8.7,8.6,8.9,8.9,9.0,9.1,8.8,9.0,9.2,8.9,9.1,8.8,9.0,9.1,8.9,9.1,9.1,9.1
005111,9.5,9.6,9.5,9.8,9.6,10.1,9.7,10.3,10.3,10.7,10.6,10.5,10.8,10.9,11.0,10.9,10.9,10.8,11.2,11.2,11.9,11.7,11.3,11.4,11.5
005112,11.7,11.4,11.0,11.7,11.2,11.4,11.6,11.3,11.3,11.5,11.7,11.8,11.7,11.6,11.2,11.2,11.9,11.4,11.6,11.3,11.6,11.2,11.4,10.9,11.1
005113,8.0,7.9,8.1,8.2,8.2,8.3,8.4,8.4,8.5,8.9,9.0,9.2,9.0,9.2,9.4,9.2,9.6,9.8,9.7,9.8,10.0,10.3,10.1,10.4,10.6
005114,8.0,8.3,8.2,8.2,8.3,8.3,8.2,8.4,8.6,8.6,8.8,8.7,8.9,9.0,8.9,9.1,8.9,8.8,9.2,9.1,9.4,9.4,9.2,9.4,9.2
005115,9.4,9.3,9.2,9.8,9.4,9.6,9.6,9.7,9.9,10.3,10.2,10.1,10.2,10.3,10.5,10.4,10.5,10.5,10.3,10.6,10.6,10.5,10.5,10.8,10.8
005116,10.4,10.6,11.0,10.9,11.1,11.1,10.8,11.1,10.8,11.4,11.5,11.8,11.8,12.2,12.0,12.0,12.1,11.9,12.1,12.4,12.6,12.2,12.3,12.9,12.5
005117,10.5,10.7,10.5,11.0,11.0,10.9,10.8,11.2,11.4,11.6,11.9,12.2,12.1,11.8,12.2,12.2,12.2,12.3,12.6,12.6,13.5,12.3,13.1,13.3,13.0
005118,11.0,10.8,10.9,11.0,11.0,11.2,11.2,10.9,11.6,11.7,11.8,12.3,11.9,11.9,12.3,11.9,12.2,12.1,12.0,12.3,12.6,12.4,12.7,12.7,13.0
005119,7.3,7.4,7.3,7.5,7.4,7.3,7.1,7.3,7.3,7.4,7.5,7.6,7.4,7.3,7.6,7.4,7.3,7.5,7.4,7.4,7.4,7.1,7.4,7.3,7.4
005120,9.6,9.6,9.8,9.8,10.2,10.2,10.5,10.3,10.3,11.4,11.6,11.5,11.7,11.7,12.2,11.9,12.1,12.5,12.4,12.4,13.0,13.0,13.5,13.5,13.7
005121,9.4,9.2,9.4,9.5,9.1,9.3,9.6,9.6,9.2,9.6,9.7,9.9,9.8,10.0,9.9,9.9,10.2,10.1,9.9,10.1,10.2,9.9,9.7,9.9,9.9
005122,8.8,8.9,8.9,9.2,9.1,9.2,9.5,9.5,9.3,9.8,10.0,10.0,10.0,10.2,10.1,10.1,10.4,10.4,10.2,10.5,10.7,10.7,10.6,10.8,10.4
006001,7.4,7.7,7.6,7.6,7.8,7.6,8.0,7.9,7.9,8.3,8.2,8.1,8.1,8.2,8.3,8.2,8.5,8.4,8.4,8.3,8.7,8.6,8.6,8.8,8.6
006002,8.2,8.4,8.9,8.8,8.7,8.9,8.9,8.8,9.1,9.4,9.5,9.8,9.8,9.8,9.9,10.2,10.2,10.1,10.2,10.5,10.8,10.5,10.5,10.5,10.7
006003,7.3,7.3,7.3,7.6,7.6,7.4,7.5,7.6,7.6,8.1,8.2,8.1,8.1,7.9,7.8,8.2,8.1,8.1,8.3,8.1,8.6,8.3,8.5,8.5,8.2
006004,7.8,7.9,7.9,7.9,7.9,8.0,8.1,8.2,8.3,8.9,8.5,8.7,8.7,8.7,8.9,8.8,8.9,9.1,8.9,9.1,9.1,9.2,8.9,9.4,9.2
006005,9.4,9.4,9.4,9.6,9.4,9.5,9.5,9.5,9.9,10.1,9.8,10.0,10.0,10.2,10.3,10.0,10.4,10.4,10.3,10.5,10.6,10.3,10.5,10.8,10.6
006007,7.4,7.4,7.5,7.6,7.6,7.3,7.4,7.8,7.6,7.7,7.9,7.8,7.8,8.1,7.8,8.0,8.0,8.0,8.1,8.0,8.1,8.2,8.1,8.0,8.3
006008,7.6,7.6,7.9,8.0,8.0,8.2,8.0,8.0,8.3,8.3,8.6,8.7,8.7,8.8,8.8,8.8,8.8,8.9,9.1,8.9,9.4,9.2,9.2,9.4,9.5
006009,8.3,8.4,8.4,8.5,8.4,8.3,8.5,8.6,8.6,8.9,8.8,8.8,8.9,8.9,8.9,8.9,9.0,9.2,9.2,9.0,9.4,9.0,9.1,9.2,9.1
006010,7.5,7.3,7.3,7.4,7.4,7.6,7.3,7.7,7.5,8.0,8.0,7.8,7.9,8.0,8.0,8.1,8.1,8.2,8.1,8.3,8.4,8.5,8.4,8.4,8.5
006011,9.8,9.8,9.5,9.6,9.9,10.0,9.8,9.8,9.8,10.6,10.0,10.2,10.6,10.5,10.8,10.4,10.9,10.5,10.7,10.8,11.3,11.0,10.9,11.1,11.3
006012,8.6,8.6,8.6,8.8,8.9,8.9,9.1,9.1,9.0,9.2,9.4,9.6,9.6,9.6,9.6,9.8,9.8,9.9,9.8,9.6,10.4,10.2,10.1,10.2,10.1
006013,7.9,8.0,8.0,8.1,8.0,8.2,8.1,8.2,8.6,8.7,8.8,8.8,9.0,9.2,8.9,9.3,9.4,9.4,9.6,9.6,9.7,9.7,9.7,10.0,10.0
006014,9.0,9.1,9.1,9.0,9.2,9.4,9.6,9.2,9.6,9.9,10.0,10.0,10.1,10.2,10.5,10.4,10.3,10.4,10.7,10.6,10.9,11.1,11.1,11.0,11.2
006015,9.5,9.5,9.6,9.7,9.6,9.7,9.7,9.9,9.8,10.3,10.3,10.8,10.5,10.8,11.0,10.8,11.3,11.4,11.0,10.8,11.3,10.9,11.3,11.3,11.5
006016,8.2,8.1,8.1,8.1,8.0,8.1,8.0,8.1,8.1,8.2,8.4,8.1,8.3,8.4,8.3,8.2,8.4,8.2,8.3,8.3,8.4,8.4,8.4,8.2,8.3
006017,8.7,8.4,8.7,8.7,8.8,9.0,9.2,9.3,9.2,9.3,9.3,9.4,9.5,9.5,9.4,9.5,9.7,9.8,10.0,10.2,10.1,10.2,10.1,10.0,10.2
006018,9.4,9.9,9.4,9.6,9.7,9.9,10.1,10.0,10.1,10.8,10.5,10.4,11.0,10.8,10.9,11.2,11.1,11.2,11.2,11.4,11.9,11.7,11.5,11.5,11.6
006019,8.5,8.3,8.6,8.5,8.4,8.5,8.7,8.6,8.7,9.1,9.1,9.0,9.2,9.1,9.2,9.1,9.3,9.6,9.4,9.4,9.4,9.5,9.5,9.5,9.4
006020,7.7,7.6,7.7,7.6,7.7,8.0,7.8,7.9,8.2,8.5,8.3,8.4,8.3,8.7,8.5,8.7,8.6,8.6,8.9,8.8,9.0,9.1,9.1,9.2,9.3
006021,8.8,9.0,9.2,9.1,9.0,9.4,9.1,9.4,9.6,10.0,10.0,10.1,10.3,10.5,10.7,10.7,10.8,10.7,10.7,11.0,11.4,11.1,11.8,11.3,12.0
006022,9.0,8.9,9.2,9.2,9.0,8.8,8.9,9.0,8.9,9.2,9.5,9.3,9.4,9.1,9.3,9.4,9.4,9.4,9.3,9.3,9.7,9.6,9.5,9.4,9.6
006023,7.8,7.9,7.7,7.7,7.9,7.9,8.0,7.9,8.0,8.3,8.3,8.6,8.7,8.4,8.5,8.5,8.7,8.5,8.8,8.9,8.9,9.0,8.8,9.1,9.1
006024,10.0,10.2,10.3,10.2,10.3,10.4,10.4,10.6,10.2,10.7,10.9,11.0,10.9,10.8,10.9,11.3,11.0,11.5,11.3,11.2,11.4,11.5,11.2,11.6,11.1
006025,6.8,6.8,6.8,6.7,7.0,6.8,6.9,7.1,7.0,7.2,7.2,7.5,7.3,7.5,7.3,7.5,7.5,7.2,7.7,7.6,7.8,7.6,7.5,7.6,7.7
006026,8.1,8.1,8.2,7.9,8.5,8.4,8.7,8.4,8.6,9.0,8.8,8.8,9.0,9.3,9.1,9.0,8.9,9.3,9.5,9.2,9.6,9.5,9.8,9.6,9.5
006027,9.3,9.4,9.2,9.0,9.0,9.3,9.5,9.4,9.4,9.6,9.6,9.5,9.5,9.7,9.4,9.7,9.5,9.5,9.7,9.6,9.6,9.1,9.4,9.5,9.5
006028,9.5,9.8,9.8,9.8,9.9,9.9,10.0,10.0,10.2,10.8,10.7,10.4,10.8,10.8,10.7,10.7,10.7,11.2,11.3,11.1,11.5,11.3,11.1,11.8,11.7
006029,7.5,7.5,7.8,7.7,7.7,7.9,7.9,7.7,7.9,8.1,8.0,8.0,8.1,8.1,8.1,8.2,8.1,7.9,8.1,8.1,8.3,8.2,8.0,8.2,8.0
006030,8.0,8.1,8.4,8.2,8.3,8.6,8.4,8.7,8.6,8.8,8.9,8.8,9.1,9.2,8.9,9.2,8.9,9.1,9.1,9.2,9.3,9.3,9.3,9.3,9.3
006031,8.1,8.3,8.3,8.2,8.5,8.6,8.3,8.5,8.6,8.8,9.0,9.0,8.9,8.9,9.5,9.1,8.9,9.5,9.6,9.4,9.7,9.8,9.5,9.8,9.9
006032,9.5,9.7,9.7,9.8,9.9,9.8,9.9,9.9,10.1,10.3,10.6,10.8,10.5,10.7,10.3,10.7,10.9,11.0,10.5,10.9,11.4,11.1,11.0,11.5,11.5
006033,7.7,7.7,7.8,7.9,7.7,7.8,7.9,7.9,8.2,8.3,8.4,8.6,8.4,8.6,8.8,8.5,9.0,8.9,9.3,9.1,9.4,9.3,9.5,9.3,9.5
006034,10.3,11.1,10.6,10.7,10.9,11.2,11.3,11.5,11.3,11.8,11.9,12.0,12.6,12.1,12.8,12.1,12.7,12.8,12.9,13.0,13.3,12.9,13.0,13.1,13.4
006035,8.2,8.3,8.6,8.6,8.5,8.5,8.6,8.6,8.8,9.3,9.1,9.1,9.5,9.3,9.2,9.3,9.5,9.7,9.7,9.7,10.0,10.2,10.1,10.2,10.2
006036,9.4,9.1,9.4,9.8,9.7,9.9,9.7,10.1,9.9,10.4,10.7,10.6,10.7,10.8,10.6,11.3,11.0,11.4,11.6,11.5,11.6,11.6,11.9,11.7,12.1
006037,8.6,8.5,8.4,8.4,8.5,8.5,8.7,8.5,8.9,8.8,8.8,9.0,9.0,9.0,9.0,9.1,9.0,9.0,9.1,9.1,9.6,8.9,9.0,9.0,9.2
006038,7.5,8.0,7.8,7.9,7.6,8.0,7.9,7.9,7.9,8.2,8.2,8.3,8.3,8.3,8.2,8.4,8.3,8.2,8.3,8.4,8.5,8.4,8.5,8.5,8.7
006039,9.8,9.7,10.0,10.3,10.2,10.5,10.4,10.4,10.3,11.0,11.3,11.5,11.8,11.8,11.7,12.3,11.6,12.2,12.7,12.4,12.7,13.1,13.2,12.7,13.3
006040,7.3,7.5,7.3,7.2,7.3,7.4,7.4,7.3,7.4,7.6,7.9,7.8,7.7,7.9,7.9,8.0,7.9,8.1,8.1,7.9,8.4,8.2,8.3,8.3,8.2
006041,9.1,9.1,9.4,9.3,9.5,9.8,9.8,9.8,9.8,10.4,10.4,10.3,10.3,10.5,10.8,10.7,10.8,11.0,10.9,11.1,11.3,11.3,11.4,11.5,11.8
006043,7.0,7.0,7.1,7.2,7.1,6.9,6.9,7.1,7.2,7.2,7.2,7.3,7.2,7.3,7.2,7.1,7.2,7.2,7.4,7.2,7.5,7.3,7.1,7.2,7.2
006044,8.3,8.4,8.4,8.6,8.6,8.5,8.8,8.7,8.9,9.0,9.2,9.1,9.3,9.2,9.1,9.2,9.5,9.6,9.7,9.6,9.6,9.7,9.8,9.9,9.6
006045,9.0,9.0,9.2,9.1,9.0,9.3,9.7,9.5,9.6,10.1,10.0,10.2,10.4,10.5,10.2,10.6,10.7,10.6,10.7,11.0,11.1,10.9,11.0,10.9,11.5
006046,7.9,7.6,8.0,8.0,8.4,8.1,8.3,8.5,8.6,8.8,8.8,9.1,9.1,9.4,9.5,9.6,9.5,10.0,9.6,9.9,10.4,9.8,10.0,10.3,10.2
006047,8.4,8.4,8.2,8.1,8.5,8.4,8.3,8.4,8.7,8.9,9.0,9.2,9.3,9.2,9.2,9.2,9.1,9.5,9.4,9.4,10.0,9.7,9.6,9.9,9.5
006048,10.5,10.2,10.6,10.2,10.1,10.2,10.3,10.3,10.4,11.1,10.7,11.1,10.9,11.1,11.3,11.3,11.3,11.0,11.6,11.2,11.7,11.9,11.3,11.4,11.6
006049,7.9,8.1,7.8,8.2,7.9,8.0,8.0,8.0,8.1,8.2,8.2,8.3,8.5,8.5,8.6,8.4,8.7,8.6,8.5,8.6,8.8,8.7,8.7,8.8,8.5
006050,7.7,7.6,7.6,7.6,7.7,7.7,7.7,7.8,7.6,8.1,8.2,7.9,8.1,8.0,8.1,8.2,8.1,8.3,8.2,8.2,8.4,8.2,8.3,8.1,8.4
006051,7.1,7.3,7.5,7.4,7.6,7.4,7.5,7.6,7.6,7.9,7.7,7.8,8.0,8.0,8.2,8.2,8.0,8.4,8.4,8.4,8.6,8.7,8.8,8.6,8.7
006052,8.5,8.5,8.9,8.6,8.7,8.9,8.9,9.1,9.3,9.4,9.3,9.7,9.6,9.8,9.6,9.6,9.9,10.1,10.4,10.5,10.8,10.4,10.8,10.8,10.8
006053,9.0,9.0,8.9,9.1,9.1,9.4,9.2,9.5,9.4,9.4,9.8,9.9,10.0,10.1,10.1,10.2,10.1,10.2,10.2,10.3,10.5,10.2,10.5,10.6,10.5
006054,9.2,9.1,9.2,9.5,9.2,9.6,9.3,9.5,9.5,9.6,9.9,9.8,9.8,10.0,9.9,10.3,10.1,9.7,9.9,9.8,10.2,10.0,10.3,10.0,9.9
006055,7.3,7.2,7.2,7.2,7.3,7.5,7.4,7.4,7.7,7.5,7.6,7.7,7.5,7.8,7.8,7.9,7.7,8.1,8.1,7.9,8.1,7.8,8.0,8.0,8.0
006056,8.5,8.6,8.8,8.8,8.6,8.7,9.0,9.2,9.3,9.6,9.5,9.8,10.1,10.1,10.1,10.2,9.9,10.1,10.1,10.7,10.7,10.5,10.7,10.8,10.9
006057,7.3,7.4,7.6,7.5,7.6,7.5,8.1,7.6,7.9,7.8,8.3,8.2,8.2,8.4,8.4,8.4,8.8,8.6,8.5,8.9,8.9,8.8,9.2,9.2,8.9
006058,8.3,8.1,8.2,8.1,8.6,8.4,8.4,8.7,8.9,9.3,9.2,9.3,9.5,9.5,9.8,9.7,9.7,10.3,10.0,10.4,10.5,10.3,10.5,10.4,11.1
006059,7.1,7.1,7.2,7.4,7.5,7.6,7.5,7.6,7.6,7.7,7.9,8.1,8.0,8.2,8.5,8.3,8.5,8.3,8.7,8.5,9.0,8.7,9.1,9.2,9.3
006060,9.1,8.9,9.4,9.2,9.1,9.0,9.4,9.2,9.3,9.4,9.5,9.5,9.5,9.4,9.4,9.8,9.6,10.0,9.8,10.0,10.0,9.9,9.7,9.9,9.8
006061,8.4,8.2,8.3,8.5,8.6,8.6,8.9,8.6,8.5,9.1,9.0,9.1,9.0,9.3,9.1,9.1,9.3,9.2,9.3,9.5,9.4,9.6,9.6,9.5,9.7
006062,10.3,10.3,10.5,10.5,10.3,11.0,10.8,11.1,10.8,11.3,11.3,12.0,11.6,11.9,12.0,12.1,12.1,12.3,11.9,12.4,12.8,12.4,12.7,12.5,12.5
006063,8.9,8.9,9.1,9.1,9.4,9.4,9.3,9.2,9.5,9.8,9.6,9.9,9.9,9.7,10.1,9.8,10.1,9.9,10.0,10.3,10.2,10.3,10.4,10.6,10.5
006065,9.1,9.0,8.8,9.2,9.4,9.5,9.7,9.5,9.8,10.4,10.2,11.1,10.6,11.1,10.8,11.1,11.0,11.3,11.7,11.7,12.1,12.3,12.0,12.7,12.7
006066,9.7,9.8,9.8,9.9,10.2,10.1,10.3,10.2,10.3,11.0,10.9,10.7,10.9,11.1,11.2,11.2,11.3,11.2,11.0,11.3,11.6,11.5,12.2,11.7,11.7
006067,9.2,9.4,9.5,9.4,9.4,9.6,9.3,9.6,9.6,9.9,9.9,9.8,9.8,10.1,10.2,10.4,10.5,10.2,10.1,10.3,10.8,10.6,10.8,10.7,10.9
006068,9.4,9.4,9.4,9.4,9.3,9.3,9.5,9.4,9.4,9.8,9.8,10.2,10.1,10.0,9.8,9.8,10.1,9.9,10.3,10.2,10.5,10.1,10.4,10.4,10.3
006069,8.1,8.1,7.9,8.4,8.3,8.5,8.6,8.5,8.4,9.1,9.2,9.0,9.3,9.5,9.3,9.3,9.7,9.9,9.6,10.0,10.1,9.7,10.1,9.8,10.4
006070,7.7,7.8,8.1,7.6,7.8,7.9,7.7,7.9,8.1,8.4,8.6,8.5,8.5,8.5,8.7,8.6,8.8,8.9,9.0,9.0,9.1,9.3,9.3,9.2,9.8
006071,8.5,8.7,8.7,9.3,8.9,9.2,9.0,9.0,9.2,9.5,9.8,9.4,9.6,10.0,9.8,9.9,9.6,10.1,10.1,10.1,10.4,10.5,10.1,10.3,10.6
006072,7.1,7.3,7.5,7.7,7.8,7.7,7.7,7.9,7.7,8.3,8.2,8.4,8.6,8.4,8.7,8.7,8.7,8.7,8.8,9.0,9.1,9.1,9.3,9.3,9.3
006073,9.2,9.2,9.2,9.3,9.8,9.5,9.7,9.6,9.6,10.1,10.3,10.2,10.3,10.1,10.0,10.2,10.5,10.7,10.4,10.6,10.7,10.7,10.9,10.9,10.7
006074,9.1,9.3,9.2,9.4,9.7,9.6,9.7,9.8,10.0,10.2,9.8,10.4,10.4,10.3,9.9,10.4,10.6,10.3,10.9,10.6,11.1,10.8,10.6,11.0,10.9
006075,9.0,9.2,9.2,9.2,9.1,9.4,9.4,9.8,9.3,9.7,10.0,10.0,10.3,10.0,10.6,10.6,10.4,10.4,10.3,10.5,10.9,10.7,11.1,10.8,10.9
006076,9.1,8.9,9.1,9.0,9.2,9.2,9.2,9.3,9.0,9.4,9.5,9.4,9.6,9.0,9.4,9.2,9.5,9.8,9.5,9.7,10.0,9.6,9.7,9.4,9.8
006077,8.9,9.1,9.0,9.4,9.1,9.2,9.1,9.0,9.5,9.5,9.5,9.5,9.6,9.4,9.4,9.3,9.6,9.7,9.6,9.9,9.9,9.8,9.9,10.0,9.6
006078,9.9,9.7,9.7,10.0,9.9,9.9,10.1,9.8,10.2,10.2,10.0,10.2,10.2,10.4,10.4,10.5,10.2,10.2,10.2,10.5,10.8,10.4,10.4,10.2,10.2
006079,8.7,8.8,8.7,8.8,8.6,8.9,9.1,9.0,9.1,9.6,9.3,9.4,9.4,9.6,9.4,9.9,9.9,9.9,10.0,9.9,10.5,9.9,10.1,10.0,10.1
006081,6.3,6.5,6.2,6.5,6.5,6.3,6.5,6.5,6.5,6.6,6.7,6.7,6.9,6.8,6.9,6.8,6.8,6.8,6.7,6.8,6.7,6.9,6.9,6.8,6.9
006082,8.6,8.6,9.0,8.7,9.0,8.7,9.0,9.0,8.9,9.2,9.4,9.4,9.5,9.9,9.7,9.6,9.8,9.9,9.8,9.8,10.1,10.0,10.1,10.0,10.3
006083,8.4,8.6,8.4,8.5,8.1,8.8,8.4,8.5,8.7,8.9,9.1,8.8,9.1,9.3,9.0,9.0,9.2,9.2,9.2,9.6,9.2,9.3,9.2,9.5,9.2
006084,9.0,8.9,9.2,9.2,9.0,8.9,9.4,9.7,9.6,9.9,10.0,9.8,10.3,9.9,10.3,10.1,10.3,10.3,10.2,10.7,10.5,10.7,11.0,10.7,10.8
006085,7.8,7.9,8.1,8.2,8.2,8.4,8.4,8.5,8.6,8.9,9.2,9.0,9.2,9.4,9.7,9.4,9.7,9.9,9.5,10.1,10.4,10.4,10.1,10.2,10.4
006086,8.8,9.0,9.3,9.2,9.2,9.3,9.1,9.4,9.1,9.6,9.9,9.7,9.9,9.6,9.4,9.6,9.6,9.9,9.7,9.7,10.1,9.7,10.0,10.2,10.1
006087,7.7,7.6,7.6,7.8,7.8,7.8,7.9,7.7,7.8,8.1,8.1,8.2,8.3,8.2,8.2,8.1,8.1,8.1,8.3,8.2,8.7,8.4,8.5,8.5,8.7
006088,7.9,7.8,7.8,7.9,8.0,8.2,8.2,8.1,8.3,8.6,8.7,8.9,9.1,8.9,9.1,9.0,9.3,9.5,9.3,9.7,9.6,9.6,9.7,9.8,10.0
006090,9.1,9.3,9.6,9.3,9.6,9.8,9.9,10.0,10.2,10.5,10.4,10.9,10.5,11.0,11.0,11.4,11.3,11.8,11.7,12.0,12.4,12.1,12.2,12.2,13.0
006091,7.7,7.9,8.0,8.1,8.1,7.9,8.1,8.1,7.9,8.5,8.7,8.6,8.6,8.5,8.5,8.9,8.7,8.6,8.8,8.7,9.1,9.0,8.8,8.7,8.9
006092,9.7,10.1,9.6,10.0,9.7,9.7,10.0,10.1,9.9,10.2,10.6,10.3,10.6,10.6,10.8,10.7,10.5,10.5,11.0,10.6,11.1,10.4,10.6,11.0,11.3
006093,8.6,8.7,8.6,8.9,8.5,9.0,9.1,9.1,8.9,9.1,9.9,9.3,9.3,9.6,9.7,9.6,9.8,9.9,10.1,9.8,10.2,10.2,10.4,10.1,9.9
006094,8.6,8.5,8.2,8.3,8.5,8.5,8.5,8.5,8.6,8.8,8.9,9.1,8.7,8.9,9.4,8.7,8.8,9.3,9.1,9.1,9.1,9.1,9.0,9.0,9.2
006095,8.9,8.9,8.8,9.1,9.1,9.4,9.2,9.3,9.5,9.9,9.9,10.0,10.6,10.2,10.3,10.5,10.5,10.8,10.9,10.8,11.1,11.0,11.2,11.5,11.6
006096,8.1,8.3,8.4,8.1,8.5,8.4,8.3,8.3,8.4,8.9,8.7,8.7,9.1,8.9,9.2,9.1,9.1,9.4,9.4,9.5,9.5,9.8,9.6,9.6,9.7
006097,7.6,8.0,7.9,8.1,8.3,8.1,8.5,8.3,8.6,8.9,8.8,9.0,9.0,9.1,9.3,9.4,9.3,9.3,9.5,9.8,10.0,9.9,10.1,10.1,10.3
006098,8.9,8.6,8.6,8.6,8.9,9.1,9.0,8.9,8.9,9.0,9.4,9.3,9.4,9.2,9.3,9.2,9.7,9.8,9.6,9.8,9.7,9.7,9.7,9.5,9.6
006099,8.8,8.8,8.7,9.0,9.0,9.3,9.3,9.3,9.3,9.9,9.8,10.2,10.2,10.3,10.3,10.2,10.5,10.7,10.9,10.9,11.7,11.3,11.6,11.5,11.7
006100,9.3,9.2,9.1,9.4,9.7,9.3,9.5,9.5,9.8,10.1,10.1,10.2,10.2,10.1,10.4,10.3,10.5,10.5,10.5,10.6,11.1,10.7,10.7,11.0,11.1
006101,7.3,7.4,7.4,7.5,7.4,7.6,7.6,7.9,7.8,8.1,8.0,8.4,8.3,8.2,8.3,8.8,8.7,8.7,8.9,8.8,9.4,9.2,9.0,9.1,9.2
006102,9.0,9.2,9.2,9.0,9.2,9.5,9.4,9.5,9.6,9.8,9.8,10.2,10.0,10.3,10.5,10.7,10.6,10.5,10.3,11.0,11.0,10.6,10.9,11.2,10.7
006103,10.3,10.4,10.5,10.3,10.9,10.7,10.8,10.9,11.0,11.3,11.5,11.7,11.7,11.9,12.0,11.7,12.2,12.4,12.3,12.8,13.2,12.9,12.5,13.3,13.0
006104,8.1,8.3,8.3,8.4,8.4,8.3,8.4,8.2,8.6,8.7,8.7,8.6,8.6,8.7,8.7,8.6,8.7,8.8,9.1,8.6,9.0,8.8,8.9,8.7,8.8
006105,7.4,7.3,7.5,7.5,7.6,7.5,7.6,7.6,7.8,8.0,8.0,8.0,7.9,8.1,8.2,8.3,8.2,8.4,8.5,8.3,8.7,8.8,8.4,8.6,8.6
006106,8.2,8.4,8.3,8.5,8.2,8.2,8.3,8.2,8.4,8.4,8.4,8.4,8.5,8.4,8.6,8.6,8.6,8.4,8.3,8.4,9.0,8.6,8.5,8.4,8.4
006107,7.4,7.5,7.3,7.6,7.7,7.7,7.6,7.6,7.5,8.0,7.8,8.1,7.8,8.2,7.9,7.9,8.0,8.1,8.1,8.2,8.2,8.2,8.2,8.0,8.1
006108,8.8,9.1,9.2,9.3,9.2,9.3,9.4,9.7,9.7,10.2,10.2,10.3,10.0,10.8,10.7,11.0,10.8,10.8,10.8,11.1,11.6,11.3,11.4,11.3,12.0
006109,8.3,8.5,8.7,8.8,8.6,8.6,8.8,9.0,9.1,9.3,9.3,9.3,9.5,9.8,9.6,9.7,9.9,9.8,9.6,10.1,9.9,9.8,10.0,10.6,10.0
006110,9.2,9.0,9.4,9.4,9.2,9.7,9.2,9.6,9.4,9.5,9.8,9.6,9.6,10.0,10.0,9.8,10.0,10.1,10.4,10.1,10.3,10.2,10.0,10.3,10.4
006111,8.6,8.5,8.5,8.9,8.7,8.9,9.0,9.2,9.3,9.6,9.7,9.8,9.7,10.2,9.9,9.9,10.3,10.4,10.6,10.5,11.2,10.4,10.8,10.7,10.9
006112,7.8,7.8,7.9,7.9,7.9,8.0,7.9,8.0,8.0,8.4,8.4,8.2,8.4,8.4,8.4,8.3,8.6,8.8,8.6,8.7,9.1,8.6,8.8,9.0,8.8
006113,8.7,8.6,8.9,8.5,8.8,9.0,9.0,8.9,8.8,9.4,9.1,8.9,9.4,9.6,9.2,9.8,9.5,9.3,9.3,9.4,9.5,9.5,9.6,9.7,9.9
006114,9.7,9.6,9.5,9.3,9.5,9.6,9.8,10.0,10.3,10.5,10.2,10.4,10.5,10.7,11.0,10.6,10.8,11.2,11.3,11.4,11.5,11.7,11.4,11.7,11.8
006115,8.9,9.0,9.3,9.2,9.2,9.1,9.0,9.1,9.0,9.7,9.4,9.5,9.6,9.5,9.8,9.5,9.8,9.6,9.6,9.8,10.1,9.7,9.8,10.2,10.0
006116,8.2,8.7,8.2,8.6,8.6,8.7,8.7,8.8,9.0,9.3,9.1,9.4,9.7,9.5,9.4,9.7,9.9,9.7,9.7,10.0,10.0,10.1,9.9,10.1,10.5
006117,7.9,7.9,8.2,8.0,8.1,8.2,8.1,8.2,8.4,8.6,8.4,8.5,8.6,8.6,8.9,8.8,8.8,9.0,9.0,8.9,9.1,9.4,9.2,9.3,9.1
006118,7.1,7.3,7.4,7.2,7.3,7.2,7.3,7.5,7.7,7.9,8.1,8.0,8.0,7.9,8.3,8.3,8.1,8.1,8.2,8.3,8.7,8.5,8.6,8.6,8.7
006119,7.8,7.7,7.7,7.9,7.9,7.8,8.0,8.1,7.9,8.4,8.4,8.4,8.4,8.6,8.6,8.5,8.5,8.4,8.7,8.6,9.1,8.7,8.6,8.7,8.8
006120,8.3,8.2,8.2,8.4,8.4,8.5,8.7,8.3,8.9,9.1,9.4,9.2,9.5,9.4,9.3,9.5,9.3,9.6,9.7,9.8,9.7,10.0,9.8,10.0,9.9
006121,10.0,9.8,10.3,10.0,10.1,10.3,10.3,10.2,10.5,11.4,10.9,10.9,11.4,11.6,11.5,11.5,11.9,11.8,12.3,12.0,12.2,12.2,12.7,12.4,12.3
006122,8.9,9.3,9.4,9.4,9.7,9.4,9.5,9.6,9.5,10.1,10.0,9.9,10.2,10.4,10.2,10.5,10.1,10.6,10.7,10.6,11.1,10.5,10.5,11.0,10.6
006123,9.6,9.5,9.4,9.7,9.5,9.7,9.8,9.9,9.7,10.0,10.5,10.0,10.5,10.2,10.6,10.5,10.6,10.5,10.5,10.6,11.1,10.6,10.8,11.1,11.4
006124,8.7,8.6,8.7,8.9,8.8,8.9,8.9,9.1,9.4,9.7,9.7,9.8,9.8,10.1,9.8,9.9,10.2,10.3,10.3,10.4,10.9,10.7,11.0,10.6,10.8
006125,7.9,8.1,8.1,8.4,8.3,8.3,8.1,8.5,8.3,8.9,8.9,9.1,9.2,9.3,9.3,9.3,9.3,9.3,9.6,9.9,10.1,9.8,9.7,10.1,10.1
006126,8.6,8.7,9.1,9.0,9.3,9.1,9.2,9.8,9.6,10.0,10.3,10.1,10.5,10.5,10.6,10.6,10.9,10.9,11.3,11.5,11.6,11.7,12.2,12.2,11.6
006127,10.1,10.2,10.6,10.3,10.2,10.6,10.5,10.7,10.7,11.4,11.3,11.4,11.7,11.7,12.1,12.1,12.6,12.3,12.5,12.5,12.7,12.7,12.9,12.9,12.5
006128,8.3,8.5,8.7,8.9,9.0,9.3,8.9,9.3,8.9,9.8,9.8,9.7,9.8,9.8,10.0,10.5,10.4,10.5,10.6,10.9,10.8,10.9,11.2,11.3,11.3
006129,9.3,9.5,9.6,9.6,9.8,10.1,9.8,9.6,10.0,10.3,10.6,10.2,10.7,10.7,10.8,10.5,10.7,11.0,11.0,11.0,11.7,11.5,11.4,11.5,11.4
006131,8.5,8.4,8.5,8.8,8.7,8.9,8.9,8.8,8.9,9.3,9.5,9.4,9.2,9.5,9.4,9.7,10.0,9.9,10.1,9.8,10.7,10.1,10.2,10.3,10.4
006132,7.9,8.1,8.0,8.1,8.1,8.0,8.2,8.3,8.3,8.8,8.9,8.8,9.0,8.8,9.0,9.1,9.3,9.4,9.3,9.4,9.8,9.6,10.0,9.9,9.8
006133,8.8,8.8,8.5,8.5,8.8,8.9,8.5,8.6,8.8,8.9,8.9,8.8,8.8,8.9,9.1,9.1,9.0,8.9,9.3,8.9,9.0,9.0,8.8,9.1,9.1
006134,10.2,10.1,10.1,10.3,10.6,10.5,10.2,10.6,10.8,11.1,11.6,11.2,11.5,11.3,11.5,11.6,11.7,12.0,11.7,12.0,12.2,12.1,12.1,12.4,12.3
006135,7.5,7.5,7.7,7.5,7.5,7.6,7.6,7.7,7.5,8.0,7.9,7.9,8.0,8.1,8.1,8.0,8.0,8.1,8.1,8.0,8.4,8.1,8.2,8.3,8.2
006136,9.5,9.8,9.9,9.7,9.9,10.1,10.0,10.1,10.1,10.7,10.6,10.4,10.9,10.5,11.0,10.8,11.0,11.2,11.3,11.0,11.8,10.9,11.0,11.0,11.1
006137,8.2,8.1,8.3,8.2,8.2,8.4,8.3,8.5,8.4,8.9,9.1,9.1,9.2,9.3,9.4,9.6,9.4,9.5,9.5,9.5,9.9,9.8,10.2,10.0,10.1
006138,9.6,9.6,9.7,9.8,9.9,10.2,10.0,10.2,10.3,10.8,10.6,10.9,11.1,11.2,11.2,11.6,11.5,11.7,11.9,11.8,12.7,12.4,12.1,12.5,12.7
006139,7.8,8.0,8.1,8.0,8.1,8.3,8.1,8.2,8.1,8.7,8.3,8.4,8.6,8.5,8.5,8.6,8.6,8.6,8.8,8.9,8.8,8.8,8.6,8.6,8.8
006140,9.2,9.0,9.1,9.4,9.4,9.3,9.8,9.4,9.6,10.2,10.1,10.3,10.2,10.3,10.3,10.5,10.6,10.7,11.0,10.8,11.4,11.0,11.1,11.1,11.2
006141,7.3,7.4,7.3,7.3,7.3,7.2,7.3,7.2,7.3,7.5,7.5,7.5,7.6,7.8,7.6,7.3,7.5,7.3,7.4,7.2,7.5,7.4,7.5,7.3,7.4
006142,7.2,7.3,7.3,7.4,7.4,7.5,7.5,7.6,7.6,7.9,8.1,8.1,8.0,8.1,8.0,8.2,8.3,8.5,8.4,8.3,8.7,8.8,8.4,8.7,9.0
006143,8.9,8.9,9.2,9.2,9.4,9.4,9.1,8.9,9.6,9.5,9.9,9.5,9.8,9.7,10.0,10.1,10.2,10.2,10.2,9.8,10.4,10.2,10.2,10.4,10.2
006144,8.1,8.2,8.0,8.2,7.9,8.2,8.3,8.3,8.3,8.7,8.9,8.9,8.8,8.7,9.1,9.1,9.2,9.2,9.1,9.5,9.3,9.3,9.4,9.1,9.5
006145,9.1,9.2,9.3,9.2,9.2,9.5,9.2,9.6,9.4,9.8,9.8,9.6,9.6,9.5,10.0,9.5,9.8,9.9,10.1,10.0,10.4,9.9,9.8,9.9,10.2
006146,9.6,9.4,9.6,9.6,9.5,9.4,9.5,9.5,9.6,9.9,9.9,9.8,9.8,10.2,10.0,10.0,10.0,10.1,10.2,9.9,10.4,10.2,10.1,10.4,10.2
006147,10.4,10.2,10.8,10.7,10.7,10.8,11.0,11.3,11.2,11.6,12.1,11.9,12.0,12.0,12.3,12.3,12.6,12.6,12.5,12.6,13.3,13.0,13.0,13.0,13.1
006148,8.2,8.2,8.5,8.7,8.9,8.9,9.0,8.7,9.2,9.7,9.9,10.0,9.8,10.4,10.5,10.4,10.7,11.4,11.1,11.3,11.7,11.5,11.6,11.9,12.6
006149,8.3,8.5,8.4,8.6,8.7,8.5,8.7,9.0,9.0,9.2,9.7,9.4,9.9,9.7,9.6,10.2,10.2,10.2,10.1,10.4,10.9,10.2,10.5,10.7,10.9
006150,9.6,10.0,9.7,9.7,9.8,10.1,10.3,10.8,10.5,10.8,11.0,11.2,11.5,11.2,11.5,11.4,11.8,11.5,11.8,12.1,12.6,12.5,12.4,12.5,13.0
006151,8.1,8.4,8.1,8.2,8.4,8.2,8.2,8.4,8.2,8.6,8.6,8.7,8.7,8.4,8.5,8.8,9.0,8.7,8.7,8.9,9.0,9.0,8.8,8.8,8.8
006152,8.4,8.4,8.3,8.4,8.7,8.7,8.6,8.8,8.7,9.1,9.2,9.1,9.3,9.5,9.4,9.4,9.5,9.3,9.7,9.7,9.8,9.7,9.7,9.9,10.2
006153,7.9,7.9,8.1,8.2,8.4,8.2,8.4,8.3,8.3,8.7,8.6,9.0,8.8,8.6,8.8,8.8,9.0,9.0,8.9,9.1,9.5,9.1,9.1,9.1,9.4
006154,7.1,7.1,7.3,7.2,7.3,7.3,7.3,7.4,7.4,7.6,7.7,7.8,7.6,7.7,7.9,8.1,8.1,8.0,8.1,8.2,8.1,8.1,8.2,8.1,8.2
006155,7.3,7.5,7.3,7.4,7.5,7.5,7.8,7.6,7.8,8.1,8.2,8.1,8.2,8.3,8.4,8.4,8.3,8.5,8.6,8.6,8.9,8.6,8.7,9.2,9.2
006156,7.8,8.0,8.0,8.1,8.0,8.1,8.1,8.2,8.4,8.6,8.6,8.6,8.8,8.5,8.6,8.6,8.7,8.9,9.0,9.0,9.2,9.3,9.1,9.1,9.2
006157,8.6,8.6,8.7,8.4,8.7,8.7,8.5,8.5,8.7,8.9,8.9,8.8,9.1,9.0,9.2,9.0,9.3,8.9,8.8,8.9,9.2,9.0,9.3,9.2,9.1
006158,7.5,7.7,7.8,7.9,7.9,8.2,8.1,8.3,8.3,8.3,8.5,8.6,8.7,9.1,8.6,9.1,9.1,9.0,9.0,9.5,9.6,9.5,9.4,9.7,9.6
006159,8.5,8.4,8.5,8.6,8.7,8.8,8.9,9.1,9.0,9.2,9.4,9.8,9.7,9.6,9.7,9.6,10.0,10.0,9.8,10.2,10.2,10.4,10.2,10.3,10.6
006160,8.0,8.3,8.4,8.5,8.4,8.6,8.5,8.5,8.8,9.4,9.3,9.3,9.4,9.4,9.7,9.6,9.9,9.9,10.1,9.8,10.5,10.3,10.2,10.6,10.6
006161,8.5,8.5,8.6,8.5,8.8,8.7,8.8,9.4,9.2,9.5,9.6,9.4,9.8,9.8,9.6,10.1,10.2,10.3,10.3,10.1,10.8,10.4,10.3,10.8,10.6
006162,7.3,7.3,7.4,7.4,7.6,7.5,7.6,7.5,7.7,7.7,7.7,8.0,8.0,8.0,8.2,7.9,8.1,8.1,8.2,8.4,8.6,8.3,8.5,8.6,8.8
006163,8.4,8.1,8.1,8.3,8.3,8.3,8.5,8.3,8.2,8.6,8.8,8.9,8.6,8.6,8.5,8.6,8.8,8.4,8.7,8.9,8.9,8.7,8.7,8.4,8.7
006164,8.2,8.2,8.4,8.5,8.6,8.5,8.5,8.6,8.6,9.1,9.1,9.4,9.1,9.2,9.3,9.4,9.4,9.5,9.4,9.4,9.6,9.4,9.9,9.8,10.1
006165,9.8,9.9,9.7,10.1,9.8,9.6,10.0,10.0,9.9,10.6,10.6,10.5,10.5,10.0,10.4,10.6,10.7,10.4,10.8,10.7,11.1,11.0,11.0,10.8,10.8
006166,7.8,7.9,7.8,7.9,7.9,7.9,7.8,7.7,7.5,8.1,8.0,7.8,8.0,8.0,8.1,8.0,7.9,8.1,8.0,8.1,8.5,8.1,8.2,8.1,8.0
006167,8.6,8.7,8.4,8.7,8.8,8.8,8.9,9.2,9.0,9.3,9.4,9.5,9.8,9.6,9.9,10.0,10.1,10.1,10.3,10.3,10.6,10.6,10.4,10.6,10.8
006168,8.8,8.7,8.9,9.0,9.0,9.2,9.3,9.6,9.5,10.1,10.1,10.4,10.3,10.5,10.6,10.6,10.8,11.1,11.3,11.3,12.0,11.4,11.3,11.9,12.0
006169,7.9,8.1,8.0,8.1,8.0,8.4,8.2,8.4,8.5,8.4,9.1,8.9,8.9,9.1,9.0,9.2,9.3,9.5,9.3,9.5,9.8,9.6,9.7,9.9,9.9
006170,8.9,8.8,8.9,8.9,8.6,9.1,8.8,8.8,8.9,9.2,8.8,9.5,9.2,9.2,9.2,8.9,8.9,9.1,9.1,9.0,9.5,9.0,8.8,9.0,8.9
006171,8.6,8.7,8.8,8.7,8.6,8.7,8.8,8.6,8.7,9.4,8.9,9.2,9.2,9.3,9.4,9.3,9.4,9.6,9.4,9.6,9.9,9.8,10.0,9.7,9.8
006172,8.2,8.4,8.1,8.3,8.2,8.3,8.3,8.1,8.0,8.5,8.4,8.8,8.6,8.7,8.7,8.5,8.6,8.5,8.4,8.7,8.7,8.7,8.5,8.8,8.6
006173,8.3,8.5,8.6,8.5,8.6,8.5,8.5,8.7,8.3,8.9,8.9,9.3,9.4,9.1,9.0,9.2,9.1,9.4,9.4,9.3,9.7,9.3,9.6,9.7,9.7
006174,8.7,8.7,8.9,8.8,9.1,8.7,9.1,9.2,9.2,9.6,9.6,9.9,10.0,9.8,9.9,10.1,10.1,10.1,10.6,10.3,10.8,10.3,10.8,11.0,11.1
006175,8.3,8.2,8.2,8.2,8.4,8.5,8.9,8.8,8.7,8.8,8.9,9.2,9.5,9.7,9.4,9.2,9.7,9.8,9.8,9.4,10.0,9.9,10.2,10.4,10.2
006176,9.9,9.8,9.8,10.0,10.0,10.0,10.1,9.9,10.1,10.4,10.5,10.7,10.7,10.8,11.0,11.0,10.7,11.0,10.9,11.3,11.3,11.0,11.3,11.3,11.4
006177,7.1,7.0,7.0,7.0,6.9,7.2,7.1,7.3,7.0,7.3,7.2,7.5,7.4,7.4,7.1,7.3,7.4,7.3,7.2,7.1,7.3,7.3,7.2,7.3,7.2
006178,9.1,9.1,9.3,9.6,9.8,9.3,9.5,9.8,9.8,10.0,10.2,10.4,9.9,10.1,10.2,10.0,10.3,10.2,10.3,10.3,11.0,10.7,10.8,10.8,10.7
006179,8.1,8.2,8.3,8.3,8.4,8.2,8.6,8.5,8.6,8.9,8.9,9.2,9.3,9.2,9.0,9.4,9.4,9.6,9.7,9.7,10.0,9.9,9.5,9.9,9.9
006180,8.7,8.9,8.9,9.1,9.1,9.2,9.2,9.3,9.2,9.8,9.8,9.6,10.0,10.1,10.1,10.2,10.3,10.5,10.5,10.9,10.9,11.1,10.5,10.8,11.2
006181,8.0,8.3,8.3,8.4,8.6,8.5,8.6,8.7,8.6,9.3,9.3,9.3,9.8,9.2,9.6,9.4,10.0,9.9,9.8,10.3,10.3,10.0,10.1,10.5,10.5
006182,8.2,8.3,8.4,8.3,8.5,8.4,8.5,8.3,8.8,9.3,9.3,9.4,9.4,9.5,9.6,9.6,9.8,10.0,10.0,10.2,10.6,10.5,10.5,10.2,10.6
006183,10.0,9.8,9.9,10.0,10.0,10.1,10.1,10.0,10.6,11.0,10.8,11.1,11.2,10.8,10.9,11.2,11.1,11.3,11.6,11.3,12.1,11.6,11.6,11.7,11.9
006184,8.3,8.2,8.2,8.2,8.2,8.3,8.6,8.5,8.4,8.9,8.9,9.0,8.9,8.8,8.8,8.7,9.2,9.1,9.1,8.9,9.5,9.4,9.4,9.6,9.3
006185,8.6,8.9,8.8,9.1,9.5,8.9,9.6,9.5,9.3,9.8,9.7,9.7,9.8,10.2,10.3,10.6,10.3,10.2,10.7,10.4,11.1,10.8,11.0,10.6,11.1
006186,8.4,8.4,8.5,8.5,8.7,8.7,9.0,9.2,9.0,9.4,9.5,9.4,9.4,9.8,9.5,9.7,9.8,9.8,10.1,10.0,10.5,10.1,10.1,10.7,10.5
006187,9.3,9.8,9.4,9.6,9.7,9.9,10.1,10.0,10.0,10.7,10.8,10.5,10.8,11.2,11.4,11.2,11.5,11.3,12.0,11.9,12.4,12.1,12.3,12.6,12.1
006188,8.7,8.6,8.6,8.9,8.9,8.9,9.0,9.1,9.1,9.0,9.5,9.4,9.5,10.0,9.8,9.6,9.3,9.9,9.8,10.2,10.1,9.9,10.0,10.1,10.4
006189,8.9,9.4,9.1,9.4,9.4,9.4,9.3,9.4,9.9,10.0,9.9,9.9,10.0,10.4,10.3,10.3,10.7,10.3,10.5,10.5,10.5,10.4,10.8,10.5,10.8
006190,9.7,9.7,9.8,10.1,10.0,10.3,10.5,10.6,10.7,11.1,11.1,11.6,11.5,11.5,11.9,12.0,12.3,12.1,12.1,12.6,13.0,12.8,13.2,13.2,13.4
006191,9.4,9.1,9.4,9.1,9.3,9.5,9.2,9.5,9.5,10.0,9.8,9.9,9.8,10.1,9.7,10.2,10.2,10.2,10.1,9.9,10.2,10.3,10.1,10.4,10.4
006192,7.3,7.6,7.6,7.4,7.6,7.7,7.5,7.8,7.7,8.2,8.3,8.3,8.2,8.7,8.4,8.6,8.6,8.6,8.6,8.8,9.0,9.0,8.8,9.1,9.1
006193,10.0,10.5,10.1,10.2,10.6,10.5,10.8,10.4,10.3,10.9,10.8,10.9,11.2,11.2,11.0,11.2,11.2,11.6,11.6,11.6,11.8,11.6,11.4,11.7,11.7
007001,9.0,9.4,9.3,9.2,9.4,9.5,9.3,9.6,9.7,10.0,10.1,10.2,10.7,10.7,10.4,10.9,10.8,10.6,10.8,10.7,11.2,11.0,11.4,11.5,11.4
007002,8.4,8.5,8.6,8.7,8.7,8.9,8.7,8.9,8.8,9.3,9.4,9.5,9.3,9.4,9.7,9.7,9.8,9.8,10.1,9.8,10.2,10.2,10.2,10.3,10.0
007003,10.5,10.1,10.7,10.9,10.6,11.0,10.9,11.3,11.2,11.7,12.2,12.3,12.0,12.4,13.0,13.3,13.5,13.2,13.8,13.9,14.0,14.1,14.5,14.3,14.7
007004,7.3,7.4,7.5,7.5,7.6,7.6,7.9,8.0,8.0,8.3,8.5,8.5,8.4,8.7,8.8,8.9,9.1,8.7,8.8,9.2,9.4,9.4,9.6,9.5,9.4
007005,7.8,7.6,7.8,7.7,7.8,7.9,8.1,8.1,8.0,8.2,8.2,8.4,8.4,8.3,8.5,8.4,8.5,8.6,8.6,9.0,8.8,8.7,8.9,8.9,8.9
007006,8.3,8.4,8.6,8.5,8.3,8.5,8.7,8.4,8.8,8.7,9.2,8.9,8.9,9.2,9.1,9.2,9.3,9.4,9.0,9.2,9.5,9.3,9.2,9.3,9.3
007007,7.7,8.0,7.9,7.8,8.1,7.7,8.1,8.2,7.8,8.2,8.2,8.3,8.5,8.3,8.7,8.7,8.6,8.6,8.2,8.7,9.0,8.6,9.1,8.9,9.0
007008,9.3,9.1,9.1,9.3,9.3,9.6,9.4,9.7,9.6,9.7,10.0,10.5,9.7,10.0,10.1,10.2,10.6,10.5,10.2,10.7,10.9,10.8,10.7,10.9,10.7
007009,8.1,8.2,8.3,8.3,8.2,8.6,8.5,8.6,8.8,9.0,9.0,9.2,9.3,9.4,9.4,9.2,9.3,9.3,9.6,9.6,9.8,9.8,9.8,10.0,9.9
007010,9.3,9.1,9.1,9.1,9.3,9.1,9.3,9.3,9.1,9.3,9.8,9.4,9.7,9.5,9.5,9.5,10.0,9.8,9.9,9.5,9.9,9.8,9.8,9.7,9.7
007011,7.1,7.2,7.1,7.5,7.3,7.3,7.7,7.7,7.6,7.7,7.9,7.9,7.8,7.8,8.1,8.0,8.2,8.1,8.4,8.4,8.6,8.6,8.6,8.6,8.4
007012,7.6,7.9,7.7,8.1,7.9,8.3,8.0,8.1,8.5,8.9,8.9,9.2,8.9,9.2,9.1,9.4,9.5,9.4,9.5,9.6,10.2,9.8,10.0,10.1,10.4
007013,8.1,8.3,8.2,8.5,8.5,8.4,8.5,8.8,8.8,8.8,8.9,9.1,9.5,9.3,9.2,9.5,9.5,9.4,9.6,9.5,10.3,9.9,9.6,9.7,9.8
007014,8.0,7.9,8.3,8.2,8.3,8.3,8.3,8.5,8.4,8.7,8.9,8.9,8.7,9.2,9.0,9.0,9.2,9.3,9.0,9.3,9.2,9.3,9.6,9.4,9.6
007015,9.1,9.4,9.3,9.3,9.2,9.6,9.6,9.4,9.3,9.8,9.9,9.8,10.2,10.1,9.9,10.1,10.3,10.1,10.1,10.0,10.3,10.2,10.3,10.3,10.5
007016,8.8,8.7,8.7,8.7,8.5,8.8,8.6,8.9,8.9,9.0,9.2,9.4,9.4,9.3,9.7,9.5,9.6,9.5,9.7,9.9,9.7,9.8,9.8,9.7,10.0
007017,10.2,10.4,10.6,10.5,10.7,10.3,10.6,10.5,11.0,11.0,10.9,10.9,11.2,11.2,11.2,11.5,11.6,11.4,11.2,11.7,11.7,11.3,11.6,11.6,11.4
007018,7.2,7.2,7.2,7.4,7.3,7.5,7.2,7.4,7.4,7.7,7.6,7.8,8.0,7.8,7.6,7.9,7.9,7.8,7.9,7.9,7.9,8.0,7.9,7.8,8.1
007019,7.4,7.6,7.6,7.7,7.8,7.8,7.6,7.8,7.9,8.1,8.1,8.1,8.2,8.2,8.8,8.4,8.3,8.6,8.5,8.4,8.8,8.6,8.7,8.9,8.9
007020,7.9,7.9,7.9,8.0,8.1,8.3,8.5,8.4,8.6,8.4,9.0,8.8,8.8,8.9,8.8,9.0,9.3,9.2,9.1,9.3,9.4,9.6,9.6,9.9,9.7
007021,7.8,7.8,7.9,8.0,8.0,8.0,8.1,8.1,8.2,8.5,8.4,8.6,8.7,8.8,8.9,8.8,9.0,8.7,9.2,9.2,9.5,9.3,9.3,9.1,9.3
007022,7.8,7.9,7.9,8.0,7.7,8.0,7.9,7.9,8.1,8.2,8.2,8.2,8.3,8.2,8.3,8.0,8.4,8.2,8.2,8.1,8.5,8.2,8.4,8.2,8.3
007023,9.7,9.6,9.8,9.9,10.0,10.0,10.0,10.1,9.9,10.2,10.3,10.5,10.5,10.6,10.6,11.0,10.7,10.9,10.5,10.8,11.1,10.6,11.0,10.9,10.8
007024,6.5,6.6,6.8,6.8,7.0,7.1,6.9,7.1,7.1,7.4,7.4,7.5,7.7,7.6,7.6,7.4,7.8,7.6,7.9,8.0,7.9,7.9,8.3,8.0,8.1
007025,7.9,7.9,8.0,8.2,8.3,8.3,8.4,8.3,8.4,8.8,8.8,8.7,9.1,9.0,9.2,9.4,9.2,9.2,9.5,9.1,10.0,9.5,10.0,10.0,9.9
007026,7.5,7.3,7.4,7.4,7.4,7.8,7.4,7.6,7.5,7.8,8.0,7.7,8.1,8.2,8.2,8.0,8.2,8.2,8.4,8.3,8.5,8.1,8.3,8.6,8.5
007027,7.1,7.1,7.1,7.2,7.1,7.0,7.2,7.2,7.0,7.5,7.6,7.5,7.1,7.4,7.4,7.4,7.6,7.4,7.6,7.4,7.7,7.6,7.5,7.8,7.6
007028,8.2,8.1,8.1,8.4,8.2,8.2,8.2,8.3,8.1,8.2,8.4,8.2,8.2,8.2,8.1,8.1,8.2,8.1,8.0,8.0,8.3,8.1,8.0,8.0,8.0
007029,10.1,10.4,10.4,10.5,10.7,10.5,10.7,10.8,10.4,11.2,11.3,11.2,11.0,11.4,11.4,11.5,11.7,11.7,11.8,12.1,12.1,12.3,12.7,12.3,12.4
007030,9.7,10.0,10.2,10.6,10.4,10.5,10.1,10.4,10.4,11.0,10.9,11.2,11.1,11.0,11.6,11.4,11.5,12.0,11.8,12.2,12.7,11.9,12.4,12.4,12.8
007031,7.5,7.3,7.5,7.5,7.8,7.5,7.5,7.6,7.7,7.8,8.2,8.0,8.3,8.3,8.2,8.3,8.3,8.3,8.4,8.2,8.7,8.5,8.7,8.6,8.5
007032,7.9,8.2,8.0,8.1,8.2,8.3,8.5,8.6,8.8,9.0,9.0,9.2,9.1,9.3,9.5,9.7,9.6,10.0,10.0,10.1,10.6,10.3,10.5,10.7,10.5
007033,9.1,9.5,9.2,9.1,9.4,9.6,9.4,9.4,9.4,10.1,10.0,9.8,9.7,9.9,10.0,10.2,10.1,10.1,10.0,10.3,10.3,10.1,10.1,10.2,10.2
007034,9.2,9.6,9.5,9.4,9.6,9.5,9.5,10.1,10.1,10.4,10.4,10.6,10.9,11.0,11.1,11.1,11.2,11.2,11.5,11.3,11.8,12.1,12.0,11.8,12.1
007035,8.9,9.3,9.1,9.3,9.1,9.1,9.4,9.5,9.5,9.6,9.7,9.8,9.8,9.9,9.9,10.0,10.1,10.2,10.1,9.9,10.6,10.1,10.2,10.4,10.0
007036,6.9,7.0,6.9,7.1,6.9,7.1,6.8,7.1,7.2,7.4,7.3,7.2,7.2,7.2,7.1,7.2,7.3,7.2,7.5,7.3,7.6,7.2,7.3,7.2,7.2
007037,8.0,8.2,8.2,8.1,8.1,8.5,8.2,8.3,8.3,8.5,8.8,8.8,8.9,8.8,8.8,9.1,9.0,9.0,8.8,9.2,9.5,9.2,9.5,9.6,9.7
007038,10.0,10.0,10.4,10.5,10.5,10.5,10.6,10.7,11.0,11.5,11.7,11.5,11.9,11.7,11.5,11.8,12.1,12.3,11.9,12.2,13.0,12.3,12.7,13.0,13.0
007039,9.4,9.7,9.6,9.9,9.9,9.9,10.2,10.3,10.5,11.0,10.8,11.1,11.7,11.4,11.3,12.1,11.9,12.3,12.3,12.5,12.8,12.6,13.1,13.3,13.5
007040,7.6,7.8,7.7,7.8,8.1,7.6,8.2,7.9,8.2,8.3,8.6,8.6,8.2,8.7,8.8,8.6,8.7,8.5,8.7,8.6,9.0,9.0,8.9,8.9,9.2
007041,7.6,7.4,7.7,7.8,8.0,8.0,8.1,8.3,8.4,8.7,8.6,8.7,9.1,9.2,9.3,9.6,9.3,9.7,9.6,9.7,9.9,9.7,10.2,10.3,10.3
007042,8.9,9.0,9.3,8.9,9.2,9.2,9.1,9.4,9.5,9.7,9.9,9.9,9.8,10.1,10.0,10.3,10.3,10.5,10.4,10.9,10.9,10.5,10.8,10.8,10.8
007043,9.0,8.9,9.1,9.0,9.1,9.1,9.7,9.3,9.3,9.7,10.2,10.0,9.8,10.3,10.0,10.3,10.5,10.4,10.2,10.4,10.8,10.7,10.4,10.6,10.8
007044,9.0,9.0,9.2,9.2,9.2,9.2,9.2,9.3,9.4,9.6,9.8,9.8,9.5,9.7,9.8,9.6,9.7,9.3,9.9,9.6,10.3,9.7,9.5,9.7,9.6
007045,7.2,7.2,7.1,7.0,7.2,7.3,7.4,7.2,7.2,7.4,7.6,7.4,7.5,7.7,7.4,7.6,7.3,7.5,7.5,7.3,7.5,7.6,7.3,7.7,7.5
007046,9.0,9.1,9.3,9.5,9.2,9.3,9.5,9.6,9.3,9.8,10.1,10.0,10.5,10.3,10.2,10.3,10.3,10.4,10.5,10.3,10.7,10.8,11.1,10.6,11.0
007047,8.4,8.4,8.6,8.5,8.5,8.6,8.5,8.7,8.5,9.0,8.9,9.0,9.0,9.4,9.7,9.4,9.2,9.4,9.6,9.7,9.9,9.6,9.4,9.8,9.5
007048,8.0,8.1,8.2,8.2,8.2,8.4,8.5,8.2,8.6,9.0,9.0,9.2,9.1,9.4,9.6,9.6,9.6,9.8,10.0,10.2,10.2,10.6,10.0,10.5,10.7
007049,7.9,8.1,8.3,7.8,8.0,8.3,8.2,8.3,8.3,8.4,8.7,8.8,8.6,8.7,9.0,8.8,9.0,9.1,9.2,9.3,9.5,9.3,9.4,9.3,9.4
007050,8.8,9.0,9.1,8.9,9.2,9.0,9.2,9.4,9.5,9.7,9.6,9.8,9.8,9.9,10.2,10.1,10.2,10.5,10.4,10.1,10.8,10.4,10.4,10.7,10.6
007051,10.4,10.8,10.9,10.4,11.2,10.7,11.0,11.2,11.1,11.6,11.8,11.6,11.5,11.8,12.0,11.8,12.2,11.9,12.3,12.7,12.6,12.2,12.4,12.2,12.6
007052,9.7,9.7,9.9,9.5,9.7,9.7,9.8,9.8,9.9,10.1,10.0,10.2,10.4,9.9,10.2,10.6,10.3,10.3,10.4,10.2,10.6,10.7,10.5,10.6,10.4
007053,8.1,8.1,8.2,8.3,8.6,8.4,8.3,8.4,8.6,8.7,8.9,9.1,9.1,9.6,9.4,9.4,9.8,9.6,9.6,9.5,10.3,9.8,10.0,9.9,10.0
007054,7.9,8.0,8.1,8.2,8.0,8.1,8.4,8.1,8.4,8.7,8.5,8.7,8.6,8.8,8.8,8.5,8.7,8.7,9.2,9.5,9.1,9.0,9.2,9.3,9.1
007055,9.1,9.3,9.3,9.3,9.4,9.4,9.8,9.7,9.5,10.3,10.3,10.4,10.3,10.4,10.4,10.6,11.2,10.6,10.5,10.9,11.5,11.2,11.3,11.4,11.9
007056,6.9,6.8,6.8,6.8,6.9,6.9,6.8,7.1,6.8,7.1,7.1,7.1,7.3,7.1,7.2,7.4,7.4,7.4,7.4,7.4,7.5,7.3,7.2,7.3,7.3
007057,8.8,9.1,9.1,9.0,9.0,9.0,9.2,9.2,9.1,9.8,9.3,9.5,9.8,9.8,9.6,9.9,9.8,10.0,10.0,10.0,10.2,10.0,10.1,9.9,10.3
007058,8.6,8.4,8.4,8.3,8.5,8.6,8.9,8.5,8.6,9.1,9.2,9.0,9.5,9.3,9.3,9.5,9.8,9.9,9.8,9.6,9.9,9.8,9.9,10.0,9.8
007059,9.0,9.1,9.1,8.8,9.4,9.1,9.2,9.0,9.3,9.9,9.7,9.6,9.6,9.5,9.7,10.1,9.8,9.8,10.3,10.2,10.3,10.1,9.8,10.2,10.3
007060,6.5,6.5,6.6,6.7,6.6,6.7,6.6,6.6,6.8,6.8,7.0,7.0,6.9,7.0,6.9,6.7,7.0,7.1,7.0,7.1,7.0,7.0,7.1,7.3,7.2
007061,8.2,8.4,8.4,8.4,8.6,8.6,8.6,8.7,8.9,9.2,9.2,9.2,9.3,9.3,9.3,9.5,9.6,9.8,9.6,9.6,10.4,10.3,10.3,10.2,10.2
007062,7.3,7.5,7.6,7.5,7.4,7.5,7.7,7.7,7.7,8.3,8.2,8.5,8.1,8.3,8.8,8.5,8.3,8.7,8.7,8.6,9.0,8.8,9.3,9.1,9.1
007063,9.2,9.0,9.1,9.1,9.3,9.3,9.4,9.5,9.4,9.7,9.8,9.8,10.0,10.1,10.3,10.3,10.5,10.3,10.5,10.6,10.9,10.8,11.2,11.2,11.2
007064,8.5,8.4,8.5,8.5,8.5,8.2,8.6,8.4,8.4,8.8,8.9,8.7,8.7,8.7,8.6,8.8,8.8,8.8,8.7,8.8,9.2,8.9,9.1,8.7,8.8
007065,8.0,8.3,8.2,8.4,8.5,8.3,8.4,8.5,8.2,8.8,8.7,8.8,9.0,8.8,8.8,8.6,9.1,8.7,9.3,9.0,9.5,9.2,9.3,9.3,9.2
007066,8.3,8.4,8.5,8.5,8.3,8.5,8.6,8.6,8.6,8.8,8.9,9.0,9.0,9.1,9.0,9.2,9.3,9.1,9.2,9.3,9.8,9.3,9.1,9.5,9.7
007067,8.3,8.6,8.5,8.4,8.5,8.8,8.5,8.7,8.7,9.1,8.9,9.0,9.0,9.0,9.4,9.4,9.3,9.4,9.2,9.6,9.4,9.7,9.4,9.7,9.9
007068,6.2,6.3,6.4,6.3,6.3,6.4,6.3,6.3,6.5,6.5,6.8,6.9,6.9,6.6,7.0,6.8,6.8,6.9,6.9,6.9,7.0,6.9,7.1,7.1,7.0
007069,8.8,9.1,8.8,8.9,9.2,9.0,9.3,9.1,9.2,9.7,9.6,10.0,9.9,9.8,9.9,9.9,9.8,9.9,10.1,10.0,10.5,10.2,10.4,10.5,10.4
007070,7.9,8.0,8.0,7.8,8.0,8.2,8.2,8.2,8.2,8.2,8.6,8.6,8.7,8.6,8.6,9.0,8.5,8.6,9.0,9.1,9.0,9.1,9.0,9.1,9.1
007071,9.7,9.8,10.0,9.7,9.8,10.2,10.0,10.1,10.2,10.0,10.5,10.5,10.6,10.3,10.5,10.5,10.4,10.4,10.6,10.7,10.7,10.7,10.6,10.9,10.8
007072,8.1,8.2,8.4,8.3,8.3,8.6,8.6,8.7,8.4,8.9,9.3,8.9,9.5,9.3,9.2,9.6,9.5,9.6,9.5,9.8,10.0,10.0,9.9,10.1,10.4
007073,9.5,9.4,9.5,9.6,9.4,9.5,9.4,9.5,9.9,10.1,10.2,10.1,10.1,10.3,10.3,10.5,10.4,10.6,10.8,10.7,11.1,10.9,11.4,11.0,11.2
007074,7.7,7.6,7.5,7.6,7.7,7.7,7.6,7.8,7.8,8.1,7.8,7.9,8.1,8.3,8.4,8.3,8.5,8.1,8.3,8.1,8.5,8.6,8.0,8.3,8.5
008001,8.6,9.2,8.9,9.3,9.1,9.1,9.5,9.2,9.0,9.4,9.5,9.1,9.7,9.4,9.5,9.6,9.4,9.4,9.7,9.3,9.8,9.7,9.8,9.7,9.5
008002,9.2,9.4,9.4,9.3,9.4,9.6,9.5,9.5,9.4,9.8,9.7,9.9,10.0,9.8,9.6,10.0,9.9,10.0,9.8,10.2,10.5,10.3,10.4,10.3,10.3
008003,8.2,8.4,8.4,8.4,8.3,8.4,8.1,8.8,8.6,8.8,9.2,8.8,8.7,8.7,8.8,8.9,8.8,8.7,8.9,8.9,9.0,9.0,8.8,9.0,8.9
008004,8.8,9.0,9.4,9.3,9.4,9.4,9.3,9.5,9.6,10.0,10.0,10.3,10.2,10.4,10.3,10.8,10.6,10.9,11.1,10.9,11.4,11.3,11.3,11.8,11.3
008005,8.0,8.4,8.0,8.2,8.2,8.3,8.3,8.5,8.6,8.7,9.0,8.8,8.8,9.0,9.2,9.0,9.0,9.0,9.3,9.5,9.7,9.6,9.5,9.7,9.7
008006,8.7,9.1,8.9,9.0,8.9,9.5,9.0,9.5,9.4,9.8,9.9,10.0,10.2,10.2,10.5,10.5,10.3,10.7,10.9,11.0,11.6,11.1,11.1,11.5,11.4
008007,10.3,10.1,10.2,10.3,10.1,10.3,10.6,10.6,10.9,11.5,11.4,11.4,11.4,11.4,11.7,12.2,12.0,12.6,12.2,12.6,13.1,12.7,12.7,13.2,12.7
008008,9.5,9.7,9.6,9.6,9.9,10.1,10.1,10.1,10.1,10.6,10.8,10.6,10.8,10.9,11.1,11.1,10.8,11.0,10.9,11.3,11.6,11.4,11.3,11.1,11.4
008009,7.9,7.9,8.1,7.9,8.2,8.2,8.2,8.4,8.3,8.6,8.7,8.9,8.7,8.9,8.8,9.0,9.0,9.0,9.2,9.2,9.3,9.5,9.3,9.3,9.5
008010,8.6,8.4,8.5,8.6,8.8,9.0,9.2,8.9,9.1,9.6,9.5,9.9,9.9,10.0,9.9,10.2,10.1,10.3,10.3,10.4,11.1,10.8,10.9,10.8,11.6
008011,7.7,7.6,7.6,7.7,7.5,7.5,7.8,7.8,7.7,7.9,7.8,7.9,8.0,7.6,7.7,7.8,7.9,7.9,7.8,7.7,8.1,7.9,7.7,7.9,8.0
008012,7.8,7.6,7.8,8.0,8.1,8.1,8.2,8.0,8.3,8.3,8.4,8.6,8.9,8.6,9.0,8.8,8.8,9.1,9.2,9.3,9.5,9.5,9.5,9.5,9.2
008014,8.0,8.4,8.3,8.2,8.4,8.1,8.5,8.3,8.9,8.6,9.0,9.0,9.0,9.0,9.2,8.8,9.3,9.3,9.1,9.4,9.7,9.6,9.6,9.2,9.8
008015,8.3,8.5,8.4,8.5,8.5,8.6,8.5,8.5,8.8,8.8,9.1,9.5,9.2,9.1,9.7,9.3,9.4,9.7,9.9,10.1,9.9,9.9,9.9,10.1,9.9
008016,7.6,7.8,7.5,7.7,7.8,7.9,7.8,8.1,8.0,8.1,8.4,8.2,8.4,8.7,8.8,8.5,8.9,8.8,9.0,9.1,9.4,9.2,9.1,9.3,9.4
008017,9.3,9.2,9.6,9.2,9.4,9.4,9.7,9.7,9.3,9.9,10.0,10.0,10.0,10.1,10.0,9.9,10.0,9.9,10.1,10.2,10.6,10.2,10.3,10.2,10.1
008018,8.5,8.7,8.7,8.6,8.8,8.9,8.8,8.8,8.8,9.1,9.2,9.2,9.5,9.4,9.5,9.6,9.6,9.5,9.8,9.6,10.1,9.9,9.5,10.1,9.8
008019,8.6,8.7,8.8,8.5,8.8,8.6,9.0,8.7,9.0,9.3,9.4,9.1,9.3,9.9,9.9,9.6,9.9,9.9,9.8,10.1,10.1,10.1,10.1,10.2,10.4
008020,9.9,10.1,10.1,10.3,10.5,10.5,10.5,10.5,10.4,10.9,10.9,11.5,10.9,11.3,11.1,11.2,11.5,11.1,11.5,11.5,11.8,11.8,11.6,11.9,11.9
008021,7.6,7.6,7.6,7.7,7.7,7.6,7.7,7.8,8.0,8.0,8.1,8.2,8.3,8.3,8.4,8.4,8.6,8.4,8.6,8.8,8.7,8.5,8.9,8.8,8.8
008022,9.6,9.6,9.8,9.7,9.8,10.0,10.1,9.8,9.9,10.4,10.5,10.7,11.0,11.0,10.8,11.1,11.1,11.2,11.5,11.6,11.6,11.4,11.6,11.6,11.5
008023,8.3,8.3,8.5,8.6,8.5,8.7,8.6,8.5,8.7,9.1,9.3,9.3,9.7,9.3,9.6,9.8,9.7,9.7,9.8,9.5,10.2,9.9,10.2,10.1,10.2
008024,9.5,9.9,9.5,9.6,9.9,9.7,9.6,9.8,9.8,10.3,10.5,10.3,10.3,10.2,10.4,10.5,10.5,10.8,10.5,10.5,10.5,10.8,10.8,10.7,10.7
008025,7.8,7.9,7.8,8.0,7.8,7.8,7.9,8.1,8.1,8.5,8.3,8.2,8.6,8.5,8.3,8.8,8.2,8.6,8.6,8.7,8.9,8.9,8.7,9.0,8.8
008026,7.0,7.0,7.0,7.2,7.3,7.4,7.5,7.4,7.4,7.5,7.8,7.7,7.7,8.0,7.8,8.0,8.0,7.9,8.2,8.1,8.2,8.1,8.1,8.5,8.3
008027,8.8,8.7,8.7,9.0,9.1,9.5,9.1,9.5,9.6,10.0,9.8,10.0,10.4,10.5,10.3,10.5,10.7,10.8,11.0,11.0,11.5,11.2,11.3,11.6,11.7
008028,8.9,9.0,9.4,9.2,9.6,9.7,9.8,9.6,9.7,10.3,10.4,10.5,10.7,10.7,10.3,10.5,11.0,10.8,10.9,11.1,11.3,11.1,11.6,11.6,11.6
008029,8.5,8.2,8.5,8.5,8.5,8.7,8.5,8.7,8.7,9.1,9.2,9.2,9.2,9.4,9.4,9.6,9.8,9.5,9.7,10.0,10.5,10.0,10.3,10.4,10.5
008030,8.1,7.9,8.2,8.1,8.3,8.0,8.2,8.7,8.5,9.0,8.9,9.3,9.0,9.1,9.0,9.3,9.5,9.6,9.3,9.7,9.9,9.5,9.8,9.9,10.0
008031,9.3,9.2,9.4,9.3,9.4,9.1,9.3,9.4,9.5,9.5,9.8,10.0,9.7,10.3,10.0,10.0,9.7,10.2,10.0,10.3,10.6,10.3,10.2,10.4,10.5
008032,8.1,8.2,8.3,8.5,8.4,8.6,8.6,8.9,8.6,9.2,9.3,9.7,9.6,9.9,9.7,9.8,9.7,9.9,10.0,10.2,11.0,10.4,10.7,10.9,11.1
008033,6.8,6.7,6.8,7.0,7.1,7.0,7.2,7.0,7.1,7.4,7.4,7.6,7.5,7.5,7.7,7.6,7.9,7.6,7.8,7.9,8.1,8.0,8.1,8.1,7.9
008034,10.1,10.0,10.3,9.9,10.2,10.4,10.1,10.4,9.9,10.8,10.8,10.8,10.8,11.0,10.9,11.1,11.1,10.8,10.8,11.0,11.0,11.1,11.1,10.8,11.2
008035,9.9,10.0,9.5,9.5,10.1,9.9,10.2,9.8,10.2,10.6,10.3,10.6,10.8,10.6,10.6,10.6,10.4,10.6,10.6,10.6,10.7,10.5,10.5,10.8,10.7
008037,8.1,8.2,8.1,8.0,8.0,8.2,8.1,8.0,8.4,8.5,8.5,8.5,8.6,8.4,8.6,8.8,8.4,8.8,8.9,8.9,8.7,8.8,8.7,8.5,8.9
008038,8.1,8.0,8.1,8.2,8.4,8.3,8.6,8.6,8.3,8.9,9.1,9.1,9.1,9.5,9.5,9.3,9.5,9.9,9.8,9.7,10.0,10.1,10.1,10.4,10.2
008039,7.7,7.8,8.1,8.1,8.0,8.1,8.2,8.1,8.2,8.6,8.5,8.4,8.5,8.6,8.7,8.7,8.7,8.8,8.9,9.0,8.9,9.1,9.2,9.2,9.1
008040,7.6,7.8,7.6,7.8,7.6,7.9,8.0,7.6,8.1,8.4,8.5,8.4,8.5,8.4,8.7,8.5,8.7,8.8,8.9,8.6,9.2,9.2,9.0,9.2,9.1
008041,8.9,9.0,8.8,9.2,9.0,9.3,9.2,8.9,9.1,9.6,9.4,9.7,9.6,9.5,9.8,9.7,9.8,9.6,9.7,9.8,10.3,10.2,10.2,10.2,10.3
008042,6.9,6.9,6.8,6.7,6.8,7.0,6.9,7.0,6.9,7.1,7.1,7.0,7.3,7.3,7.4,7.2,7.3,7.2,7.2,7.3,7.6,7.3,7.4,7.7,7.4
008043,8.9,9.2,9.1,8.9,9.0,9.2,9.2,9.5,9.1,9.7,9.7,9.8,9.7,9.8,10.0,10.2,10.1,10.2,10.3,10.2,10.2,10.0,10.3,10.5,10.4
008044,8.3,8.4,8.3,8.6,8.4,8.6,8.8,9.1,9.2,9.1,9.4,9.3,9.6,9.4,9.8,9.9,10.0,9.9,10.1,10.1,10.5,10.5,10.8,10.5,11.1
008045,6.9,6.8,6.8,6.8,6.8,7.0,7.1,7.2,7.0,7.5,7.6,7.5,7.5,7.4,7.7,7.9,7.7,7.6,7.9,7.9,8.0,8.0,8.0,8.3,8.2
008046,8.9,9.4,9.0,9.4,9.1,9.2,9.3,9.1,9.5,9.6,9.8,9.9,9.8,10.0,9.7,9.9,10.0,9.8,9.8,10.0,10.0,9.9,10.1,9.9,9.9
008047,9.5,9.7,9.5,9.6,9.9,9.5,9.7,9.8,9.8,10.1,10.3,10.3,10.3,10.3,10.4,10.3,9.8,10.7,10.2,10.3,10.9,10.4,10.6,10.5,10.4
008048,10.1,10.1,10.2,10.4,10.3,10.3,10.3,10.4,10.4,10.6,11.0,10.9,10.6,10.7,10.8,10.9,10.9,11.0,10.5,10.9,11.0,10.6,11.1,10.8,11.1
008049,8.7,8.6,8.7,8.6,8.6,8.6,8.8,8.8,8.8,9.2,9.1,9.2,9.4,9.7,9.5,9.4,9.6,9.5,9.7,9.5,9.8,9.7,9.6,9.7,9.8
008050,9.7,9.9,10.0,10.1,9.8,9.9,9.8,10.5,10.2,10.4,10.7,10.7,10.5,11.0,11.1,11.1,11.0,11.0,10.9,11.3,11.2,11.1,11.3,11.4,11.5
008051,7.5,7.6,7.6,7.5,7.8,7.9,7.9,8.0,8.2,8.4,8.4,8.4,8.4,8.7,8.7,8.6,8.8,8.8,9.2,8.9,9.4,9.3,9.2,9.1,9.5
008052,7.8,7.8,8.0,7.9,7.9,7.9,8.0,8.3,8.1,8.4,8.4,8.3,8.5,8.5,8.6,8.7,8.6,8.5,8.9,8.9,9.1,8.8,8.8,8.9,8.9
008053,9.2,9.4,9.4,9.3,9.5,9.5,9.7,9.9,9.7,9.9,9.8,9.8,10.1,10.0,9.8,10.1,10.5,10.2,10.1,10.4,10.6,10.6,10.4,10.6,10.6
008054,7.3,7.3,7.3,7.4,7.3,7.5,7.4,7.4,7.6,7.6,7.9,8.2,7.8,7.8,8.0,8.0,8.2,8.3,8.4,8.2,8.2,8.3,8.4,8.6,8.3
008055,8.9,8.8,8.8,9.0,9.3,9.2,9.7,10.1,9.7,10.1,10.6,10.3,10.4,10.6,10.8,10.8,10.8,11.3,11.1,11.0,11.6,11.7,11.7,11.7,11.8
008056,9.7,9.9,10.0,10.2,10.0,9.9,10.5,10.2,10.2,10.6,10.8,10.7,10.7,10.7,10.9,10.9,11.0,11.0,10.9,11.1,11.8,11.6,11.7,11.5,11.5
008057,8.5,8.5,8.5,8.7,8.7,8.5,8.4,8.7,8.7,9.1,8.9,8.9,9.1,9.0,8.9,9.1,9.0,9.0,9.0,9.2,9.2,9.1,9.3,9.4,9.1
008058,8.8,8.9,8.9,8.9,9.3,8.9,9.3,9.1,9.2,9.4,9.9,9.6,9.8,9.7,9.8,9.9,9.8,10.1,10.2,9.7,10.5,9.7,10.1,10.3,10.2
008059,7.2,7.5,7.5,7.6,7.3,7.4,7.3,7.6,7.4,7.6,7.7,7.6,7.6,7.6,7.7,7.7,7.6,7.7,7.7,7.7,8.0,7.5,7.7,7.8,7.8
008060,8.6,8.3,8.4,8.5,8.7,8.4,8.6,8.3,8.5,9.0,9.0,8.8,8.9,8.9,9.1,9.1,8.9,8.9,9.2,9.1,9.4,9.2,9.0,9.1,9.1
008061,7.6,7.6,7.5,7.7,7.8,7.7,7.8,7.7,7.8,8.3,8.2,8.3,8.3,8.5,8.3,8.6,8.5,8.5,8.6,8.8,8.7,8.8,8.5,8.9,8.9
008062,8.3,8.4,8.7,8.8,8.8,8.5,8.7,8.8,8.9,9.1,8.8,9.2,8.7,8.9,9.1,9.2,9.1,9.3,9.1,9.2,9.3,9.0,9.3,9.4,9.4
008063,9.1,8.9,9.4,9.4,9.6,9.7,9.5,9.7,9.8,10.4,10.3,10.1,10.7,10.6,10.8,10.8,11.4,11.2,11.1,11.2,11.5,11.7,11.7,11.7,11.6
008064,9.6,9.5,9.5,9.6,9.9,9.7,10.0,9.9,10.0,10.3,10.4,10.3,10.5,10.6,10.6,10.8,10.8,10.8,11.1,11.3,11.0,11.1,11.3,11.2,11.2
008065,8.8,8.8,8.8,8.8,9.1,9.0,9.1,9.1,9.2,9.6,9.3,9.4,9.5,9.7,9.5,9.5,9.4,9.9,9.8,9.5,9.6,9.8,9.5,10.0,9.9
008066,8.0,8.1,8.5,8.2,8.3,8.4,8.2,8.3,8.5,8.7,8.7,9.2,9.0,8.9,9.0,9.4,9.1,8.7,9.3,9.2,9.2,9.2,9.6,9.6,10.1
008067,8.7,9.3,9.1,9.1,9.2,9.0,9.3,9.4,9.5,10.0,9.8,10.1,10.0,9.9,10.7,10.3,10.2,10.7,10.3,10.8,11.2,10.7,10.9,10.8,11.3
008068,7.3,7.5,7.4,7.6,7.7,7.7,7.7,7.9,7.9,8.2,8.3,8.4,8.6,8.7,8.7,8.9,8.8,9.3,9.2,9.4,9.8,9.2,9.7,9.6,9.7
009001,8.0,8.1,7.8,8.0,7.9,8.1,8.0,8.2,8.0,8.1,8.2,8.4,8.3,8.5,8.3,8.3,8.2,8.5,8.1,8.5,8.5,8.2,8.1,8.2,8.4
009002,7.7,7.9,7.7,8.0,7.8,8.0,8.0,8.4,8.2,8.6,8.6,8.9,8.9,8.9,9.2,9.1,9.1,9.3,9.5,9.5,9.8,9.7,9.8,9.7,9.9
009003,9.5,9.5,9.4,9.4,9.4,9.5,9.4,9.7,9.5,10.1,10.4,10.3,10.0,10.2,10.4,10.2,10.5,10.5,10.2,10.6,10.9,10.9,10.7,10.8,10.9
009004,9.5,9.8,9.4,9.6,9.6,9.8,10.0,9.9,10.1,10.4,10.1,10.2,10.3,10.2,10.7,10.7,10.6,10.8,11.2,10.5,11.2,11.1,10.8,10.6,10.9
009005,8.0,8.3,8.0,8.1,8.1,8.1,8.0,8.1,8.1,8.4,8.3,8.5,8.5,8.3,8.6,8.4,8.5,8.6,8.5,8.5,8.5,8.4,8.3,8.6,8.3
009006,7.6,7.7,7.7,7.6,7.9,7.8,8.1,8.0,8.0,8.2,8.4,8.5,8.2,8.4,8.0,8.5,8.5,8.5,8.6,8.7,8.8,8.6,8.8,8.7,8.8
009007,10.5,10.5,11.2,11.0,11.3,11.4,11.4,12.2,11.9,12.4,12.7,12.8,12.9,13.1,14.0,14.0,14.0,14.1,14.4,14.4,15.0,14.6,15.3,15.3,16.0
009008,8.7,8.3,8.8,8.6,8.5,8.7,8.5,8.6,8.8,9.1,9.0,8.9,8.9,9.1,9.1,9.0,9.1,9.1,8.9,8.7,9.2,9.1,8.9,9.1,9.1
009009,7.9,8.1,8.2,8.3,7.9,8.0,8.1,8.2,8.3,8.6,8.2,8.6,8.4,8.6,8.5,8.6,8.5,8.6,8.3,8.4,9.1,8.5,8.6,8.7,8.7
009010,8.9,8.9,9.1,9.0,9.0,9.0,9.4,9.4,9.4,9.5,9.7,9.5,9.7,9.8,9.7,9.6,9.5,9.7,10.1,10.0,10.0,10.1,10.0,10.0,9.8
009011,9.5,9.5,9.6,9.8,9.8,9.5,10.0,10.1,10.0,10.4,10.8,10.4,10.3,10.6,10.9,10.5,10.5,10.9,11.0,11.2,11.6,11.2,11.3,11.2,11.4
009012,8.7,8.9,8.6,8.9,8.9,9.2,9.0,9.3,9.0,9.8,9.7,9.7,9.8,10.0,10.0,9.9,10.3,10.2,10.3,10.4,10.9,10.6,11.1,10.9,10.8
009013,8.4,8.4,8.1,8.3,8.3,8.4,8.0,8.0,8.2,8.4,8.4,8.2,8.3,8.7,8.4,8.4,8.2,8.2,8.5,8.1,8.5,8.1,8.4,8.1,8.3
009014,9.5,9.2,9.4,9.5,9.6,9.8,9.4,9.8,10.0,10.4,10.2,10.4,10.5,10.1,10.6,10.4,10.5,10.7,10.7,10.5,11.1,11.1,11.1,11.2,10.9
009015,10.0,10.0,9.9,9.6,10.1,10.2,10.3,10.1,10.4,10.6,10.8,11.2,10.9,11.2,10.8,11.3,11.4,11.3,11.2,11.3,11.7,11.7,11.4,11.9,12.1
009016,8.2,8.5,8.2,8.4,8.2,8.4,8.4,8.5,8.4,8.9,8.8,8.7,8.7,8.8,8.9,8.9,9.0,9.0,8.8,8.8,9.0,8.8,8.9,8.9,9.0
009017,9.9,10.4,10.1,10.6,10.6,10.4,10.8,11.0,11.0,11.6,11.4,11.7,11.8,12.0,12.2,12.3,12.3,12.7,12.5,12.6,13.4,13.3,13.3,13.3,13.6
009018,9.0,8.8,9.4,9.2,9.7,9.6,9.5,9.6,9.9,10.0,9.9,10.4,10.5,10.7,10.6,10.8,10.8,11.0,11.2,11.3,11.8,11.3,11.4,11.3,11.8
009019,9.7,10.0,10.2,10.4,9.9,10.4,10.2,10.4,10.6,10.7,10.7,10.6,11.0,10.9,10.8,11.1,11.4,11.3,11.3,11.2,11.6,11.3,11.4,11.8,11.5
009020,8.6,8.5,8.8,8.9,8.9,8.9,8.9,8.8,8.7,9.2,9.3,9.0,9.3,9.3,9.3,9.3,9.6,9.4,9.4,9.3,9.7,9.5,9.7,9.5,9.7
009021,8.3,8.0,8.2,8.2,8.3,8.5,8.5,8.5,8.7,8.9,9.1,9.3,9.1,9.1,9.4,9.3,9.5,9.8,9.4,9.9,9.7,9.6,9.9,9.7,10.0
009022,7.5,7.5,7.4,7.8,7.8,7.9,7.6,7.9,8.0,8.2,8.2,8.2,8.5,8.6,8.5,8.3,8.7,8.5,8.6,8.8,9.2,8.9,8.9,8.9,9.0
009023,8.7,8.7,8.6,8.8,9.0,9.5,9.1,9.3,9.3,9.4,9.5,9.6,9.6,9.9,10.0,9.9,9.8,10.3,10.1,10.1,10.7,10.2,10.7,11.1,10.3
009024,8.3,8.2,8.3,8.3,8.4,8.5,8.5,8.6,8.4,9.0,9.0,9.1,9.1,9.2,9.1,9.0,9.2,9.2,9.2,9.3,9.7,9.5,9.6,9.8,9.5
009025,8.0,8.2,8.4,8.5,8.6,8.6,8.8,8.6,8.7,9.3,9.3,9.4,9.6,9.5,9.7,9.6,9.8,9.8,9.9,10.2,10.5,10.4,10.6,10.3,10.8
009026,8.2,8.3,8.2,8.5,8.6,8.4,8.4,8.6,8.7,9.2,9.0,9.1,9.1,9.2,9.1,9.0,9.6,9.2,9.3,9.3,9.6,9.4,9.3,9.6,9.5
009027,7.8,8.4,7.9,8.3,8.5,8.1,8.3,8.7,8.7,9.0,9.1,9.1,9.6,9.7,9.4,9.7,10.0,9.9,9.8,10.2,10.4,10.3,10.5,11.0,10.8
009028,7.8,7.9,7.8,7.9,7.9,8.0,8.3,8.0,8.3,8.6,8.5,8.5,8.7,8.8,8.8,8.7,8.7,9.1,8.8,9.0,9.4,9.0,9.1,9.3,9.3
009029,8.6,8.4,8.8,9.1,9.1,9.0,8.9,9.0,9.1,9.5,9.8,9.8,9.6,9.7,9.8,10.1,9.8,10.0,10.1,10.3,10.5,10.1,10.5,10.4,10.1
009030,9.2,9.4,9.4,9.5,9.6,9.5,9.7,9.5,9.8,10.0,10.2,10.3,10.3,10.5,10.2,10.4,11.1,10.6,11.1,10.9,10.8,11.0,10.5,11.1,11.0
009031,8.7,8.8,8.5,8.9,9.0,9.0,8.9,9.0,9.4,9.5,9.5,9.7,9.9,10.1,9.7,10.0,10.5,10.5,10.4,10.5,10.5,10.5,10.6,11.0,10.9
009032,8.7,8.8,8.6,8.9,9.0,9.0,9.2,9.0,9.0,9.1,9.2,9.5,9.4,9.1,9.6,9.3,9.4,9.7,9.3,9.3,9.8,9.4,9.6,9.7,9.6
009033,9.1,9.0,8.6,8.8,9.0,9.1,9.4,9.3,9.3,9.7,9.5,9.9,9.8,10.3,10.0,10.1,10.3,10.2,10.4,10.5,10.3,10.4,10.6,10.5,10.5
009034,8.3,8.9,8.7,8.6,8.8,8.6,9.1,9.1,8.9,9.3,9.3,9.5,9.5,9.7,9.3,9.6,10.0,9.8,9.8,9.7,10.1,10.0,10.1,10.1,10.2
009035,7.8,7.8,7.9,7.9,8.2,8.0,8.2,8.2,8.1,8.5,8.5,8.7,8.7,8.5,8.6,9.0,8.8,9.1,9.1,8.8,8.8,8.9,9.0,9.0,8.9
009036,8.2,8.0,8.6,8.3,8.3,8.4,8.4,8.7,8.8,8.8,8.8,9.1,8.9,8.9,9.2,9.3,9.4,9.4,9.5,9.7,9.9,9.8,9.6,9.9,10.0
009037,8.1,8.3,8.1,8.6,8.6,8.5,8.6,8.7,8.6,8.8,9.1,9.3,9.3,9.6,9.3,9.6,9.5,9.9,9.7,9.8,9.9,9.8,9.6,9.9,9.9
009038,8.9,9.0,8.9,9.1,9.2,9.5,9.3,9.7,9.7,10.5,10.5,10.4,10.3,10.1,10.7,11.0,11.0,11.3,11.1,11.1,11.7,11.5,11.8,11.6,11.8
009039,7.7,7.7,7.4,7.6,7.6,7.6,7.9,8.0,8.0,8.2,8.4,8.5,8.5,8.4,8.4,8.8,8.7,8.7,8.9,8.8,9.3,8.9,9.0,9.2,9.2
009040,7.8,7.9,8.0,7.6,7.8,7.8,7.9,8.3,7.9,8.2,8.0,8.1,8.3,8.3,8.3,8.3,7.9,8.2,8.4,8.4,8.6,8.2,8.5,8.7,8.7
009041,8.3,8.6,8.3,8.6,8.5,8.2,8.6,8.5,8.5,8.8,8.7,9.2,9.0,9.0,8.9,9.1,9.3,9.1,9.0,9.1,9.3,9.1,9.3,9.2,9.3
009042,9.5,10.0,9.9,9.8,9.9,10.2,10.0,10.1,10.1,10.5,10.8,10.4,10.6,10.6,10.6,11.0,10.6,10.8,11.0,10.9,11.2,11.1,11.2,10.9,10.7
009043,8.1,8.1,8.4,8.3,8.6,8.8,8.5,8.7,8.5,8.8,9.0,9.1,9.0,9.1,9.0,9.0,9.2,9.1,9.0,9.3,9.7,9.3,9.1,9.6,9.3
009044,8.3,8.5,8.4,8.5,8.5,8.7,8.7,8.8,8.8,9.3,9.0,9.2,9.2,9.4,9.6,9.6,9.7,10.0,10.0,9.8,10.0,10.2,10.2,10.2,10.3
009045,7.9,8.0,8.0,8.1,8.2,8.3,8.5,8.4,8.5,8.8,8.8,9.1,8.9,9.2,9.3,9.2,9.5,9.6,9.5,9.7,10.1,10.0,9.8,10.1,9.9
009046,9.8,10.0,9.9,9.6,10.1,9.8,9.7,10.1,9.6,10.0,10.1,10.0,10.1,10.1,9.9,10.5,10.0,10.2,10.2,10.0,10.6,10.1,10.3,10.3,10.1
009047,8.0,8.1,7.9,8.2,8.0,8.1,8.0,8.3,8.2,8.4,8.3,8.4,8.4,8.5,8.4,8.3,8.5,8.6,8.5,8.5,8.9,8.6,8.9,8.7,8.7
009048,8.4,8.5,8.4,8.4,8.7,8.9,8.7,8.9,8.9,8.8,9.1,9.2,9.3,9.4,9.4,9.3,9.8,9.5,9.9,9.7,10.0,9.8,9.9,9.8,10.2
009049,9.5,9.4,9.6,9.7,9.7,9.7,9.7,10.2,9.8,10.4,10.4,10.4,10.6,10.9,10.9,10.7,11.0,11.0,11.0,10.7,11.5,11.7,11.1,11.7,11.3
009050,9.2,9.0,9.3,9.2,9.1,9.2,9.1,9.1,9.3,9.7,9.5,9.6,9.4,9.6,9.6,9.3,9.7,9.7,9.9,9.9,10.1,9.8,9.3,9.8,9.8
009051,8.0,8.4,8.3,8.3,8.5,8.5,8.8,8.6,8.8,9.0,9.3,9.5,9.4,9.2,9.6,9.5,9.7,9.8,9.8,10.1,10.4,10.4,10.3,10.4,10.7
009052,7.7,7.4,7.6,7.6,7.5,7.4,7.7,7.5,7.4,7.7,7.5,7.8,7.7,7.7,7.7,7.8,7.6,7.8,7.7,7.6,8.0,7.6,7.7,7.7,7.7
009053,8.7,8.6,8.6,8.7,8.8,9.0,8.9,8.9,8.8,9.5,9.3,9.5,9.7,9.5,9.5,9.9,9.6,9.5,9.9,9.6,10.2,9.8,9.9,10.0,10.1
009054,8.5,8.3,8.4,8.4,8.5,8.6,8.4,8.6,8.5,9.0,9.1,9.0,9.1,9.3,9.0,8.9,9.0,9.2,9.3,9.3,9.4,9.6,9.1,9.2,9.8
009055,7.3,7.2,7.2,7.3,7.3,7.2,7.2,7.1,7.1,7.4,7.4,7.4,7.3,7.4,7.2,7.2,7.2,7.3,7.2,7.1,7.5,7.1,7.1,7.2,7.1
009056,9.3,9.4,9.0,9.2,9.5,9.6,9.7,9.8,9.9,10.2,10.6,10.3,10.3,10.7,10.5,10.7,10.7,10.9,11.3,11.2,10.8,11.1,11.3,11.3,11.5
009057,9.0,8.9,8.5,8.9,9.0,8.9,9.1,8.8,9.1,9.3,9.3,9.4,9.3,9.4,9.3,9.3,9.3,9.4,9.1,9.2,9.5,9.2,9.4,9.6,9.5
009058,8.6,8.6,9.1,9.1,9.1,9.1,9.1,9.2,9.3,9.7,10.1,9.9,10.2,10.1,10.2,10.3,10.4,10.4,10.4,10.9,11.0,10.5,10.8,11.2,11.1
009059,9.9,9.9,10.3,10.3,10.2,10.7,10.1,10.7,10.8,11.1,11.6,11.5,11.3,11.5,11.8,11.8,12.1,12.0,12.8,12.2,12.7,12.3,12.6,12.0,12.8
009060,7.9,7.7,7.7,7.8,8.0,7.9,8.0,8.0,8.3,8.5,8.6,8.9,9.1,8.8,8.8,9.2,9.0,9.3,9.1,9.2,10.0,9.5,9.6,9.4,9.6
009061,8.5,8.4,8.3,8.5,8.4,8.5,8.3,8.5,8.4,8.7,8.9,8.8,8.9,8.8,9.0,8.9,8.9,8.9,9.0,9.1,9.4,9.0,9.1,9.0,9.2
009062,8.4,8.6,8.8,8.9,8.7,8.8,8.9,8.9,8.9,9.5,9.4,9.3,9.6,9.5,9.4,9.8,9.7,9.6,9.8,9.7,9.9,9.6,10.3,10.3,10.2
009063,7.4,7.3,7.5,7.6,7.7,7.8,7.7,7.8,7.7,8.3,8.1,8.2,8.2,8.3,8.3,8.7,8.3,8.5,8.7,8.7,9.1,8.8,9.0,9.2,9.1
009064,8.5,8.5,8.4,8.5,8.5,8.4,9.0,8.8,8.6,9.2,8.9,9.0,8.9,9.0,9.3,8.9,9.0,8.9,9.0,9.2,9.2,9.1,9.3,9.0,8.8
009065,10.9,10.9,11.1,10.8,11.0,11.2,10.7,11.4,11.5,11.9,11.6,12.2,12.6,12.5,11.9,13.0,12.4,12.5,12.5,12.7,12.9,13.3,12.7,13.0,13.2
009066,8.1,8.5,8.5,8.5,8.4,8.6,8.6,8.6,9.0,9.0,9.2,9.2,9.4,9.2,9.5,9.7,9.6,9.4,9.6,9.5,9.9,9.8,10.0,9.9,10.2
009067,9.6,9.4,9.6,9.8,10.0,9.7,9.7,10.0,9.9,10.6,10.1,10.3,10.1,10.4,10.5,10.5,10.5,10.4,10.6,10.4,11.1,10.5,10.5,10.7,10.8
009068,7.8,8.0,8.2,8.1,8.2,8.3,8.2,8.6,8.7,8.9,8.9,9.3,9.5,9.5,9.2,9.5,9.8,9.9,9.8,9.9,10.6,10.5,10.4,10.4,10.6
009069,7.7,7.9,7.9,7.8,7.9,8.1,7.9,7.9,8.0,8.3,8.2,8.3,8.5,8.2,8.4,8.5,8.4,8.5,8.5,8.5,8.5,8.8,8.5,8.8,8.6
010001,7.5,7.7,7.5,7.4,7.7,7.5,7.6,7.7,7.7,8.0,7.9,7.7,8.0,8.0,8.0,7.8,7.9,8.1,7.9,7.9,8.2,8.0,8.1,7.9,8.0
010002,8.6,8.8,8.7,8.8,8.8,8.9,9.1,8.9,9.1,9.2,9.5,9.6,9.5,9.4,9.9,10.0,9.6,10.1,9.9,10.2,10.5,9.8,10.2,10.2,10.3
010003,11.7,11.9,11.4,11.9,11.9,12.3,12.0,12.0,11.8,13.0,13.0,12.4,12.4,12.7,13.0,12.7,12.7,12.9,12.7,12.8,13.4,13.1,12.8,12.8,13.2
010004,8.0,7.9,7.9,8.0,8.0,8.0,8.2,7.9,8.2,8.3,8.3,8.4,8.5,8.2,8.4,8.3,8.6,8.8,8.4,8.6,9.0,8.8,8.7,8.7,8.9
010005,6.5,6.7,6.9,6.9,6.7,7.1,7.2,7.2,7.0,7.3,7.5,7.5,7.6,7.7,7.6,8.0,7.9,8.0,8.2,8.5,8.6,8.3,8.6,8.5,8.6
010006,9.3,9.2,9.5,9.3,9.4,9.8,9.4,9.8,9.6,9.9,10.3,10.2,10.0,10.6,10.8,10.7,10.5,10.9,11.4,10.7,11.4,10.5,11.3,11.3,11.2
010007,8.4,8.4,8.5,8.8,8.9,8.7,9.1,9.2,9.1,9.5,9.6,9.5,9.7,10.0,9.9,10.0,9.9,10.0,10.1,10.5,10.8,10.5,10.3,10.9,10.5
010008,8.4,8.8,8.8,8.9,8.6,9.2,9.3,9.6,9.9,10.4,10.1,10.6,10.5,10.6,10.5,11.0,10.8,11.4,11.4,11.6,11.9,11.7,12.1,12.2,12.7
010009,9.6,9.8,9.9,9.9,10.1,10.0,10.0,10.4,10.6,10.9,11.3,11.2,11.3,11.4,11.6,11.7,12.0,12.4,11.7,12.2,12.6,12.7,12.8,12.7,12.7
010010,7.8,7.7,8.2,7.9,8.2,8.1,8.2,8.5,8.4,8.8,8.8,8.9,9.2,9.1,9.1,9.5,9.5,9.6,9.7,9.8,9.9,9.7,10.2,10.0,10.5
010011,9.3,9.5,9.1,9.5,9.6,9.6,10.2,10.3,10.1,10.4,10.4,10.8,10.5,11.1,11.1,11.1,11.3,11.2,11.4,11.5,12.3,12.4,11.8,11.9,12.0
010012,9.2,9.3,9.7,9.8,9.8,9.6,9.9,10.0,10.5,10.3,11.0,10.8,11.2,11.5,10.9,11.5,11.5,11.5,11.8,12.1,12.0,12.4,12.3,12.3,12.9
010013,9.3,9.3,9.5,9.3,9.6,9.6,9.5,10.0,9.6,10.0,10.3,10.3,10.4,10.5,10.5,10.5,10.6,11.0,10.6,10.8,11.2,11.1,11.4,11.0,11.2
010014,10.0,10.3,10.3,10.5,10.2,10.5,10.7,10.8,10.6,11.1,10.9,11.1,10.9,11.3,11.2,11.9,11.5,11.4,11.6,11.7,11.7,11.6,11.8,12.3,12.1
010015,8.0,8.0,8.0,8.4,8.1,8.2,8.4,8.4,8.5,8.8,8.8,9.0,8.8,9.0,8.9,9.2,9.4,9.3,9.5,9.2,9.7,9.6,9.5,9.3,9.6
010016,8.6,8.5,8.8,8.6,8.7,9.0,8.7,8.8,9.2,9.6,10.0,9.3,9.5,10.1,9.7,9.9,10.1,10.3,10.3,10.5,10.3,10.5,10.5,10.9,10.8
010017,8.1,8.1,8.1,8.0,8.1,8.0,8.1,8.3,8.2,8.5,8.4,8.6,8.8,8.6,8.8,8.4,8.7,8.8,8.8,8.9,9.1,8.6,8.6,9.1,8.9
010018,8.2,8.5,8.5,8.6,8.5,8.7,8.5,8.7,8.7,9.2,9.1,9.2,9.3,9.6,9.6,9.7,9.6,9.6,9.8,9.8,10.2,9.9,10.3,10.2,10.0
010019,8.4,8.6,8.2,8.5,8.6,8.6,8.6,8.7,8.7,9.1,9.0,8.9,9.1,9.1,9.1,9.3,9.1,9.2,8.9,9.3,9.7,9.7,9.4,9.8,9.2
010020,9.2,9.3,9.4,9.3,9.3,9.5,9.5,9.3,9.7,9.9,10.1,10.0,10.0,10.2,10.2,10.8,10.6,10.6,10.7,10.8,10.8,10.6,11.0,11.1,11.0
010021,7.8,8.0,7.9,8.0,8.1,8.1,8.3,8.2,8.5,8.7,8.8,8.7,9.0,9.1,9.3,9.1,9.2,9.3,9.4,9.8,9.7,9.6,9.9,9.8,10.0
010022,9.9,9.8,9.9,10.3,9.8,10.2,10.0,10.1,10.0,10.5,10.6,10.3,10.7,10.7,10.6,10.7,10.3,10.7,10.7,10.5,11.0,10.9,10.9,10.8,11.0
010023,7.4,7.6,7.6,7.6,7.5,7.6,7.5,7.6,7.6,7.9,7.8,7.9,7.8,8.0,7.8,7.7,7.8,7.9,7.8,8.1,8.0,8.0,7.9,7.9,7.9
010024,9.5,9.4,9.5,9.5,9.5,9.8,9.8,9.5,9.7,10.4,10.3,10.1,10.3,10.5,10.3,10.4,10.6,10.7,10.8,10.8,11.1,11.2,10.8,11.5,11.4
010025,12.0,12.3,12.4,12.2,12.5,12.3,12.7,12.2,12.1,12.7,12.8,12.8,12.4,12.8,12.8,12.9,12.8,12.7,12.6,13.0,13.0,12.7,12.6,12.8,12.7
010026,10.2,10.0,10.1,10.5,10.5,10.7,10.7,10.6,10.6,11.4,11.7,11.3,11.7,12.2,11.8,12.1,12.4,12.7,12.9,12.8,13.5,13.1,13.6,13.7,14.2
010027,9.0,9.5,9.7,9.5,9.6,9.6,9.7,9.9,10.0,10.0,10.0,10.4,10.3,10.4,10.5,10.3,10.6,10.5,10.8,10.4,10.8,10.9,10.9,11.2,11.0
010028,7.8,7.5,7.8,7.9,7.9,8.0,7.9,7.8,8.2,8.3,8.2,8.5,8.3,8.5,8.4,8.6,8.5,8.5,8.7,8.5,9.0,9.0,8.8,8.7,8.7
010029,8.1,8.1,8.0,8.3,8.5,8.2,8.3,8.1,8.5,8.5,8.7,8.5,8.8,8.8,8.9,8.9,8.8,8.7,8.9,9.2,9.1,9.0,9.0,9.1,9.1
010030,9.5,9.6,9.6,10.0,9.7,10.0,10.0,9.9,10.1,10.4,11.0,10.9,10.4,10.7,10.9,11.2,10.9,11.3,11.0,11.3,11.4,11.8,11.6,11.5,11.9
010031,8.4,8.4,8.4,8.4,8.3,8.3,8.5,8.6,8.7,8.8,8.7,8.9,9.0,8.8,8.8,9.2,8.9,9.0,8.9,9.0,9.1,9.1,9.1,9.4,9.2
010032,10.1,10.1,10.3,10.6,10.6,10.8,10.6,10.6,10.8,11.3,11.2,11.6,11.5,11.5,11.5,11.8,11.8,12.2,11.8,12.4,12.3,12.1,12.4,12.5,12.0
010033,8.7,8.8,9.0,8.8,9.1,8.9,9.0,9.0,9.3,9.3,9.5,9.9,9.6,9.8,10.0,9.9,10.0,10.0,10.2,10.1,10.4,9.9,10.1,10.2,10.4
010034,8.8,9.0,8.7,8.9,9.0,9.1,9.1,9.4,9.3,9.3,9.4,9.7,9.7,9.4,9.7,9.7,9.9,9.6,9.8,10.1,10.4,9.8,10.0,9.9,10.0
010035,8.6,8.8,8.9,8.8,8.5,8.7,9.0,8.8,8.9,9.0,9.1,9.4,9.3,9.4,9.3,9.6,9.5,9.3,9.5,9.6,10.0,9.4,9.4,9.4,9.5
010036,7.3,7.2,7.3,7.2,7.5,7.2,7.5,7.3,7.2,7.4,7.8,7.6,7.4,7.7,7.8,7.6,7.8,7.7,7.7,7.7,7.9,7.7,7.8,8.0,7.9
010037,6.9,7.1,7.1,7.0,6.9,7.2,7.2,7.2,7.4,7.4,7.7,7.7,7.6,7.9,7.8,7.9,8.2,8.1,8.0,8.2,8.6,8.1,8.4,8.5,8.5
010038,9.2,9.5,9.6,9.4,9.5,9.3,9.7,9.6,9.6,10.2,10.1,10.3,10.1,10.5,10.6,10.7,10.4,10.5,10.4,10.7,10.9,11.0,10.9,10.9,11.0
010039,8.7,8.7,8.7,8.9,8.9,8.9,9.0,9.0,8.8,9.1,8.9,9.0,9.1,9.2,9.1,9.0,9.2,9.1,9.2,9.2,9.1,8.9,9.1,9.2,9.0
010040,8.7,8.6,8.6,8.5,8.7,8.5,8.7,8.7,8.4,8.9,8.9,8.8,8.5,9.0,9.1,9.0,8.7,8.9,8.8,8.8,9.1,8.8,8.8,9.0,8.9
010041,7.4,7.1,7.4,7.5,7.4,7.7,7.6,7.7,7.8,8.0,8.1,8.1,8.4,8.2,8.4,8.4,8.5,8.7,8.6,8.6,9.0,8.6,9.0,9.3,9.1
010042,8.2,8.2,8.3,8.2,8.5,8.6,8.6,8.5,8.7,9.1,9.0,9.0,8.9,9.1,9.0,9.1,9.3,9.6,9.5,9.5,9.8,9.5,9.3,9.7,9.8
010043,8.7,8.8,8.7,8.9,9.2,8.7,8.9,8.9,8.6,9.1,9.1,9.2,9.0,9.2,9.4,9.1,9.0,9.1,9.3,9.3,9.5,9.2,9.3,9.0,9.0
010044,9.1,9.3,9.4,9.6,9.5,9.7,10.2,10.2,10.3,10.9,10.5,10.8,11.3,11.3,11.2,11.3,11.9,11.8,11.6,12.2,12.5,12.7,12.3,12.4,12.9
010045,7.3,7.6,7.4,7.3,7.3,7.3,7.4,7.6,7.5,7.9,7.9,7.7,7.7,7.9,7.9,7.7,7.8,7.8,8.0,7.8,8.1,8.1,8.1,8.1,7.9
010046,8.6,8.9,9.0,9.0,8.7,9.0,9.0,9.1,9.2,9.6,9.7,9.4,9.6,9.2,9.6,9.7,9.7,10.1,9.9,9.9,10.1,10.1,10.0,9.9,10.1
010047,7.2,7.2,7.2,7.2,7.4,7.3,7.3,7.4,7.3,7.8,7.8,7.9,7.8,8.0,8.2,8.2,8.1,8.4,8.3,8.4,8.5,8.7,8.7,8.9,9.0
010048,9.0,9.1,9.3,9.3,9.5,9.4,9.7,9.8,9.9,10.0,10.3,10.4,10.8,10.7,10.7,10.7,11.1,10.8,11.1,11.2,11.5,11.3,11.5,11.9,11.9
010049,7.9,7.6,7.9,7.7,7.9,8.0,7.8,7.9,7.6,8.3,8.1,8.4,8.1,8.4,8.5,8.3,8.5,8.4,8.3,8.5,8.8,8.3,8.4,8.4,8.6
010050,7.9,8.1,8.1,8.2,8.4,8.6,8.4,8.5,8.4,8.8,8.9,8.8,8.8,9.1,9.3,9.3,9.1,9.2,9.3,9.6,9.8,9.4,10.0,9.9,10.0
010051,7.7,7.7,7.7,7.9,7.8,8.0,7.9,8.1,8.2,8.3,8.3,8.2,8.7,8.3,8.7,8.4,8.7,8.9,8.8,9.0,9.1,8.5,9.1,8.6,9.1
010052,9.1,9.5,9.1,9.1,9.4,9.3,9.5,9.4,9.6,9.6,9.7,9.9,9.9,9.8,10.0,9.7,9.9,10.2,9.8,10.2,10.1,9.9,9.9,10.4,10.2
010053,8.2,8.4,8.5,8.4,8.7,9.2,9.0,8.9,9.2,9.6,9.4,10.0,10.0,10.0,10.1,10.5,10.2,10.3,10.7,11.1,11.3,11.0,11.1,11.5,11.3
010054,9.6,9.6,10.0,9.9,10.0,10.0,9.8,9.6,9.8,10.1,10.2,9.8,10.6,10.5,10.5,10.6,10.6,10.8,10.5,10.6,11.1,10.8,10.8,10.6,11.0
010055,6.6,6.8,6.7,6.6,6.8,6.7,6.7,6.6,6.8,7.0,6.9,7.1,6.9,7.0,7.0,6.9,7.2,7.1,7.2,7.2,7.3,7.2,7.2,7.0,7.1
010056,7.4,7.2,7.4,7.5,7.4,7.4,7.5,7.6,7.5,7.8,8.1,8.1,8.2,8.1,8.2,8.1,8.3,8.3,8.7,8.7,8.9,8.6,8.7,8.8,8.9
010057,8.2,8.0,8.1,8.1,8.2,8.2,8.3,8.2,8.0,8.6,8.4,8.4,8.2,8.5,8.6,8.3,8.4,8.6,8.5,8.5,8.8,8.5,8.6,8.5,8.7
010058,8.4,8.4,8.5,8.6,8.8,8.5,9.0,8.8,8.8,9.2,9.2,9.3,9.7,9.6,9.7,9.5,9.9,9.5,10.0,10.0,10.2,10.1,10.1,9.9,10.4
010059,10.3,10.2,10.0,10.3,10.6,10.7,10.7,10.6,10.4,11.2,11.0,10.8,11.4,11.1,11.4,11.5,11.2,11.5,11.7,11.4,11.6,11.1,11.4,11.8,11.6
010060,7.4,7.7,7.8,7.6,7.7,7.9,7.9,7.9,8.3,8.3,8.3,8.5,8.6,8.5,8.8,8.7,8.9,8.7,9.1,9.2,9.3,9.5,9.7,9.4,9.5
010061,8.1,8.2,8.1,8.4,8.4,8.6,8.5,8.6,8.5,8.9,8.9,8.9,8.9,9.3,9.3,9.4,9.5,9.5,9.3,9.6,10.1,9.7,9.6,10.1,10.0
010062,8.2,7.9,8.2,8.2,8.4,8.3,8.2,8.3,8.3,8.6,9.0,9.1,8.9,9.0,9.2,9.0,9.1,9.1,9.2,9.5,9.5,9.6,9.6,9.6,9.8
010063,7.6,7.8,7.7,7.9,7.8,8.0,8.2,8.2,8.2,8.5,8.7,8.9,8.9,9.1,9.0,9.2,9.1,9.4,9.4,9.8,9.8,10.0,9.6,10.3,10.4
010064,8.3,8.6,8.2,8.7,8.7,8.8,8.6,8.8,8.7,9.2,9.3,9.2,9.6,9.3,9.4,9.5,9.8,9.8,10.0,9.8,10.3,10.4,10.5,10.6,10.4
010065,7.5,7.8,7.7,8.1,7.8,7.8,8.2,8.1,8.1,8.3,8.3,8.4,8.6,8.5,8.6,9.0,8.6,8.7,8.9,8.9,9.3,9.1,9.2,9.3,9.3
010066,8.0,8.1,7.8,8.0,8.3,8.1,8.1,8.0,8.0,8.4,8.4,8.5,8.3,8.9,8.7,8.4,8.8,8.8,8.7,8.7,8.9,8.8,8.6,8.8,8.9
010067,10.0,10.0,9.8,10.4,10.0,10.0,10.1,10.4,10.1,10.8,11.2,11.0,11.2,10.9,11.3,11.4,11.6,11.6,11.5,11.5,12.1,11.6,11.9,12.5,12.3
011001,8.0,8.3,8.0,8.5,8.1,8.3,8.4,8.3,8.5,8.8,8.9,9.1,8.9,9.1,9.1,8.9,9.0,9.1,9.2,9.1,9.0,9.1,9.4,9.4,9.6
011002,8.4,8.3,8.2,8.6,8.6,8.6,8.9,8.9,9.1,9.1,9.4,9.1,9.6,9.2,9.5,9.4,9.8,9.6,9.6,9.8,10.0,10.0,10.0,9.8,10.0
011003,7.9,7.8,7.8,7.7,8.1,8.0,8.2,8.1,8.2,8.7,8.6,8.5,8.4,8.6,8.7,8.9,8.7,9.2,9.2,9.3,9.7,9.2,9.5,9.5,9.7
011004,9.4,9.3,9.6,9.7,9.8,10.0,9.8,9.6,10.1,10.4,10.5,10.7,10.7,10.9,11.2,10.9,11.5,11.6,11.6,11.7,12.1,11.9,11.7,11.9,12.4
011005,8.9,9.4,9.1,9.5,9.5,9.7,9.6,9.8,10.1,10.4,10.6,10.8,10.8,11.1,11.2,11.0,11.4,11.5,11.8,11.8,12.0,11.9,12.7,12.7,12.6
011006,7.8,7.8,8.1,8.1,7.9,8.1,8.4,8.4,8.3,8.6,8.7,8.7,8.9,9.0,8.9,8.9,9.4,9.4,9.4,9.4,9.7,9.6,9.5,9.5,9.7
011007,8.9,8.8,8.7,8.9,8.7,9.1,9.1,8.9,8.9,9.0,9.1,9.3,9.3,9.5,9.3,9.5,9.3,9.2,9.4,9.6,9.7,9.4,9.5,9.5,9.9
011008,9.1,8.8,9.2,9.0,9.0,9.2,9.4,9.4,9.3,9.8,9.3,9.7,10.0,9.9,9.8,10.1,10.1,9.9,10.2,10.1,10.5,10.4,10.7,10.4,10.6
011009,7.6,7.3,7.7,7.6,7.8,7.8,7.7,7.7,8.0,7.9,8.0,8.2,8.3,8.3,8.1,8.2,8.2,8.4,8.6,8.4,8.6,8.4,8.8,8.6,8.8
011010,11.1,10.9,10.7,10.8,10.9,10.6,10.9,10.4,10.3,10.9,10.7,10.7,10.7,10.6,10.4,10.5,10.3,10.8,10.4,10.7,10.2,10.3,10.2,10.1,10.4
011011,10.0,10.4,10.6,10.5,10.5,10.8,10.9,10.6,10.8,11.3,11.8,11.7,12.0,12.1,12.6,11.8,12.4,12.3,12.4,12.4,12.6,12.5,13.3,13.1,13.1
011012,9.4,9.5,9.8,9.7,9.7,9.8,9.7,10.1,10.1,10.5,10.6,11.1,11.0,11.0,11.1,11.1,11.1,10.7,11.4,11.4,11.1,11.6,11.7,11.8,11.9
011013,9.4,9.4,9.4,9.8,9.8,9.6,9.8,9.9,10.2,10.5,10.5,10.5,11.2,11.2,11.0,10.9,10.9,11.2,11.2,11.2,11.6,11.8,12.0,11.2,11.2
011014,11.0,11.2,11.3,11.1,11.3,11.3,11.5,11.2,11.5,12.1,12.1,12.5,12.3,11.7,12.4,12.5,12.3,12.3,12.7,12.7,12.9,13.0,13.5,12.7,13.0
011015,8.9,8.5,8.8,9.0,9.2,9.2,9.0,9.3,8.9,9.6,9.6,9.8,9.7,10.0,9.7,9.9,9.9,10.1,10.2,10.0,10.3,10.1,10.2,10.3,10.2
011016,7.6,7.6,7.9,7.8,8.0,7.8,8.0,8.1,8.1,8.4,8.4,8.8,8.5,8.8,8.6,8.7,8.8,8.9,9.1,9.0,9.3,8.9,9.2,9.2,9.6
011017,7.9,7.8,8.1,7.8,8.0,7.9,8.0,7.9,7.9,8.2,8.4,8.4,8.5,8.5,8.7,8.5,8.7,8.7,9.0,8.8,9.1,9.1,9.1,9.1,9.0
011018,9.0,9.0,8.8,8.9,8.9,9.1,8.8,9.1,9.4,9.7,9.8,9.8,9.8,9.8,10.1,9.6,9.9,10.3,9.9,10.1,10.3,10.4,10.3,10.5,10.4
011019,9.1,9.2,9.3,9.1,9.3,9.2,9.3,9.5,9.4,9.6,9.4,10.0,9.9,9.8,9.8,9.8,10.0,10.2,9.7,10.2,10.3,9.9,9.9,10.3,10.2
011020,9.8,9.5,9.4,9.5,9.5,9.6,9.9,10.0,10.0,10.5,10.4,10.6,10.4,10.5,10.7,10.6,11.0,10.3,10.7,10.9,11.3,10.8,10.9,11.1,11.3
011021,8.4,8.3,8.4,8.5,8.6,8.6,8.7,8.8,9.0,9.3,9.5,9.5,9.2,9.6,9.7,10.0,10.0,10.1,10.0,10.3,10.4,10.1,10.1,10.2,10.3
011022,8.9,8.9,9.0,9.1,9.3,9.5,9.7,9.6,9.7,10.0,10.9,10.5,11.1,11.1,11.1,11.3,11.4,11.5,11.4,11.9,12.5,12.4,12.1,12.8,12.3
011023,9.3,9.7,9.8,9.9,9.7,10.1,10.2,10.1,10.6,10.9,10.6,10.7,11.3,11.1,11.5,11.5,11.9,11.5,11.8,11.5,12.2,11.9,12.4,12.7,12.2
011024,10.0,9.6,10.0,10.3,10.5,10.5,10.5,10.8,10.7,11.2,11.2,11.8,11.4,11.8,11.5,11.5,11.9,12.5,12.1,12.2,12.9,12.4,12.8,13.0,12.6
011025,8.1,8.2,8.3,8.2,8.3,8.5,8.6,8.4,8.6,8.7,8.8,8.7,8.6,9.0,8.8,8.8,9.2,8.9,9.1,9.1,9.1,9.4,9.1,9.3,9.6
011026,8.1,8.1,8.1,8.2,8.1,8.1,8.1,8.1,8.2,8.5,8.4,8.3,8.4,8.2,8.5,8.3,8.5,8.6,8.4,8.5,8.7,8.3,8.7,8.6,8.3
011027,7.9,8.2,8.0,8.3,8.3,8.2,8.1,8.4,8.4,8.7,8.9,9.0,8.8,9.1,8.7,9.1,9.2,9.2,9.1,9.3,9.7,9.5,9.6,9.6,9.4
011028,9.9,9.6,9.4,9.7,9.7,9.8,9.9,9.6,9.7,9.8,10.2,10.3,10.3,10.4,10.2,10.0,10.3,10.4,10.5,10.7,10.7,10.5,10.3,10.6,10.3
011029,7.0,7.2,7.1,7.2,7.4,7.1,7.3,7.3,7.5,7.7,7.8,7.7,7.8,7.7,7.8,7.8,7.9,8.1,8.1,7.9,8.3,8.1,8.2,8.3,8.1
011030,8.4,8.6,8.7,8.9,8.9,9.1,9.2,9.0,9.2,9.4,9.6,10.0,10.0,9.8,10.0,10.3,10.6,10.6,10.6,10.5,10.8,10.7,11.1,10.9,11.2
011031,6.6,6.7,6.7,6.7,6.7,6.6,6.9,6.8,6.8,6.9,6.9,7.2,7.1,7.1,7.2,7.2,7.2,7.2,7.1,7.1,7.2,7.0,7.3,7.3,7.4
011032,7.5,7.7,7.6,7.7,7.8,7.9,8.1,8.0,7.9,8.3,8.1,8.5,8.4,8.7,8.5,8.6,9.1,8.6,8.8,8.7,9.1,9.1,9.1,9.2,9.1
012001,7.6,7.6,7.6,7.8,7.7,7.9,7.7,7.7,7.9,8.0,8.0,8.3,8.1,8.4,8.5,8.3,8.2,8.5,8.5,8.6,8.8,8.5,8.7,8.8,8.6
012002,9.0,9.2,9.5,9.3,9.5,9.5,9.6,9.6,9.6,10.5,10.3,10.3,10.5,10.8,10.6,10.8,10.6,11.0,11.2,11.1,11.5,11.0,11.3,11.4,11.6
012003,8.2,8.4,8.3,8.4,8.4,8.3,8.5,8.4,8.4,8.8,8.7,8.7,9.0,9.0,8.7,9.1,8.8,9.3,8.9,9.3,9.2,9.3,9.3,9.3,9.4
012004,8.0,7.8,8.2,8.0,8.1,8.2,8.6,8.2,8.4,8.7,8.6,8.7,8.9,9.2,9.1,9.2,9.0,9.3,9.3,9.4,9.4,9.6,9.4,9.6,9.6
012005,8.9,9.1,9.1,9.1,9.3,9.1,9.7,9.7,9.8,10.1,10.2,10.5,10.6,10.3,10.9,11.0,11.1,11.2,11.6,11.3,11.3,11.4,11.4,11.4,11.9
012006,9.3,8.9,9.1,9.4,9.4,9.4,9.5,9.2,9.4,9.7,9.9,9.5,9.9,9.9,9.9,10.0,10.0,9.9,9.8,9.9,10.3,10.0,10.3,10.0,10.0
012007,8.3,8.5,8.6,8.4,8.7,8.6,8.9,8.8,8.8,9.4,9.2,9.1,9.1,9.3,9.4,9.6,9.4,9.6,9.7,9.6,9.7,9.7,9.9,9.9,9.8
012008,7.8,8.0,8.3,8.0,8.2,8.4,8.2,8.4,8.4,8.6,8.6,8.7,8.5,8.9,8.7,8.6,8.9,9.1,8.8,9.2,9.4,9.0,9.1,9.0,9.2
012010,9.3,9.6,9.4,9.2,9.4,9.2,9.3,9.6,9.5,9.7,9.7,9.9,9.8,9.9,10.0,9.8,9.9,9.7,9.7,10.1,10.1,9.8,10.0,9.9,10.1
012011,8.5,8.6,8.7,8.8,8.8,8.6,8.8,9.0,9.2,9.3,9.1,9.4,9.6,9.6,9.7,9.9,9.8,9.6,9.9,10.0,10.7,10.1,10.3,10.4,10.4
012012,9.9,10.1,9.8,9.6,10.2,10.0,10.2,10.2,10.2,10.5,10.8,10.6,10.8,11.1,11.1,11.1,11.0,11.4,11.3,11.1,11.7,11.2,11.4,11.6,11.4
012013,7.5,7.6,7.9,8.0,8.1,8.0,8.1,8.3,8.4,9.0,8.9,8.5,8.9,9.2,9.0,9.1,9.3,9.4,9.4,9.7,10.0,9.7,9.7,9.8,10.0
012014,8.2,8.3,8.4,8.2,8.3,8.6,8.5,8.5,8.4,8.8,9.0,8.7,8.6,8.9,8.8,9.2,9.0,8.8,8.9,9.0,8.9,9.3,9.0,9.1,9.1
012015,8.7,9.0,8.7,8.9,8.8,9.1,9.1,9.0,8.9,9.5,9.6,9.5,9.7,10.0,9.9,10.0,9.9,10.2,10.1,10.2,10.3,10.6,10.6,10.6,10.6
012016,8.2,8.3,8.5,8.3,8.5,8.8,8.6,8.8,9.2,9.1,9.5,9.2,9.7,9.5,9.7,9.8,9.7,10.1,9.9,10.1,10.4,10.8,10.2,10.1,10.7
012017,8.0,8.3,8.0,8.2,8.3,8.6,8.6,8.3,8.9,8.9,9.1,9.1,9.3,9.2,9.2,9.4,9.5,9.5,9.5,9.8,10.3,9.9,10.3,10.2,10.1
012019,10.3,10.5,10.4,10.2,10.4,10.4,10.3,10.3,10.6,10.8,10.9,10.9,11.0,10.9,10.9,10.8,10.8,11.0,11.1,10.9,11.1,11.2,11.3,11.1,10.8
012020,8.2,8.4,8.3,8.4,8.4,8.4,8.3,8.9,8.4,9.3,9.3,9.2,9.3,9.6,9.5,9.5,9.6,9.6,9.8,9.8,10.3,9.7,10.0,10.2,9.9
012021,8.0,8.1,8.0,8.4,8.2,8.3,8.3,8.2,8.4,8.7,8.6,8.9,9.0,9.0,8.9,8.8,9.1,9.0,9.0,9.2,9.4,9.3,9.5,9.2,9.5
012022,7.5,7.3,7.8,7.8,7.6,7.8,7.8,7.9,8.1,8.2,8.2,8.4,8.5,8.4,8.5,8.4,8.8,8.7,8.9,9.0,9.0,9.2,9.0,9.0,9.1
012023,8.2,8.2,8.2,8.0,8.2,8.2,8.1,8.2,8.1,8.4,8.1,8.3,8.1,8.1,7.9,8.3,8.0,8.1,8.0,8.1,8.3,8.1,7.9,7.7,7.9
012024,9.8,10.3,9.9,9.9,10.1,10.4,10.2,10.3,10.0,10.5,10.4,10.5,10.7,10.9,10.9,11.2,10.7,11.6,11.3,11.2,11.9,11.4,11.4,11.4,11.5
012025,8.5,8.6,8.6,8.6,8.6,8.8,8.6,8.8,8.8,9.1,9.0,9.1,9.1,9.2,9.3,9.2,9.1,9.3,9.5,9.6,9.4,9.5,9.4,9.5,9.6
012026,9.1,9.5,9.4,9.8,9.7,9.8,10.0,10.2,10.3,10.6,10.7,10.6,11.2,11.4,11.4,11.2,11.6,11.2,11.8,11.9,12.3,12.1,12.0,12.7,12.4
012027,9.7,10.1,10.1,9.8,9.4,9.8,9.7,9.9,9.9,10.2,10.1,10.3,10.0,10.1,10.4,10.2,10.1,10.0,10.4,10.1,10.8,10.3,10.3,10.2,10.0
012029,8.6,8.3,8.3,8.3,8.4,8.6,8.7,8.6,8.7,9.2,9.0,9.2,9.0,9.3,9.2,9.1,9.3,9.2,9.1,9.7,9.6,9.4,9.6,9.3,9.6
012030,8.4,8.5,8.4,8.4,8.5,8.4,8.4,8.6,8.4,8.8,8.7,9.1,8.9,9.2,8.9,8.8,8.9,9.2,8.8,8.8,9.2,9.1,9.0,9.2,9.1
012031,7.4,7.5,7.5,7.5,7.5,7.7,7.7,7.8,8.0,8.2,8.5,8.3,8.5,8.5,8.4,8.8,8.6,8.8,8.7,8.9,8.9,9.3,9.1,9.3,9.3
012032,8.8,8.8,8.9,9.1,9.2,9.1,9.6,9.7,9.9,9.9,10.2,10.4,10.3,10.6,10.6,10.5,11.1,11.3,11.1,11.5,11.8,11.5,11.6,11.9,12.0
012033,8.5,8.6,8.7,8.7,8.7,8.6,8.8,9.0,8.9,9.1,9.4,9.2,9.7,9.3,9.9,9.5,9.6,9.7,9.9,10.1,10.2,9.8,10.0,10.4,10.4
012034,7.6,7.6,7.7,8.0,8.1,8.0,8.2,8.0,8.0,8.7,8.6,8.5,8.9,8.8,8.9,9.1,8.8,9.4,9.3,9.5,9.7,9.7,9.9,9.8,9.8
012035,8.5,8.5,8.4,8.7,8.6,8.9,9.1,8.9,9.3,9.5,9.8,9.4,9.2,9.5,9.5,9.7,9.4,9.8,10.0,10.0,10.3,10.2,10.3,10.2,10.2
012036,8.1,8.4,8.5,8.3,8.3,8.4,8.6,8.8,8.6,9.2,9.2,9.3,9.3,9.4,9.7,9.8,9.7,9.6,10.0,9.5,10.3,10.0,10.3,10.5,10.1
012037,8.3,8.4,8.6,8.5,8.6,8.9,8.9,9.2,9.0,9.9,9.9,9.8,10.0,9.9,10.1,10.6,10.5,10.7,10.7,11.2,11.6,11.4,11.5,11.6,12.0
012038,9.3,9.1,9.3,9.1,9.4,9.7,9.5,9.6,9.8,10.0,10.1,9.9,10.1,10.4,10.2,10.3,10.3,10.4,10.7,10.8,11.3,10.8,10.7,10.7,11.2
012039,7.9,7.9,8.0,8.0,8.3,8.0,8.0,8.0,7.9,8.1,8.3,8.3,8.3,8.3,8.2,8.3,8.4,8.5,8.4,8.2,8.4,8.3,8.1,8.1,8.3
012040,9.7,9.8,9.6,9.6,9.6,9.7,9.6,9.8,9.9,9.9,10.4,10.4,10.0,10.4,10.3,10.1,10.4,10.3,10.3,10.4,10.7,10.4,10.2,10.4,10.4
012041,9.5,9.7,9.6,9.7,9.8,10.0,9.9,9.9,10.3,10.8,10.6,10.6,10.7,11.1,11.3,11.4,11.4,11.4,11.5,11.9,12.0,11.9,11.6,11.7,12.6
012042,8.6,8.7,8.7,9.1,9.0,9.2,9.1,9.0,9.2,9.6,9.9,9.8,9.9,9.9,10.2,10.4,10.7,10.5,10.8,10.9,10.9,10.7,11.2,11.2,11.5
012043,10.0,10.0,10.0,10.4,10.4,10.8,11.0,10.7,11.3,11.5,11.5,11.7,12.1,12.1,12.4,12.6,12.8,12.7,12.7,13.6,13.9,13.8,13.8,13.9,14.5
012044,9.2,9.1,9.2,9.0,9.2,9.5,9.3,9.2,9.5,10.0,9.6,9.9,9.7,10.1,9.8,10.0,10.0,10.0,10.4,10.1,10.4,10.6,10.3,10.6,10.2
012045,8.7,8.5,8.5,8.5,8.8,8.9,8.9,9.0,8.7,8.9,9.1,9.2,9.2,9.3,8.9,9.1,9.3,9.3,9.4,9.3,9.4,9.3,9.2,9.3,9.5
012046,9.8,9.9,10.0,10.2,10.3,10.2,10.2,10.5,10.7,10.9,11.1,11.0,11.1,11.3,11.5,11.5,11.6,11.1,12.0,12.4,12.2,12.0,12.2,12.2,12.4
012047,8.5,8.6,8.3,8.7,8.6,8.8,8.7,8.8,8.8,9.5,9.1,9.2,9.1,9.1,9.3,9.5,9.5,9.4,9.4,9.5,9.9,9.6,9.4,9.8,9.7
012048,8.8,8.4,8.6,8.8,8.7,9.0,9.1,9.5,9.4,9.4,9.8,9.9,9.9,9.9,10.1,9.8,10.2,10.4,10.4,10.7,10.7,10.6,10.6,10.8,11.2
012049,8.4,8.1,8.2,8.1,8.6,8.3,8.5,8.4,8.5,8.8,8.8,8.8,8.9,9.0,9.3,9.3,8.9,9.2,9.3,9.6,9.4,9.1,9.4,9.5,9.7
012050,9.1,9.1,9.4,9.4,9.4,9.2,9.3,9.4,9.5,9.8,9.9,9.4,9.6,9.8,9.5,9.8,9.9,9.9,10.0,10.0,9.7,10.0,10.3,10.1,10.1
012051,7.7,7.5,7.9,7.7,7.9,8.1,8.2,7.7,8.1,8.2,8.3,8.5,8.5,8.1,8.4,8.3,8.5,8.5,8.4,8.6,8.7,8.4,8.5,8.3,8.5
012052,8.6,8.7,8.7,8.5,8.7,8.8,9.0,8.8,8.8,9.0,9.3,9.3,9.2,9.6,9.5,9.4,9.4,9.5,9.4,9.4,9.8,9.6,9.9,9.9,9.8
012053,10.6,10.8,10.9,10.9,11.0,11.3,11.2,11.3,11.7,11.5,11.7,11.8,12.2,12.5,12.3,12.8,12.4,12.9,12.9,12.9,13.1,13.1,13.1,13.6,13.7
012054,7.3,7.3,7.3,7.3,7.4,7.5,7.4,7.5,7.5,7.6,7.7,7.6,7.9,8.0,7.9,8.0,7.9,8.0,7.9,8.1,8.2,8.0,8.1,7.8,8.1
012055,9.2,9.0,9.1,9.1,9.3,9.2,9.3,9.6,9.2,9.7,9.8,9.7,9.6,9.8,9.5,9.5,9.7,9.9,9.8,10.0,10.1,10.0,10.0,9.9,9.8
012056,8.1,7.9,8.0,8.0,8.2,8.2,8.0,8.2,8.2,8.4,8.4,8.3,8.3,8.3,8.5,8.3,8.1,8.5,8.3,8.2,8.4,8.3,8.5,8.6,8.3
012057,8.8,9.0,9.3,9.1,9.2,9.4,9.2,9.4,9.8,10.3,10.1,10.0,10.4,10.1,10.4,10.1,10.5,10.7,10.5,10.9,11.2,10.9,11.3,10.9,11.3
012058,8.9,9.0,9.1,9.1,9.3,9.0,9.3,9.2,9.4,9.5,9.7,9.5,9.8,9.7,9.5,9.7,9.9,9.8,10.0,9.6,10.0,9.8,9.7,9.9,10.1
012059,8.4,8.2,8.5,8.6,8.6,8.9,9.1,9.0,8.8,9.2,9.5,9.4,9.4,9.6,9.7,9.7,9.6,9.6,9.7,10.0,10.1,9.9,10.1,9.9,10.2
012060,7.8,7.7,7.8,7.7,7.9,7.9,7.9,7.7,8.1,8.0,8.0,8.0,8.1,8.3,8.1,8.0,8.1,8.2,8.2,8.0,8.4,8.3,8.2,8.3,8.1
012061,8.0,8.4,8.1,8.3,8.4,8.4,8.4,8.5,8.6,8.8,9.0,9.2,9.1,9.1,9.2,9.1,9.3,9.2,9.3,9.2,9.7,9.6,9.5,9.8,9.4
012062,8.8,8.6,8.7,9.1,9.1,8.7,9.0,9.1,9.0,9.3,9.1,9.1,9.0,9.1,9.5,9.2,9.2,9.2,9.6,9.4,9.5,9.3,9.2,9.5,9.3
012063,8.6,8.7,8.8,8.7,8.8,8.8,8.9,9.2,9.0,9.2,9.4,9.8,9.7,9.7,9.8,10.0,10.2,9.7,10.1,10.3,10.6,10.1,10.3,10.6,10.8
012064,10.4,10.4,10.2,10.5,10.5,10.9,10.8,10.9,10.6,11.6,11.2,11.4,11.7,11.6,11.8,12.1,12.4,12.2,12.1,12.6,12.6,12.0,12.3,12.5,12.6
012065,10.1,10.4,10.1,10.2,10.3,10.3,10.3,10.4,10.6,10.7,10.7,11.1,10.8,10.9,11.0,11.3,11.6,11.3,11.5,11.4,11.6,11.3,11.6,11.7,11.5
012066,7.8,8.1,8.5,8.5,8.5,8.6,8.6,8.8,9.0,9.3,9.5,9.5,9.8,10.1,10.0,10.2,10.5,10.5,10.8,10.8,11.6,11.6,11.3,11.9,11.7
012067,9.3,9.2,9.5,9.8,9.7,9.7,10.0,10.1,10.1,10.5,10.6,10.7,10.9,10.8,11.3,11.5,11.3,11.0,11.4,11.2,11.5,11.5,12.0,12.0,11.8
012068,9.9,9.5,9.7,10.0,10.3,9.9,10.5,10.3,10.6,11.0,11.1,11.3,11.6,11.2,11.4,11.6,11.8,11.9,12.0,12.0,12.5,12.5,12.2,12.6,12.9
012069,8.8,8.7,8.8,8.6,8.8,9.2,9.0,8.7,9.0,9.4,9.2,9.2,9.2,9.1,9.9,9.1,9.5,9.1,9.2,9.4,9.6,9.5,9.6,9.6,9.6
012070,9.6,10.0,9.7,9.9,10.0,9.8,10.1,9.9,10.4,10.7,10.9,10.9,11.3,11.5,11.2,11.0,11.6,11.2,12.0,12.1,12.1,11.8,12.5,12.6,12.4
012071,8.0,8.3,8.3,8.2,8.0,8.1,8.4,8.3,8.2,8.8,8.5,8.6,8.8,8.7,8.5,8.7,8.8,9.1,8.9,9.0,9.3,8.9,8.9,8.8,9.1
012072,7.3,7.4,7.6,7.6,7.8,7.5,7.8,7.8,7.7,8.5,8.2,8.4,8.5,8.7,8.7,8.5,8.8,9.1,8.8,8.7,9.2,8.9,9.2,9.1,9.5
012073,9.6,9.6,10.0,9.6,10.0,9.8,9.9,9.6,10.0,10.0,9.9,10.0,9.8,10.0,10.1,10.0,10.3,9.9,10.2,10.0,10.3,10.1,9.9,9.8,10.0
012074,6.1,6.1,6.3,6.2,6.3,6.3,6.2,6.2,6.3,6.4,6.5,6.6,6.5,6.6,6.5,6.7,6.5,6.6,6.8,6.6,6.8,6.8,6.7,6.8,6.7
012075,7.5,7.6,7.7,7.4,7.7,7.6,7.6,7.4,7.4,7.7,7.5,7.5,7.5,7.5,7.5,7.5,7.5,7.4,7.4,7.4,7.3,7.1,7.2,7.2,7.2
012076,7.8,7.7,7.7,7.9,7.8,7.7,8.0,7.8,8.1,8.2,8.4,8.2,8.4,8.4,8.2,8.3,8.4,8.3,8.7,8.7,8.7,8.3,8.6,8.4,8.4
012077,10.0,10.0,10.5,10.4,10.2,10.7,10.8,10.5,10.9,11.2,11.1,11.2,11.3,11.5,11.4,11.4,11.7,11.8,11.6,12.3,12.2,11.9,12.1,12.2,12.2
012078,8.4,8.4,8.5,8.7,8.6,9.1,9.0,8.9,9.2,9.4,9.6,9.4,9.5,9.9,9.8,9.8,9.8,10.0,10.1,10.1,10.7,10.1,10.5,10.6,10.6
012079,7.4,7.4,7.6,7.6,7.6,7.8,7.8,7.9,7.9,8.3,8.2,8.3,8.6,8.4,8.5,8.5,8.7,8.8,8.9,9.0,9.2,9.2,9.0,9.2,9.2
012080,8.8,8.9,8.9,9.1,9.0,9.2,9.2,9.2,9.2,9.5,10.0,9.7,9.9,9.6,9.8,9.9,9.7,10.0,10.2,10.4,10.3,10.4,10.3,10.5,10.5
012081,8.5,8.8,8.8,9.0,9.0,9.3,9.3,9.1,9.1,9.9,9.8,10.0,9.8,10.1,10.2,10.2,10.2,10.5,10.8,10.8,11.2,11.0,10.8,11.0,11.2
012082,10.0,10.0,10.5,10.1,10.4,10.3,10.4,10.3,10.4,10.7,10.7,10.6,11.5,11.2,11.0,11.3,11.3,11.3,11.3,11.4,11.6,11.6,11.6,11.9,11.6
012083,10.4,10.5,11.0,10.9,11.0,11.1,11.2,11.0,11.0,11.4,11.4,11.9,12.1,12.0,12.8,12.3,12.6,12.3,12.3,13.2,13.2,12.6,12.7,13.6,13.4
012084,8.4,8.3,8.7,8.5,8.7,8.6,8.7,8.7,8.9,9.3,9.0,9.3,9.3,9.2,9.4,9.3,9.6,9.6,9.3,9.7,9.7,9.8,9.6,9.7,9.8
012085,9.2,9.5,9.3,9.5,9.7,9.5,9.7,10.3,10.1,10.1,10.5,10.5,10.6,10.8,10.8,10.9,10.9,10.5,11.1,11.4,11.4,11.5,11.2,11.6,11.7
012086,9.4,9.6,9.3,9.2,9.3,9.3,9.7,9.4,9.6,9.4,9.9,10.3,9.8,9.8,9.9,9.9,10.0,10.3,10.0,10.2,10.2,9.9,10.0,10.1,10.3
012087,9.7,9.6,9.8,9.7,9.7,10.0,9.7,9.9,9.7,10.0,10.5,10.2,10.0,10.2,10.7,10.5,10.0,10.2,10.1,10.3,10.8,10.1,10.2,10.3,10.4
012088,8.8,8.6,8.9,8.9,9.0,8.8,9.1,9.3,9.4,9.6,9.9,9.9,10.1,10.1,10.2,10.4,10.5,10.4,10.6,10.8,11.1,10.9,10.9,10.6,11.0
012089,10.1,10.2,9.9,10.1,10.1,10.3,10.2,10.4,10.7,11.2,11.0,10.9,11.1,11.2,11.4,11.2,11.2,11.0,11.5,11.3,11.9,11.6,11.8,11.4,11.6
012090,7.5,7.4,7.4,7.8,7.7,7.8,7.9,7.9,8.0,8.2,8.3,8.3,8.4,9.0,8.8,8.7,8.5,9.0,8.9,9.1,9.1,9.1,9.3,9.4,9.3
012091,8.0,7.9,7.9,7.8,8.0,7.9,8.0,8.2,8.3,8.3,8.3,8.3,8.4,8.6,8.6,8.6,8.5,8.5,8.6,8.8,9.1,8.8,9.1,8.8,8.8
012092,8.9,8.7,9.0,8.8,8.8,9.0,9.0,9.1,8.9,9.4,9.4,9.7,9.6,9.6,9.8,9.9,10.0,10.0,10.0,10.1,10.3,10.2,10.3,10.6,10.6
012093,11.2,11.1,11.5,11.4,11.8,12.2,12.1,11.9,11.9,12.6,13.0,13.1,13.8,13.8,13.8,14.0,13.6,14.6,15.3,14.5,15.6,15.0,15.2,15.6,15.7
012096,7.8,7.7,7.6,7.6,7.9,7.8,7.8,8.1,8.0,8.2,8.2,8.3,8.0,8.2,8.3,8.2,8.3,8.2,8.2,8.4,8.4,8.3,8.3,8.5,8.3
012097,9.4,9.5,9.8,9.7,9.8,10.2,9.8,10.3,10.3,10.7,11.1,10.7,11.2,11.2,11.3,11.1,11.1,11.7,11.7,11.2,11.8,12.2,11.8,11.8,12.2
012098,9.7,10.2,10.2,10.2,10.1,10.2,10.4,10.6,10.7,10.9,11.0,11.7,11.5,11.7,11.3,11.6,11.4,11.6,12.1,12.0,12.1,12.1,12.3,12.0,12.5
012099,8.4,8.3,8.3,8.4,8.4,8.3,8.2,8.5,8.4,8.7,8.9,9.1,9.1,9.0,9.0,9.1,9.0,8.9,9.2,9.2,9.8,9.7,9.5,9.4,9.7
012100,9.1,9.2,9.3,9.5,9.4,9.7,9.8,9.7,10.1,10.4,10.5,10.9,10.6,10.8,10.8,11.7,11.3,11.5,11.6,11.6,12.2,12.0,12.5,12.3,12.6
012101,8.9,9.3,9.5,9.3,9.5,9.5,9.5,9.8,9.9,10.2,10.5,10.5,10.8,10.5,10.8,10.7,10.8,11.3,11.4,11.3,11.8,11.7,12.0,11.8,12.1
012102,8.7,8.7,9.0,8.5,9.1,8.8,9.3,9.3,9.0,9.3,9.2,9.2,9.5,9.6,9.6,9.6,9.6,9.2,9.7,10.1,10.1,9.8,9.8,9.8,10.4
012103,8.6,8.9,8.8,8.7,8.9,8.8,9.0,8.8,9.0,9.4,9.5,9.6,9.6,9.7,10.0,9.6,9.5,10.0,9.6,10.0,10.2,10.0,9.8,10.2,9.9
012104,9.9,9.7,9.8,9.6,9.8,10.0,9.6,9.7,9.9,10.1,9.7,10.0,10.1,10.1,10.2,10.1,10.3,10.0,10.5,10.0,10.5,10.2,10.2,10.3,10.1
012105,9.1,9.2,9.1,9.1,9.0,9.3,9.5,9.2,9.4,9.8,9.6,9.5,9.8,10.0,10.0,10.0,9.8,10.1,10.1,9.8,10.4,10.1,10.0,10.3,10.3
012106,8.1,8.0,8.1,8.1,8.3,8.1,8.2,8.3,8.5,8.6,8.9,8.7,9.0,9.0,9.1,8.9,9.1,9.3,9.2,9.1,9.5,9.2,9.5,9.2,9.5
012107,8.3,8.3,8.3,8.3,8.5,8.6,8.8,8.7,8.9,9.3,9.2,9.4,9.5,9.4,9.6,9.7,9.7,9.8,10.2,10.2,10.6,10.3,10.5,10.5,10.7
012108,8.9,9.2,9.1,9.0,9.3,9.4,9.5,9.6,9.9,9.8,9.7,10.1,9.9,10.3,10.5,10.5,10.8,10.5,10.5,10.6,11.1,10.9,11.2,10.8,11.0
012109,7.1,7.1,7.1,7.2,7.1,7.3,7.4,7.0,7.4,7.4,7.5,7.4,7.4,7.8,7.5,7.4,7.6,7.7,7.4,7.5,7.7,7.5,7.5,7.5,7.7
012110,7.7,7.6,7.5,7.7,7.6,7.5,7.4,7.6,7.4,7.5,7.7,7.5,7.4,7.6,7.3,7.4,7.5,7.4,7.1,7.4,7.5,7.2,7.2,7.2,7.0
012113,8.3,8.5,8.6,8.6,8.9,9.0,8.8,9.1,9.3,9.6,9.8,9.9,9.8,10.1,10.0,9.9,10.3,10.4,10.4,10.4,11.1,10.8,11.0,11.0,11.1
012114,8.8,8.4,8.6,8.4,8.4,8.5,8.5,8.2,8.6,8.5,8.6,8.5,8.3,8.5,8.5,8.7,8.3,8.4,8.1,8.3,8.4,8.4,8.1,8.1,8.2
012115,9.4,9.4,9.5,9.6,9.7,10.0,10.0,10.0,10.2,10.2,10.8,10.4,10.8,10.8,11.0,11.4,11.7,11.2,11.4,11.5,12.0,11.9,11.7,12.0,11.8
012116,9.9,10.0,10.0,10.0,10.2,10.3,10.2,10.3,10.6,10.9,11.2,11.3,11.1,11.7,11.6,11.9,11.6,11.8,12.1,12.3,12.5,12.3,12.4,12.7,12.7
012117,8.1,8.2,8.2,8.3,8.3,8.4,8.4,8.4,8.3,8.6,8.9,8.7,8.6,8.8,9.0,9.0,9.2,8.9,8.9,9.0,9.3,9.3,9.1,9.1,9.2
012118,8.2,8.2,8.0,8.0,8.4,8.4,8.3,8.4,8.4,8.7,8.9,9.0,9.0,9.5,9.1,9.7,9.2,9.4,9.6,9.6,10.1,9.9,10.1,10.1,10.0
012119,8.3,8.3,8.4,8.5,8.7,8.6,8.7,8.8,8.8,9.2,9.0,9.2,9.2,9.4,9.4,9.6,9.7,10.0,9.6,9.7,10.3,10.2,10.1,10.3,10.2
012120,8.6,8.6,8.8,8.7,9.0,8.8,9.0,8.7,8.6,9.3,9.0,9.6,9.2,9.1,9.5,9.3,9.4,9.5,9.5,9.6,9.6,9.7,9.6,9.9,9.7
012121,7.1,7.2,7.2,7.1,7.3,7.1,7.4,7.2,7.0,7.3,7.5,7.3,7.2,7.2,7.2,7.2,7.2,7.2,7.3,7.2,7.4,7.0,7.3,7.2,7.0
012122,8.7,8.5,8.6,9.0,8.7,8.7,8.7,8.8,8.9,9.2,9.1,9.5,9.6,9.7,9.6,9.6,9.6,9.9,9.6,9.7,10.0,9.6,10.1,9.8,9.9
012123,6.9,7.1,7.0,6.9,7.0,7.0,7.2,7.1,7.0,7.3,7.4,7.3,7.4,7.3,7.5,7.5,7.5,7.2,7.4,7.6,7.6,7.5,7.6,7.7,7.4
012124,8.2,8.4,7.9,8.2,8.3,8.4,8.5,8.5,8.6,8.6,9.0,9.0,8.5,8.7,8.8,9.0,8.9,9.0,8.9,9.1,9.4,9.1,9.2,9.3,9.5
012125,9.1,9.0,9.5,9.3,9.5,9.5,9.4,9.5,9.8,10.2,9.9,10.0,10.2,10.2,10.3,10.2,10.3,10.3,10.5,10.5,11.0,11.0,10.8,11.1,10.9
012126,8.3,8.2,8.7,8.4,8.5,8.4,8.6,8.8,8.9,9.3,9.2,9.4,9.3,9.3,9.2,9.6,9.7,9.6,9.5,9.7,10.0,9.8,10.1,10.2,10.6
012127,9.1,8.9,9.0,9.0,8.9,9.1,9.4,9.0,8.9,9.1,9.5,9.5,9.4,9.4,9.3,9.1,9.6,9.2,9.5,9.4,9.6,9.4,9.5,9.5,9.3
012128,8.8,9.0,9.3,9.2,9.4,9.8,9.7,10.0,10.0,10.2,10.7,10.9,10.6,10.7,10.9,11.2,10.9,10.9,11.6,11.5,12.1,11.7,11.6,11.8,11.8
012129,8.1,7.9,7.8,7.8,8.0,8.0,8.0,8.2,8.2,8.5,8.4,8.4,8.7,8.8,8.5,8.7,8.6,8.9,8.6,8.7,9.2,8.9,8.9,8.9,8.9
012130,9.4,9.4,9.7,9.6,9.5,9.4,9.3,9.8,9.8,9.8,10.0,9.7,9.7,9.7,10.1,10.0,9.9,10.0,10.0,9.9,10.4,10.2,10.2,10.3,10.3
012131,7.6,7.9,7.9,7.9,8.2,8.0,8.1,8.1,8.1,8.3,8.8,8.8,8.7,8.8,8.9,8.8,9.2,9.0,8.8,9.1,9.4,9.2,9.1,9.5,9.8
012132,10.5,10.5,10.4,10.2,10.4,10.2,10.9,11.0,10.8,11.1,11.2,11.4,11.3,11.4,11.4,11.3,11.7,11.7,11.8,11.6,11.9,11.5,12.1,11.9,11.7
012133,8.7,8.6,8.5,9.2,9.1,9.1,9.2,9.3,9.4,9.6,9.9,9.9,10.2,10.1,10.4,10.5,10.5,10.5,10.8,10.8,11.4,11.0,11.3,11.3,11.5
012134,8.3,8.3,8.2,8.3,8.2,8.5,8.3,8.5,8.3,8.7,8.7,8.7,8.8,8.7,8.5,8.8,8.6,9.0,8.3,8.7,8.7,8.8,8.6,8.8,8.7
012136,9.8,10.5,10.3,10.4,10.5,10.1,10.6,10.3,10.3,10.8,10.9,10.7,11.1,11.3,11.0,11.2,11.0,11.1,11.2,11.5,11.3,11.7,11.7,11.5,11.9
012137,9.5,10.0,9.9,9.9,9.8,9.9,9.7,9.7,9.8,10.0,9.9,10.1,10.1,10.2,9.7,10.1,9.8,10.2,10.0,9.7,10.0,10.0,9.9,9.7,9.9
012138,8.9,9.0,9.0,9.0,8.7,8.8,9.0,8.9,9.0,9.1,9.2,9.3,9.3,9.4,9.3,9.3,9.3,9.5,9.4,9.7,9.6,9.6,9.9,9.9,9.9
012139,6.8,7.0,6.9,6.8,7.2,7.1,7.2,7.2,7.3,7.2,7.5,7.5,7.4,7.6,7.4,7.6,7.8,7.7,7.7,8.0,7.9,8.1,8.1,8.1,8.0
012140,9.7,9.5,9.7,9.8,9.8,10.0,10.0,9.9,10.4,10.4,11.1,10.9,11.1,11.2,11.1,10.9,11.6,11.7,11.6,11.9,12.3,11.9,11.7,12.0,12.0
012141,7.7,7.7,7.7,7.9,7.9,8.0,8.3,8.0,8.3,8.4,8.8,9.0,8.8,9.1,8.9,9.0,9.1,9.3,9.5,9.4,9.7,9.4,9.6,9.5,10.0
012142,9.8,10.1,10.2,10.3,10.3,10.3,10.6,10.3,10.5,10.9,11.2,10.6,11.3,11.4,11.1,11.5,11.1,11.6,11.7,11.6,12.3,11.9,11.9,11.5,12.2
012143,8.5,8.9,8.9,9.1,9.0,9.2,9.5,9.4,9.5,9.7,9.9,9.9,10.0,10.1,9.6,10.4,10.5,10.4,10.7,10.4,11.1,10.5,10.8,10.9,10.9
012144,8.1,8.3,8.0,8.6,8.1,8.5,8.2,8.7,8.6,9.0,8.9,9.0,9.0,8.8,8.9,8.8,8.9,9.2,8.9,9.5,9.6,9.7,9.6,9.5,9.5
013003,8.7,9.0,9.1,9.1,9.1,9.0,8.7,9.0,9.1,9.2,9.6,9.5,9.5,9.0,9.6,9.4,9.3,9.5,9.2,9.3,9.4,9.4,9.4,9.1,9.5
013004,7.7,7.8,7.7,8.0,7.8,7.8,8.0,8.0,8.0,8.3,8.1,8.3,8.3,8.4,8.4,8.5,8.6,8.5,8.6,8.5,8.9,8.8,8.5,8.7,8.8
013005,8.2,8.5,8.4,8.6,8.9,9.1,8.7,9.4,9.3,9.4,9.3,9.7,9.7,10.1,9.8,10.1,10.2,10.3,10.4,10.3,10.7,10.4,10.7,10.8,11.2
013006,8.6,8.6,8.8,8.6,8.9,8.8,9.1,9.1,9.2,9.6,10.1,9.7,10.0,10.2,10.0,10.2,10.3,10.5,10.4,10.7,10.8,10.6,11.1,11.0,10.8
013007,10.5,10.5,10.5,10.5,10.8,10.8,10.6,10.7,10.9,11.6,11.6,11.5,11.5,11.2,11.1,11.6,11.4,11.8,11.6,11.5,12.0,11.6,11.9,11.7,12.0
013009,7.6,7.7,7.9,7.6,7.8,7.6,7.5,7.7,7.8,7.9,8.0,8.1,8.2,8.3,8.3,7.9,8.4,8.2,8.3,8.0,8.4,8.0,8.4,8.3,8.3
013010,8.4,8.6,8.5,8.5,8.3,8.4,8.4,8.4,8.4,8.6,8.4,8.7,8.7,8.6,8.5,8.6,8.3,8.5,8.5,8.6,8.6,8.3,8.6,8.2,8.6
013011,7.8,7.8,7.7,7.7,8.2,8.0,8.0,8.3,8.1,8.7,8.6,8.6,8.7,8.8,8.9,8.8,9.3,9.2,9.3,9.4,9.8,9.4,9.8,9.5,10.1
013012,8.7,9.1,9.1,8.9,9.1,9.2,9.3,9.3,9.5,9.9,9.7,10.2,10.2,9.9,10.3,10.4,10.3,10.0,10.8,10.4,10.8,10.9,10.6,10.9,11.2
013013,9.6,9.3,9.2,9.4,9.2,9.0,9.3,9.2,9.0,9.5,9.7,9.7,9.5,9.7,9.7,9.4,9.5,9.5,9.4,9.7,9.4,9.3,9.4,9.4,9.4
013015,9.1,8.9,9.2,9.2,9.3,9.5,9.7,9.7,9.6,10.1,10.4,10.1,10.2,10.4,10.5,10.2,10.5,10.7,10.8,11.0,11.2,11.2,11.0,11.5,11.4
013021,7.5,7.5,7.7,7.7,7.6,7.6,7.7,7.6,7.7,8.0,8.0,8.0,8.2,8.3,8.1,8.4,8.4,8.4,8.2,8.5,8.4,8.5,8.6,8.6,8.4
013022,6.3,6.3,6.5,6.4,6.5,6.3,6.5,6.4,6.7,6.6,6.6,6.7,6.8,6.9,6.6,7.1,7.1,6.8,6.9,6.8,7.1,6.9,6.8,7.1,6.9
013023,8.6,8.5,8.2,8.5,8.5,8.5,8.7,8.4,8.7,8.7,8.8,8.6,8.6,8.6,8.8,8.7,8.8,8.8,8.8,8.5,8.7,8.6,8.8,8.7,8.7
013024,9.3,9.7,9.3,9.7,9.5,9.5,9.6,10.0,9.7,10.2,10.3,10.7,10.5,10.7,10.9,10.7,10.9,10.9,11.2,11.1,11.5,11.4,11.5,11.6,11.8
013025,8.6,8.5,8.6,8.7,8.7,8.7,8.8,8.7,9.0,9.3,9.2,9.3,8.9,9.1,9.3,9.5,9.2,9.1,9.4,9.2,9.5,9.3,9.0,9.4,9.4
013026,10.5,10.8,10.5,11.1,11.0,11.4,11.2,11.5,11.3,11.9,12.3,12.3,12.2,12.7,12.6,12.8,12.7,13.1,13.1,13.7,13.9,13.3,14.0,13.7,14.4
013028,8.7,9.0,9.0,8.9,8.9,9.0,8.8,8.9,8.8,9.2,9.3,9.3,8.8,9.3,9.3,9.2,9.3,9.4,9.4,9.4,9.7,9.7,9.2,9.4,9.2
013029,8.1,8.2,8.3,8.2,8.2,8.4,8.1,8.1,8.6,8.6,8.7,8.8,8.6,8.8,8.7,9.0,9.2,8.7,9.0,9.2,9.3,8.8,8.9,9.2,9.2
013030,8.6,8.9,8.8,8.8,9.1,8.8,9.0,9.1,9.0,9.6,9.5,9.2,9.5,9.6,9.7,9.8,9.6,9.8,9.7,10.0,10.1,10.3,10.2,10.1,10.1
013032,8.7,9.0,9.1,9.3,9.2,9.1,9.2,9.4,9.3,9.4,9.8,9.8,9.8,9.9,10.2,10.5,10.3,10.1,10.2,10.2,10.6,10.6,10.3,10.8,10.7
013034,9.2,9.1,9.2,9.2,9.6,9.7,9.5,9.6,9.8,10.5,10.2,10.3,10.4,10.6,10.6,10.8,11.1,10.9,11.0,11.2,11.8,11.4,11.2,11.4,11.8
013035,8.4,8.3,8.4,8.3,8.6,8.7,8.9,9.0,8.8,9.0,9.1,9.3,9.5,9.4,9.4,9.7,9.5,9.7,10.0,9.8,9.9,9.6,9.8,10.2,10.0
013036,6.7,6.9,6.9,6.8,7.0,7.0,7.1,7.1,7.1,7.3,7.4,7.2,7.4,7.4,7.5,7.6,7.3,7.4,7.4,7.7,7.7,7.5,7.6,7.9,7.8
013037,8.8,8.8,8.9,8.9,8.8,8.7,9.1,9.0,8.7,9.0,9.1,9.1,9.1,9.1,9.0,9.1,8.9,9.1,9.1,9.2,9.0,9.0,9.1,8.8,8.9
013040,8.7,8.9,9.1,9.1,9.1,9.0,9.2,9.4,9.6,9.9,10.1,10.1,9.8,10.5,10.6,10.5,11.0,10.7,10.3,10.7,11.6,10.8,11.3,11.5,11.4
013041,6.5,6.5,6.9,6.7,6.9,6.7,6.7,6.8,6.8,7.1,7.1,7.0,7.1,7.0,7.1,7.2,7.1,7.3,7.3,7.3,7.4,7.3,7.2,7.2,7.3
013042,9.2,9.3,9.5,9.2,9.2,9.2,9.3,9.4,9.2,9.6,9.9,10.0,9.8,9.8,9.8,9.5,9.8,9.5,10.1,9.8,9.8,10.0,10.0,9.8,9.6
013043,7.8,8.1,8.0,7.9,7.8,8.0,7.9,8.1,8.2,8.6,8.5,8.4,8.6,8.6,8.7,8.7,8.7,8.6,8.7,8.9,9.2,8.8,9.1,9.0,9.0
013044,8.3,8.3,8.4,8.4,8.2,8.4,8.6,8.6,8.6,8.6,8.7,8.7,8.8,8.6,8.8,8.9,8.5,8.6,8.7,8.8,9.0,8.8,8.7,8.8,8.8
013045,8.1,8.4,8.5,8.6,8.9,8.6,9.0,9.2,9.5,9.9,10.0,9.9,10.3,10.3,10.4,10.9,10.7,11.1,11.2,11.3,11.7,11.6,11.8,11.9,12.4
013046,9.1,8.7,8.8,9.0,9.0,8.8,8.9,8.9,9.2,9.3,9.6,9.6,9.5,9.5,9.3,9.8,9.9,9.5,9.6,9.7,9.9,9.4,9.5,9.9,9.9
013047,8.8,8.8,8.6,9.0,8.9,8.8,8.8,8.8,8.7,9.2,8.8,9.1,9.2,9.2,9.3,9.2,8.8,9.2,9.0,9.3,9.6,9.0,9.1,9.2,9.1
013048,6.9,7.3,7.1,7.2,7.1,7.0,7.2,7.2,7.5,7.4,7.5,7.5,7.4,7.6,7.6,7.7,7.5,7.4,7.7,7.7,7.9,7.8,7.8,7.9,8.1
013052,8.0,8.1,7.8,7.9,8.0,7.9,8.0,7.9,8.3,8.4,8.3,8.6,8.6,8.6,8.5,8.6,8.5,8.7,8.5,8.7,8.8,8.8,8.9,8.9,8.7
013053,8.1,8.4,8.5,8.4,8.4,8.2,8.5,8.6,8.5,8.7,8.8,8.9,8.9,8.9,9.1,9.1,9.3,9.3,9.3,9.5,9.6,9.7,9.3,9.6,9.5
013055,8.8,8.8,9.0,9.0,8.8,9.0,9.0,9.2,9.4,9.6,9.8,9.7,9.6,9.8,10.0,10.1,10.0,10.4,10.2,10.3,10.6,10.7,10.6,11.0,10.8
013058,8.1,8.3,8.3,8.3,8.3,8.3,8.4,8.3,8.3,8.9,8.8,8.9,9.0,9.3,8.9,8.9,9.1,9.1,9.0,9.1,9.5,9.2,9.4,9.3,9.3
013059,9.6,9.7,9.7,9.6,9.9,10.2,10.1,9.7,10.3,10.4,10.4,10.5,10.5,10.6,10.8,10.8,11.0,10.8,10.8,11.0,11.5,11.0,10.9,10.7,11.2
013062,7.3,7.1,7.4,7.4,7.5,7.5,7.7,7.8,7.7,8.1,8.3,8.5,8.3,8.4,8.4,8.3,8.6,8.5,8.6,8.8,8.9,8.9,9.2,8.8,9.1
013063,10.6,10.3,10.8,10.7,10.9,10.6,10.8,10.8,10.9,11.2,11.1,11.3,11.6,11.5,11.5,11.4,11.6,11.9,11.6,11.9,12.0,11.6,12.4,12.0,12.3
013064,8.6,8.6,8.4,8.7,8.7,8.6,8.5,8.5,8.8,9.2,9.5,9.1,9.1,9.5,9.4,9.4,9.7,9.4,9.4,9.7,9.8,9.6,9.5,10.0,9.8
013065,8.8,9.2,9.2,9.2,9.9,9.6,9.7,9.9,10.1,10.4,10.7,10.5,10.5,11.1,10.8,11.0,11.0,11.4,11.4,12.0,11.9,11.9,11.8,12.1,12.4
013068,8.5,8.6,8.5,8.7,8.7,8.9,8.9,8.7,9.2,9.2,9.4,9.4,9.6,9.9,9.9,9.9,9.6,9.9,10.3,10.2,10.6,10.5,10.6,10.3,10.8
013071,7.1,7.2,7.3,7.4,7.4,7.5,7.4,7.6,7.7,7.8,7.9,8.2,8.0,8.4,7.9,8.0,8.1,8.3,8.2,8.7,8.5,8.5,8.5,8.5,8.7
013074,8.1,7.9,8.2,8.0,8.2,8.3,8.2,8.5,8.3,8.6,8.7,8.8,9.1,9.1,8.9,9.0,8.9,9.1,9.1,9.1,9.4,9.1,9.4,9.3,9.4
013075,9.5,9.6,10.0,9.7,9.6,9.7,9.9,9.7,9.9,10.1,10.1,10.6,10.4,10.2,10.1,10.2,10.2,10.3,10.6,10.6,10.8,10.4,10.4,10.3,10.6
013077,8.7,8.7,9.0,8.9,8.9,8.9,9.2,9.0,9.2,9.6,9.6,9.3,9.5,9.7,9.6,9.8,9.7,9.2,9.8,9.5,9.7,9.7,9.8,9.9,10.0
013083,6.7,6.6,6.6,6.7,6.8,6.8,6.7,7.0,6.8,7.1,7.1,7.2,7.0,7.1,7.3,7.3,7.3,7.4,7.5,7.5,7.6,7.6,7.6,7.6,7.7
013084,9.5,9.4,9.7,9.8,9.7,9.9,10.0,9.9,10.0,10.6,10.5,10.6,10.5,10.4,11.0,10.6,10.8,11.1,11.2,11.2,11.5,11.2,11.2,11.5,11.4
013085,8.0,8.0,7.9,8.0,8.0,8.0,8.1,8.3,8.3,8.4,8.7,8.7,8.2,8.8,8.5,8.9,8.8,8.8,8.7,8.8,9.1,8.9,8.9,8.6,8.7
013087,8.8,8.8,9.1,9.0,8.9,9.1,9.2,9.4,9.1,9.4,9.4,9.4,9.4,9.4,9.6,9.7,9.4,9.8,9.6,9.6,10.2,9.8,9.7,10.0,9.9
013089,8.8,8.7,8.9,8.6,8.7,8.8,8.9,9.1,8.6,9.2,9.3,9.3,9.1,9.1,9.4,9.5,9.5,9.4,9.2,9.6,9.7,9.6,9.6,9.6,9.4
013090,8.3,8.0,8.2,8.0,8.4,8.6,8.6,8.6,8.7,9.0,8.9,9.1,9.4,9.1,9.3,9.6,9.6,9.5,9.7,9.7,10.2,10.1,10.2,10.1,10.1
013092,7.4,7.3,7.2,7.3,7.1,7.4,7.3,7.3,7.2,7.3,7.6,7.4,7.3,7.3,7.4,7.3,7.3,7.2,7.3,7.3,7.5,7.1,7.3,7.1,7.3
013095,7.8,8.1,8.2,8.0,8.1,8.3,8.2,8.1,8.1,8.7,8.6,8.5,8.7,8.4,8.5,8.6,8.5,8.8,8.5,8.7,8.8,8.9,8.9,8.8,8.9
013097,8.3,8.2,8.3,8.5,8.4,8.4,8.5,8.5,8.4,8.8,8.9,9.1,9.2,9.2,9.0,9.0,9.4,9.2,9.4,9.3,9.4,9.3,9.7,9.5,9.7
013098,7.9,7.9,8.0,8.2,8.2,8.0,8.3,8.3,8.2,8.7,8.7,8.8,9.0,8.8,9.1,8.8,9.2,9.3,9.3,9.3,9.8,9.6,9.7,9.7,9.8
013099,8.7,9.2,8.9,9.2,9.4,9.6,9.2,9.3,9.3,10.1,9.8,9.9,10.1,10.3,10.3,10.2,10.5,10.8,10.5,10.7,10.8,10.7,10.3,10.7,11.2
013100,9.1,9.3,9.4,9.5,9.4,9.5,9.5,9.6,9.7,10.2,9.9,9.6,10.0,10.0,10.0,10.2,10.1,10.2,10.1,10.4,10.2,10.0,10.0,10.4,10.5
013101,9.3,9.4,9.5,8.9,9.6,9.5,9.8,9.9,9.9,10.3,10.6,10.3,10.6,10.7,10.7,10.6,10.6,10.7,10.9,10.9,11.0,11.0,10.9,11.1,11.4
013102,7.4,7.5,7.7,7.4,7.7,7.5,7.6,7.7,7.9,8.1,8.2,8.2,8.0,8.3,8.3,8.4,8.3,8.3,8.5,8.5,8.9,8.8,8.8,8.7,8.8
013106,9.0,9.1,9.2,9.1,9.2,9.5,9.4,9.1,9.5,9.8,9.9,10.0,10.2,10.1,10.2,10.3,10.3,10.1,10.5,10.5,11.0,10.8,10.7,10.8,10.5
013107,8.3,8.3,8.5,8.4,8.4,8.3,8.4,8.6,8.5,8.9,8.8,8.9,8.9,9.0,9.0,9.0,9.3,8.9,8.9,9.2,9.5,9.3,9.4,9.4,9.1
013110,9.3,8.9,9.1,8.5,9.0,9.0,9.3,9.2,9.1,9.4,10.1,9.7,9.8,9.8,10.0,9.9,10.0,10.0,10.2,10.1,10.1,10.5,10.2,10.3,10.1
013111,8.6,9.0,9.0,8.9,9.4,9.0,9.4,9.0,9.2,9.9,9.9,10.1,9.7,9.7,10.0,10.4,10.3,10.3,10.8,10.5,11.0,10.6,10.9,10.7,11.2
013113,8.2,8.0,8.2,8.3,8.2,8.3,8.5,8.5,8.3,8.4,8.7,9.0,8.9,9.0,9.3,9.0,9.1,9.3,9.3,9.0,9.9,9.1,9.7,9.4,9.7
013114,8.7,9.0,9.1,9.0,9.3,9.1,9.1,9.2,9.0,9.6,9.6,9.6,10.0,9.7,9.7,9.9,9.8,10.1,10.1,10.0,10.2,10.3,10.2,10.4,10.1
013118,9.3,9.3,9.5,9.5,9.5,9.5,9.5,9.6,9.4,9.7,9.9,9.7,9.9,10.1,10.1,10.2,10.3,10.0,10.2,10.0,10.5,10.2,10.2,10.3,10.4
013119,7.3,7.4,7.2,7.3,7.3,7.2,7.4,7.5,7.5,7.9,7.6,7.8,7.9,7.9,7.8,7.9,8.0,7.9,7.9,7.9,8.3,8.1,8.1,8.1,8.2
013120,9.8,9.9,9.8,9.7,9.9,10.0,10.3,10.0,10.4,10.3,10.8,10.7,10.8,10.8,10.9,10.7,11.3,11.3,11.2,11.5,11.8,11.3,11.4,11.6,11.7
013121,9.3,9.2,9.0,9.1,9.3,9.1,9.5,9.2,9.4,9.8,9.8,10.0,9.6,9.8,10.1,9.8,10.0,9.9,9.7,10.5,10.4,10.2,9.6,10.2,10.3
013123,9.2,9.5,9.4,9.3,9.7,9.5,9.8,10.0,9.9,10.6,10.3,10.5,10.3,10.8,10.6,10.8,11.0,10.7,10.9,10.6,11.7,11.2,11.7,11.6,11.7
013126,6.4,6.6,6.4,6.5,6.6,6.8,6.6,6.6,7.0,6.9,7.0,7.1,7.2,7.3,7.2,7.3,7.3,7.4,7.3,7.5,7.8,7.6,7.6,7.8,7.5
013128,8.9,8.6,9.0,9.1,9.2,9.4,9.3,9.3,9.6,10.2,10.6,10.2,10.7,10.6,10.7,10.6,11.0,11.2,11.5,11.5,11.6,11.4,11.6,12.0,12.1
013129,8.4,8.6,9.0,8.8,8.9,8.8,9.0,9.0,9.1,9.2,9.6,9.3,9.8,9.8,9.9,9.8,10.0,10.3,10.4,10.3,10.6,10.2,10.5,10.6,10.7
013130,7.7,7.5,7.9,7.8,7.7,7.9,8.1,8.2,8.3,8.4,8.4,8.7,8.6,8.8,8.8,8.9,8.9,8.8,9.1,8.9,9.4,9.2,9.3,9.2,9.4
013131,8.0,8.0,8.4,8.4,8.6,8.7,8.3,8.7,8.9,9.1,9.4,9.6,9.5,9.6,9.7,9.9,10.0,10.0,10.5,10.4,11.0,10.4,10.7,10.9,11.2
013133,9.4,9.2,9.4,9.1,9.2,9.4,9.6,9.6,9.6,9.8,9.9,9.8,10.2,9.8,10.1,9.8,9.9,10.2,9.9,10.0,10.5,10.4,10.4,10.5,10.2
013134,8.9,9.5,9.4,9.5,9.7,9.3,9.6,9.6,9.9,10.1,10.8,10.4,10.7,10.5,10.7,10.9,11.0,11.1,11.3,11.0,11.7,11.7,11.6,11.4,12.1
013135,9.5,9.7,9.6,9.7,9.8,10.1,9.7,9.8,10.1,10.3,10.6,10.1,10.6,10.3,10.9,10.7,10.6,11.0,10.8,10.9,11.0,11.1,10.8,11.5,11.1
013136,8.4,8.4,8.5,8.8,8.6,8.7,8.6,8.6,8.5,9.1,9.2,9.1,8.9,9.0,9.0,9.0,9.1,9.2,9.2,9.2,9.7,9.1,9.1,9.3,9.2
013137,9.2,9.6,9.4,9.6,9.6,9.8,9.9,9.9,9.8,10.4,10.3,10.5,10.8,10.7,10.9,10.9,10.8,11.3,11.2,11.3,11.5,11.7,11.5,11.9,11.4
013138,6.9,6.9,7.0,7.3,7.2,7.1,7.4,7.6,7.5,7.6,7.9,8.0,8.1,8.2,8.3,8.6,8.6,8.6,8.9,8.9,9.2,9.0,9.1,9.5,9.6
013139,8.4,8.3,8.2,8.3,8.4,8.7,8.6,8.6,8.7,9.0,9.1,9.1,9.3,9.4,9.2,9.4,9.6,9.6,9.9,10.1,10.1,10.3,10.0,10.2,10.3
013143,8.9,9.1,9.2,9.5,9.7,9.6,9.9,9.8,10.0,10.3,10.4,10.6,10.6,11.0,10.8,10.9,11.1,11.2,11.1,11.5,11.7,11.8,11.6,12.0,11.5
013144,9.1,9.4,9.4,9.5,9.8,9.7,9.7,10.0,10.1,10.7,10.5,11.1,10.7,10.7,11.1,11.2,11.0,11.2,11.5,11.5,11.9,11.8,11.7,11.9,12.1
013145,9.0,9.2,9.2,9.3,9.4,9.5,9.7,9.6,9.9,9.9,10.1,10.4,10.5,10.6,10.5,10.8,11.3,11.3,11.2,11.4,11.7,11.4,11.8,11.9,12.0
013147,8.5,8.5,8.5,8.6,8.9,8.6,8.9,9.3,9.0,9.1,9.1,9.2,9.8,9.5,9.5,9.9,9.8,9.7,9.8,9.8,10.1,9.9,10.0,10.3,10.5
013152,8.5,8.7,8.7,8.9,9.0,9.1,9.3,9.4,9.6,9.7,9.8,9.8,10.0,10.1,10.3,10.2,10.4,10.7,10.7,10.7,11.8,11.2,11.4,11.4,11.3
013153,8.7,9.0,8.8,9.0,9.0,9.4,9.1,9.3,9.2,9.7,9.5,9.8,10.2,9.7,10.1,10.2,10.1,10.4,10.4,10.4,10.8,10.8,10.5,11.2,10.8
013154,9.7,9.5,9.7,9.8,9.7,9.9,9.9,9.6,9.5,9.9,10.1,10.1,9.9,10.3,10.3,10.5,10.6,10.5,10.6,10.7,10.7,10.7,10.7,10.8,10.5
013155,8.8,8.9,9.1,8.9,8.9,9.1,9.3,9.0,9.1,9.4,9.3,9.5,9.7,9.5,9.5,9.5,9.4,9.5,9.4,9.4,10.2,9.6,9.6,9.3,9.6
013157,9.9,9.7,9.7,9.8,9.8,9.8,9.7,9.8,10.0,10.5,10.0,10.0,10.4,10.1,10.1,10.3,10.5,10.5,10.8,10.6,10.8,10.9,10.7,10.9,10.9
013159,8.5,8.5,8.5,8.8,8.6,8.6,8.7,8.5,8.8,9.2,9.0,9.3,9.2,9.3,9.6,9.2,9.2,9.4,9.3,9.1,9.8,9.3,9.2,9.2,9.7
013160,8.7,8.8,8.9,8.9,9.0,8.8,9.0,9.0,9.0,9.1,9.3,9.5,9.5,9.8,9.7,9.7,9.5,9.8,9.6,9.6,10.1,10.1,9.9,10.0,9.9
013161,9.7,9.5,9.5,9.4,9.9,9.7,9.8,9.9,10.2,10.2,10.0,10.2,10.4,10.4,10.3,10.5,10.5,10.5,10.6,11.1,10.5,10.9,11.2,11.0,11.1
013163,8.1,8.0,8.0,7.8,8.0,8.1,8.2,8.1,8.4,8.4,8.4,8.6,8.7,8.4,8.6,8.7,8.4,8.7,8.6,8.6,8.9,8.8,8.8,8.8,8.8
013165,10.4,10.6,10.9,10.5,11.0,10.3,11.0,11.1,10.8,11.8,11.8,11.7,11.9,12.3,12.5,12.2,12.1,12.6,12.6,13.0,13.1,12.9,13.2,13.1,13.6
013169,8.4,8.2,8.3,8.7,8.4,8.3,8.5,8.6,8.8,8.7,8.7,8.9,9.1,9.0,9.1,8.9,9.0,8.8,9.0,9.1,9.3,9.3,9.1,9.2,9.1
013170,8.0,8.4,8.3,8.2,8.4,8.5,8.4,8.4,8.4,8.8,8.7,8.6,8.6,8.9,8.9,9.0,8.9,8.9,9.0,9.1,9.4,9.5,9.3,9.2,9.1
013178,8.7,8.7,8.9,8.9,9.0,8.9,9.0,9.2,8.9,9.4,9.5,9.5,9.7,9.8,9.9,9.8,10.2,9.9,10.2,10.2,10.6,10.3,10.5,10.4,10.3
013183,6.6,6.6,6.5,6.7,6.8,6.9,7.0,7.0,7.1,7.3,7.2,7.4,7.5,7.5,7.6,7.7,7.7,7.9,7.8,7.9,8.4,8.1,8.2,8.2,8.3
013184,9.0,8.8,9.1,9.3,9.3,9.1,9.5,9.5,9.6,10.0,10.2,9.9,10.4,10.2,10.6,10.3,10.6,10.4,10.6,10.6,11.1,11.1,11.2,11.1,11.5
013185,7.9,8.1,8.1,8.2,8.2,8.1,8.1,8.6,8.1,8.6,8.7,8.5,8.5,8.7,8.5,8.7,8.8,8.7,8.8,8.8,9.3,9.1,8.9,9.1,8.8
013186,7.6,7.6,7.6,7.6,7.6,7.6,7.9,7.7,7.5,7.9,7.8,7.9,8.0,8.0,8.0,8.0,8.0,8.0,8.0,8.0,8.2,8.0,8.3,8.1,8.2
013187,7.2,7.5,7.4,7.4,7.3,7.4,7.5,7.6,7.6,7.7,7.9,7.8,7.9,8.0,7.9,8.0,7.9,8.0,8.3,8.1,8.1,8.0,8.1,8.0,7.9
013188,8.0,8.1,8.2,8.2,8.2,8.2,8.2,8.6,8.4,8.6,9.0,9.1,9.2,9.4,9.1,9.3,9.5,9.5,9.5,9.5,9.9,9.8,9.8,9.9,10.2
013189,9.5,9.2,9.3,9.1,9.4,9.4,9.3,9.1,9.4,9.6,9.7,9.7,9.8,9.4,9.8,9.9,9.4,9.5,9.7,9.5,10.1,9.7,9.8,9.7,9.9
013192,9.8,9.7,9.8,10.0,10.1,10.3,9.9,10.3,10.2,10.9,10.5,10.8,10.8,10.7,11.0,10.7,11.0,11.4,10.9,11.1,11.5,11.7,11.3,11.4,11.6
013193,9.3,9.3,9.4,9.5,9.5,9.4,9.6,9.5,9.9,9.7,10.1,10.0,9.9,10.4,10.4,10.1,10.4,10.3,10.3,10.5,10.9,10.6,10.7,10.8,10.7
013195,8.8,8.7,8.7,8.8,8.7,8.8,9.1,9.0,9.1,9.3,9.1,9.7,9.3,9.3,9.3,9.5,9.9,9.8,9.7,9.8,9.9,9.8,9.8,9.5,9.9
013197,12.4,12.2,11.9,12.5,12.7,12.5,12.3,12.5,13.1,13.3,13.4,14.2,13.5,13.9,14.0,14.0,13.9,14.3,14.4,14.6,15.2,15.1,14.9,15.1,15.3
013201,9.3,9.3,9.3,9.2,9.5,9.5,9.4,9.6,9.5,9.8,10.0,10.0,9.7,10.0,10.0,9.8,10.1,10.1,9.9,10.1,10.4,10.3,10.0,10.2,9.8
013202,8.2,8.1,8.5,8.2,8.4,8.2,8.5,8.5,8.7,9.0,9.2,9.3,8.9,9.3,9.5,9.6,9.4,9.5,9.3,9.5,9.6,9.6,9.5,9.8,9.9
013203,7.9,8.1,8.2,8.1,8.1,8.3,8.4,8.4,8.3,8.6,8.8,8.9,8.8,9.3,9.4,9.1,9.1,9.0,9.2,9.6,9.8,9.5,9.7,9.7,10.0
013204,9.3,8.9,9.2,9.6,9.5,9.6,9.7,9.6,9.9,10.2,10.2,10.6,10.5,10.5,11.0,10.5,11.0,10.9,11.2,11.1,11.5,11.2,11.9,11.6,11.8
013206,8.4,8.4,8.5,8.4,8.7,8.7,8.9,9.1,8.7,9.3,9.1,9.2,9.0,9.3,9.2,9.6,9.4,9.5,9.4,9.6,10.1,9.7,9.5,9.8,9.8
013207,8.0,7.9,8.3,8.1,8.1,8.0,8.2,8.1,8.2,8.4,8.4,8.4,8.7,8.6,8.6,8.7,8.6,8.6,9.0,8.7,9.3,8.6,8.8,8.7,8.9
013211,8.0,7.7,8.3,8.2,8.1,8.3,8.3,8.4,8.4,8.5,8.9,8.8,9.1,9.2,9.2,9.1,9.1,9.3,9.4,9.4,9.8,9.7,9.5,9.9,9.8
013212,9.0,9.1,9.1,9.1,9.3,8.9,9.1,9.5,9.6,9.9,10.0,10.0,10.3,10.3,10.2,10.7,10.4,10.6,10.9,10.7,11.1,10.8,11.2,11.3,11.6
013216,7.3,7.4,7.4,7.4,7.6,7.6,7.6,7.9,7.7,8.0,7.9,8.0,8.4,8.2,8.3,8.4,8.4,8.6,8.5,8.5,8.7,8.8,8.6,8.9,8.6
013217,8.0,7.9,8.0,8.1,8.2,8.2,8.5,8.4,8.2,8.6,8.7,8.8,8.9,9.0,8.8,8.8,8.9,8.9,9.0,9.3,9.5,9.5,9.3,9.2,9.5
013218,8.1,8.3,8.0,8.2,8.1,8.2,8.3,8.2,8.3,8.6,8.6,8.6,8.5,8.7,8.4,8.6,8.5,8.5,8.8,8.8,8.9,8.9,8.9,8.7,8.7
013222,8.5,8.3,8.6,8.7,8.9,8.9,9.0,8.8,8.9,9.3,9.1,9.5,9.3,9.5,9.9,9.8,10.2,10.0,10.0,10.1,10.2,10.2,10.5,10.5,10.6
013223,7.9,8.0,7.9,8.1,8.0,8.3,8.1,8.1,7.8,8.3,8.5,8.6,8.4,8.7,8.2,8.4,8.8,8.7,8.5,8.5,8.8,8.9,8.5,8.5,8.5
013226,8.9,9.4,8.9,9.1,9.1,9.3,9.4,9.3,9.5,9.4,9.5,9.4,9.5,9.8,9.6,9.6,9.9,10.0,9.7,9.9,10.0,9.8,9.9,10.1,9.7
013227,8.5,8.7,8.2,8.3,8.3,8.5,8.2,8.3,8.1,8.6,8.1,8.4,8.0,8.0,8.2,8.0,8.2,8.0,8.0,7.9,8.1,8.1,7.8,7.7,7.8
013229,9.3,9.3,9.3,9.4,9.8,9.4,9.6,9.8,9.8,10.1,10.1,10.2,10.2,10.2,10.5,10.6,10.2,10.4,10.5,10.9,10.9,10.5,10.8,10.7,11.2
013232,8.4,8.5,8.6,8.9,8.8,8.9,8.6,8.9,8.8,9.2,9.0,9.2,9.6,9.6,9.3,9.5,10.0,9.5,9.8,9.9,10.1,9.9,9.8,10.0,10.5
013233,9.1,9.4,9.4,9.3,9.5,9.2,9.3,9.6,9.4,9.8,10.0,10.2,10.2,10.1,10.3,10.3,10.3,10.4,10.3,10.6,10.9,10.7,10.5,10.6,10.9
013234,8.3,8.2,8.4,8.5,8.5,8.5,8.4,8.6,8.5,8.8,8.7,8.7,8.8,8.9,8.8,9.1,9.2,9.1,9.3,9.1,9.6,9.2,9.4,9.3,9.5
013236,7.6,7.5,7.5,7.8,8.0,7.8,8.2,8.3,8.1,8.3,8.8,8.6,8.8,8.7,8.7,9.0,9.2,9.0,9.4,9.3,9.2,9.6,9.3,9.7,9.5
013238,9.1,9.2,9.2,9.2,9.3,9.2,9.7,9.6,9.7,9.9,9.9,10.1,10.1,10.1,10.5,10.5,10.3,10.5,10.5,10.8,11.0,11.1,10.9,11.2,11.0
013239,7.5,7.5,7.7,7.7,7.8,7.9,7.9,8.0,8.1,8.4,8.6,8.8,8.7,8.6,9.0,9.0,9.1,9.3,9.2,9.3,9.5,9.6,9.9,9.8,9.7
013242,8.3,9.0,8.8,8.9,9.1,8.9,8.9,9.2,9.5,9.6,9.7,9.8,10.0,9.3,10.0,10.2,10.3,10.2,10.2,10.6,10.4,10.4,10.6,10.7,10.8
013245,8.6,8.3,8.5,8.5,8.9,8.8,8.7,8.8,8.8,9.1,9.2,9.1,9.3,9.3,9.2,9.4,9.4,9.3,9.4,9.3,9.6,9.6,9.4,9.6,9.5
013246,8.3,8.8,8.9,8.7,9.0,8.9,9.0,9.3,9.4,9.6,9.8,9.8,10.0,10.4,10.2,10.2,10.2,10.2,10.4,10.8,10.9,10.7,10.7,11.2,10.7
013248,7.8,7.8,7.9,7.9,7.9,8.2,8.3,8.1,8.6,8.6,8.9,8.9,8.7,8.9,8.8,9.2,9.2,9.1,9.4,9.2,9.5,9.2,9.6,9.4,9.6
013249,9.0,9.0,8.9,8.8,8.8,8.8,9.1,8.7,9.0,9.6,9.4,9.5,9.4,9.5,9.5,9.2,9.4,9.5,9.5,9.7,10.0,9.3,9.6,9.6,9.9
013250,8.2,8.1,8.3,8.6,8.4,8.8,8.8,8.4,8.6,8.9,9.0,8.9,9.1,9.6,9.2,9.5,9.5,9.3,9.4,9.7,9.9,9.8,10.0,10.0,10.0
013251,8.8,9.0,9.0,9.0,9.4,9.1,9.1,9.3,9.4,9.9,10.0,10.2,10.1,10.4,10.4,10.4,10.4,10.4,10.7,10.6,11.3,11.0,11.0,11.1,11.5
013252,8.5,8.7,8.8,9.0,9.0,8.7,8.8,9.0,8.9,9.7,9.6,9.7,9.6,9.7,10.0,9.9,10.2,10.0,10.3,10.4,10.6,10.5,10.7,10.5,10.8
013253,8.4,8.3,8.3,8.5,8.6,8.6,8.6,8.6,8.8,9.1,9.0,9.2,9.2,9.1,9.3,9.4,9.2,9.3,9.4,9.4,9.8,9.2,9.7,9.8,9.7
013254,9.7,9.8,10.0,10.3,10.3,9.9,10.4,10.4,10.7,11.0,11.1,11.3,11.4,11.0,11.4,11.4,11.4,11.2,11.8,11.7,12.0,11.6,12.2,12.0,12.0
013255,7.8,7.8,7.7,8.1,8.0,7.9,8.0,8.0,8.1,8.3,8.3,8.4,8.4,8.6,8.6,8.9,8.7,8.4,8.7,8.7,8.8,8.8,8.6,8.7,8.7
013256,7.8,7.9,7.9,7.8,7.9,8.0,7.8,8.0,8.0,8.2,8.3,8.3,8.6,8.5,8.4,8.6,8.5,8.8,8.8,8.6,8.9,8.6,8.9,8.8,8.5
014001,8.2,8.2,8.1,8.3,8.1,8.3,8.3,8.1,8.2,8.6,8.5,8.4,8.3,8.3,8.3,8.6,8.3,8.4,8.6,8.3,8.2,8.3,8.5,8.3,8.2
014002,8.7,9.0,8.9,9.0,9.3,9.5,9.5,9.6,9.8,10.2,10.0,10.1,10.2,10.2,10.8,10.4,10.7,10.5,10.8,11.2,11.6,10.8,11.2,11.4,12.0
014003,7.7,7.8,7.8,8.0,7.7,8.1,8.1,8.1,8.2,8.4,8.6,8.6,8.6,8.6,8.9,8.8,8.8,8.9,8.8,8.9,9.5,9.2,9.3,9.2,9.4
014004,9.3,9.3,9.2,9.2,9.3,9.3,9.5,9.7,9.5,10.4,10.0,10.0,10.3,10.3,10.6,10.2,10.7,10.3,10.7,10.8,10.9,10.7,10.7,10.7,10.9
014005,8.7,8.8,8.9,8.9,8.9,8.9,8.9,8.6,9.0,9.2,9.0,9.1,9.4,9.4,9.4,9.3,9.4,9.5,9.1,9.5,9.6,9.3,9.3,9.2,9.5
014006,7.8,7.7,7.9,7.8,8.0,7.8,8.1,7.9,8.3,8.3,8.5,8.4,8.5,8.8,8.7,8.8,8.9,8.9,9.0,8.9,9.1,9.1,9.4,9.1,9.1
014007,8.3,8.4,8.4,8.5,8.4,8.7,8.6,8.8,8.6,9.0,9.3,9.5,9.4,9.4,9.8,9.5,9.9,9.9,9.9,9.9,10.3,10.1,9.9,10.0,10.2
014008,7.1,7.2,7.3,7.3,7.4,7.3,7.3,7.4,7.5,7.6,7.9,8.1,8.1,8.0,8.2,8.2,8.3,8.1,8.2,8.2,8.6,8.6,8.6,8.8,8.7
014009,7.7,8.1,8.0,8.0,8.1,7.9,8.2,8.1,8.2,8.6,8.7,8.3,8.8,8.5,8.7,8.8,9.0,9.0,8.9,9.2,9.3,9.2,9.4,9.4,9.3
014010,8.8,8.7,8.9,8.8,8.8,8.8,8.8,8.9,8.9,9.1,9.5,9.2,9.3,9.4,9.3,9.2,9.5,9.4,9.3,9.3,9.5,9.3,9.1,9.5,9.2
014011,7.8,7.6,7.8,7.7,7.7,7.9,8.1,8.3,8.0,8.6,8.5,8.6,8.7,9.1,9.1,9.2,9.1,9.4,9.3,9.5,9.9,9.6,9.8,9.8,9.8
014012,8.2,8.0,8.3,8.3,8.4,8.6,8.3,8.3,8.8,9.0,9.0,8.9,9.1,9.4,9.0,9.4,9.6,9.7,9.6,9.6,10.2,10.1,9.9,9.7,9.9
014013,8.2,8.2,8.1,8.1,8.0,7.9,8.3,8.3,8.4,8.3,8.7,8.8,8.6,8.8,8.8,8.6,8.8,9.0,8.6,8.8,9.0,8.9,8.9,9.0,9.2
014014,8.3,8.4,8.6,8.6,8.6,8.8,8.8,8.8,8.9,9.1,9.3,9.3,9.2,9.4,9.4,9.5,9.4,9.6,9.8,9.8,10.2,9.9,10.1,9.7,9.8
014015,6.8,7.0,6.8,7.0,7.0,7.1,6.9,7.1,7.1,7.4,7.4,7.2,7.3,7.4,7.5,7.6,7.7,7.5,7.4,7.4,7.8,7.6,8.0,7.8,7.6
014016,8.2,8.4,8.4,8.4,8.2,8.5,8.7,8.8,8.5,8.9,9.1,9.0,9.1,9.1,9.1,9.1,9.3,9.3,9.5,9.6,9.6,9.3,9.4,9.7,9.6
014017,7.9,8.2,8.2,8.1,8.3,8.2,8.5,8.4,8.6,8.5,8.8,8.7,8.5,9.0,8.9,9.0,9.0,8.9,9.1,9.2,9.2,9.1,9.3,9.2,9.4
014018,8.4,8.4,8.4,8.6,8.8,8.7,8.9,9.0,9.3,9.3,9.5,9.4,9.6,9.8,9.9,10.2,10.1,10.3,10.3,10.3,10.6,10.5,10.6,10.4,11.0
014019,7.8,7.9,8.0,7.9,8.4,8.3,8.3,8.3,8.3,8.6,8.8,8.8,8.7,8.8,8.9,8.8,9.1,8.8,8.8,9.1,9.3,9.2,9.4,9.4,9.4
014020,9.9,10.2,9.9,10.4,9.9,9.8,9.9,9.9,10.0,10.9,10.7,10.5,10.9,10.8,10.7,10.6,10.9,11.1,10.9,10.9,11.1,10.8,11.0,10.8,11.0
014021,7.4,7.5,7.6,7.7,7.7,7.7,7.8,7.9,7.8,8.2,8.3,8.3,8.4,8.7,8.6,8.7,8.8,8.5,8.7,8.8,9.0,9.0,8.9,9.1,9.4
014022,10.5,10.3,10.9,10.7,10.7,11.0,11.1,11.0,11.3,11.6,11.4,11.8,12.2,12.0,12.1,12.1,12.1,12.1,12.4,12.7,13.2,12.5,12.8,13.0,12.9
014023,8.4,8.6,8.7,8.8,9.0,8.8,8.9,9.1,9.3,9.7,9.8,9.9,10.1,10.2,9.8,10.5,10.7,10.4,10.6,10.8,11.1,11.0,10.8,11.2,11.7
014024,9.2,9.7,9.8,9.6,10.0,9.8,9.9,10.1,10.1,10.2,10.6,10.9,10.9,11.2,11.0,11.4,11.4,11.2,11.5,11.5,11.9,11.9,11.7,11.9,12.1
014025,9.5,10.0,9.8,9.9,10.3,10.2,10.1,10.3,10.2,11.3,11.2,11.2,11.8,11.4,11.5,11.6,11.9,12.2,12.7,12.7,13.3,12.8,12.9,13.1,13.7
014026,8.1,8.0,8.1,8.1,8.2,8.0,8.0,8.3,8.1,8.3,8.4,8.6,8.6,8.5,8.5,8.5,8.7,8.6,8.6,8.6,8.8,8.7,8.5,8.8,8.9
014027,7.3,7.5,7.3,7.4,7.4,7.4,7.4,7.5,7.6,7.7,7.7,7.6,7.8,7.6,7.7,7.7,7.7,7.7,7.7,7.8,8.0,7.7,7.6,7.8,7.8
014028,7.5,7.8,7.8,8.1,8.1,8.4,8.4,8.6,8.4,9.0,9.0,9.4,9.3,9.8,9.8,10.0,9.9,10.1,10.1,10.6,10.8,10.6,10.6,10.8,11.1
014029,9.0,8.7,9.1,9.1,9.2,9.1,9.3,9.1,9.3,9.5,9.4,9.3,9.4,9.7,9.8,9.6,9.8,9.6,9.7,9.9,9.9,9.6,9.6,9.6,9.8
014030,8.4,8.4,8.6,8.7,8.9,8.9,9.2,8.9,9.3,9.7,9.7,9.9,9.6,10.1,10.0,10.1,10.4,10.6,10.6,10.5,11.3,11.0,10.9,11.2,11.4
014031,8.2,8.1,8.4,8.3,8.5,8.6,8.7,8.7,8.8,9.1,9.1,9.4,9.2,9.3,9.5,9.6,9.9,9.8,9.7,10.1,10.1,10.4,10.2,10.2,10.3
014032,9.3,9.4,9.5,9.3,9.8,9.4,9.6,9.7,9.6,10.2,10.0,10.1,10.2,10.3,10.3,10.5,10.2,10.5,10.8,10.5,10.7,10.8,10.5,11.0,10.7
014033,8.3,8.5,8.5,8.6,8.8,8.3,8.8,8.8,8.8,9.1,9.5,9.0,9.1,9.5,9.2,9.3,9.4,9.3,9.3,9.2,9.7,9.4,9.4,9.7,9.6
014034,8.4,8.1,8.2,8.2,8.3,8.4,8.3,8.2,8.2,8.7,8.6,8.6,8.5,8.8,8.9,8.7,8.6,8.9,8.9,8.7,9.0,8.8,8.9,9.1,9.2
014035,8.4,8.6,9.0,8.8,8.6,9.1,8.8,8.9,9.1,9.6,9.6,9.5,9.9,9.5,9.7,10.0,9.9,10.2,10.1,10.2,10.7,10.6,10.9,11.0,10.9
014036,8.1,8.0,8.1,8.5,8.4,8.2,8.2,8.3,8.2,8.4,8.5,8.7,8.6,8.6,8.5,8.5,8.7,8.8,8.8,8.8,8.5,8.7,8.6,8.7,8.8
014037,9.3,9.1,9.2,9.1,9.2,9.4,9.3,9.3,9.2,9.7,9.8,9.7,9.7,9.8,9.7,10.1,9.7,10.0,10.0,10.0,9.9,10.2,10.1,10.1,10.1
014038,6.6,6.8,6.4,6.6,6.7,6.7,6.9,6.8,6.8,7.1,7.1,7.0,7.0,7.1,6.9,6.9,7.0,6.9,6.9,7.0,7.2,7.1,7.0,7.1,7.1
014039,8.6,8.8,8.8,8.8,9.2,9.1,8.9,9.3,9.1,9.6,9.3,9.5,9.4,9.6,9.9,10.1,9.8,10.1,10.0,10.1,10.5,10.4,10.5,10.5,10.6
014040,8.8,8.8,8.9,8.9,9.1,9.1,9.3,9.3,9.5,9.7,10.2,10.0,10.4,10.8,10.5,10.7,10.8,10.9,11.0,11.4,11.3,11.5,11.7,11.7,11.9
014041,8.3,8.5,8.6,8.7,8.8,8.8,8.9,9.0,8.8,9.6,9.3,9.6,9.5,9.8,9.8,9.9,9.9,10.0,10.2,10.1,10.3,10.4,10.4,10.4,10.6
014043,9.2,9.0,9.4,9.2,9.6,9.4,9.4,9.8,9.7,10.3,10.2,10.0,10.6,10.6,10.5,11.1,11.1,10.8,11.2,11.1,11.3,11.3,11.2,11.6,11.0
014044,8.9,8.6,9.0,8.9,9.2,9.1,9.3,9.3,9.4,9.8,9.8,10.0,10.0,10.4,10.2,10.2,10.3,10.7,10.5,10.9,11.0,11.1,11.0,11.1,11.2
014045,7.2,7.2,7.2,7.2,7.3,7.3,7.2,7.2,7.2,7.5,7.4,7.4,7.5,7.4,7.5,7.3,7.2,7.2,7.3,7.3,7.5,7.3,7.3,7.3,7.3
014046,9.0,8.8,8.9,8.8,8.7,8.6,8.9,9.0,9.3,9.3,9.6,9.5,9.7,9.7,9.9,9.7,9.7,10.3,9.9,10.3,10.4,10.6,10.0,10.4,10.1
014047,7.3,7.4,7.2,7.4,7.5,7.5,7.4,7.5,7.6,7.6,7.7,8.0,8.0,7.9,8.1,8.0,8.1,8.4,8.2,8.1,8.4,8.1,8.3,8.3,8.3
014048,9.0,8.7,9.2,9.2,9.1,9.1,9.4,9.4,9.5,9.9,10.0,9.8,10.1,10.3,10.3,10.3,10.3,10.4,10.5,10.8,11.3,11.0,10.8,11.2,11.1
014049,8.1,8.1,8.2,8.2,8.3,8.4,8.2,8.4,8.3,8.6,8.5,8.5,8.7,8.5,8.6,8.6,8.5,8.7,8.9,8.7,9.0,8.8,9.1,8.8,9.0
014050,8.5,8.4,8.2,8.4,8.5,8.5,8.4,8.5,8.5,8.8,8.7,8.9,9.2,8.9,9.0,9.4,9.1,9.3,9.0,9.3,9.6,9.4,9.6,9.3,9.5
014051,8.2,8.5,8.3,8.4,8.5,8.5,8.5,8.5,8.7,8.6,9.0,8.6,9.0,8.8,9.1,8.8,8.8,9.0,8.9,8.7,9.1,8.9,9.2,9.0,9.3
014052,9.0,8.7,9.0,8.9,9.1,9.2,9.6,9.3,9.8,10.1,10.1,10.1,10.3,10.3,10.5,10.5,10.5,11.1,11.1,11.1,11.5,11.5,11.3,11.7,11.9
014053,9.2,9.0,9.3,9.3,9.3,9.3,9.6,9.4,9.7,10.2,10.3,10.2,10.4,10.4,10.5,10.5,10.9,11.0,10.8,11.0,11.4,11.2,11.1,11.3,11.3
014054,9.2,9.2,9.0,9.1,9.3,9.4,9.1,9.1,9.2,9.4,9.8,9.7,9.6,9.9,9.3,9.5,9.8,9.7,9.5,9.3,9.8,9.5,9.4,9.5,9.9
014055,8.0,8.0,7.9,8.1,8.2,8.1,8.3,8.4,8.6,8.7,8.8,8.7,8.9,9.0,9.3,8.9,9.3,9.1,9.3,9.2,9.6,9.7,9.4,9.6,9.7
014056,8.2,8.1,8.2,8.2,8.2,8.0,8.4,8.6,8.8,8.9,8.8,9.0,9.1,9.3,9.4,9.2,9.4,9.6,9.7,9.9,10.0,9.8,9.9,10.1,10.1
014057,8.5,8.6,8.8,8.6,8.7,9.0,9.1,9.0,9.3,9.6,9.4,9.9,10.2,10.1,9.7,10.3,10.6,10.6,10.9,11.0,11.3,11.0,11.2,11.1,11.6
014058,6.9,7.0,7.1,7.0,7.0,7.1,6.8,7.0,7.0,7.2,7.2,7.4,7.1,7.4,7.3,7.2,7.2,7.3,7.4,7.3,7.6,7.5,7.4,7.3,7.5
014059,8.7,8.6,8.5,8.7,8.8,8.8,9.1,9.1,9.3,9.6,9.7,9.6,9.7,9.8,10.0,10.0,10.1,10.4,10.4,10.8,10.9,10.9,10.7,11.0,11.1
014060,7.7,7.8,7.9,7.9,8.1,8.1,8.2,8.2,8.4,8.6,8.7,8.9,8.9,8.7,8.9,9.1,9.0,9.3,9.4,9.5,9.9,9.5,9.6,9.7,9.8
014061,8.1,8.6,8.6,8.8,8.9,8.8,8.9,8.9,9.0,9.3,9.4,9.5,9.5,9.3,9.6,9.9,10.0,10.0,9.9,10.1,10.4,10.2,10.4,10.4,10.6
014062,7.4,7.3,7.4,7.5,7.4,7.6,7.6,7.7,7.5,7.8,7.9,7.9,8.1,8.0,8.2,8.1,8.3,8.1,8.3,8.3,8.4,8.6,8.4,8.3,8.4
014063,10.0,9.9,10.0,10.1,10.1,10.2,10.1,10.5,10.3,10.7,11.0,11.0,10.9,11.2,11.1,11.8,11.5,11.7,11.6,11.4,12.5,11.8,12.3,12.0,12.0
014064,8.7,8.6,8.9,8.4,8.9,8.6,9.0,8.9,9.0,9.1,9.1,9.4,9.4,9.5,9.4,9.4,9.6,9.4,10.1,9.9,9.8,9.9,10.3,10.2,10.1
014065,7.9,7.8,7.9,8.2,8.2,8.1,8.4,8.3,8.3,8.6,8.5,8.5,8.7,8.9,8.7,8.8,9.0,8.9,9.3,9.1,8.9,9.0,9.0,9.2,9.2
014066,8.1,8.1,8.3,8.3,8.1,8.2,8.7,8.4,8.5,9.1,8.9,9.0,9.1,9.2,9.3,9.3,9.5,9.4,9.8,9.7,9.9,9.8,10.0,10.0,10.5
014067,8.4,8.4,8.4,8.6,8.3,8.5,8.8,8.8,9.0,9.4,9.2,9.3,9.5,9.7,9.3,9.4,9.7,10.0,10.0,9.9,10.1,10.1,10.2,10.3,10.2
014068,7.1,7.0,7.3,7.3,7.1,7.2,7.4,7.4,7.4,7.4,7.2,7.8,7.6,7.6,7.5,7.5,7.5,7.7,7.6,7.7,7.7,7.6,7.8,7.5,7.8
014069,8.7,8.8,9.1,9.1,8.7,8.9,8.9,8.9,9.0,9.4,9.3,9.1,9.3,9.1,9.5,9.3,9.5,9.4,9.0,9.2,9.4,9.5,9.1,9.4,9.4
014070,9.6,9.4,9.3,10.2,9.9,9.8,10.1,10.1,9.8,10.4,10.5,10.5,10.6,10.5,10.8,10.7,10.7,10.7,11.0,11.1,11.5,11.1,11.0,11.2,11.3
014071,8.8,8.8,9.2,8.8,9.1,9.5,9.3,9.3,9.7,9.9,9.9,10.0,10.5,10.0,10.4,10.5,10.8,10.5,10.7,11.0,11.2,11.0,11.1,10.9,11.2
014072,6.7,6.8,6.8,6.9,6.8,6.8,6.9,6.9,6.9,6.9,7.3,7.2,7.3,7.4,7.4,7.3,7.3,7.3,7.3,7.6,7.8,7.7,7.4,7.6,7.7
014073,8.5,8.4,8.2,8.3,8.3,8.5,8.8,8.5,8.5,8.8,8.8,8.9,9.1,8.8,8.7,8.9,8.8,8.9,9.0,9.1,9.2,9.2,9.0,9.1,9.0
014074,8.4,8.6,8.4,8.4,8.3,8.5,8.4,8.7,8.6,9.1,9.0,8.8,8.7,9.2,9.1,9.0,9.2,9.1,9.2,9.3,9.5,9.0,9.1,9.3,9.5
014075,8.4,8.9,8.6,8.7,8.8,8.9,9.1,9.4,9.1,9.6,9.8,9.9,10.1,10.4,10.3,10.3,10.7,10.9,10.5,10.9,11.4,11.3,11.2,11.3,11.6
014076,9.8,10.3,9.8,10.1,9.9,10.1,10.2,10.2,10.1,10.7,10.4,10.6,10.3,10.3,10.3,10.4,10.8,10.2,10.3,10.4,10.5,10.3,10.2,10.5,10.6
014077,8.3,8.5,8.4,8.5,8.7,8.6,8.6,8.7,8.6,8.9,8.9,9.3,9.2,9.5,9.2,9.3,9.5,9.4,9.5,9.4,9.7,9.6,9.8,9.5,9.9
014078,9.2,9.6,9.7,9.7,9.9,9.8,10.0,10.1,10.2,10.9,10.8,10.6,10.9,10.7,11.6,11.2,11.5,11.3,11.6,11.8,11.7,12.2,11.9,12.2,12.2
015002,9.3,9.2,9.3,9.5,9.4,9.8,9.7,9.6,9.8,10.3,10.4,10.0,10.6,10.4,10.3,10.4,10.7,10.3,10.2,10.7,11.0,10.4,10.9,11.0,10.7
015005,9.5,9.5,9.1,9.5,9.2,9.7,9.5,9.9,9.8,10.0,10.3,10.3,10.3,10.5,10.3,10.5,10.5,10.5,10.6,10.5,10.7,10.6,10.8,11.1,10.9
015007,8.7,8.6,8.7,8.8,8.8,9.0,8.9,8.8,8.8,9.5,9.3,9.4,9.2,9.3,9.4,9.3,9.5,9.5,9.4,9.4,9.5,9.7,9.3,9.5,9.8
015009,8.6,8.9,9.1,9.3,9.3,9.4,9.2,9.6,9.4,9.7,9.8,9.9,9.9,9.9,10.2,9.7,10.1,10.0,10.4,10.4,10.3,10.2,10.3,10.4,10.3
015010,7.3,7.3,7.3,7.6,7.6,7.6,7.3,7.9,7.7,7.9,8.1,8.0,8.0,8.1,8.3,8.3,8.2,8.3,8.4,8.4,8.7,8.5,8.7,8.6,8.6
015011,7.3,7.5,7.5,7.8,7.7,7.9,7.8,7.8,8.0,8.3,8.3,8.3,8.6,8.4,8.6,8.6,8.7,8.7,8.8,9.0,9.1,8.8,8.9,9.1,9.0
015012,8.6,8.7,8.6,8.8,8.8,8.8,8.8,9.0,9.2,9.4,9.6,9.5,9.3,9.6,9.7,9.7,9.7,9.7,9.7,9.8,9.8,9.6,10.0,10.0,10.2
015014,7.2,7.4,7.3,7.0,7.2,7.3,7.4,7.4,7.3,7.5,7.8,7.6,7.6,7.6,7.6,7.8,7.6,7.8,7.9,7.8,8.0,8.1,7.9,8.0,7.9
015015,8.1,8.1,8.3,8.4,8.4,8.5,8.6,8.6,8.9,9.0,9.2,9.1,8.9,9.3,9.5,9.6,9.4,9.8,9.6,10.1,10.4,9.8,10.0,10.0,10.2
015016,9.1,9.3,9.3,9.6,9.4,9.5,9.5,9.3,9.3,10.0,10.3,10.1,10.2,9.9,10.3,10.2,10.5,10.6,10.7,10.6,10.7,10.2,10.8,10.8,10.7
015019,8.9,8.8,9.0,8.9,9.0,9.1,9.2,9.2,9.4,9.7,10.0,9.6,10.0,10.1,9.8,10.0,10.0,10.1,10.3,10.5,10.9,10.8,10.5,10.3,10.4
015022,9.4,9.5,9.2,9.5,9.7,9.7,9.5,9.8,9.7,10.1,10.3,10.1,10.8,10.4,10.1,10.5,10.2,10.7,10.6,10.7,10.6,10.6,10.7,10.7,10.7
015024,8.9,9.3,8.9,9.1,9.1,9.1,9.4,9.1,9.4,10.0,9.7,10.1,10.1,10.2,9.9,10.5,10.2,10.6,10.2,10.7,11.1,10.6,10.9,11.1,11.2
015026,7.2,7.2,7.1,7.0,6.9,7.2,7.1,7.0,7.0,7.3,7.3,7.2,7.3,7.3,7.1,7.1,7.0,7.1,7.2,6.9,7.3,7.0,7.1,7.0,7.2
015027,9.1,8.8,8.9,9.1,9.0,9.0,9.2,9.3,9.2,9.7,9.6,10.0,10.2,10.0,10.0,10.3,10.2,10.8,10.4,10.7,11.2,11.0,11.1,10.6,11.1
015032,9.0,9.3,8.9,9.3,9.4,9.2,9.2,9.3,9.3,9.9,9.5,9.8,9.8,9.7,9.7,9.8,10.1,9.6,9.8,9.7,10.2,9.8,10.0,9.9,9.7
015035,9.9,10.0,10.2,10.2,10.3,10.2,10.3,10.8,10.8,11.2,11.1,11.6,11.4,11.7,11.0,11.6,11.8,11.7,12.2,12.2,12.4,12.2,12.6,12.7,12.6
015036,8.0,8.0,8.1,8.0,8.4,8.0,8.2,8.2,8.2,8.4,8.6,8.5,8.6,8.8,8.5,8.9,8.8,8.8,8.9,8.5,9.0,8.8,9.1,9.1,9.0
015038,8.2,8.3,8.3,8.4,8.3,8.3,8.3,8.3,8.3,8.7,8.6,8.7,8.7,8.8,8.6,8.8,8.7,9.0,8.9,8.7,9.3,8.8,8.8,9.1,9.1
015040,7.9,8.0,8.2,8.3,7.9,8.3,8.3,8.2,8.5,8.7,8.8,8.9,8.7,9.1,9.2,9.1,9.1,9.1,9.0,9.5,9.3,9.4,9.6,9.6,9.7
015041,8.6,8.8,9.0,8.8,9.1,8.8,9.0,9.2,9.1,9.5,9.5,9.4,9.4,9.7,9.7,9.5,9.5,9.7,9.8,9.8,10.1,9.8,9.9,10.1,10.0
015042,8.8,9.1,9.3,9.5,9.2,9.2,9.4,9.4,9.3,9.5,9.5,9.9,10.0,9.6,10.1,9.8,9.7,9.9,10.2,9.9,10.3,10.5,10.1,10.2,10.0
015044,7.6,7.7,7.9,7.8,8.1,8.1,8.2,8.2,8.6,8.7,8.9,8.9,8.9,9.1,9.2,9.2,9.3,9.4,9.7,9.7,10.1,9.8,10.1,9.9,10.4
015046,8.6,8.4,8.8,8.5,8.6,8.9,8.8,8.7,9.1,9.8,9.6,9.5,9.5,9.6,9.9,10.0,9.8,10.2,9.8,9.9,10.4,10.5,10.6,10.6,10.6
015050,8.2,8.2,8.5,8.5,8.4,8.6,8.6,8.8,8.9,9.0,9.2,9.3,9.5,9.4,9.6,9.8,9.5,9.8,9.9,10.1,10.4,10.4,10.3,10.5,10.7
015051,7.4,7.3,7.4,7.3,7.3,7.3,7.4,7.5,7.4,7.8,7.6,8.1,8.1,8.0,7.9,8.0,8.0,8.2,8.1,8.0,8.3,8.3,8.5,8.3,8.5
015055,8.9,8.8,9.1,8.7,9.3,9.0,9.3,9.2,9.2,9.6,9.3,9.5,9.7,9.6,9.6,9.6,9.6,9.7,9.7,10.0,10.1,9.5,10.1,10.1,10.0
015058,8.2,8.5,8.5,8.5,8.9,8.9,8.9,9.1,9.3,9.5,9.6,9.7,9.9,10.3,10.2,10.0,10.2,10.5,10.6,10.8,11.3,11.0,11.2,11.4,11.4
015059,7.1,7.0,7.1,7.2,7.3,7.4,7.2,7.6,7.6,7.9,7.9,7.8,7.8,8.1,8.0,8.2,8.2,8.4,8.2,8.2,8.5,8.2,8.7,8.7,8.9
015060,8.0,8.2,8.2,8.3,8.3,8.3,8.3,8.3,8.5,8.8,8.9,8.8,9.1,9.1,9.0,9.0,9.0,9.3,9.6,9.3,9.8,9.3,9.3,9.7,9.8
015061,8.7,9.1,9.2,9.0,8.8,8.9,9.1,9.0,9.3,9.8,9.8,9.7,9.7,9.3,9.7,9.7,9.4,9.5,10.1,9.8,10.1,9.5,9.7,9.6,9.9
015062,8.9,9.4,9.2,9.2,9.6,8.9,9.4,9.3,9.0,9.6,9.5,9.7,9.6,9.9,9.9,9.8,10.0,9.9,10.0,9.9,10.1,10.0,9.9,10.1,10.1
015070,10.9,11.1,11.1,11.1,11.2,11.2,11.6,11.7,11.4,12.2,11.9,12.2,12.4,12.4,12.6,12.5,12.7,12.9,13.1,13.7,13.5,13.6,13.7,13.6,13.8
015071,9.5,9.4,9.5,9.6,9.5,9.5,9.7,10.0,9.9,10.3,9.9,10.1,10.1,10.5,9.9,10.5,10.2,10.1,10.3,10.3,10.8,10.1,10.4,10.3,10.4
015072,7.8,8.0,8.0,8.0,7.9,7.9,8.3,8.3,8.1,8.6,8.5,8.7,9.0,8.7,8.9,9.0,8.8,9.4,9.3,9.0,9.6,9.2,9.1,9.4,9.5
015074,9.2,9.5,9.1,9.5,9.6,10.0,9.9,9.6,10.0,10.2,10.6,10.4,10.4,11.0,10.8,10.7,10.7,11.0,11.0,11.4,11.7,11.4,11.1,11.6,11.6
015076,6.7,6.8,6.9,7.0,6.9,7.1,7.2,7.3,7.4,7.5,7.7,7.7,7.9,7.8,8.1,8.3,8.0,8.2,8.6,8.4,8.8,8.6,8.7,8.7,9.0
015077,8.3,8.3,8.6,8.1,8.2,8.5,8.5,8.7,8.6,9.0,9.0,8.9,8.8,9.0,9.0,9.1,9.2,9.3,9.0,9.4,9.3,9.3,9.1,9.2,9.3
015078,7.9,7.9,7.8,8.0,8.0,8.1,8.0,7.9,7.9,8.3,8.5,8.4,8.5,8.4,8.7,8.4,8.6,8.6,8.4,8.6,8.9,8.7,8.5,9.0,8.5
015081,9.3,9.5,9.4,9.7,9.7,9.5,9.6,9.5,9.6,9.7,10.1,9.9,10.1,10.0,10.0,10.1,10.2,10.1,10.2,10.1,10.7,10.5,10.6,10.5,10.4
015082,8.5,8.8,8.7,8.7,8.6,8.9,8.7,8.8,9.1,9.1,9.4,9.2,9.3,9.5,9.4,9.8,9.7,9.8,9.8,9.6,9.9,10.1,10.0,9.9,9.9
015085,6.8,6.8,7.0,7.0,7.1,7.2,7.2,7.1,7.2,7.7,7.3,7.6,7.8,7.5,7.7,7.9,7.7,7.9,8.0,7.9,8.2,8.2,8.4,8.4,8.2
015086,7.3,7.4,7.4,7.6,7.8,7.5,7.7,7.9,7.8,7.8,8.0,8.1,8.3,8.0,8.3,8.1,8.1,8.2,8.3,8.3,8.4,8.5,8.4,8.3,8.6
015087,10.6,10.6,10.9,10.9,10.8,11.2,10.7,10.7,10.8,11.2,12.1,11.3,11.9,11.7,11.8,11.9,11.8,11.9,12.2,11.9,12.5,12.6,12.2,12.3,12.3
015093,9.8,9.9,9.7,9.8,9.9,10.3,10.3,10.4,10.6,11.3,11.0,10.9,11.3,11.2,11.4,11.7,11.3,12.0,12.0,11.9,12.6,12.4,12.1,12.2,12.6
015096,8.6,8.8,8.7,9.0,8.9,8.7,9.1,8.7,8.9,9.0,9.4,9.5,9.4,9.2,9.2,9.7,9.5,9.8,9.7,9.8,10.2,9.7,10.1,9.9,9.9
015097,9.1,8.9,9.0,8.9,9.1,9.3,9.1,9.5,9.7,9.6,9.8,10.0,10.2,10.1,10.3,10.4,10.3,10.5,10.6,10.6,11.1,11.0,10.8,11.4,11.3
015098,7.4,7.4,7.4,7.4,7.6,7.7,7.8,7.9,7.7,7.9,8.0,8.1,8.2,8.2,8.3,8.4,8.4,8.4,8.5,8.3,8.7,8.6,8.8,8.7,8.6
015099,8.3,8.1,8.3,8.1,8.3,8.4,8.2,8.5,8.4,8.7,8.6,8.7,8.9,8.5,8.6,8.8,8.9,8.9,8.9,9.1,8.9,9.0,9.1,9.0,9.1
015101,8.9,9.1,9.4,9.3,9.1,9.5,9.7,9.8,9.7,10.1,10.3,10.2,10.1,10.8,10.4,10.5,11.0,11.3,11.2,10.9,11.7,11.1,11.3,11.3,11.7
015103,10.2,10.3,10.0,10.5,10.5,10.4,10.7,10.6,10.6,11.1,11.4,11.7,11.8,11.9,11.5,11.7,12.0,12.0,11.6,12.2,13.1,12.7,12.5,12.7,12.9
015105,7.0,7.1,7.2,7.3,7.2,7.4,7.3,7.3,7.4,7.5,7.7,7.9,7.6,7.6,7.8,7.9,7.8,8.1,7.9,8.1,8.3,7.9,8.2,8.2,8.5
015106,8.4,8.7,8.4,8.5,8.2,8.6,8.9,8.7,8.5,8.8,9.2,9.1,9.0,8.9,9.2,9.3,9.2,8.9,9.3,9.2,9.3,9.1,9.2,9.1,9.4
015108,9.1,9.3,9.4,9.6,9.7,9.3,9.5,9.5,9.5,9.7,10.0,9.9,10.2,10.0,10.0,10.0,10.2,10.1,10.3,10.3,10.6,10.4,10.5,10.6,10.7
015110,8.4,8.5,8.3,8.6,8.4,8.4,8.6,8.7,8.6,8.9,9.2,8.9,9.0,9.3,9.4,9.5,9.4,9.4,9.9,9.2,10.0,9.7,10.1,10.1,10.0
015112,7.8,8.0,8.0,8.2,8.0,8.1,7.9,8.1,8.0,8.6,8.8,8.6,9.0,8.6,8.9,8.9,9.0,9.0,9.0,9.2,9.3,9.7,9.5,9.7,9.7
015113,10.5,10.6,10.6,10.7,10.5,10.9,10.8,11.1,11.2,11.5,12.0,11.7,11.9,11.6,12.1,12.1,12.3,11.9,12.6,12.9,12.7,12.4,12.9,13.0,13.5
015114,9.7,9.6,9.9,10.1,9.7,9.9,10.1,10.0,10.1,10.5,10.8,11.0,10.9,11.3,11.2,11.2,11.0,11.6,11.5,11.3,12.2,11.7,11.7,11.5,11.8
015115,7.5,7.5,7.6,7.7,7.7,7.8,8.0,8.1,7.8,8.4,8.2,8.3,8.2,8.5,8.4,8.5,8.8,8.7,9.1,8.7,9.1,9.0,8.8,8.7,9.0
015116,8.6,8.8,8.9,8.8,8.9,8.7,8.9,8.8,9.0,9.1,9.2,9.5,9.3,9.6,9.5,9.8,9.7,10.0,9.7,9.6,10.4,9.9,10.2,10.1,10.3
015118,9.1,9.4,9.5,9.5,9.8,9.7,10.0,10.0,10.1,10.6,10.7,10.5,11.0,11.2,11.0,11.1,11.5,11.7,11.4,11.8,11.9,12.1,12.1,12.3,12.5
015122,10.3,10.2,10.6,10.5,10.4,10.1,10.4,10.3,10.6,10.7,10.7,11.0,10.9,10.9,10.6,11.2,10.9,10.9,10.9,11.3,11.4,11.2,11.0,10.9,11.4
015125,8.1,7.8,8.1,8.2,8.2,8.2,8.3,8.3,8.2,8.7,9.0,9.0,8.8,8.9,9.2,8.9,9.1,9.3,9.3,9.4,9.8,9.3,9.8,9.6,9.8
015130,7.8,8.0,7.8,8.1,8.1,7.9,8.0,8.2,8.1,8.6,8.5,8.6,8.6,8.7,8.8,9.0,8.9,9.2,8.9,9.2,9.0,9.2,9.7,9.6,9.6
015131,9.0,9.1,9.4,9.1,9.2,9.3,9.4,9.4,9.6,9.8,10.0,10.2,10.3,10.3,10.0,10.4,10.4,10.5,10.4,10.5,10.9,11.0,10.8,11.1,11.2
015134,10.3,10.4,10.5,10.9,10.7,10.8,10.7,10.5,11.1,11.4,11.3,11.3,11.8,11.7,11.8,12.1,12.1,11.9,12.4,12.4,12.7,12.4,12.4,12.7,12.8
015136,10.6,10.7,10.8,11.0,11.2,11.2,10.8,11.5,11.2,11.9,12.0,11.6,12.1,11.8,12.1,12.6,12.3,12.2,12.6,12.7,13.0,12.7,13.1,12.8,13.2
015139,8.0,7.8,8.0,7.8,7.9,8.2,8.0,7.9,8.1,8.4,8.5,8.7,8.3,8.6,9.0,8.7,8.9,8.6,8.8,8.9,9.1,8.9,9.0,9.0,9.4
015140,7.7,8.0,8.0,7.9,8.0,7.9,7.8,7.9,8.0,8.3,8.4,8.2,8.3,8.6,8.5,8.2,8.5,8.4,8.5,8.5,8.5,8.5,8.4,8.6,8.6
015142,7.5,7.4,7.8,7.9,7.7,7.7,7.9,8.0,8.0,8.5,8.3,8.5,8.4,8.5,8.5,8.7,8.8,8.8,8.9,8.8,9.0,9.1,9.3,9.5,9.2
015144,8.3,8.4,8.5,8.6,8.7,8.8,8.6,8.7,8.8,9.2,9.4,9.4,9.5,9.3,9.7,9.5,9.9,10.1,9.8,10.1,10.4,10.4,10.2,10.2,10.4
015146,14.5,14.6,14.7,14.7,14.5,14.4,14.6,14.6,14.5,15.3,15.1,15.5,15.7,15.3,15.7,15.1,15.3,15.8,16.0,15.5,16.1,15.7,15.9,15.5,15.9
015150,7.6,7.7,7.5,7.5,7.6,7.7,7.6,7.6,7.7,7.9,7.7,7.6,7.6,7.7,7.7,7.7,7.4,7.6,7.5,7.4,7.8,7.5,7.3,7.4,7.2
015151,9.2,9.1,9.0,9.4,9.4,9.3,9.4,9.7,9.4,10.1,10.2,10.2,9.7,10.6,10.4,10.4,10.6,10.5,10.6,10.6,10.8,10.8,10.7,11.1,11.1
015154,8.0,7.9,7.9,8.0,8.3,8.2,8.2,8.1,8.1,8.5,8.6,8.8,8.5,8.7,8.8,9.0,8.9,8.8,8.8,8.6,9.2,9.1,9.1,9.0,9.0
015155,8.0,7.7,8.0,8.1,8.0,8.4,8.4,8.1,8.2,8.5,8.8,8.6,8.5,9.1,9.0,8.9,9.1,9.0,9.2,9.0,9.2,9.3,9.2,9.1,9.6
015157,6.6,6.7,6.8,6.9,6.9,7.0,7.1,7.0,7.2,7.6,7.3,7.5,7.4,7.7,7.8,7.9,7.6,7.9,8.0,8.0,8.3,7.9,8.3,8.1,8.3
015158,8.5,8.6,8.8,8.6,8.5,8.6,8.6,8.5,8.5,9.0,8.8,8.8,8.9,8.7,8.7,8.9,8.9,8.7,8.9,8.8,8.9,8.9,8.8,8.8,8.7
015159,9.0,9.2,9.0,9.0,9.1,9.2,9.2,9.2,9.3,9.4,9.7,9.4,9.8,9.6,9.6,9.9,10.0,9.8,10.1,10.1,10.3,10.2,10.3,10.1,10.1
015164,8.2,8.0,8.1,8.3,8.3,8.0,8.2,8.3,8.1,8.5,8.5,8.6,8.5,8.7,8.7,8.6,8.8,8.8,8.8,8.9,9.1,9.1,9.1,8.8,9.2
015165,9.3,9.4,9.9,9.6,9.7,9.6,9.8,9.6,9.7,10.2,10.1,10.5,10.3,10.6,10.4,10.0,10.6,10.4,10.7,10.8,11.0,10.9,10.9,11.2,10.8
015166,7.0,7.1,7.3,7.2,7.3,7.3,7.3,7.3,7.5,7.9,7.9,7.7,8.1,8.0,8.3,8.2,8.4,8.7,8.6,8.6,9.1,8.8,9.1,9.0,9.0
015167,9.9,10.1,9.8,10.0,10.1,10.4,10.5,10.8,10.3,11.0,11.1,11.4,11.2,11.4,11.9,11.7,11.9,11.9,11.9,11.7,12.2,12.3,12.0,12.3,12.7
015168,7.7,7.3,7.6,7.6,7.7,7.8,8.0,7.8,8.1,8.2,8.3,8.3,8.4,8.4,8.5,8.7,8.5,8.8,8.9,8.8,9.1,9.1,9.2,9.3,9.3
015169,8.2,8.0,8.2,8.0,8.3,8.3,8.5,8.6,8.7,8.8,8.8,8.9,9.1,9.5,9.2,9.3,9.6,9.6,9.8,9.6,10.0,9.7,9.7,9.8,10.1
015170,7.4,7.2,7.6,7.5,7.8,8.0,7.8,8.0,8.4,8.4,8.5,8.9,8.9,9.1,9.1,9.2,9.3,9.2,9.5,9.9,10.2,10.0,10.0,10.3,10.3
015171,9.0,9.1,9.1,8.9,8.9,9.0,9.1,9.3,9.6,9.8,10.0,9.9,9.9,10.0,10.1,9.8,10.1,10.4,10.0,10.1,10.2,10.7,10.6,10.5,10.4
015172,8.9,9.0,9.0,9.1,9.2,9.7,9.1,9.4,9.4,9.9,9.9,9.8,9.8,10.2,9.9,10.1,10.0,10.1,10.4,10.3,10.6,10.4,10.5,10.6,10.5
015173,8.1,8.1,7.7,7.8,8.0,7.9,7.9,8.1,8.0,8.1,8.2,8.0,8.3,8.4,8.3,7.9,8.1,8.1,8.2,8.2,8.4,8.1,8.1,8.1,8.0
015175,9.6,9.5,9.8,9.7,9.7,10.1,10.0,9.9,9.9,10.4,10.5,10.5,10.9,10.6,10.8,10.4,10.9,11.1,11.1,11.4,11.6,11.6,10.9,11.6,11.8
015176,10.0,9.8,10.0,10.0,10.0,9.8,10.0,10.2,9.7,10.5,10.2,10.6,11.0,10.6,10.8,10.9,10.7,11.0,11.3,11.1,11.1,11.0,11.4,11.6,11.4
015177,7.2,7.3,7.5,7.3,7.4,7.5,7.7,7.9,7.9,8.2,8.1,8.3,8.7,8.4,8.4,8.3,8.6,8.9,8.6,9.1,9.1,9.1,9.1,9.4,9.5
015178,9.2,8.8,9.4,9.2,9.4,9.5,9.4,9.5,9.6,9.7,10.2,9.9,10.2,9.9,10.5,10.2,10.3,10.5,10.2,10.7,11.0,10.5,10.6,10.5,10.5
015179,7.1,7.3,7.3,7.3,7.3,7.5,7.5,7.5,7.8,7.8,7.8,7.7,7.7,7.8,7.9,8.0,7.9,8.0,7.7,8.2,8.4,8.0,8.1,8.2,8.1
015181,8.8,8.6,8.7,9.0,8.9,8.9,9.0,9.0,9.2,9.5,9.6,9.9,9.8,10.1,10.1,9.8,10.1,10.2,9.8,10.6,10.4,10.2,10.6,10.9,10.7
015182,8.2,8.0,8.2,8.5,8.6,8.6,8.2,8.5,8.7,8.8,8.9,9.1,9.2,9.4,9.2,9.3,9.0,9.1,9.3,9.5,9.4,9.3,9.4,9.3,9.7
015183,8.9,9.1,8.9,9.4,9.0,9.3,9.2,9.4,9.6,9.8,10.0,10.2,10.3,10.4,10.4,10.7,10.6,11.2,11.4,11.1,11.4,11.7,11.6,11.9,11.7
015184,8.2,8.1,8.4,8.4,8.4,8.4,8.9,8.8,8.5,9.0,9.0,9.5,9.0,9.0,9.3,9.3,9.3,9.6,9.3,9.4,9.5,9.6,9.4,9.5,9.4
015185,9.7,10.2,10.1,10.2,10.2,10.3,10.3,10.3,10.3,10.7,10.7,11.0,10.9,11.2,10.9,11.1,11.8,11.2,11.5,11.3,12.0,12.1,11.5,11.8,11.6
015188,6.2,6.6,6.3,6.3,6.5,6.7,6.7,6.5,6.6,6.9,6.8,7.0,6.9,7.2,7.1,7.0,7.3,7.0,7.0,7.0,7.3,7.2,7.2,7.3,7.1
015189,7.9,8.1,8.2,8.0,8.3,8.2,8.3,8.3,8.5,9.0,8.8,9.2,9.1,9.2,8.9,9.0,9.4,9.4,9.3,9.4,9.8,10.0,9.9,10.1,9.9
015191,7.4,7.5,7.8,7.8,7.5,7.8,7.8,8.0,8.0,8.3,8.5,8.6,8.4,8.9,8.8,9.0,9.1,8.8,9.3,9.1,9.4,9.2,9.5,9.6,9.5
015192,8.2,8.0,8.2,8.1,8.4,8.1,8.2,8.6,8.3,8.8,8.7,8.6,8.7,8.6,9.0,9.0,8.9,8.8,8.9,8.8,9.4,9.2,9.2,8.8,9.3
015194,8.2,8.3,8.3,8.5,8.5,8.5,8.5,8.6,8.8,9.0,9.0,9.1,9.4,9.4,9.5,9.1,9.6,9.7,9.8,9.8,10.1,9.9,10.1,10.3,10.2
015195,9.8,10.0,9.8,9.9,10.2,10.4,10.3,10.3,10.2,10.8,10.8,10.8,10.8,11.3,11.4,11.3,11.4,11.2,11.6,11.3,12.0,11.6,11.8,12.4,12.2
015200,9.5,9.5,9.3,9.6,9.6,9.9,9.8,9.5,9.6,10.1,10.0,10.3,10.2,10.6,10.2,10.2,10.6,10.5,10.7,10.6,10.9,10.9,10.7,10.7,10.4
015201,8.4,8.3,8.7,8.4,8.6,8.6,8.4,8.8,8.7,8.9,8.9,9.0,9.0,9.2,9.5,9.4,9.5,9.4,9.3,9.4,9.4,9.5,9.6,9.7,9.5
015202,8.2,8.0,8.0,8.4,8.4,8.3,8.2,8.4,8.3,8.8,8.8,8.9,9.0,9.3,9.3,9.4,9.2,9.3,9.2,9.7,10.0,9.4,9.8,9.6,9.9
015204,7.9,8.0,8.2,8.2,8.2,8.2,8.2,8.7,8.2,8.8,8.9,8.7,8.8,8.6,8.8,8.9,8.9,8.6,8.7,8.9,9.4,8.9,9.4,9.0,9.2
015205,9.6,9.6,9.6,9.7,9.9,9.9,10.1,10.1,10.0,10.4,10.2,10.7,10.7,10.3,10.4,10.9,11.2,10.9,11.1,11.1,11.4,11.3,11.2,11.1,11.8
015206,8.2,8.0,8.3,8.4,8.3,8.5,8.7,8.2,8.3,8.6,8.7,8.9,8.9,8.9,8.8,8.8,9.1,9.0,9.3,9.2,9.5,9.2,9.5,9.2,9.4
015209,9.2,9.0,9.0,8.9,9.2,9.2,9.3,9.0,9.3,9.4,9.6,9.5,9.6,9.4,9.6,9.8,9.8,9.7,9.8,9.5,9.9,9.7,9.9,10.0,9.9
015210,8.8,8.9,9.1,9.0,8.7,8.8,9.0,8.7,8.8,9.4,9.2,9.1,9.5,9.2,9.2,9.1,9.0,9.0,9.2,9.1,9.4,9.1,8.9,9.2,8.9
015211,10.1,9.9,10.1,10.0,10.0,10.3,10.4,10.1,10.3,10.6,10.4,10.4,10.3,10.6,10.8,10.5,10.6,10.8,10.9,11.2,10.8,10.8,10.6,10.5,10.5
015213,8.1,8.2,8.4,8.4,8.6,8.7,8.7,8.6,8.9,8.9,9.1,9.3,9.1,9.2,9.2,9.4,9.5,9.4,9.3,9.4,9.8,9.7,9.8,9.7,9.6
015219,8.1,7.9,8.0,7.9,8.1,8.2,8.1,8.2,8.3,8.6,8.6,8.6,9.1,9.2,8.9,9.0,9.0,9.3,9.4,9.1,9.4,9.6,9.4,9.7,9.7
015220,9.2,9.7,9.7,9.7,9.9,9.8,10.2,10.3,10.2,10.9,10.8,11.0,11.5,11.9,11.4,12.0,12.0,12.2,12.2,12.5,13.0,12.6,12.5,13.0,13.0
015221,7.8,8.0,7.8,7.8,7.9,8.1,7.8,8.0,8.1,8.3,8.5,8.6,8.3,8.7,8.7,8.5,8.6,8.7,8.7,8.7,8.9,8.9,8.9,8.7,8.7
015222,8.1,8.1,8.5,8.6,8.3,8.4,8.6,8.6,8.6,8.9,8.8,8.9,9.2,9.2,9.2,9.2,9.5,9.3,9.5,9.3,9.9,9.6,10.1,10.0,9.8
015224,8.2,8.2,8.4,8.3,8.8,8.5,8.6,8.9,9.0,9.4,9.3,9.4,9.6,10.2,10.0,9.8,9.9,10.1,10.3,10.5,10.8,10.6,11.0,10.8,11.0
015226,8.9,8.9,8.8,8.9,8.9,8.8,9.2,9.5,9.4,9.8,9.6,9.9,10.0,9.7,9.8,10.1,10.0,10.2,10.4,10.2,11.1,10.8,10.9,10.9,10.8
015229,11.3,11.4,11.5,11.9,11.9,12.0,12.0,12.0,12.2,12.5,12.8,13.3,13.0,13.1,13.4,13.1,13.5,13.7,13.5,13.4,14.1,14.3,14.3,14.0,14.2
015230,8.0,8.4,8.4,8.3,8.5,8.4,8.7,8.5,8.5,8.9,8.8,9.0,8.9,8.9,9.2,9.1,9.2,9.4,9.6,9.4,9.3,9.6,9.5,9.7,9.4
015236,9.5,9.6,9.8,9.6,9.3,9.7,9.7,9.7,10.1,10.5,10.6,10.6,10.7,10.8,10.4,11.0,11.1,10.8,10.9,11.1,11.0,11.0,10.9,11.1,11.1
015237,9.2,9.0,9.1,9.1,8.8,9.0,8.9,9.2,8.8,9.2,8.9,9.1,9.1,9.1,9.1,9.3,9.0,9.3,9.0,9.2,9.1,9.0,8.9,9.2,9.1
015242,7.9,8.0,8.0,8.1,8.2,8.1,8.6,8.6,8.7,8.9,8.7,9.0,9.2,9.4,9.4,9.4,9.4,9.7,9.7,10.0,10.2,10.2,10.2,10.4,10.3
015243,11.3,11.2,11.1,11.1,10.9,10.8,11.1,11.1,11.0,11.2,11.3,11.4,11.1,10.9,11.4,11.4,11.0,10.9,11.0,11.0,11.0,10.9,11.2,10.8,11.1
015244,8.9,9.0,9.3,9.0,9.4,9.2,9.4,9.2,9.4,9.9,9.8,9.8,9.9,9.9,9.6,10.0,10.3,10.4,10.3,10.4,10.3,10.4,10.7,10.5,10.4
015247,8.1,8.0,7.9,7.9,8.2,8.1,8.1,8.1,8.3,8.4,8.6,8.6,8.7,8.7,8.6,8.9,8.9,9.0,8.9,9.2,9.1,9.3,9.3,8.9,9.3
015248,8.2,8.1,8.1,8.4,8.2,8.4,8.3,8.2,8.3,8.5,8.8,8.6,8.8,8.8,8.9,9.0,8.7,8.8,8.7,9.2,9.0,9.0,8.7,9.2,9.1
015249,9.0,8.6,9.3,9.1,9.1,9.2,9.1,9.2,9.2,9.6,9.7,9.4,9.7,9.5,9.5,9.2,9.3,9.5,9.6,9.5,9.7,9.7,9.9,9.5,9.6
015250,8.6,8.7,8.7,9.2,9.1,9.0,9.2,9.1,9.4,9.8,9.5,9.7,9.6,9.8,10.0,9.9,10.3,10.0,10.3,9.9,10.4,10.1,10.6,10.7,10.4
015251,11.4,11.3,11.5,11.3,11.5,11.9,11.5,11.6,11.9,12.0,12.5,12.4,12.4,12.4,13.1,12.7,12.7,12.7,12.7,13.2,13.3,13.9,13.7,13.3,13.4
016001,8.6,8.6,8.5,9.2,8.7,9.0,9.0,9.4,9.1,9.4,9.4,9.9,10.0,10.3,9.9,10.5,10.6,10.5,10.5,10.6,10.6,10.9,10.7,11.1,11.1
016002,8.8,8.8,9.1,9.2,9.2,9.3,9.5,9.7,9.8,9.9,10.2,10.2,10.3,10.5,10.4,10.9,10.8,11.0,11.0,10.7,11.2,11.6,11.6,11.2,11.7
016003,10.6,10.5,10.7,10.9,10.7,10.8,11.2,11.4,11.6,12.1,11.8,12.4,12.4,12.6,12.4,13.1,12.9,13.0,12.9,13.4,13.6,13.1,13.3,13.5,13.7
016004,9.2,9.3,9.1,9.4,9.4,9.5,9.7,9.7,9.7,10.3,10.3,10.2,10.1,10.1,10.0,10.3,10.2,10.7,10.8,10.4,11.2,10.3,10.7,10.9,10.9
016005,8.9,8.9,8.8,9.1,9.0,9.1,9.1,9.3,9.5,9.5,9.6,9.8,9.7,9.7,9.9,10.0,10.0,10.3,10.1,10.2,10.6,10.0,10.3,10.3,10.5
016006,7.3,7.4,7.4,7.4,7.5,7.5,7.7,7.6,7.6,7.8,8.0,8.3,8.2,8.3,8.4,8.2,8.4,8.3,8.5,8.5,8.9,8.4,9.1,8.8,8.9
016007,7.8,7.9,7.8,7.9,8.0,8.1,8.1,8.2,8.0,8.5,8.5,8.5,8.6,8.3,8.6,8.9,8.9,9.0,9.1,9.1,9.4,9.2,9.1,9.5,9.3
016008,8.5,8.6,8.8,8.8,8.8,9.1,9.2,9.3,9.3,9.7,9.7,9.7,10.1,9.8,10.1,10.0,10.1,10.4,10.7,10.5,10.6,10.8,10.8,10.9,10.9
016009,7.9,7.9,7.9,8.0,8.1,8.2,8.4,8.1,8.0,8.7,8.5,8.8,9.0,8.8,9.0,8.8,8.8,9.0,9.1,9.0,9.6,9.4,9.5,9.5,9.5
016010,8.9,9.0,9.0,8.9,8.9,9.4,9.4,9.1,9.6,9.6,10.3,10.2,10.4,10.4,10.3,10.2,10.7,10.4,10.6,11.1,11.0,11.2,11.1,11.3,11.2
016011,8.0,7.9,8.0,8.0,8.1,8.2,8.1,8.4,8.3,8.4,8.7,8.9,8.8,8.7,8.8,9.0,8.8,9.0,9.1,9.2,9.4,9.3,9.0,9.2,9.2
016012,8.7,8.6,8.8,8.8,9.1,9.1,9.0,9.2,9.1,9.7,9.6,9.7,9.9,9.7,10.1,9.8,9.9,10.3,10.3,10.2,10.5,10.2,10.6,10.7,10.8
016013,7.0,7.2,7.0,7.1,7.1,7.3,7.1,7.4,7.2,7.4,7.4,7.6,7.6,7.5,7.4,7.8,7.9,7.9,8.0,7.8,8.0,7.8,8.0,7.8,8.1
016014,8.2,8.5,8.4,8.3,8.4,8.5,8.7,8.2,8.2,8.7,8.8,8.9,8.8,8.7,9.0,8.7,8.9,8.8,8.6,8.8,8.9,8.5,8.9,9.1,8.9
016015,7.5,7.6,7.5,7.8,7.8,7.9,7.8,8.0,8.1,8.5,8.6,8.6,8.8,8.9,9.0,9.2,9.2,9.4,9.5,9.6,10.1,9.8,9.8,10.1,10.3
016016,7.4,7.5,7.6,7.7,7.7,7.7,7.8,7.7,7.9,8.2,8.4,8.1,8.3,8.5,8.4,8.6,8.8,9.1,9.2,8.9,9.3,8.9,9.1,9.2,9.4
016017,8.6,9.0,8.9,9.0,9.0,8.9,9.1,9.3,9.2,9.5,9.8,9.7,9.5,9.7,10.2,10.0,9.6,10.3,9.9,10.3,10.4,10.2,10.8,10.3,10.5
016018,7.1,7.2,7.2,7.2,7.2,7.4,7.4,7.3,7.4,7.4,7.7,7.5,7.5,7.7,7.8,7.8,7.6,7.8,7.8,7.9,8.2,7.9,8.0,7.9,8.2
016019,8.9,9.0,8.9,9.1,9.0,9.4,9.5,9.6,9.3,9.8,9.7,9.9,9.9,10.2,10.1,10.4,10.1,10.3,10.4,10.3,10.8,10.3,10.8,10.6,10.8
016020,8.0,7.9,8.0,7.9,8.1,8.1,8.5,8.0,8.2,8.5,8.5,8.6,8.6,9.0,8.9,9.1,9.1,9.1,9.1,9.4,9.4,9.4,9.3,9.3,9.5
016021,8.2,8.3,8.2,8.1,8.4,8.4,8.8,8.5,8.9,8.8,9.0,8.9,9.1,9.2,9.5,9.2,9.6,9.6,9.3,9.6,9.8,9.8,9.8,9.7,9.6
016022,8.1,8.2,8.4,8.2,8.4,8.5,8.3,8.5,8.6,8.8,9.0,8.7,9.0,8.8,9.0,8.7,8.9,9.1,9.4,9.3,9.2,9.3,9.6,9.6,9.3
016023,9.6,9.7,9.8,10.0,9.9,10.1,10.0,9.9,10.0,10.1,10.1,10.7,10.8,10.8,10.9,10.8,10.8,11.1,11.2,11.3,11.5,11.2,11.5,11.7,11.4
016024,7.4,7.4,7.4,7.5,7.5,7.4,7.5,7.6,7.7,7.8,7.9,7.8,7.9,7.9,7.9,8.1,8.1,8.0,7.9,7.9,8.2,7.9,8.0,8.2,8.2
016025,8.8,9.1,9.0,9.1,9.0,8.9,9.2,9.5,9.5,9.8,9.9,10.1,10.3,10.5,10.5,10.7,10.2,10.6,10.7,10.8,11.4,11.1,11.0,11.4,11.4
016026,7.4,7.4,7.7,7.4,7.6,7.8,7.8,7.8,7.9,8.2,8.3,8.5,8.5,8.5,8.5,8.7,9.0,8.8,9.0,9.3,9.4,9.3,9.8,9.4,9.6
016027,8.8,8.7,8.6,8.8,9.2,9.0,9.2,9.2,9.5,9.9,10.0,9.8,10.0,10.1,10.3,10.6,10.6,10.6,10.8,10.6,11.1,11.0,11.1,11.1,11.4
016028,9.5,9.7,9.8,9.9,10.0,9.9,10.0,9.7,10.0,10.2,10.3,10.5,10.4,10.2,10.1,10.3,10.4,10.5,10.5,10.8,10.9,10.6,10.8,10.6,10.5
016029,8.7,8.5,8.5,8.9,8.9,8.8,9.0,8.8,8.9,9.4,9.3,9.5,9.8,9.5,9.7,9.6,10.0,9.9,9.7,9.9,10.1,10.0,10.3,10.1,10.2
016030,8.4,8.5,8.4,8.6,8.4,8.3,8.6,8.7,8.5,8.8,8.5,8.8,8.9,8.7,9.1,9.1,9.0,9.0,8.8,8.8,9.1,9.0,9.2,9.1,9.0
016031,8.1,8.3,8.3,8.2,8.5,8.2,8.4,8.7,8.5,8.8,8.7,9.0,9.1,9.0,9.0,9.4,9.4,9.3,9.6,9.3,9.5,9.6,9.8,10.0,9.7
016032,10.0,10.3,10.5,10.5,10.5,10.3,11.1,10.9,10.8,11.3,11.5,11.2,11.3,11.9,11.8,11.5,11.8,11.8,11.8,12.2,12.4,12.6,12.3,12.6,12.6
016033,8.6,8.7,8.8,9.1,8.9,8.9,9.3,9.2,9.6,9.8,9.8,10.0,9.9,10.1,10.2,10.2,10.3,10.3,11.0,10.6,10.8,11.0,10.4,11.1,10.9
016034,7.9,8.1,7.9,7.8,8.1,8.0,8.1,8.1,8.4,8.2,8.3,8.4,8.7,8.7,8.6,8.4,8.7,8.5,8.6,8.8,8.8,8.7,8.7,8.9,8.7
016035,7.1,7.2,7.4,7.1,7.3,7.5,7.2,7.2,7.3,7.6,7.8,7.7,7.7,7.7,7.8,7.8,7.6,7.8,7.9,7.7,7.9,7.8,7.8,7.9,7.8
016036,7.7,7.9,7.7,7.9,7.8,7.8,7.9,7.9,8.0,8.1,8.1,8.3,8.3,8.3,8.3,8.1,8.1,8.2,8.3,8.5,8.5,8.4,8.3,8.2,8.2
016037,10.0,9.8,10.2,10.2,9.8,10.2,10.1,10.3,10.4,10.9,10.8,11.3,10.8,11.0,11.0,11.2,10.9,11.5,11.7,11.7,12.0,11.7,11.4,11.7,11.8
016038,7.7,7.6,7.6,7.9,7.8,7.9,7.9,8.2,8.1,8.6,8.5,8.6,8.7,8.8,8.6,9.0,9.0,9.5,9.4,9.2,9.6,9.5,9.4,9.6,9.8
016040,9.1,9.3,9.3,9.4,9.1,9.3,9.4,9.5,9.5,9.6,9.7,9.8,9.8,9.9,10.2,9.8,10.4,10.1,10.2,10.3,10.6,10.3,10.3,10.4,10.7
016041,7.9,7.8,8.1,7.8,8.0,8.1,8.1,8.0,8.3,8.3,8.5,8.5,8.5,8.7,8.6,8.6,8.5,8.7,8.7,8.6,9.0,9.0,8.7,8.8,8.8
016042,8.6,8.7,8.4,8.5,8.6,8.4,8.7,8.9,8.5,8.8,9.0,8.7,8.9,8.8,8.9,8.9,9.0,9.1,9.1,9.0,9.4,8.8,8.9,8.8,8.8
016043,8.2,8.1,8.0,8.2,8.2,8.3,8.2,8.3,8.2,8.5,8.6,8.6,8.3,8.4,8.6,8.4,8.4,8.5,8.6,8.3,9.0,8.4,8.7,8.8,8.8
016044,9.9,10.2,10.0,10.2,10.3,10.0,10.2,10.5,10.3,10.6,10.8,11.7,11.0,11.2,11.5,11.4,11.2,11.4,11.6,11.5,11.8,12.1,11.7,11.9,12.4
016046,9.2,9.4,9.3,9.7,10.1,9.8,10.1,10.2,10.3,11.1,11.3,11.6,11.7,11.5,12.2,11.7,11.8,12.8,12.7,13.1,13.3,13.0,13.3,13.3,14.2
016047,7.4,7.3,7.2,7.3,7.5,7.6,7.3,7.7,7.4,7.8,8.0,7.9,8.1,8.0,7.9,7.9,8.0,8.1,7.9,7.9,8.1,8.1,8.0,7.9,8.0
016048,7.7,7.9,7.8,8.1,8.2,8.2,8.3,8.3,8.4,8.7,8.7,8.8,9.0,9.0,9.3,9.4,9.6,9.7,9.8,9.8,10.2,9.7,9.7,9.6,10.1
016049,8.0,8.1,8.1,8.3,7.8,8.1,8.1,8.2,8.2,8.4,8.2,8.3,8.4,8.6,8.4,8.5,8.6,8.5,8.5,8.5,8.8,8.7,8.5,8.5,8.7
016050,9.3,9.6,9.4,9.8,9.8,10.0,10.4,10.2,10.4,10.6,10.9,11.4,10.9,11.1,11.3,11.3,11.7,11.9,12.3,12.3,12.5,12.5,13.0,12.9,12.6
016051,8.3,8.1,8.4,8.1,8.2,8.1,8.1,8.5,8.1,8.7,8.6,8.6,8.8,8.6,8.6,8.7,8.9,8.6,8.7,8.9,9.3,9.0,8.9,9.1,9.3
016052,8.3,8.4,8.3,8.2,8.6,8.4,8.8,8.8,9.1,9.2,9.3,9.2,9.5,9.5,9.9,9.8,9.7,10.1,10.0,10.3,10.3,10.1,10.5,10.5,10.7
016053,8.3,8.6,8.8,8.5,8.8,8.6,8.7,8.9,9.0,9.5,9.4,9.2,9.7,9.6,9.8,9.8,9.8,10.3,10.1,10.2,10.4,10.1,10.5,10.2,11.0
016055,7.8,7.6,7.8,7.7,7.8,7.9,7.8,7.8,8.0,8.1,8.1,8.2,8.4,8.5,8.5,8.4,8.5,8.4,8.6,8.4,8.7,8.9,8.7,8.8,8.8
016056,8.4,8.3,8.4,8.2,8.1,8.3,8.5,8.4,8.5,8.4,8.6,8.6,8.4,8.6,8.5,8.5,8.6,8.7,8.9,8.7,8.9,8.8,8.6,8.7,8.9
016057,8.1,8.1,8.3,8.4,8.2,8.5,8.6,8.7,9.0,9.3,9.1,9.5,9.6,9.8,9.7,10.0,10.1,10.0,10.2,10.7,10.7,10.7,11.0,11.2,11.1
016058,7.4,7.3,7.6,7.6,7.6,7.5,7.7,7.6,7.7,8.0,8.1,8.0,8.1,8.4,8.4,8.2,8.1,8.3,8.5,8.4,9.0,8.6,8.6,8.8,8.9
016059,7.8,7.8,7.8,8.0,8.2,7.9,7.9,8.3,8.0,8.6,8.5,8.5,8.4,8.7,8.9,8.6,8.6,8.9,8.9,8.9,9.3,8.9,9.1,9.2,9.4
016060,8.8,8.5,8.8,8.8,8.8,8.8,9.0,9.0,9.0,9.4,9.3,9.6,9.5,9.5,9.9,9.6,9.7,9.8,10.0,10.0,10.1,10.1,10.1,10.0,10.2
016061,8.8,9.2,8.9,8.7,8.8,9.2,9.0,9.4,9.3,10.3,10.0,9.9,10.2,10.0,10.6,10.4,10.5,10.5,10.8,10.8,11.7,11.0,11.3,11.4,11.7
016062,9.2,8.8,9.2,8.9,9.3,9.3,9.1,9.0,9.2,9.6,9.6,9.5,9.6,9.7,9.7,9.6,9.5,9.7,9.8,9.6,9.9,9.5,9.6,9.8,9.6
016063,9.8,9.8,9.9,10.3,10.3,10.3,10.0,10.1,9.9,10.4,10.6,10.4,10.8,10.6,10.5,10.8,10.5,10.5,11.1,10.8,11.0,10.9,11.2,11.3,11.0
016064,8.3,8.2,8.0,8.4,8.5,8.2,8.6,8.5,8.6,8.7,8.8,8.9,9.2,8.8,9.1,9.0,9.1,8.8,9.1,9.0,9.2,9.2,9.4,9.4,9.3
016065,6.8,7.0,7.0,7.2,7.2,7.2,7.2,7.2,7.2,7.4,7.5,7.7,7.8,7.8,7.8,7.7,8.0,7.9,7.6,8.0,8.2,8.1,7.9,8.1,8.1
016066,10.2,10.1,10.1,9.9,10.1,10.5,10.1,9.9,10.3,10.4,10.7,10.2,10.9,10.6,10.8,11.1,10.7,11.1,11.0,10.9,11.2,11.2,11.0,11.2,11.2
016067,8.3,8.1,8.2,8.4,8.3,8.0,8.3,8.4,8.2,8.7,8.9,8.6,8.7,8.7,8.7,8.9,9.0,9.1,8.8,9.0,9.0,8.9,8.6,9.3,9.3
016068,8.9,9.0,8.9,9.0,9.4,8.9,9.1,9.0,9.4,9.6,9.6,9.9,9.9,9.9,9.8,10.1,10.1,10.0,10.1,10.2,10.7,10.3,10.5,10.5,10.8
016069,9.9,10.3,10.2,10.2,10.4,10.4,10.4,10.7,10.9,11.2,11.3,11.1,11.7,11.5,11.7,11.4,11.4,11.9,11.8,11.7,12.5,12.1,12.3,12.2,12.3
016070,8.6,8.8,8.8,9.1,9.0,9.1,9.0,9.0,9.2,9.3,9.7,9.5,9.8,9.8,9.8,10.4,10.2,10.0,9.8,10.5,10.1,10.5,10.5,10.6,10.5
016071,8.0,7.8,8.0,8.0,8.2,8.2,8.3,8.2,8.3,8.5,8.7,8.7,8.6,8.7,8.7,9.0,9.0,9.1,9.2,9.1,9.4,9.4,9.4,9.5,9.3
016072,8.5,8.6,8.8,8.9,8.9,8.6,8.7,8.9,8.4,9.2,9.0,9.2,9.2,9.4,9.2,9.5,9.5,9.5,9.4,9.5,9.5,9.3,9.6,9.5,9.7
016073,8.2,8.3,8.3,8.3,8.2,8.5,8.3,8.5,8.5,8.9,9.1,9.0,9.3,8.8,9.4,9.5,9.3,9.4,9.5,9.3,9.6,9.4,9.6,9.6,9.6
016074,10.3,10.1,10.2,10.3,10.3,10.4,10.5,10.3,10.6,10.8,11.0,10.9,11.1,11.2,11.3,11.0,11.5,11.2,11.4,11.0,11.6,11.0,11.3,11.6,11.9
016075,9.8,9.6,9.5,9.5,9.6,9.9,9.8,9.5,10.0,10.1,10.2,10.2,10.2,10.2,10.3,10.1,10.5,10.3,10.2,10.3,10.6,10.8,10.8,10.7,10.8
016076,8.1,8.3,8.3,8.7,8.7,8.6,8.5,8.9,8.7,9.3,9.5,9.4,9.8,9.3,9.6,9.6,9.8,10.1,10.0,10.2,10.6,10.5,10.4,10.3,10.6
016077,8.4,8.3,8.2,8.3,8.4,8.3,8.6,8.6,8.3,8.6,8.7,8.6,9.0,9.0,8.7,8.9,8.9,8.7,9.1,9.2,9.3,9.2,9.0,9.3,9.4
016078,10.1,9.6,10.1,10.2,10.2,9.9,10.2,9.9,10.3,10.5,10.7,10.8,11.1,10.7,10.9,10.8,11.5,11.1,11.2,11.6,11.5,11.3,11.4,11.7,11.7
016079,9.6,10.0,9.7,10.0,10.0,10.1,10.1,10.5,10.2,11.0,11.0,11.0,11.1,11.4,11.1,11.4,11.4,11.6,11.8,11.9,12.3,12.0,12.0,11.9,12.6
016080,7.5,7.6,7.6,7.6,7.7,7.8,7.7,7.9,7.8,7.9,8.1,8.2,8.1,8.1,8.1,8.1,8.4,8.3,8.5,8.3,8.4,8.4,8.7,8.6,8.6
016081,8.1,8.0,8.2,8.3,8.6,8.4,8.4,8.5,8.9,8.8,9.2,9.2,9.1,9.4,9.4,9.5,9.4,9.5,10.1,9.8,10.5,9.7,9.9,10.1,10.1
016082,8.7,8.6,8.9,9.0,8.6,9.0,9.0,8.6,8.7,9.6,9.4,9.3,9.3,9.6,9.3,9.7,9.7,9.7,9.5,9.5,9.8,9.4,9.8,9.5,9.8
016083,7.7,7.8,7.9,8.0,8.0,7.9,7.8,7.9,8.2,8.3,8.4,8.8,8.9,8.7,8.5,8.6,8.8,9.3,9.3,9.0,9.3,9.4,9.5,9.5,9.7
016084,10.0,10.0,10.4,10.4,10.3,10.5,10.5,10.7,10.9,11.6,11.6,11.8,11.5,11.8,11.6,12.0,11.9,11.8,12.1,12.4,12.8,12.4,12.9,13.1,12.4
016085,8.6,8.6,8.7,8.8,8.7,9.1,9.2,9.3,9.3,9.1,9.2,9.3,9.4,9.4,9.6,9.6,9.8,10.0,9.9,10.2,10.0,10.0,10.1,10.0,10.0
016086,7.6,7.7,7.7,7.9,7.7,7.8,7.9,8.1,8.0,8.2,8.3,8.5,8.2,8.3,8.5,8.5,8.3,8.8,8.8,8.7,8.8,8.9,8.7,9.3,9.1
016087,9.0,9.0,8.8,9.3,8.8,9.4,9.5,9.7,9.6,9.9,10.0,10.5,10.3,10.5,10.5,10.3,11.3,11.0,10.9,11.5,11.6,11.3,11.6,11.3,11.7
016088,9.5,9.7,9.7,10.0,9.9,10.4,10.2,10.2,10.1,10.8,10.6,10.8,10.9,10.8,10.7,11.1,11.4,11.2,10.9,11.1,11.5,11.5,11.5,11.6,11.9
016089,8.1,8.3,8.4,8.4,8.6,8.2,8.5,8.2,8.6,8.5,8.6,8.6,9.0,8.7,8.8,8.8,8.8,8.9,9.0,8.8,9.3,9.0,9.2,9.1,9.3
016090,8.0,7.8,8.2,8.0,8.1,8.1,8.4,8.3,8.7,9.0,8.9,9.4,9.2,9.0,9.5,9.4,9.7,9.8,9.8,9.9,10.3,10.3,10.4,10.6,10.7
016091,7.5,7.7,7.7,7.7,7.7,7.7,7.8,7.7,8.0,8.0,8.1,8.1,8.1,8.0,8.3,8.3,8.1,8.6,8.2,8.5,8.6,8.4,8.6,8.3,8.4
016092,8.3,8.1,8.3,8.4,8.5,8.6,8.3,8.6,8.4,9.2,8.9,9.1,9.1,9.1,9.2,9.2,9.1,9.5,9.2,9.5,9.7,9.3,9.7,9.3,9.8
016093,9.2,9.4,9.3,9.2,9.4,9.6,9.6,9.8,10.1,10.2,10.4,10.3,10.3,10.3,10.3,10.6,10.5,10.6,10.8,10.7,10.6,10.7,10.6,10.7,10.8
016094,8.2,9.0,8.8,9.0,8.9,8.9,9.2,9.2,9.4,9.8,9.7,10.1,10.1,10.4,10.1,10.2,10.4,10.6,10.7,10.9,11.4,11.4,11.4,11.5,11.5
016096,7.0,7.0,7.0,7.0,7.0,7.3,7.1,7.2,7.4,7.6,7.5,7.6,7.9,8.0,8.0,8.0,7.9,8.0,8.2,8.2,8.5,8.2,8.2,8.7,8.6
016097,7.8,8.1,7.8,8.2,8.3,8.3,8.3,8.4,8.4,9.1,8.8,8.7,8.9,9.0,9.2,9.1,9.1,9.1,9.2,9.2,9.7,9.3,9.5,9.9,9.4
016098,9.4,9.3,9.3,9.3,9.2,9.5,9.6,9.7,9.9,9.9,10.0,10.0,10.3,9.9,10.2,10.6,10.2,10.3,10.0,10.7,10.7,10.7,10.4,10.8,10.6
016099,8.2,8.1,8.2,8.3,8.3,8.3,8.5,8.5,8.6,8.9,8.9,8.6,9.0,9.1,9.1,9.0,9.3,9.1,8.9,9.4,9.6,9.5,9.4,9.2,9.5
016100,7.0,7.3,7.0,7.3,7.4,7.5,7.2,7.4,7.4,7.7,7.6,7.7,7.8,7.5,7.8,7.9,7.9,7.8,7.8,7.8,7.9,7.9,7.7,7.9,7.8
016101,11.3,11.3,11.8,11.6,11.4,11.9,11.9,11.9,11.6,12.5,12.5,12.5,12.3,12.1,12.6,12.7,12.9,12.7,12.9,12.7,12.9,13.2,12.8,12.7,13.0
016102,9.6,9.5,10.0,9.9,10.1,10.2,10.3,10.5,10.8,10.8,11.1,11.0,11.1,11.4,11.4,11.4,11.5,11.8,11.9,12.1,12.1,12.5,12.5,12.5,12.5
016103,7.7,7.6,7.9,7.8,7.7,7.8,7.8,7.8,7.9,8.1,8.0,8.2,8.2,8.1,8.4,8.3,8.4,8.6,8.5,8.5,8.9,8.7,8.6,8.8,9.0
016104,8.9,8.9,8.9,8.9,9.1,9.1,9.1,9.3,9.0,9.5,9.4,9.2,9.3,9.5,9.4,9.6,9.6,9.5,9.8,9.3,9.8,9.7,9.5,9.6,9.6
016105,9.6,9.5,9.7,9.7,9.4,9.7,9.2,9.5,9.4,9.6,9.5,9.7,10.1,9.8,9.4,9.6,9.7,9.6,9.8,9.7,9.6,9.4,9.6,9.7,9.4
016106,8.2,8.3,8.1,8.1,8.1,8.2,8.3,8.3,8.2,8.8,8.6,9.0,9.0,8.9,8.6,8.7,8.8,9.0,9.1,9.3,9.3,9.2,9.1,9.4,9.3
016107,9.5,9.6,9.3,9.4,9.4,9.7,9.6,9.4,9.7,9.7,9.6,10.1,10.0,10.0,9.8,10.1,10.2,10.2,10.3,10.1,10.5,10.5,10.1,10.1,10.4
016108,10.7,10.9,10.8,10.7,11.1,11.2,11.0,11.3,11.5,11.6,11.9,11.6,12.0,12.0,12.0,12.3,12.6,12.7,12.5,12.5,13.2,12.7,12.5,12.6,12.8
016109,8.7,9.0,9.2,9.2,9.3,9.2,9.2,9.5,9.5,10.0,10.1,10.3,10.6,10.4,10.6,10.8,11.0,10.7,10.8,11.4,11.7,11.5,11.7,11.7,11.7
016110,8.1,7.9,8.2,8.1,8.2,8.1,8.3,8.5,8.4,8.9,8.6,9.0,8.7,9.2,9.3,9.2,9.1,9.3,9.2,9.5,9.6,9.7,9.7,9.5,9.8
016111,8.8,8.9,8.8,9.2,9.3,9.2,9.6,9.2,9.4,9.7,10.1,10.0,10.0,10.1,10.3,10.3,10.2,10.5,10.5,10.2,11.1,11.3,11.0,11.8,11.1
016113,9.9,10.0,9.8,9.6,9.7,9.7,10.0,9.6,9.9,10.0,10.4,10.4,10.2,10.3,10.6,10.2,10.2,10.2,10.5,10.3,11.0,10.4,10.3,10.6,10.7
016114,8.7,8.7,8.9,8.6,8.6,8.6,8.6,8.5,8.6,8.9,9.0,8.7,8.9,8.8,8.9,8.8,8.6,9.0,8.8,8.7,9.1,8.9,8.6,8.8,8.9
016115,9.4,9.5,9.4,9.3,9.6,9.6,9.7,9.4,9.7,9.9,10.2,9.8,10.0,10.0,10.4,10.0,10.2,10.3,10.3,10.6,10.4,10.7,10.6,10.7,10.8
016116,7.5,7.6,7.7,7.7,7.6,7.8,7.8,7.8,8.1,8.2,8.3,8.0,8.5,8.5,8.6,8.8,8.6,8.9,8.9,8.9,9.0,8.8,8.9,8.9,9.2
016117,9.5,9.3,9.6,9.5,9.6,9.7,9.8,9.9,10.1,9.9,10.7,10.3,10.6,10.8,10.6,10.8,10.8,10.7,11.1,10.9,11.2,11.2,11.4,11.5,11.2
016118,7.4,7.2,7.2,7.5,7.5,7.5,7.7,7.5,7.5,7.8,7.9,8.0,8.0,7.7,7.9,8.2,7.8,8.1,7.9,8.1,8.2,8.2,8.1,8.2,8.1
016119,10.1,10.2,10.1,10.3,10.5,10.6,10.4,10.8,10.9,11.5,11.2,11.7,11.6,12.2,12.2,12.3,12.1,13.0,12.7,13.3,13.6,13.3,13.3,13.6,13.4
016120,10.7,11.2,11.3,11.1,11.6,11.6,11.2,11.6,11.7,12.5,12.6,12.8,13.0,12.7,13.2,13.4,13.2,13.4,13.6,14.0,13.8,13.8,14.0,14.1,14.2
016121,9.2,9.2,9.3,9.4,9.4,9.5,9.7,9.1,9.7,9.8,9.9,9.9,10.0,10.1,10.2,10.4,9.8,10.4,10.8,10.3,10.7,10.8,10.7,10.9,10.7
016122,9.3,9.2,9.6,9.3,9.5,9.5,9.9,9.6,9.6,10.2,10.3,10.2,10.4,10.3,10.3,10.5,10.5,10.5,10.7,10.9,10.8,10.6,10.9,10.7,10.8
016123,8.8,8.5,8.5,8.8,8.8,8.7,8.7,8.7,8.6,9.4,9.4,9.5,9.3,9.4,9.2,9.5,9.4,9.8,9.7,9.6,9.7,9.7,9.9,10.0,9.8
016124,8.4,8.2,7.9,8.0,8.2,8.1,7.9,8.1,8.1,8.4,8.5,8.3,8.4,8.5,8.4,8.5,8.4,8.4,8.6,8.4,8.7,8.7,8.8,8.7,8.4
016125,7.7,7.7,8.1,8.1,8.2,8.2,8.2,8.2,8.3,9.1,8.8,9.0,9.3,9.0,8.9,9.2,9.4,9.6,9.6,9.8,9.8,9.8,9.7,9.8,10.0
016126,8.8,8.8,9.0,9.1,9.5,9.3,9.5,9.5,9.6,9.9,10.3,10.3,10.3,10.2,10.3,10.8,10.8,11.0,10.9,10.9,11.6,11.2,11.2,11.6,11.7
016127,7.4,7.6,7.5,7.7,7.7,7.8,7.8,7.9,8.0,8.1,8.2,8.1,8.5,8.4,8.4,8.4,8.7,8.8,8.8,8.8,9.0,8.7,9.0,9.0,9.1
016128,9.1,9.6,9.6,9.6,9.6,9.5,9.8,9.6,9.9,10.1,10.2,10.5,10.4,10.8,10.4,10.4,10.5,10.6,10.9,10.6,10.7,10.7,10.6,11.0,10.5
016129,9.5,9.3,9.4,9.6,9.3,9.2,9.3,9.4,9.4,10.0,10.1,9.9,9.9,9.8,9.9,9.9,10.2,9.9,10.0,10.1,10.4,10.3,10.2,10.2,10.2
016130,9.0,9.0,9.0,8.8,8.9,9.1,9.4,9.2,9.2,9.4,9.6,9.6,10.0,9.7,9.9,10.1,9.9,9.9,10.1,10.1,10.6,10.6,10.4,10.7,10.7
016131,8.1,8.1,8.3,8.3,8.1,8.3,8.5,8.6,8.5,9.2,9.0,8.8,9.2,8.8,9.0,8.9,9.2,9.2,9.4,9.3,9.4,9.1,9.2,9.5,9.5
016132,8.9,8.8,8.6,9.1,8.9,9.0,9.1,9.2,9.3,9.3,9.3,9.5,9.4,9.6,9.6,9.2,9.8,9.5,9.6,9.8,9.6,9.6,9.8,10.1,9.8
016133,10.3,10.0,10.1,10.0,10.2,10.5,10.5,10.7,10.9,10.6,11.3,11.3,11.2,11.1,11.4,11.2,11.2,11.5,11.7,11.5,11.8,11.7,11.5,11.7,11.5
016134,8.0,8.3,8.2,8.2,8.2,8.3,8.5,8.4,8.6,8.9,8.9,9.1,9.2,9.2,9.4,9.4,9.5,9.7,9.7,10.0,10.3,10.0,10.0,10.1,10.3
016135,7.3,7.3,7.5,7.5,7.5,7.6,7.5,7.7,7.7,7.9,8.1,8.0,7.9,8.2,8.2,8.4,8.2,8.2,8.5,8.4,8.5,8.5,8.7,8.7,8.6
016136,8.5,8.8,8.8,8.8,9.0,9.1,9.1,9.3,9.4,9.6,10.0,9.7,9.8,10.1,10.1,10.4,10.2,10.7,10.2,10.7,10.8,10.6,10.7,10.7,11.1
016137,7.8,7.5,7.6,7.8,7.7,7.8,7.8,7.6,7.8,7.8,8.0,7.9,7.9,7.8,8.1,7.9,7.6,8.0,7.9,7.9,8.0,7.8,8.1,7.7,8.0
016139,8.1,8.1,8.1,8.1,8.2,8.2,8.3,8.3,8.4,8.7,8.8,8.8,8.6,8.9,8.9,8.8,9.1,9.1,9.1,9.3,9.4,9.2,9.3,9.2,9.1
016140,9.6,9.7,9.7,9.9,9.9,9.7,9.5,9.9,9.9,10.5,10.4,10.4,10.2,10.3,10.3,10.5,10.2,10.3,10.5,10.6,10.9,11.1,10.9,10.8,11.0
016141,6.9,7.1,7.1,7.1,7.2,7.4,7.3,7.2,7.3,7.6,7.7,7.7,7.3,7.7,7.6,7.8,7.6,7.9,7.7,7.7,8.0,8.0,8.0,7.9,8.1
016142,10.6,10.7,11.1,11.1,11.3,11.1,11.4,10.7,11.1,11.6,11.6,11.9,11.9,12.1,12.0,12.2,12.1,12.3,11.9,12.7,12.6,12.5,12.0,13.0,12.7
016143,8.5,8.9,8.5,8.7,8.6,8.9,8.8,8.8,8.9,9.2,9.2,9.0,9.4,9.3,9.3,9.5,9.4,9.4,9.5,9.3,9.6,9.2,9.5,9.5,9.7
016144,8.2,8.2,8.3,8.4,8.4,8.5,8.5,8.5,8.5,8.9,8.6,8.7,8.6,9.1,9.3,8.7,9.2,8.9,9.2,9.3,9.6,9.4,9.3,9.5,9.3
016145,8.1,8.3,8.0,8.0,8.3,8.0,8.1,8.2,8.2,8.4,8.2,8.6,8.5,8.5,8.3,8.5,8.4,8.3,8.2,8.4,8.4,8.3,8.3,8.3,8.2
016146,8.1,8.5,8.2,8.6,8.5,8.7,8.7,8.5,8.7,9.0,8.9,8.9,9.0,9.3,9.3,9.1,9.3,9.3,9.4,9.2,9.9,9.6,9.4,9.8,9.7
016147,8.9,9.4,9.4,9.5,9.4,9.6,9.9,10.0,9.9,10.2,10.6,10.7,10.8,10.6,11.2,11.3,11.0,11.3,11.3,11.9,12.1,11.8,11.7,12.1,12.2
016148,7.7,7.6,7.6,7.8,7.8,7.6,8.0,7.9,7.7,8.2,8.2,8.3,8.3,8.2,8.3,8.4,8.4,8.3,8.4,8.6,8.8,8.7,8.6,8.6,8.6
016149,9.0,8.4,8.8,8.7,8.8,8.8,8.7,9.1,9.1,9.6,9.5,9.6,9.7,9.7,10.1,10.1,9.8,10.2,10.3,10.0,10.4,10.4,10.9,10.8,10.5
016150,10.2,10.1,10.3,10.5,10.3,10.9,10.6,10.7,10.7,11.3,11.9,11.3,11.6,11.5,12.1,12.2,11.7,12.2,12.0,12.6,12.8,12.6,12.8,12.4,13.1
016151,10.0,10.0,10.2,10.3,10.4,10.2,10.4,10.5,10.9,11.2,10.9,10.9,11.1,11.4,11.6,11.6,12.2,11.7,12.0,12.1,12.2,11.9,12.6,12.4,12.4
016152,8.3,8.3,8.5,8.6,8.3,8.6,8.7,8.7,8.7,9.1,9.4,9.4,9.3,9.4,9.4,9.5,9.1,9.7,9.6,9.8,9.9,9.5,9.8,9.8,9.7
016153,8.7,8.5,8.5,8.6,8.9,8.8,8.7,8.5,8.6,8.9,8.9,9.4,8.9,9.3,8.9,9.2,9.2,9.3,9.3,9.1,9.5,9.4,9.4,9.0,9.1
016154,10.6,10.4,10.6,10.6,10.5,10.9,10.6,10.7,11.0,10.9,11.6,11.3,11.3,11.2,11.3,11.5,11.9,11.6,11.8,11.5,12.3,11.6,12.2,12.0,11.8
016155,8.8,8.6,8.6,8.8,8.9,9.3,8.8,9.0,9.1,9.6,9.5,9.4,9.5,9.8,9.6,9.8,9.9,9.9,10.1,9.9,10.5,10.0,10.3,10.4,10.8
016156,9.1,9.3,9.0,9.4,9.5,9.6,9.8,9.8,9.9,10.8,10.3,10.5,10.8,10.8,10.9,11.1,11.3,11.1,11.1,11.4,11.7,11.9,12.0,11.8,11.7
016157,9.8,10.0,10.1,10.4,10.3,10.4,10.1,10.3,10.5,10.6,10.7,10.8,10.9,11.1,11.2,11.4,11.1,11.6,11.7,11.1,11.9,12.1,11.7,11.6,11.9
016158,8.5,8.3,8.5,8.7,8.9,8.8,8.8,9.1,9.1,9.6,9.7,9.5,9.8,9.8,10.0,10.1,10.0,10.3,10.4,10.4,10.5,10.3,10.9,11.1,10.6
016159,9.9,9.9,10.0,9.6,9.7,10.0,9.8,10.1,9.6,10.2,10.1,10.4,10.3,10.5,10.5,10.7,10.4,10.5,10.3,10.3,10.4,10.7,10.8,10.9,10.8
016160,9.0,9.3,9.5,9.7,9.7,9.8,9.9,10.2,10.3,10.5,10.7,10.8,10.9,10.9,11.1,11.0,11.0,10.9,11.8,11.6,11.9,12.1,12.1,12.0,12.4
016161,9.6,9.7,9.8,9.3,9.4,9.7,9.8,10.0,9.8,10.3,10.5,10.5,10.8,10.6,10.2,10.9,10.9,10.8,11.1,11.1,11.4,11.3,11.3,11.5,11.4
016162,8.6,8.7,8.6,8.7,8.8,8.8,8.9,9.0,8.9,9.5,9.8,9.3,9.6,9.9,9.8,10.0,10.3,10.2,10.1,9.9,10.7,10.5,10.4,11.0,10.7
016163,9.8,9.8,9.9,9.7,9.9,9.7,9.6,9.7,9.8,9.8,9.8,9.7,9.8,9.6,9.5,9.5,9.4,9.7,9.5,9.4,9.7,9.3,9.3,9.1,9.0
016164,8.9,8.9,8.8,8.8,8.7,8.8,8.9,9.0,9.0,9.3,9.4,9.4,9.2,9.2,9.3,9.2,9.4,9.5,9.5,9.1,9.7,9.3,9.5,9.3,9.3
016165,8.1,8.0,8.2,8.3,8.2,8.5,8.4,8.5,8.6,9.0,9.2,9.4,9.2,9.3,9.5,9.7,10.1,9.9,10.0,10.1,10.7,10.1,10.6,10.5,10.4
016166,10.1,10.4,10.6,10.4,10.9,10.5,10.7,10.9,10.6,11.2,11.2,11.7,11.1,11.3,11.3,11.6,11.4,11.9,11.5,11.4,12.0,12.3,11.9,12.1,12.3
016167,9.2,9.4,9.5,9.4,9.6,9.8,10.0,9.9,9.9,10.4,10.9,10.9,10.9,11.0,10.9,11.1,11.6,11.4,11.4,11.8,12.0,12.3,12.2,12.2,12.4
016168,8.7,8.7,8.6,8.6,8.7,8.8,8.9,8.7,8.9,9.0,9.0,9.1,9.3,8.9,9.1,9.2,9.0,9.1,9.1,9.3,9.5,9.1,9.1,9.1,9.3
016169,7.1,7.1,7.3,7.2,7.4,7.3,7.5,7.5,7.5,7.8,7.9,7.9,7.9,8.1,7.9,7.9,8.0,8.0,8.2,7.9,8.7,8.5,8.5,8.5,8.3
016170,10.6,10.8,10.8,11.3,11.2,11.3,11.4,11.4,11.6,11.8,11.6,12.3,12.2,12.6,12.5,12.9,12.9,12.7,13.5,13.2,13.2,13.5,14.0,14.0,14.1
016171,7.3,7.4,7.5,7.2,7.4,7.6,7.7,7.7,7.8,8.0,8.2,8.1,8.2,8.1,8.2,8.4,8.4,8.3,8.7,8.7,8.8,8.6,9.0,8.7,8.9
016172,9.0,9.1,9.2,9.4,9.3,9.4,9.5,9.8,9.7,10.4,10.7,10.7,11.0,11.2,11.1,10.9,11.4,11.6,12.0,11.5,12.4,12.2,12.3,12.1,12.4
016173,9.5,9.7,9.6,9.6,9.5,9.6,9.4,9.6,9.8,10.0,9.9,9.8,10.0,10.1,10.1,10.3,10.0,10.3,10.1,10.5,10.6,10.3,10.4,10.2,10.3
016174,9.5,9.3,9.7,9.4,9.2,9.5,9.1,9.3,9.3,9.8,9.8,9.9,9.9,9.6,9.8,9.7,9.4,9.7,9.7,9.8,9.9,9.6,9.6,9.7,9.7
016175,7.9,8.3,8.3,8.3,8.2,8.4,8.3,8.8,8.7,8.9,8.9,9.2,9.4,8.8,9.5,9.4,9.5,9.7,9.6,9.8,10.0,10.0,9.8,10.2,10.2
016176,10.5,10.7,10.9,10.8,10.8,11.2,10.9,11.4,11.3,11.9,11.8,12.1,11.9,12.3,12.4,12.4,12.8,12.7,13.3,12.7,13.4,13.3,13.2,13.1,13.6
016177,8.6,8.7,8.7,8.9,9.1,9.0,9.3,9.1,9.2,9.7,9.8,9.7,9.9,9.9,10.0,9.9,10.0,10.3,10.0,10.1,10.6,10.0,10.7,10.6,10.5
016178,8.5,8.2,8.4,8.3,8.3,8.4,8.5,8.6,8.5,9.0,8.7,8.7,8.9,9.0,8.7,8.7,8.8,8.7,9.1,9.1,9.4,9.1,9.0,8.9,9.2
016179,8.1,8.2,8.4,8.4,8.8,8.7,9.0,9.1,9.3,9.9,9.9,10.0,9.9,10.0,10.3,10.0,10.3,10.5,10.7,10.8,11.2,11.0,11.1,11.6,11.5
016180,10.7,10.6,10.5,10.9,10.9,10.9,10.7,11.0,10.9,11.6,11.2,11.1,11.5,11.4,11.6,11.6,11.8,12.0,11.2,11.7,12.5,11.3,11.4,12.1,11.6
016182,7.8,7.9,7.9,7.9,7.6,7.9,7.8,7.8,7.7,7.9,8.1,8.1,8.0,8.2,8.1,8.2,8.0,7.9,8.2,7.9,8.2,8.3,8.3,8.2,8.2
016183,8.7,8.7,8.6,8.5,8.9,8.7,8.6,8.7,8.8,9.1,8.9,9.0,9.0,9.1,9.2,9.2,9.2,9.3,9.0,9.5,9.5,9.5,9.3,9.3,9.6
016184,8.4,8.4,8.6,8.7,8.8,8.9,8.9,8.9,9.2,9.4,9.5,9.8,9.8,10.0,10.2,10.2,10.3,10.3,10.3,10.5,11.0,10.6,11.0,11.0,11.2
016185,9.0,9.3,9.6,9.4,9.4,9.7,9.7,9.6,9.9,10.0,10.2,10.7,10.3,10.7,10.3,10.6,10.5,10.5,10.8,11.0,11.1,11.1,10.9,11.7,11.2
016186,8.1,8.4,8.3,8.5,8.7,8.6,8.9,8.8,9.1,9.3,9.6,9.6,9.8,10.1,10.2,10.4,10.3,10.4,10.4,11.2,11.3,10.9,11.4,11.6,11.5
016187,8.6,8.3,8.6,8.9,8.7,8.6,9.0,9.0,9.1,9.2,9.4,9.7,9.9,9.8,9.9,9.9,10.1,10.1,10.2,10.5,10.6,10.2,10.5,10.7,10.7
016188,8.9,9.0,9.1,9.0,9.2,9.2,9.2,9.6,9.8,9.9,10.0,10.3,10.5,10.5,10.6,10.9,11.0,11.3,10.8,11.2,11.4,11.9,12.1,11.7,12.3
016189,9.3,9.3,9.5,9.2,9.3,9.3,9.6,9.5,9.5,9.8,9.8,9.7,10.0,9.9,10.1,10.0,10.3,10.1,10.1,10.2,10.5,10.2,10.3,10.4,10.5
016190,7.9,7.8,7.6,7.9,7.8,8.0,8.1,8.4,8.3,8.5,8.6,8.6,9.0,8.9,8.8,9.2,9.2,9.1,9.3,9.4,9.5,9.8,9.6,10.0,10.0
016191,8.9,8.9,9.0,9.2,9.2,9.2,9.3,9.3,9.7,9.6,9.8,9.8,10.0,10.1,10.0,10.1,10.3,10.2,9.9,10.4,10.8,10.5,10.6,10.7,10.6
016193,8.4,8.7,8.8,8.6,8.8,8.8,8.8,8.8,9.1,9.4,9.3,9.3,9.2,9.5,9.4,9.7,9.6,9.5,9.9,9.8,9.9,9.8,9.7,9.9,10.0
016194,8.2,8.3,8.3,8.4,8.2,8.3,8.4,8.4,8.5,9.0,8.8,9.1,9.0,9.1,9.0,9.3,9.3,9.3,9.1,9.2,9.4,9.3,9.4,9.2,9.4
016195,9.7,9.6,9.7,9.9,9.6,9.7,10.0,10.2,10.3,10.6,10.7,10.3,10.8,10.5,10.6,11.1,11.0,11.2,11.3,11.4,11.7,12.0,11.5,11.8,11.7
016196,8.6,8.5,8.8,8.7,8.8,9.1,9.2,9.1,9.2,10.0,10.0,10.3,10.4,10.2,10.1,10.6,10.7,10.4,10.9,10.9,11.3,11.0,11.4,11.2,11.5
016197,8.3,8.4,8.2,8.3,8.4,8.7,8.3,8.7,8.5,9.0,8.9,8.8,8.9,9.0,9.1,9.3,9.1,9.3,9.0,9.2,9.2,9.1,9.1,9.5,9.4
016198,7.6,7.5,7.8,7.6,7.7,7.8,7.9,7.9,8.2,8.3,8.5,8.8,8.3,8.4,8.8,8.4,9.0,8.7,8.9,9.1,9.5,9.3,9.0,9.5,9.7
016199,8.1,7.9,8.3,8.2,8.3,8.5,8.2,8.5,8.6,8.8,8.9,9.0,9.3,8.7,9.2,9.2,9.2,9.3,9.6,9.3,9.8,9.3,9.5,9.4,9.7
016200,10.0,10.1,10.5,10.2,10.7,10.5,10.7,10.7,10.4,11.3,11.3,11.3,11.5,11.6,12.0,11.7,11.5,11.4,11.9,11.9,12.5,12.4,12.4,12.5,12.8
016201,9.1,9.3,8.9,9.3,9.2,9.3,9.2,9.4,9.7,9.9,10.2,9.5,9.9,9.9,9.9,10.2,10.3,10.2,10.1,10.4,10.7,10.3,10.3,10.3,10.7
016202,8.3,8.4,8.2,8.3,8.5,8.6,8.6,8.5,8.7,8.9,9.0,9.1,9.1,9.1,9.1,9.1,9.3,9.3,9.4,9.6,9.8,9.5,9.5,9.4,9.7
016203,7.8,8.0,7.8,7.9,7.9,8.0,8.0,8.0,8.0,8.3,8.2,8.5,8.5,8.6,8.7,8.4,8.6,8.7,8.7,8.8,8.9,8.9,8.8,8.9,9.0
016204,9.1,8.8,8.8,9.2,9.3,9.3,9.4,9.2,9.4,9.5,9.6,9.9,9.7,10.1,9.7,10.2,10.5,9.9,10.2,10.3,10.6,10.3,10.4,10.9,10.7
016205,7.2,7.6,7.6,7.6,7.8,7.8,8.0,8.0,8.0,8.5,8.6,8.9,8.6,8.8,9.0,8.9,9.3,9.3,9.3,9.3,9.6,9.7,9.8,9.8,9.6
016206,9.1,8.7,8.9,9.1,9.1,9.1,9.3,9.3,9.6,9.7,9.8,9.7,10.0,10.0,9.9,9.9,9.9,10.3,9.9,10.1,10.3,10.1,10.1,10.4,10.4
016207,8.1,8.2,8.2,8.0,8.4,8.4,8.3,8.5,8.4,8.7,9.0,8.8,8.8,9.2,8.8,8.8,8.8,8.9,9.1,8.9,9.2,9.0,9.3,9.2,9.5
016208,7.5,7.5,7.6,7.7,7.6,7.8,7.7,7.8,7.9,8.2,8.4,8.3,8.4,8.0,8.2,8.6,8.5,8.3,8.5,8.7,9.1,8.8,9.0,9.0,8.9
016209,9.6,9.8,10.0,10.0,9.9,10.2,10.2,10.0,10.2,10.6,10.7,10.9,10.9,11.1,10.9,11.1,11.4,10.7,11.6,11.1,11.4,11.2,11.9,11.2,11.8
016210,9.4,9.8,9.5,9.9,9.7,9.8,9.9,10.2,10.4,10.6,10.9,10.5,10.9,10.8,11.3,11.2,11.2,11.6,11.5,11.8,12.0,12.1,12.3,12.4,12.2
016211,8.7,8.7,8.6,8.8,9.0,9.0,9.4,9.2,9.5,9.7,9.8,10.2,10.2,10.0,10.7,10.6,10.4,10.8,10.6,10.9,11.0,11.1,11.2,11.7,11.6
016212,8.3,8.6,8.4,8.5,8.8,8.6,8.8,9.1,9.0,9.1,9.4,9.0,9.4,9.3,9.4,9.5,9.4,9.5,9.6,9.8,10.0,10.1,9.9,9.9,10.0
016213,8.6,8.5,8.4,8.4,8.7,8.6,8.5,8.7,8.7,9.0,9.0,9.0,9.1,9.1,9.3,9.7,9.7,9.3,9.6,9.7,9.7,9.8,9.6,9.9,10.0
016214,8.7,8.9,9.1,9.4,9.1,9.6,9.4,9.4,9.6,9.9,10.0,10.3,10.2,10.1,10.4,10.2,10.8,10.9,11.2,10.8,11.4,11.1,11.3,11.1,11.5
016215,7.1,7.2,7.1,7.2,7.1,7.1,7.5,7.1,7.3,7.5,7.7,7.6,7.7,7.6,7.8,7.7,8.0,7.8,7.9,7.7,8.1,7.8,8.1,8.2,8.0
016216,8.6,8.7,8.5,8.8,8.7,8.8,9.1,8.8,9.1,9.0,9.3,9.2,9.5,9.3,9.4,9.5,9.3,9.4,9.3,9.6,9.8,9.5,9.6,10.1,9.8
016217,8.1,8.2,8.4,8.4,8.3,8.2,8.3,8.3,8.4,8.4,8.8,8.6,8.7,8.9,8.6,8.6,8.7,8.7,8.6,8.7,9.0,8.8,8.8,8.8,8.7
016218,8.5,8.5,8.2,8.5,8.6,8.7,8.6,8.9,8.9,8.8,9.0,9.0,9.2,9.2,9.3,9.2,9.3,9.3,9.3,9.3,9.8,9.4,9.5,9.6,9.8
016219,9.2,9.2,9.3,9.0,9.5,9.5,9.6,9.4,9.7,10.1,10.4,10.0,10.1,10.2,10.1,10.2,10.6,10.4,10.5,10.7,10.8,10.7,11.0,10.5,11.1
016220,7.6,7.8,7.8,7.7,7.8,7.7,7.9,8.0,7.9,8.4,8.2,8.6,8.2,8.4,8.4,8.5,8.6,8.6,8.6,8.7,9.2,8.9,9.0,9.2,9.1
016221,7.4,7.2,7.3,7.4,7.2,7.2,7.6,7.4,7.5,7.6,7.7,7.8,7.7,7.7,8.0,7.8,8.1,7.8,7.9,7.9,8.2,8.1,8.1,8.1,8.3
016222,8.6,8.5,8.7,8.8,8.6,8.9,9.0,8.7,8.8,9.2,9.2,9.3,9.3,9.4,9.5,9.4,9.6,9.6,9.7,9.8,10.0,9.8,9.8,10.0,10.1
016223,8.9,8.8,8.4,9.0,8.8,8.9,9.1,9.1,9.4,9.3,9.7,9.5,9.8,10.0,10.0,10.1,10.0,10.1,10.1,10.0,10.2,10.2,10.4,10.4,10.5
016224,7.8,7.8,7.7,7.8,8.1,8.0,8.0,7.7,8.1,8.4,8.2,8.1,8.5,8.3,8.3,8.3,8.5,8.4,8.7,8.8,9.1,8.7,8.8,8.6,8.8
016225,9.9,10.1,10.1,10.5,10.3,11.0,10.7,10.9,10.9,11.6,11.8,11.7,11.7,11.9,12.2,12.2,12.4,12.8,12.5,12.9,13.3,13.6,13.4,14.0,14.1
016226,7.5,7.3,7.6,7.5,7.5,7.6,7.8,7.9,8.0,8.4,8.0,8.3,8.4,8.3,8.5,8.5,8.5,8.7,8.4,8.9,9.0,8.7,8.8,8.9,9.2
016227,8.6,8.8,8.8,8.9,9.1,9.3,8.7,9.2,9.1,9.4,9.6,9.4,9.3,9.6,9.8,9.9,9.7,9.7,9.8,9.8,10.1,9.8,10.0,10.2,10.3
016229,7.6,7.6,7.5,7.6,7.5,7.3,7.4,7.5,7.5,7.7,7.6,7.6,8.0,7.9,7.8,7.8,7.8,7.9,7.9,8.0,7.8,7.7,7.7,7.4,7.7
016230,8.4,8.5,8.6,8.7,8.6,8.8,8.9,8.6,8.8,9.2,9.3,9.3,9.4,9.3,9.5,9.6,9.5,9.7,9.6,9.5,10.2,9.8,10.1,9.9,9.8
016232,8.2,8.4,8.4,8.6,8.6,8.8,8.9,9.0,8.9,9.4,9.8,9.5,9.8,9.8,10.0,10.4,10.6,10.5,10.6,10.4,11.1,11.1,11.1,11.6,11.3
016233,7.3,7.3,7.3,7.7,7.4,7.5,7.5,7.8,7.6,7.8,7.8,7.8,7.9,7.8,8.1,7.9,8.0,7.8,7.8,8.2,8.4,8.3,8.0,8.2,8.3
016234,8.2,8.2,8.2,8.4,8.6,8.5,8.5,8.6,8.4,9.1,9.1,9.1,9.4,9.4,9.3,9.2,9.1,9.5,9.5,9.8,9.8,9.7,10.0,9.9,10.1
016235,9.4,9.3,9.1,9.5,9.5,9.5,9.4,9.8,10.0,9.8,9.9,10.1,10.3,9.8,10.3,10.1,10.3,10.2,10.2,10.5,10.5,10.4,10.1,10.6,10.4
016236,8.1,8.0,8.2,8.2,8.2,8.1,8.6,8.8,8.8,9.0,9.1,9.3,9.3,9.4,9.3,9.9,9.7,9.7,10.0,10.1,10.4,10.1,10.5,10.4,10.7
016237,7.2,7.3,7.4,7.3,7.7,7.7,7.6,7.7,7.5,8.1,8.2,8.1,8.1,8.2,8.2,8.1,8.3,8.3,8.3,8.4,8.8,8.5,8.7,8.5,8.5
016238,7.6,7.7,7.7,7.8,7.6,7.8,7.9,8.1,7.8,8.4,8.4,8.3,8.4,8.0,8.5,8.4,8.4,8.6,8.4,8.5,8.7,8.8,8.9,8.6,8.8
016239,9.2,9.0,9.3,9.3,9.3,9.6,9.3,9.7,9.4,10.2,9.8,10.1,10.2,9.8,10.3,10.3,10.2,10.7,10.3,10.4,11.1,10.9,10.8,11.2,11.2
016240,8.9,8.6,8.9,8.8,9.0,8.9,9.2,9.3,9.5,9.8,9.8,10.2,10.1,10.0,10.1,10.5,10.2,10.7,10.5,10.9,11.3,10.7,10.9,11.2,11.3
016241,8.4,8.7,8.9,8.9,8.8,8.6,8.8,8.9,9.0,9.2,9.1,9.3,9.2,9.3,9.4,9.4,9.4,9.6,9.4,9.8,9.7,9.7,9.9,9.6,9.8
016242,8.6,8.7,8.7,8.9,8.8,9.0,8.6,8.6,8.6,8.8,8.9,8.9,8.9,8.9,9.4,9.0,9.0,9.1,8.6,9.1,9.2,9.1,9.1,8.9,8.9
016243,7.1,7.3,7.3,7.4,7.5,7.6,7.6,7.9,8.0,8.1,8.3,8.5,8.3,8.5,8.6,8.6,8.7,8.8,9.2,9.3,9.3,9.4,9.3,9.6,9.3
016244,9.6,9.7,9.6,9.8,9.9,9.9,10.0,9.9,9.9,10.6,10.5,10.4,10.5,10.8,11.0,10.8,11.0,11.4,11.4,11.3,11.9,11.4,11.6,11.6,11.8
016245,8.1,8.0,8.1,8.2,8.2,8.2,8.0,8.1,8.1,8.8,8.8,8.7,8.9,8.8,9.0,9.1,9.2,9.3,9.1,9.3,9.4,9.4,9.4,9.5,9.6
016246,8.8,8.9,8.9,8.9,8.8,8.8,8.9,9.0,9.0,9.6,9.6,9.6,9.8,9.8,9.9,9.9,9.6,10.1,9.9,10.3,10.6,10.1,10.8,10.7,10.5
016247,8.7,8.8,8.7,8.9,9.0,9.0,9.6,9.6,9.5,10.3,9.9,10.4,10.4,10.4,10.9,11.0,10.9,11.1,11.6,11.7,11.8,11.8,11.7,12.1,12.6
016248,8.1,8.0,8.1,8.2,8.2,8.3,8.4,8.1,8.2,8.5,8.4,8.4,8.6,8.4,8.7,8.6,8.6,8.8,8.7,8.7,8.9,8.7,8.8,8.8,8.6
016249,8.4,8.3,8.0,8.4,8.2,8.3,8.7,8.4,8.4,8.9,8.9,8.9,9.2,9.1,9.0,9.2,9.2,9.3,9.5,9.3,9.8,9.6,9.8,9.7,9.6
016250,8.1,7.9,8.2,8.4,8.3,8.3,8.5,8.5,8.5,9.1,8.9,9.1,8.8,8.9,8.9,8.9,9.1,9.3,9.5,9.4,9.5,9.4,9.7,9.8,9.7
016251,8.9,8.8,9.0,9.0,9.3,9.3,9.4,9.5,9.6,9.8,10.0,9.9,10.1,10.1,10.1,10.5,10.4,10.4,10.8,10.6,11.2,10.8,11.2,11.4,11.1
016252,9.4,9.3,9.5,9.5,9.5,9.7,9.9,9.8,9.9,10.2,10.2,10.3,10.5,10.5,10.4,10.4,10.7,10.6,10.6,11.1,10.5,10.6,10.9,10.9,11.0
016253,6.9,6.9,6.9,6.9,7.1,7.2,7.1,7.2,7.2,7.4,7.4,7.4,7.4,7.7,7.7,7.8,7.6,7.8,8.2,8.0,8.3,8.1,8.1,8.2,8.2
017001,7.5,7.6,7.6,7.7,7.8,7.6,7.7,7.7,7.5,8.1,8.0,8.1,8.3,8.2,8.5,8.5,8.7,8.4,8.3,8.6,9.1,8.9,8.9,8.8,8.7
017002,8.1,8.2,8.1,8.3,8.2,8.2,8.3,8.2,8.3,8.6,8.7,8.8,8.6,8.7,8.8,8.7,8.8,8.6,8.6,8.9,9.1,9.1,9.0,9.1,8.9
017003,8.5,8.6,8.5,8.7,8.6,8.7,8.9,8.7,9.2,9.4,9.4,9.4,9.5,9.8,9.7,9.9,10.0,10.0,9.8,10.2,10.4,10.0,10.3,10.5,10.6
017004,7.9,7.7,8.3,8.0,8.4,8.2,8.3,8.6,8.7,9.1,9.1,9.3,9.0,9.3,9.5,9.6,9.8,10.0,10.1,10.1,10.4,10.5,10.4,10.5,10.9
017005,7.9,7.6,7.7,7.9,7.7,7.8,7.8,7.8,7.7,8.0,8.3,8.3,8.2,8.2,8.1,8.5,8.4,8.2,8.2,8.5,8.5,8.4,8.6,8.6,8.7
017006,6.8,6.8,6.7,6.7,6.7,6.8,6.9,6.9,6.8,7.1,7.1,7.1,7.1,7.3,7.3,7.2,7.3,7.3,7.2,7.2,7.5,7.5,7.3,7.5,7.6
017007,7.6,7.7,7.7,7.7,7.7,7.8,7.7,8.0,7.9,8.1,7.8,8.1,8.0,8.0,7.9,8.1,8.0,8.0,8.1,7.9,8.2,8.1,8.3,8.0,8.1
017008,8.1,8.4,8.4,8.2,8.2,8.5,8.6,8.6,8.5,8.9,8.9,8.8,8.9,9.0,9.2,9.2,9.3,9.0,9.2,9.4,9.5,9.5,9.7,9.5,9.6
017009,9.1,9.0,9.4,9.3,9.6,9.5,9.4,9.6,9.8,10.0,10.1,10.4,10.7,10.0,10.2,10.3,10.6,10.5,11.0,10.9,11.2,10.7,11.2,11.4,11.2
017010,8.0,8.2,8.0,8.3,8.1,8.8,8.4,8.4,8.4,8.4,8.9,8.8,8.6,8.9,8.6,8.9,9.0,9.0,9.2,9.0,9.5,8.7,9.1,9.0,9.5
017011,8.6,8.5,8.5,8.7,9.0,8.6,8.8,8.8,9.1,9.3,9.1,9.3,9.7,9.5,9.5,9.7,9.7,9.9,9.8,9.6,10.5,9.9,9.9,10.3,9.8
017012,8.7,8.7,8.8,8.8,8.7,9.0,8.9,9.1,8.8,9.2,9.3,9.4,9.2,9.5,9.3,9.5,9.4,9.8,9.5,9.5,9.8,9.7,9.5,9.5,9.9
017013,8.7,8.9,8.6,8.8,8.7,8.7,8.8,8.9,8.8,9.2,9.2,9.5,9.2,9.2,9.0,9.3,9.3,9.4,9.3,9.5,9.3,9.3,9.3,9.0,9.2
017014,7.1,7.1,7.5,7.2,7.5,7.4,7.5,7.5,7.5,7.9,8.0,7.8,7.9,8.1,8.4,8.2,8.2,8.2,8.6,8.7,8.8,8.8,8.7,8.6,8.8
017015,7.6,7.6,7.6,7.5,7.7,7.7,7.8,7.7,8.0,8.2,8.3,8.4,8.4,8.3,8.3,8.6,8.4,8.7,8.6,8.8,9.0,9.0,9.1,9.3,9.1
017016,7.9,7.9,7.9,7.9,7.8,7.9,7.8,7.9,7.9,8.2,8.3,8.0,8.1,8.1,8.3,8.1,8.0,8.0,7.9,8.0,8.3,8.2,8.2,8.1,8.0
017017,7.4,7.7,7.6,7.6,7.6,7.6,7.6,7.7,7.6,7.7,7.9,7.8,8.0,8.0,8.0,7.8,8.0,7.8,8.1,7.9,8.1,8.0,7.9,8.1,8.0
017018,7.7,7.4,7.5,7.6,7.6,7.6,7.6,7.7,7.7,7.8,7.7,8.0,7.9,7.8,8.1,7.8,8.1,7.8,8.0,7.9,8.1,7.8,8.0,8.0,7.9
017019,9.7,9.7,10.0,9.8,9.9,10.0,10.2,10.1,10.4,10.5,10.9,11.1,11.0,11.0,10.9,11.4,11.1,11.1,11.2,11.9,11.9,11.8,11.7,11.7,11.9
017020,8.3,8.3,8.4,8.8,8.7,8.7,9.3,9.2,8.9,9.8,9.4,9.8,9.9,10.1,10.0,10.2,10.6,10.3,10.4,10.9,10.9,11.0,10.9,11.0,11.5
017021,8.7,8.6,8.7,8.6,9.0,8.7,8.9,9.3,9.2,9.4,9.5,9.7,9.5,9.5,9.4,9.4,10.0,9.4,9.5,9.5,9.9,9.8,9.7,9.8,10.3
017022,8.1,8.3,8.5,8.3,8.6,8.6,8.6,8.7,9.0,9.1,9.3,9.3,9.3,9.4,9.6,9.7,10.1,9.7,10.2,10.0,10.5,10.0,10.3,10.7,10.2
017023,8.0,7.8,7.8,7.9,8.1,8.0,8.0,8.1,8.0,8.3,8.7,8.6,8.6,8.6,8.7,8.4,8.5,8.4,8.7,8.8,8.9,8.4,8.9,8.6,8.7
017024,8.3,8.1,8.6,8.6,8.4,8.7,8.4,8.2,8.5,8.6,9.1,9.0,9.0,8.6,8.9,9.2,9.0,9.1,9.1,9.2,9.2,9.2,9.2,9.3,9.2
017025,8.9,8.7,8.9,9.1,9.1,9.0,9.2,9.2,9.2,9.5,9.3,9.8,9.7,9.7,9.9,9.8,9.9,9.9,9.9,9.8,10.2,10.0,10.1,9.8,10.0
017026,8.1,8.1,8.5,8.6,8.3,8.5,8.5,8.6,8.7,9.2,8.9,10.0,9.2,9.7,9.8,9.5,9.9,9.7,9.7,9.9,10.4,10.1,10.3,10.3,10.6
017027,8.6,8.9,8.4,8.7,8.5,8.7,8.9,8.9,8.6,8.5,8.9,9.2,8.9,9.2,9.2,9.1,9.3,9.4,9.3,9.5,9.6,9.2,9.6,9.4,9.5
017028,9.1,8.9,9.0,9.4,9.1,9.3,9.4,9.5,9.4,10.2,10.1,10.1,10.1,10.0,10.6,10.7,10.8,10.3,10.7,10.7,11.0,11.0,11.0,11.2,11.3
017029,8.7,8.8,8.7,8.7,9.0,8.9,8.9,9.1,9.1,9.3,9.5,9.9,9.7,9.9,10.2,10.0,10.0,10.2,10.3,10.3,10.4,10.6,10.4,10.8,10.8
017030,8.7,9.1,9.0,8.8,9.1,9.4,9.4,9.6,9.7,10.0,10.3,10.5,10.3,10.2,10.4,10.5,10.7,11.0,11.0,11.2,11.4,11.3,11.3,11.2,11.7
017031,7.4,7.3,7.2,7.3,7.4,7.5,7.4,7.3,7.5,7.6,7.7,7.7,7.8,7.8,7.8,8.0,8.0,7.7,8.0,8.0,8.1,8.0,8.0,8.2,8.1
017032,8.0,8.3,8.4,8.2,8.2,8.2,8.2,8.4,8.5,8.9,8.8,8.7,8.7,9.0,9.0,8.9,9.0,9.3,9.3,9.3,9.5,9.3,9.4,9.8,9.5
017033,10.5,10.3,10.5,10.7,10.4,10.8,10.8,10.7,10.6,11.3,10.9,11.2,11.1,11.0,10.9,11.0,11.3,11.0,11.8,11.2,11.9,11.1,11.5,11.8,11.4
017034,7.6,7.8,8.0,8.1,7.8,7.8,7.8,7.9,8.2,8.2,8.4,8.3,8.4,8.4,8.9,8.9,8.9,8.6,8.9,8.8,9.2,9.1,9.3,9.1,9.2
017035,8.6,8.6,8.8,8.6,8.9,9.0,9.0,9.0,9.0,9.5,9.7,9.7,9.7,9.5,9.6,9.7,10.0,9.9,10.0,10.0,10.4,10.2,10.4,10.4,10.5
017036,10.0,9.8,10.3,10.3,10.2,10.2,10.5,10.1,10.4,10.6,11.1,10.6,10.8,10.5,10.5,10.7,11.0,10.8,11.3,10.6,11.5,11.2,11.1,11.5,11.3
017037,8.4,8.3,8.4,8.3,8.6,8.7,8.6,8.7,8.7,9.2,9.4,9.4,9.3,9.3,9.2,9.4,9.5,9.7,9.6,10.1,10.2,9.9,9.9,10.4,10.3
017038,7.7,7.4,7.7,7.7,7.7,7.9,7.8,7.9,7.9,8.5,8.4,8.3,8.4,8.5,8.6,8.6,8.7,8.8,8.8,9.1,9.0,9.1,9.0,9.3,9.3
017039,8.6,8.9,8.9,9.2,9.0,9.0,8.9,9.1,9.2,9.4,9.5,9.5,9.7,9.8,10.0,9.8,10.1,10.0,10.2,9.9,10.3,9.9,10.1,10.3,10.5
017040,7.3,7.5,7.4,7.5,7.5,7.7,7.4,7.6,7.8,8.1,8.1,8.0,8.3,8.2,8.1,8.2,8.0,8.2,8.2,8.4,8.9,8.5,8.5,8.6,8.6
017041,7.6,7.6,7.7,7.6,7.7,7.9,7.9,8.1,7.7,8.2,8.3,8.0,8.1,8.2,8.4,8.5,8.4,8.4,8.4,8.4,8.8,8.7,8.8,8.8,8.5
017042,10.2,10.3,10.2,10.4,10.9,10.8,10.6,10.4,10.7,11.0,11.0,11.0,11.1,10.9,10.7,11.1,11.0,10.8,11.0,10.9,11.5,11.1,10.7,11.0,10.9
017043,9.5,9.9,9.8,9.9,10.2,10.0,10.2,10.4,10.6,10.8,10.9,11.1,11.1,11.7,11.5,11.6,11.7,11.5,11.7,12.0,12.3,12.2,12.1,12.5,12.8
017044,9.1,9.3,9.4,9.5,9.3,9.6,9.6,9.9,9.9,10.1,10.4,10.2,10.6,10.6,10.4,10.5,10.5,10.5,11.1,10.9,11.0,10.8,11.2,11.2,11.4
017045,8.4,8.2,8.6,8.5,8.5,8.7,8.8,9.0,9.2,9.6,9.5,9.6,9.5,9.7,9.6,10.1,9.8,10.1,9.9,10.3,10.6,10.4,10.8,10.8,10.8
017046,9.7,9.6,9.4,9.5,9.6,9.4,9.8,9.7,9.7,10.0,9.6,9.9,10.1,10.3,10.3,10.2,9.7,9.9,10.2,9.9,10.4,10.0,10.3,9.7,9.9
017047,6.9,6.7,6.9,6.7,7.1,6.9,6.8,7.1,7.0,7.0,7.5,7.2,7.5,7.6,7.6,7.3,7.4,7.4,7.7,7.5,7.6,7.7,7.6,7.7,7.8
017048,8.4,8.3,8.7,8.6,8.7,8.7,8.6,8.7,8.7,9.1,8.8,8.9,9.0,9.3,9.3,8.9,9.2,9.1,9.4,9.2,9.5,9.5,9.5,9.5,9.0
017049,9.3,9.2,9.4,9.2,9.7,9.3,9.9,9.5,9.8,10.1,10.1,10.6,10.4,9.9,10.4,10.5,10.6,10.8,10.8,10.7,11.3,10.7,11.0,11.1,11.4
017050,8.2,8.3,8.2,8.0,8.6,8.4,8.4,8.6,8.4,8.8,9.0,9.1,9.1,9.0,9.3,9.5,9.5,9.5,9.7,9.6,10.4,9.9,9.9,10.1,10.3
017051,8.2,8.4,8.4,8.6,8.7,8.8,8.7,8.9,8.7,9.3,9.3,9.4,9.4,9.5,9.7,9.5,9.6,9.8,9.4,9.9,10.1,10.2,10.1,9.8,10.2
017052,7.3,7.6,7.6,7.5,7.8,7.7,7.7,7.5,7.9,8.4,8.2,8.4,8.3,8.6,8.5,8.7,8.8,8.6,8.8,8.9,9.5,9.5,9.3,9.5,9.5
017053,8.1,7.9,7.9,8.0,8.0,7.7,7.7,7.9,7.8,7.9,7.9,7.8,8.0,8.0,7.8,8.0,7.8,7.8,7.8,7.8,7.9,8.0,7.9,7.8,7.7
017054,10.2,10.0,10.3,10.0,10.2,10.6,10.3,10.3,10.1,11.0,11.0,11.3,11.2,11.3,11.3,11.2,11.3,11.6,11.2,11.5,11.6,11.4,11.4,11.5,11.9
017055,8.0,8.0,8.3,8.3,8.4,8.2,8.2,8.2,8.1,8.7,8.9,8.7,8.7,8.6,8.6,8.7,8.6,8.5,8.5,8.6,8.7,8.7,8.7,8.7,8.6
017056,9.0,9.0,9.1,9.1,9.2,9.3,9.2,9.3,9.3,9.7,9.7,10.0,10.1,10.0,10.1,10.2,10.3,10.4,10.1,10.3,10.6,10.3,10.7,10.7,10.5
017057,8.1,8.1,8.0,8.0,8.1,8.1,8.1,8.0,8.5,8.7,8.7,8.8,8.8,8.9,8.9,8.8,8.8,8.7,8.8,9.3,9.3,9.2,9.3,9.2,9.5
017058,9.8,9.8,9.9,9.8,9.6,9.9,10.0,9.7,9.8,10.0,10.5,10.0,10.1,10.4,10.2,10.3,10.5,10.5,10.0,10.4,10.5,10.3,10.8,10.6,10.3
017059,7.6,7.4,7.7,7.6,7.4,7.6,7.7,7.7,7.5,8.1,8.2,8.3,8.4,8.3,8.4,8.2,8.6,8.3,8.6,8.5,9.0,8.8,8.9,8.8,8.8
017060,7.8,7.8,8.0,8.1,8.0,8.0,8.3,8.0,8.3,8.2,8.6,8.4,8.2,8.7,8.7,8.5,8.5,8.3,8.5,8.6,8.6,8.5,8.7,8.7,8.7
017061,8.3,8.3,8.5,8.6,8.4,8.7,8.7,8.8,9.1,8.9,9.5,9.5,9.5,9.9,9.9,9.9,9.8,9.8,10.1,10.2,10.4,10.5,10.5,10.5,10.6
017062,9.5,9.5,9.2,9.9,9.5,9.7,9.8,10.0,10.0,10.5,10.5,10.5,10.6,10.7,10.8,10.8,10.7,11.0,11.0,11.4,11.7,11.5,11.7,11.7,11.7
017063,8.7,9.1,9.0,9.2,9.4,9.1,9.3,9.4,9.9,10.3,10.0,10.2,10.9,10.7,10.9,10.8,10.9,10.9,11.6,11.4,11.7,11.7,11.6,12.0,12.0
017064,8.9,8.6,8.7,9.1,9.1,9.1,9.1,8.9,9.3,9.5,9.6,9.6,9.5,9.8,9.8,10.0,10.1,9.7,10.2,9.9,10.4,10.2,10.3,10.1,10.3
017065,8.6,8.5,8.6,8.9,9.1,9.2,9.4,9.0,9.4,10.1,9.9,9.9,10.1,10.0,10.3,10.7,10.7,10.9,10.8,11.1,11.1,11.6,11.6,11.8,11.9
017066,9.2,9.1,9.3,9.1,9.6,9.8,9.5,9.7,9.5,10.1,10.0,10.3,10.1,10.2,10.7,10.5,10.4,10.4,10.4,10.4,10.6,10.6,10.8,10.7,10.4
017067,8.2,8.5,8.4,8.5,8.4,8.7,8.7,8.6,8.6,9.4,9.1,9.1,9.0,9.1,9.5,9.4,9.5,9.6,9.6,9.5,10.0,10.1,9.7,10.0,10.0
017068,8.0,7.9,8.1,8.0,8.2,8.0,8.3,8.0,8.1,8.3,8.2,8.3,8.4,8.3,8.1,8.4,8.5,8.3,8.5,8.5,8.6,8.5,8.6,8.5,8.6
017069,9.7,9.5,9.8,9.7,9.6,9.7,9.5,9.5,9.6,9.7,9.8,9.8,9.9,9.9,10.2,10.1,9.5,9.9,9.9,9.9,10.0,10.2,9.7,9.8,9.7
017070,9.1,9.5,9.2,9.3,9.3,9.0,9.1,9.2,9.2,9.4,9.5,9.8,9.6,9.6,9.6,10.0,9.9,9.5,9.6,9.5,10.2,9.8,9.7,10.1,10.0
017071,8.9,9.1,9.1,9.2,9.3,9.5,9.6,10.1,9.9,10.1,10.3,10.3,10.8,10.6,10.9,11.1,11.0,11.5,11.5,11.4,11.9,11.8,12.1,12.0,12.1
017072,8.5,8.6,8.7,8.8,8.7,8.9,8.8,8.8,9.0,9.1,8.8,9.2,9.1,9.0,9.2,9.1,9.3,9.5,9.3,9.2,9.4,9.2,9.2,9.4,9.3
017073,8.5,8.5,8.6,8.6,8.6,8.6,8.6,8.9,8.7,9.1,9.1,9.2,9.1,9.1,9.0,9.3,9.3,9.3,9.1,9.4,9.7,9.5,9.5,9.3,9.3
017074,8.8,8.9,8.9,9.0,8.8,9.0,9.0,9.1,9.1,9.6,9.5,9.5,9.6,9.5,9.5,9.7,9.8,9.9,9.6,10.2,10.3,9.8,10.0,10.1,10.2
017075,9.6,10.0,9.5,9.8,9.7,9.9,10.0,10.1,10.1,10.4,10.5,10.6,10.5,10.9,10.8,10.5,10.5,10.8,11.0,11.1,11.5,11.2,11.8,11.5,11.2
017076,7.5,7.6,7.7,7.7,7.8,7.7,8.0,8.0,8.2,8.4,8.5,9.0,8.7,8.7,9.0,8.7,9.0,9.2,9.5,9.5,9.7,9.7,9.8,9.8,9.8
017077,7.9,7.9,8.3,8.2,8.2,8.2,8.4,8.2,8.4,8.9,8.7,8.8,8.5,8.8,8.9,8.8,9.0,9.0,9.1,9.0,9.6,9.3,9.3,9.2,9.4
017078,7.2,7.4,7.2,7.3,7.4,7.5,7.4,7.7,7.6,8.0,8.2,7.9,8.2,8.2,8.2,8.3,8.4,8.7,8.4,9.0,8.8,8.9,8.5,8.9,8.8
017079,6.5,6.6,6.6,6.6,6.7,6.5,6.6,6.5,6.6,6.9,6.8,7.0,7.1,7.0,6.9,6.9,6.8,7.2,7.1,7.1,7.3,7.1,7.2,7.2,7.2
017080,9.4,9.9,9.9,9.9,9.9,10.0,10.1,10.1,10.5,10.7,10.8,10.9,11.1,11.0,11.3,11.1,11.7,11.4,11.8,11.6,12.1,11.9,12.0,12.3,12.4
017081,7.8,7.9,7.9,8.3,8.2,8.3,8.6,8.6,8.7,9.0,9.0,9.2,9.4,9.5,9.8,9.8,9.7,9.6,9.8,9.9,10.5,10.2,10.6,10.6,10.9
017082,9.2,9.0,9.6,9.6,9.4,9.6,9.6,9.6,9.8,10.1,10.1,10.7,10.4,10.3,10.6,10.9,11.0,10.9,10.6,11.0,11.4,11.7,11.4,11.3,11.7
017083,7.2,7.3,7.2,7.3,7.3,7.3,7.3,7.4,7.4,7.4,7.7,7.7,7.8,7.7,7.4,7.7,7.8,7.6,7.7,7.8,7.7,7.7,7.6,7.5,7.6
017084,7.1,6.9,7.1,7.1,7.2,7.2,7.2,7.4,7.3,7.6,7.4,7.6,7.5,7.6,7.8,7.5,7.7,7.6,7.8,7.8,7.9,8.1,7.9,8.0,7.9
017085,8.6,8.4,8.4,8.7,8.8,9.0,9.2,9.0,9.2,9.8,9.9,10.0,10.4,10.2,10.4,10.3,10.7,10.7,10.8,10.8,11.1,11.0,11.5,11.3,11.7
017086,8.8,9.0,9.3,9.1,9.3,9.2,9.4,9.3,9.2,9.8,9.7,9.9,9.8,9.9,10.0,9.7,9.7,10.1,10.1,10.0,10.4,10.2,9.8,10.4,10.0
017087,6.9,7.0,6.9,7.0,6.9,6.9,7.2,7.2,7.2,7.4,7.6,7.5,7.5,7.6,7.6,7.7,7.6,7.8,7.8,7.8,8.0,8.1,7.9,7.7,8.1
017088,7.7,8.2,8.0,8.0,8.1,8.3,8.2,8.3,8.5,8.7,8.7,8.6,9.1,8.7,8.9,8.9,9.0,9.3,9.3,9.0,9.5,9.2,9.5,9.5,9.6
017089,8.9,8.3,8.5,8.7,8.5,8.6,8.8,8.8,8.6,8.9,8.7,8.8,8.9,8.7,8.8,8.9,8.7,8.8,9.2,8.9,9.1,9.0,9.1,9.0,8.7
017090,8.2,8.0,8.0,8.3,8.3,8.1,8.1,8.2,8.4,8.4,8.7,8.6,8.7,8.7,8.8,8.7,8.7,8.8,8.8,9.0,8.9,9.1,9.0,9.2,8.9
017091,8.7,8.9,8.8,8.8,8.9,8.7,9.1,8.8,8.9,9.3,9.3,9.6,10.0,9.5,9.6,9.7,9.9,9.8,10.1,9.9,10.4,9.9,10.3,10.2,10.3
017092,9.6,9.4,9.5,10.0,10.0,10.0,10.0,10.0,10.0,10.9,11.0,11.2,11.2,11.1,11.1,11.6,11.7,11.5,11.7,12.0,12.3,12.4,12.8,12.2,12.1
017093,8.0,7.7,8.1,8.0,8.4,8.3,8.3,8.2,8.6,9.1,8.9,9.0,9.1,9.2,9.2,9.1,9.3,9.1,9.4,9.4,9.5,9.6,9.6,9.9,9.6
017094,9.0,9.5,9.2,9.2,9.6,9.7,9.6,9.8,9.7,10.1,10.3,10.5,10.2,10.4,10.6,10.6,11.0,11.0,11.1,11.3,11.7,11.7,11.2,11.5,11.6
017095,8.4,8.2,8.3,8.4,8.4,8.8,8.6,8.5,8.5,8.9,9.2,8.8,8.9,9.1,8.9,9.3,9.2,9.2,9.2,9.4,9.7,9.5,9.6,9.6,9.6
017096,7.4,7.4,7.5,7.6,7.7,7.6,7.7,7.6,8.0,8.2,8.0,8.2,8.4,8.4,8.2,8.5,8.6,8.5,9.0,8.9,9.2,8.8,9.0,8.8,9.3
017097,7.4,7.5,7.6,7.5,7.5,7.6,7.7,7.9,7.6,7.9,7.9,8.1,8.1,8.3,8.3,8.2,8.2,8.4,8.4,8.6,8.5,8.5,8.6,8.5,8.4
017098,8.0,7.8,7.9,8.1,8.0,8.1,8.4,8.2,8.5,8.5,8.7,8.7,8.8,8.7,9.0,9.1,9.2,9.4,9.1,9.1,9.4,9.3,9.4,9.3,9.6
017099,8.9,8.9,8.7,9.0,8.9,9.0,8.9,9.3,8.9,9.2,9.1,9.0,8.9,9.0,8.9,9.2,8.9,9.2,8.9,9.0,9.1,9.2,8.8,8.9,9.4
017100,9.6,9.6,9.6,9.6,10.0,10.0,9.8,10.3,9.9,10.4,10.5,10.7,10.8,11.0,11.0,11.3,11.4,11.6,11.6,11.8,11.8,11.6,12.1,12.3,11.7
017101,8.4,8.7,8.8,8.7,8.7,8.7,8.9,9.0,8.8,9.3,9.2,8.9,9.2,9.0,9.3,9.2,9.3,9.0,9.3,9.4,9.4,9.4,9.8,9.5,9.4
017102,8.2,8.2,8.2,8.4,8.1,8.2,8.4,8.4,8.7,8.7,8.7,8.9,9.0,8.6,8.5,9.0,9.0,8.8,9.1,8.9,9.2,8.8,9.1,9.1,9.0
017103,8.3,8.5,8.5,8.5,8.3,8.7,8.5,8.6,8.7,8.9,9.0,9.0,9.3,9.3,9.2,9.2,9.1,9.2,9.2,9.5,9.6,9.5,9.8,9.5,9.9
017104,7.8,7.8,7.9,8.1,7.9,8.3,8.1,8.2,8.2,8.6,8.7,8.4,8.7,8.6,8.7,8.9,8.9,8.9,9.0,8.9,9.5,9.1,9.3,9.2,9.1
017105,7.6,7.5,7.5,7.9,7.9,7.8,7.8,7.8,7.9,8.1,8.2,8.3,8.3,8.4,8.4,8.7,8.5,9.0,8.7,8.7,9.1,9.1,9.0,9.0,9.0
017106,7.8,7.6,7.9,7.8,7.7,7.9,8.0,8.0,8.1,8.4,8.5,8.6,8.7,8.5,8.6,8.6,9.0,8.7,8.8,8.9,9.4,8.9,8.8,9.0,9.0
017107,10.1,10.4,10.2,10.2,10.1,10.0,10.0,9.9,10.0,10.4,10.7,10.5,10.3,10.2,10.5,10.5,10.7,10.7,10.7,10.6,10.7,10.2,10.2,10.4,10.9
017108,9.1,9.4,9.0,9.3,9.3,9.6,9.9,9.4,10.3,10.0,10.6,10.6,10.5,10.7,10.7,11.1,11.6,11.5,12.0,11.2,11.6,11.7,12.4,11.9,12.4
017109,8.4,8.4,8.5,8.4,8.7,8.8,8.7,8.7,9.0,9.2,9.5,9.4,9.6,9.4,9.7,9.7,9.5,9.6,9.9,9.9,10.1,10.2,9.9,10.0,10.5
017110,10.0,10.3,10.7,10.4,10.9,10.8,11.1,11.2,11.2,11.5,11.8,12.0,12.1,12.0,12.7,12.6,12.9,12.7,12.4,12.7,13.5,12.9,13.1,13.2,13.6
017111,8.9,8.8,9.3,9.1,9.1,9.2,9.2,9.5,9.5,9.8,9.7,10.0,10.0,10.0,10.0,10.3,10.1,10.2,9.9,10.7,10.3,10.5,10.4,10.8,10.8
017112,9.2,8.9,9.1,8.8,9.0,9.2,9.2,9.2,9.4,9.5,9.5,9.7,9.4,9.4,9.6,9.3,9.8,9.4,9.3,9.4,9.6,9.4,9.3,9.4,9.5
017113,10.1,10.0,10.4,10.0,10.0,10.3,10.3,10.1,10.2,10.3,10.4,10.8,10.4,10.5,10.6,10.8,10.8,10.5,10.7,10.6,10.9,10.8,10.8,10.8,11.0
017114,8.0,7.8,8.0,8.0,8.4,8.7,8.1,8.6,8.4,9.1,9.0,9.2,9.1,9.4,9.5,9.4,9.7,9.4,9.4,9.7,10.0,9.7,9.9,9.7,10.4
017115,8.0,8.2,8.2,8.0,8.4,8.6,8.4,8.2,8.3,8.7,8.8,8.8,8.6,9.0,8.7,8.9,8.9,8.9,8.9,9.0,9.3,8.9,9.1,9.0,9.1
017116,8.6,8.8,8.5,8.7,8.6,8.5,8.7,8.9,8.8,9.0,9.2,9.5,9.1,9.2,9.3,9.4,9.2,9.1,9.4,9.4,9.6,9.3,9.6,9.8,9.4
017117,8.4,8.3,8.6,8.4,8.4,8.5,8.5,8.9,8.7,8.7,8.8,9.1,9.1,9.1,9.0,9.0,9.0,9.5,9.2,9.2,9.4,9.3,9.3,9.4,9.6
017118,9.4,9.6,9.5,9.5,9.4,9.3,9.3,9.4,9.5,9.8,10.2,9.8,10.4,10.2,9.9,10.1,9.8,9.9,10.0,10.0,10.4,10.3,10.3,10.2,10.4
017119,8.8,8.9,9.2,9.0,9.2,9.3,9.3,9.4,9.3,9.9,9.8,10.3,10.4,10.3,10.8,10.3,10.7,10.8,10.8,11.0,11.2,11.5,11.5,11.4,11.8
017120,8.4,8.4,8.4,8.6,8.4,8.4,8.5,8.4,8.3,8.9,9.1,9.1,8.7,9.1,8.8,8.9,9.2,9.2,9.2,9.5,9.4,9.3,9.4,9.4,9.6
017121,8.9,9.0,8.9,9.2,9.2,9.0,9.1,9.1,9.1,9.4,9.8,9.6,9.8,10.0,9.9,9.9,10.0,10.0,10.0,10.2,10.2,10.5,10.6,10.5,10.5
017122,9.6,9.5,9.4,9.7,9.4,9.7,9.7,9.6,9.8,10.2,10.5,10.3,10.5,10.4,10.6,10.7,10.7,10.6,10.8,10.7,11.0,10.7,10.9,11.1,10.7
017123,8.0,7.9,8.0,8.1,8.1,8.0,8.1,8.1,8.1,8.5,8.5,8.5,8.7,8.7,9.0,8.7,8.6,8.7,8.7,8.7,9.0,9.0,9.0,8.9,8.8
017124,8.8,8.8,8.7,8.8,8.9,8.8,8.8,8.7,8.8,9.1,9.3,9.2,9.1,9.2,9.4,9.3,9.3,9.3,9.3,9.3,9.5,9.5,9.4,9.2,9.6
017125,9.2,9.4,9.3,9.7,9.5,9.7,9.7,9.8,9.6,10.1,10.1,10.4,10.3,10.4,10.2,10.4,10.5,10.8,10.7,10.8,11.1,11.0,10.8,11.1,11.1
017126,9.1,9.5,9.6,9.8,10.0,10.0,10.3,10.4,10.7,11.0,11.2,11.4,11.3,11.4,11.9,12.2,12.0,12.3,12.9,13.0,13.5,13.3,13.5,13.5,14.2
017127,8.3,8.2,8.4,8.4,8.3,8.4,8.3,8.4,8.1,8.8,8.8,9.0,9.0,8.9,9.1,9.1,9.1,9.4,9.2,9.0,9.5,9.2,9.6,9.2,9.4
017128,7.0,7.1,7.2,7.1,7.2,7.1,7.4,7.2,7.3,7.5,7.6,7.7,7.7,7.6,7.6,7.7,7.7,8.0,7.6,8.0,8.0,8.2,8.2,8.1,8.3
017129,9.1,9.0,9.0,8.9,9.2,9.2,9.5,9.5,9.5,9.8,10.1,10.2,10.2,10.2,10.4,10.6,11.0,10.6,10.9,11.3,11.0,11.4,11.0,10.9,11.6
017130,8.0,8.0,8.1,8.0,8.1,8.2,8.1,8.0,8.4,8.3,8.5,8.7,8.7,8.5,8.7,8.7,8.9,8.9,8.7,8.9,9.3,8.9,9.1,9.2,9.2
017131,8.6,8.7,8.3,8.7,8.7,8.9,8.7,8.7,8.6,8.8,9.1,9.1,8.8,9.0,9.0,9.3,9.3,9.0,9.1,9.0,9.4,9.2,9.2,9.0,9.0
017132,8.8,8.9,9.0,8.8,9.1,8.8,8.9,8.9,9.1,9.4,9.5,9.8,9.4,9.5,9.6,9.6,9.7,9.7,9.7,9.8,9.8,9.9,9.9,10.0,9.7
017133,9.8,9.6,10.1,10.0,10.1,10.1,10.8,10.6,10.4,11.4,11.1,11.2,11.6,11.5,11.5,12.0,11.5,11.6,12.0,12.1,12.6,12.6,12.4,12.5,12.4
017134,7.7,7.7,7.9,7.9,8.1,8.2,8.4,8.3,8.4,8.8,8.6,9.0,8.8,8.9,9.2,9.1,9.4,9.6,9.3,9.5,9.7,9.7,9.9,9.9,9.9
017135,9.9,10.1,10.0,9.7,10.3,10.1,10.1,9.9,10.5,10.5,10.6,10.3,10.6,11.0,10.6,10.6,10.5,10.8,10.5,10.7,11.2,10.8,11.0,10.9,10.9
017136,7.4,7.3,7.3,7.4,7.9,7.5,7.8,7.6,7.8,7.9,8.0,8.2,8.4,8.2,8.3,8.4,8.5,8.6,8.4,8.5,8.6,8.9,8.6,8.9,8.9
017137,8.9,8.7,9.2,9.1,8.8,8.8,8.9,9.0,8.8,9.1,9.0,9.2,9.2,9.1,9.0,9.3,9.3,9.3,9.4,9.0,9.4,9.4,9.3,9.3,9.3
017138,8.5,8.6,8.7,9.0,8.7,9.1,9.1,9.1,9.2,9.8,9.7,9.6,10.0,9.9,10.3,10.2,10.5,10.4,10.6,10.3,11.0,10.8,11.0,11.0,11.3
017139,7.3,7.5,7.7,7.6,7.6,7.7,7.7,7.8,7.7,8.0,7.9,7.9,8.2,8.3,8.3,8.3,8.4,8.4,8.5,8.5,8.7,8.5,8.6,8.4,8.8
017140,8.4,8.2,8.6,8.8,8.7,9.0,8.9,9.2,9.4,9.7,9.9,10.1,10.1,10.4,10.4,10.6,10.6,10.8,11.2,11.1,11.8,11.6,12.0,12.0,12.4
017141,10.4,11.0,10.9,10.6,11.2,11.1,11.2,11.4,11.5,12.3,12.1,12.6,12.1,12.2,12.3,12.4,12.8,13.0,13.1,13.2,13.7,13.6,13.2,13.7,13.6
017142,7.4,7.6,7.5,7.8,7.6,7.8,7.9,7.8,7.8,8.1,8.0,8.1,8.2,8.5,8.3,8.3,8.5,8.3,8.2,8.4,8.7,8.6,8.7,8.5,8.9
017143,7.7,7.6,7.6,7.6,7.9,7.9,7.8,7.8,7.8,8.4,8.3,8.4,8.1,8.4,8.2,8.6,8.4,8.4,8.5,8.5,8.7,8.8,8.4,8.7,8.6
017144,8.1,8.0,8.2,8.1,8.4,8.7,8.4,8.7,8.7,9.1,9.2,9.3,9.5,9.2,9.6,9.8,9.9,9.6,9.9,10.2,10.5,10.0,9.9,10.5,10.5
017145,8.5,8.7,8.9,9.2,9.0,9.1,9.0,9.5,9.2,9.9,9.8,9.5,10.2,10.1,9.7,10.0,10.4,10.4,10.1,10.5,11.2,10.4,10.5,10.6,11.0
017146,9.7,10.0,10.0,9.9,9.8,10.1,10.2,10.1,10.4,10.4,10.4,11.0,10.8,10.4,10.8,11.0,10.8,10.7,10.8,10.8,11.3,11.0,11.0,10.9,11.0
017147,7.8,7.7,7.8,7.8,7.7,7.9,7.9,7.9,7.8,8.5,8.3,8.1,8.4,8.4,8.3,8.5,8.5,8.6,8.6,8.5,8.8,8.9,8.5,8.5,8.7
017148,7.8,8.0,8.1,8.0,8.3,8.2,8.2,8.0,8.2,8.5,8.3,8.5,8.3,8.6,8.5,8.6,8.7,8.6,9.1,8.7,8.9,8.9,8.7,8.8,8.8
017149,7.2,7.3,7.1,7.1,7.3,7.2,7.2,7.2,7.2,7.3,7.5,7.6,7.4,7.5,7.6,7.6,7.6,7.3,7.5,7.6,7.9,7.7,7.7,7.5,7.5
017150,9.1,9.3,9.0,9.4,9.2,9.4,9.3,9.7,9.4,9.9,9.8,10.3,10.1,10.4,10.3,10.7,10.4,10.6,10.5,10.9,10.8,11.0,11.3,11.0,11.2
017151,10.2,10.0,10.1,10.1,10.5,10.3,10.3,10.5,10.3,11.0,11.1,10.9,10.8,11.2,11.1,11.4,11.6,11.5,11.2,11.5,11.7,11.6,11.5,11.7,11.6
017152,8.3,8.4,8.5,8.7,8.6,8.6,8.8,8.7,9.0,9.0,9.2,9.3,9.3,9.3,9.6,9.6,9.5,9.7,9.5,9.7,10.1,10.0,10.1,10.1,10.1
017153,8.5,8.7,9.0,8.7,8.9,8.9,9.0,9.2,9.4,10.1,9.9,10.2,10.0,10.3,10.5,10.4,10.8,10.8,10.8,11.3,11.0,11.3,11.1,11.7,11.7
017155,9.0,9.1,9.1,9.2,9.3,9.2,9.4,9.5,9.2,9.9,10.1,10.0,10.0,9.8,10.2,10.2,10.1,10.2,10.1,10.5,10.8,10.7,10.7,10.8,10.5
017156,6.8,7.0,6.9,7.0,7.2,7.3,7.1,7.3,7.3,7.7,7.9,7.9,8.2,8.1,8.0,8.3,8.2,8.3,8.5,8.4,8.4,8.6,8.8,8.9,8.9
017157,8.0,8.1,8.2,8.3,8.4,8.6,8.6,8.6,8.7,8.9,9.5,9.4,9.4,9.5,9.7,9.8,9.9,10.2,10.3,10.1,10.6,10.4,10.7,10.8,10.7
017158,9.7,9.6,9.5,9.9,9.7,9.9,9.6,10.0,10.0,10.3,10.4,10.5,10.4,10.2,10.8,10.7,10.7,10.9,10.7,11.1,10.8,11.2,10.9,11.0,11.0
017159,8.9,9.2,9.5,9.4,9.3,9.4,9.6,9.7,10.1,10.2,10.5,10.5,10.2,10.4,10.4,10.6,10.9,10.9,11.2,11.4,11.4,11.0,11.4,11.4,11.8
017160,9.5,9.6,9.3,9.6,9.4,9.4,9.5,9.7,9.6,10.0,9.9,10.0,9.9,10.2,10.1,10.0,10.3,10.2,10.0,10.2,10.2,9.8,10.0,10.4,10.3
017161,10.8,10.6,10.4,10.6,10.7,10.7,10.9,11.1,11.2,11.5,11.1,11.4,11.8,11.8,12.0,12.2,12.2,12.1,11.8,12.1,12.8,12.4,13.0,12.9,12.7
017162,9.0,9.4,9.5,9.7,9.2,9.7,9.7,9.7,9.8,10.2,10.0,10.2,10.3,10.3,10.8,10.4,10.8,10.9,10.4,11.0,11.5,11.1,11.3,11.2,11.1
017163,7.6,7.8,7.5,7.8,7.7,7.5,8.0,7.9,8.0,8.2,8.1,8.3,8.1,8.2,8.3,8.4,8.5,8.4,8.4,8.7,9.0,8.8,8.8,8.7,9.1
017164,9.6,9.5,9.8,9.6,9.2,9.5,9.3,9.7,9.7,10.0,10.2,10.1,10.0,10.2,10.3,10.1,10.2,10.2,10.2,10.3,10.7,10.3,10.5,10.3,10.6
017165,9.1,9.1,8.8,9.0,8.9,9.1,9.0,8.8,9.0,9.6,9.6,9.5,9.7,9.5,9.8,9.7,9.7,9.5,9.8,9.9,10.1,10.0,9.9,10.1,9.8
017166,9.3,9.1,9.3,9.0,9.3,9.2,9.5,9.1,9.6,9.7,10.0,9.6,9.9,9.7,10.0,9.8,10.2,9.8,9.8,9.9,10.2,10.1,10.4,10.1,10.4
017167,7.3,7.4,7.4,7.5,7.6,7.4,7.4,7.6,7.7,7.6,7.9,8.0,8.0,7.9,8.0,8.0,7.7,8.1,8.1,7.9,8.2,8.1,8.2,8.2,8.1
017168,8.8,9.0,9.0,9.1,9.1,9.0,9.3,9.5,9.4,9.9,9.7,10.0,10.0,10.0,10.2,10.3,10.1,10.6,10.4,10.4,10.9,10.8,10.9,11.2,11.1
017169,7.5,7.5,7.6,7.7,7.9,7.8,7.6,7.9,8.0,8.2,8.2,8.3,8.2,8.3,8.4,8.5,8.5,8.7,8.8,8.3,9.3,8.9,8.9,8.9,8.9
017170,8.3,8.2,8.4,8.3,8.5,8.6,8.7,8.9,8.7,8.6,9.3,9.2,9.5,9.4,9.3,9.9,9.7,9.6,9.8,9.8,10.1,10.2,10.1,10.0,10.4
017171,7.4,7.6,7.5,7.6,7.6,7.9,7.8,7.9,7.8,8.1,8.1,8.1,8.3,8.4,8.2,8.5,8.6,8.7,8.8,8.6,9.3,8.7,8.9,9.1,9.0
017172,8.6,8.5,8.5,8.8,8.8,8.6,8.7,8.8,9.0,9.3,9.1,9.3,9.2,9.1,9.5,9.3,9.3,9.4,9.4,9.4,9.9,9.6,9.4,9.7,9.5
017173,8.0,8.0,8.3,8.3,8.4,8.6,8.5,8.9,8.6,9.2,9.2,9.4,9.3,9.5,9.2,9.4,9.8,9.9,9.9,10.1,10.5,10.3,10.2,10.4,10.4
017174,9.2,9.6,9.7,9.7,9.5,9.9,9.7,9.7,9.5,10.1,9.9,10.0,9.8,10.3,10.1,9.9,10.1,10.2,9.9,10.0,10.3,10.1,10.0,10.2,10.1
017175,9.4,9.2,9.7,9.9,9.7,9.8,9.7,10.4,9.7,10.5,10.6,10.3,10.4,11.1,10.7,10.9,10.8,10.7,11.0,11.3,11.7,11.3,11.2,11.2,11.6
017176,7.4,7.5,7.5,7.5,7.5,7.7,7.8,7.9,7.7,8.1,8.1,8.1,8.2,8.6,8.2,8.3,8.5,8.3,8.3,8.5,8.9,8.5,8.8,8.9,8.8
017177,8.5,8.7,8.7,8.6,8.8,9.0,9.0,9.4,9.4,9.4,9.9,9.7,9.9,10.1,10.1,10.3,10.6,10.4,10.7,10.8,11.3,10.7,11.1,11.0,11.1
017178,8.7,8.8,8.7,9.2,8.9,9.2,9.0,9.2,9.5,9.8,9.9,10.0,10.3,10.4,10.6,10.5,10.6,10.8,10.8,11.4,11.7,11.6,11.6,11.7,12.2
017179,8.1,8.4,8.4,8.5,8.5,8.5,8.8,8.8,8.9,9.1,9.4,9.4,9.6,9.7,9.7,9.7,9.7,10.1,10.4,10.2,10.4,10.7,10.3,10.7,10.9
017180,8.5,8.7,8.3,8.6,8.7,8.9,8.7,9.1,8.8,9.2,9.2,9.7,9.7,9.8,9.9,9.9,10.1,10.1,10.1,10.3,10.6,10.3,10.3,10.5,10.5
017181,9.4,9.4,9.4,9.5,9.7,9.7,9.8,9.9,9.8,10.0,10.2,10.0,10.5,10.0,10.2,10.5,10.2,10.6,10.2,10.5,10.6,10.3,10.2,10.7,10.4
017182,8.0,8.0,8.0,8.1,8.0,8.2,8.1,8.3,8.2,8.5,8.4,8.5,8.4,8.7,8.5,8.6,8.7,8.7,8.6,8.8,8.9,9.1,9.1,9.0,9.0
017183,9.5,9.5,9.5,9.6,9.6,9.6,9.9,9.7,9.7,10.2,10.4,10.2,10.3,10.4,10.6,10.7,10.7,10.7,10.6,10.5,11.0,10.8,10.9,10.9,11.0
017184,8.5,8.8,8.7,8.8,9.0,8.7,9.1,9.1,9.2,9.5,9.3,9.4,9.6,9.3,9.5,9.7,9.6,9.3,9.3,9.8,9.9,9.7,9.8,9.7,9.7
017185,8.4,8.3,8.4,8.8,8.5,8.6,8.5,8.4,8.6,8.7,9.0,8.9,8.8,8.7,8.8,8.9,8.9,8.9,8.9,9.0,9.2,9.1,8.9,8.7,8.9
017186,8.2,8.2,8.5,8.6,8.2,8.5,8.4,8.5,8.6,8.9,9.1,9.2,9.1,9.4,9.4,9.3,9.4,9.4,9.6,9.7,9.8,9.5,9.9,9.7,9.8
017187,8.2,8.1,8.3,8.4,8.3,8.4,8.3,8.3,8.6,8.8,8.9,8.9,8.9,8.8,9.0,9.1,8.9,8.9,9.1,9.0,9.2,9.2,9.0,8.8,9.5
017188,8.7,8.5,8.8,8.8,9.1,9.0,9.3,9.2,9.5,9.4,9.8,9.7,9.9,9.7,10.2,10.0,10.3,10.2,10.7,10.3,10.8,10.4,10.4,10.8,10.9
017189,8.4,8.5,8.5,8.7,8.6,8.8,8.8,9.0,9.4,9.4,9.2,9.5,9.3,9.5,9.9,9.7,9.9,10.0,9.9,9.7,10.6,10.2,10.6,10.7,10.3
017190,8.4,8.6,8.5,8.8,8.6,8.7,8.7,8.9,9.2,9.3,9.4,9.2,9.4,9.4,9.5,9.6,9.6,9.6,9.9,9.6,10.1,10.0,9.7,9.8,10.1
017191,8.6,8.7,8.6,8.6,8.5,8.8,8.7,9.0,8.9,9.0,9.3,9.3,9.6,9.3,9.1,9.2,9.6,9.6,9.5,9.2,9.9,9.6,9.1,9.5,9.4
017192,10.2,10.2,10.3,9.8,9.8,10.4,10.2,10.1,9.9,10.4,10.9,10.8,11.0,10.7,10.8,10.9,11.0,11.0,11.0,11.1,11.0,11.2,10.7,10.9,11.0
017193,9.8,9.8,9.7,10.1,10.0,9.8,9.8,10.1,9.9,10.2,10.2,10.3,10.5,10.2,10.7,10.5,10.4,10.5,10.6,10.8,11.0,10.6,10.7,10.8,10.6
017194,9.6,9.4,9.2,9.5,9.9,9.9,10.1,10.0,9.9,10.6,10.5,10.5,10.6,10.7,10.9,10.9,10.9,11.0,10.7,11.1,11.8,11.2,11.4,11.7,11.3
017195,9.9,10.1,10.1,10.1,10.4,9.8,10.4,10.7,10.1,10.3,10.5,10.8,10.9,10.7,10.9,10.8,10.7,11.4,11.6,11.1,11.4,11.7,11.3,11.1,11.4
017196,8.6,8.3,8.4,8.4,8.7,8.4,8.7,8.5,8.5,8.9,8.9,8.9,9.1,8.6,8.8,8.9,8.8,8.6,8.7,9.0,9.1,8.8,8.8,8.7,8.6
017197,8.5,8.6,8.2,8.6,8.7,8.9,8.9,8.7,8.9,9.4,9.2,9.5,9.3,9.4,9.6,9.7,9.8,9.5,9.9,9.9,10.0,9.9,10.2,10.2,10.3
017198,7.4,7.6,7.6,7.6,7.7,7.7,7.9,7.6,7.8,8.2,8.2,8.2,8.1,8.4,8.3,8.4,8.5,8.5,8.4,8.6,8.7,8.6,8.6,8.7,8.8
017199,9.9,9.8,10.0,10.1,10.0,10.1,10.1,10.3,10.5,10.6,10.7,11.2,10.9,10.9,10.8,10.9,11.4,11.3,11.6,11.4,11.5,11.5,11.4,11.9,11.8
017200,7.5,7.5,7.3,7.5,7.6,7.6,7.3,7.5,7.5,7.6,7.5,7.6,7.7,7.7,7.5,7.6,7.5,7.6,7.5,7.5,7.4,7.4,7.5,7.8,7.3
017201,8.0,8.1,8.3,8.0,8.2,8.2,8.4,8.5,8.3,8.5,8.6,8.6,8.7,8.7,8.8,8.7,9.0,8.6,9.0,9.0,9.3,9.1,8.7,9.1,9.1
017202,7.8,7.9,7.9,7.9,8.1,8.3,8.5,8.4,8.6,8.8,8.9,9.2,9.3,9.2,9.5,9.6,9.9,9.6,9.8,10.1,10.1,10.1,10.4,10.2,10.7
017203,10.2,10.5,9.8,10.8,10.5,10.7,10.4,10.6,10.7,11.2,11.1,11.0,11.6,11.5,11.6,11.8,11.8,11.7,11.6,11.7,12.2,11.7,12.0,12.2,11.9
017204,10.7,10.5,10.5,10.3,10.5,10.4,10.4,10.5,10.5,10.8,11.2,11.1,11.1,11.4,11.4,10.9,11.1,11.3,11.3,11.5,11.5,11.9,11.5,11.6,12.1
017205,8.4,8.6,8.2,8.7,8.6,8.5,8.6,8.7,8.7,8.9,8.8,9.0,8.9,8.9,9.2,9.4,9.0,9.3,9.4,9.3,9.4,9.4,9.4,9.2,9.6
017206,9.5,9.5,9.7,9.5,10.0,10.1,10.1,10.2,10.4,11.0,10.5,10.7,11.0,11.0,11.1,11.3,11.6,11.2,12.0,11.3,12.0,12.1,11.9,11.9,12.0
018001,9.1,9.2,9.4,9.1,8.7,9.4,9.3,9.2,9.3,9.7,9.6,9.6,9.8,9.7,9.6,9.5,10.0,9.8,9.7,9.8,9.7,9.5,9.6,9.5,9.8
018003,9.1,9.0,9.2,9.2,9.1,9.3,9.3,9.5,9.6,9.9,10.0,10.0,10.2,10.2,10.2,10.3,10.7,10.5,10.5,10.6,11.3,11.0,11.1,11.3,11.1
018004,8.9,9.0,9.0,8.7,9.0,8.9,9.1,8.9,9.1,9.3,9.4,9.5,9.2,9.4,9.5,9.2,9.5,9.4,9.5,9.4,9.8,9.7,9.7,9.6,9.7
018005,8.1,8.2,8.5,8.5,8.4,8.5,8.6,8.6,8.6,9.0,9.1,9.2,9.1,9.4,9.5,9.4,9.3,9.3,9.6,9.5,9.8,9.7,9.7,10.0,9.8
018006,8.5,8.5,8.8,8.5,8.5,9.0,8.8,8.8,8.9,9.4,9.5,9.6,9.6,9.7,9.8,10.1,9.9,10.1,10.4,10.2,10.8,10.5,10.3,10.5,10.9
018007,8.0,8.1,8.1,8.3,8.4,8.6,8.4,8.7,8.9,9.0,9.2,9.1,9.1,9.4,9.6,9.2,9.5,9.4,9.8,9.6,10.0,10.0,9.9,9.9,9.8
018008,8.2,8.1,8.1,7.9,8.1,8.0,8.0,8.1,8.1,8.4,8.2,8.4,8.4,8.2,8.4,8.4,8.4,8.3,8.5,8.4,8.5,8.4,8.3,8.6,8.4
018009,8.0,8.1,7.8,8.0,7.8,8.0,8.0,8.1,8.1,8.3,8.2,8.3,8.5,8.3,8.4,8.3,8.3,8.6,8.3,8.5,8.7,8.4,8.6,8.3,8.3
018011,8.1,8.5,8.6,8.5,8.6,8.6,8.8,9.0,8.7,9.2,9.2,9.3,9.5,9.5,9.8,9.4,9.8,9.9,9.9,10.1,10.3,10.0,10.6,10.4,10.4
018012,8.3,8.2,8.2,8.3,8.3,8.3,8.3,8.5,8.7,8.9,8.8,8.8,9.1,9.2,9.0,8.9,9.2,9.1,9.3,9.5,9.4,9.5,9.3,9.2,9.3
018013,8.5,8.6,8.5,8.4,8.5,8.8,8.8,8.4,8.9,9.0,9.3,9.5,9.3,9.6,9.6,9.3,9.4,9.5,9.7,9.8,10.0,9.8,10.0,9.9,9.7
018014,7.2,7.1,7.1,7.3,7.5,7.2,7.5,7.5,7.5,7.7,7.8,7.7,7.7,7.8,7.7,7.6,7.7,8.0,7.7,8.0,8.2,7.9,8.0,8.1,8.1
018015,8.7,8.9,8.9,9.1,9.1,9.3,9.2,9.3,9.5,9.9,10.1,10.3,10.2,10.3,10.4,10.3,10.6,10.6,11.0,11.0,11.3,11.0,11.0,11.4,11.6
018016,9.7,9.7,9.8,9.8,10.1,10.1,10.1,10.3,10.3,10.8,11.2,11.0,11.2,11.5,11.6,11.7,11.8,11.9,12.2,12.0,13.2,12.6,12.7,12.7,13.0
018017,9.1,9.0,9.2,9.1,9.1,9.4,9.6,9.7,10.0,10.2,10.1,10.4,10.3,10.0,10.7,10.6,10.7,10.8,10.9,11.3,11.7,11.6,11.3,11.4,11.8
018018,8.7,8.7,9.0,8.8,8.9,8.9,9.1,8.9,9.0,9.3,9.5,9.3,9.3,9.5,9.3,9.4,9.7,9.7,9.5,9.3,9.9,9.6,9.6,9.7,9.7
018019,7.3,7.2,7.4,7.5,7.3,7.3,7.3,7.4,7.2,7.4,7.3,7.5,7.5,7.5,7.5,7.5,7.4,7.3,7.3,7.3,7.4,7.5,7.4,7.3,7.2
018020,7.7,8.0,7.7,7.7,7.9,8.1,8.3,8.1,8.4,8.7,8.6,8.7,8.6,8.9,9.0,9.0,8.9,9.4,9.2,9.1,9.8,9.2,9.5,9.5,9.3
018021,7.9,7.9,7.9,8.1,7.8,7.9,8.0,7.9,7.8,8.2,8.2,8.4,8.4,8.5,8.5,8.4,8.7,8.3,8.5,8.2,8.7,8.6,8.6,8.5,8.3
018022,8.6,8.9,8.9,8.8,9.1,8.9,8.8,8.9,9.1,9.5,9.3,9.5,9.5,9.5,9.3,9.6,9.7,9.7,9.7,9.8,9.9,9.8,9.8,9.9,9.9
018023,7.8,7.9,8.1,7.8,8.0,7.9,8.2,8.0,8.2,8.5,8.8,8.5,8.6,8.7,8.9,8.6,9.0,8.8,8.6,9.1,9.3,9.1,9.0,9.3,9.1
018024,9.7,9.8,10.1,10.1,10.2,10.3,10.5,10.2,10.5,10.9,11.1,10.7,11.1,11.0,11.6,11.3,11.3,11.3,11.5,11.8,12.2,11.6,11.9,11.7,11.7
018025,7.8,7.8,7.8,7.8,7.9,7.9,8.0,8.1,7.8,8.4,8.3,8.4,8.4,8.3,8.5,8.6,8.4,8.6,8.7,8.6,9.0,8.9,9.0,9.1,8.8
018026,8.3,8.6,8.4,8.6,8.7,8.6,8.9,9.1,9.1,9.5,9.3,9.6,9.5,9.6,9.7,9.9,9.7,9.9,10.1,10.2,10.1,10.5,10.5,10.6,10.6
018027,9.1,9.0,9.2,9.3,9.0,9.3,9.4,9.0,9.1,9.4,9.5,9.4,9.4,9.5,9.1,9.2,9.1,9.3,9.4,9.7,9.3,9.1,9.2,9.2,9.4
018029,10.8,10.7,11.2,10.8,11.2,11.6,11.4,11.9,11.6,11.8,11.8,11.8,12.3,12.3,12.5,12.4,12.4,12.6,12.6,12.6,12.7,13.0,13.0,13.3,13.3
018030,9.0,9.1,9.6,9.5,9.9,9.5,9.8,10.1,10.0,10.5,10.7,10.5,10.7,10.5,10.9,10.5,10.9,11.0,11.4,11.5,11.6,10.9,11.4,11.6,11.6
018031,9.5,9.3,9.5,9.5,9.4,9.5,9.4,9.8,9.6,10.0,9.7,9.9,10.1,10.0,10.3,10.0,10.1,10.5,10.4,10.1,10.1,10.6,10.4,10.3,10.6
018032,8.8,8.9,8.8,8.9,9.4,8.8,9.1,9.2,9.3,9.5,9.7,9.8,9.6,9.5,9.9,9.9,10.1,10.3,9.9,10.2,10.4,10.6,10.2,10.4,10.3
018033,8.5,8.3,8.6,8.3,8.8,8.9,8.6,9.4,8.9,9.1,9.5,9.4,9.8,9.7,9.8,9.9,9.9,10.0,10.2,10.5,10.5,10.9,10.7,10.6,10.8
018034,10.2,10.4,10.4,10.7,10.6,10.2,10.6,10.8,10.6,11.1,11.2,11.3,11.0,11.4,11.3,11.7,11.5,11.9,11.4,11.9,12.3,12.1,11.8,12.2,12.2
018035,9.7,8.8,9.1,9.3,9.4,9.7,10.1,9.7,9.7,10.4,10.2,10.0,10.3,10.3,10.6,10.7,10.4,10.7,10.8,10.9,11.0,10.6,10.9,10.9,11.5
018036,8.9,8.7,9.0,8.8,9.0,9.1,9.1,9.5,9.5,9.8,9.7,9.6,9.9,9.9,9.9,9.9,9.9,9.6,10.4,9.9,10.2,10.5,10.3,10.4,10.4
018037,7.5,7.4,7.4,7.7,7.8,7.6,7.7,7.9,8.0,8.3,8.2,8.1,8.2,8.1,8.6,8.4,8.6,8.6,8.7,9.1,9.1,8.8,8.6,8.9,9.1
018038,9.0,8.9,9.1,9.4,9.1,9.3,9.5,9.5,9.5,9.8,10.2,10.0,10.3,10.5,10.2,10.5,10.7,10.5,10.7,10.7,11.1,10.9,11.0,11.1,11.0
018039,9.8,9.9,9.9,10.4,10.2,10.6,10.7,10.7,11.0,11.3,11.9,11.7,11.9,12.2,12.8,12.6,12.6,12.9,13.6,13.6,14.0,14.1,14.0,14.7,14.7
018040,9.0,8.8,9.2,9.5,9.1,9.5,9.7,9.6,9.9,10.7,10.3,10.8,10.8,11.1,11.1,11.4,11.8,11.5,11.7,12.2,12.6,12.1,12.5,12.5,12.8
018041,8.8,9.0,9.0,9.3,9.2,9.2,9.2,9.1,9.2,9.7,9.5,9.6,9.6,9.7,9.7,9.6,9.5,9.9,9.6,9.8,9.9,9.9,9.6,10.0,9.7
018042,8.5,8.8,8.7,8.6,9.0,8.8,8.9,9.0,9.2,9.2,9.2,9.2,9.6,9.8,9.7,9.9,9.9,9.8,9.8,9.7,10.6,10.0,10.5,10.4,10.2
018043,8.2,8.2,8.2,8.3,8.4,8.5,8.2,8.6,8.5,8.9,8.6,8.8,9.1,9.2,8.9,9.0,8.9,9.2,9.3,9.1,9.3,9.2,9.5,9.3,9.2
018044,7.7,7.8,7.8,7.6,7.8,7.7,7.6,7.7,7.7,8.0,8.0,8.2,8.1,8.1,8.0,8.1,8.2,8.1,8.1,8.3,8.3,8.3,8.3,8.1,8.0
018045,8.1,8.1,8.0,8.1,8.2,8.2,8.4,7.8,8.2,8.6,8.5,8.6,8.5,8.8,8.8,8.7,8.7,8.6,8.7,8.8,8.9,9.0,9.1,8.9,9.2
018046,6.5,6.7,6.8,6.6,6.6,6.9,6.8,6.9,7.2,7.0,7.1,7.4,7.4,7.5,7.4,7.2,7.6,7.6,7.7,7.7,8.0,7.8,8.0,8.0,7.9
018047,8.1,8.3,8.4,8.4,8.6,8.5,8.5,9.0,8.8,9.3,9.3,9.2,9.5,9.4,9.5,9.6,9.5,9.6,9.5,9.8,10.1,10.0,9.9,9.8,9.8
018048,8.7,8.9,8.9,9.0,9.1,9.2,9.2,9.0,9.4,9.5,9.7,9.8,9.7,9.9,10.1,10.3,9.8,10.1,10.3,10.5,10.6,10.6,10.5,10.4,10.5
018049,7.9,7.9,8.2,8.2,8.2,8.4,8.2,8.2,8.3,8.7,8.7,8.3,8.5,8.8,8.6,8.9,8.7,8.9,9.0,8.8,9.1,8.7,9.0,9.0,8.8
018050,8.9,8.6,9.2,9.0,9.0,9.3,9.4,9.3,9.5,9.7,9.9,10.0,10.0,10.1,10.1,10.1,10.3,10.4,10.4,10.8,10.8,10.8,10.8,10.9,11.0
018051,9.2,9.3,9.1,9.2,9.2,9.1,9.1,9.3,9.5,9.4,9.8,9.8,9.7,9.7,9.8,9.5,9.9,10.0,10.0,9.9,10.2,9.8,10.0,10.1,10.2
018052,9.5,9.5,9.6,9.6,9.6,9.7,9.8,9.8,9.7,10.2,10.3,10.1,10.3,10.5,10.4,10.5,10.8,10.6,11.0,10.9,10.9,11.1,11.3,11.0,11.3
018053,7.9,8.0,8.1,8.3,8.6,8.4,8.3,8.4,8.2,8.6,8.7,8.6,8.8,8.9,9.1,8.8,9.0,9.0,9.2,9.1,9.2,9.2,9.5,9.3,9.4
018054,8.4,8.4,8.4,8.6,8.5,8.6,8.8,8.6,8.7,8.9,8.8,8.7,8.8,8.8,8.8,8.7,8.9,8.8,9.0,8.6,9.2,8.8,8.8,8.9,8.4
018057,9.0,9.4,9.4,9.3,9.4,9.3,9.4,9.5,9.5,9.9,10.0,9.9,10.2,10.4,9.9,10.1,10.6,10.5,10.4,10.5,10.9,10.5,10.6,10.5,10.5
018058,9.1,9.0,9.3,9.1,9.3,9.6,9.4,9.5,9.5,10.0,9.9,10.2,10.3,10.6,10.5,10.6,10.5,10.7,10.9,10.8,11.5,11.5,11.2,11.2,11.2
018059,8.4,8.5,8.5,8.6,8.8,8.7,9.0,9.0,8.6,9.2,9.1,9.4,9.3,9.2,9.6,9.1,9.4,9.2,9.6,9.5,9.3,9.5,9.7,9.6,9.3
018060,8.3,8.4,8.3,8.2,8.2,8.2,8.3,8.5,8.6,8.8,8.8,8.9,8.7,8.8,9.0,8.9,8.8,9.0,9.1,8.8,9.3,9.1,9.0,9.2,9.3
018061,8.3,8.4,8.3,8.7,8.4,8.5,8.5,8.5,8.7,8.7,9.1,9.2,8.9,9.0,9.2,9.2,9.1,9.5,9.2,9.3,9.4,9.3,9.6,9.7,9.3
018062,7.4,7.2,7.3,7.3,7.5,7.7,7.6,7.8,7.9,7.9,8.3,8.1,8.4,8.4,8.2,8.6,8.8,9.2,9.1,9.0,9.1,8.9,9.2,9.4,9.7
018063,9.2,9.4,9.1,9.4,9.4,9.7,9.7,9.7,10.0,10.2,10.0,9.9,10.2,10.5,10.8,10.2,10.5,10.7,10.7,10.9,11.1,10.8,11.0,11.1,11.1
018064,9.0,8.9,9.0,9.0,9.0,9.4,9.2,9.3,9.3,9.8,9.5,9.5,9.4,9.9,9.8,9.7,9.9,9.9,9.9,10.1,10.3,9.7,10.1,10.0,10.0
018065,8.5,8.4,8.3,8.7,8.7,8.6,8.7,8.7,9.2,9.2,9.2,9.2,9.4,9.5,9.8,9.3,9.6,9.7,9.5,9.8,10.1,9.9,10.1,10.1,10.2
018066,8.6,8.9,8.7,8.8,9.0,9.0,9.0,9.0,8.9,9.5,9.3,9.5,9.4,9.6,9.8,9.8,9.8,9.9,9.8,10.0,10.3,10.0,10.2,10.1,10.3
018067,9.3,9.5,9.6,9.9,9.5,9.9,9.7,9.7,10.1,10.2,10.4,10.5,10.5,10.7,10.6,10.5,10.7,11.0,10.7,11.0,10.9,11.2,11.3,11.2,11.1
018068,9.5,9.8,9.7,9.6,9.8,9.8,9.9,10.0,10.2,10.2,10.6,10.1,10.4,10.3,11.1,10.7,10.6,11.0,10.9,11.1,11.3,10.8,10.8,11.2,11.3
018069,6.7,6.7,6.9,6.8,6.8,6.6,6.7,6.8,7.0,7.0,7.1,7.0,7.2,7.0,7.2,7.1,7.4,7.2,7.1,7.3,7.4,7.2,7.4,7.2,7.2
018071,8.0,8.3,8.4,8.5,8.5,8.4,8.9,8.7,8.9,9.1,9.4,9.3,9.2,9.4,9.4,9.9,9.6,9.9,9.8,9.9,10.3,10.2,10.4,10.1,10.4
018072,7.2,7.2,7.4,7.4,7.4,7.5,7.4,7.5,7.5,7.6,7.9,8.0,7.8,7.9,7.8,7.9,8.0,8.1,8.4,8.5,8.6,8.2,8.4,8.5,8.4
018073,7.8,7.7,8.1,8.3,7.9,8.4,8.3,8.5,8.5,8.7,8.9,8.8,9.0,8.9,9.1,9.1,9.3,9.1,9.6,9.6,9.5,9.7,9.8,10.0,10.0
018074,6.9,6.8,7.0,7.2,7.0,7.1,7.0,7.3,7.3,7.4,7.5,7.6,7.5,7.5,7.5,7.7,7.7,7.8,7.7,7.8,7.9,7.7,7.7,7.7,7.9
018075,8.2,8.1,8.3,8.2,8.3,8.4,8.4,8.5,8.7,8.6,8.9,8.9,8.9,9.3,9.2,9.5,9.4,9.6,9.4,9.4,9.7,9.8,10.0,10.0,10.0
018076,8.1,8.2,8.5,8.3,8.5,8.3,8.5,8.6,8.7,9.2,8.9,9.1,9.1,9.4,9.4,9.4,9.3,9.5,9.5,9.6,9.8,9.7,9.8,10.2,10.3
018077,8.8,8.9,8.8,8.7,8.6,8.9,8.8,8.8,8.9,9.2,9.4,9.2,9.2,9.2,9.3,9.8,9.6,9.6,9.4,10.1,10.1,10.0,10.0,9.9,9.9
018078,7.4,7.4,7.6,7.8,7.5,7.7,7.6,7.8,7.8,8.2,8.6,8.3,8.6,8.6,8.4,8.6,8.9,8.9,9.1,9.3,9.3,9.3,9.3,9.3,9.6
018079,8.6,8.7,8.8,8.8,8.8,9.2,9.2,9.5,9.7,9.7,9.7,9.9,9.7,10.0,10.1,10.2,10.1,10.4,10.1,10.7,10.8,10.8,10.9,10.7,10.8
018080,6.6,6.8,6.8,6.7,6.9,6.8,7.1,7.0,7.0,7.5,7.3,7.5,7.6,7.7,7.5,7.5,7.7,7.6,7.9,8.0,8.1,8.0,8.0,8.1,8.0
018081,7.4,7.4,7.2,7.3,7.4,7.5,7.4,7.5,7.5,7.7,7.9,7.9,8.1,7.8,8.1,8.3,8.0,8.1,8.1,8.2,8.6,8.3,8.3,8.4,8.4
018082,7.8,7.7,7.8,8.0,8.1,8.1,8.3,8.2,8.3,8.5,8.5,8.9,8.6,8.9,8.9,9.1,8.9,9.1,8.7,9.3,9.3,9.4,9.4,9.4,9.7
018083,9.6,9.5,9.5,9.7,9.6,9.7,9.3,9.8,9.6,10.2,10.2,10.0,10.1,10.2,10.2,10.0,10.1,10.1,10.4,10.3,10.2,10.1,10.3,10.3,10.0
018084,9.1,9.0,8.9,8.9,9.2,9.0,9.2,9.2,9.5,9.7,9.7,9.9,9.7,9.8,9.8,10.4,10.0,10.1,10.2,10.4,10.8,10.2,10.3,10.1,10.4
018085,7.6,7.6,7.6,7.8,7.9,7.8,8.1,8.0,8.1,8.4,8.4,8.4,8.5,8.4,8.6,8.5,8.8,8.8,9.1,9.0,9.4,8.9,9.0,9.3,9.4
018086,8.7,8.5,8.5,8.6,8.5,8.9,9.1,8.8,8.9,9.0,9.3,9.5,9.4,9.4,9.5,9.6,9.5,9.9,9.6,9.7,10.0,10.0,10.1,10.0,10.1
018087,8.7,8.6,8.6,9.0,8.7,8.9,9.2,9.1,9.3,9.8,9.6,9.8,9.8,10.0,10.1,10.3,10.3,10.3,10.7,10.6,11.1,11.1,10.7,11.1,11.2
018088,8.8,8.8,8.7,8.9,8.7,9.2,8.9,8.9,8.8,9.3,9.1,9.1,9.5,9.4,9.4,9.2,9.5,9.4,9.4,9.2,9.4,9.6,9.6,9.4,9.5
018089,9.4,9.2,9.3,9.3,9.0,9.4,9.2,9.3,9.0,9.6,9.3,9.1,9.5,9.2,9.3,9.2,9.4,9.1,9.4,9.5,9.8,9.4,9.5,9.3,9.3
018090,8.6,8.7,8.9,8.6,8.8,8.9,9.0,9.2,9.2,9.7,9.5,9.9,9.7,9.9,9.6,9.8,10.1,10.2,9.9,10.5,10.6,10.3,10.5,10.9,10.9
018091,10.0,10.1,10.5,10.2,10.2,10.6,10.7,10.7,10.6,11.2,11.3,11.0,11.2,11.3,11.7,11.8,11.7,11.8,12.4,11.9,12.4,12.4,12.1,12.3,12.5
018092,8.2,8.4,7.9,8.3,8.4,8.3,8.5,8.5,8.5,8.8,8.7,8.8,8.7,8.8,9.0,9.1,8.9,9.0,9.0,9.1,9.4,9.1,9.4,9.1,9.2
018093,8.5,8.2,8.7,8.4,8.2,8.4,8.4,8.4,8.5,8.9,8.7,8.7,9.1,8.8,8.6,8.7,9.0,9.1,9.0,9.1,9.3,9.1,9.4,9.1,9.4
018094,8.5,8.4,8.7,8.8,8.5,8.5,8.7,8.6,8.7,8.7,8.8,8.8,8.9,9.0,8.8,8.8,9.1,9.1,9.0,9.1,9.1,9.3,9.0,9.3,8.9
018095,8.1,8.5,8.3,8.2,8.6,8.5,8.4,8.6,8.5,8.7,9.1,8.9,9.2,8.9,9.0,9.2,9.0,8.7,9.1,9.1,9.3,9.1,9.2,9.1,9.2
018096,8.3,8.3,8.6,8.5,8.6,8.4,8.5,8.6,8.5,8.8,9.1,9.1,9.0,9.0,8.9,9.1,9.3,9.2,9.4,9.3,9.7,9.6,9.7,9.5,9.7
018097,8.5,8.5,8.5,8.7,8.7,8.6,8.7,8.8,8.8,9.1,9.1,9.1,9.2,9.1,9.1,9.3,9.3,9.4,9.4,9.5,9.9,9.4,9.4,9.8,9.7
018098,8.3,8.6,8.5,8.6,8.7,8.5,8.5,8.6,9.0,9.3,9.3,9.1,9.4,9.3,9.4,9.3,9.4,9.4,9.6,9.3,10.1,9.8,10.0,9.8,10.2
018099,8.6,8.6,8.8,8.8,8.7,8.8,8.9,8.7,8.7,9.2,9.1,8.9,9.0,9.1,9.2,9.1,9.1,9.0,9.0,9.1,9.1,9.1,9.1,9.1,8.8
018100,7.4,7.4,7.4,7.6,7.6,7.5,7.6,7.5,7.5,7.7,7.8,8.1,7.9,8.1,8.0,8.0,8.2,8.5,8.5,8.4,8.6,8.5,8.3,8.5,8.4
018101,9.1,9.3,9.1,9.2,9.3,9.5,9.3,9.3,9.3,10.0,9.9,10.0,10.0,10.0,10.4,10.3,10.6,10.4,10.3,10.7,10.7,10.7,10.8,10.9,11.1
018102,8.1,8.1,8.1,8.2,8.3,8.5,8.7,8.3,8.5,8.8,9.1,9.1,9.0,9.3,9.2,9.2,9.6,9.3,9.6,9.6,9.7,9.8,9.5,9.9,9.9
018103,8.2,8.4,8.4,8.3,8.6,8.5,8.5,8.5,8.8,9.0,9.3,9.2,9.2,9.5,9.7,9.7,9.8,9.8,9.9,9.8,10.1,10.2,10.4,10.2,10.7
018104,7.2,6.9,7.1,7.3,7.3,7.2,7.2,7.4,7.4,7.7,7.7,7.6,7.9,7.7,7.9,7.8,7.9,8.1,8.1,8.1,8.4,8.2,8.1,8.1,8.3
018105,8.8,8.9,8.8,8.9,8.9,8.7,8.8,8.7,9.1,8.9,9.2,9.1,9.1,8.7,8.9,9.0,9.1,9.2,8.9,9.2,9.2,9.3,9.3,8.9,9.0
018106,8.1,8.1,8.2,8.0,8.3,8.0,8.4,8.5,8.6,8.5,8.7,8.6,8.9,8.8,9.0,9.3,8.8,9.3,9.2,9.3,9.7,9.3,9.4,9.3,9.3
018107,8.0,8.2,8.1,8.3,8.4,8.0,8.2,8.5,8.4,8.7,8.5,8.4,8.9,8.8,8.5,9.1,9.0,8.9,8.9,8.9,9.2,8.9,9.2,9.1,9.1
018108,8.6,8.7,8.8,8.7,8.8,9.0,8.9,8.9,9.0,9.4,9.4,9.6,9.4,9.7,9.6,10.0,9.9,9.7,9.8,10.3,10.6,10.1,10.4,10.4,10.4
018109,8.5,8.6,8.4,8.1,8.8,8.7,8.7,8.9,8.8,8.9,9.2,9.1,9.3,9.3,9.2,9.1,9.1,9.5,9.5,9.8,10.1,10.0,9.7,9.6,10.0
018110,9.0,8.8,8.7,8.9,9.3,9.2,9.3,9.2,9.2,9.5,9.4,9.5,9.2,9.7,9.8,9.6,9.9,9.7,9.8,9.6,10.0,9.6,9.9,9.9,9.9
018111,7.2,7.2,7.2,7.2,7.3,7.1,7.1,7.4,7.7,8.0,7.8,7.9,7.9,8.0,8.0,8.1,8.2,8.3,8.3,8.1,8.4,8.5,8.5,8.6,8.5
018112,8.1,8.1,8.3,8.4,8.3,8.3,8.3,8.5,8.7,9.0,9.2,9.0,9.1,9.1,9.4,9.3,9.6,9.4,9.6,9.6,9.6,9.9,10.1,9.7,10.2
018113,9.1,8.7,9.0,9.0,9.2,9.2,9.1,9.2,9.2,9.8,9.3,9.2,9.5,9.4,9.5,9.1,9.6,9.7,9.5,9.7,10.0,9.6,9.8,9.6,9.7
018114,8.4,8.5,8.6,8.6,8.8,8.8,8.8,8.9,9.3,9.4,9.8,9.4,9.9,10.1,10.3,9.8,10.2,10.2,10.3,10.4,11.0,10.8,11.0,10.9,11.1
018115,8.0,8.2,8.0,8.1,8.1,8.2,8.2,7.9,8.2,8.4,8.5,8.3,8.5,8.4,8.5,8.3,8.4,8.2,8.3,8.5,8.7,8.5,8.4,8.6,8.5
018116,8.4,8.4,8.7,8.6,8.5,8.7,8.6,8.8,8.7,9.0,8.9,9.0,9.2,9.0,9.5,9.1,9.2,9.4,9.6,9.4,9.7,9.6,9.6,9.9,9.5
018117,9.2,9.1,9.5,9.4,9.3,9.6,9.6,9.7,9.5,10.0,10.1,10.0,10.0,9.9,10.1,9.9,10.0,10.3,10.5,10.5,10.3,10.6,10.4,10.2,10.3
018118,7.3,7.3,7.3,7.3,7.3,7.6,7.5,7.6,7.6,7.8,7.8,7.8,7.8,8.0,7.8,7.7,7.9,7.7,7.8,7.9,8.0,7.8,8.1,8.0,7.9
018119,7.2,7.4,7.2,7.3,7.5,7.5,7.6,7.6,7.3,7.9,7.9,7.5,7.8,7.8,7.8,7.7,8.0,8.0,7.9,7.9,7.9,8.1,7.9,8.2,7.9
018120,9.6,9.8,9.6,9.8,9.6,9.8,9.7,9.9,9.9,10.2,10.1,10.1,10.4,10.0,10.3,10.6,10.3,10.2,10.1,10.3,10.1,10.5,10.3,10.4,10.2
018121,7.5,7.6,7.6,7.6,7.5,7.9,7.6,7.9,7.7,8.4,8.2,8.3,8.1,8.5,8.5,8.5,8.7,8.6,8.8,8.8,8.9,8.8,8.6,8.8,8.6
018122,8.0,8.4,8.0,8.3,8.3,8.6,8.8,8.6,8.5,9.0,9.1,9.4,9.1,9.1,9.3,9.4,9.5,9.4,9.6,9.8,9.9,9.6,9.8,9.8,9.8
018123,9.2,9.2,9.3,9.5,9.1,9.3,9.1,9.2,9.4,9.7,9.5,9.7,9.7,9.6,9.6,9.9,9.6,9.8,9.9,10.0,10.3,9.7,9.9,10.2,10.0
018124,9.8,10.0,9.8,10.0,10.3,9.9,10.2,10.0,10.0,10.4,10.3,10.3,10.6,10.7,10.7,10.4,11.0,10.7,11.0,11.0,11.1,10.8,10.8,10.9,10.5
018125,7.9,8.3,8.1,7.9,8.2,8.2,8.5,8.3,8.4,8.9,8.9,9.0,9.1,9.2,9.4,9.3,9.4,9.5,9.3,9.9,10.1,10.0,9.7,9.9,10.1
018126,9.4,9.5,9.4,9.5,9.7,9.6,9.4,9.3,9.0,9.7,9.9,9.8,9.6,9.8,9.7,9.7,9.7,9.5,9.6,9.3,9.6,9.5,9.1,9.2,9.4
018127,9.4,9.5,9.4,9.5,9.5,9.7,9.6,9.7,9.8,10.0,9.9,9.8,10.1,10.1,10.1,10.4,10.2,10.1,10.3,10.3,11.1,10.5,10.5,10.6,10.3
018128,7.9,7.8,7.7,7.7,7.7,7.8,8.1,7.9,8.1,8.3,8.2,8.2,8.3,8.7,8.1,8.4,8.4,8.4,8.3,8.5,8.6,8.4,8.4,8.4,8.7
018129,8.9,9.0,9.5,9.2,9.4,9.2,9.2,9.4,9.2,9.4,9.7,9.6,9.7,9.3,9.4,9.8,9.7,10.0,9.7,9.7,10.0,9.8,9.9,10.0,9.9
018130,9.1,9.1,9.2,9.1,8.9,9.2,9.0,9.3,9.1,9.4,9.4,9.2,9.4,9.3,9.3,9.4,9.5,9.8,9.4,9.4,9.8,9.3,9.4,9.5,9.5
018131,8.6,8.8,8.7,8.9,9.1,9.2,9.1,9.0,9.3,9.8,9.8,9.8,10.1,9.8,10.4,10.1,10.3,10.4,10.7,10.8,10.9,10.7,10.9,10.8,11.1
018133,8.9,8.9,9.4,9.3,9.1,9.3,9.4,9.4,9.5,9.7,9.7,9.7,9.5,9.9,9.7,10.0,9.9,10.0,9.7,10.2,10.3,10.1,10.5,9.8,10.2
018134,8.1,8.1,8.1,8.3,8.2,8.3,8.3,8.6,8.6,8.7,8.9,8.8,8.8,9.1,8.8,8.8,8.7,8.7,8.8,9.0,9.5,9.3,9.0,9.2,9.5
018135,9.0,8.9,9.1,9.2,9.1,8.9,9.1,9.3,9.2,9.3,9.6,9.2,9.6,9.7,9.8,9.5,9.7,9.8,9.8,9.8,9.8,10.1,9.9,9.9,9.7
018136,9.1,9.3,8.9,9.1,9.3,9.1,9.1,8.9,9.3,9.2,9.9,9.8,10.1,10.0,9.8,10.0,9.9,9.9,9.9,10.4,10.3,10.3,10.4,10.3,10.3
018137,9.9,9.9,9.9,9.7,10.0,10.1,10.3,10.6,10.5,11.4,11.1,11.4,11.5,11.7,11.7,11.7,11.7,11.8,12.2,11.9,12.7,12.6,12.7,12.6,12.7
018138,8.4,8.5,8.8,8.7,8.4,8.6,8.8,8.8,8.9,9.2,9.2,9.0,9.3,9.3,9.5,9.6,9.5,9.7,9.8,10.1,9.9,9.7,9.8,9.8,10.1
018139,9.1,9.1,9.1,9.3,9.4,9.4,9.5,9.5,9.5,10.1,10.1,10.4,10.4,10.5,10.7,10.7,10.7,11.0,11.0,11.2,11.0,11.2,11.3,11.6,11.9
018140,8.4,8.6,8.6,8.6,8.5,8.2,8.7,8.6,8.5,8.8,8.9,9.0,9.0,8.9,9.1,9.3,9.1,9.0,9.2,9.4,9.6,9.3,9.3,9.4,9.3
018141,8.9,8.9,9.0,8.8,8.9,8.8,8.9,9.3,9.3,9.6,9.5,9.4,9.6,9.6,9.5,9.4,9.5,9.4,9.6,9.8,9.8,10.0,9.5,9.7,9.6
018142,8.9,9.1,9.3,9.3,9.4,9.4,9.4,9.7,9.6,10.0,10.5,10.3,10.4,10.3,10.7,10.6,10.6,10.6,10.8,10.8,11.1,10.9,10.9,11.3,10.9
018143,9.2,9.2,9.3,9.2,9.4,9.7,9.7,9.6,9.8,9.9,10.3,10.0,10.0,10.4,10.2,10.8,10.3,10.7,10.7,10.6,10.8,11.1,11.0,11.1,11.3
018144,9.0,9.2,9.2,9.0,9.4,9.3,9.6,9.6,9.6,10.1,9.9,10.3,10.2,10.8,10.5,10.7,10.8,11.2,11.3,11.1,11.8,11.4,11.6,11.4,12.1
018145,8.5,8.6,8.6,8.9,8.7,8.9,9.0,9.0,9.2,9.4,9.5,9.5,9.7,9.6,9.7,9.9,10.2,9.8,10.1,10.2,10.7,10.4,10.6,10.7,10.5
018146,9.1,8.9,9.3,9.0,9.6,9.1,9.3,9.2,9.3,9.7,9.7,9.8,10.2,9.8,9.6,10.2,10.1,10.0,10.5,10.1,10.3,10.2,10.2,10.4,10.6
018147,9.0,8.9,9.1,9.1,9.2,9.1,9.4,9.3,9.3,9.7,9.9,10.0,10.2,10.0,9.8,10.1,10.1,10.1,10.2,10.3,10.4,10.3,10.4,10.3,10.5
018148,7.7,7.8,7.9,7.7,7.6,7.9,7.8,7.8,7.9,8.2,8.2,8.3,8.6,8.6,8.6,8.3,8.5,8.2,8.7,8.8,8.9,8.5,8.8,8.7,8.8
018149,8.2,8.3,8.2,8.2,8.4,8.5,8.3,8.3,8.5,8.6,8.8,8.6,8.9,9.1,8.9,8.9,9.0,8.9,9.0,9.0,9.1,9.2,8.9,9.3,9.0
018150,9.0,9.4,8.9,9.3,9.1,9.0,9.4,9.2,9.3,9.8,9.5,9.6,9.5,9.7,9.6,9.7,9.7,9.8,10.2,9.7,10.0,9.6,10.0,9.8,10.1
018151,8.8,8.9,8.9,8.9,9.1,9.0,9.1,9.1,9.2,9.5,9.5,9.4,9.7,9.5,9.4,9.8,9.6,9.9,9.9,9.6,10.2,10.1,10.1,10.2,9.9
018152,6.4,6.6,6.5,6.5,6.6,6.6,6.6,6.6,6.7,7.0,7.0,6.9,6.9,7.0,6.8,7.0,7.0,7.2,7.1,7.2,7.1,7.3,7.2,7.3,7.3
018153,7.0,7.1,7.2,7.2,7.2,7.0,7.1,7.2,7.4,7.5,7.2,7.4,7.2,7.6,7.5,7.3,7.3,7.4,7.4,7.3,7.6,7.1,7.4,7.4,7.2
018154,7.9,7.7,7.7,7.8,7.8,7.8,8.0,8.0,7.9,8.5,8.3,8.4,8.3,8.7,8.5,8.6,8.7,8.5,8.6,8.9,8.7,8.6,8.9,8.9,9.0
018155,7.2,7.1,7.0,7.2,7.1,7.2,7.3,7.3,7.3,7.6,7.8,7.8,7.8,7.9,8.1,7.9,7.8,8.1,8.0,8.3,8.7,8.2,8.2,8.3,8.0
018156,8.2,8.3,8.2,8.3,8.5,8.4,8.5,8.4,8.6,8.6,9.0,8.9,9.1,8.8,8.9,8.9,8.9,9.1,8.9,9.1,9.4,9.2,9.4,9.2,9.5
018157,7.5,7.5,7.6,7.5,7.6,7.5,7.5,7.7,7.5,8.0,8.1,8.0,8.2,8.4,8.2,8.0,8.2,8.3,8.3,8.5,8.4,8.5,8.3,8.5,8.6
018158,7.7,7.6,7.8,7.9,8.0,8.0,8.0,8.0,8.0,8.5,8.5,8.5,8.7,8.6,8.8,8.6,8.9,8.8,8.8,8.8,9.1,9.2,9.2,9.2,9.2
018159,9.7,9.6,9.4,9.5,9.4,9.9,9.8,9.9,9.7,10.2,10.3,10.5,10.4,10.5,10.5,10.5,10.4,10.5,10.5,10.6,11.2,10.8,11.2,11.0,10.8
018160,8.1,8.6,8.7,8.5,8.7,8.6,8.9,8.8,8.9,8.8,8.9,9.1,9.4,9.2,9.3,9.3,9.5,9.4,9.4,9.6,9.6,9.5,9.5,9.9,9.9
018161,8.8,8.9,8.9,9.4,9.2,9.4,9.5,9.3,9.4,10.4,10.1,10.3,10.4,10.5,10.7,10.7,10.6,11.2,10.9,11.6,11.8,11.5,11.6,12.3,11.7
018162,9.2,8.9,9.0,9.1,9.2,8.9,9.2,9.0,8.9,9.3,9.1,9.2,9.3,9.3,9.3,8.9,9.4,9.4,9.4,9.1,9.3,9.2,9.1,9.2,9.2
018163,8.5,8.8,8.9,8.7,8.9,9.4,9.3,9.2,9.4,9.7,9.8,9.8,10.2,10.2,10.3,10.4,10.4,10.2,10.7,10.8,11.2,11.1,11.3,11.1,11.0
018164,7.7,7.8,8.0,8.1,7.9,8.2,8.3,8.4,8.1,8.7,8.8,8.9,8.8,9.3,9.1,9.0,9.3,9.1,9.3,9.5,9.7,9.6,9.6,9.9,10.0
018165,8.1,8.1,8.4,8.4,8.4,8.4,8.6,8.4,8.6,8.9,8.8,9.2,9.0,9.4,9.6,9.3,9.5,9.6,9.7,9.8,10.0,9.8,10.0,10.0,9.8
018166,7.2,7.4,7.5,7.6,7.6,7.7,7.6,7.7,7.7,8.3,8.2,8.2,8.3,8.3,8.3,8.5,8.5,8.8,8.6,8.6,8.8,8.9,8.7,8.9,9.2
018167,9.2,9.0,9.1,9.4,9.3,9.6,9.4,9.7,9.8,10.0,10.3,10.1,10.2,10.1,10.7,10.6,10.6,10.9,11.0,10.9,11.4,11.0,11.1,11.4,11.0
018168,8.1,8.2,8.5,8.3,8.5,8.3,8.5,8.7,8.8,9.1,9.2,9.0,9.0,9.3,9.5,9.4,9.4,9.3,9.5,9.6,9.9,9.8,10.0,9.9,10.2
018169,8.6,8.7,8.7,9.1,8.8,9.5,9.5,9.5,9.2,9.9,9.7,10.1,10.1,10.0,10.3,10.2,10.6,10.7,10.8,10.8,11.0,11.3,11.3,11.0,11.1
018171,8.5,8.3,8.7,8.5,8.6,8.9,8.8,9.1,9.1,9.4,9.7,9.8,9.8,9.9,10.1,10.3,10.4,10.4,10.5,10.5,10.9,10.6,10.7,11.0,10.9
018172,7.9,8.1,8.0,7.8,8.1,8.2,8.2,8.1,8.1,8.4,8.4,8.4,8.4,8.6,8.4,8.8,8.7,8.6,8.7,8.8,8.8,8.8,9.1,8.7,8.6
018173,8.1,8.2,8.3,8.3,8.1,8.4,8.3,8.5,8.5,8.7,8.9,9.1,8.9,9.0,9.4,9.3,9.7,9.5,9.4,9.9,9.9,9.9,9.9,9.8,10.2
018174,9.9,10.3,9.9,10.2,10.1,10.6,10.3,10.2,10.7,10.7,10.2,11.0,10.9,11.0,11.0,11.0,11.2,11.3,11.1,11.1,11.6,11.0,11.6,11.3,11.4
018175,8.2,8.4,8.4,8.4,8.2,8.5,8.6,8.7,8.7,9.0,9.2,9.2,9.5,9.6,9.7,9.7,9.4,9.7,9.6,9.8,10.0,9.9,10.5,10.0,10.2
018176,8.8,8.8,9.1,9.0,8.9,8.7,9.0,8.9,9.1,9.4,9.4,9.5,9.4,9.5,9.4,9.4,9.5,9.6,9.7,9.4,9.7,9.6,9.7,9.5,9.3
018177,8.2,8.6,8.7,8.6,8.6,8.8,8.9,9.1,8.7,9.3,9.5,9.5,9.5,9.7,9.4,9.7,9.7,9.8,9.9,10.0,10.1,10.2,10.3,10.1,10.2
018178,8.5,8.9,8.7,8.9,9.0,9.0,9.4,9.1,9.1,9.6,9.8,9.9,10.0,9.6,9.9,10.0,10.4,10.4,10.1,10.7,10.7,10.5,10.7,10.7,10.8
018179,8.6,8.6,8.6,8.8,8.7,8.8,8.8,8.5,8.9,9.1,9.1,9.2,8.9,9.3,9.1,9.1,9.2,9.4,9.0,9.3,9.4,9.5,9.6,9.5,9.3
018180,7.8,8.2,8.1,8.1,8.3,8.2,8.4,8.4,8.4,8.6,8.6,8.9,8.9,8.8,9.0,8.9,8.9,9.0,9.4,8.9,9.2,9.2,9.2,9.4,9.4
018181,9.2,9.1,9.3,9.0,9.3,9.5,9.5,9.2,9.6,10.1,10.2,10.3,10.4,10.3,10.5,10.6,10.6,10.9,10.9,10.7,10.9,11.0,11.0,10.8,11.1
018182,8.6,8.8,9.2,8.9,8.8,9.1,9.2,9.2,9.5,9.8,10.0,9.9,9.9,10.0,9.9,10.1,10.6,10.2,10.3,10.7,10.8,10.5,10.9,10.9,11.2
018183,9.3,9.2,9.4,9.1,9.7,9.6,9.7,9.9,9.9,10.1,10.1,10.3,10.7,10.9,10.4,10.7,10.8,10.8,10.9,11.2,11.2,11.0,11.2,11.5,11.3
018184,7.9,8.0,8.1,8.0,8.2,8.1,8.3,8.1,8.4,8.5,8.6,8.8,8.3,8.4,8.4,8.9,8.7,9.0,9.0,8.9,9.0,8.9,8.7,8.9,9.1
018185,8.2,8.4,8.4,8.5,8.3,8.6,8.6,8.7,8.7,9.0,9.1,9.1,8.9,8.8,9.0,9.3,9.1,9.3,9.1,9.1,9.4,9.3,9.4,9.3,9.3
018186,7.5,7.6,7.6,7.6,7.7,7.8,7.5,7.8,7.7,8.2,8.0,8.4,8.1,8.1,8.1,8.2,8.3,8.3,8.3,8.2,8.5,8.5,8.4,8.5,8.5
018187,9.4,9.7,9.5,9.6,9.9,9.6,9.6,9.9,9.9,10.2,10.3,10.6,10.4,10.6,10.4,10.3,10.6,10.5,10.9,10.6,10.9,10.7,10.7,10.9,11.2
018188,7.9,7.9,7.8,7.9,8.0,7.8,7.8,7.9,7.9,8.1,8.0,8.3,8.1,8.2,8.1,8.1,8.2,8.3,8.2,8.0,8.5,8.5,8.3,8.3,8.1
018189,8.7,8.5,9.1,9.0,9.2,9.2,9.4,9.2,9.5,9.9,10.2,10.2,10.5,10.5,10.7,10.9,11.4,11.4,11.5,11.7,11.9,11.5,11.8,12.3,12.8
018190,7.9,7.9,7.8,8.1,8.0,8.2,8.0,8.1,8.2,8.4,8.3,8.7,8.5,8.7,8.8,8.7,8.9,8.6,8.5,8.9,9.0,8.8,8.7,8.6,8.9
018191,7.5,7.5,7.5,7.5,7.8,7.5,7.8,7.6,7.8,7.8,8.0,8.1,8.1,8.2,8.3,8.4,8.2,8.2,8.5,8.4,8.7,8.6,8.7,8.6,8.6
018192,7.9,7.9,8.2,7.8,8.2,8.5,8.3,8.2,8.1,8.6,8.9,8.9,8.6,8.7,8.9,9.0,8.9,9.1,8.9,8.9,9.2,9.4,9.3,9.5,9.3
018193,8.2,8.2,8.4,8.4,8.4,8.6,8.7,8.7,8.7,9.0,9.1,9.3,9.3,9.2,9.3,9.2,9.6,9.6,9.4,9.8,9.9,9.7,10.2,9.8,10.0
019001,10.1,10.0,10.1,10.1,9.9,10.1,10.3,10.2,10.0,10.5,10.6,10.5,10.5,10.6,10.9,10.9,11.1,11.0,10.6,10.9,11.1,10.8,10.6,10.7,11.1
019002,7.4,7.3,7.6,7.5,7.5,7.3,7.6,7.6,7.5,7.9,8.1,8.0,7.9,8.0,8.2,8.0,8.4,8.1,8.4,8.4,8.6,8.5,8.6,8.5,8.7
019003,7.4,7.1,7.1,7.2,7.3,7.3,7.6,7.6,7.5,7.9,7.8,8.3,8.0,8.1,8.1,8.2,8.4,8.3,8.6,8.7,8.8,8.6,8.8,9.0,9.0
019004,7.4,7.6,7.6,7.6,7.6,8.0,7.9,7.8,7.9,8.3,8.3,8.1,8.5,8.6,8.7,8.6,8.7,8.8,8.9,8.8,9.2,9.1,9.2,9.0,9.3
019005,9.7,9.5,9.7,9.9,9.7,9.9,10.0,10.2,9.8,10.2,10.3,10.6,10.2,10.5,10.7,11.0,10.8,10.8,10.7,10.6,11.3,11.0,11.2,11.2,11.2
019006,9.1,9.2,9.2,9.3,9.2,9.6,9.5,9.9,9.8,10.3,10.3,10.7,10.2,11.0,10.6,10.8,11.2,11.4,11.3,11.0,11.9,11.6,11.5,11.5,12.0
019007,9.5,9.8,10.0,10.2,10.1,10.4,10.2,10.8,10.7,10.8,11.4,11.4,11.6,11.1,11.6,11.5,12.2,12.0,12.0,12.4,12.3,12.9,12.6,12.7,12.6
019009,8.0,8.3,8.3,8.5,8.4,8.4,8.9,8.8,8.9,9.2,9.1,9.2,9.3,9.7,9.8,9.5,10.0,10.1,10.2,10.0,10.3,10.5,10.6,10.8,11.0
019010,9.7,10.3,9.7,9.9,9.7,9.8,9.8,10.4,10.2,10.4,10.7,10.9,11.0,11.1,10.8,10.7,11.0,10.7,11.0,10.8,11.1,11.3,11.4,10.9,11.1
019011,9.2,9.5,9.3,9.5,9.7,9.7,9.7,9.9,9.9,10.6,10.5,10.7,10.5,10.7,11.0,10.8,11.0,11.3,11.0,11.3,12.0,11.6,11.1,11.7,11.5
019012,9.2,9.5,9.6,9.3,9.6,10.0,9.7,10.0,9.8,10.5,10.5,10.4,10.7,10.9,10.5,10.8,10.8,11.0,11.0,11.5,11.4,11.4,11.6,11.8,12.1
019013,6.7,6.8,6.8,6.8,6.9,6.8,7.1,7.0,6.9,7.1,7.0,6.9,6.9,7.1,6.9,7.2,7.1,7.1,7.0,7.0,7.2,7.1,7.0,7.2,7.0
019014,8.1,8.3,8.5,8.3,8.3,8.3,8.6,8.2,8.3,8.5,8.5,8.5,8.5,8.9,8.8,8.9,8.7,8.6,8.9,9.0,9.1,9.2,8.8,8.8,9.4
019015,7.7,7.6,7.8,7.8,7.7,7.9,8.1,8.0,8.0,8.4,8.2,8.3,8.5,8.5,8.4,8.8,8.8,8.8,8.7,8.6,8.9,8.8,9.0,9.1,9.0
019016,8.7,8.6,8.7,9.0,8.9,9.1,9.0,9.2,9.1,9.3,9.6,9.7,9.5,9.6,9.8,10.2,9.6,9.9,10.2,9.9,9.8,9.9,10.0,9.9,10.3
019017,6.7,6.7,6.7,6.9,6.9,7.0,7.0,7.1,7.0,7.2,7.6,7.3,7.3,7.3,7.5,7.4,7.6,7.7,7.6,7.6,7.8,7.6,7.5,7.6,7.9
019018,7.9,7.9,8.0,8.1,8.1,8.2,8.3,8.2,8.4,8.8,8.3,8.8,8.5,8.7,8.7,8.6,8.7,8.8,8.8,9.0,9.3,8.9,9.1,9.1,9.0
019019,10.0,9.8,10.4,10.3,10.2,10.4,10.5,11.0,10.9,11.9,11.7,11.9,11.6,12.2,12.5,12.4,12.6,12.8,12.8,13.1,13.5,13.5,13.6,14.1,13.7
019020,8.8,8.8,8.9,8.7,8.8,8.7,8.8,8.8,9.0,8.9,8.8,9.0,8.7,8.8,8.9,8.7,8.9,8.9,8.8,8.7,9.0,8.6,8.6,8.8,8.7
019021,7.8,7.8,7.9,8.1,7.9,8.0,8.0,8.2,8.1,8.6,8.5,8.6,8.7,8.9,9.0,8.8,9.2,9.1,9.1,9.1,9.3,9.3,9.3,9.4,9.5
019022,8.9,8.9,9.4,9.0,9.1,9.3,9.3,9.3,9.5,9.7,9.5,9.8,9.7,9.6,10.0,9.8,9.9,9.9,10.4,10.1,10.1,10.3,10.4,10.2,10.2
019023,8.3,8.7,8.3,8.6,8.7,8.9,8.9,9.1,9.1,9.5,9.4,9.6,9.9,9.7,9.9,10.2,10.1,10.3,10.1,10.5,10.7,10.6,10.9,10.8,10.6
019024,7.0,7.0,7.1,7.1,7.2,7.4,7.2,7.5,7.6,7.9,7.9,7.6,8.0,7.7,8.1,8.0,8.1,8.2,8.1,8.1,8.4,8.4,8.6,8.5,8.5
019025,8.7,8.8,9.1,8.9,9.1,9.2,9.4,9.7,9.6,10.0,10.0,10.4,10.3,10.0,10.7,10.4,10.2,10.2,10.5,10.9,11.2,11.1,11.2,11.3,11.3
019026,8.5,8.6,8.5,8.5,8.7,8.4,8.6,8.6,8.8,9.0,8.8,8.9,8.8,9.0,8.9,8.9,8.8,8.6,8.9,9.2,9.2,9.0,8.8,9.1,9.0
019027,8.0,8.1,7.9,8.0,8.0,7.9,8.1,8.0,7.9,8.3,8.4,8.2,8.3,8.3,8.3,8.4,8.3,8.0,8.2,8.5,8.5,8.1,8.3,8.4,8.3
019028,8.4,8.3,8.6,8.7,8.7,8.7,9.0,9.0,9.1,9.2,9.2,9.4,9.4,9.2,9.5,9.6,9.6,9.6,9.8,9.9,10.2,9.9,10.0,10.0,10.4
019029,8.1,8.1,8.3,8.4,8.5,8.2,8.3,8.6,8.7,8.8,8.8,8.6,8.5,8.6,8.5,8.6,8.9,8.8,8.8,8.9,9.0,8.8,8.7,8.7,9.1
019030,8.4,8.4,8.5,8.5,8.3,8.5,8.5,8.7,8.7,8.7,8.8,9.0,9.0,9.1,9.2,9.1,9.2,9.4,9.3,9.3,9.6,9.1,9.2,9.5,9.6
019031,7.9,8.3,8.0,7.9,8.3,8.2,8.0,8.2,8.3,8.6,8.7,8.5,8.7,8.6,8.5,8.9,9.0,8.9,8.8,8.7,8.7,9.0,9.2,8.7,8.9
019032,8.8,9.1,9.2,9.4,9.4,9.7,9.6,9.6,9.7,9.6,10.2,10.3,10.3,10.5,10.5,10.7,10.6,10.9,10.8,11.1,11.8,11.1,11.3,11.4,11.6
019033,7.1,7.5,7.4,7.3,7.5,7.5,7.5,7.7,7.5,7.9,7.8,8.0,7.9,8.1,8.1,7.9,8.1,8.3,8.5,8.3,8.5,8.4,8.4,8.3,8.5
019034,10.2,10.1,10.3,10.4,10.3,10.5,10.6,10.6,11.0,11.1,11.2,11.2,11.6,11.4,11.7,11.8,12.1,11.8,11.9,11.8,12.3,11.6,12.3,12.6,12.9
019035,9.5,9.5,9.7,9.7,9.8,9.6,9.9,9.8,9.8,10.1,10.4,10.2,10.1,10.4,10.7,10.5,10.5,10.7,10.7,10.9,11.1,10.6,11.0,10.7,11.3
019036,9.7,9.2,9.2,9.5,9.4,9.3,9.3,9.5,9.4,9.5,9.7,9.6,10.0,9.7,9.9,9.4,9.5,9.2,9.7,9.6,9.9,9.5,9.8,9.5,9.7
019037,9.8,10.1,10.3,10.1,10.4,10.4,10.3,10.6,10.8,11.2,11.4,11.2,11.6,11.6,11.6,12.1,11.9,12.1,12.0,12.7,12.9,12.8,13.1,12.9,12.8
019038,8.8,9.1,9.3,9.2,9.2,9.1,9.5,9.5,9.2,9.6,10.0,9.7,10.1,9.9,9.8,10.4,10.1,10.4,10.1,10.3,10.8,10.4,10.8,10.7,10.6
019039,7.3,7.0,7.3,7.5,7.5,7.4,7.7,7.8,7.7,8.1,8.0,7.8,8.1,8.0,8.1,8.4,8.5,8.3,8.5,8.3,8.5,8.5,8.4,8.8,8.5
019040,10.1,10.1,10.5,10.6,10.5,10.2,10.5,10.5,10.7,10.7,11.4,11.3,11.6,11.5,11.5,11.6,11.5,11.4,11.9,12.3,12.4,12.5,12.5,12.3,12.5
019041,10.6,10.4,10.7,10.8,11.0,11.3,10.7,11.0,11.2,11.5,11.9,12.0,12.0,12.0,11.9,12.1,12.2,13.0,13.2,12.4,13.1,12.8,12.8,12.7,13.0
019043,7.8,7.7,7.7,7.6,7.8,8.0,7.9,7.9,8.3,8.4,8.4,8.6,8.4,8.7,8.5,8.7,8.5,8.7,8.8,8.8,9.0,8.8,9.3,9.1,9.2
019044,7.9,7.8,8.0,7.9,8.2,8.3,8.4,8.2,8.2,8.5,8.6,8.3,8.9,8.8,9.1,9.0,8.9,9.3,9.2,9.4,9.4,9.6,9.4,9.5,9.8
019045,7.7,8.0,7.9,8.0,8.0,8.2,8.2,8.1,8.1,8.4,8.4,8.7,8.7,8.7,8.9,8.7,8.7,8.9,9.0,8.9,9.3,9.3,9.0,9.3,9.2
019046,8.3,8.2,8.3,8.1,8.2,8.1,8.1,8.1,8.2,8.3,8.2,8.3,8.3,8.3,8.3,8.2,8.3,8.5,8.2,8.1,8.5,8.3,8.1,8.4,8.1
019047,9.7,10.1,9.9,9.9,10.2,10.3,10.1,10.0,10.6,10.9,10.9,10.8,11.0,11.0,11.0,11.3,11.0,11.2,11.5,11.5,11.6,11.5,11.5,11.7,11.8
019048,9.9,9.7,9.7,9.6,9.6,9.6,9.8,9.6,10.1,10.2,9.8,10.2,10.4,10.4,10.0,10.5,10.2,10.6,10.5,10.1,10.6,10.3,10.5,10.7,10.6
019049,11.0,10.7,10.9,11.3,11.3,11.4,11.6,11.2,11.8,12.1,12.7,12.5,12.7,12.2,12.9,12.9,13.0,13.0,13.6,13.7,13.7,13.7,13.7,14.0,13.9
019050,8.4,8.9,8.9,9.1,9.1,9.0,9.2,9.2,9.4,9.8,9.6,9.9,9.9,10.0,9.9,10.2,10.3,10.2,10.4,10.6,10.9,10.7,10.6,10.9,11.0
019051,9.5,9.8,9.9,9.9,10.1,10.6,10.3,10.1,10.2,11.1,11.0,11.2,11.3,11.5,11.6,11.8,11.8,11.8,12.1,12.4,12.6,12.3,12.5,12.6,13.0
019052,8.0,8.3,8.1,8.1,8.5,8.5,8.4,8.3,8.6,8.4,9.0,8.9,8.8,9.1,9.0,8.9,9.0,9.1,9.2,9.1,9.5,9.5,9.6,9.6,9.9
019053,8.1,8.3,8.3,8.2,8.6,8.4,8.6,8.7,8.7,9.2,9.1,9.5,9.5,9.6,9.5,9.2,9.8,9.9,10.1,10.1,10.4,10.5,10.3,10.2,10.4
019054,8.7,8.7,8.9,9.0,8.8,8.7,9.0,9.0,9.2,9.7,9.6,9.6,9.8,9.8,9.8,9.7,10.2,9.6,10.1,10.5,10.6,10.5,10.4,10.7,10.7
019055,9.4,9.3,9.4,9.6,9.5,9.8,9.9,9.6,9.9,9.9,10.4,10.6,10.7,11.0,11.2,11.0,10.8,11.1,11.3,11.5,11.5,11.6,11.6,12.1,12.4
019056,9.4,9.3,9.2,9.4,9.5,9.4,9.7,9.7,9.7,9.5,10.2,10.3,9.9,10.0,10.0,10.2,10.0,10.2,10.4,10.5,10.5,10.8,10.7,10.6,10.5
019057,8.8,9.1,8.5,8.9,8.9,9.2,9.0,8.8,9.1,9.6,9.4,9.8,9.7,9.2,9.7,9.8,9.6,10.0,9.7,10.1,10.5,10.1,10.3,10.1,10.2
019058,10.6,10.6,10.9,10.6,10.8,11.2,10.9,11.0,11.4,12.1,12.6,12.2,12.9,12.9,12.9,12.6,13.2,13.1,13.0,14.0,14.3,13.6,13.8,14.1,14.1
019059,8.1,8.3,8.1,8.1,8.3,8.4,8.7,8.8,8.6,9.0,9.0,9.4,9.4,9.6,9.6,9.7,9.9,10.1,10.1,9.8,10.5,10.1,10.4,10.3,10.7
019060,7.5,7.6,7.8,7.8,7.8,7.9,8.0,8.1,8.1,8.7,8.8,8.8,8.5,8.8,9.0,9.2,9.4,8.9,9.3,9.3,9.7,9.6,9.6,9.7,9.6
019061,8.9,8.6,8.6,8.7,8.9,8.8,9.1,9.1,9.1,9.7,9.4,9.8,9.9,9.9,10.0,9.9,10.1,9.7,9.9,10.2,10.8,10.4,10.5,10.4,10.6
019062,11.0,10.8,11.0,11.0,11.1,11.2,11.0,11.2,11.3,11.9,11.9,11.9,12.0,12.5,12.3,12.4,12.5,12.5,12.5,12.5,13.3,12.7,13.1,12.9,13.3
019063,9.8,9.4,9.8,9.5,9.6,10.1,10.2,10.1,10.1,10.6,10.9,10.4,10.9,10.6,11.0,11.1,10.9,11.1,11.2,11.4,11.6,11.4,11.6,11.6,11.7
019064,8.7,9.1,9.3,9.3,9.4,9.5,9.2,9.6,9.7,9.6,9.8,10.1,9.9,10.0,9.9,10.6,10.2,10.3,10.2,10.7,10.9,10.8,10.9,11.1,10.7
019065,7.8,7.9,7.9,8.1,8.0,8.1,8.4,8.5,8.3,8.7,8.7,8.7,8.8,9.3,9.0,9.2,9.2,9.4,9.2,9.4,9.6,9.5,9.8,9.7,10.1
019066,9.4,9.5,9.7,9.6,9.5,9.5,9.3,9.6,9.6,10.1,9.9,10.1,10.0,9.9,9.8,9.7,10.0,10.0,9.9,10.3,10.5,10.5,10.4,10.5,10.6
019067,9.2,9.1,9.2,9.6,9.7,9.4,9.4,9.7,9.8,10.2,10.3,10.0,10.6,10.5,11.1,10.5,11.2,11.2,11.0,11.3,11.4,11.3,11.4,11.1,11.6
019068,8.4,8.6,8.6,8.7,8.5,8.7,8.6,8.7,9.0,8.9,8.9,8.8,8.9,9.1,9.5,9.6,9.3,9.4,9.2,9.4,9.5,9.2,9.4,9.2,9.5
019069,9.4,9.5,9.2,9.2,9.6,9.3,9.6,9.3,9.3,9.9,9.7,9.8,9.6,9.7,9.5,9.7,9.6,9.8,9.9,9.5,9.8,9.8,9.9,9.8,9.7
019070,8.7,8.8,8.7,9.0,9.0,9.1,9.0,8.9,9.3,9.3,9.6,9.6,9.6,9.5,9.6,9.9,9.9,9.8,9.9,10.3,10.6,10.4,10.0,10.1,10.4
019072,7.3,7.2,7.3,7.2,7.2,7.3,7.5,7.6,7.5,7.8,7.9,7.8,7.9,7.9,7.9,8.0,8.1,8.1,8.2,8.2,8.3,8.4,8.5,8.2,8.2
019073,8.4,8.5,8.5,8.6,8.6,8.5,8.5,8.7,8.6,8.8,9.0,9.2,9.0,9.0,9.1,9.4,9.5,9.3,9.3,9.4,9.4,9.3,9.3,9.6,9.6
019074,8.8,8.9,9.2,9.2,9.2,9.3,9.2,9.6,9.6,9.7,9.8,10.0,10.3,10.0,10.2,10.3,10.6,10.5,10.7,10.8,10.9,10.6,10.6,10.7,11.2
019075,7.3,7.4,7.6,7.4,7.6,7.5,7.6,7.5,7.7,7.7,7.8,8.3,8.0,8.0,8.2,8.2,8.1,8.2,8.2,8.4,8.7,8.1,8.3,8.4,8.3
019076,8.2,8.4,8.5,8.3,8.5,8.9,8.8,9.1,8.8,9.4,9.6,9.5,9.7,9.7,9.9,10.0,10.1,9.7,10.3,10.5,10.5,10.3,10.6,10.5,10.7
019077,9.6,9.3,9.6,9.4,9.5,9.6,9.6,9.8,9.9,10.6,10.4,10.4,10.5,10.4,10.7,10.6,10.3,10.9,10.9,10.9,11.3,11.3,10.8,11.6,11.3
019078,8.0,8.0,8.1,8.2,8.0,8.3,8.3,8.2,8.3,8.7,8.9,8.9,9.1,9.3,9.1,9.4,9.3,9.0,9.7,9.7,10.1,9.7,9.8,10.5,10.0
019079,8.3,8.5,8.5,8.5,8.4,8.5,8.5,8.7,8.8,9.3,9.1,9.4,9.4,9.7,9.5,10.3,9.4,9.6,9.9,10.0,10.7,10.2,10.2,10.3,10.5
019080,8.5,8.8,8.9,9.0,9.0,8.8,9.2,9.0,9.1,9.6,9.6,9.3,9.6,9.7,9.8,9.9,9.8,10.0,10.0,9.7,10.2,9.6,10.0,10.3,10.4
019081,7.3,7.3,7.5,7.5,7.8,7.6,7.7,7.8,7.8,7.9,8.2,8.2,8.4,8.5,8.5,8.3,8.4,8.6,8.7,8.3,9.2,8.7,9.0,8.9,8.6
019082,7.3,7.1,7.2,7.1,7.3,7.3,7.5,7.6,7.7,7.8,7.7,8.1,7.9,7.8,8.0,8.2,8.1,8.2,8.1,8.2,8.2,8.1,8.4,8.7,8.4
019083,8.7,8.9,8.8,8.6,8.8,8.8,9.0,9.0,9.1,9.5,9.4,9.5,9.8,9.6,9.9,9.7,9.6,9.6,9.7,9.9,9.8,9.9,9.7,9.9,10.1
019084,9.2,9.1,9.4,9.5,9.6,9.7,9.4,10.2,9.8,10.4,10.8,10.7,10.7,11.3,11.4,11.3,11.7,11.4,12.0,11.7,12.0,12.1,12.2,12.7,13.1
019085,7.4,7.7,7.9,7.8,7.8,7.9,7.9,8.0,7.8,8.2,8.4,8.6,8.4,8.5,8.5,8.7,8.8,8.6,8.9,9.0,9.0,9.2,9.1,8.8,9.4
019086,9.3,8.9,9.2,9.4,9.3,9.3,9.7,9.7,9.7,10.4,10.3,10.4,10.3,10.8,10.6,11.0,10.9,11.0,11.4,10.9,11.8,11.8,11.6,11.6,12.2
019087,8.6,8.8,8.9,9.1,9.5,9.5,9.3,9.7,9.9,10.0,10.2,10.3,10.6,10.7,11.1,11.0,11.3,11.2,11.6,11.6,12.0,12.2,12.2,12.0,12.4
019088,7.7,8.0,7.9,8.0,8.0,8.2,8.3,8.6,8.5,8.8,8.9,9.0,9.4,9.6,9.5,9.6,9.6,9.7,10.1,10.1,10.6,10.3,10.4,10.7,11.0
019089,8.3,8.3,8.6,8.7,8.8,8.6,8.5,8.7,8.5,8.8,8.7,8.8,8.7,9.1,9.0,8.7,8.8,9.1,9.0,9.2,9.3,9.1,9.2,9.0,9.1
019090,8.8,8.7,9.1,9.1,9.4,9.0,9.3,9.2,9.6,9.8,9.8,9.9,9.7,10.1,10.1,10.1,10.2,10.2,10.2,10.5,10.8,10.7,10.7,10.9,10.9
019091,9.0,9.0,9.1,9.3,9.6,9.6,9.6,9.7,9.8,10.2,10.1,10.5,10.5,10.3,10.5,10.7,10.6,11.1,11.3,11.3,11.6,11.1,11.4,11.6,11.7
019092,10.0,10.1,9.9,10.1,10.0,10.2,10.0,10.1,10.0,10.3,10.5,10.7,10.8,10.7,11.0,10.8,11.2,11.2,11.3,11.1,11.3,11.0,11.2,11.4,11.5
019093,8.7,9.0,9.0,9.4,9.2,9.3,9.5,9.5,9.6,10.6,10.2,10.5,10.5,10.7,10.7,10.6,10.7,11.0,11.2,11.4,11.6,11.5,11.7,12.0,12.0
019094,9.7,9.5,9.4,9.8,10.0,9.4,10.0,9.8,10.1,10.5,10.9,10.3,10.6,10.8,10.9,11.1,11.2,11.1,10.9,11.1,11.6,11.6,11.5,12.1,11.6
019095,8.0,7.7,7.8,7.7,7.7,7.7,7.5,7.6,8.0,8.1,8.2,8.0,8.2,8.0,8.0,8.2,8.1,8.1,8.1,8.2,8.3,8.2,8.1,8.2,8.1
019096,8.9,9.1,9.1,9.2,9.3,9.3,9.3,9.6,9.6,10.0,9.7,9.7,10.3,9.9,10.4,10.2,10.2,10.2,10.5,10.4,11.0,10.8,10.9,10.8,10.8
019097,7.8,7.8,8.0,8.0,8.0,8.4,8.1,8.5,8.5,9.0,9.1,9.0,9.2,9.2,9.4,9.5,9.7,9.7,9.8,9.8,10.3,10.1,10.3,10.1,10.7
019098,8.6,8.7,8.8,8.9,8.4,8.6,8.5,8.8,8.6,8.7,9.0,9.0,8.9,9.2,9.0,9.0,9.1,9.0,8.8,8.9,9.1,9.0,8.8,9.0,8.8
019099,7.2,7.5,7.3,7.4,7.3,7.6,7.7,8.0,7.4,8.0,8.0,8.1,8.2,8.2,7.9,8.2,7.9,7.9,8.2,8.2,8.4,8.2,8.1,8.3,8.2
019100,8.6,8.5,8.7,8.6,8.8,8.9,8.8,8.7,8.9,9.0,9.3,9.3,9.4,9.2,9.1,9.6,9.4,9.5,9.3,9.3,9.6,9.6,9.5,9.7,9.7
019101,7.4,7.5,7.6,7.7,7.5,7.8,7.8,7.9,7.8,8.1,8.1,8.2,8.1,8.0,8.2,8.2,8.3,8.0,8.0,8.1,8.5,8.6,8.5,8.4,8.5
019102,8.6,8.3,8.4,8.4,8.4,8.6,8.0,8.4,8.4,8.7,8.7,8.8,8.6,8.4,8.4,8.7,8.8,8.7,8.8,8.6,8.8,9.0,8.7,9.1,8.6
019103,8.3,8.7,8.5,8.5,8.4,8.6,8.6,8.5,8.7,9.0,8.9,8.9,9.1,9.0,8.9,8.9,9.2,9.2,9.0,9.4,9.6,9.4,9.5,9.2,9.3
019104,8.8,8.8,8.6,9.1,9.1,9.1,9.1,8.9,9.1,9.6,9.6,9.8,10.2,10.0,10.2,10.4,10.1,10.3,10.2,10.6,10.8,10.7,10.9,11.0,10.9
019105,7.4,7.3,7.3,7.5,7.7,7.5,7.6,7.8,7.6,8.2,8.0,8.2,8.4,8.1,8.4,8.4,8.5,8.6,8.3,8.6,8.7,8.6,8.6,8.9,8.7
019106,8.5,8.4,8.5,8.4,8.4,8.7,8.9,8.8,8.7,9.6,9.4,9.4,9.8,9.6,9.5,9.8,10.2,10.0,9.9,10.2,10.2,10.2,10.4,10.4,10.3
019107,9.3,9.5,9.5,9.5,9.7,9.5,9.5,9.7,9.7,10.1,10.2,10.2,10.4,10.3,10.5,10.6,10.6,10.7,10.7,10.6,11.0,10.8,10.6,10.6,11.1
019108,9.1,9.1,9.1,9.2,9.5,9.2,9.5,9.2,9.5,9.8,10.0,10.0,10.0,10.0,9.6,9.9,9.9,9.9,10.0,10.2,10.5,10.2,10.3,10.4,10.0
019109,8.0,8.1,7.9,8.0,8.2,8.0,8.2,8.0,8.1,8.3,8.5,8.4,8.6,8.5,8.5,8.8,8.5,8.7,8.9,8.8,9.2,8.9,9.1,9.2,9.1
019110,9.3,9.2,9.2,9.3,9.2,9.4,9.4,9.5,9.4,9.6,9.9,10.0,9.9,9.9,10.4,10.1,10.3,10.0,10.5,10.2,10.4,10.2,10.3,10.5,10.5
019111,9.8,9.8,9.9,10.2,10.2,10.2,10.7,10.6,10.3,10.9,11.3,11.4,11.2,11.2,11.8,11.7,11.7,11.8,11.9,12.2,12.4,12.3,12.5,12.7,12.5
019112,9.4,9.5,9.8,9.8,9.6,9.6,9.9,9.7,9.8,10.0,10.2,10.3,10.3,10.3,10.4,10.3,10.6,10.6,10.9,10.8,10.4,11.1,10.7,10.8,11.2
019113,8.3,8.4,8.5,8.4,8.5,8.5,8.4,8.5,8.4,8.8,9.1,9.0,8.7,8.9,9.0,9.0,9.1,8.9,9.0,8.9,9.4,9.0,9.0,9.1,8.8
019114,7.8,8.2,8.4,8.1,8.2,8.4,8.5,8.5,8.6,9.1,9.3,9.3,9.3,9.7,9.7,9.9,9.9,10.0,10.0,10.0,10.8,10.4,10.5,10.3,10.5
019115,7.9,8.1,8.6,8.7,8.4,8.5,8.7,8.9,8.7,9.2,9.4,9.1,9.6,9.3,9.6,9.7,9.6,9.5,9.6,10.2,10.3,10.3,10.2,10.6,10.7
019116,8.3,8.1,8.2,8.3,8.1,8.2,8.6,8.1,8.2,8.7,8.7,8.7,8.9,9.1,8.9,9.3,9.4,9.2,9.3,9.3,9.3,9.3,9.2,9.3,9.6
020001,8.2,8.2,8.6,8.4,8.6,8.3,8.4,8.6,8.7,8.9,9.3,9.0,9.3,9.1,9.6,9.3,9.3,9.3,9.3,9.5,9.7,9.4,9.5,9.8,9.8
020002,7.4,7.6,7.7,7.5,7.5,7.8,7.6,7.6,7.5,7.8,7.8,7.7,7.9,7.7,7.7,7.5,7.8,7.8,7.6,7.8,7.9,7.7,7.5,7.7,7.5
020003,8.5,8.8,8.8,8.9,9.0,8.9,9.1,9.3,9.1,9.5,9.6,9.7,9.5,9.5,9.7,9.8,9.8,9.8,10.1,9.6,10.4,10.4,10.0,10.1,10.4
020007,9.3,9.4,9.5,9.6,9.4,9.7,9.6,9.4,9.7,9.9,10.1,10.3,10.1,10.2,10.7,10.5,10.6,10.2,10.7,10.9,11.1,11.0,10.9,11.0,11.1
020008,10.1,10.0,10.0,10.1,10.0,10.3,10.4,10.6,11.0,10.9,11.3,11.4,11.5,11.7,11.6,11.7,12.0,12.1,11.8,12.1,12.5,12.1,12.3,12.7,12.6
020010,8.9,8.7,9.0,9.2,9.1,9.3,9.4,9.5,9.4,9.9,10.0,10.0,10.2,10.5,10.8,10.7,10.8,10.8,11.3,11.2,11.9,11.3,11.5,11.8,11.9
020011,9.5,9.5,9.6,9.6,9.6,9.8,10.2,10.0,10.1,10.5,10.6,10.8,10.9,11.0,11.0,11.1,11.4,11.5,11.6,11.5,11.9,11.8,12.6,11.9,12.4
020012,8.4,8.3,8.7,8.8,8.8,8.8,8.8,8.9,9.0,9.1,9.7,9.3,9.2,9.4,9.4,9.7,9.9,9.7,9.7,9.9,9.8,9.6,10.0,10.2,10.3
020013,9.0,9.0,8.7,9.0,8.9,9.2,8.9,9.3,9.2,9.7,9.5,9.5,9.7,9.5,9.5,9.8,10.1,9.7,10.0,9.8,9.9,9.9,9.8,10.1,9.9
020014,8.4,8.8,8.6,8.5,8.6,8.6,8.9,9.1,8.9,9.2,9.3,9.4,9.2,9.2,9.6,9.3,9.4,9.7,9.6,9.6,9.9,9.9,10.1,9.9,9.9
020015,8.1,8.3,8.2,8.2,8.3,8.4,8.6,8.4,8.4,8.7,8.8,8.7,9.1,8.9,9.0,8.8,9.1,9.1,9.1,9.0,9.1,9.2,9.2,9.2,9.3
020016,7.8,7.8,7.9,8.0,8.0,8.2,8.1,8.5,8.5,8.6,8.6,8.8,8.9,8.8,9.1,9.0,8.7,9.2,9.1,9.3,9.5,9.1,9.4,9.6,10.0
020017,6.6,6.6,6.7,6.7,6.5,6.7,6.5,6.6,6.6,7.0,6.8,6.7,6.9,6.8,6.8,7.0,6.7,6.8,6.8,6.8,7.0,6.8,6.8,6.9,6.9
020018,9.6,9.9,9.7,10.0,10.1,10.1,10.0,10.3,10.3,10.9,10.8,11.0,10.6,11.3,11.2,11.5,11.3,11.4,12.0,11.7,12.1,12.0,12.0,12.1,12.5
020019,9.1,8.9,9.3,9.2,9.3,9.2,9.2,9.3,9.7,9.6,9.8,9.8,10.0,10.2,10.2,10.2,10.2,10.5,10.4,10.5,10.7,10.6,10.6,10.6,10.7
020020,8.5,8.3,8.5,8.7,8.9,8.8,9.0,9.1,8.9,9.5,9.5,9.9,9.8,10.0,10.0,10.0,10.3,10.1,10.3,10.4,10.6,10.6,11.1,11.1,11.3
020021,9.9,9.6,9.7,9.9,9.6,9.9,9.8,10.0,10.1,10.2,10.5,10.3,10.4,10.7,10.7,10.7,10.9,10.9,11.0,11.0,11.6,10.8,10.9,11.0,11.4
020022,8.7,8.7,8.7,8.6,8.8,9.1,9.1,8.8,8.8,9.2,9.5,9.4,9.0,9.2,9.5,9.6,9.3,9.4,9.6,9.6,9.9,9.2,9.5,9.6,9.4
020024,9.3,9.8,9.5,9.7,9.9,10.0,10.0,10.2,10.1,11.0,10.8,10.6,10.6,11.6,11.2,11.5,11.8,11.6,11.8,11.8,12.3,12.1,12.6,12.6,12.3
020025,6.7,6.6,6.7,6.9,6.8,6.9,6.8,6.8,6.9,7.0,7.3,7.5,7.3,7.3,7.4,7.5,7.5,7.5,7.6,7.3,7.7,7.8,7.7,7.9,7.9
020026,10.1,9.8,10.1,10.1,10.4,10.6,10.4,10.6,10.8,11.2,11.0,11.3,11.4,11.6,11.7,11.7,11.7,12.4,12.1,12.0,12.7,12.5,12.7,12.3,12.7
020027,8.5,8.4,8.5,8.3,8.4,8.6,8.4,8.7,8.6,8.6,8.9,9.0,8.9,9.2,9.1,9.0,9.2,9.2,9.0,9.5,9.5,9.1,9.2,8.9,9.3
020028,10.5,9.9,10.0,10.1,10.1,10.2,10.2,9.9,9.8,10.3,10.4,10.1,10.1,10.1,10.4,10.6,10.1,9.9,10.2,10.0,10.5,10.0,10.0,9.9,9.9
020029,7.9,8.0,8.1,7.9,8.1,8.3,8.2,8.2,8.3,8.5,8.8,8.7,8.8,9.0,8.9,9.1,8.9,9.1,9.2,9.2,9.4,9.1,9.4,9.4,9.4
020030,7.7,7.8,7.6,7.9,7.9,7.7,7.9,8.2,8.3,8.5,8.5,8.5,8.5,8.7,8.7,8.8,8.9,8.9,8.9,8.7,9.2,8.9,9.3,9.1,9.2
020031,11.5,11.8,11.7,11.1,11.3,11.9,11.7,11.8,11.9,12.3,12.7,12.7,12.1,12.9,12.8,12.9,12.7,12.4,13.0,13.2,13.5,13.1,13.7,13.4,13.5
020032,8.3,8.4,8.5,8.6,8.8,8.6,8.8,9.0,8.7,9.5,9.4,9.8,10.1,9.9,9.6,10.0,10.4,10.3,10.3,10.2,10.9,10.9,11.0,11.0,11.0
020033,10.1,10.2,9.9,10.2,10.2,10.4,10.5,10.8,10.9,11.1,11.2,11.5,11.8,11.6,11.7,11.9,12.1,12.1,12.3,12.7,12.8,12.8,13.2,12.9,13.0
020034,10.9,10.9,11.0,10.9,11.2,11.2,11.3,11.0,11.5,11.8,12.1,11.7,12.3,11.9,11.8,12.0,12.5,12.1,12.9,12.5,12.5,12.3,12.8,13.0,13.2
020035,7.8,7.7,7.9,8.1,8.2,8.1,8.3,8.2,8.3,8.5,8.7,8.9,8.8,9.0,9.0,8.8,8.9,9.2,9.1,9.3,9.4,9.4,9.5,9.6,9.4
020036,9.0,9.0,9.1,9.2,9.2,9.3,9.2,9.4,9.6,10.1,10.0,10.3,10.5,10.2,10.6,10.7,10.9,10.7,11.4,11.1,11.5,10.8,11.4,11.0,11.2
020037,7.7,7.7,7.9,7.8,7.9,8.2,7.8,8.1,8.2,8.8,8.8,8.7,8.9,8.9,8.8,9.1,9.2,9.4,9.3,9.3,9.6,9.5,9.6,9.4,9.5
020038,9.6,9.4,9.9,9.6,9.6,9.8,9.9,9.8,10.1,10.4,10.4,10.5,10.2,10.8,11.0,10.7,10.8,10.9,10.9,11.3,11.3,11.2,10.9,11.3,11.4
020039,9.1,8.9,9.1,9.0,9.2,9.3,9.1,9.1,9.2,9.3,9.8,9.6,9.3,9.5,9.7,9.4,9.8,10.0,9.6,9.8,10.3,9.9,9.8,9.8,9.6
020041,10.5,10.5,10.1,10.2,10.4,10.8,10.3,11.0,10.8,11.1,11.2,11.4,11.5,11.1,11.4,11.6,11.7,11.5,11.4,11.6,12.0,11.8,11.8,11.8,12.3
020042,8.1,8.3,8.2,8.6,8.5,8.5,8.7,8.4,9.0,9.3,9.3,9.5,9.5,9.8,9.5,9.9,9.9,10.4,10.2,10.4,10.4,10.2,10.7,10.9,11.1
020043,7.8,7.8,8.1,8.1,8.1,8.2,8.3,8.5,8.4,8.9,9.1,9.1,9.2,9.2,9.4,9.4,9.7,9.9,9.6,9.7,10.6,9.8,10.2,10.3,10.5
020044,8.9,9.0,9.2,9.1,9.3,9.3,9.3,9.5,9.5,10.0,9.8,10.0,10.0,10.1,10.1,10.3,10.2,10.8,10.3,10.4,10.6,10.7,11.0,10.8,11.1
020045,8.0,8.2,8.1,8.5,8.5,8.4,8.2,8.5,8.8,9.1,8.9,8.9,9.2,9.2,9.3,9.3,9.4,9.5,9.5,9.7,10.0,10.0,10.1,9.9,10.1
020046,7.0,7.1,7.3,7.3,7.4,7.4,7.5,7.2,7.6,7.8,8.0,8.0,7.9,8.0,8.0,8.3,8.1,8.2,8.1,8.5,8.7,8.5,8.6,8.7,8.5
020047,9.8,9.5,9.8,9.9,9.9,10.1,9.7,9.9,10.0,10.2,9.9,10.3,10.2,10.8,10.7,10.3,10.4,10.5,10.4,10.4,11.1,10.3,10.5,10.4,10.3
020048,8.2,8.3,8.4,8.5,8.6,8.6,8.6,8.6,8.8,9.1,8.9,9.0,8.8,9.1,9.3,9.0,9.3,9.6,9.4,9.5,9.6,9.7,9.6,9.9,9.9
020050,7.2,7.4,7.3,7.3,7.3,7.4,7.6,7.6,7.7,7.9,7.9,8.0,8.1,8.2,8.2,8.4,8.3,8.4,8.7,8.7,8.6,8.5,8.7,8.9,9.0
020051,7.1,7.1,7.2,7.3,7.1,7.2,7.2,7.5,7.3,7.7,7.6,7.8,7.8,7.8,8.0,8.1,8.0,8.1,8.3,7.9,8.3,8.4,8.3,8.4,8.3
020052,10.4,10.1,10.4,10.3,10.1,10.3,10.3,10.5,10.5,10.6,10.4,11.2,11.0,11.1,10.9,11.0,11.2,11.4,11.3,11.5,11.5,11.4,11.5,11.5,11.7
020053,8.8,8.8,8.9,9.0,9.2,9.1,9.2,9.4,9.5,9.7,9.5,10.0,9.9,9.7,9.6,9.8,10.0,9.7,9.9,10.1,10.3,10.3,10.2,10.5,10.6
020054,7.8,7.8,7.7,7.9,8.1,7.9,8.2,8.0,8.2,8.7,8.4,8.6,8.7,8.8,8.7,9.1,8.8,9.0,9.0,9.4,9.5,9.1,9.2,9.2,9.4
020055,9.9,10.0,9.8,10.1,10.3,10.1,10.3,10.3,10.2,10.6,10.9,11.1,11.0,11.4,11.2,11.6,11.4,11.5,11.6,11.9,11.9,12.1,12.1,12.4,12.3
020056,7.9,8.0,8.1,8.0,8.0,7.9,8.0,8.1,8.1,8.6,8.6,8.6,8.5,8.5,8.6,8.8,8.6,8.8,8.9,8.9,8.9,9.0,8.9,9.0,9.1
020057,8.5,8.2,8.4,8.4,8.5,8.5,8.6,8.5,8.3,8.8,8.9,8.9,8.8,9.1,8.8,9.0,9.0,9.1,9.1,8.7,9.1,9.0,9.3,8.9,9.2
020058,8.3,8.7,8.5,8.5,8.5,8.5,8.7,8.4,8.5,8.8,8.8,9.0,8.9,9.1,9.3,9.1,9.1,9.3,9.4,9.4,9.4,9.5,9.5,9.4,9.3
020059,8.3,8.7,8.5,8.8,8.6,8.8,8.7,9.2,9.2,9.2,9.5,9.5,10.0,9.9,9.7,9.9,10.3,10.5,10.2,10.5,10.8,10.6,10.7,11.2,11.0
020060,8.3,8.4,7.9,8.1,8.1,8.3,8.2,8.3,8.3,8.4,8.5,8.5,8.3,8.6,8.5,8.8,8.6,8.7,9.1,8.6,9.0,8.9,8.7,8.8,8.8
020061,6.7,6.7,6.8,6.8,6.8,6.7,6.8,6.9,6.9,7.3,7.3,7.3,7.4,7.3,7.5,7.7,7.5,7.8,7.6,7.7,7.9,7.9,7.8,8.0,8.0
020062,9.7,9.7,9.6,9.6,9.7,9.9,9.6,9.8,9.9,10.3,10.7,10.5,10.4,10.7,10.5,11.0,10.7,11.3,10.8,11.1,11.2,10.9,11.1,11.4,11.4
020063,8.0,8.0,8.3,8.2,8.4,8.6,8.3,8.4,8.6,8.6,8.9,8.6,8.9,9.0,8.8,9.0,9.0,8.9,9.3,8.9,9.5,9.3,9.1,9.2,9.2
020064,10.0,10.0,9.6,10.1,10.4,10.2,10.5,10.4,10.3,10.7,10.9,11.1,11.2,10.9,11.4,11.1,11.2,11.5,11.5,11.2,11.8,11.7,11.7,11.8,11.9
020065,9.7,9.4,9.6,9.7,9.8,9.8,10.2,9.8,10.2,10.7,10.9,11.0,11.4,11.1,11.3,11.1,11.6,11.5,12.3,11.9,12.3,12.3,12.2,12.2,12.7
020066,9.2,9.1,9.4,9.4,9.5,9.7,10.1,10.1,10.1,10.3,10.8,10.8,11.0,11.0,11.4,11.4,11.6,12.0,11.9,12.0,12.6,12.2,12.4,12.8,12.8
020068,8.1,8.3,8.5,8.5,8.4,8.5,8.7,8.5,8.4,8.9,8.6,8.6,8.8,8.7,8.8,9.0,8.7,8.6,8.8,8.9,9.1,8.7,8.7,9.0,8.7
020070,8.1,8.1,8.0,8.2,8.3,8.3,8.4,8.5,8.5,8.7,9.0,8.8,8.8,8.7,9.3,9.2,9.3,9.5,9.4,9.8,9.8,9.9,9.6,9.7,9.6
020071,9.6,9.4,9.4,9.6,9.7,9.2,9.1,9.4,9.3,9.8,9.9,9.6,9.8,9.6,9.5,9.9,9.7,9.6,9.8,9.9,9.8,9.4,9.8,9.7,9.5
020072,8.4,8.2,8.3,8.4,8.6,8.6,8.7,8.9,8.8,9.2,8.9,9.3,9.2,9.5,9.6,9.7,9.7,9.8,9.9,10.0,10.2,10.1,10.3,10.0,10.6
020073,9.7,9.7,10.0,9.7,9.9,9.9,9.8,9.6,10.1,10.4,10.5,10.5,10.4,10.6,10.6,10.3,10.5,10.2,10.8,10.5,10.6,10.5,10.9,10.8,10.8
021001,9.3,9.3,9.2,9.5,9.2,9.0,9.4,9.4,9.1,9.3,9.5,9.4,9.5,9.6,9.6,9.3,9.4,9.3,9.7,9.4,9.7,9.6,9.3,9.1,9.3
021002,9.9,9.7,10.0,10.1,10.3,10.1,10.2,10.2,10.4,11.0,11.2,11.1,10.9,11.6,11.5,11.6,11.5,11.9,12.0,12.4,12.5,12.6,12.7,11.8,12.8
021003,7.8,7.8,7.8,7.9,8.0,8.0,8.1,8.2,8.3,8.1,8.6,8.6,8.7,8.8,8.9,8.8,8.9,9.0,8.8,9.2,9.3,9.2,9.2,9.6,9.2
021004,6.9,6.9,6.9,7.0,6.9,7.0,6.9,7.0,7.0,7.3,7.3,7.2,7.4,7.3,7.4,7.2,7.3,7.3,7.3,7.2,7.5,7.4,7.3,7.3,7.3
021005,8.2,8.3,8.1,8.2,8.3,8.4,8.3,8.4,8.2,8.7,8.6,8.5,8.8,8.4,8.6,8.8,8.6,8.7,8.8,8.7,8.9,8.9,9.0,9.1,8.9
021006,10.3,10.5,10.8,10.6,10.8,10.8,10.8,11.1,11.2,11.8,12.0,11.8,12.1,11.8,12.3,12.4,12.2,12.7,12.6,13.1,13.9,13.2,13.6,13.2,13.7
021007,7.6,7.5,7.6,7.6,7.6,7.7,7.7,7.7,7.8,8.3,8.4,8.2,8.3,8.2,8.2,8.2,8.2,8.1,8.5,8.6,8.8,8.7,8.5,8.4,8.7
021008,9.0,9.2,9.0,9.2,9.5,9.5,9.3,9.6,9.7,10.1,10.3,10.1,10.7,10.5,11.0,11.0,11.2,10.6,11.2,11.0,12.0,11.7,11.5,11.7,11.6
021009,7.9,7.9,8.0,7.9,8.1,8.1,8.0,8.1,8.2,8.5,8.5,8.5,8.5,8.4,8.5,8.8,8.6,8.6,8.6,8.5,8.8,8.6,8.6,8.7,9.1
021010,9.1,9.2,9.2,9.1,9.0,9.4,9.1,9.4,9.4,9.9,9.8,10.0,10.3,10.2,10.4,10.0,10.3,10.1,10.8,10.4,10.9,10.6,10.7,10.9,10.9
021011,8.9,8.9,9.0,9.1,9.3,9.4,9.3,9.0,9.3,9.8,9.4,9.6,9.7,10.0,9.7,10.2,10.1,9.9,9.8,10.0,10.0,10.5,10.3,10.2,10.6
021012,8.4,8.4,8.5,8.3,8.4,8.5,8.5,8.4,8.6,8.8,8.7,8.9,9.0,9.0,8.7,8.8,9.0,8.9,9.0,9.1,9.3,8.8,8.9,9.3,9.0
021013,9.1,9.1,9.2,9.4,9.3,9.0,9.0,9.5,9.2,9.5,10.0,9.6,9.8,9.8,9.7,9.9,10.0,10.0,9.9,9.8,10.8,10.0,10.2,10.3,10.2
021014,8.3,8.5,8.2,8.5,8.4,8.6,8.7,8.4,8.7,9.0,9.0,9.2,8.9,9.2,9.0,9.4,9.5,9.4,9.5,9.6,9.8,9.8,9.6,9.9,9.9
021015,8.5,8.5,8.5,8.4,8.5,8.6,8.7,8.9,8.9,8.8,8.8,9.1,9.1,8.9,9.2,9.1,9.3,9.1,9.2,9.4,9.6,9.6,9.7,9.7,9.6
021016,10.4,10.5,10.2,10.2,10.3,10.1,10.4,10.4,10.2,10.8,10.7,10.4,10.8,10.9,10.8,11.0,10.7,10.9,10.8,10.7,10.9,10.9,11.0,10.6,10.9
021017,8.1,8.0,7.9,8.0,7.9,8.0,8.1,7.9,8.0,8.3,8.2,8.4,8.1,8.3,8.2,8.5,8.4,8.3,8.2,8.4,8.5,8.3,8.5,8.5,8.2
021018,7.1,7.3,7.3,7.3,7.6,7.5,7.3,7.4,7.5,7.9,7.8,7.9,7.9,8.1,7.7,8.1,8.5,8.0,8.4,8.3,8.6,8.3,8.4,8.2,8.6
021019,9.1,9.3,9.2,9.2,9.3,9.4,9.5,9.8,9.7,9.8,10.2,9.9,10.1,10.1,10.6,10.4,10.5,10.5,10.6,10.9,10.9,10.7,11.1,11.2,10.8
021020,7.7,8.0,7.9,8.0,7.9,7.9,7.9,8.0,8.0,8.3,8.4,8.6,8.7,8.7,8.5,8.7,8.6,8.8,8.8,8.6,8.9,8.8,9.1,8.8,8.9
021021,7.5,7.4,7.6,7.5,7.8,7.8,7.8,7.8,7.8,8.2,8.0,8.3,8.3,8.1,8.1,8.1,8.3,8.2,8.2,8.7,8.5,8.3,8.7,8.5,8.5
021022,9.0,8.9,9.1,9.1,9.1,9.1,9.0,9.1,9.3,9.6,9.4,9.3,9.5,9.3,9.1,9.5,9.3,9.5,9.5,9.3,9.4,9.3,9.2,9.3,9.4
021023,8.8,9.2,8.8,9.2,9.6,9.2,9.2,9.3,9.1,10.0,9.7,9.7,9.7,9.9,9.9,9.8,9.6,9.9,10.2,10.3,10.5,10.4,10.2,10.5,10.2
021024,8.1,8.1,8.5,8.4,8.5,8.7,8.7,8.6,8.8,9.4,9.4,9.1,9.4,9.8,9.8,9.8,10.3,10.2,10.2,10.3,11.0,10.8,10.9,11.0,11.0
021025,8.5,8.5,8.5,8.4,8.4,8.5,8.7,8.6,8.8,8.9,8.9,9.0,9.1,9.2,9.1,9.2,9.1,9.1,9.4,9.4,9.5,9.3,9.4,9.5,9.6
021026,9.1,9.1,8.9,9.0,9.3,9.1,9.3,9.4,9.2,9.7,9.7,9.9,9.9,9.9,10.1,10.0,10.2,10.0,9.9,10.3,10.4,10.2,10.5,10.5,10.4
021027,8.3,8.4,8.8,8.7,8.5,8.5,8.5,8.6,8.9,9.0,9.0,9.0,9.1,9.4,9.1,9.1,9.2,8.9,9.4,9.4,9.6,9.3,9.4,9.2,9.4
021028,9.2,9.1,8.8,9.1,9.2,9.2,9.1,9.1,9.6,9.6,9.4,9.9,9.8,9.5,9.5,9.9,9.8,9.9,9.6,10.0,10.2,9.8,10.0,9.7,9.8
021029,8.6,8.5,8.5,8.9,8.9,8.9,8.8,9.2,9.2,9.8,9.7,9.8,9.6,10.0,10.4,10.1,10.7,10.5,10.4,10.8,11.1,10.8,10.9,11.2,11.3
021030,8.8,8.8,8.8,9.0,8.9,9.0,9.2,9.1,9.4,9.6,9.4,9.6,9.7,9.8,10.1,9.9,10.5,9.8,10.3,9.9,10.3,10.7,10.4,10.7,10.5
021031,7.5,7.6,7.6,7.5,7.9,7.6,7.6,7.7,7.6,7.9,8.0,7.8,7.9,8.0,8.1,8.1,8.0,8.0,8.1,7.9,8.1,8.1,8.1,7.9,8.1
021032,8.5,8.6,8.6,8.5,8.8,9.0,8.8,9.0,9.0,9.5,9.9,9.6,9.6,9.7,9.8,9.8,10.1,10.1,10.5,10.4,10.8,10.5,11.0,11.1,11.1
021033,8.0,8.2,8.3,8.3,8.0,8.2,8.2,8.2,8.1,8.5,8.7,8.9,8.6,8.5,8.7,8.9,8.5,9.0,8.5,8.6,8.9,8.7,8.9,8.8,8.9
021034,9.5,9.7,9.8,9.9,9.9,10.4,10.3,10.5,10.3,11.4,11.3,11.2,11.2,11.7,11.8,12.1,12.0,12.1,12.7,12.7,12.6,13.4,13.2,13.0,13.3
021035,8.5,8.1,8.3,8.6,8.7,8.7,8.8,9.2,9.1,9.6,9.6,9.8,9.8,10.0,10.0,10.1,10.3,10.5,10.7,10.2,10.8,10.6,10.7,10.7,10.9
021036,7.9,7.9,8.1,8.1,8.0,8.2,8.2,8.1,8.1,8.3,8.3,8.1,8.5,8.6,8.5,8.2,8.3,8.2,8.1,8.5,8.7,8.5,8.5,8.8,8.4
021037,7.1,7.1,7.3,7.2,7.1,7.3,7.5,7.3,7.4,7.4,7.7,7.5,7.6,7.6,7.8,7.8,7.9,7.7,7.7,7.9,8.0,7.7,8.0,8.2,8.0
021038,8.4,8.2,8.6,8.4,8.4,8.3,8.3,8.6,8.9,8.9,9.0,9.1,9.0,9.0,9.3,9.2,9.3,9.5,9.2,9.6,9.8,9.5,9.6,9.9,9.8
021039,8.4,8.3,8.5,8.6,8.7,8.6,8.6,8.6,8.8,8.8,8.8,9.1,8.8,8.9,9.0,9.1,9.1,9.1,9.0,9.1,9.6,9.5,9.5,9.2,9.1
021040,9.6,9.3,9.5,9.3,9.9,9.7,9.6,9.9,9.8,10.2,10.4,10.4,10.6,10.6,10.4,11.0,10.8,10.9,10.8,11.7,11.7,10.9,11.0,11.5,11.5
021041,8.7,8.8,8.7,8.9,9.0,9.1,9.4,9.1,9.2,9.7,9.7,9.9,10.0,9.8,10.1,10.0,10.2,10.1,10.3,10.4,10.8,10.7,10.6,10.8,10.6
021042,8.7,9.2,9.3,9.6,9.4,9.5,9.5,9.6,9.7,10.4,10.4,10.5,10.7,10.6,10.5,10.7,11.0,10.9,11.3,11.4,11.5,11.4,11.5,11.3,11.4
021043,9.2,9.6,9.2,9.3,9.5,9.6,9.2,9.7,9.7,10.0,9.9,10.0,10.1,10.1,10.2,10.0,9.9,10.1,10.5,10.4,10.6,10.2,10.4,10.3,10.4
021044,9.2,8.9,8.9,9.0,9.2,9.2,9.6,9.7,9.4,9.8,9.9,9.9,10.2,10.3,10.6,10.2,10.4,10.5,10.5,10.3,11.1,10.8,11.0,10.9,11.2
021045,8.7,9.1,9.0,9.1,9.3,9.1,9.2,9.1,9.3,9.4,9.7,9.7,9.6,10.0,9.9,9.9,9.7,10.0,9.9,9.8,10.2,9.8,10.1,9.9,10.1
021046,7.9,7.7,7.9,8.0,7.9,8.0,7.9,8.2,8.1,8.6,8.3,8.4,8.7,8.9,8.9,8.7,8.7,9.2,8.9,8.8,9.4,9.2,9.2,9.1,9.3
021047,8.5,8.7,9.1,9.1,9.1,9.3,9.4,9.4,9.4,10.4,9.9,10.0,10.5,10.6,10.5,11.0,10.4,10.8,11.3,11.3,11.7,11.7,11.6,11.5,11.9
021048,7.2,7.2,7.1,7.2,7.3,7.3,7.2,7.2,7.4,7.5,7.5,7.6,7.6,7.6,7.7,7.8,7.7,7.7,7.8,7.5,7.9,7.9,7.9,7.9,7.8
021049,8.5,8.7,8.9,8.9,8.8,9.1,9.3,9.3,9.3,9.6,9.9,9.7,10.0,10.2,9.9,10.2,10.4,10.5,10.5,10.9,10.9,10.7,11.0,11.0,10.9
021050,7.8,7.9,7.9,8.1,8.1,7.9,8.0,7.8,8.2,8.1,8.0,8.3,8.3,8.3,8.4,8.3,8.2,8.5,8.4,8.4,8.6,8.4,8.7,8.4,8.3
021051,9.7,9.7,10.2,9.9,10.0,9.9,10.3,10.1,10.5,10.7,11.1,11.2,10.9,11.3,11.3,11.7,11.5,11.5,11.6,11.9,12.7,11.9,12.5,12.5,12.5
021052,9.3,8.9,9.2,9.3,9.4,9.4,9.7,9.6,9.7,10.1,10.4,10.2,10.2,10.4,10.7,10.5,10.5,10.8,10.6,10.9,11.3,11.3,10.8,11.3,11.6
021053,8.3,8.4,8.4,8.6,8.9,8.9,8.8,9.0,9.2,9.4,9.3,9.8,9.8,9.8,10.0,10.1,10.3,10.5,10.4,10.4,11.0,10.7,11.3,11.0,10.8
021054,7.7,7.8,8.0,8.1,8.1,8.2,8.1,8.5,8.2,8.6,8.9,8.9,9.1,9.0,9.3,9.2,9.3,9.8,9.6,9.7,10.2,10.2,10.3,10.3,10.5
021055,8.7,8.7,8.8,9.0,8.9,8.8,9.3,9.3,9.6,9.9,9.7,9.6,10.0,9.6,9.5,9.9,10.1,10.1,10.3,10.5,10.6,10.5,10.5,10.5,10.5
021056,8.4,8.3,8.7,8.6,8.8,8.6,8.8,8.7,8.9,9.7,9.3,9.4,9.5,9.6,9.5,9.7,9.8,10.0,9.8,10.0,10.4,10.4,10.2,10.6,10.8
021057,10.5,10.5,10.3,10.7,10.8,10.9,10.6,10.8,10.9,11.2,11.4,11.6,11.3,11.4,12.0,12.1,11.4,12.3,12.0,12.2,12.3,12.1,12.1,12.3,12.4
021058,7.7,7.6,7.7,7.7,7.6,7.5,7.7,8.0,7.8,8.2,8.2,8.5,8.2,8.5,8.3,8.3,8.6,8.4,8.6,8.7,8.6,8.8,8.7,8.9,8.8
021059,9.1,9.1,9.3,9.3,9.4,9.3,9.4,9.4,9.6,9.8,10.0,10.2,10.1,10.1,10.4,10.3,10.7,10.3,10.7,10.3,10.8,10.7,10.5,10.9,10.7
021060,9.0,8.8,9.0,9.1,9.7,9.4,9.5,9.7,10.0,10.3,10.4,10.8,10.9,11.5,10.9,11.5,11.8,11.5,11.6,12.2,12.7,12.1,12.9,12.3,13.0
021061,7.7,7.8,7.8,7.7,7.8,8.0,7.9,7.9,8.0,8.3,8.3,8.5,8.4,8.4,8.3,8.6,8.4,8.5,8.7,8.6,8.8,8.6,8.6,8.8,9.0
021062,9.5,9.2,9.4,9.3,9.4,9.4,9.7,9.5,9.5,10.2,10.5,10.2,10.2,10.7,10.4,10.7,10.7,10.6,11.2,11.0,11.2,11.0,11.2,11.5,11.4
021063,8.5,8.5,8.5,8.5,8.7,9.1,9.0,8.8,9.0,9.2,9.3,9.3,9.3,9.3,9.3,9.4,10.0,9.5,9.6,9.8,9.8,9.8,10.0,9.9,10.2
021064,8.8,9.2,9.2,9.2,9.2,9.2,9.4,9.3,9.5,9.7,10.2,10.0,10.1,10.2,10.3,10.2,10.3,10.8,10.9,10.4,10.8,10.8,10.8,10.9,10.8
021065,9.9,9.8,10.5,9.9,10.2,10.5,10.1,10.0,10.3,10.6,10.5,10.3,10.6,10.6,10.5,10.8,10.7,10.6,10.4,10.6,11.2,11.0,10.8,10.5,10.9
021066,7.7,7.9,7.8,8.0,8.0,7.8,8.2,8.2,8.2,8.3,8.6,8.5,8.6,8.6,8.7,8.6,9.0,8.7,8.7,8.9,9.2,8.9,9.2,9.2,9.5
021067,8.2,8.4,8.4,8.6,8.7,8.5,8.7,8.9,9.0,9.3,9.5,9.6,9.6,9.9,9.8,9.7,9.9,10.2,10.0,10.2,10.6,10.2,10.3,10.3,10.9
021068,7.9,8.0,8.2,8.2,8.2,8.2,8.1,8.3,8.5,8.9,8.9,9.0,9.2,9.0,8.9,8.9,9.2,9.4,9.3,9.5,9.7,9.5,9.7,9.7,9.8
021069,8.0,8.2,7.9,8.3,8.3,8.5,8.3,8.5,8.7,9.1,9.0,9.1,9.0,9.2,9.1,9.3,9.1,9.5,9.4,9.6,9.7,9.8,9.7,9.8,10.1
021070,8.9,9.3,9.5,9.4,9.3,9.7,9.4,9.9,9.9,10.3,10.5,10.4,10.3,10.6,10.6,10.9,10.8,11.1,11.3,11.5,11.9,11.4,11.9,11.9,11.7
021071,7.6,7.5,7.8,7.6,7.8,7.7,7.9,7.9,8.0,8.2,8.0,8.2,8.3,8.3,8.4,8.4,8.3,8.5,8.5,8.4,8.5,8.6,8.5,8.4,8.5
021072,8.3,8.5,8.5,8.6,8.4,8.6,8.9,8.7,8.8,9.1,9.1,9.1,9.3,8.8,9.2,9.1,9.6,9.6,9.5,9.4,10.0,9.6,9.7,9.6,10.0
021073,9.0,8.9,9.0,8.9,9.1,9.1,9.5,9.3,9.3,10.0,9.8,9.9,9.8,9.9,9.9,10.0,10.2,10.6,10.2,10.5,10.7,10.8,10.6,10.6,11.0
021074,9.1,9.3,9.4,9.3,9.9,10.1,10.1,10.0,10.2,10.8,10.7,11.1,11.2,11.4,11.4,11.7,12.0,12.2,12.8,12.6,13.1,12.7,12.6,12.9,13.6
021075,8.2,8.2,8.2,8.1,7.9,8.2,8.1,8.2,8.3,8.4,8.3,8.2,8.2,7.9,8.5,8.4,8.1,8.3,8.2,8.1,8.3,8.1,8.1,8.3,8.2
021076,8.1,8.2,8.5,8.4,8.4,8.6,8.7,8.8,8.5,8.9,8.8,9.0,9.0,9.3,9.5,9.5,9.4,9.3,9.5,9.3,9.7,9.5,9.8,9.6,9.6
021077,8.2,8.2,8.1,8.7,8.5,8.5,8.4,8.4,8.9,9.0,8.7,9.1,8.9,9.2,8.8,8.9,9.3,9.0,9.1,9.3,9.4,9.3,9.2,9.4,9.4
021079,8.2,8.1,8.1,8.0,8.3,8.2,8.0,8.2,8.3,8.4,8.8,8.6,8.7,8.4,8.6,8.8,9.0,9.0,8.8,9.0,9.0,9.1,9.1,9.4,9.1
021080,9.4,9.3,9.5,9.7,9.5,9.8,9.6,10.1,9.8,10.5,10.4,10.3,10.5,10.6,10.5,10.7,10.7,10.7,11.1,10.8,11.1,10.8,11.0,11.4,11.1
021081,8.7,8.9,8.6,8.7,8.5,8.9,8.8,8.7,9.0,9.3,9.1,9.4,9.5,9.6,9.2,9.1,9.4,9.4,9.4,9.9,9.8,9.8,9.6,9.5,9.9
021082,8.5,8.5,8.3,8.8,8.8,8.8,8.8,9.0,8.8,9.6,9.3,9.2,9.8,9.5,9.7,9.8,10.1,9.9,10.0,9.8,10.4,10.2,10.3,10.3,10.7
021083,8.1,8.3,8.1,8.3,8.3,8.3,8.4,8.4,8.3,8.7,8.6,8.6,9.0,8.7,8.7,8.5,8.8,8.8,8.8,9.0,8.9,8.9,8.9,9.0,9.0
021084,8.2,8.4,8.1,8.2,8.3,8.4,8.5,8.6,8.7,9.0,8.9,8.9,8.9,9.2,9.3,9.3,9.3,9.2,9.2,9.5,9.4,9.5,9.7,9.6,9.6
021085,8.1,8.0,8.2,8.2,8.3,8.4,8.6,8.5,8.6,8.8,8.9,8.9,9.1,9.2,9.3,9.2,9.3,9.4,9.2,9.5,9.7,9.4,9.9,9.6,9.8
021086,9.7,9.7,9.7,9.7,9.8,9.9,9.7,10.0,10.1,10.2,10.3,10.5,10.3,10.7,10.5,10.7,10.4,10.6,10.8,11.1,11.0,10.9,10.9,11.1,10.8
021087,9.3,9.2,9.4,9.4,10.0,9.6,9.9,10.0,10.1,10.4,10.7,10.7,10.9,11.0,11.3,11.1,11.3,11.9,11.7,11.8,12.0,12.1,12.1,12.2,12.5
021088,7.4,7.3,7.6,7.6,7.7,7.7,7.8,7.8,7.9,8.4,8.3,8.6,8.6,8.6,8.6,8.5,8.6,9.0,9.2,9.2,9.3,9.3,9.3,9.4,9.5
021089,8.7,8.7,9.0,8.6,8.8,9.0,8.9,9.0,9.2,9.1,9.4,9.4,9.2,9.8,9.6,9.5,9.7,9.7,9.7,9.9,10.0,9.9,9.7,9.8,9.7
021091,8.3,8.4,8.4,8.6,8.4,8.2,8.4,8.6,8.4,9.0,9.2,9.1,9.1,9.1,9.4,9.3,9.2,9.5,9.7,9.7,10.0,9.7,9.7,9.9,10.2
021092,8.3,8.3,8.3,8.4,8.5,8.5,8.8,9.0,8.7,9.2,9.3,9.1,9.1,9.3,9.4,9.6,9.4,9.7,9.6,9.9,9.6,9.5,9.5,9.8,9.6
021093,8.8,8.6,9.1,9.4,9.3,9.2,9.3,9.4,9.1,9.8,9.9,10.3,10.0,9.9,9.8,9.9,9.8,10.1,9.9,10.1,10.5,10.3,10.2,10.6,10.7
021094,8.3,8.6,8.5,8.5,8.6,8.6,8.6,9.0,9.0,9.2,9.1,9.5,9.6,9.5,9.5,9.7,9.8,9.7,10.3,9.7,10.5,10.1,10.3,10.4,10.4
021095,8.1,8.2,8.2,8.4,8.1,8.1,8.4,8.4,8.6,8.9,9.0,9.0,9.0,9.3,9.4,9.2,9.3,9.6,9.7,9.2,10.0,9.4,9.8,9.9,10.0
021096,7.6,7.8,7.5,7.8,7.6,7.7,7.7,7.6,7.7,7.9,8.1,8.0,7.8,7.9,8.0,8.0,8.1,8.1,7.9,7.9,8.1,8.0,8.0,8.1,8.3
021097,8.7,8.2,8.3,8.7,8.5,8.7,8.5,8.9,8.7,8.8,8.8,9.1,9.0,9.1,9.2,9.0,9.1,8.7,9.1,9.2,9.3,9.3,9.5,9.1,9.2
021098,8.8,8.7,8.7,8.8,9.2,9.3,9.2,9.5,9.8,10.0,9.6,10.2,10.3,10.8,10.6,10.6,10.7,10.9,10.8,11.1,11.9,11.5,11.8,11.5,12.2
021099,9.1,9.3,9.0,9.2,9.0,9.4,9.1,9.3,9.5,9.8,9.8,9.9,10.0,9.9,10.4,10.1,10.2,10.2,10.6,10.8,10.8,11.0,10.8,10.6,10.9
021100,9.4,9.5,9.8,9.7,9.9,9.7,9.8,9.8,9.9,10.1,10.5,10.6,10.4,10.4,10.5,10.3,10.6,10.8,10.3,10.8,11.2,10.7,10.8,10.7,11.2
021101,8.0,8.3,8.0,8.6,8.7,8.7,8.9,9.0,8.9,9.5,9.7,9.6,9.8,9.8,10.6,10.5,10.5,10.8,10.9,10.9,11.4,11.5,11.5,12.0,12.2
021102,9.1,9.2,9.1,9.7,9.2,9.3,9.4,9.8,9.9,9.9,10.5,10.2,10.2,10.3,10.4,10.9,10.9,11.0,11.4,11.1,11.6,11.6,11.8,11.7,11.5
021103,9.2,9.1,9.4,9.3,9.5,9.4,9.6,9.4,9.5,9.9,10.1,10.1,10.4,10.3,10.3,10.1,10.3,10.6,10.8,10.6,11.1,11.0,10.9,10.9,10.9
021104,8.2,8.6,8.3,8.5,8.6,9.0,9.0,8.9,9.0,9.6,9.5,9.8,9.8,9.7,9.9,9.8,9.7,10.1,10.1,10.6,10.5,10.6,10.8,10.6,10.7
021105,10.8,11.2,11.0,11.2,11.0,11.2,11.4,11.3,11.5,11.7,11.7,12.4,12.5,12.4,12.6,12.3,12.5,12.3,12.5,12.5,13.1,12.6,13.2,13.1,13.1
021106,9.2,9.0,9.0,9.0,9.1,9.3,9.5,9.6,9.6,9.8,10.2,10.0,9.9,10.3,10.3,10.3,10.2,10.5,10.3,10.4,10.8,10.8,10.8,10.9,11.1
021107,7.7,7.6,7.7,7.8,7.7,7.9,7.9,8.0,8.2,8.4,8.4,8.5,8.2,8.5,8.7,8.6,8.8,8.7,8.9,8.9,9.1,9.0,9.2,9.0,9.2
021108,9.8,9.7,10.1,9.9,9.9,9.8,10.1,10.0,10.0,10.7,10.7,10.8,10.7,10.7,10.8,10.6,10.9,10.8,11.1,11.3,11.4,10.9,11.5,11.5,11.3
021109,8.2,8.2,8.3,8.4,8.3,8.2,8.5,8.4,8.5,8.8,8.9,9.2,9.1,9.1,9.1,9.4,9.2,9.4,9.5,9.1,9.8,9.5,9.6,9.6,9.8
021110,11.0,11.2,11.0,11.4,11.2,10.7,11.0,10.7,10.9,11.0,11.3,10.9,11.1,10.9,10.8,11.1,11.1,10.9,11.1,10.6,10.8,10.5,10.9,10.7,10.6
021111,8.7,8.9,9.0,8.7,8.7,8.8,8.9,9.1,8.9,9.3,9.3,9.6,9.7,9.6,9.8,9.8,9.6,9.9,9.7,9.8,10.3,10.2,10.1,10.4,10.4
021112,8.5,8.4,8.6,8.5,8.8,8.7,8.7,8.8,8.9,9.2,9.4,9.3,9.4,9.6,9.5,9.2,9.4,9.5,9.4,9.2,10.0,9.9,9.4,9.4,9.7
021113,9.4,9.9,9.7,9.8,9.9,10.2,9.7,9.9,10.1,10.7,10.7,10.8,10.8,11.2,10.8,11.3,11.3,11.4,11.1,11.7,12.0,11.7,11.5,12.1,12.0
021114,9.1,9.0,9.2,8.9,9.0,9.4,9.2,9.5,9.3,9.8,9.9,10.0,9.8,10.1,10.1,10.0,10.1,10.0,10.0,10.3,10.5,10.5,10.4,10.3,10.6
021115,7.1,7.2,7.0,7.3,7.2,7.2,7.5,7.4,7.4,7.9,7.8,7.9,7.9,8.0,8.1,8.1,8.2,8.4,8.3,8.2,8.5,8.5,8.5,8.3,8.6
021116,7.7,7.8,7.9,8.3,8.3,8.2,8.2,8.5,8.3,8.7,8.9,9.1,9.2,9.2,9.4,9.3,9.5,9.5,9.6,9.5,10.2,9.9,9.9,10.3,10.0
021117,8.7,8.7,8.8,8.9,8.8,8.9,9.1,9.1,9.2,9.5,9.5,9.6,9.5,10.0,9.8,10.1,10.2,10.1,10.3,10.4,10.6,10.8,10.6,10.8,11.2
021118,7.1,7.1,7.1,7.3,7.2,7.3,7.2,7.4,7.6,7.9,7.9,8.2,7.9,8.2,8.0,8.4,8.3,8.7,8.5,8.6,9.1,8.9,9.0,9.0,9.0
022001,8.6,8.8,8.7,8.8,8.7,8.7,9.2,9.0,8.9,9.5,9.2,9.7,9.5,9.5,9.5,9.5,9.7,9.4,9.7,9.7,9.9,9.9,9.9,9.9,9.9
022002,8.6,8.7,8.6,8.6,8.8,8.8,8.8,8.8,8.9,9.2,9.2,9.2,9.2,9.3,8.9,9.5,9.3,9.2,9.1,9.6,9.7,9.5,9.6,9.5,9.8
022003,8.7,8.8,8.8,8.8,8.9,9.4,9.2,9.2,9.4,9.8,9.6,9.8,9.8,10.2,9.9,9.9,10.2,10.2,10.3,10.6,10.8,10.8,10.6,10.5,10.9
022005,9.7,9.2,9.4,9.4,9.4,9.4,9.5,9.6,9.8,9.6,9.9,9.9,10.0,10.0,10.0,10.1,10.0,9.8,9.9,10.0,10.0,10.1,10.0,10.2,10.0
022006,8.6,8.5,8.2,8.5,8.5,8.7,8.5,8.5,8.5,8.8,9.2,9.4,9.4,9.4,9.0,9.3,9.3,9.3,9.5,9.5,9.6,9.9,9.8,9.7,9.9
022007,7.7,7.7,7.6,7.8,7.9,7.8,8.0,7.9,8.0,8.4,8.3,8.4,8.7,8.6,8.6,8.9,9.2,8.9,9.2,9.3,9.5,9.7,9.4,9.4,9.9
022009,9.0,9.4,9.1,9.1,9.4,9.5,9.1,9.3,9.2,9.6,9.5,9.8,9.9,9.6,9.8,9.4,9.8,9.7,9.7,9.7,10.0,10.0,9.8,9.7,9.7
022011,8.2,8.2,8.1,8.3,8.6,8.4,8.4,8.8,8.5,9.0,8.9,9.2,9.2,9.5,9.5,9.4,9.6,9.8,9.8,9.9,10.1,10.0,10.1,10.4,10.1
022013,7.8,7.9,8.0,8.1,8.1,8.0,7.9,8.3,8.2,8.6,8.5,8.3,8.7,8.7,8.8,8.9,8.6,8.6,8.8,8.9,8.9,8.6,8.9,9.2,9.2
022015,9.3,9.5,9.3,9.6,9.5,9.8,9.6,9.5,9.5,10.0,9.9,9.9,10.1,10.0,10.4,10.2,10.2,10.0,9.8,10.2,10.4,10.1,9.8,10.2,10.3
022017,7.5,7.4,7.6,7.6,7.6,7.5,7.5,7.6,7.8,7.8,8.2,8.2,8.0,8.1,8.2,8.3,8.3,8.3,8.3,8.5,8.4,8.5,8.4,8.5,8.3
022018,7.6,7.4,7.7,7.7,7.7,7.7,7.8,8.1,8.0,8.5,8.7,8.5,8.7,8.8,8.9,8.9,9.3,9.5,9.7,9.6,10.0,10.1,9.8,10.1,10.2
022021,9.0,9.1,9.2,9.1,9.0,9.3,9.2,9.4,9.3,9.6,10.1,9.6,9.9,9.8,9.9,9.9,10.3,10.4,10.3,10.4,11.0,10.6,10.8,10.7,10.6
022022,6.7,6.9,7.1,7.1,7.3,7.3,7.1,7.1,7.1,7.4,7.4,7.6,7.5,7.7,7.8,8.0,7.9,8.1,8.0,7.9,8.1,7.9,8.2,8.1,8.0
022025,9.3,9.5,9.5,9.5,9.8,9.6,9.6,9.7,9.9,10.1,10.3,10.3,10.2,10.4,10.4,10.4,10.4,10.5,10.4,10.7,10.7,10.4,10.6,10.9,10.6
022026,9.7,9.6,9.7,10.2,10.0,9.6,9.7,10.1,9.9,10.5,10.5,10.5,10.4,10.6,10.6,10.2,10.7,10.8,10.8,10.3,10.9,10.8,10.7,11.0,11.0
022029,6.9,6.9,6.9,7.0,7.0,6.8,7.1,6.8,7.1,7.1,7.2,7.3,7.3,7.3,7.4,7.2,7.4,7.3,7.2,7.4,7.5,7.4,7.5,7.6,7.6
022032,8.9,8.9,8.8,8.8,9.0,8.7,8.9,9.1,9.1,9.2,9.3,9.3,9.6,9.5,9.4,9.6,9.7,9.8,9.7,9.7,10.3,9.7,9.9,10.0,10.0
022033,8.5,8.6,8.8,9.1,9.1,9.1,9.1,9.3,9.2,9.7,9.9,10.2,10.3,10.5,10.7,10.4,10.7,10.6,10.9,10.9,11.5,11.3,11.7,11.4,11.6
022034,9.5,9.3,9.7,9.7,9.6,9.7,9.9,9.8,9.9,9.8,10.4,10.5,10.5,10.3,10.6,10.4,10.7,10.7,10.4,10.9,10.9,10.7,10.8,10.8,11.2
022035,9.0,9.5,9.2,9.2,9.1,9.4,9.7,9.8,9.8,9.8,10.2,9.8,10.2,10.2,10.1,10.4,10.4,10.4,10.4,10.8,10.9,10.7,10.5,10.8,11.3
022036,9.3,9.4,9.3,9.4,9.4,9.4,9.3,9.6,9.3,10.0,9.7,9.9,10.2,10.4,9.7,10.3,9.8,10.4,10.1,10.3,11.0,10.6,10.5,10.7,10.6
022037,9.5,9.4,9.4,9.6,9.4,9.6,9.5,9.5,9.7,9.8,10.1,10.0,10.0,10.0,10.3,10.0,10.1,10.2,10.4,10.3,10.6,10.3,10.4,10.5,10.6
022038,8.2,8.0,8.1,8.2,8.1,8.1,8.1,8.2,8.2,8.3,8.3,8.3,8.2,8.6,8.7,8.5,8.4,8.3,8.6,8.8,9.0,8.6,8.4,8.4,8.7
022039,10.7,10.5,10.7,10.8,10.9,11.1,10.8,10.7,11.1,11.2,11.4,11.2,11.6,11.6,11.7,11.7,11.5,11.1,11.7,11.8,11.6,11.8,11.7,11.6,11.7
022040,9.3,9.4,9.7,9.6,9.7,9.8,9.8,10.0,10.1,10.8,10.8,10.3,10.6,10.8,10.9,10.7,11.2,11.1,11.4,11.1,11.2,11.5,11.7,11.8,11.9
022042,8.0,8.0,8.2,8.2,8.2,8.4,8.5,8.6,8.5,9.1,9.0,9.3,9.1,9.4,9.3,9.4,9.5,9.5,9.8,10.1,10.1,10.2,10.0,10.6,10.3
022043,6.5,6.7,6.7,6.6,6.6,6.6,6.7,7.0,7.0,6.8,7.1,6.9,6.8,7.2,7.0,7.1,7.3,7.3,7.4,7.3,7.4,7.3,7.4,7.4,7.4
022045,7.8,8.0,7.8,8.1,8.1,8.2,8.2,8.2,8.1,8.5,8.6,8.8,8.7,9.2,8.9,9.1,9.0,9.0,9.3,9.4,9.4,9.6,9.5,9.5,9.7
022047,8.1,7.7,8.1,8.0,7.9,8.1,8.1,8.3,8.0,8.5,8.6,8.5,8.4,8.6,8.6,8.5,8.6,8.6,8.6,8.6,8.5,8.8,8.6,9.1,8.9
022048,9.6,9.7,9.8,9.9,10.4,10.1,10.0,10.2,10.1,10.8,10.7,10.5,10.8,10.7,11.1,10.9,11.1,11.0,11.5,11.7,11.8,11.5,11.4,11.5,12.0
022049,7.6,8.0,8.0,8.3,8.2,8.0,8.1,8.1,8.4,8.3,8.5,8.6,8.5,8.8,8.6,8.9,8.7,8.9,9.1,8.9,9.2,9.0,9.0,9.4,9.0
022050,8.5,8.5,8.6,8.9,8.8,8.7,9.1,9.0,9.2,9.4,9.6,9.3,9.9,10.0,10.0,10.1,10.5,10.4,10.4,10.6,10.9,10.9,11.2,11.5,11.0
022051,10.8,10.6,10.9,10.6,11.4,11.4,11.3,11.5,11.7,12.2,12.0,12.0,12.2,12.2,12.4,12.8,13.1,13.2,12.7,13.1,13.2,13.1,13.6,13.7,13.9
022052,10.0,9.5,9.9,10.2,9.7,10.0,10.2,10.4,10.3,10.9,10.6,10.6,10.6,10.7,10.7,10.7,10.8,11.1,10.8,11.0,11.8,11.1,11.3,11.5,11.4
022053,8.6,8.5,8.7,8.8,8.9,8.7,8.8,9.4,9.1,9.5,9.7,10.1,9.9,10.1,10.3,10.1,10.2,10.5,11.0,11.0,11.1,10.7,11.2,11.1,11.4
022054,8.5,8.9,8.9,9.0,8.7,9.2,9.0,9.2,9.1,9.6,9.8,9.8,9.7,9.9,10.3,10.4,10.2,10.5,10.5,10.4,10.7,10.9,11.0,11.2,11.0
022058,8.0,8.1,8.2,8.2,8.3,8.3,8.3,8.4,8.5,8.6,8.5,8.6,8.6,8.7,8.7,8.9,8.9,8.9,8.9,9.1,9.0,9.0,8.9,9.0,9.1
022059,9.4,9.1,9.2,9.2,9.1,9.3,9.3,9.4,9.4,9.6,9.6,9.7,9.6,9.9,9.8,9.7,9.8,9.8,10.0,9.8,10.0,9.5,10.3,9.4,9.9
022060,7.7,7.8,7.7,7.9,7.8,8.1,8.0,8.1,8.1,8.5,8.4,8.7,8.5,8.7,8.6,8.9,8.9,8.8,9.0,8.9,9.1,9.2,9.0,9.3,9.3
022061,7.6,7.5,7.6,7.6,7.7,7.5,7.6,7.6,7.7,7.9,8.0,7.8,8.2,8.1,8.2,8.2,8.0,7.9,8.1,8.3,8.1,7.9,8.1,8.1,8.1
022062,8.2,8.2,8.2,8.1,8.4,8.2,8.4,8.5,8.6,8.9,8.8,9.0,8.8,9.0,8.9,9.1,8.7,8.9,9.3,9.1,9.4,9.2,9.2,9.6,9.4
022064,8.4,8.3,8.6,8.5,8.3,8.5,8.6,8.9,8.6,8.9,9.1,9.3,9.1,9.2,9.1,9.4,9.4,9.5,9.4,9.3,9.8,9.8,9.9,9.5,9.9
022068,9.9,10.0,10.1,10.2,10.4,10.5,10.4,10.5,10.9,11.0,11.1,10.9,11.5,11.4,11.6,11.3,11.8,11.8,11.8,11.6,12.3,11.7,11.8,11.8,12.3
022071,8.3,7.9,8.2,8.3,8.3,8.3,8.5,8.5,8.9,8.9,9.2,9.5,9.3,9.4,9.7,9.5,9.8,9.6,9.9,10.1,10.2,10.2,10.2,10.5,10.6
022074,8.8,9.0,9.1,9.1,9.0,9.4,9.4,9.2,9.4,9.7,9.4,9.5,9.8,9.8,10.0,9.9,9.8,9.6,10.3,10.0,10.4,10.2,10.1,10.1,10.3
022078,6.9,6.9,6.9,7.0,7.1,7.2,7.3,7.2,7.4,7.6,7.7,7.6,7.6,7.5,7.7,8.0,7.8,8.2,8.0,8.1,8.2,8.3,8.1,8.4,8.3
022079,8.8,9.0,8.9,9.2,9.0,9.3,9.2,8.9,9.3,9.9,9.6,9.7,9.7,10.0,10.0,10.1,9.9,9.9,10.0,10.4,10.6,10.2,10.7,10.4,10.7
022081,8.5,8.6,8.6,8.6,8.4,8.9,8.8,8.6,8.8,9.4,9.4,9.4,9.2,9.3,9.4,9.4,9.4,9.4,9.5,9.7,9.8,9.8,9.8,9.8,9.8
022083,9.4,9.2,9.1,9.2,9.3,9.5,9.8,9.6,9.4,10.0,10.1,9.9,10.0,10.4,10.2,10.3,10.4,10.4,10.5,10.6,11.2,10.7,10.4,11.1,10.8
022085,10.1,10.2,10.2,10.4,10.3,10.9,10.7,10.6,10.8,10.9,11.1,11.4,11.5,11.2,11.2,11.1,11.2,11.4,11.2,11.7,12.0,12.2,11.8,12.0,11.8
022087,8.8,9.0,9.2,9.2,8.9,9.1,9.0,9.3,9.4,9.7,9.6,9.8,9.9,9.8,9.9,10.1,9.9,10.2,10.3,10.2,10.5,10.4,10.5,10.5,10.3
022089,8.5,8.6,8.6,8.7,8.8,8.7,8.9,8.8,8.9,9.3,9.7,9.4,9.6,9.7,9.6,9.6,9.7,9.4,9.9,10.1,10.1,10.0,10.0,10.2,10.0
022090,9.6,9.6,10.2,9.8,9.9,10.4,10.1,10.5,10.7,10.9,11.2,11.3,11.3,11.1,11.6,11.5,12.1,11.9,12.4,12.5,12.9,12.8,13.0,12.7,12.9
022091,9.8,9.4,10.0,10.0,10.1,10.0,10.3,10.0,9.9,10.6,10.5,10.8,10.8,10.8,11.3,11.1,11.0,11.0,11.0,11.3,11.2,11.3,11.5,11.7,11.1
022092,7.9,7.9,7.9,8.1,8.2,8.2,8.2,8.3,8.3,8.5,8.6,8.7,8.8,8.6,8.7,8.8,8.6,8.7,8.9,8.8,9.0,9.0,9.2,8.9,9.0
022093,8.9,8.8,8.8,8.9,8.9,8.8,9.0,8.8,8.8,8.9,9.1,9.6,9.7,9.3,9.5,9.4,9.5,9.4,9.3,9.4,9.9,9.5,9.5,9.6,9.4
022095,8.3,8.3,8.2,8.3,8.2,8.2,8.5,8.2,8.2,8.6,8.5,8.4,8.7,8.4,8.6,8.7,8.6,8.7,8.8,8.8,8.9,8.7,8.6,8.8,8.7
022097,8.6,8.7,8.7,8.7,8.6,8.6,8.9,9.0,9.0,9.0,9.4,9.2,9.1,9.3,9.4,9.2,9.7,9.6,9.6,9.8,9.8,9.5,9.4,9.7,9.8
022098,7.9,7.8,7.8,8.0,8.4,8.4,8.2,8.6,8.4,8.7,8.7,9.2,8.8,9.0,9.1,9.1,9.3,9.4,9.5,9.3,9.7,9.6,9.6,9.8,10.2
022102,8.0,8.0,8.2,8.1,8.4,8.3,8.2,8.4,8.7,9.1,8.9,8.8,9.2,9.1,9.4,9.4,9.4,9.6,9.6,9.7,9.8,10.0,10.1,10.0,10.3
022103,8.7,8.9,8.6,9.0,9.0,9.3,9.1,9.3,9.2,9.8,9.6,9.8,9.9,10.0,10.2,10.1,10.1,10.5,10.5,10.5,11.2,10.9,10.8,11.1,10.9
022104,9.4,9.6,9.7,9.8,9.8,9.9,10.0,10.1,10.3,10.8,10.9,10.5,10.8,11.1,11.1,11.9,11.5,11.3,11.5,11.6,12.2,11.8,12.1,12.3,12.5
022106,8.7,8.6,8.8,8.7,9.0,8.9,9.0,9.0,9.0,9.4,9.4,9.1,9.4,9.1,9.5,9.5,9.4,9.7,9.6,9.8,10.4,10.0,9.6,9.9,10.1
022108,8.9,9.0,9.1,9.3,9.3,9.4,9.5,9.5,9.2,10.0,10.4,10.2,10.0,10.7,10.5,10.5,10.7,11.1,11.1,11.1,11.7,11.2,11.6,11.9,11.4
022109,9.3,9.6,9.6,9.6,9.6,9.7,9.9,9.9,9.8,10.4,10.7,10.8,11.0,10.9,11.0,11.0,11.0,11.2,11.2,11.4,11.8,12.0,11.7,11.3,12.0
022110,8.5,8.9,8.8,8.9,9.1,9.0,9.3,9.2,9.4,9.6,9.5,9.9,10.0,10.2,10.4,10.5,10.1,10.4,10.4,10.5,11.0,11.0,10.8,11.0,11.1
022112,8.4,8.7,8.4,8.6,8.6,8.5,8.6,8.5,8.4,8.9,9.1,8.8,9.0,8.8,9.1,8.9,8.6,8.9,8.7,9.0,9.0,9.3,9.0,9.1,8.9
022113,9.7,9.4,9.9,10.0,9.6,10.0,9.9,10.3,10.0,10.3,10.9,10.5,11.0,10.7,11.1,10.8,11.1,11.0,11.1,11.1,11.5,11.4,11.6,11.8,11.4
022114,8.6,8.6,8.6,8.3,8.6,8.6,8.9,8.7,8.6,9.2,9.1,9.2,9.3,9.2,9.1,9.2,9.4,9.8,9.4,9.6,10.1,10.0,9.6,10.1,9.8
022115,7.4,7.3,7.5,7.5,7.5,7.4,7.8,7.7,7.6,7.9,7.9,8.0,8.0,8.0,8.1,8.1,8.3,8.4,8.3,8.3,8.5,8.1,8.1,8.5,8.2
022116,9.1,8.8,8.7,8.9,9.0,8.8,8.7,8.9,9.0,9.3,9.5,9.5,9.4,9.6,9.5,10.0,9.9,9.6,9.6,9.9,10.0,9.9,10.1,10.0,10.0
022117,7.9,8.0,7.8,7.7,7.9,8.1,7.9,8.0,8.1,8.2,8.4,8.3,8.3,8.2,8.4,8.4,8.4,8.3,8.8,8.3,8.5,8.2,8.6,8.3,8.1
022118,8.7,8.9,8.8,9.0,9.4,9.2,9.3,9.5,9.6,10.1,10.4,10.4,10.3,10.7,10.6,10.8,10.7,11.4,11.1,11.2,12.0,11.7,12.0,11.8,12.0
022120,8.8,9.2,8.9,9.2,9.0,9.4,9.0,9.3,9.5,9.7,9.7,9.7,9.7,10.0,10.0,9.9,10.2,10.2,10.5,10.4,10.7,10.7,10.5,10.3,10.6
022123,7.8,7.7,7.9,7.8,7.9,8.1,8.0,8.1,8.0,8.2,8.2,8.4,8.6,8.5,8.9,8.4,8.5,8.7,8.7,8.8,9.3,9.0,9.0,9.0,9.1
022124,7.2,7.1,7.3,7.5,7.3,7.4,7.4,7.4,7.2,7.7,7.8,7.8,7.8,7.9,7.8,8.0,8.0,7.8,7.9,8.0,8.3,7.9,8.1,8.1,8.0
022127,8.5,8.9,8.7,8.9,8.8,9.0,8.8,8.9,9.0,9.2,9.2,9.1,8.9,9.2,9.1,9.3,9.2,9.2,9.2,9.4,9.3,9.1,8.9,8.9,9.3
022128,8.2,8.2,8.3,8.2,8.2,8.3,8.2,8.2,8.3,8.6,8.6,9.0,8.4,8.8,8.9,8.9,8.7,8.7,8.6,8.6,8.9,8.8,8.8,8.8,9.1
022129,7.8,7.8,7.6,7.6,7.6,7.6,7.6,7.6,7.6,7.8,7.8,8.0,7.9,7.7,7.9,7.7,7.8,7.9,7.9,7.7,7.9,7.7,8.0,8.1,7.9
022130,8.9,9.0,9.3,9.3,9.7,9.2,9.5,9.8,10.1,10.1,10.2,10.1,10.4,10.5,10.4,10.3,11.0,11.4,10.9,11.2,11.8,11.6,11.5,11.6,11.7
022131,7.7,8.0,8.0,8.0,8.2,8.3,8.2,8.4,8.3,8.8,9.0,8.8,9.2,9.2,9.3,9.4,9.3,9.6,9.4,9.7,10.0,9.9,9.9,10.0,10.4
022133,7.7,7.6,7.8,7.8,8.0,7.9,8.1,7.9,8.1,8.5,8.3,8.5,8.8,8.7,8.8,8.8,8.9,9.2,8.9,9.1,9.2,9.1,9.3,9.4,9.2
022134,9.5,9.5,9.7,9.7,9.7,9.6,9.6,9.6,9.8,9.9,9.8,9.9,9.9,10.1,10.0,9.9,9.9,9.8,10.3,10.2,10.2,10.1,10.2,10.3,10.0
022135,10.8,11.1,11.0,10.8,11.2,11.3,11.4,11.5,11.5,12.1,12.2,12.3,12.4,12.6,12.6,13.0,13.1,13.3,13.5,13.8,14.7,13.7,14.0,13.8,13.8
022136,9.3,9.4,9.5,9.6,9.4,9.5,9.5,9.6,10.0,10.2,10.2,10.4,10.3,10.3,10.6,10.5,10.5,10.7,10.5,10.7,11.1,11.1,10.9,11.0,11.4
022137,8.0,8.2,8.3,8.1,8.2,8.2,8.3,8.3,8.5,8.7,8.5,8.7,8.7,8.7,8.9,8.7,9.0,8.8,8.7,8.9,9.2,9.2,8.9,9.2,9.4
022138,7.9,8.2,8.1,8.3,8.4,8.2,8.3,8.4,8.5,8.8,9.0,8.8,9.3,9.0,9.5,9.4,9.9,9.6,9.7,9.5,10.0,10.0,9.9,10.1,9.7
022139,7.1,7.3,7.4,7.3,7.3,7.3,7.3,7.4,7.4,7.5,7.5,7.8,7.4,7.5,7.6,7.6,7.6,7.6,7.5,7.8,7.7,7.7,7.7,7.7,7.6
022142,7.1,6.9,7.0,7.1,7.3,7.1,7.2,7.1,7.3,7.6,7.8,7.7,7.6,7.7,7.7,7.9,7.8,8.0,7.8,8.1,8.2,8.1,8.1,8.2,8.3
022143,7.5,7.6,7.4,7.3,7.2,7.6,7.3,7.6,7.8,7.9,7.7,8.0,8.0,7.9,7.9,8.4,8.1,8.0,8.0,8.1,8.3,8.1,8.2,8.3,8.0
022144,8.3,8.5,8.4,8.5,8.6,8.8,8.8,8.6,8.7,9.4,9.1,9.1,9.0,9.0,9.5,9.2,9.4,9.3,9.6,9.6,9.9,9.4,9.9,9.8,10.0
022147,8.5,8.6,8.7,8.9,8.8,9.0,9.1,9.2,9.1,9.8,9.6,9.8,9.9,10.0,9.9,10.2,9.9,10.2,10.0,10.3,10.4,10.4,10.3,10.5,10.6
022150,9.6,9.5,9.5,9.9,10.0,10.2,9.9,10.2,10.1,10.6,11.0,10.6,10.9,11.3,11.3,11.1,10.9,11.4,11.1,11.5,11.7,11.5,11.6,11.9,12.2
022153,8.4,8.3,8.2,8.5,8.5,8.6,8.5,8.9,8.8,9.1,9.3,9.3,9.4,9.5,9.4,9.6,9.6,9.8,9.8,9.8,10.4,10.1,10.0,10.4,10.3
022155,9.7,9.8,9.9,9.5,10.0,9.7,9.7,10.0,9.7,10.5,10.2,10.6,10.6,10.3,10.6,11.0,10.5,11.0,10.8,10.8,11.0,10.9,11.1,10.7,11.1
022156,8.1,8.0,8.0,8.2,8.7,8.4,8.4,8.4,8.5,9.0,8.6,8.7,8.9,9.1,8.8,9.2,9.2,9.3,9.2,9.2,9.6,9.2,9.2,9.3,9.7
022157,8.2,8.2,8.2,8.5,8.5,8.6,8.5,8.7,8.8,9.4,9.2,9.2,9.3,9.6,9.5,9.6,9.5,9.5,9.7,9.8,10.3,10.0,10.5,10.4,10.4
022159,7.9,7.9,8.0,8.3,8.5,8.2,8.1,8.2,8.4,8.7,8.8,9.0,9.1,9.2,9.3,9.3,9.3,9.5,9.5,9.4,10.0,9.7,9.7,9.8,9.8
022160,8.7,8.7,8.9,8.8,8.7,9.0,9.2,9.1,9.0,9.2,9.3,9.7,9.4,9.4,9.8,9.7,9.2,9.9,9.7,9.5,10.0,9.7,9.8,9.7,9.9
022161,8.0,8.0,8.2,7.9,7.9,7.8,7.9,8.1,7.8,8.3,8.3,8.3,8.5,8.5,8.5,8.6,8.6,8.5,8.7,8.4,8.7,8.7,8.7,8.8,8.8
022162,9.9,9.6,9.7,9.9,10.2,10.2,10.4,10.4,10.5,11.6,11.3,11.4,11.8,11.9,12.3,12.2,12.2,12.6,12.6,12.5,13.4,13.1,13.9,13.6,13.8
022163,7.7,7.9,7.8,7.6,7.9,8.0,8.1,7.9,8.0,8.4,8.3,8.5,8.4,8.3,8.4,8.4,8.6,8.5,8.8,8.7,8.9,8.8,8.7,8.9,8.8
022164,9.4,9.7,9.8,9.6,9.8,9.9,9.7,9.9,10.2,10.5,10.7,10.7,10.6,10.6,11.0,11.1,11.1,11.2,11.7,11.7,12.0,11.4,11.6,12.0,12.3
022165,8.0,7.9,8.1,7.9,8.4,8.3,8.2,8.3,8.4,8.8,8.9,8.7,8.8,9.0,9.2,9.2,9.2,9.3,9.1,9.3,9.4,9.5,9.7,9.4,9.6
022167,8.1,8.2,8.3,8.4,8.4,8.4,8.5,8.8,8.6,8.9,9.0,9.2,8.9,9.2,9.4,9.3,9.5,9.5,9.6,9.8,9.8,9.9,9.7,9.7,10.0
022168,8.7,8.7,8.6,8.6,9.0,8.9,9.2,9.2,9.2,9.9,10.0,10.2,10.2,10.6,10.7,10.8,10.8,10.9,11.3,11.5,11.8,11.6,11.8,12.1,12.1
022169,8.0,8.0,8.0,8.5,8.2,8.2,8.2,8.3,8.3,8.9,8.8,8.8,8.8,8.9,8.9,8.9,9.1,8.9,9.2,9.6,9.3,9.3,9.3,9.3,9.5
022170,8.3,8.3,8.3,8.5,8.5,8.5,8.6,8.7,9.0,9.3,9.1,9.2,9.7,9.9,9.8,9.9,9.9,9.9,10.1,10.3,10.6,10.3,10.6,10.5,10.6
022171,9.3,9.4,9.6,9.7,9.5,9.6,9.6,10.1,10.0,10.1,10.2,10.3,10.6,10.9,10.8,11.0,10.9,10.8,11.1,11.1,11.6,11.3,11.5,11.6,11.6
022172,8.3,8.4,8.2,8.4,8.6,8.6,8.5,8.6,8.6,8.8,9.0,9.0,8.9,9.2,9.0,9.4,9.1,9.6,9.4,9.4,9.6,9.4,9.6,9.8,9.8
022173,9.7,9.3,9.7,10.0,9.6,10.1,9.9,10.3,10.1,10.7,10.6,10.8,11.0,10.8,11.2,11.6,11.3,11.4,11.4,11.6,11.9,11.8,11.8,11.5,11.9
022176,9.2,9.4,9.3,9.5,9.5,9.6,9.7,9.8,10.0,10.1,10.2,10.2,10.4,10.2,10.5,10.6,10.5,10.8,10.3,10.7,10.5,10.8,10.9,11.0,10.7
022177,11.1,11.3,11.3,11.0,11.5,11.5,11.6,11.7,11.9,12.0,12.3,12.6,12.8,12.5,12.4,13.2,12.9,12.6,13.2,13.3,13.8,13.8,13.6,13.6,13.8
022179,9.4,9.5,9.4,9.5,9.7,9.8,9.9,9.6,9.9,10.3,10.4,10.3,10.8,10.6,11.0,10.8,11.2,11.0,10.7,11.2,11.6,11.5,11.6,11.8,11.6
022180,10.2,10.1,10.3,10.4,10.4,10.7,10.6,10.5,10.6,10.9,10.9,11.1,11.3,11.0,11.4,11.6,11.5,11.5,11.6,11.6,12.1,11.9,11.8,12.3,11.9
022181,9.2,9.3,9.1,9.3,9.0,9.2,9.5,9.4,9.3,9.7,9.6,9.5,9.7,9.5,9.8,9.5,9.7,9.3,9.8,9.6,9.8,9.8,9.8,9.2,9.6
022182,8.1,8.3,8.1,8.4,8.5,8.6,8.6,8.2,8.6,8.6,9.1,9.1,8.9,8.9,8.9,9.0,9.3,9.2,9.3,9.6,9.5,9.6,9.4,9.4,9.6
022183,9.3,9.5,9.6,9.6,9.6,9.9,9.8,10.1,10.2,10.7,10.6,10.9,11.1,10.7,10.9,10.9,11.1,11.4,11.9,11.5,11.8,11.8,12.0,12.1,12.5
022184,8.7,8.5,8.3,8.5,8.6,8.4,8.9,8.9,8.7,9.4,9.2,9.2,9.5,9.3,9.3,9.5,9.6,9.9,10.0,9.8,10.0,10.5,10.2,10.0,10.5
022188,8.4,8.6,8.8,8.8,9.0,8.8,9.3,8.9,8.9,9.6,9.9,9.5,9.9,9.9,10.0,9.9,10.0,10.2,10.4,10.7,10.7,10.7,11.1,11.0,10.8
022189,9.4,9.7,9.5,9.5,9.5,9.8,9.7,10.0,10.0,10.3,10.2,10.3,10.4,10.7,10.5,10.8,10.6,10.7,10.1,10.5,10.8,10.8,11.0,10.8,10.8
022190,8.9,9.1,9.2,9.0,9.2,9.2,9.0,9.5,9.4,9.4,9.6,9.7,9.6,9.9,9.7,9.9,9.8,9.8,9.7,10.0,10.4,10.1,10.1,10.0,10.3
022191,8.9,8.7,9.2,8.9,9.1,8.8,9.1,9.4,9.1,9.8,9.9,10.1,10.2,10.2,10.4,10.4,10.7,10.7,10.9,10.7,11.0,11.1,11.5,11.4,11.5
022193,9.8,10.0,9.6,9.8,9.7,9.7,10.1,9.7,9.8,10.5,10.4,10.6,10.3,10.5,10.7,10.6,10.9,11.0,10.8,10.8,10.9,10.8,11.0,10.8,11.5
022195,9.2,9.0,9.1,9.0,9.2,9.4,9.1,9.2,8.9,9.5,9.4,9.2,9.7,9.5,8.9,9.6,9.5,9.5,9.6,9.5,9.4,9.5,9.3,9.4,9.3
022196,7.5,7.6,7.7,7.7,7.8,7.7,7.7,8.0,8.0,8.5,8.5,8.1,8.5,8.3,8.8,8.6,8.8,8.8,8.7,8.9,9.2,8.7,8.9,9.1,9.1
022199,8.2,8.0,8.0,8.4,8.4,8.6,8.4,8.5,8.8,9.1,9.3,9.6,9.4,9.6,9.6,9.7,9.8,10.0,9.9,9.9,10.4,10.2,10.1,10.4,10.7
022200,10.3,10.1,10.4,10.7,10.3,10.8,10.7,10.8,11.1,11.2,11.3,11.5,11.4,11.6,11.5,11.6,11.7,12.4,12.5,12.1,13.0,12.3,12.8,12.8,12.8
022202,8.0,8.0,7.9,8.1,8.4,8.3,8.5,8.9,8.4,9.0,9.0,9.3,9.3,9.2,9.6,9.4,9.7,9.4,10.0,9.8,10.3,9.5,10.5,10.1,10.0
022203,8.1,8.4,8.4,8.5,8.5,8.5,8.6,8.6,8.7,9.1,8.8,9.0,8.9,9.1,9.0,9.3,9.1,9.2,8.9,9.2,9.4,9.3,9.3,9.5,9.6
022205,7.7,7.5,7.7,7.7,7.8,7.9,8.1,8.0,8.2,8.3,8.5,8.6,8.9,8.5,8.9,8.7,8.9,8.9,9.1,9.2,9.7,9.1,9.6,9.5,9.4
022209,8.7,8.7,9.0,8.6,8.9,8.9,9.1,9.1,9.2,9.6,9.4,9.7,9.9,9.7,10.1,10.0,10.0,9.9,10.2,10.2,10.7,10.6,10.4,10.2,10.8
022210,10.1,10.2,10.4,10.4,10.5,10.6,10.8,10.9,10.5,11.3,11.4,11.5,11.6,12.0,11.7,12.2,12.1,12.4,12.5,13.2,13.2,13.3,13.4,13.5,13.5
022213,8.2,8.3,8.3,8.2,8.7,8.8,8.7,8.8,8.9,9.2,9.2,9.4,9.5,9.3,9.8,9.8,10.3,10.2,10.0,10.2,11.0,10.6,10.5,10.8,10.8
022216,9.8,9.6,9.8,9.9,9.9,9.9,10.1,10.4,10.5,11.0,11.1,11.6,11.2,11.2,11.5,11.4,11.3,11.5,11.7,11.7,12.4,12.2,12.1,12.2,12.5
022222,9.0,8.9,9.0,8.9,8.6,9.0,9.3,9.3,8.9,9.3,9.3,9.3,9.5,9.3,9.4,9.6,9.4,9.5,9.4,9.6,9.6,9.6,9.3,9.4,9.7
022224,8.9,9.1,9.5,9.4,9.3,9.6,9.4,9.6,9.9,10.1,9.8,10.3,9.9,10.1,10.4,10.6,10.8,10.6,10.7,10.7,11.1,10.5,10.8,11.2,11.0
022226,8.0,8.2,8.0,8.0,8.0,7.9,8.1,8.1,8.0,8.3,8.4,8.6,8.2,8.4,8.6,8.4,8.5,8.5,8.9,8.4,8.6,8.4,8.5,8.4,8.6
022228,9.6,9.4,9.3,9.7,9.8,10.1,9.9,10.2,10.3,10.9,10.9,10.6,10.9,11.0,11.1,11.1,11.2,11.3,11.6,11.4,12.2,11.6,11.9,11.9,12.3
022229,9.0,8.9,9.0,9.1,9.0,9.3,9.4,9.3,9.7,10.1,9.9,10.1,10.3,10.1,10.4,10.3,11.0,10.5,11.1,10.8,11.6,11.1,11.4,11.2,11.5
022230,9.2,8.9,9.1,9.1,9.2,9.2,9.1,9.0,9.2,9.8,9.8,9.6,9.9,10.0,9.9,10.1,9.9,10.2,9.9,10.0,10.4,10.5,10.2,10.6,10.7
022231,9.7,9.9,9.7,10.0,9.9,9.9,9.6,9.9,10.0,10.3,10.3,10.2,10.3,10.2,10.5,10.6,10.3,10.3,10.3,10.3,10.6,10.5,10.5,10.5,10.0
022232,7.9,7.7,7.8,7.9,7.9,8.3,8.2,8.1,8.7,8.7,8.9,8.8,8.7,9.0,9.0,9.4,9.3,9.6,9.5,9.6,9.9,10.0,9.7,10.1,10.2
022233,7.2,7.2,7.4,7.2,7.2,7.3,7.5,7.6,7.4,8.0,7.8,8.1,8.0,8.0,8.1,8.1,8.4,8.3,8.3,8.3,8.8,8.4,8.6,8.6,8.4
022234,8.5,8.6,8.6,8.4,8.6,8.8,8.8,9.0,8.9,9.2,9.6,9.2,9.8,9.7,9.6,9.6,9.8,9.9,9.9,10.2,10.5,10.0,10.3,10.6,10.6
022235,9.2,9.2,9.0,9.2,9.2,9.1,9.3,9.2,9.2,9.4,9.6,9.7,9.6,10.0,9.5,9.6,10.2,9.8,9.9,9.9,10.1,10.0,9.8,9.9,9.9
022236,8.5,8.7,8.6,8.6,8.7,8.8,8.6,8.9,9.1,9.0,9.2,9.6,9.3,9.5,9.3,9.5,9.4,9.7,9.8,9.7,10.0,9.8,10.1,9.8,9.8
022237,9.3,9.0,9.5,9.5,9.4,9.7,9.9,9.8,10.0,10.5,10.4,10.2,10.7,11.0,10.9,11.4,11.1,11.3,11.8,11.9,12.1,11.5,12.4,12.0,11.9
022238,8.2,8.5,8.3,8.1,8.1,8.6,8.3,8.0,8.4,8.5,8.3,8.6,8.6,8.5,8.7,8.4,8.6,8.6,8.4,8.5,8.6,8.4,8.4,8.4,8.6
022239,8.4,8.2,8.5,8.6,8.9,8.7,8.6,8.9,8.5,9.0,9.1,8.7,9.2,9.2,9.0,9.5,9.5,9.3,9.5,9.5,9.8,9.6,9.9,9.8,9.6
022240,10.2,10.3,10.5,10.2,10.7,10.6,10.6,10.8,11.1,11.5,11.5,11.5,11.9,11.8,11.8,12.2,12.5,12.3,12.4,12.3,12.7,12.6,12.7,12.7,12.8
022241,8.1,8.4,8.5,8.5,8.4,8.4,8.7,8.8,8.8,9.0,9.0,9.1,8.9,9.2,9.4,9.4,9.4,9.2,9.9,9.5,10.0,9.6,10.1,10.0,10.0
022242,7.9,8.0,8.0,8.1,8.0,8.0,8.3,8.1,8.2,8.3,8.7,8.6,8.5,8.6,8.5,8.5,8.5,8.5,8.6,9.2,8.9,8.9,8.7,8.7,8.7
022243,9.6,9.5,9.9,9.8,9.9,10.0,10.4,10.1,10.0,10.4,10.5,10.2,10.6,10.8,11.0,10.9,10.9,10.9,10.9,11.6,11.4,11.0,11.2,11.9,11.3
022244,9.4,9.5,9.8,9.5,9.8,9.8,9.7,9.7,9.9,10.5,10.1,10.5,10.6,10.6,11.0,10.7,11.0,10.7,11.5,11.3,11.4,11.4,11.4,11.4,11.9
022245,8.1,8.2,8.4,8.4,8.7,8.6,8.9,8.7,9.0,9.2,9.6,9.5,9.6,9.6,9.5,9.7,9.8,9.9,10.0,10.2,10.6,10.3,10.5,10.8,10.4
022246,8.2,8.1,8.0,8.0,7.9,8.2,8.4,8.3,8.3,8.7,8.7,8.4,8.7,8.7,8.7,8.6,8.6,8.9,8.9,8.9,9.1,8.8,8.9,9.0,8.8
022247,10.9,10.4,10.5,10.4,10.4,10.7,10.4,10.3,10.4,11.2,10.9,11.0,10.9,11.0,11.1,11.0,11.0,10.9,10.9,11.1,11.6,11.0,10.9,11.0,10.8
022248,8.0,7.8,8.1,8.3,8.0,8.0,8.2,8.1,8.5,8.7,8.6,8.9,8.9,8.6,8.8,8.8,8.9,8.8,9.1,9.0,9.5,9.3,9.1,9.2,9.3
022249,8.8,9.0,8.9,8.9,9.1,9.0,9.1,9.2,9.1,9.4,9.5,9.4,9.4,9.4,9.7,9.6,9.7,9.8,9.8,9.4,9.8,9.7,9.9,9.8,9.6
022250,8.4,8.5,8.9,8.8,8.8,8.6,8.7,9.2,8.9,9.6,9.5,9.4,9.6,10.0,9.8,10.2,10.1,10.4,10.1,10.4,10.5,10.7,10.5,10.8,10.8
022251,8.7,8.7,8.6,9.0,8.8,9.0,8.8,9.1,9.2,9.5,9.4,9.5,9.8,9.7,9.8,9.7,10.0,10.3,10.3,10.2,10.6,10.5,10.7,11.0,10.6
022252,8.3,8.5,8.8,8.7,8.7,8.8,8.9,8.9,8.8,9.2,9.4,9.3,9.3,9.7,9.6,9.3,9.6,9.5,9.8,9.8,9.9,9.8,9.8,10.0,9.9
022253,8.8,8.8,8.9,9.1,9.0,9.0,9.2,9.4,9.6,9.7,9.7,10.0,9.7,10.1,9.9,10.3,10.5,10.3,10.6,10.7,10.9,10.9,11.1,11.1,11.5
022254,10.0,10.0,10.1,10.3,10.2,10.3,10.4,10.4,10.8,11.1,11.0,11.5,11.3,11.4,11.7,11.2,11.3,11.8,11.8,11.5,11.8,11.9,11.9,11.8,11.9
023001,8.2,8.1,8.3,8.1,8.1,8.0,8.0,7.9,8.0,8.6,8.3,8.3,8.3,8.2,8.4,8.2,8.5,8.3,8.1,8.3,8.4,8.3,8.3,8.2,8.3
023002,9.2,9.7,9.4,9.5,9.9,9.6,9.5,9.7,10.1,10.2,10.2,10.4,10.5,10.6,10.4,10.4,10.4,11.0,10.9,10.7,11.5,10.8,11.4,11.2,10.6
023003,8.6,8.5,8.8,9.0,8.9,9.1,9.2,9.3,9.6,10.1,9.7,10.7,10.7,10.5,11.0,10.6,11.0,11.4,11.2,11.6,12.2,11.9,11.7,12.2,12.6
023004,9.6,9.6,9.6,9.8,9.9,9.7,9.8,10.0,10.1,10.0,10.6,10.8,10.5,10.4,10.5,10.8,10.6,10.7,10.5,10.5,11.0,11.0,10.8,11.2,11.0
023005,7.9,8.1,8.4,8.3,8.4,8.5,8.7,8.5,8.5,8.8,8.9,9.2,9.1,9.2,9.3,9.7,9.7,9.7,10.0,10.0,10.4,10.1,10.2,10.6,10.3
023006,8.2,8.1,8.2,8.4,8.4,8.5,8.2,8.4,8.5,9.0,8.8,9.0,9.0,9.3,9.0,9.1,8.9,9.1,9.4,8.9,9.5,9.2,9.5,9.7,9.5
023007,8.9,8.6,9.0,8.8,8.8,9.0,9.1,9.0,9.5,9.5,9.7,9.4,9.9,10.2,9.9,10.3,10.4,10.3,10.8,10.4,10.8,11.0,11.1,10.9,11.2
023008,9.5,9.6,9.7,9.7,9.7,9.8,10.0,10.1,10.3,10.4,10.7,10.6,10.5,10.7,10.8,10.6,11.0,11.2,11.5,11.5,11.8,11.5,11.5,11.8,12.2
023009,8.4,8.5,8.4,8.4,8.5,8.6,8.7,8.7,8.8,9.4,9.2,9.1,9.3,9.5,9.6,9.5,9.6,9.7,9.5,10.0,10.0,9.9,10.2,10.3,10.2
023010,8.8,8.6,8.8,9.1,9.2,9.4,9.2,9.5,9.7,10.0,9.9,10.0,10.4,10.3,10.5,11.1,11.0,11.0,10.7,10.9,11.0,11.4,11.5,11.7,11.7
023011,7.1,7.4,7.5,7.7,7.6,7.7,7.7,7.8,7.7,8.2,8.0,8.3,8.1,8.5,8.5,8.4,8.5,8.4,8.7,8.6,9.1,8.8,9.0,8.9,9.1
023012,9.0,9.1,9.5,9.2,9.2,9.4,9.2,9.3,9.3,9.5,9.7,9.6,9.7,9.8,9.7,9.9,9.7,10.0,9.9,9.9,10.2,9.9,9.9,10.2,10.1
023013,9.9,9.8,10.0,10.0,10.1,10.2,10.0,10.2,10.4,10.7,11.2,11.0,11.0,11.0,10.9,11.2,11.4,11.7,11.6,11.8,12.1,12.0,12.0,12.3,12.2
023014,8.3,8.7,8.8,8.7,8.9,9.2,8.8,8.9,9.5,9.6,9.8,9.6,10.1,10.0,10.0,10.4,10.1,10.5,10.3,10.8,10.9,10.9,11.1,10.7,11.1
023015,8.4,8.7,8.9,8.7,8.8,8.8,8.9,8.9,8.8,9.2,9.2,9.3,9.3,9.2,9.4,9.5,9.5,9.6,9.7,9.8,10.0,9.8,9.9,9.5,9.6
023016,9.2,9.2,9.0,9.3,9.1,9.4,9.3,9.5,9.8,9.6,9.8,9.9,10.1,10.4,10.1,10.5,10.3,10.4,10.6,11.0,10.9,10.9,11.0,10.9,11.2
023017,8.8,8.9,8.8,8.6,8.9,8.9,8.9,8.9,8.8,8.9,9.7,9.4,9.0,9.5,9.5,9.7,9.0,9.7,9.4,9.5,10.0,9.6,9.8,9.7,9.6
023018,8.1,8.1,8.3,8.0,8.3,8.5,8.6,8.2,8.4,8.8,8.8,8.8,9.0,9.0,9.0,9.0,9.3,9.2,9.2,9.3,9.8,9.5,9.3,9.6,9.5
023019,10.0,10.5,10.2,10.5,10.8,10.6,11.0,11.2,11.2,12.0,12.0,11.5,12.0,12.2,11.8,12.2,12.4,13.1,12.7,13.3,13.3,13.3,13.5,13.7,13.6
023020,8.8,8.6,8.8,8.7,8.7,9.1,8.8,8.8,9.0,9.2,9.0,9.3,9.1,9.3,9.7,9.0,9.5,9.4,9.5,9.6,9.6,9.7,9.8,9.6,9.7
023021,8.6,8.6,8.6,8.7,8.7,8.8,8.9,8.9,9.0,9.2,9.3,9.4,9.5,9.2,9.6,9.8,10.0,9.6,9.8,9.6,9.9,9.9,10.1,10.1,10.1
023022,8.9,8.7,8.8,8.8,9.0,8.9,9.1,9.2,9.5,9.7,9.8,10.1,10.2,10.2,10.4,10.4,10.4,10.4,10.8,10.9,11.3,10.9,11.1,11.5,11.6
023023,7.3,7.2,7.2,7.4,7.5,7.6,7.5,7.7,7.3,7.7,7.6,7.7,7.9,8.0,7.8,7.9,8.3,8.1,8.3,8.2,8.3,8.1,8.1,8.5,8.8
023024,8.8,9.2,8.8,9.0,9.2,9.4,9.4,9.2,9.1,9.9,9.9,10.2,9.9,10.1,10.3,10.1,10.3,10.2,10.4,10.2,10.8,10.7,11.0,11.0,10.6
023025,7.5,7.6,7.8,7.6,7.8,8.0,8.0,8.1,8.0,8.3,8.6,8.8,8.5,8.8,8.5,8.8,8.7,8.9,9.0,9.3,9.2,8.9,9.3,9.4,9.5
023026,8.3,8.0,8.2,8.4,8.4,8.2,8.3,8.5,8.5,8.6,8.7,8.9,8.9,9.2,9.3,8.9,9.2,9.1,9.2,9.6,9.4,9.6,9.5,9.4,9.9
023027,7.4,7.3,7.3,7.5,7.4,7.4,7.5,7.5,7.6,7.7,8.0,7.8,8.1,7.8,7.9,8.0,8.0,8.3,8.3,8.0,8.4,8.3,8.2,8.5,8.4
023028,8.1,8.0,8.3,8.0,8.2,8.2,8.3,8.4,8.3,8.4,8.9,8.7,8.7,8.7,8.7,8.7,8.7,8.8,9.2,8.9,9.0,9.3,9.1,9.1,9.4
023029,9.6,9.6,9.8,9.8,9.6,10.1,9.7,10.5,10.1,10.4,10.8,10.6,10.8,11.1,11.1,11.1,11.5,11.2,11.7,11.4,11.7,11.7,12.0,12.0,11.9
023030,9.3,9.4,9.1,9.3,9.4,9.3,9.6,9.5,9.4,9.6,10.0,9.9,9.8,10.0,9.8,10.1,9.8,9.9,10.1,10.0,10.2,10.1,10.0,10.1,10.0
023031,9.2,9.6,9.5,9.7,9.7,10.0,10.1,10.4,10.1,11.3,10.8,11.3,11.8,11.4,11.3,11.5,12.2,12.3,12.4,12.7,13.6,13.3,13.6,13.3,13.9
023032,8.0,7.9,8.3,8.3,8.3,8.4,8.2,8.6,8.8,9.0,9.2,9.2,9.4,9.4,9.5,9.4,9.6,9.9,9.8,10.3,10.5,10.2,10.6,10.4,10.5
023033,8.2,7.9,7.9,8.0,8.0,8.0,8.0,8.1,8.1,8.4,8.5,8.3,8.4,8.6,8.6,8.7,8.5,8.7,8.4,8.5,8.8,8.6,8.7,8.7,8.7
023034,9.9,10.5,9.9,10.4,10.2,10.0,10.0,10.2,10.3,10.7,10.7,10.8,10.9,11.2,10.9,11.0,10.9,11.4,11.1,11.5,11.2,11.4,11.1,11.4,10.9
023035,7.6,8.0,7.9,7.8,7.9,8.0,7.9,8.1,7.9,8.3,8.4,8.3,8.2,8.3,8.3,8.5,8.4,8.3,8.5,8.2,8.7,8.3,8.5,8.4,8.6
023036,9.5,9.6,9.7,9.8,9.8,9.8,9.8,9.9,10.0,10.3,10.3,10.4,10.3,10.8,10.5,10.7,10.3,10.7,10.7,10.5,10.9,10.8,11.2,11.0,11.0
023037,7.2,7.3,7.1,7.3,7.6,7.6,7.8,7.6,7.8,8.1,8.1,8.1,8.3,8.3,8.3,8.6,8.4,8.8,8.9,8.9,9.3,9.0,9.0,9.6,9.5
023038,9.5,9.9,9.7,10.0,9.6,10.2,10.1,10.2,10.7,10.7,11.3,11.1,11.1,11.5,11.5,11.9,12.1,12.1,12.0,12.4,12.7,12.8,12.9,12.4,12.6
023039,9.2,9.2,9.0,9.4,9.0,9.4,9.4,9.3,9.8,9.7,9.8,10.0,9.9,10.1,10.2,9.9,10.2,10.1,10.0,10.4,10.7,10.2,10.6,10.6,10.8
023040,8.7,8.9,8.9,9.1,9.0,9.1,9.2,9.4,9.2,9.6,9.7,9.6,10.1,10.0,10.0,10.2,10.2,10.5,10.4,10.3,10.7,11.0,10.9,10.9,11.2
023041,9.1,9.4,9.6,9.4,9.3,9.6,9.6,9.8,9.4,10.1,10.0,9.8,9.9,9.9,10.0,10.1,10.2,10.4,10.3,10.6,11.0,10.5,10.4,10.6,10.4
023042,9.0,9.1,9.4,9.2,9.4,9.5,9.5,9.3,9.6,10.0,10.2,10.0,10.4,10.6,10.2,10.9,10.6,10.8,10.6,11.0,11.3,11.2,11.0,11.2,11.3
023043,8.1,8.2,8.2,8.1,8.3,8.5,8.2,8.7,8.6,9.1,9.3,9.5,9.2,9.6,9.3,9.6,9.9,10.2,10.0,10.3,10.6,10.1,10.2,10.4,10.3
023044,7.0,7.1,7.0,7.2,7.1,7.4,7.4,7.4,7.4,7.9,7.8,7.7,8.2,7.9,8.1,8.1,8.1,8.3,8.3,8.4,8.4,8.4,8.5,8.7,8.5
023045,8.7,8.6,8.9,8.8,8.8,8.9,9.1,9.2,9.0,9.8,9.4,9.5,9.5,9.4,9.6,9.7,9.3,9.6,9.8,9.8,9.8,9.9,9.8,10.1,10.0
023046,8.1,8.5,8.2,8.5,8.7,8.7,8.7,8.6,9.1,9.3,9.4,9.5,9.7,9.6,9.7,9.5,9.8,9.8,9.8,10.1,10.6,10.2,10.6,10.6,10.4
023047,7.7,8.2,8.3,8.1,8.3,8.2,8.0,8.4,8.3,8.8,8.8,8.7,8.7,8.7,8.9,8.7,8.8,9.1,9.1,9.0,9.4,9.6,9.2,9.2,9.5
023048,8.0,7.7,8.1,8.1,7.9,8.0,8.3,8.3,8.2,8.5,8.4,8.7,8.6,8.5,8.7,8.4,8.6,8.8,8.8,9.0,9.2,8.8,9.1,8.9,9.2
023049,8.8,8.9,9.1,9.2,9.3,9.2,9.2,9.3,9.5,9.9,9.7,10.0,10.1,10.4,10.0,10.4,10.1,10.3,10.5,10.6,11.1,10.7,10.7,11.1,10.9
023050,10.1,10.5,10.6,10.8,10.7,10.7,10.5,11.0,11.0,11.6,11.4,11.6,11.6,12.0,12.0,12.3,12.0,12.0,12.5,12.7,12.9,12.6,12.7,12.6,13.1
023051,8.9,8.6,8.9,8.8,8.6,9.0,9.0,9.3,9.4,9.4,9.6,9.7,9.5,10.0,10.2,9.7,10.4,10.2,10.2,10.1,10.6,10.6,10.3,10.8,10.8
023052,9.1,9.0,9.0,9.3,9.3,9.3,9.3,9.7,9.6,10.0,9.9,9.9,10.2,10.1,10.3,10.4,10.5,10.2,10.6,10.7,11.0,10.8,10.9,10.9,11.1
023053,8.7,8.7,8.7,8.7,9.0,9.1,9.1,9.0,8.8,9.6,9.2,9.6,9.6,9.4,9.6,9.5,9.5,9.7,9.7,10.1,10.0,9.9,9.9,10.1,10.0
023054,8.0,8.0,8.1,8.0,8.3,8.1,8.4,8.3,8.5,8.6,8.9,8.6,8.8,8.5,8.8,9.0,9.0,8.9,8.9,9.3,9.5,9.1,9.0,9.7,9.1
023055,10.0,9.9,10.0,9.8,9.9,10.2,10.2,9.7,10.1,10.4,10.3,10.3,10.5,10.3,10.5,10.6,10.2,10.5,10.5,9.9,10.7,10.6,10.5,10.5,10.1
023056,10.0,10.1,9.9,9.8,10.3,10.7,10.2,10.4,10.5,10.7,11.2,11.4,11.5,11.7,11.2,11.7,11.4,11.5,11.8,11.6,12.6,12.0,11.7,12.4,12.5
023057,9.9,9.4,9.4,9.4,9.3,9.5,9.5,9.4,9.7,9.7,9.9,9.7,9.8,10.0,9.9,9.9,9.8,9.7,9.8,9.9,9.9,9.9,9.7,9.8,9.9
023058,7.8,8.2,7.8,8.0,7.8,7.9,7.8,8.1,8.1,8.2,8.3,8.4,8.3,8.4,8.4,8.5,8.3,8.3,8.3,8.2,8.5,8.3,8.4,8.3,8.3
023059,9.0,8.9,8.9,8.7,9.1,8.9,9.1,8.9,9.4,9.5,10.0,9.8,9.7,10.0,9.8,9.9,10.1,10.2,10.1,10.0,10.3,9.9,10.3,10.3,10.4
023060,9.0,9.2,9.0,9.4,9.6,9.5,9.6,9.6,9.7,10.1,10.1,10.4,10.1,10.5,10.6,10.9,10.8,10.9,10.9,11.3,11.6,11.2,11.2,11.7,11.7
023061,9.3,9.2,9.3,9.4,9.5,9.3,9.3,9.6,9.5,9.7,10.0,10.3,10.5,10.0,10.0,10.1,10.5,10.0,10.7,10.6,10.4,10.6,11.0,10.5,10.6
023062,9.3,9.3,9.1,9.3,9.5,9.3,9.7,9.6,9.7,9.6,10.0,9.9,9.9,10.1,10.2,10.1,10.5,10.6,10.5,10.4,10.8,10.4,10.6,10.6,10.8
023063,9.0,8.8,9.1,9.0,9.1,9.2,9.2,9.4,9.7,10.1,9.9,10.1,10.1,10.4,10.2,10.3,10.5,10.4,10.7,10.8,10.8,11.2,11.1,11.3,11.1
023064,9.3,9.8,9.5,9.6,9.8,9.9,9.8,10.1,10.0,10.3,10.4,10.5,10.7,11.0,11.0,11.0,10.6,10.8,11.0,11.2,11.5,11.1,11.0,11.1,11.2
023065,9.3,9.2,9.3,9.1,9.4,9.4,9.6,9.3,9.3,9.8,9.8,9.8,9.7,10.2,9.9,10.2,9.9,10.3,10.2,10.1,10.1,10.0,9.9,10.3,10.1
023066,8.4,8.5,8.5,8.5,8.7,8.6,8.8,8.7,8.9,8.9,9.1,9.1,9.5,9.4,9.2,9.4,9.6,9.7,9.8,9.6,9.9,10.0,9.8,10.1,9.9
023067,7.4,7.5,7.6,7.6,7.6,7.4,7.7,7.4,7.7,7.7,7.9,8.0,7.9,8.0,8.0,8.3,7.9,8.4,8.3,8.2,8.5,8.2,8.3,8.4,8.4
023068,9.7,10.0,10.1,10.0,10.0,10.4,10.4,10.4,10.4,11.0,11.0,10.9,11.3,11.0,11.3,11.4,11.6,11.6,11.9,11.8,11.9,12.1,12.1,11.9,12.6
023069,9.9,9.7,9.7,9.9,10.0,10.3,10.1,10.1,10.4,10.8,11.0,10.8,10.8,10.7,10.6,11.0,11.2,11.0,11.0,11.4,11.4,11.3,11.4,11.5,11.6
023070,9.6,9.8,10.0,10.1,10.2,10.5,10.8,10.8,10.8,11.3,11.0,11.0,11.4,11.6,11.4,11.7,11.6,12.3,12.2,12.1,12.9,12.8,12.8,12.7,13.4
023071,9.1,8.9,8.7,9.0,9.0,9.3,9.1,9.5,9.3,9.5,9.8,9.9,9.9,9.9,10.0,9.8,10.1,10.2,10.3,10.3,10.4,10.2,10.4,10.3,10.8
023072,8.2,8.5,8.3,8.4,8.4,8.4,8.6,8.5,8.5,9.1,9.1,9.2,9.0,9.3,9.0,9.3,9.4,9.5,9.3,9.4,9.8,9.5,9.8,9.8,9.7
023073,7.2,7.0,7.2,7.2,7.2,7.4,7.3,7.2,7.5,7.6,7.6,7.7,7.7,7.7,7.8,7.6,7.7,7.7,7.9,7.7,8.1,7.8,7.8,7.9,7.9
023074,8.6,9.0,8.9,9.2,8.7,8.9,9.3,9.2,9.4,9.5,9.7,9.2,9.4,9.6,9.9,9.7,9.8,10.0,10.2,10.1,10.6,10.4,10.6,10.4,10.7
023075,7.3,7.2,7.3,7.4,7.4,7.3,7.5,7.4,7.6,7.9,7.8,7.9,8.2,7.9,8.0,8.2,8.0,8.1,8.2,8.2,8.3,8.4,8.5,8.3,8.8
023076,7.6,7.6,7.8,8.0,8.0,8.1,8.0,8.2,8.3,8.5,8.9,9.0,8.9,8.9,9.1,9.2,9.0,9.3,9.2,9.3,9.7,9.5,9.9,9.9,10.0
023077,8.8,9.0,8.9,8.9,9.1,9.0,9.0,9.2,9.5,9.5,9.7,9.7,9.7,10.1,10.3,10.2,10.3,10.1,10.5,10.5,10.5,10.5,10.5,10.7,11.1
023078,7.7,7.7,7.8,8.0,7.9,8.0,8.1,8.2,8.2,8.6,8.7,8.7,8.8,8.7,8.9,8.9,8.8,8.9,9.1,8.8,9.5,9.4,9.4,9.5,9.7
023079,8.2,8.2,8.4,8.5,8.3,8.5,8.7,9.0,8.7,9.4,9.6,9.8,9.8,9.6,9.8,10.1,10.1,10.1,10.4,10.4,11.1,10.4,10.8,10.9,11.2
023080,9.9,10.2,10.4,10.5,10.2,10.2,10.6,10.6,10.6,10.8,10.6,10.7,11.2,10.9,10.9,10.8,11.0,11.3,11.3,11.2,11.8,11.4,11.0,11.4,11.6
023081,8.8,9.1,9.0,9.0,9.3,9.4,9.3,8.9,9.4,9.7,9.8,10.3,10.0,10.1,10.1,9.8,10.1,10.4,10.2,10.6,10.9,10.8,10.9,10.8,11.1
023082,7.9,8.1,8.2,8.2,8.3,8.2,8.2,8.1,8.4,8.7,8.6,8.8,8.6,8.3,8.7,8.8,8.9,8.6,8.9,9.0,8.9,8.7,9.0,8.9,9.0
023083,8.7,8.9,8.6,8.9,9.1,8.9,9.0,9.1,9.1,9.7,9.4,10.1,9.9,9.7,9.8,10.2,10.3,10.4,10.5,10.5,10.9,11.0,10.7,11.0,11.0
023084,8.4,8.2,8.1,8.5,8.5,8.5,8.5,8.7,8.3,8.9,8.8,8.9,9.0,8.8,8.9,8.9,9.1,9.1,9.0,9.0,9.1,9.0,9.1,9.2,8.9
023085,8.9,9.0,9.5,9.0,9.3,9.2,9.5,9.4,9.6,10.1,9.9,10.3,10.1,10.3,10.2,10.6,10.4,10.5,10.7,10.8,10.5,10.8,10.7,10.6,10.5
023086,8.0,8.1,8.0,8.2,7.9,8.2,8.2,8.4,8.1,8.5,8.8,8.7,8.9,8.9,8.8,9.1,9.0,9.0,9.2,8.7,9.2,9.2,8.8,9.2,9.6
023087,8.9,8.9,9.1,9.0,9.1,9.1,9.2,9.1,9.5,9.8,10.1,9.9,10.0,10.1,10.1,10.0,10.5,10.3,10.8,10.7,10.9,10.8,10.4,10.5,10.8
023088,8.4,8.5,8.7,8.7,8.9,8.9,8.8,8.8,9.2,9.5,9.8,10.0,9.9,10.0,10.0,10.6,10.5,10.7,10.3,10.8,11.0,11.2,11.3,11.5,11.5
023089,8.3,8.1,8.2,8.3,8.5,8.7,8.6,8.8,8.7,8.8,9.0,8.9,9.1,9.1,9.2,9.4,9.0,9.3,9.3,9.2,9.6,9.4,9.4,9.5,9.6
023090,7.8,7.8,7.8,7.9,7.8,7.9,8.1,8.1,8.0,8.3,8.4,8.5,8.5,8.4,8.5,8.3,8.3,8.4,8.4,8.5,8.5,8.8,8.7,8.7,8.6
023091,9.9,10.0,9.9,10.0,10.6,10.2,10.1,10.4,10.2,10.8,10.5,11.0,10.8,10.6,11.0,10.9,10.8,11.3,11.2,11.3,11.7,11.2,11.2,11.6,11.6
023092,7.4,7.7,7.4,7.7,7.6,7.6,7.6,7.7,7.8,7.9,8.1,8.0,8.2,8.3,8.2,8.3,8.1,8.4,8.4,8.4,8.7,8.4,8.7,8.8,8.6
023093,9.1,9.2,9.5,9.4,9.4,9.9,9.7,9.8,10.4,10.8,10.7,10.7,10.9,10.9,11.3,11.5,11.5,11.7,11.7,11.8,12.0,12.0,12.2,12.8,12.7
023094,8.6,8.6,8.6,8.8,8.6,8.5,9.2,8.7,9.0,8.9,9.3,9.2,9.1,9.1,9.4,9.4,9.5,9.5,9.2,9.5,9.8,9.9,9.7,9.6,10.2
023095,7.4,7.5,7.5,7.6,7.7,7.6,7.7,7.8,8.0,8.2,8.1,8.1,8.3,8.0,8.1,8.3,8.5,8.2,8.6,8.4,8.6,8.4,8.6,8.6,8.4
023096,8.0,8.0,8.1,8.2,8.2,8.1,8.3,8.2,8.3,8.6,8.7,8.6,8.8,8.7,8.8,8.9,8.6,8.6,8.9,8.6,8.6,8.9,9.1,9.0,9.0
023097,9.4,9.5,9.7,9.7,9.5,9.9,10.0,10.2,10.0,10.2,10.2,10.1,10.5,10.2,10.4,10.5,10.6,10.8,10.5,11.0,10.9,10.6,10.9,10.8,11.2
023098,9.2,9.4,9.2,9.2,9.4,9.1,9.1,9.0,9.4,9.6,9.8,9.8,9.5,9.8,9.8,9.8,9.6,9.9,9.7,9.9,10.5,10.0,10.1,10.2,10.0
024001,8.3,8.3,8.2,8.3,8.2,8.4,8.6,8.7,8.5,9.1,8.8,9.2,9.0,9.1,9.0,9.1,9.4,9.3,9.7,9.3,9.6,9.5,9.6,9.5,9.8
024002,8.1,8.2,8.2,8.5,8.3,8.6,8.5,8.5,8.6,8.9,8.9,9.3,9.5,9.4,10.0,9.3,9.4,9.9,9.6,10.1,10.4,10.2,10.0,10.5,10.8
024003,7.9,8.1,8.0,7.8,8.2,8.3,8.2,8.2,8.1,8.6,8.4,8.9,8.4,8.9,8.7,8.8,8.7,8.9,9.2,9.0,9.5,9.2,9.0,9.1,9.1
024004,8.5,8.8,8.6,8.9,8.8,8.6,8.9,8.8,8.7,9.2,9.1,9.5,9.2,9.7,9.5,9.5,9.5,9.7,9.8,10.0,10.1,9.9,10.2,10.1,10.1
024005,7.6,7.6,7.5,7.7,7.8,7.6,7.8,7.8,7.9,8.3,8.2,8.6,8.3,8.3,8.4,8.7,8.6,8.6,8.8,8.9,9.2,8.9,9.0,9.1,9.4
024006,8.2,8.2,8.1,8.2,8.5,8.4,8.8,8.7,8.7,9.2,9.3,9.6,9.6,9.5,9.7,9.7,9.8,10.6,10.4,10.3,10.8,10.5,10.6,10.8,11.2
024007,10.5,10.5,10.4,10.6,10.7,10.4,11.1,10.7,10.8,11.3,11.6,11.7,11.4,11.5,12.1,12.2,11.9,12.4,12.3,12.3,12.3,12.1,12.6,12.9,12.9
024008,8.4,8.4,8.6,8.6,8.5,8.6,9.1,8.9,8.6,9.4,9.1,9.1,9.2,8.9,9.2,9.4,9.4,9.4,9.6,9.5,9.8,9.7,9.8,9.5,9.4
024009,8.7,8.4,8.7,9.0,9.0,9.0,9.2,9.4,9.1,9.7,9.7,10.0,9.9,10.2,10.0,10.2,10.2,10.1,10.5,10.4,10.5,10.4,10.7,10.7,10.7
024010,8.3,8.1,8.4,8.4,8.4,8.7,8.7,8.6,8.6,9.3,9.3,9.0,9.6,9.6,9.5,9.7,9.8,9.6,9.9,10.1,10.5,10.5,10.4,10.5,10.5
024012,6.9,6.9,6.9,6.9,6.9,7.0,7.0,6.9,6.8,7.2,7.0,7.2,7.3,7.3,7.3,7.2,7.2,7.1,7.4,7.4,7.6,7.3,7.4,7.4,7.3
024013,8.9,8.9,8.8,8.6,8.7,8.6,8.7,8.6,8.5,9.2,9.0,8.8,8.7,8.9,9.0,8.9,9.0,9.0,9.0,8.9,9.1,8.7,8.7,8.6,9.0
024014,6.9,6.9,6.8,6.9,6.8,6.8,6.9,7.0,7.0,7.1,7.0,7.1,7.1,7.1,7.4,7.1,7.3,7.1,7.4,7.2,7.4,7.3,7.4,7.4,7.2
024015,10.3,10.3,10.2,10.6,10.2,10.5,10.4,11.0,10.6,11.1,10.9,11.3,11.1,11.0,11.6,11.4,11.5,11.6,11.6,11.5,11.7,11.7,11.6,11.9,12.0
024016,7.5,7.6,7.8,7.6,7.5,7.6,7.6,7.8,7.8,8.1,8.1,8.4,8.4,8.4,8.5,8.5,8.5,8.5,8.6,8.5,8.8,9.0,8.8,8.9,8.9
024017,9.2,9.0,9.1,9.4,9.4,9.7,9.5,9.7,9.8,10.5,10.2,10.3,10.6,10.6,10.9,10.9,10.8,10.8,11.4,10.8,12.0,11.6,11.5,12.2,12.2
024018,7.7,7.6,7.6,7.6,7.9,7.8,7.8,7.7,7.8,8.2,8.3,8.3,8.1,8.4,8.3,8.6,8.4,8.5,8.8,8.6,8.9,8.8,8.5,8.7,8.7
024019,7.6,7.7,8.0,7.8,8.0,8.1,8.1,8.1,8.2,8.3,8.3,8.3,8.5,8.6,8.6,8.6,8.7,8.7,9.1,9.0,9.5,8.8,8.7,9.1,9.0
024020,8.2,7.9,7.9,8.2,8.4,8.2,8.4,8.3,8.3,8.7,8.7,8.8,8.9,8.7,8.8,9.1,9.2,9.2,9.3,9.4,9.9,9.3,9.4,9.5,9.6
024021,8.5,8.4,8.6,8.7,9.0,9.0,8.9,9.1,9.0,9.5,9.6,9.7,9.5,9.5,9.9,10.3,10.3,10.3,10.2,10.4,10.8,10.7,10.7,10.5,10.9
024022,8.8,8.9,9.1,9.3,9.0,9.3,9.3,9.6,9.7,10.1,9.9,10.3,10.4,10.6,10.3,10.7,10.7,11.2,11.0,11.2,11.2,11.3,11.5,11.9,12.0
024024,6.7,6.8,6.9,6.8,7.0,6.9,7.0,6.8,7.0,7.2,7.2,7.2,7.1,7.3,7.2,7.6,7.5,7.4,7.6,7.4,7.6,7.5,7.7,7.7,7.5
024025,7.0,6.9,7.0,7.2,7.0,7.1,7.0,7.2,7.3,7.4,7.6,7.4,7.3,7.6,7.6,7.5,7.6,7.9,7.6,7.7,7.9,7.7,7.8,8.0,7.8
024026,7.6,7.8,7.9,7.9,8.0,7.8,7.9,8.1,8.2,8.2,8.8,8.7,8.5,8.6,8.6,8.8,9.1,9.0,8.9,9.3,9.5,9.3,9.1,9.1,9.5
024027,8.1,8.2,8.1,8.0,8.3,8.5,8.5,8.5,8.7,8.9,9.4,9.4,9.7,9.4,9.4,9.4,9.7,9.8,9.8,9.8,10.4,9.9,9.8,10.7,10.1
024028,8.4,8.2,8.3,8.6,8.6,8.4,8.6,8.5,8.7,9.2,8.7,9.1,8.9,9.0,9.2,9.4,9.3,9.3,9.3,9.2,9.4,9.5,9.5,9.6,9.5
024029,8.1,8.3,8.2,8.1,8.3,8.3,8.5,8.5,8.6,9.1,9.4,9.1,9.3,9.2,9.5,9.7,9.8,9.8,9.7,9.6,10.0,9.7,9.9,10.0,10.3
024030,7.4,7.3,7.4,7.6,7.6,7.5,7.6,7.7,7.7,7.9,7.9,7.8,8.0,8.1,8.3,8.1,8.1,8.3,8.4,8.4,8.6,8.4,8.2,8.2,8.4
024032,7.9,8.0,8.0,7.9,7.9,8.1,8.0,8.0,8.1,8.5,8.5,8.9,8.7,8.7,8.6,8.9,9.0,9.0,8.8,9.2,9.4,9.3,9.2,9.4,9.5
024034,9.8,9.8,9.9,9.6,10.0,10.1,9.7,10.1,10.1,10.1,10.6,10.6,10.2,10.5,10.3,10.7,10.4,10.6,10.3,10.2,10.6,10.2,10.6,10.4,10.4
024035,9.4,9.6,9.4,9.5,9.4,9.5,9.3,9.5,9.7,9.9,9.9,10.1,10.0,10.1,10.4,10.4,10.3,10.1,10.5,10.3,10.9,10.3,10.6,10.7,10.6
024036,9.1,9.3,9.1,9.3,9.4,9.2,9.2,9.2,9.2,9.4,9.6,9.6,9.3,9.5,9.6,9.9,9.7,9.7,9.5,9.6,9.5,9.4,9.6,9.4,9.3
024037,10.1,10.1,10.3,10.5,10.4,10.7,11.0,10.7,11.2,11.6,11.8,12.0,12.5,12.8,12.8,13.0,12.8,12.8,13.0,13.5,14.6,14.0,14.2,14.7,14.6
024038,9.4,9.4,9.6,9.5,9.4,9.5,9.9,9.8,9.9,10.3,10.4,10.6,10.6,10.8,10.9,10.9,10.9,10.9,11.0,11.0,11.4,11.4,11.3,11.3,11.7
024039,8.1,8.3,8.0,8.4,8.3,8.4,8.5,8.5,8.3,8.7,8.6,8.9,8.8,9.0,9.1,9.3,9.4,9.2,9.1,9.1,9.4,9.4,9.3,9.3,9.6
024040,8.0,8.3,8.4,8.3,8.7,8.4,8.4,8.4,8.6,9.0,9.1,8.8,9.3,9.3,9.0,9.3,9.0,9.0,9.1,9.4,9.4,9.1,9.3,9.4,9.8
024041,9.8,10.2,10.1,10.2,10.1,10.3,10.3,10.4,10.4,10.5,10.7,11.0,11.0,10.8,11.1,10.9,10.8,11.2,11.3,11.0,11.5,11.2,11.2,11.0,11.4
024042,7.6,7.8,7.8,8.0,8.0,8.0,8.1,8.0,8.3,8.5,8.6,8.8,8.7,8.8,8.9,8.7,9.1,8.8,9.1,9.2,9.5,9.4,9.7,9.5,9.5
024043,8.9,9.1,9.0,9.1,9.2,9.2,9.3,9.2,9.6,9.7,9.9,10.0,10.0,10.3,10.2,10.2,10.2,10.2,10.3,10.2,10.8,10.4,10.5,10.4,11.0
024046,9.2,9.3,9.1,9.4,9.4,9.5,9.3,9.5,9.4,9.6,9.7,9.9,9.4,9.5,10.0,9.8,9.7,10.1,9.5,9.9,10.1,10.0,10.1,9.5,9.8
024047,8.3,8.5,8.2,8.6,8.5,8.8,8.8,8.8,8.5,9.6,9.3,9.5,9.5,9.5,9.5,9.8,10.0,10.2,10.0,10.1,10.6,10.3,10.0,10.3,10.6
024048,8.9,8.9,9.0,9.0,9.2,9.2,9.1,9.2,9.7,9.8,9.8,9.9,10.0,10.1,10.3,10.0,10.1,10.7,10.6,10.1,10.8,10.7,11.0,10.7,10.9
024049,8.9,9.1,9.1,9.1,9.1,9.1,9.3,9.2,9.3,9.5,9.9,10.1,10.0,10.0,10.3,10.2,10.3,10.4,10.5,10.4,10.7,10.3,10.7,10.8,10.7
024050,8.7,9.0,8.9,8.9,9.3,9.2,9.2,9.6,9.5,9.6,9.6,9.6,9.9,9.9,9.6,10.0,10.0,10.4,10.3,10.4,10.7,10.7,10.4,10.5,10.8
024051,8.1,8.0,8.1,8.3,8.1,8.3,8.3,8.4,8.5,8.6,8.8,8.6,8.8,8.7,8.6,9.2,8.7,9.0,9.0,9.2,9.5,9.2,9.2,9.4,9.1
024052,7.9,7.9,8.0,8.0,8.0,8.0,7.9,8.2,8.0,8.3,8.4,8.5,8.5,8.4,8.6,8.8,8.7,8.6,8.6,8.7,9.0,8.8,9.0,8.8,8.8
024053,10.1,10.0,9.7,9.6,10.0,9.9,10.3,10.4,10.0,10.4,10.7,10.6,11.0,10.7,11.0,11.1,10.9,11.0,11.1,11.1,11.1,11.0,11.5,11.4,11.5
024055,8.5,8.3,8.5,8.9,8.4,8.6,8.9,8.5,8.8,8.9,9.0,9.0,9.0,9.2,9.2,9.2,9.3,9.3,9.4,9.4,9.6,9.6,9.6,9.4,9.4
024056,8.3,8.4,8.5,8.7,9.0,8.8,8.9,8.8,9.1,9.7,9.6,9.5,9.7,9.8,9.7,9.9,9.6,10.0,9.9,10.1,10.3,10.4,10.4,10.4,10.7
024057,8.3,8.1,8.2,8.5,8.4,8.4,8.5,8.7,8.9,9.1,9.2,9.1,9.4,9.4,9.6,9.7,9.4,9.8,9.9,10.2,10.4,10.4,10.2,10.3,10.3
024060,8.4,8.8,8.5,8.7,8.7,8.5,8.8,8.6,8.8,8.9,8.9,9.2,9.0,8.9,9.2,8.9,9.1,9.0,9.0,8.9,9.4,9.2,9.0,9.1,9.0
024061,6.8,6.9,7.1,7.1,6.9,7.0,7.3,7.3,7.3,7.5,7.6,7.4,7.7,7.8,8.0,7.9,8.0,8.1,8.0,8.1,8.3,8.3,8.2,8.7,8.4
024062,6.8,7.1,7.1,7.0,7.1,7.0,7.0,7.1,7.2,7.5,7.4,7.6,7.6,7.5,8.1,7.8,7.8,8.0,7.7,7.9,8.0,8.0,8.1,8.1,8.0
024063,9.2,9.2,8.9,9.2,9.0,9.5,9.6,9.4,9.5,9.9,9.8,9.8,9.7,9.7,9.9,10.0,9.9,9.9,9.7,10.0,10.3,9.9,10.0,10.0,9.8
024064,8.9,9.2,8.7,9.1,9.0,9.2,9.5,9.1,9.5,9.6,9.5,9.9,9.9,9.9,9.8,9.7,9.8,10.0,9.8,9.7,10.2,10.0,10.1,9.7,10.2
024065,8.1,8.2,8.5,8.5,8.6,8.3,8.5,8.4,8.4,8.9,8.7,9.1,9.1,9.1,9.3,9.2,9.3,9.2,9.3,9.2,9.6,9.5,9.4,9.4,9.7
024066,9.4,9.4,9.5,9.8,9.7,9.8,10.1,9.9,10.2,10.9,10.8,10.9,11.1,10.7,10.9,11.2,11.0,11.2,11.5,11.5,12.1,12.3,11.8,12.0,11.9
024067,9.2,9.3,9.5,9.6,9.7,9.9,9.6,9.9,9.8,10.1,10.6,10.1,10.5,10.7,10.3,10.4,10.8,10.6,10.8,10.6,11.2,10.9,11.4,10.6,11.1
024068,9.1,9.0,9.3,9.6,9.4,9.6,9.7,9.8,10.0,10.3,10.4,10.2,10.4,10.6,10.4,10.6,10.7,10.9,11.0,11.3,11.7,11.2,11.4,11.4,11.6
024070,7.8,8.2,8.1,8.0,8.0,8.1,8.1,8.1,8.3,8.4,8.1,8.2,8.2,8.4,8.7,8.3,8.3,8.3,8.5,8.5,8.5,8.2,8.5,8.4,8.4
024071,10.1,10.1,10.3,10.4,10.5,10.7,10.6,11.3,10.8,12.0,11.3,11.5,11.7,12.2,12.4,12.0,12.2,12.2,12.6,12.2,13.0,13.0,13.1,13.1,12.9
024072,9.2,9.2,9.3,9.4,9.2,9.4,9.4,9.4,9.8,9.6,9.7,9.5,9.9,9.7,10.1,9.9,9.8,10.1,10.3,10.2,10.4,10.0,10.3,10.1,10.4
024073,8.9,8.7,8.9,8.7,8.8,9.0,9.1,9.1,9.1,9.3,9.7,9.6,9.5,9.9,9.8,9.6,10.0,10.0,10.3,9.7,10.5,10.1,10.0,10.2,10.8
024074,8.5,8.3,8.7,8.7,9.0,8.9,9.3,9.4,9.5,9.8,10.1,10.0,10.0,9.9,10.4,10.3,10.6,10.7,11.2,11.3,11.4,11.4,11.7,11.4,11.9
024075,7.3,7.3,7.6,7.4,7.8,7.6,7.7,7.5,7.7,8.3,8.0,8.2,8.0,8.3,8.3,8.3,8.2,8.5,8.7,8.8,9.1,8.6,8.8,8.9,8.9
024076,5.9,5.9,6.0,5.9,5.9,5.9,6.0,5.8,6.0,6.2,6.2,6.1,6.1,6.2,6.2,6.3,6.2,6.3,6.3,6.2,6.3,6.3,6.3,6.3,6.3
024077,8.7,8.7,8.7,8.9,8.9,8.9,8.8,9.2,9.2,9.6,9.6,9.7,9.7,9.7,10.2,10.3,9.8,10.5,10.0,10.2,10.6,10.5,10.5,10.8,10.8
024078,9.1,8.9,9.1,9.0,9.2,9.2,9.0,8.9,9.0,9.3,9.5,9.3,9.4,9.2,9.3,9.4,9.5,9.3,9.0,9.5,9.4,9.4,9.2,9.3,9.5
024079,10.0,10.3,10.0,10.3,10.7,10.4,10.5,10.6,10.7,11.2,11.5,11.2,11.9,11.6,11.6,11.8,12.3,12.4,12.4,12.6,13.2,12.9,12.9,12.4,13.1
024080,9.3,9.6,9.5,9.7,9.7,9.7,10.0,10.2,9.8,10.3,10.4,10.7,10.7,10.9,10.9,10.8,10.9,11.0,11.3,11.5,11.9,11.2,11.5,11.9,11.8
024081,8.2,8.4,8.5,8.5,8.9,9.0,8.9,8.8,8.9,9.7,9.3,9.2,9.6,9.6,9.7,9.7,9.8,10.0,10.3,9.9,10.5,10.2,10.4,10.6,10.6
024082,8.5,8.5,8.5,8.3,8.6,8.2,8.2,8.2,8.4,8.5,8.8,8.7,9.0,8.8,8.9,8.8,8.7,8.9,8.8,8.4,8.8,8.7,8.9,8.7,8.7
024083,8.4,8.5,8.5,8.4,8.4,8.6,8.4,8.8,8.6,8.8,8.9,8.7,8.7,9.0,8.6,8.8,9.1,8.8,8.9,9.0,9.3,9.0,8.8,9.0,9.2
024084,9.9,9.3,9.8,9.6,9.9,10.1,9.8,10.0,10.0,10.3,10.2,10.4,10.7,10.7,10.6,10.8,10.8,11.0,10.8,11.1,11.6,11.2,11.1,10.9,11.3
024085,8.7,8.8,8.7,9.2,9.2,8.8,9.0,9.2,9.2,9.8,9.7,10.0,10.0,10.1,10.0,10.3,10.3,10.5,10.7,10.6,11.2,10.9,10.9,11.2,11.6
024086,7.6,7.5,7.6,7.4,7.5,7.4,7.4,7.4,7.5,7.5,7.6,7.6,7.7,7.7,7.4,7.5,7.6,7.3,7.5,7.6,7.5,7.3,7.5,7.5,7.6
024087,9.0,9.2,8.9,9.3,9.5,9.6,9.5,9.6,9.4,10.1,10.1,10.4,10.3,10.3,11.0,10.6,10.8,10.8,11.1,11.0,11.6,11.4,11.1,11.6,11.5
024088,10.0,10.0,10.0,10.2,10.2,10.3,10.4,10.3,10.4,10.7,11.1,11.0,10.9,11.2,11.2,11.0,10.8,11.1,11.1,11.2,11.8,11.3,12.0,11.5,11.6
024089,9.1,9.4,9.2,9.1,9.4,9.3,9.3,9.6,9.5,9.7,9.6,9.9,9.6,10.0,9.9,10.3,10.1,10.4,10.1,10.1,10.7,10.6,10.3,10.3,10.5
024090,7.4,7.7,7.8,7.6,7.7,7.8,7.9,7.8,8.0,8.1,8.3,8.1,8.0,8.2,8.2,8.4,8.3,8.3,8.3,8.3,8.4,8.6,8.4,8.6,8.6
024091,10.2,10.4,10.2,10.2,10.2,10.2,10.9,10.5,10.5,11.3,10.8,11.0,11.0,10.8,10.8,11.4,11.3,11.6,11.8,11.5,11.6,11.8,11.5,11.8,11.7
024094,7.8,7.8,8.2,7.9,8.2,8.4,8.3,8.3,8.3,8.8,8.9,8.8,8.9,9.1,8.9,9.2,9.2,9.3,9.4,9.6,9.7,9.7,9.6,9.9,9.8
024095,9.8,9.9,9.8,9.9,10.0,10.2,10.2,10.0,10.2,11.0,10.7,10.8,10.6,11.1,11.0,10.8,11.1,11.4,11.2,11.2,11.3,11.2,11.6,11.6,11.8
024096,9.6,9.9,10.0,10.2,9.9,9.9,10.0,10.1,10.2,10.3,10.5,10.5,10.6,10.5,10.9,10.5,10.6,10.3,10.5,10.9,10.7,10.8,10.7,10.9,10.7
024097,8.1,7.7,7.7,7.8,7.9,7.6,8.0,8.0,8.1,8.1,8.2,8.3,8.1,8.4,8.0,8.4,8.4,8.3,8.2,8.5,8.5,8.3,8.1,8.5,8.4
024098,9.7,9.5,9.5,9.7,9.7,9.6,9.7,9.8,9.8,10.1,10.2,10.1,10.4,10.2,10.0,10.2,10.4,10.3,10.3,10.8,10.8,10.9,10.8,11.2,10.7
024099,8.0,8.3,8.4,8.4,8.6,8.5,8.7,8.5,9.0,9.4,9.0,9.5,9.6,9.7,9.9,10.0,9.9,10.5,10.1,10.3,10.5,10.4,10.4,11.2,11.3
024100,9.1,9.0,9.1,9.3,9.4,9.1,9.2,9.0,9.5,9.5,9.4,9.5,9.7,9.7,9.6,9.7,9.6,9.6,9.8,9.9,10.0,10.1,10.1,10.1,9.9
024101,7.7,7.6,7.8,7.6,7.9,8.0,7.9,8.2,7.9,8.4,8.6,8.5,8.5,8.7,8.8,9.0,9.0,9.1,8.9,9.1,9.5,9.2,9.3,9.5,9.5
024102,7.6,7.5,7.7,7.5,7.8,7.8,7.8,7.8,7.8,8.1,8.2,8.2,8.1,8.4,8.2,8.6,8.3,8.6,8.4,8.5,8.7,8.5,8.7,8.6,8.6
024104,9.5,9.6,10.0,9.8,9.8,10.0,10.3,10.2,10.1,10.7,10.7,10.7,10.5,10.8,11.0,11.0,11.0,11.0,11.3,11.6,11.9,11.7,11.7,11.7,12.0
024105,8.9,8.5,8.1,8.4,8.8,8.6,8.7,8.9,8.9,8.8,9.0,9.0,9.1,8.8,9.1,9.1,9.0,9.3,9.4,9.2,9.4,9.1,9.0,9.3,9.4
024106,8.6,8.5,8.6,8.4,8.5,8.5,8.5,8.6,8.6,9.0,9.1,9.1,9.4,9.5,9.1,9.4,9.3,9.5,9.2,9.6,9.9,9.8,9.7,9.5,9.6
024107,7.4,7.7,7.8,7.8,7.6,7.9,7.7,7.8,7.7,8.1,8.2,8.1,8.1,8.1,8.3,8.2,8.4,8.3,8.1,8.5,8.4,8.5,8.3,8.5,8.5
024108,8.3,8.4,8.6,8.7,8.7,8.7,8.9,9.0,9.0,9.8,9.3,9.6,9.7,10.0,10.1,10.1,10.1,10.5,10.3,10.6,10.8,11.1,10.6,10.7,11.0
024110,8.9,9.2,8.9,9.2,9.1,9.2,9.3,9.3,9.3,10.0,9.5,10.1,9.9,10.0,10.4,10.4,10.6,10.5,10.5,11.0,11.0,10.8,11.2,11.0,11.3
024111,7.7,7.7,7.7,8.1,8.1,8.2,8.1,8.2,8.3,8.4,8.5,8.6,8.8,9.0,8.8,8.7,8.9,9.0,8.9,8.9,9.3,9.1,9.1,9.7,9.4
024112,6.8,7.0,6.9,6.9,7.0,6.9,7.1,7.0,6.9,7.3,7.1,7.3,7.3,7.1,7.2,7.2,7.3,7.3,7.2,7.5,7.2,7.4,7.1,7.3,7.4
024113,8.3,8.1,8.0,8.2,8.2,8.2,8.2,8.4,8.7,8.4,8.4,8.6,8.8,9.2,9.0,8.9,8.8,9.0,9.0,8.9,9.3,8.9,8.9,9.2,9.1
024115,8.3,8.1,8.3,8.2,8.0,8.2,8.3,8.3,8.3,8.7,8.5,8.7,8.6,8.9,8.8,8.7,8.6,8.7,8.6,8.9,8.9,8.9,8.9,9.0,9.0
024116,8.2,8.3,8.3,8.9,8.5,8.6,8.7,9.0,8.8,9.4,9.3,9.2,9.4,9.6,9.8,9.5,9.7,9.8,10.0,10.2,10.3,10.1,10.6,10.1,10.5
024117,9.6,9.7,9.9,9.4,9.9,9.6,9.9,9.5,9.6,10.1,10.5,10.1,10.4,10.3,10.2,10.4,10.6,10.8,10.5,10.2,11.2,10.8,10.6,11.2,11.0
024118,7.7,8.0,7.9,8.1,8.1,7.8,8.0,7.9,8.1,8.3,8.2,8.3,8.4,8.2,8.4,8.5,8.4,8.4,8.5,8.6,8.5,8.3,8.4,8.4,8.7
024119,9.5,9.7,9.6,9.4,9.6,9.6,9.8,10.0,9.9,10.0,10.0,10.1,10.4,10.3,10.5,10.4,10.3,10.8,10.6,10.5,10.6,10.9,10.8,10.9,10.9
024120,8.2,8.1,8.3,8.0,8.1,8.1,8.2,8.1,8.1,8.0,8.3,8.3,8.3,8.3,8.3,8.4,8.1,8.3,8.0,8.2,8.6,8.2,8.6,8.4,8.1
024121,8.8,9.0,8.9,9.0,8.9,9.2,9.6,9.4,9.7,9.7,10.1,10.1,10.3,10.7,10.4,10.5,10.8,10.6,10.7,11.0,11.4,10.8,11.4,11.3,11.1
024122,9.6,9.5,9.2,9.4,9.5,9.7,9.7,9.4,9.8,9.9,10.0,10.1,10.1,10.2,10.2,10.1,10.1,10.2,9.9,9.8,10.0,10.0,9.9,10.0,9.9
024123,7.8,7.8,7.9,7.8,8.0,8.2,8.2,8.1,8.2,8.7,8.8,9.0,9.1,9.1,9.0,9.4,9.5,9.3,9.6,9.8,10.0,9.8,10.0,10.1,10.1
024124,7.5,7.5,7.4,7.4,7.3,7.5,7.7,7.6,7.6,7.9,7.8,7.8,8.0,7.9,7.9,8.2,8.1,8.0,8.1,8.1,8.4,8.1,8.2,8.4,8.3
024125,8.3,8.6,8.6,8.5,8.5,8.7,8.9,8.7,8.6,8.9,9.4,9.2,9.4,9.3,9.3,9.3,9.6,9.4,9.5,9.8,10.0,9.8,9.6,9.9,10.1
024126,8.2,7.9,8.1,8.2,8.1,8.2,8.4,8.1,8.4,8.5,8.4,8.3,8.3,8.4,8.4,8.5,8.4,8.5,8.6,8.4,8.7,8.4,8.6,8.6,8.6
024127,7.6,7.8,7.5,7.7,7.9,7.7,7.7,8.1,7.9,8.2,8.6,8.7,8.6,8.5,8.6,8.8,9.1,8.9,8.9,9.0,9.5,9.1,9.0,9.3,9.3
024128,8.4,8.6,8.6,8.6,8.8,8.8,8.8,8.8,8.8,9.3,9.4,9.1,9.4,9.2,9.2,9.4,9.3,9.2,9.4,9.7,9.7,9.7,9.7,9.5,9.7
025001,6.5,6.9,6.8,6.7,6.9,6.9,7.0,7.3,7.2,7.5,7.5,7.7,7.7,7.7,7.9,8.1,8.1,8.1,8.5,8.4,8.7,8.5,8.5,8.5,8.7
025003,8.5,8.5,8.5,8.2,8.4,8.3,8.4,8.2,8.3,8.6,8.5,8.7,8.4,8.5,8.2,8.2,8.4,8.3,8.2,8.2,8.6,8.1,8.3,8.0,8.1
025004,8.7,8.7,8.9,9.0,9.0,9.0,9.1,9.0,9.2,9.2,9.3,9.5,9.4,9.6,9.5,9.5,9.6,9.6,9.4,9.5,9.6,9.8,9.8,9.6,9.8
025005,8.4,8.4,8.4,8.2,8.4,8.7,9.0,8.7,8.8,8.9,9.2,9.3,9.2,9.3,9.4,9.5,9.6,9.5,9.9,9.7,9.9,10.1,9.9,9.9,9.7
025006,8.7,8.9,8.9,8.9,9.4,9.0,9.5,9.4,9.6,9.9,10.0,10.3,10.2,10.4,10.6,10.8,10.5,10.9,11.0,11.4,11.7,11.1,11.8,11.5,12.2
025007,8.5,8.6,8.6,8.8,8.7,8.8,9.0,9.1,9.2,9.3,9.4,9.5,9.4,9.7,9.7,9.9,9.9,10.1,9.9,10.0,10.2,10.4,10.4,10.2,10.5
025008,6.8,6.9,6.8,6.8,6.8,6.7,6.8,6.8,6.6,7.0,6.9,6.9,7.2,7.2,7.1,7.1,7.0,7.2,7.1,7.2,7.2,7.0,7.3,7.1,7.3
025010,9.3,8.8,8.9,8.8,9.2,8.8,8.9,8.7,9.1,9.3,9.1,9.4,9.4,9.4,9.3,9.2,9.4,9.4,9.2,9.2,9.2,9.1,9.0,9.0,9.3
025011,9.3,9.1,9.5,9.4,9.7,9.6,9.5,9.6,9.9,10.2,10.4,10.1,10.4,10.7,10.3,11.1,11.1,11.0,10.9,11.2,11.5,11.1,11.3,11.3,11.6
025012,7.4,7.5,7.6,7.6,7.6,7.6,7.9,7.8,7.9,8.1,8.1,8.3,8.5,8.1,8.3,8.7,8.3,8.8,8.7,8.6,9.2,8.9,9.1,9.0,9.0
025013,9.2,9.0,9.1,9.1,9.1,9.4,9.1,9.4,9.3,10.2,9.7,9.8,9.8,10.2,10.1,10.1,10.4,10.1,10.2,10.6,10.8,10.5,10.7,11.0,10.7
025014,7.8,7.8,7.7,7.8,7.8,8.1,8.1,7.9,7.9,8.3,8.4,8.2,8.5,8.8,8.6,8.5,8.5,8.8,8.3,8.8,8.8,8.8,8.9,9.1,9.0
025015,10.5,10.3,10.5,10.6,10.8,10.7,10.7,10.9,11.4,11.3,11.7,11.8,12.0,11.8,12.0,12.2,12.6,12.3,12.7,12.8,13.1,13.5,13.1,13.0,13.6
025016,8.1,8.2,8.1,8.7,8.5,8.7,8.8,8.8,9.1,9.4,9.6,9.5,9.7,9.9,9.7,10.2,9.9,10.0,10.7,10.2,10.7,10.5,10.6,10.9,11.2
025017,11.1,10.8,10.7,10.7,11.1,10.7,10.9,11.1,11.1,11.4,11.8,11.7,11.6,11.7,11.6,11.7,12.3,12.2,12.1,12.5,12.8,12.3,11.9,12.5,12.4
025018,7.5,7.5,7.7,7.6,7.5,7.9,7.6,7.8,7.8,8.2,7.8,8.1,8.0,8.1,7.9,8.2,8.1,8.3,8.1,8.1,8.4,8.1,8.5,8.6,8.3
025019,7.8,8.1,8.2,8.2,8.2,8.5,8.5,8.7,8.7,9.1,9.4,9.2,9.3,9.6,9.8,9.5,9.4,10.2,9.9,10.3,10.6,10.4,10.7,10.7,10.9
025021,8.1,8.4,8.5,8.4,8.7,8.6,8.5,8.5,8.7,9.2,9.1,9.1,9.3,9.1,9.4,9.0,9.1,9.1,9.3,9.2,9.4,9.7,9.2,9.4,9.7
025022,9.3,9.7,10.0,9.7,10.1,10.1,10.2,9.8,10.5,10.6,10.8,10.9,11.0,11.1,11.1,11.3,11.3,11.1,11.4,11.6,12.5,11.2,12.0,12.0,12.0
025023,8.0,8.1,8.2,8.1,8.2,8.4,8.7,8.7,8.9,9.2,9.1,9.1,9.5,9.7,9.5,10.2,10.1,9.9,10.0,10.4,10.5,10.7,10.6,11.0,10.6
025025,8.5,8.9,8.7,8.8,8.7,9.0,8.9,9.0,8.9,9.4,9.1,9.4,9.3,9.4,9.5,9.5,9.5,9.6,9.9,9.7,10.0,9.8,9.9,9.9,9.8
025026,8.7,9.1,9.0,9.0,9.6,9.2,9.2,9.1,9.4,9.9,9.9,9.9,9.7,9.9,10.0,10.1,10.5,10.4,10.1,10.4,10.8,10.6,10.8,10.7,10.8
025027,7.6,7.3,7.7,7.7,7.9,7.9,7.8,7.8,7.9,8.0,8.5,8.4,8.6,8.7,8.6,8.7,8.7,8.5,8.9,9.1,9.5,9.5,9.2,9.1,9.2
025029,7.5,7.7,7.6,8.0,7.9,7.6,7.9,8.0,8.2,8.4,8.5,8.3,8.5,8.6,8.8,8.9,8.9,9.0,8.7,9.0,9.3,9.2,9.2,9.3,9.5
025030,9.3,9.2,9.5,9.3,9.6,9.6,9.8,10.0,10.1,10.5,10.9,10.5,10.9,10.9,11.1,11.3,11.6,11.6,11.4,11.5,12.2,11.9,12.0,12.5,12.6
025032,9.0,9.0,9.2,8.7,8.7,9.0,9.1,8.9,9.1,9.2,9.6,9.2,9.3,9.1,9.2,9.5,9.2,9.3,9.2,9.0,9.6,9.2,9.5,9.5,9.4
025033,9.1,9.3,9.4,9.4,9.2,9.5,9.4,9.3,9.5,9.7,9.8,9.8,10.0,10.3,10.1,10.1,10.2,10.4,10.1,10.3,10.4,10.2,10.4,10.3,10.6
025035,8.5,8.5,8.3,8.6,8.6,8.5,8.7,8.8,8.9,9.1,9.1,9.3,9.0,9.4,9.4,9.5,9.5,9.5,9.7,9.7,9.7,9.7,10.2,9.6,9.9
025036,7.3,7.3,7.4,7.4,7.4,7.5,7.3,7.2,7.5,7.6,7.8,7.9,7.8,7.8,7.6,7.8,7.8,7.8,7.9,7.8,8.0,7.7,7.7,8.0,7.8
025037,8.4,8.4,8.5,8.4,8.5,8.6,8.5,8.8,8.9,9.2,9.1,9.2,9.1,9.4,9.5,9.5,9.3,9.5,9.5,9.8,9.9,9.9,10.0,9.8,10.3
025039,8.3,8.2,8.5,8.3,8.6,8.4,8.5,8.5,8.5,8.9,8.7,8.7,8.6,8.8,8.7,8.8,8.7,9.2,8.7,8.7,9.1,8.8,8.9,8.9,8.9
025040,8.7,8.9,9.1,9.1,9.1,9.0,9.3,9.4,9.8,9.6,10.1,9.9,9.8,10.2,10.1,10.2,10.0,10.5,10.7,10.5,10.8,10.7,10.3,11.2,10.8
025043,8.1,8.1,8.3,8.2,8.5,8.8,8.7,8.5,8.7,8.9,9.2,9.3,9.6,9.4,9.6,9.6,9.6,10.1,9.9,10.2,10.5,9.9,10.2,10.2,10.6
025044,8.6,8.9,8.7,8.7,8.7,8.7,9.1,9.0,9.0,9.0,9.4,9.3,9.6,9.5,9.5,9.6,9.8,9.7,9.8,9.8,10.2,9.7,9.9,10.3,10.3
025045,8.0,8.1,8.1,8.4,8.5,8.4,8.3,8.3,8.7,8.8,9.0,8.9,9.2,9.1,9.2,9.5,9.3,9.4,9.5,9.2,9.8,9.9,9.7,9.8,9.8
025046,9.0,9.2,9.0,9.2,9.0,9.2,8.8,9.3,9.1,9.1,9.2,9.2,9.3,9.1,9.1,9.1,9.2,9.4,9.0,9.3,9.2,9.0,9.1,9.2,9.0
025047,8.8,8.7,8.7,8.9,8.7,8.9,9.0,9.2,9.4,9.4,9.9,9.9,9.6,9.7,9.8,10.0,9.9,9.9,10.3,10.2,10.7,10.7,10.9,11.1,10.7
025048,9.3,9.1,8.6,8.9,9.1,8.9,9.1,8.6,9.2,9.3,9.2,9.0,9.4,9.4,9.3,9.3,9.4,9.1,9.2,9.5,9.4,9.4,9.3,9.2,9.2
025049,10.0,10.3,9.9,10.2,10.4,10.2,10.6,10.9,11.0,11.2,11.6,11.9,11.7,12.0,12.2,12.3,12.0,12.2,12.8,13.0,13.2,13.0,13.1,13.0,13.6
025050,6.8,6.8,6.8,6.9,7.1,6.9,6.8,7.0,6.9,7.4,7.2,7.2,7.4,7.3,7.5,7.3,7.5,7.6,7.6,7.7,8.0,7.8,7.7,7.8,7.9
025051,7.9,8.0,7.8,7.9,8.1,8.0,8.2,8.0,8.1,8.5,8.7,8.3,8.5,8.4,8.7,8.8,8.4,8.7,8.7,8.7,8.9,8.7,9.0,8.9,8.7
025053,7.9,8.0,8.2,8.3,8.3,8.5,8.4,8.4,8.7,8.8,8.8,8.6,9.0,9.1,9.0,9.2,9.0,9.1,9.2,9.2,9.7,9.3,9.5,9.6,9.6
025054,9.2,9.6,9.3,9.5,9.7,9.8,9.9,10.0,9.8,10.4,10.6,10.6,10.6,11.2,10.9,11.0,11.3,11.3,11.2,11.4,11.7,11.8,11.9,12.0,12.2
025055,8.0,8.4,8.1,8.2,8.4,8.2,8.6,8.3,8.4,8.7,9.0,8.8,8.9,9.0,9.0,9.3,9.1,9.1,9.4,9.3,9.6,9.7,9.6,9.6,9.5
025056,8.6,8.6,8.9,8.8,8.8,8.9,8.9,8.7,8.9,9.4,9.1,9.4,9.5,9.5,9.4,9.4,9.5,9.6,9.4,9.7,9.8,9.8,9.7,9.9,9.7
025057,6.6,6.6,6.6,6.8,6.5,6.6,6.9,6.7,6.6,7.0,7.0,7.0,6.9,7.1,6.9,7.0,7.1,7.2,7.1,7.1,7.4,7.2,7.0,7.1,7.4
025058,8.6,8.5,8.6,8.7,8.7,8.9,8.8,8.9,8.9,9.3,9.3,9.3,9.7,9.9,9.8,9.5,9.5,9.7,9.7,9.8,10.2,9.5,9.7,10.0,10.0
025059,8.0,8.0,7.9,8.2,8.3,8.4,8.1,8.2,8.7,8.7,8.9,9.0,8.8,8.8,8.7,9.1,9.2,9.3,9.4,9.2,9.6,9.4,9.6,9.6,9.4
025060,7.6,7.5,7.6,7.8,7.8,7.9,7.9,7.8,8.0,8.4,8.5,8.4,8.5,8.5,8.8,8.6,8.9,8.7,8.8,8.7,9.1,8.9,8.9,9.0,9.1
025062,8.3,8.8,8.7,8.6,8.9,9.1,9.2,9.4,9.4,10.1,9.9,10.0,10.2,10.4,10.4,10.4,10.4,10.7,10.8,11.2,11.2,11.2,11.1,11.6,11.4
025063,7.9,8.1,8.3,8.0,8.1,8.3,8.3,8.3,8.5,8.5,8.8,9.0,8.7,9.0,9.2,8.9,9.1,9.0,9.0,9.3,9.5,9.4,9.2,9.2,9.6
025065,8.8,9.1,8.8,9.3,9.3,9.3,9.1,9.4,9.2,9.8,9.9,9.9,9.9,9.8,9.9,10.1,10.0,10.3,10.6,10.4,10.6,10.5,10.7,10.6,11.0
025066,8.7,8.6,8.9,8.9,8.6,8.7,8.9,8.9,9.2,9.4,9.5,9.5,9.6,9.4,10.0,9.6,9.6,9.6,9.7,9.7,10.2,10.0,10.1,10.0,10.2
025067,8.7,8.8,8.7,9.0,9.2,9.2,9.1,9.4,9.4,9.6,9.6,9.8,10.1,10.0,10.2,10.2,10.1,10.1,10.5,10.4,10.4,10.6,10.5,10.3,10.6
025069,8.9,8.9,8.8,9.0,8.9,8.6,8.8,8.8,8.8,9.0,9.2,9.3,9.0,9.1,9.3,8.9,9.2,9.1,9.0,9.0,9.1,9.2,8.8,9.1,8.9
025071,6.4,6.3,6.4,6.5,6.6,6.6,6.6,6.5,6.7,6.9,7.2,6.9,6.8,7.1,7.1,7.1,7.0,7.0,7.0,7.2,7.4,7.3,7.2,7.4,7.3
025072,7.9,7.8,7.8,8.2,8.1,8.1,8.0,8.2,8.1,8.5,8.5,8.7,8.7,8.7,8.6,8.5,8.6,8.7,8.7,8.6,9.0,8.8,8.9,8.9,8.8
025073,8.4,8.5,8.4,8.6,8.7,8.5,8.8,9.1,8.9,9.3,9.1,9.4,9.1,9.1,9.3,9.3,9.4,9.4,9.5,9.4,9.9,9.8,9.7,10.0,9.8
025074,8.1,8.1,7.9,8.2,8.4,8.0,8.2,8.4,8.2,8.5,8.6,8.8,8.8,8.8,8.6,8.9,8.9,9.0,8.9,9.1,9.3,8.9,9.2,9.2,9.2
025075,8.4,8.3,8.7,8.8,8.6,8.9,9.1,9.3,9.2,9.5,9.6,10.0,9.9,9.7,10.2,10.1,10.3,10.3,10.5,10.4,10.8,10.6,10.9,10.9,11.2
026001,7.7,8.1,8.1,8.2,8.3,8.2,8.2,8.3,8.5,8.7,8.8,8.9,9.0,9.2,8.9,9.3,9.3,9.4,9.7,9.4,9.7,9.7,9.6,10.1,9.8
026002,9.3,9.1,9.6,9.4,9.4,9.7,9.6,9.8,9.8,10.5,10.3,10.4,10.5,10.7,10.7,11.0,10.7,11.0,11.2,10.8,11.4,11.1,11.4,11.3,12.1
026003,9.4,9.3,9.4,9.5,9.5,9.8,9.9,9.7,9.5,10.0,10.0,10.1,10.2,10.6,10.6,10.3,10.3,10.6,10.4,10.7,10.8,10.5,10.7,10.7,10.9
026004,9.4,9.8,10.0,10.2,10.5,10.5,10.3,10.6,11.3,11.5,11.7,12.0,12.7,12.7,12.7,12.5,12.8,13.3,13.3,13.6,14.2,13.8,13.8,14.7,15.0
026005,7.7,7.9,7.9,8.0,8.2,8.0,8.3,8.3,8.5,8.6,8.6,8.7,8.7,8.9,9.1,9.1,9.1,9.1,9.2,9.4,9.7,9.4,9.2,9.6,9.7
026006,8.1,8.1,8.2,8.4,8.1,8.2,8.3,8.4,8.3,8.5,8.6,9.0,8.7,8.7,8.7,9.1,8.8,9.0,9.2,9.0,9.2,9.1,9.1,9.2,9.0
026007,9.0,9.1,9.1,8.9,8.9,8.6,8.8,8.9,8.9,9.1,9.0,9.2,9.5,9.1,9.1,9.1,9.4,9.1,9.1,9.2,9.4,9.5,9.2,9.3,8.9
026008,7.0,7.0,7.0,7.2,7.3,7.1,7.3,7.3,7.2,7.5,7.3,7.4,7.5,7.6,7.4,7.5,7.4,7.8,7.5,7.8,7.7,7.9,7.8,7.7,7.7
026009,8.6,8.8,8.5,8.6,8.6,8.7,9.2,9.1,9.1,9.2,9.2,9.2,9.3,9.4,9.5,9.5,9.8,10.0,9.7,9.8,10.1,9.9,9.9,10.2,10.0
026010,9.5,9.6,9.5,9.6,9.7,10.1,10.1,10.3,9.7,10.7,10.7,10.7,10.9,11.0,10.9,10.8,10.8,11.0,11.4,11.4,12.3,11.8,11.8,12.3,12.1
026011,9.4,9.6,9.4,10.0,9.6,9.7,9.7,9.8,9.9,10.4,10.6,10.3,10.4,11.1,10.7,10.7,11.1,11.1,11.1,11.3,11.9,11.5,11.6,11.7,11.7
026012,8.9,9.3,9.2,9.4,9.3,9.4,9.4,9.2,9.5,9.9,10.2,10.1,10.1,10.4,10.1,10.2,10.0,10.1,10.3,10.3,10.8,10.4,10.8,10.7,10.7
026013,7.2,7.1,7.5,7.1,7.2,7.4,7.3,7.3,7.4,7.5,7.6,7.4,7.5,7.5,7.6,7.3,7.4,7.4,7.5,7.6,7.6,7.5,7.6,7.3,7.2
026014,7.9,8.1,8.2,8.0,8.2,8.1,8.4,8.2,8.4,8.5,8.5,8.5,8.8,9.0,8.7,8.7,9.0,9.0,9.1,9.1,9.3,9.1,9.4,9.0,8.9
026015,10.1,10.6,10.2,10.3,10.3,10.6,10.8,10.8,11.0,11.4,11.7,11.4,11.9,11.8,12.1,12.3,12.3,12.4,12.3,12.8,12.9,12.8,13.3,13.0,13.7
026016,9.3,9.5,9.6,10.0,9.6,9.6,9.9,10.2,9.9,10.5,10.6,10.6,10.8,10.9,10.9,11.2,11.2,11.4,10.9,11.2,11.6,11.6,11.9,11.7,11.9
026017,8.0,8.2,8.2,8.1,8.2,8.5,8.5,8.6,8.5,9.1,9.1,9.1,9.0,9.4,9.1,9.2,9.8,9.7,9.9,9.6,10.0,10.2,10.1,10.0,10.4
026018,8.5,8.7,8.4,8.5,8.4,8.6,8.5,8.6,8.6,8.9,9.0,9.0,8.9,9.2,8.9,9.2,9.0,8.8,9.1,9.0,9.3,9.2,9.1,9.4,9.6
026019,8.0,8.0,7.9,7.9,8.0,8.0,8.1,8.2,7.9,8.2,8.3,8.2,8.3,8.2,8.2,8.2,8.3,8.2,8.3,8.4,8.5,8.4,8.3,8.2,8.3
026020,6.9,7.0,6.9,6.9,7.1,6.8,7.2,7.0,7.0,7.5,7.6,7.3,7.3,7.5,7.7,7.7,7.7,7.7,7.8,7.7,7.9,7.8,8.0,8.1,8.0
026021,8.8,9.0,9.0,9.4,8.8,9.0,9.2,9.1,9.3,9.6,9.8,9.7,9.7,9.9,9.9,9.8,10.0,9.9,10.2,9.9,10.2,10.1,9.9,10.1,10.1
026022,7.4,7.3,7.3,7.6,7.5,7.5,7.7,7.8,8.0,8.2,8.2,8.3,8.6,8.5,8.6,8.5,8.7,8.9,8.8,9.1,9.4,9.1,9.2,9.4,9.3
026023,9.8,9.9,9.7,10.3,10.2,10.0,10.3,10.3,10.2,10.3,10.8,11.0,10.8,10.8,10.6,10.6,10.7,10.6,11.0,10.7,10.9,10.7,10.8,11.1,11.1
026025,9.2,9.4,9.2,9.5,9.0,9.8,9.4,9.4,9.1,9.8,9.6,9.7,9.9,9.7,9.7,9.7,9.7,9.8,9.9,10.1,10.1,10.3,9.8,10.1,10.2
026026,8.0,8.2,8.2,8.0,8.4,8.3,8.4,8.4,8.5,8.9,8.9,8.8,8.7,9.2,9.0,9.3,9.0,9.3,9.4,9.4,9.7,9.4,9.4,9.7,9.5
026027,8.7,8.7,9.1,8.8,8.7,8.9,9.0,9.2,8.9,9.5,9.7,9.2,9.4,9.5,9.7,9.7,10.0,10.0,9.7,9.9,10.0,10.1,10.1,10.0,10.3
026028,8.0,8.2,8.1,8.2,8.2,8.2,8.3,8.1,8.0,8.5,8.3,8.4,8.4,8.5,8.7,8.4,8.4,8.5,8.4,8.6,8.9,8.4,8.4,8.4,8.3
026029,8.7,8.6,8.9,8.8,8.9,9.1,8.8,9.1,9.3,9.1,9.6,9.7,9.6,9.6,9.8,9.9,10.2,9.8,9.9,10.3,10.8,10.5,10.3,10.5,10.7
026030,8.4,8.6,8.4,8.7,8.5,8.5,8.8,8.8,8.7,9.0,9.2,9.4,9.6,9.5,9.7,9.6,9.7,9.6,9.8,9.6,10.2,10.1,10.1,10.2,10.5
026031,8.8,8.9,9.2,9.0,9.3,9.2,9.4,9.6,9.4,9.9,9.8,9.8,10.1,10.5,10.4,10.2,10.5,10.5,10.8,10.9,11.0,11.0,11.2,11.3,11.0
026032,8.6,8.7,8.4,8.9,8.8,8.9,8.7,9.1,9.1,9.6,9.3,9.7,9.9,10.0,9.6,10.0,10.1,10.2,10.3,9.9,10.5,10.3,10.5,10.4,10.1
026033,7.8,8.0,8.0,8.2,8.1,8.1,8.0,8.3,8.5,8.5,8.8,8.5,9.0,8.8,8.9,8.9,8.8,8.9,9.1,9.2,9.4,9.1,9.2,9.4,9.7
026034,8.0,8.3,8.3,8.3,8.2,8.4,8.5,8.7,8.9,9.2,9.2,9.3,9.4,9.4,9.6,9.6,9.6,9.8,9.9,9.8,9.9,10.5,10.3,10.3,10.4
026035,9.0,8.9,9.1,9.2,9.1,9.5,9.4,9.6,9.3,9.7,10.1,10.0,10.0,10.2,10.2,10.3,10.3,10.4,10.6,10.3,10.9,10.4,10.5,10.9,10.9
026036,8.3,8.4,8.3,8.3,8.3,8.4,8.4,8.5,8.3,8.6,9.1,9.0,8.8,8.9,9.1,9.1,9.1,9.2,9.0,9.3,9.4,9.3,9.6,9.3,9.2
026037,7.9,8.0,8.0,8.0,8.1,8.1,8.1,8.1,8.3,8.5,8.3,8.3,8.6,8.4,8.6,8.6,8.7,8.4,8.6,8.8,9.0,8.5,8.7,8.6,8.7
026038,8.3,8.4,8.2,8.4,8.3,8.4,8.6,8.5,8.6,9.2,8.7,9.1,9.1,9.2,9.3,9.3,9.0,9.3,9.4,9.3,9.7,9.3,9.7,9.7,9.4
026039,7.9,7.7,8.1,7.9,8.1,8.0,8.0,8.0,7.8,8.3,8.3,8.3,8.3,8.3,8.3,8.1,8.4,8.3,8.3,8.2,8.6,8.2,8.4,8.6,8.4
026040,6.7,6.7,7.0,7.2,7.0,7.1,7.0,7.2,7.4,8.0,7.7,7.9,7.8,8.0,8.0,8.3,8.7,8.5,8.8,8.7,8.9,8.9,8.7,9.1,9.4
026041,8.5,8.6,8.7,8.3,8.3,8.5,8.4,8.5,8.5,8.8,8.8,8.9,8.9,8.4,8.5,8.7,8.6,8.6,8.3,8.6,8.6,8.5,8.6,8.5,8.6
026042,9.2,9.1,9.3,9.4,9.3,9.3,9.6,9.7,9.7,10.1,10.1,9.8,10.1,10.2,10.0,10.0,10.5,10.2,10.3,10.5,11.3,10.3,10.6,10.5,10.9
026043,11.3,11.2,11.1,10.8,11.4,11.6,11.8,11.6,11.7,12.4,12.3,12.2,12.6,12.6,12.4,12.9,13.0,13.2,13.2,13.3,13.5,13.2,13.9,13.7,14.0
026044,8.1,8.5,8.3,8.6,8.6,8.6,8.5,8.8,8.7,9.0,9.2,9.6,9.1,9.2,9.3,9.4,9.5,9.5,9.8,9.6,9.8,9.4,10.1,9.8,10.2
026045,10.0,9.7,9.9,10.0,10.1,10.2,10.4,10.5,10.2,10.6,10.6,10.9,10.7,10.7,10.7,11.2,11.0,10.8,11.1,11.0,11.6,11.0,11.6,11.3,11.2
026046,8.8,9.0,9.2,9.6,9.3,9.3,9.3,9.7,9.5,9.8,9.8,9.8,9.8,10.1,10.1,10.1,10.3,10.3,10.5,10.2,11.0,10.8,10.6,10.8,11.1
026047,8.5,8.1,8.4,8.5,8.6,8.6,8.6,8.6,8.6,9.0,9.0,8.8,8.9,9.0,9.3,9.2,9.2,9.2,9.2,9.3,9.6,9.8,9.4,9.4,9.6
026048,8.2,8.0,8.2,8.3,8.2,8.2,8.2,8.3,8.4,8.3,8.6,8.5,8.3,8.5,8.5,8.6,8.5,8.4,8.4,8.6,8.5,8.4,8.5,8.6,8.7
026049,9.8,9.7,9.7,10.4,10.3,10.2,10.1,10.3,10.6,10.7,10.8,10.8,10.8,10.9,10.9,11.4,11.2,11.1,11.4,11.5,11.5,11.4,11.4,11.4,11.7
026050,9.4,9.3,9.4,9.4,9.3,9.6,9.5,9.4,9.8,9.9,10.1,10.3,10.0,10.3,10.5,10.3,10.5,10.5,10.3,10.4,10.9,10.7,10.6,10.5,10.7
026051,8.0,7.9,8.1,8.1,8.2,8.5,8.4,8.5,8.4,8.9,9.0,9.1,9.1,9.1,9.3,9.5,9.4,9.5,9.3,9.9,10.2,10.3,10.2,10.3,10.2
026052,7.9,7.8,7.7,7.7,7.9,7.9,7.8,8.0,7.8,8.0,8.1,8.0,8.2,8.0,8.0,8.1,8.0,7.9,8.3,8.1,8.0,8.2,8.0,8.0,8.0
026053,8.3,8.6,8.4,8.5,8.6,8.5,8.4,8.7,8.6,8.8,8.7,8.8,9.0,8.9,8.8,9.0,9.0,9.1,9.0,8.9,9.3,9.2,9.2,9.3,9.2
026055,9.6,9.5,9.4,9.5,9.7,9.8,9.9,9.9,10.1,10.3,10.7,10.3,10.3,10.8,10.7,10.9,10.9,11.1,10.9,11.1,11.6,10.9,11.2,11.6,11.4
026056,8.4,8.3,8.5,8.4,8.6,8.7,8.9,8.7,8.5,9.2,9.1,9.4,9.3,9.2,9.2,9.6,9.9,9.7,10.0,9.7,10.2,10.2,10.2,10.2,10.5
026057,7.4,7.2,7.6,7.7,7.8,7.9,8.0,8.2,8.2,8.3,8.2,8.6,8.8,8.8,8.9,9.0,9.0,9.5,9.4,9.6,9.8,9.6,9.6,9.8,10.3
026058,9.1,9.3,8.9,9.1,9.2,9.0,9.7,9.2,9.4,9.6,9.6,10.1,10.2,10.2,10.1,10.4,10.5,10.5,10.6,10.6,11.1,11.0,11.0,11.2,11.0
026059,8.2,8.5,8.4,8.3,8.7,8.5,8.8,8.8,9.2,9.2,9.2,9.3,9.2,9.2,9.6,9.4,9.6,9.5,9.9,9.9,10.0,10.2,9.9,10.1,10.2
026060,8.2,8.4,8.2,8.8,8.5,8.4,8.3,8.5,8.3,8.8,8.8,8.8,9.0,8.9,8.8,9.0,8.9,9.0,8.9,8.9,9.2,8.8,8.7,9.0,8.8
026061,8.7,8.7,8.6,8.9,8.9,8.9,8.9,8.8,9.1,9.6,9.4,9.6,9.6,9.8,9.7,9.6,9.7,10.0,10.1,9.9,10.2,10.4,10.3,10.2,10.4
026062,11.1,10.9,11.2,11.2,11.4,11.0,11.7,11.6,11.8,11.8,12.3,11.9,12.4,12.6,12.8,12.6,12.9,13.2,12.9,13.8,14.0,13.3,13.6,13.4,14.0
026063,7.5,7.6,7.5,7.8,7.9,7.8,7.9,8.0,8.2,8.4,8.3,8.7,8.6,8.6,8.4,8.6,8.7,8.9,8.7,9.0,9.2,9.0,9.1,9.3,9.3
026064,9.3,9.7,9.6,9.7,9.8,9.9,9.9,9.8,10.2,10.6,10.5,11.0,11.1,10.6,10.9,10.9,11.1,11.5,11.2,11.7,11.9,11.8,11.7,11.7,11.8
026065,9.4,9.1,9.3,9.3,9.2,9.4,9.4,9.5,9.3,10.0,9.9,9.8,9.9,10.0,9.9,10.2,9.9,9.7,9.9,10.0,10.2,9.9,10.0,10.3,10.3
026066,8.6,8.9,8.9,9.1,9.0,9.2,9.3,9.5,9.5,9.9,10.0,10.1,10.1,10.1,10.3,10.4,10.9,10.5,10.8,10.6,10.6,10.8,11.0,11.4,11.5
026067,7.2,7.3,7.4,7.4,7.3,7.5,7.6,7.4,7.6,7.7,7.5,7.5,7.6,7.6,7.7,7.8,7.8,7.8,7.8,7.8,8.1,7.7,7.8,7.9,7.8
026068,7.9,7.8,7.9,7.8,8.2,7.9,8.0,8.0,7.9,8.2,8.5,8.3,8.2,8.4,8.5,8.4,8.4,8.5,8.6,8.6,8.7,8.5,8.6,8.8,8.8
026069,7.7,7.6,7.9,8.0,7.9,8.0,8.1,8.2,8.3,8.6,8.6,8.8,9.0,8.9,9.2,9.3,9.4,9.4,9.4,9.6,9.8,9.9,10.1,9.8,10.3
026070,7.8,7.9,8.1,8.1,8.1,8.1,8.2,8.1,7.9,8.7,8.7,8.4,8.6,8.9,8.9,9.1,8.9,9.3,9.1,9.2,9.6,9.2,9.4,9.4,9.5
026071,9.0,9.0,9.1,8.8,9.0,9.4,9.5,9.6,9.4,9.6,10.0,10.2,10.1,10.1,10.4,10.3,10.7,10.5,10.5,10.9,11.2,11.1,11.2,10.8,11.6
026072,8.3,8.2,8.5,8.5,8.2,8.5,8.3,8.5,8.3,9.0,9.0,9.1,9.0,8.9,9.1,9.1,9.4,9.4,9.6,9.4,9.8,9.5,9.6,9.8,9.8
026073,8.3,8.2,8.2,8.3,8.4,8.6,8.8,8.4,8.6,9.1,8.8,9.2,9.0,9.2,9.3,9.3,9.5,9.5,9.4,9.7,9.6,9.8,9.9,9.9,9.9
026074,8.1,8.2,8.4,8.2,8.4,8.4,8.3,8.7,8.4,9.0,8.9,9.0,9.2,8.9,8.7,9.3,9.2,9.3,9.3,9.3,9.4,9.5,9.4,9.2,9.4
026075,9.1,9.4,9.3,9.6,9.7,9.8,9.8,9.8,10.1,10.1,10.4,10.4,10.6,10.4,11.3,10.9,10.9,11.2,11.7,11.8,12.2,11.8,12.4,12.0,12.2
026076,6.8,6.8,7.0,6.9,7.1,7.0,7.2,7.2,7.4,7.4,7.3,7.5,7.9,7.6,7.8,7.9,7.9,7.9,7.6,7.8,8.3,7.9,8.1,8.3,8.3
026077,8.2,8.2,8.3,8.1,8.3,8.4,8.2,8.5,8.6,8.7,9.1,8.8,8.8,9.0,9.1,9.4,9.2,9.3,9.2,9.0,9.6,9.4,9.5,9.4,9.4
026078,11.1,11.2,11.4,11.6,11.9,11.7,12.0,11.6,11.9,12.9,12.4,13.0,13.1,12.9,13.2,13.8,13.4,13.6,14.6,13.6,14.5,14.2,14.4,14.3,14.6
026079,8.5,8.4,8.6,8.7,8.7,8.8,8.8,8.7,8.8,9.2,9.2,9.0,9.0,9.3,9.3,9.4,9.5,9.6,9.6,9.4,9.8,9.7,9.6,9.5,9.8
026080,8.6,8.4,8.3,8.6,8.3,8.4,8.6,8.5,8.6,8.7,8.8,9.1,8.9,8.9,8.9,8.9,8.9,8.9,8.9,8.9,9.2,8.9,9.2,9.0,9.0
026081,9.7,9.6,9.8,10.2,9.9,10.2,10.2,10.3,10.2,10.9,11.0,11.0,11.2,10.9,11.3,11.4,11.2,11.8,11.6,11.9,12.0,12.3,12.0,12.4,12.3
026082,8.3,8.3,8.4,8.4,8.4,8.4,8.7,8.5,8.9,8.8,9.0,9.3,8.8,9.2,9.1,9.5,9.2,9.3,9.4,9.5,10.0,9.6,9.8,9.6,9.8
026083,8.8,8.5,8.8,8.7,8.6,8.7,9.0,8.7,9.1,9.5,9.4,9.2,9.2,9.3,9.5,9.6,9.4,9.3,9.0,9.3,9.7,9.6,9.6,9.6,9.6
026084,7.8,7.7,7.5,7.7,7.9,7.7,7.9,7.8,7.7,8.2,8.1,8.2,8.1,8.1,8.0,8.3,8.4,8.3,8.3,8.4,8.7,8.2,8.5,8.4,8.3
026085,6.8,6.8,6.8,7.0,6.8,7.0,7.0,7.0,7.1,7.4,7.4,7.5,7.4,7.4,7.5,7.6,7.7,7.7,7.8,7.7,7.8,7.8,7.8,7.9,7.9
026086,7.5,7.7,7.7,7.9,7.5,7.6,7.7,7.9,7.8,8.2,8.1,8.2,8.1,8.2,8.0,8.4,8.3,8.4,8.6,8.1,8.5,8.4,8.9,8.5,8.6
026087,11.0,11.0,10.9,11.3,11.2,11.3,11.4,11.6,11.7,12.0,12.7,11.9,12.6,12.3,12.7,13.2,12.8,13.0,12.6,12.6,13.9,13.2,13.2,13.6,13.8
026088,9.0,9.3,9.4,9.5,9.4,9.5,9.7,9.6,9.7,10.4,10.1,10.2,10.2,10.4,10.1,10.7,10.6,10.7,10.6,10.8,11.1,10.9,10.8,11.0,10.9
026089,8.0,7.9,7.7,8.1,8.2,8.1,8.1,8.1,8.0,8.3,8.5,8.6,8.6,8.6,8.8,8.8,8.9,8.7,8.7,8.9,9.0,9.0,8.9,8.9,8.9
026090,8.4,8.1,8.5,8.8,8.5,8.8,8.8,9.0,9.0,9.2,9.6,9.3,9.7,9.7,9.6,9.9,10.0,10.2,9.9,10.1,10.2,10.1,10.6,10.2,10.6
026091,7.9,8.0,8.0,7.9,8.0,8.1,8.0,7.9,8.1,8.2,8.2,8.2,8.5,8.4,8.4,8.6,8.5,8.6,8.5,8.1,8.7,8.6,8.7,8.8,8.7
026092,8.7,8.6,8.6,8.8,8.8,9.0,9.0,9.1,9.0,9.4,9.6,9.5,9.9,9.7,10.0,9.7,10.0,10.2,10.3,10.4,10.5,10.4,10.3,10.3,10.8
026093,10.2,10.1,10.4,10.2,10.1,10.4,10.2,10.6,10.8,11.1,11.0,11.1,11.3,11.4,11.3,11.4,11.7,11.5,11.1,12.0,12.4,11.9,12.3,12.1,12.6
026094,10.3,10.8,10.8,10.7,11.1,11.2,10.6,11.4,11.3,11.8,11.4,12.0,11.9,11.8,12.3,12.4,12.8,12.4,12.6,12.7,13.4,12.7,12.9,13.5,13.0
026095,8.3,8.4,8.4,8.6,8.8,8.7,8.7,8.7,8.9,9.0,9.0,9.4,9.3,9.3,9.3,9.3,9.3,9.5,9.7,9.6,9.6,9.6,9.7,10.0,10.0
026096,9.9,10.3,10.1,9.9,9.9,10.0,10.1,9.9,9.9,10.5,10.6,10.1,10.3,10.6,10.2,10.6,10.4,10.6,10.5,10.6,10.3,10.5,10.5,10.5,10.7
027001,8.8,8.4,8.8,8.8,8.7,8.8,8.7,8.9,8.8,9.2,9.0,9.1,9.3,9.2,9.2,9.5,9.6,9.5,9.2,9.4,9.7,9.4,9.4,9.4,9.6
027002,7.8,8.0,7.8,7.8,7.8,7.9,8.1,8.1,8.1,8.3,8.4,8.4,8.5,8.5,8.3,8.7,8.5,8.8,8.9,8.8,9.0,8.8,8.9,9.1,8.8
027003,9.3,9.4,9.5,9.4,9.6,9.8,9.6,9.9,9.5,10.2,10.0,10.3,10.8,10.0,10.9,10.8,10.7,10.7,10.8,11.0,11.2,10.8,11.2,11.1,11.6
027004,8.1,8.1,8.2,8.2,8.1,8.1,8.4,8.3,8.3,8.8,8.8,8.8,8.9,9.1,8.9,9.4,8.7,9.2,9.2,9.4,10.0,9.4,9.6,9.8,9.8
027005,9.0,8.8,9.3,9.1,9.1,9.1,9.2,9.5,9.0,9.7,9.7,10.0,9.6,10.1,9.6,9.9,10.1,9.8,10.0,9.8,10.5,10.2,10.3,10.2,10.2
027006,8.7,8.5,8.4,8.5,8.6,8.8,8.5,9.0,8.8,9.0,8.9,9.2,9.0,9.2,9.2,9.0,9.0,9.2,9.3,8.9,9.7,9.3,9.3,9.5,9.6
027007,6.6,7.0,6.8,6.8,6.9,6.9,7.1,7.0,7.0,7.4,7.4,7.4,7.3,7.6,7.8,7.8,7.6,7.8,7.8,7.9,8.3,8.2,8.0,8.4,8.1
027008,8.6,8.8,8.9,8.9,9.0,9.1,8.9,8.9,8.8,9.4,9.4,9.8,9.8,9.4,9.6,9.7,9.8,9.7,9.7,9.6,10.2,9.8,9.9,9.7,9.9
027009,8.6,8.6,8.6,8.4,8.8,9.0,8.6,8.8,8.9,9.3,9.2,9.4,9.6,9.4,9.9,9.6,9.7,9.7,9.8,9.9,9.9,9.7,10.1,10.0,10.2
027010,6.0,6.1,6.1,6.2,6.2,6.2,6.2,6.2,6.2,6.4,6.4,6.5,6.5,6.5,6.8,6.7,6.4,6.6,6.6,6.6,6.9,6.6,6.8,6.7,6.7
027011,6.7,6.6,6.7,6.6,6.8,6.7,6.6,6.7,6.7,7.0,6.9,6.8,6.8,6.8,6.9,6.9,6.9,6.9,6.9,6.8,7.0,6.8,6.7,6.8,6.7
027012,8.5,8.3,8.4,8.2,8.3,8.4,8.4,8.4,8.5,8.5,8.7,8.8,8.3,8.7,8.8,8.5,8.6,8.8,8.7,8.5,8.8,8.6,8.5,8.7,8.8
027013,8.5,8.6,8.7,8.8,8.6,8.8,8.7,8.8,8.8,9.2,9.2,9.2,9.3,9.0,9.2,9.3,9.4,9.5,9.5,9.5,9.4,9.6,9.7,9.6,9.5
027014,9.3,8.9,9.1,9.4,9.2,9.5,9.1,9.4,9.2,9.5,9.7,9.9,9.9,9.8,9.6,9.7,10.2,9.8,10.3,10.2,10.0,10.1,10.2,10.0,10.2
027015,8.0,7.7,7.9,8.2,8.0,8.5,8.2,8.3,8.3,8.8,8.9,8.8,8.8,8.8,8.8,9.3,9.1,9.2,9.3,9.0,9.4,9.3,9.6,9.8,9.5
027016,8.1,8.2,8.2,8.2,8.4,8.6,8.3,8.5,8.7,9.0,9.1,9.3,9.4,9.4,9.4,9.5,9.6,9.8,9.6,9.9,9.9,9.9,9.8,10.2,10.2
027017,7.9,8.2,8.2,7.9,8.1,8.2,8.2,8.3,8.3,8.7,8.8,8.8,9.1,8.9,9.3,8.9,9.0,9.1,9.1,9.2,9.2,9.4,9.2,9.1,9.2
027018,9.1,9.2,9.1,9.2,9.4,9.5,9.5,9.7,10.0,10.4,10.4,10.5,10.6,10.7,10.8,11.0,11.0,11.2,11.1,11.4,12.1,11.8,11.8,11.8,11.9
027019,7.4,7.4,7.5,7.8,7.5,7.6,7.4,7.7,7.5,8.0,7.9,8.0,8.0,7.9,8.0,8.1,8.1,8.1,8.2,8.3,8.5,8.1,8.3,8.2,8.2
027020,8.6,8.8,9.2,9.0,9.0,9.1,9.6,9.5,9.4,9.9,10.1,10.1,10.3,9.9,10.4,10.2,10.5,10.3,10.8,10.5,10.6,11.0,10.9,10.9,11.0
027021,9.0,8.8,9.0,9.2,9.2,9.3,9.4,9.5,9.5,10.0,10.2,10.3,10.3,10.2,10.2,10.6,10.2,10.7,10.9,10.9,11.0,10.8,11.1,11.4,11.0
027022,9.4,9.1,9.3,9.5,9.7,9.4,9.8,9.8,9.8,10.0,10.4,10.3,10.4,10.8,10.8,11.0,10.7,11.4,11.4,11.4,11.9,11.6,11.7,11.8,12.4
027023,7.7,7.7,7.4,7.5,7.8,7.9,7.7,7.9,8.0,8.2,8.3,8.3,8.1,8.4,8.3,8.5,8.5,8.4,8.6,8.6,8.9,8.7,8.6,8.7,8.7
027024,9.3,9.3,9.5,9.7,9.9,9.9,10.1,10.3,10.4,11.3,11.2,11.3,11.6,11.6,11.6,12.1,12.2,12.6,12.8,13.0,13.5,13.7,13.5,14.0,14.0
027025,7.7,7.4,7.5,7.6,7.7,7.6,8.0,7.8,7.9,8.1,8.2,8.4,8.1,8.2,8.2,8.3,8.5,8.3,8.5,8.7,8.7,8.4,8.6,8.7,8.8
027026,9.5,9.5,9.4,9.8,9.9,10.1,10.0,9.9,10.2,10.3,11.1,10.7,10.7,10.8,11.5,11.0,11.2,11.2,11.0,11.6,11.9,11.5,11.4,11.6,12.3
027027,8.6,8.6,8.5,8.8,8.8,8.8,9.0,8.7,9.3,9.4,9.2,9.5,9.4,9.4,9.9,9.6,9.6,9.9,9.8,9.8,10.1,10.1,10.1,10.2,10.1
027028,8.9,9.3,9.4,9.3,9.5,9.6,9.8,9.5,9.8,10.0,10.4,10.4,10.4,10.4,10.7,10.8,10.7,10.7,11.2,11.0,11.3,11.2,10.8,11.3,11.5
027029,7.6,7.6,7.9,8.2,8.2,8.0,7.9,8.0,8.0,8.4,8.7,8.6,8.6,8.7,8.8,9.1,8.9,9.2,9.0,9.1,9.6,8.9,9.2,9.5,9.5
027030,8.5,8.5,8.5,8.7,8.7,8.7,9.2,8.9,8.9,9.4,9.6,9.5,9.5,9.8,9.8,9.9,9.9,10.1,10.2,10.3,10.8,10.6,10.4,10.6,10.6
027031,7.7,7.6,7.4,7.6,7.6,7.6,7.4,7.7,7.6,7.9,7.9,8.0,7.7,7.7,7.6,7.8,7.8,7.8,7.7,7.8,7.9,7.8,7.8,7.8,7.9
027032,7.5,8.0,7.9,8.0,8.1,8.3,8.3,8.4,8.6,8.9,8.9,9.1,9.2,9.4,9.5,9.6,9.5,9.9,9.9,10.4,10.3,10.2,10.4,10.7,10.9
027033,9.3,9.4,9.4,9.6,9.6,9.7,9.7,9.7,9.9,10.5,10.5,10.9,10.5,10.7,11.1,10.9,11.4,10.8,11.0,11.4,11.7,11.4,11.5,12.1,11.9
027034,10.6,10.4,10.7,10.5,10.4,10.5,10.8,10.8,10.8,11.6,11.3,11.6,11.6,11.7,12.0,11.9,12.1,12.3,12.1,12.1,12.6,11.9,12.2,12.3,12.7
027035,8.4,8.6,8.4,8.6,8.4,8.5,8.4,8.7,8.6,8.8,8.8,8.8,8.8,8.6,9.1,8.8,8.9,9.0,9.0,8.8,9.3,8.9,9.3,9.3,9.3
027036,8.9,9.0,8.9,9.0,8.9,9.1,8.9,8.9,9.0,9.4,9.5,9.9,9.8,9.9,10.0,9.9,9.9,10.1,10.1,10.1,10.2,10.2,10.4,10.4,10.5
027037,8.2,8.2,8.0,8.3,8.1,8.2,8.3,8.5,8.5,8.8,9.0,8.7,8.8,9.1,9.2,9.3,9.2,9.3,9.6,9.4,9.6,9.5,9.7,9.4,9.9
027038,7.5,7.5,7.5,7.5,7.6,7.5,7.8,8.0,7.8,8.1,8.1,8.4,8.3,8.6,8.4,8.4,8.3,8.7,8.6,8.8,9.3,9.0,8.8,8.9,9.0
027039,7.7,7.6,7.6,7.7,8.0,7.7,7.9,8.0,7.7,8.1,8.2,8.4,8.3,8.5,8.3,8.3,8.5,8.6,8.5,8.6,8.9,8.8,8.8,8.5,9.1
027040,8.7,8.7,9.0,9.0,8.9,9.0,8.8,8.8,9.0,9.3,9.3,9.4,9.3,9.2,9.3,9.1,9.2,9.2,9.3,9.5,9.7,9.2,9.5,9.3,9.4
027041,9.5,9.3,9.3,9.9,9.7,9.5,9.6,9.7,9.6,10.4,10.3,10.5,10.4,10.7,10.5,10.8,10.7,10.9,10.9,10.5,11.5,11.2,11.1,11.2,11.2
027042,10.1,10.3,10.4,10.5,10.6,10.9,10.9,10.6,10.8,11.4,11.4,11.9,11.5,11.5,11.8,12.0,12.0,12.1,11.9,12.4,12.6,12.5,12.5,12.4,12.7
027043,7.8,7.7,7.7,7.7,7.7,8.1,7.8,8.0,7.8,8.1,8.2,8.3,8.5,8.5,8.4,8.5,8.5,8.6,8.5,8.6,8.9,8.5,8.5,8.5,8.8
027044,8.7,8.6,8.7,8.6,8.7,8.8,8.7,8.7,8.8,9.1,9.0,9.1,8.9,9.0,9.2,8.8,9.0,9.0,9.1,9.2,9.2,9.4,9.4,8.9,9.3
028001,7.7,7.7,7.6,7.8,7.9,8.0,7.9,8.1,8.2,8.1,8.5,8.4,8.2,8.4,8.4,8.6,8.8,8.6,8.7,8.6,9.4,9.1,8.8,9.1,9.0
028002,9.7,9.5,9.7,10.0,9.6,10.0,10.2,10.0,10.8,10.4,11.0,11.0,11.1,11.1,11.0,11.0,11.2,11.3,11.3,11.6,11.8,11.3,11.7,12.2,11.7
028003,8.5,8.9,8.8,8.7,8.8,8.7,9.1,9.1,8.7,9.6,9.4,9.5,9.8,9.7,10.0,9.7,10.1,10.3,10.2,10.2,10.4,10.1,10.4,10.6,10.3
028004,7.4,7.4,7.5,7.5,7.8,7.7,7.7,7.9,7.8,8.0,8.2,8.3,8.2,8.4,8.3,8.4,8.5,8.5,8.6,8.7,8.7,8.8,8.9,9.0,8.8
028005,8.5,8.8,8.8,8.9,8.8,8.9,9.1,9.0,9.4,9.8,9.8,9.9,9.9,10.2,10.4,10.2,10.3,10.4,10.6,10.6,11.0,10.8,10.9,11.1,11.3
028006,9.9,10.0,10.0,10.2,10.0,9.9,10.2,10.2,10.3,10.3,10.3,10.5,10.5,10.7,10.7,10.7,10.5,10.5,10.7,10.6,10.9,10.6,10.8,11.0,10.9
028007,7.6,7.8,7.9,7.9,8.0,8.3,8.1,8.3,8.4,8.8,8.9,9.1,9.2,9.0,9.2,9.2,9.3,9.7,9.3,10.0,10.0,9.9,10.0,10.4,10.5
028008,7.3,7.4,7.2,7.4,7.3,7.2,7.2,7.3,7.6,8.0,7.8,7.6,8.0,7.7,8.0,8.0,8.0,8.0,8.0,8.2,8.5,8.3,8.1,8.3,8.2
028009,9.2,9.2,9.5,9.3,9.5,9.3,9.6,9.8,9.9,10.3,10.2,10.5,10.5,10.5,10.7,10.5,10.5,11.0,11.3,11.2,11.4,11.2,11.1,11.2,11.5
028010,9.8,10.3,10.0,10.6,10.4,10.4,10.6,10.5,10.7,10.9,11.1,11.4,11.4,11.6,11.8,11.9,12.6,11.9,12.0,12.2,12.7,12.6,12.3,12.8,12.8
028011,6.3,6.3,6.4,6.4,6.4,6.4,6.3,6.4,6.3,6.7,6.7,6.5,6.6,6.6,6.7,6.8,6.8,6.7,6.8,6.8,6.8,6.8,6.7,6.9,7.0
028012,7.5,7.7,7.8,7.4,7.8,7.9,7.8,7.8,8.0,8.1,8.1,8.3,8.5,8.7,8.4,8.4,8.4,8.6,8.8,8.5,9.1,8.6,9.0,9.1,8.9
028013,8.1,8.1,8.2,8.1,8.1,8.2,8.5,8.5,8.5,9.0,8.8,8.9,9.1,9.2,9.5,9.4,9.4,9.5,9.7,9.6,10.2,9.7,9.9,10.1,10.0
028014,8.8,9.3,9.2,9.4,9.0,9.3,9.5,9.3,9.6,9.9,9.8,9.6,9.9,9.8,10.0,10.1,10.1,9.9,10.0,10.0,10.2,9.8,9.9,10.2,10.1
028015,9.4,9.8,9.9,9.7,10.0,9.7,9.9,9.7,9.8,10.3,10.2,10.1,10.8,10.1,10.4,10.5,10.4,10.5,10.3,10.7,11.0,10.4,10.6,10.6,11.0
028016,9.3,9.4,9.9,9.9,10.0,10.0,10.2,10.3,10.1,11.0,11.1,11.4,11.4,11.7,11.7,11.8,11.6,12.3,11.9,12.7,12.6,12.8,12.4,13.3,13.4
028017,9.0,8.8,8.8,9.0,8.8,9.2,9.1,8.9,9.2,9.4,9.5,9.7,9.7,9.4,9.7,9.5,9.7,9.5,10.0,9.7,9.9,9.8,9.9,9.8,10.2
028018,8.7,9.0,9.0,8.9,9.3,9.2,9.4,9.4,9.5,10.0,10.1,10.2,10.4,10.5,10.2,10.8,10.9,11.1,11.5,11.2,11.5,11.0,11.4,11.5,12.0
028019,9.5,9.9,9.8,9.9,9.9,10.0,9.7,9.9,9.9,10.7,10.5,10.4,10.7,10.8,10.5,10.7,10.7,10.9,10.9,10.7,11.0,10.9,11.2,11.1,11.0
028020,8.0,7.9,7.8,7.8,7.9,7.8,8.0,7.9,7.9,8.1,8.1,7.9,8.1,8.2,8.1,8.1,8.3,8.1,8.3,8.5,8.5,8.1,8.2,8.3,8.1
028021,7.5,7.7,7.6,7.6,7.8,7.7,7.7,8.0,8.0,8.3,8.1,8.2,8.5,8.8,8.6,8.8,8.6,8.9,8.9,8.8,9.2,9.1,9.0,8.9,9.5
028023,7.9,8.1,8.1,8.4,8.2,8.3,8.5,8.5,8.3,8.9,9.0,8.9,8.8,9.0,8.9,9.2,8.8,8.9,9.4,9.3,9.5,9.2,9.3,9.6,9.8
028026,8.5,8.3,8.6,8.6,8.7,8.9,8.6,8.7,8.8,9.2,9.2,9.3,9.4,9.2,9.4,9.2,9.5,10.0,9.5,9.7,9.9,9.7,9.8,10.1,9.9
028027,7.8,8.0,7.7,7.7,7.8,7.8,7.8,7.7,7.9,8.1,8.4,8.2,8.5,8.3,8.3,8.4,8.2,8.4,8.5,8.5,8.6,8.5,8.8,8.7,8.6
028028,8.7,8.8,8.9,9.0,9.0,8.8,9.3,9.2,9.2,9.8,10.0,10.0,9.7,10.0,10.1,10.3,10.3,10.3,10.2,10.8,10.9,10.7,10.5,11.0,11.1
028029,8.6,8.4,8.5,8.5,8.4,8.5,8.5,8.6,8.5,8.8,8.8,8.7,8.9,8.7,8.8,8.8,8.7,8.5,8.7,8.6,8.6,8.7,8.7,8.5,8.8
028030,8.7,8.8,8.9,8.9,9.0,9.0,9.3,9.2,9.6,9.4,9.6,9.8,9.9,10.1,9.8,10.1,10.2,10.1,10.4,10.4,10.8,10.3,10.3,10.3,10.5
028031,7.6,7.5,7.4,7.4,7.6,7.5,7.6,7.6,7.7,7.7,7.9,7.8,7.9,7.9,7.9,7.7,8.0,8.0,8.0,7.9,8.3,8.1,8.0,7.9,7.8
028032,8.3,8.3,8.5,8.2,8.2,8.2,8.4,8.2,8.4,8.6,8.7,8.5,8.6,8.4,8.5,8.6,8.5,8.8,8.5,8.6,8.8,8.6,8.3,8.2,8.7
028033,8.6,9.0,9.0,9.1,9.0,9.0,9.1,9.2,8.9,9.6,9.7,9.7,9.6,9.8,9.9,9.9,10.1,10.0,9.9,9.9,10.1,10.3,10.3,10.2,10.2
028034,10.3,10.2,10.5,10.1,10.2,10.0,10.3,10.6,10.2,10.7,10.9,10.8,10.9,11.0,10.9,10.8,11.0,11.3,10.8,10.8,11.5,10.9,11.0,10.9,11.2
028035,8.7,8.7,8.8,8.6,8.6,8.6,8.7,8.7,8.9,9.0,9.3,9.3,9.5,9.3,9.4,9.2,9.5,9.7,9.6,9.6,9.7,9.7,9.6,9.6,9.9
028036,8.1,8.2,8.1,8.0,8.3,8.1,8.3,8.3,8.3,8.2,8.5,8.4,8.6,8.7,8.4,8.7,8.8,8.6,8.9,8.8,9.0,8.7,8.8,8.8,8.8
028037,7.8,7.8,8.0,7.9,8.0,8.1,8.2,8.1,8.1,8.6,8.5,8.3,8.7,8.7,8.3,8.8,8.8,8.6,8.6,9.0,9.2,8.8,9.0,9.1,9.1
028038,7.1,7.0,7.0,7.3,7.2,7.4,7.3,7.3,7.5,7.7,7.8,7.7,7.9,7.7,7.9,8.2,8.0,8.3,8.2,8.2,8.5,8.4,8.3,8.2,8.4
028039,8.4,8.6,8.6,8.9,8.7,8.8,9.0,8.9,9.2,9.3,9.4,9.7,9.7,9.8,9.7,10.0,10.0,10.2,10.5,10.1,10.4,10.6,10.5,10.6,10.8
028040,8.8,8.8,8.8,8.7,9.0,9.1,9.1,9.0,9.3,9.8,9.7,10.0,10.1,10.1,10.2,10.2,10.6,10.5,10.8,10.8,11.1,10.9,11.0,10.7,11.4
028041,8.2,8.1,8.2,8.0,8.1,8.2,8.2,8.1,8.1,8.1,8.4,8.6,8.7,8.5,8.4,8.6,8.4,8.4,8.4,8.5,8.8,8.5,8.4,8.3,8.6
028042,9.9,9.6,9.6,10.2,9.8,9.9,10.0,10.4,10.5,10.8,10.7,10.7,10.8,11.1,10.9,10.6,11.0,10.8,11.1,11.0,11.7,11.0,11.5,11.6,11.7
028043,8.9,8.7,8.7,8.8,9.1,9.2,9.0,9.2,9.3,9.7,9.6,9.5,10.0,9.9,9.9,10.2,10.1,10.1,10.3,10.1,10.7,10.3,10.5,10.6,10.8
028044,8.8,8.9,8.9,8.9,8.7,8.8,8.8,8.9,8.9,9.0,9.2,9.1,9.2,9.4,9.3,9.3,9.3,9.5,9.3,9.5,9.3,9.8,9.1,9.6,9.3
028045,7.6,7.5,7.8,7.6,7.9,7.8,8.0,8.0,8.0,8.5,8.4,8.6,8.7,8.8,8.7,8.9,8.8,9.0,9.1,9.3,9.7,9.4,9.6,9.5,9.8
028046,7.9,7.7,8.1,8.1,8.2,7.9,8.4,8.2,8.4,8.8,8.6,8.6,8.8,8.6,8.8,8.8,8.9,8.9,8.7,9.1,9.1,9.1,8.7,9.0,9.0
028047,8.8,8.9,8.5,9.1,9.1,9.1,9.1,9.3,9.2,9.8,9.5,9.4,9.6,9.9,9.7,10.2,10.0,10.1,10.3,10.2,10.6,10.2,10.4,10.5,10.6
028048,8.3,8.3,8.4,8.5,8.3,8.6,8.5,8.6,8.6,9.0,8.9,9.1,9.2,9.3,9.2,9.0,9.1,9.0,9.3,9.3,9.6,9.3,9.4,9.5,9.3
028049,9.9,10.0,10.1,10.4,10.2,10.5,10.5,10.3,10.2,10.8,10.8,11.1,10.8,11.3,11.5,11.4,11.1,11.1,11.2,11.3,12.2,11.6,11.4,11.1,11.8
028050,8.4,8.3,8.5,8.5,8.5,8.8,8.6,8.8,9.0,9.4,9.4,9.3,9.7,9.9,9.8,9.7,10.0,10.0,10.1,10.3,10.8,10.8,10.7,10.7,10.7
028052,9.1,9.3,9.2,9.3,9.3,9.4,9.6,9.7,9.6,9.9,10.0,10.5,10.3,10.4,10.3,10.7,10.3,10.5,10.7,10.8,10.8,10.8,11.2,11.1,11.2
028053,8.6,8.5,8.7,9.0,8.9,9.3,8.9,9.2,9.2,9.5,9.7,10.1,9.9,10.0,10.2,10.2,10.3,10.5,10.5,10.6,10.9,10.8,11.0,10.9,11.4
028054,8.2,8.2,8.3,8.1,8.4,8.3,8.3,8.5,8.5,8.6,8.6,8.6,8.6,8.8,8.8,8.7,8.8,9.1,9.0,8.9,9.3,8.9,8.9,9.2,9.3
028055,7.9,8.1,8.1,8.2,8.3,8.3,8.3,8.6,8.8,9.0,9.4,9.1,9.3,9.6,10.0,9.8,9.9,10.1,10.5,10.2,10.7,10.8,11.1,11.3,11.3
028056,10.1,10.3,10.5,10.2,10.3,10.4,10.6,10.8,10.6,11.3,11.0,11.3,11.0,11.3,11.2,11.5,11.6,11.4,11.8,12.2,12.3,11.9,11.9,11.6,11.8
028057,6.8,6.9,6.9,7.1,7.1,7.0,7.2,7.5,7.3,7.7,7.6,7.7,7.8,7.8,8.1,8.1,8.4,8.5,8.4,8.6,8.7,8.7,8.9,9.0,8.9
028058,8.3,8.3,8.3,8.3,8.2,8.5,8.5,8.5,8.2,8.9,8.9,8.9,8.9,9.3,9.5,9.3,9.3,9.3,9.3,9.5,9.8,9.5,9.5,9.8,9.7
028059,8.5,8.6,8.5,9.0,8.7,9.1,9.0,8.8,9.1,9.7,9.7,9.7,9.9,9.7,9.8,9.8,10.3,10.4,10.3,10.2,10.7,10.4,10.9,10.6,10.4
028060,8.7,8.8,8.8,8.8,8.7,9.4,9.2,9.4,9.4,9.7,9.8,9.9,9.9,10.1,10.1,10.5,10.3,10.6,10.5,10.9,11.1,10.7,10.6,11.1,11.2
028061,7.3,7.3,7.5,7.2,7.3,7.3,7.5,7.4,7.4,7.7,7.5,7.7,7.6,8.0,7.8,7.8,8.2,8.1,8.1,8.0,8.2,8.0,7.9,8.3,8.4
028062,8.9,8.7,8.9,9.1,8.9,9.2,9.2,9.1,9.3,9.7,9.8,9.8,9.7,10.1,9.6,9.9,10.0,10.0,10.0,10.0,10.4,10.1,10.6,10.3,10.3
028063,8.3,8.4,8.6,8.6,8.3,8.3,8.1,8.3,8.4,8.6,8.8,8.4,8.9,8.8,8.8,8.6,8.8,8.6,8.7,8.8,9.0,9.0,8.9,9.0,8.7
028064,8.0,8.1,8.1,8.1,8.2,8.4,8.3,8.2,8.2,8.6,8.8,8.7,8.7,8.7,8.9,9.0,9.0,8.9,9.0,9.2,9.5,9.4,9.5,9.4,9.3
028065,7.2,7.2,7.3,7.3,7.4,7.5,7.4,7.4,7.5,7.7,7.9,8.0,7.9,7.9,7.9,8.1,8.1,8.1,8.4,8.2,8.7,8.3,8.4,8.7,8.5
028066,8.8,8.6,8.8,9.0,8.5,9.0,9.0,9.0,8.8,8.9,9.3,8.8,9.3,9.0,9.1,9.2,9.0,9.2,9.3,9.6,9.4,9.4,9.5,9.3,9.3
028067,8.0,8.2,8.3,8.3,8.4,8.3,8.5,8.7,8.6,8.8,9.1,8.8,9.2,9.2,9.2,9.1,9.1,9.6,9.5,9.6,9.4,9.5,9.4,9.7,9.7
028068,7.7,7.7,7.7,7.5,7.7,7.5,7.7,7.8,7.7,7.9,7.9,8.1,8.1,7.8,7.8,8.1,8.2,7.8,7.9,8.2,8.4,8.1,7.9,8.0,8.0
028069,7.9,8.0,8.0,8.0,7.8,7.9,7.8,7.9,8.0,8.0,8.1,8.3,8.3,8.4,8.0,8.1,8.1,8.2,8.4,8.1,8.4,8.2,8.1,8.1,8.3
028070,8.3,8.2,8.5,8.5,9.0,8.6,8.5,9.1,9.0,9.4,9.4,9.6,9.5,9.5,9.5,9.6,10.1,10.0,10.2,10.3,10.6,10.5,10.3,10.5,10.8
028071,8.6,8.8,9.0,9.2,9.2,9.0,9.4,9.3,9.2,9.5,9.7,9.7,9.9,9.9,9.9,10.4,10.1,10.2,10.2,10.4,10.6,10.5,10.8,10.9,10.6
028072,7.7,7.8,8.0,8.1,8.1,8.0,8.4,8.3,8.2,8.5,8.6,8.8,8.6,8.7,8.8,8.9,8.9,9.3,9.1,9.2,9.5,9.2,9.5,9.7,9.3
028073,7.5,7.8,7.9,7.9,7.8,7.8,8.2,7.9,8.1,8.4,8.4,8.2,8.4,8.6,8.8,8.4,8.7,8.3,8.8,9.0,9.2,8.5,9.0,9.0,8.9
028075,8.2,8.4,8.3,8.3,8.2,8.3,8.3,8.4,8.3,8.5,8.7,8.6,8.4,8.7,8.9,8.7,8.9,8.5,8.8,8.8,8.9,8.7,8.6,8.8,8.5
028076,7.4,7.4,7.3,7.5,7.4,7.4,7.5,7.5,7.7,7.8,8.0,8.0,8.4,8.3,8.3,8.0,8.1,8.1,8.3,8.4,8.5,8.4,8.7,8.5,8.5
028077,8.2,8.3,8.4,8.5,8.4,8.6,8.4,8.6,8.5,9.1,8.8,8.9,9.4,9.4,9.1,9.2,9.3,9.4,9.6,9.7,9.9,9.9,10.0,10.1,9.7
028078,10.4,10.4,10.9,10.9,11.0,11.1,11.4,11.3,11.8,11.9,12.4,12.9,12.7,13.0,13.1,13.2,13.1,13.5,14.3,14.6,15.2,14.4,14.5,14.4,14.6
028079,7.5,7.7,7.7,7.8,7.7,7.8,7.8,7.9,7.9,8.2,8.4,8.6,8.6,8.1,8.8,8.4,8.6,8.9,8.8,9.4,9.3,9.3,9.4,9.1,9.4
028080,9.2,8.9,9.1,9.2,9.0,9.2,9.1,9.3,9.2,9.7,9.7,9.7,9.7,9.7,9.9,9.8,9.9,9.9,10.0,10.1,10.5,10.3,9.9,10.3,10.5
028082,6.7,6.6,6.8,6.7,6.8,6.9,6.9,6.7,7.0,7.2,6.9,7.3,7.3,7.3,7.2,7.3,7.3,7.5,7.4,7.6,7.8,7.7,7.4,7.6,7.4
028083,9.0,9.1,9.4,9.1,9.4,9.3,9.6,9.9,9.7,10.1,9.9,10.2,10.4,10.2,10.4,10.3,10.7,10.8,10.6,10.4,11.6,10.7,11.1,11.3,11.1
028084,9.0,8.8,8.9,9.1,9.3,9.0,9.2,9.3,9.2,9.5,9.7,9.5,9.8,9.8,10.1,10.2,10.2,10.1,10.1,10.0,10.7,10.3,10.6,10.3,10.6
028085,10.2,10.0,10.3,10.0,10.3,10.3,10.4,10.5,10.6,11.3,11.3,11.4,11.6,11.2,11.7,11.8,11.6,11.7,11.6,12.0,12.4,12.1,11.9,12.3,12.3
028086,8.2,8.3,8.3,8.5,8.6,8.5,9.0,8.7,9.0,9.3,9.8,9.4,9.6,9.8,9.8,10.0,10.4,10.2,10.5,10.5,10.9,10.6,10.9,10.8,11.1
028087,8.9,9.0,9.1,8.9,9.1,9.3,9.5,9.3,9.6,9.7,10.0,10.0,10.1,10.0,10.3,10.4,10.4,10.3,10.7,11.0,11.3,11.2,11.0,11.1,11.2
028088,6.5,6.6,6.5,6.7,6.7,6.9,6.9,7.0,7.1,7.4,7.0,7.2,7.3,7.7,7.7,7.7,7.8,7.6,8.1,8.0,8.2,7.9,8.0,8.4,8.3
028089,8.3,8.7,8.4,8.6,8.6,8.4,8.5,8.7,8.9,9.2,9.1,9.1,9.1,9.1,9.1,9.4,9.0,9.1,9.2,8.9,9.6,9.2,9.3,9.4,9.4
028090,9.0,9.2,9.4,9.0,9.4,9.5,9.5,9.4,9.2,9.7,9.7,10.0,9.8,9.7,9.9,9.9,9.9,10.2,10.1,10.1,10.3,10.3,10.5,10.1,10.3
028091,10.0,10.0,10.0,10.1,10.2,10.1,10.3,9.9,10.0,10.7,10.2,10.4,10.4,10.5,10.6,10.8,10.3,10.6,10.8,10.6,10.8,10.7,10.7,10.5,10.7
028092,6.9,6.9,7.0,7.0,7.0,6.8,7.2,7.2,7.1,7.4,7.5,7.5,7.4,7.7,7.8,7.7,7.8,7.8,8.0,8.1,8.1,7.9,8.2,8.1,8.3
028093,10.3,10.5,10.9,10.9,10.6,10.7,11.1,11.1,11.4,11.8,11.8,11.8,12.3,12.1,11.8,12.1,12.3,12.6,12.2,12.5,12.9,12.8,12.8,12.9,13.0
028094,7.0,7.0,7.1,7.3,7.4,7.4,7.5,7.5,7.2,7.3,7.7,7.6,7.8,7.9,7.7,7.9,7.8,7.8,8.0,7.8,8.1,7.9,8.0,8.1,8.0
028095,9.4,9.5,9.4,9.4,9.8,9.5,9.7,9.8,9.8,9.8,10.1,9.9,10.0,10.4,9.8,10.0,10.2,10.5,10.5,10.4,10.5,10.6,10.4,10.7,10.3
028096,8.1,8.5,8.1,8.2,8.2,8.6,8.7,8.6,8.8,9.2,9.5,9.4,9.4,9.4,9.4,10.1,9.8,9.9,10.4,10.1,10.3,10.4,10.3,10.4,10.7
028097,8.4,8.6,8.8,8.8,8.5,9.1,8.8,8.9,8.8,9.2,9.5,9.4,9.4,9.4,9.7,9.5,9.7,9.6,9.9,9.5,9.8,9.7,10.2,10.2,10.1
028099,9.8,9.5,9.6,9.7,9.5,9.9,9.9,9.7,9.7,10.3,10.4,10.3,10.3,10.3,10.4,10.5,10.4,10.5,10.9,10.7,11.2,10.9,11.2,11.0,11.0
028100,10.3,10.3,10.5,10.5,10.7,10.6,10.3,10.8,10.5,11.0,11.2,10.9,11.2,11.3,11.6,11.3,11.5,11.4,11.8,11.9,11.9,11.2,11.7,11.5,11.9
028101,8.6,8.3,8.5,8.6,8.7,8.8,8.6,8.5,8.8,8.8,8.8,8.9,9.0,9.1,8.9,9.3,8.9,9.2,9.1,9.3,9.3,9.1,9.0,9.0,9.2
028102,7.5,7.4,7.6,7.7,7.8,7.9,7.8,8.2,8.1,8.3,8.5,8.4,8.8,8.8,8.7,9.0,9.1,8.9,9.2,9.2,9.5,9.4,9.7,9.8,9.9
028103,9.6,9.6,9.6,9.8,9.7,9.6,9.6,9.5,9.5,10.4,10.1,10.0,9.9,10.2,9.9,10.4,10.1,9.9,9.8,10.2,10.2,10.0,10.0,10.0,10.1
028104,9.9,10.2,10.1,10.5,10.0,10.5,10.5,10.4,11.0,11.3,11.1,11.3,11.6,11.4,11.9,12.3,12.0,12.3,12.3,12.2,12.8,12.5,13.0,13.0,12.9
028105,7.3,7.2,7.3,7.3,7.2,7.1,7.0,7.1,7.0,7.3,7.4,7.1,7.4,7.1,7.4,7.3,7.5,7.2,7.1,7.1,7.3,7.3,7.2,7.1,7.1
028106,8.4,8.7,8.7,8.8,8.6,8.4,8.8,8.6,8.8,8.9,9.1,9.0,9.3,9.2,9.3,9.2,9.1,8.9,9.1,9.2,9.3,9.4,9.1,9.2,9.2
028107,8.6,8.6,8.7,8.4,8.7,8.8,9.0,9.1,8.9,9.2,9.6,9.3,9.6,9.7,9.9,9.8,9.8,9.6,9.9,10.2,10.6,10.4,10.2,10.5,10.5
028108,8.5,8.6,8.4,8.7,8.4,8.7,8.8,8.6,8.9,8.9,9.3,9.0,9.0,9.2,9.2,9.3,9.3,9.2,9.2,9.4,9.7,9.5,9.5,9.4,9.6
029001,7.6,8.0,7.8,7.9,7.9,8.0,8.1,8.1,8.2,8.5,8.4,8.6,8.6,8.6,8.8,8.8,8.7,8.8,9.1,8.9,9.0,9.0,9.1,9.3,9.4
029002,8.0,7.9,7.9,7.8,8.0,8.0,8.2,8.2,8.1,8.4,8.4,8.3,8.4,8.5,8.4,8.2,8.5,8.4,8.6,8.5,8.8,8.5,8.8,8.7,8.4
029003,9.3,9.3,9.3,9.2,9.5,9.6,9.3,9.6,9.8,10.0,10.5,10.3,10.1,10.3,10.3,10.7,10.8,10.8,10.6,10.8,11.2,11.0,10.8,10.9,11.3
029004,7.4,7.3,7.4,7.3,7.6,7.2,7.4,7.4,7.4,7.6,7.7,7.8,7.6,7.6,7.4,7.6,7.8,7.5,7.7,7.6,7.9,7.6,7.8,7.6,7.7
029005,7.8,8.1,8.3,8.1,8.4,8.4,8.5,8.5,8.4,8.8,8.9,9.1,9.1,9.2,9.2,9.4,9.6,9.6,9.6,9.9,10.0,9.8,10.0,10.2,10.4
029006,7.9,8.1,7.9,8.2,8.0,8.3,8.2,8.4,8.3,8.4,8.7,8.6,8.7,8.6,9.1,8.7,8.9,9.1,9.0,8.9,9.4,8.9,9.0,9.2,9.3
029007,9.1,9.0,9.2,9.1,9.3,9.1,9.3,9.0,9.5,9.4,9.5,9.7,9.6,9.3,9.5,9.2,9.7,9.8,9.6,9.5,9.8,9.4,9.5,9.4,9.4
029008,7.5,7.6,7.5,7.6,7.6,7.6,7.6,7.6,7.6,7.8,7.9,7.9,8.0,7.9,7.9,7.9,7.8,7.8,8.1,8.0,8.4,8.0,8.1,8.0,8.1
029009,9.3,9.0,9.1,8.9,9.4,9.5,9.4,9.4,9.3,9.7,9.4,10.0,9.9,9.9,10.4,9.9,10.0,10.1,9.8,10.0,10.1,10.4,10.3,10.3,10.2
029010,8.7,8.7,8.8,8.8,8.9,8.7,8.8,8.8,9.3,9.4,9.4,9.5,9.6,9.4,9.4,9.7,9.7,9.6,9.6,9.9,10.3,9.9,10.0,10.1,10.3
029011,7.7,8.1,8.0,8.1,8.2,7.9,8.2,7.9,8.1,8.7,8.5,8.6,8.6,8.4,8.6,8.7,8.6,8.8,8.7,9.0,9.4,9.1,8.9,9.2,9.2
029012,8.6,8.3,8.6,8.4,8.9,8.7,8.8,8.8,8.9,9.2,9.2,9.4,9.7,9.8,9.7,9.9,10.1,10.2,10.7,10.1,10.7,10.3,10.9,11.0,11.0
029013,8.5,8.8,8.9,9.0,9.0,9.1,9.2,9.5,9.4,9.6,9.9,10.1,10.4,10.2,10.5,10.5,10.5,10.8,10.5,11.0,10.8,11.0,11.0,11.3,11.5
029014,8.1,8.2,8.2,8.2,8.5,8.2,8.7,8.4,8.5,8.9,8.9,8.9,9.2,8.9,9.3,9.3,9.5,9.6,9.4,9.7,10.4,10.0,10.2,9.9,10.5
029015,10.2,10.5,10.4,10.3,10.8,11.0,10.8,11.1,11.3,11.8,11.9,11.6,11.9,11.9,12.1,12.7,12.2,12.5,12.6,12.3,13.2,12.7,12.9,13.1,13.5
029017,8.3,8.2,8.2,8.4,8.6,8.5,8.7,8.7,8.9,8.8,9.2,9.2,9.2,9.4,9.6,9.5,9.5,9.9,10.0,9.8,10.2,10.2,10.0,10.2,10.6
029018,8.0,8.2,8.3,8.3,8.3,8.3,8.3,8.5,8.6,8.7,8.9,8.9,9.1,9.2,9.2,9.3,9.2,9.4,9.5,9.7,9.8,9.5,9.9,9.8,9.7
029019,9.4,9.9,9.8,9.8,9.9,10.2,10.0,10.6,10.5,11.2,11.1,11.2,11.5,11.8,11.5,12.1,12.0,11.7,11.8,12.3,12.9,12.3,12.9,12.7,13.1
029021,6.4,6.5,6.7,6.6,6.8,6.9,6.9,7.0,7.1,7.2,7.2,7.5,7.3,7.6,7.6,7.8,7.9,7.9,8.0,8.0,8.4,8.3,8.4,8.4,8.7
029022,9.6,9.6,9.3,9.5,9.2,9.6,9.6,9.7,9.8,9.9,10.0,10.1,10.4,10.1,10.0,10.3,10.4,10.3,9.9,10.4,10.6,10.4,10.7,10.3,10.7
029023,8.4,8.1,8.3,8.4,8.4,8.1,8.4,8.4,8.4,8.8,8.6,8.6,8.6,8.8,8.5,8.8,8.6,8.6,8.7,8.7,8.9,8.8,8.8,8.7,9.1
029024,10.3,10.3,10.1,10.1,10.6,10.5,10.8,10.7,10.8,10.8,11.0,11.1,10.9,11.1,11.3,11.1,11.9,11.8,11.6,11.7,12.4,12.0,12.2,11.9,12.1
029025,7.2,7.4,7.5,7.7,7.6,7.6,7.7,7.8,7.7,8.0,8.1,8.1,8.0,8.1,8.4,8.0,8.1,8.3,8.4,8.3,8.5,8.4,8.6,8.6,8.4
029026,6.3,6.4,6.4,6.5,6.5,6.6,6.5,6.6,6.7,6.9,6.8,7.0,7.1,6.9,7.2,7.3,7.1,7.1,7.2,7.3,7.6,7.5,7.6,7.5,7.4
029027,6.8,7.0,7.2,7.3,7.3,7.1,7.2,7.2,7.3,7.6,7.8,7.7,7.8,7.8,8.0,7.7,8.0,7.9,8.0,8.0,8.4,8.2,8.2,8.2,8.3
029028,7.2,7.3,7.2,7.3,7.3,7.4,7.2,7.4,7.3,7.7,7.6,7.7,7.9,7.9,7.7,7.7,7.8,7.8,7.9,7.8,8.0,7.9,8.1,8.1,8.2
029029,8.5,8.8,8.7,8.8,9.1,8.7,8.6,8.9,8.9,9.1,9.0,9.3,9.4,9.4,9.6,9.1,9.5,9.6,9.5,9.5,9.7,9.6,9.6,9.9,9.5
029030,7.1,7.1,7.1,7.1,7.3,7.3,7.3,7.5,7.3,7.9,8.0,7.9,8.0,8.0,8.1,8.0,8.3,8.2,8.3,8.5,8.6,8.4,8.7,8.6,8.8
029031,7.4,7.8,7.7,7.7,7.8,7.8,8.0,7.8,8.1,8.3,8.3,8.5,8.5,8.5,8.4,8.9,8.5,8.8,8.9,8.8,9.2,9.1,8.9,9.1,9.1
029032,9.1,9.3,9.2,9.0,9.3,9.3,9.3,9.4,9.5,9.7,9.5,9.6,9.6,9.7,9.4,9.8,9.8,9.5,9.7,9.8,9.8,9.7,9.8,9.7,9.8
029033,9.4,9.5,9.5,9.4,9.5,9.5,9.7,9.6,9.4,10.3,10.1,10.2,10.3,10.4,10.3,10.3,10.4,10.7,10.5,10.6,10.8,10.4,11.2,11.1,10.9
029034,7.2,7.4,7.4,7.6,7.5,7.6,7.7,7.6,7.5,7.9,7.8,8.1,7.8,7.7,7.9,7.9,7.9,8.0,8.2,8.0,8.2,8.2,8.1,8.3,8.2
029035,7.7,7.9,7.8,7.7,7.8,7.7,7.8,7.7,7.6,7.9,8.0,8.2,8.0,8.1,8.3,8.0,7.9,7.9,8.2,8.2,8.1,8.0,8.2,8.0,8.1
029036,7.2,7.2,7.4,7.4,7.5,7.5,7.4,7.4,7.7,8.0,7.7,7.7,7.9,8.0,8.2,8.1,7.9,8.2,8.3,8.1,8.4,8.3,8.3,8.4,8.4
029037,8.2,8.6,8.5,9.0,8.8,9.1,9.2,9.2,9.2,9.7,9.8,9.9,10.3,10.1,10.6,10.7,10.8,11.1,10.9,11.3,11.6,11.2,11.8,11.7,11.8
029038,8.7,8.5,8.6,8.9,8.7,8.9,8.9,9.1,9.1,9.4,9.3,9.4,9.0,9.3,9.6,9.5,9.7,9.5,9.7,9.7,9.9,9.6,9.9,9.8,10.3
029039,8.5,8.6,8.7,8.9,8.9,8.8,8.9,9.1,9.0,9.5,9.2,9.4,9.6,9.6,9.6,9.8,9.7,9.7,9.8,9.7,10.1,9.9,10.0,10.2,9.9
029040,9.6,9.6,9.8,9.7,9.8,9.6,10.0,10.4,9.8,10.5,10.5,10.5,10.6,10.6,10.8,10.8,11.0,11.3,11.1,11.3,11.2,11.2,11.6,11.6,12.0
029041,7.9,7.7,7.9,7.8,8.0,8.1,8.1,8.0,8.0,8.4,8.4,8.4,8.4,8.3,8.5,8.5,8.6,8.6,8.6,8.4,8.6,8.4,8.9,8.8,8.5
029042,9.0,9.1,9.2,8.9,9.2,9.1,9.5,9.4,9.6,10.3,10.1,9.9,10.1,10.5,10.9,10.8,10.6,10.9,11.2,11.1,11.4,11.4,11.2,11.5,11.5
029043,8.1,8.2,8.4,8.3,8.3,8.4,8.3,8.1,8.2,8.6,8.5,8.7,8.7,8.5,8.6,8.7,8.6,8.7,8.7,8.7,9.2,8.9,8.9,8.8,8.8
029044,8.4,8.6,8.6,8.6,8.6,8.6,8.9,8.8,8.5,9.2,9.3,9.3,9.3,9.2,9.6,9.6,9.6,9.7,9.9,9.9,10.2,10.1,9.9,10.1,10.4
029045,8.1,8.3,8.1,8.3,7.9,8.3,8.3,8.5,8.6,8.7,8.6,9.0,9.0,9.0,8.9,8.9,9.2,8.8,9.0,9.0,9.4,8.9,9.1,9.3,9.5
029046,8.0,8.1,8.2,8.0,8.1,8.4,8.2,8.4,8.2,8.6,8.6,8.7,8.7,8.8,8.6,8.7,9.0,8.8,8.8,9.1,9.1,9.1,9.4,9.1,9.2
029047,9.1,8.9,8.8,8.7,8.8,9.1,8.9,9.1,9.2,9.6,9.6,9.5,9.5,10.0,9.9,10.1,9.7,10.2,10.1,10.2,10.2,10.2,10.1,10.5,10.5
029048,8.9,8.8,9.0,9.2,9.4,8.8,9.1,9.3,9.7,10.0,9.9,10.0,10.0,10.4,10.5,10.7,10.5,11.1,11.3,11.1,11.2,11.4,11.4,11.9,11.8
029049,9.6,9.8,9.7,9.9,9.9,9.6,10.0,10.2,10.0,10.7,10.9,10.7,10.8,10.9,10.7,10.9,11.2,11.1,11.0,10.9,11.3,11.3,11.2,11.5,11.8
029050,8.2,8.3,8.3,8.6,8.6,8.3,8.6,8.8,8.9,8.9,9.1,9.2,9.3,9.1,9.4,9.3,9.5,9.8,9.8,9.6,10.3,10.1,10.1,10.1,10.2
029051,8.4,8.7,8.5,8.8,8.6,8.6,8.7,8.7,8.8,9.2,8.8,9.2,9.4,9.3,9.3,9.2,9.5,9.5,9.6,9.8,9.8,9.7,9.8,9.8,10.1
029052,8.6,8.7,9.1,8.9,8.9,9.1,9.3,9.0,9.4,9.7,9.6,9.7,9.9,9.7,10.1,9.9,10.4,10.2,10.4,10.6,10.5,10.5,10.9,10.6,10.7
030001,7.1,7.0,7.1,7.2,7.3,7.2,7.1,7.5,7.6,7.9,7.7,7.8,7.5,7.8,7.9,8.1,8.2,8.1,8.2,8.2,8.3,8.2,8.4,8.4,8.4
030002,8.6,8.8,8.6,9.0,9.0,9.2,9.3,8.9,9.4,9.7,9.8,9.8,9.9,10.0,10.2,10.0,9.9,10.3,10.4,10.5,10.8,10.6,10.6,10.6,10.6
030003,8.4,8.5,8.2,8.5,8.3,8.6,8.4,8.5,8.5,8.7,9.1,8.7,8.8,8.8,9.1,9.2,8.9,9.1,9.2,9.0,9.5,9.5,9.3,9.4,9.3
030004,9.0,9.1,9.1,8.9,9.2,9.0,9.4,9.2,9.5,9.5,9.6,9.7,9.6,9.7,9.6,9.7,9.7,9.6,9.8,9.8,10.1,9.8,9.7,9.9,9.5
030005,7.3,7.2,7.4,7.4,7.5,7.6,7.3,7.4,7.6,7.8,7.9,7.9,7.8,8.0,7.9,7.8,7.9,8.0,7.9,8.0,8.1,8.1,8.3,8.1,8.3
030006,9.2,9.2,8.8,9.4,9.1,9.3,9.3,9.6,9.8,10.2,9.7,9.8,9.9,10.1,10.1,10.4,10.4,10.4,10.8,10.6,10.5,10.8,10.6,11.0,11.2
030007,7.9,7.7,7.8,7.9,7.8,7.5,7.8,8.0,7.9,8.3,8.0,8.2,8.1,8.1,8.0,8.1,8.1,8.3,7.9,7.9,8.2,7.9,7.9,7.9,8.0
030008,7.8,7.8,8.0,8.2,8.4,8.4,8.3,8.4,8.4,8.9,9.1,8.9,8.9,9.2,9.2,9.1,9.3,9.5,9.4,9.6,10.0,9.8,10.0,10.1,9.9
030009,10.0,9.9,10.2,10.0,10.2,10.3,10.6,10.7,11.1,11.5,11.3,11.4,11.7,11.6,11.9,12.2,12.4,12.1,12.4,12.5,13.0,13.0,12.5,13.1,13.6
030010,7.2,7.3,7.3,7.4,7.4,7.3,7.5,7.5,7.2,7.6,7.7,7.6,7.8,8.0,7.8,8.0,8.2,7.8,8.2,8.2,8.2,8.4,8.4,8.3,8.3
030011,8.9,9.3,9.4,9.1,9.6,9.5,9.8,9.5,9.9,10.2,10.6,10.5,10.3,10.7,10.8,11.0,11.1,11.2,11.3,11.9,12.3,11.8,11.8,11.7,11.9
030012,9.9,10.1,10.3,10.4,10.7,10.6,10.6,10.4,11.1,11.5,11.6,11.6,12.1,12.5,12.3,12.2,12.4,12.6,12.6,13.0,13.6,13.0,13.4,13.7,13.2
030013,7.4,7.3,7.2,7.3,7.1,7.1,7.2,7.4,7.3,7.4,7.6,7.5,7.8,7.6,7.5,7.5,7.5,7.6,7.6,8.0,8.0,7.9,7.6,7.6,7.7
030014,8.5,9.0,8.9,9.0,8.9,8.9,8.7,8.9,8.8,9.6,9.2,9.3,9.7,9.2,9.4,9.5,9.5,9.5,9.2,9.5,9.7,9.1,9.6,9.3,9.5
030015,9.2,9.3,9.5,9.5,9.7,10.0,9.9,10.1,10.3,10.4,10.7,11.1,11.0,11.3,11.0,11.1,11.7,11.5,11.8,11.9,12.4,12.0,12.3,12.4,12.3
030016,6.2,6.2,6.4,6.4,6.3,6.4,6.5,6.5,6.5,7.0,6.9,7.1,7.1,7.0,7.1,7.1,7.4,7.5,7.6,7.5,7.5,7.7,7.7,7.6,7.8
030018,8.7,8.9,8.8,9.0,9.1,9.2,9.1,9.4,9.6,10.0,9.9,10.1,10.1,9.9,10.3,10.4,10.5,10.6,10.7,10.7,10.8,11.2,11.1,11.3,11.0
030019,9.0,9.1,8.9,9.1,8.9,9.5,9.1,9.4,9.6,9.9,10.0,9.9,10.0,9.9,10.0,9.9,10.1,10.8,10.6,10.7,10.8,10.8,10.8,10.6,11.5
030020,8.6,8.5,8.6,8.8,8.7,8.6,8.7,8.7,8.4,8.9,8.8,8.8,8.7,8.9,8.9,8.7,8.8,8.7,8.8,9.0,8.7,8.5,8.5,8.7,8.7
030021,7.7,7.6,7.7,7.9,7.7,7.9,7.8,8.0,8.0,8.1,8.0,8.1,8.1,8.4,8.5,8.3,8.4,8.3,8.2,8.6,8.8,8.6,8.6,8.5,8.6
030022,7.1,7.2,7.1,7.2,7.5,7.2,7.3,7.5,7.2,7.5,7.6,7.4,7.6,7.7,7.6,7.5,7.7,7.5,7.6,7.6,7.9,7.7,7.7,7.8,7.7
030023,8.5,8.7,8.6,8.4,8.6,8.6,8.6,8.8,8.7,9.0,9.0,8.7,8.8,9.2,9.1,8.9,8.8,8.8,9.1,9.1,9.1,9.1,9.0,9.1,9.2
030024,7.8,8.0,8.1,8.3,8.2,8.1,8.4,8.7,8.6,9.0,9.2,9.0,9.1,9.2,9.3,9.3,9.4,9.5,9.8,9.5,10.0,10.0,9.8,10.2,10.2
030025,9.7,10.0,9.6,9.9,9.6,10.1,9.9,10.5,10.4,10.4,10.8,10.5,10.8,11.2,10.6,10.9,11.1,10.8,11.0,11.2,11.6,10.9,11.1,11.5,11.5
030026,10.2,10.2,10.1,10.2,10.3,10.2,10.7,10.7,10.6,11.2,11.2,11.3,11.5,11.5,12.3,12.1,12.2,11.8,12.5,12.5,12.8,12.1,12.1,12.8,13.1
030027,8.7,8.5,8.6,8.7,9.0,9.0,9.0,9.1,9.5,9.6,9.6,9.8,9.9,10.1,10.2,10.0,10.5,10.8,11.1,11.0,11.0,10.9,11.3,11.1,11.4
030028,8.7,8.7,8.9,8.6,8.5,9.0,8.9,8.8,8.8,9.3,9.2,9.5,9.3,9.4,9.7,9.3,9.6,9.5,9.2,9.6,9.4,9.3,9.7,9.8,9.6
030029,8.8,8.6,8.4,8.6,8.7,8.7,8.7,8.9,8.8,9.2,9.0,9.2,9.2,9.2,9.3,9.1,9.4,9.5,9.6,9.8,9.8,9.4,9.9,9.5,9.7
030030,9.7,10.1,10.2,10.1,10.6,10.5,10.5,10.4,11.0,11.1,11.1,11.1,11.4,11.5,11.5,12.0,11.8,12.0,12.4,12.4,12.4,12.7,12.5,12.9,12.9
030031,7.9,8.2,8.0,7.9,8.1,8.3,8.0,8.5,8.4,8.7,8.4,8.3,8.8,8.9,8.6,9.0,8.7,9.0,8.9,9.1,9.2,9.0,9.3,9.3,9.2
030032,9.0,8.9,8.9,9.1,9.1,8.9,8.9,9.2,9.2,9.4,9.6,9.5,9.5,9.8,9.9,9.5,9.7,9.7,9.9,9.9,10.2,10.0,10.2,9.8,10.1
030033,10.5,10.7,10.7,10.7,10.6,11.4,10.9,11.1,11.3,11.9,11.5,12.2,11.5,11.9,12.5,12.2,12.5,11.8,12.4,12.5,12.5,12.3,12.9,13.3,13.0
030034,9.0,9.1,9.0,9.5,9.4,9.7,9.6,9.5,9.6,9.7,10.1,10.0,10.5,10.5,10.4,10.4,10.4,10.6,10.6,10.8,10.6,11.0,11.1,11.1,10.7
030035,7.8,8.0,8.0,7.9,8.1,8.0,8.3,8.1,8.1,8.5,8.2,8.5,8.3,8.3,8.6,8.4,8.6,8.6,8.7,8.6,8.6,8.5,8.7,8.6,9.0
030036,6.5,6.9,6.5,6.6,6.6,6.9,6.6,6.9,6.7,7.1,7.1,7.1,7.1,7.2,7.1,7.2,7.4,7.3,7.4,7.6,7.6,7.4,7.5,7.5,7.7
030037,8.1,8.3,8.3,8.3,8.3,8.3,8.4,8.3,8.4,8.6,8.7,8.7,8.9,8.7,8.6,8.7,8.9,8.6,8.6,8.9,9.0,8.9,8.5,8.7,8.9
030039,8.6,8.4,8.7,8.8,8.8,9.2,9.0,9.2,9.1,9.5,9.7,9.9,10.1,9.9,10.1,10.0,10.2,10.3,10.3,10.8,11.3,10.6,11.0,11.0,11.1
030040,7.4,7.5,7.3,7.5,7.5,7.6,7.5,7.8,7.8,8.0,8.0,8.1,8.0,8.2,8.2,8.4,8.3,8.4,8.6,8.5,8.7,8.8,8.9,9.0,8.9
030041,9.5,9.7,9.6,9.6,9.8,9.8,9.9,10.0,10.3,10.4,10.5,10.6,10.8,10.7,10.8,10.7,10.9,11.0,11.3,11.1,11.1,11.3,11.3,11.1,11.1
030042,8.1,8.3,8.2,8.4,8.5,8.2,8.6,8.4,8.5,8.7,8.9,8.9,9.0,8.9,9.0,9.1,9.0,9.3,9.1,9.4,9.5,9.5,9.3,9.1,9.6
030043,7.5,7.4,7.5,7.8,7.8,7.8,7.9,8.1,8.1,8.4,8.4,8.6,8.9,8.7,8.9,8.9,8.7,9.0,9.3,9.5,9.6,9.6,9.3,9.6,10.2
030044,8.2,8.2,8.6,8.5,8.5,8.5,8.4,8.7,8.6,9.1,8.9,9.0,9.0,9.2,9.5,9.3,9.3,9.3,9.6,9.7,9.9,9.5,9.5,9.8,9.6
030045,8.0,8.7,8.5,8.4,8.6,8.6,8.8,8.5,8.4,8.9,9.1,8.9,8.9,9.3,9.0,9.4,9.1,9.3,9.2,9.0,9.6,9.5,9.4,9.5,9.5
030046,9.2,8.8,9.0,9.3,9.2,9.4,9.2,9.4,9.6,10.0,9.7,10.0,10.1,10.0,9.8,10.0,10.2,10.0,10.4,10.2,10.4,10.4,10.2,10.6,10.1
030047,8.1,8.0,8.0,8.3,8.3,8.5,8.1,8.1,8.4,8.5,8.5,8.6,8.6,8.7,8.9,8.8,8.8,9.0,8.9,9.1,9.2,8.9,8.9,9.1,9.3
030048,8.4,8.2,8.5,8.6,8.6,8.6,8.6,9.0,8.6,9.1,9.5,9.4,9.6,9.9,9.5,9.6,9.8,9.9,10.2,10.3,10.5,9.9,10.2,10.2,10.4
030049,11.0,10.3,11.0,10.5,10.8,10.5,10.5,10.9,11.0,11.1,11.1,10.8,10.7,10.9,10.6,11.1,11.1,11.0,11.0,11.4,11.5,11.3,11.5,11.2,11.6
030051,8.0,8.5,8.6,8.6,8.7,8.8,8.9,9.1,9.1,9.3,9.6,9.6,10.0,10.1,9.9,9.9,10.1,10.2,10.2,10.4,10.6,10.4,10.8,10.9,11.1
030052,9.8,10.1,10.2,10.3,10.0,10.1,10.4,10.3,10.5,10.8,10.9,11.2,11.1,11.4,11.3,11.3,11.2,11.8,11.6,11.8,12.2,11.8,12.1,11.9,12.2
030053,11.0,11.2,10.9,11.3,11.5,11.2,11.3,11.3,11.6,12.1,12.2,12.3,12.2,12.0,12.2,12.3,12.5,12.8,12.4,12.6,12.7,12.3,12.8,12.7,13.0
030054,7.1,7.4,7.3,7.4,7.2,7.3,7.4,7.6,7.4,7.9,8.0,7.9,8.1,7.9,7.9,8.2,8.2,8.3,8.4,8.5,8.3,8.4,8.6,8.6,8.7
030055,9.0,9.0,8.9,9.2,9.1,9.0,9.5,9.3,10.0,10.2,10.3,10.4,10.3,10.1,10.7,10.5,10.9,10.6,10.9,11.2,11.2,10.8,10.7,11.4,11.5
030056,9.6,9.3,9.6,9.5,9.7,9.5,9.5,9.6,9.8,10.5,10.5,10.5,10.7,10.7,10.7,10.4,10.8,11.0,11.0,11.2,11.1,11.2,11.7,11.5,11.8
030057,7.6,7.4,7.4,7.5,7.5,7.6,7.6,7.6,7.2,7.5,7.7,7.7,7.7,7.6,7.7,7.6,7.6,7.7,7.5,7.5,8.0,7.7,7.6,7.6,7.3
030058,8.8,8.8,9.0,8.9,9.0,9.1,9.4,9.5,9.3,9.9,9.9,9.8,10.0,10.2,10.1,10.4,10.3,10.4,10.5,10.7,10.9,10.8,10.7,11.0,10.9
030059,8.5,8.1,8.3,8.4,8.6,8.5,8.4,8.2,8.6,9.1,9.0,9.1,8.9,9.3,9.2,9.2,9.0,9.2,9.3,9.4,9.2,9.1,9.4,9.5,9.7
030060,11.0,11.2,11.0,11.2,11.3,11.5,11.1,11.0,11.3,11.7,11.5,12.0,11.7,12.5,12.0,12.3,12.4,11.9,12.4,12.8,12.9,12.5,12.8,12.6,12.9
030061,10.0,9.7,10.0,10.2,10.3,10.0,10.3,10.5,10.3,10.6,10.9,11.1,11.0,10.9,11.3,10.8,11.7,11.5,11.4,11.3,12.1,11.8,11.5,11.6,11.4
030062,7.9,8.0,8.1,7.9,8.2,8.2,8.0,8.3,8.2,8.4,8.6,8.6,8.5,8.7,8.7,8.7,8.9,8.6,9.0,8.9,9.1,9.0,9.1,9.1,8.9
030063,7.9,8.0,7.9,8.0,8.1,7.8,8.1,8.0,8.3,8.2,8.3,8.5,8.5,8.6,8.4,8.7,8.5,8.6,8.9,8.9,8.9,8.7,8.7,8.9,8.6
030064,8.6,8.7,9.0,8.9,9.1,9.1,9.2,9.6,9.6,10.0,10.2,10.2,10.5,10.7,10.9,10.9,11.0,11.1,10.9,11.3,11.8,12.0,12.2,11.8,12.4
030065,8.1,8.1,8.3,8.3,8.2,8.5,8.2,8.2,8.7,8.7,8.9,8.9,9.0,9.2,8.9,9.2,9.0,9.3,9.5,9.2,9.6,9.3,9.5,9.6,9.7
030066,8.7,8.9,8.8,8.8,8.8,8.9,8.8,8.9,9.4,9.4,9.3,9.4,9.2,9.5,9.5,9.5,9.3,9.8,9.4,9.5,10.0,9.6,9.7,9.6,9.9
030067,8.3,8.4,8.5,8.6,8.4,8.6,8.5,8.6,8.5,8.8,9.1,9.3,9.0,9.1,9.2,9.2,9.2,9.1,9.2,9.2,9.5,9.2,9.3,9.2,9.7
030068,8.1,8.2,8.4,8.4,8.3,8.7,8.5,8.6,8.7,8.7,8.8,8.9,9.0,9.0,9.5,9.6,9.4,9.2,9.4,9.5,9.6,9.4,9.8,9.7,9.7
030069,10.0,10.3,10.1,10.4,10.5,10.3,10.3,10.0,10.1,10.5,10.7,10.7,10.4,10.8,10.6,10.5,11.0,10.6,10.8,10.5,10.8,10.7,10.6,10.3,10.5
030070,8.1,8.0,8.3,8.2,8.3,8.2,8.2,8.2,8.4,8.9,8.5,8.7,8.7,8.5,8.9,8.8,8.9,8.8,9.0,8.9,8.9,9.1,8.9,8.9,8.9
030071,7.7,7.9,7.7,8.1,8.2,8.1,8.2,8.2,8.2,8.6,8.7,8.7,9.0,8.7,9.0,9.3,9.3,9.4,9.6,9.3,9.7,9.6,9.8,9.7,10.1
030072,7.6,7.9,7.5,7.6,7.8,7.8,7.9,7.8,7.7,8.1,8.1,8.0,8.0,8.2,8.1,8.3,8.2,8.0,8.0,8.2,8.2,8.0,8.2,8.1,8.2
030073,8.1,8.2,8.2,8.2,8.4,8.4,8.7,8.8,8.6,9.1,9.2,9.2,9.2,9.5,9.4,9.5,9.6,9.6,9.8,9.6,10.2,10.1,10.3,10.4,10.3
030074,8.0,8.1,8.0,8.2,8.1,8.3,8.6,8.7,8.6,9.1,9.1,9.3,9.4,9.4,9.6,9.8,9.7,10.0,10.2,9.9,10.6,10.4,10.8,10.8,11.1
030075,7.4,7.4,7.6,7.6,7.7,7.6,7.4,7.9,7.6,8.0,8.0,8.3,8.1,8.2,8.2,8.2,8.5,8.3,8.4,8.2,8.9,8.3,8.8,8.4,8.6
030076,8.8,9.1,9.2,9.2,9.0,9.0,9.1,9.1,9.4,9.4,9.4,9.3,9.8,9.5,9.6,9.7,10.0,9.9,9.9,10.0,10.0,9.9,9.9,10.1,10.2
030077,7.6,7.5,7.6,7.6,7.4,7.5,7.7,7.6,7.6,7.7,8.0,7.8,7.8,7.7,7.9,7.6,7.9,7.7,7.6,7.6,7.8,7.7,7.8,7.8,7.8
030078,6.8,6.8,6.9,6.8,7.0,6.8,6.8,6.8,6.8,6.9,7.0,6.9,6.9,6.9,7.0,7.0,7.0,6.8,6.8,6.8,6.8,6.8,6.9,6.8,6.7
030079,8.2,8.7,8.5,8.5,8.7,8.6,8.6,8.7,8.8,8.8,9.0,8.9,9.0,9.5,9.3,9.4,9.3,9.6,9.4,9.5,9.7,9.5,9.9,9.5,9.9
030080,8.1,8.2,8.3,8.6,8.4,8.6,8.8,8.8,9.0,9.2,9.2,9.4,9.3,9.5,9.2,9.7,9.5,9.8,9.7,9.9,10.5,10.3,10.3,10.2,10.4
030081,9.8,9.9,10.3,10.0,10.4,10.8,10.5,10.6,10.5,11.3,11.6,11.4,11.3,11.5,11.8,11.7,12.0,12.5,12.0,12.3,12.8,12.4,12.4,12.7,12.6
030082,8.6,8.6,9.0,9.0,8.8,9.4,8.9,9.1,9.1,9.5,9.7,9.7,9.7,9.8,9.7,10.0,10.0,10.3,10.4,10.4,10.5,10.4,10.4,10.6,10.8
030083,8.7,8.4,8.8,8.5,8.7,9.0,8.7,8.7,8.7,9.4,8.9,9.4,9.3,9.1,9.0,9.3,9.0,9.0,9.0,9.2,9.5,9.3,9.2,9.3,9.1
030084,8.6,8.7,8.8,9.1,9.1,9.3,9.1,9.3,9.5,9.8,10.0,9.8,10.3,10.3,10.3,10.7,10.9,11.0,10.7,11.0,11.6,11.3,11.4,12.0,11.8
030085,9.1,9.4,9.0,9.0,9.3,9.2,9.2,9.3,9.6,9.8,9.9,10.0,10.0,9.6,10.2,9.9,10.2,10.6,10.3,10.3,10.6,10.2,10.1,10.8,10.6
030086,10.3,10.1,10.3,10.2,10.1,10.0,10.0,10.1,10.1,10.6,10.5,10.4,10.4,9.9,10.4,9.8,10.2,10.5,10.2,10.2,10.6,10.3,10.3,10.1,9.5
030087,8.6,8.9,8.7,8.6,8.8,8.8,8.9,9.1,9.3,9.3,9.5,9.6,9.6,9.8,9.9,9.7,10.0,10.2,10.0,10.4,10.6,10.3,10.4,10.1,10.8
030088,8.8,9.1,9.0,8.9,9.1,9.2,9.0,9.4,9.7,9.5,9.6,10.0,10.3,10.0,10.0,10.1,10.4,10.3,10.4,10.4,10.6,10.6,10.7,10.8,10.8
030089,7.9,8.0,8.0,8.2,8.4,8.3,8.4,8.3,8.4,8.5,8.6,8.6,8.5,8.7,9.1,9.2,9.1,9.0,9.0,9.0,9.5,9.0,9.0,9.2,9.1
030090,7.0,7.1,7.1,7.1,7.1,7.5,7.4,7.2,7.4,7.6,7.7,7.6,7.7,7.6,7.7,7.6,7.8,7.9,7.7,7.8,7.8,7.8,7.8,7.9,8.0
030091,8.8,8.7,9.0,9.1,9.3,9.2,9.3,9.1,9.2,9.7,9.6,9.6,9.7,10.0,9.6,9.6,9.9,9.9,10.1,10.0,10.3,10.2,10.0,10.4,10.5
030092,9.4,9.5,9.5,9.6,9.9,10.3,10.1,10.1,10.4,11.1,11.1,11.0,11.8,11.5,11.2,11.8,11.4,12.1,12.0,12.5,12.5,13.1,13.0,13.0,13.3
030093,9.8,9.9,9.9,10.1,10.0,10.3,10.3,10.3,10.3,10.5,10.7,11.2,11.1,11.2,11.6,11.4,11.3,11.5,11.9,12.0,12.3,11.8,12.1,11.9,12.2
030094,8.2,8.1,8.2,8.1,8.3,8.2,8.3,8.3,8.5,8.7,8.7,9.4,9.0,9.0,9.0,9.0,9.0,9.4,9.0,9.2,9.6,9.3,9.4,9.2,9.5
030095,8.3,8.2,8.4,8.2,8.5,8.5,8.7,8.8,8.8,9.2,9.3,9.5,9.6,9.8,9.8,9.8,10.0,10.3,10.1,10.6,10.8,10.7,10.4,11.2,10.8
030097,10.3,10.8,10.7,10.8,11.0,11.2,11.2,11.2,11.3,11.5,12.0,11.9,12.1,12.5,12.7,12.7,12.5,12.6,13.2,13.1,13.8,13.5,13.6,13.6,13.9
030098,8.8,8.9,9.1,9.1,9.1,9.2,9.2,9.4,9.4,9.9,9.8,10.1,9.9,10.3,10.4,10.6,10.2,10.6,10.3,10.6,10.9,10.9,11.1,10.9,10.8
030099,8.3,8.3,8.4,8.7,8.8,8.7,8.8,8.6,9.1,9.0,9.2,9.4,9.5,9.5,9.9,9.6,9.7,10.2,9.6,9.8,9.8,10.3,10.3,10.6,10.4
030100,9.2,9.2,9.5,9.5,9.8,10.1,9.7,9.9,10.3,10.5,10.6,11.2,10.8,11.1,11.1,10.9,11.0,10.9,11.2,11.9,12.2,11.8,11.7,11.7,12.1
030101,9.8,9.8,9.7,9.8,9.9,10.0,10.1,9.5,9.7,10.1,10.1,10.1,10.2,10.2,10.2,10.4,10.4,10.3,10.2,10.3,10.4,10.0,10.3,10.5,9.9
030102,8.3,8.3,8.7,8.7,8.6,8.7,8.9,8.8,8.8,9.1,9.1,9.4,9.4,9.4,9.5,9.3,9.9,10.0,10.0,9.8,10.3,10.0,10.1,10.0,10.1
030103,8.3,8.2,8.1,8.4,8.2,8.6,8.1,8.3,8.3,8.6,8.9,8.9,8.4,8.5,8.5,8.7,8.5,8.3,8.9,8.6,8.7,8.5,8.9,8.6,8.6
030104,7.3,7.0,7.2,7.3,7.4,7.5,7.6,7.8,7.8,7.9,8.1,8.4,8.6,8.2,8.5,8.7,8.8,8.8,8.9,9.1,9.5,9.0,9.5,9.4,9.5
030105,9.6,9.3,9.5,9.5,9.4,9.8,9.9,9.6,10.0,10.6,9.8,10.2,10.5,10.1,10.1,10.4,10.5,10.6,10.6,10.9,11.2,10.9,10.7,11.0,11.4
030106,8.7,8.7,8.8,8.9,9.2,9.0,9.0,9.2,9.4,9.5,9.7,9.9,9.8,9.9,9.6,10.0,10.1,10.1,10.1,10.3,10.3,10.2,10.8,10.1,10.5
030107,7.9,8.2,8.1,7.9,8.2,8.3,8.1,8.5,8.5,8.7,9.0,9.0,9.0,9.0,9.0,9.3,9.5,9.3,9.4,9.3,9.9,9.8,9.6,9.6,9.7
030108,8.6,8.8,8.5,8.8,9.1,9.3,8.9,9.6,9.5,9.7,10.0,10.0,10.4,10.5,10.4,10.3,10.8,10.6,10.9,11.0,11.5,11.0,11.4,11.3,11.4
030109,10.0,10.2,9.9,10.4,10.4,10.3,10.7,11.0,10.9,11.5,11.7,11.9,11.5,11.6,11.9,12.3,12.6,12.3,12.5,12.8,13.6,13.2,13.5,13.4,13.5
030110,8.9,9.1,9.3,9.0,9.7,9.7,9.6,9.8,9.9,10.2,10.4,10.2,10.5,10.8,10.7,10.8,10.5,10.7,11.2,11.4,11.5,11.3,11.3,11.6,11.3
030111,10.4,10.5,10.9,10.8,10.6,10.8,11.2,11.4,11.0,11.5,11.1,11.5,11.3,11.5,12.0,11.6,12.1,11.6,11.4,11.7,12.1,11.9,12.0,12.0,12.5
030112,7.3,7.2,7.5,7.4,7.7,7.5,7.7,7.8,7.9,8.4,8.1,8.1,8.4,8.2,8.7,8.6,8.4,9.0,8.7,9.0,9.4,9.0,9.2,9.3,9.3
030113,9.0,9.1,9.4,9.4,9.3,9.4,9.8,9.8,10.1,10.7,10.8,10.8,10.7,10.8,10.9,11.2,11.2,11.6,11.5,11.9,11.8,12.3,12.5,12.8,12.0
030114,8.8,8.9,8.8,8.9,8.8,8.8,9.1,9.2,9.2,9.4,9.4,9.1,9.5,9.5,9.5,9.2,9.3,9.4,9.4,9.4,9.5,9.2,9.3,9.3,9.8
030116,8.1,7.9,8.1,8.0,8.0,8.3,8.3,8.2,8.3,8.7,8.8,8.8,8.8,8.9,8.9,9.1,8.9,9.1,9.1,9.2,9.2,9.3,9.4,9.5,9.7
030117,7.9,7.8,8.0,8.1,8.2,8.1,8.2,8.5,8.4,8.5,8.8,8.5,8.7,8.7,8.8,9.0,8.9,8.9,9.2,9.3,9.2,9.3,9.2,9.2,9.3
030118,8.7,8.7,8.7,8.8,8.9,8.6,9.3,9.2,9.4,9.4,9.7,9.5,9.8,9.8,9.9,10.2,9.9,10.5,10.5,10.3,10.4,10.4,10.8,11.1,10.8
030120,7.7,7.7,7.9,8.0,8.0,8.1,8.2,8.2,8.2,8.6,8.7,8.6,8.7,8.8,8.6,9.2,9.0,9.1,9.7,9.1,9.2,9.4,9.5,9.9,9.7
030121,9.2,9.1,9.4,9.5,9.5,9.6,9.8,9.8,9.6,10.1,10.2,10.4,10.5,10.7,10.6,10.5,10.9,10.9,10.7,11.1,11.3,11.0,11.2,10.9,11.3
030122,8.6,8.6,8.7,8.8,8.9,8.9,9.1,9.0,9.1,9.4,9.5,9.6,9.6,9.8,9.8,9.8,9.7,9.8,10.0,10.2,10.4,10.1,9.9,10.5,10.3
030123,8.6,8.4,8.5,8.7,8.9,8.8,9.0,8.9,9.1,9.2,9.2,9.5,9.7,9.7,9.5,9.8,9.7,10.1,10.0,10.0,10.4,10.0,10.4,10.2,10.2
030124,10.0,9.8,10.3,10.0,9.9,10.3,10.4,10.5,10.7,11.1,11.4,11.6,11.1,11.3,11.8,11.4,11.8,12.1,11.8,12.5,12.9,12.7,12.7,13.0,13.0
030126,9.1,8.9,9.3,9.2,9.1,9.4,9.5,9.5,9.5,9.8,10.2,10.1,10.3,10.6,10.4,10.7,11.0,10.7,11.1,10.6,11.4,11.2,11.3,11.7,11.4
030127,8.7,8.6,8.7,8.8,8.9,8.7,9.1,8.9,9.0,9.5,9.1,9.8,9.4,9.6,9.6,9.7,9.7,10.0,10.3,9.8,9.8,10.1,10.3,10.1,10.0
030128,8.5,8.4,8.5,8.4,8.4,8.4,8.6,8.7,9.0,8.9,8.9,9.2,9.2,9.2,9.5,9.3,9.3,9.5,9.3,9.7,9.8,9.8,9.7,9.8,10.1
030129,8.3,8.7,8.7,8.8,8.6,8.8,8.9,8.9,8.6,9.1,9.2,9.1,9.2,9.3,9.1,9.1,9.3,9.3,9.2,9.4,9.5,9.5,9.4,9.3,9.4
030130,8.2,8.1,8.3,8.4,8.3,8.3,8.5,8.9,8.9,9.0,9.3,9.5,9.4,9.6,9.6,9.8,9.6,9.8,9.9,10.2,10.3,10.3,10.5,10.7,10.7
030131,8.4,8.6,8.7,8.9,8.6,8.8,9.0,9.0,9.2,9.3,9.4,9.7,9.5,10.0,9.4,9.8,10.0,10.2,10.3,10.6,10.8,10.9,10.9,10.7,10.8
030132,8.8,9.0,9.2,9.3,9.2,9.1,9.4,9.3,9.5,10.1,10.0,10.1,10.3,10.2,10.3,10.2,10.2,10.1,10.5,10.4,10.8,10.4,10.8,10.5,10.7
030133,7.6,7.7,7.6,7.8,7.7,7.9,7.7,8.0,8.0,8.3,8.5,8.3,8.3,8.6,8.8,8.5,8.7,8.8,8.8,8.9,9.1,8.8,8.8,9.2,9.0
030135,9.1,8.9,8.6,8.8,8.9,8.9,9.2,9.1,9.4,9.7,9.8,9.8,9.7,10.0,10.1,10.0,10.2,10.1,10.3,10.4,10.5,10.3,10.6,10.3,10.6
030136,8.5,8.2,8.4,8.7,8.4,8.6,8.1,8.7,8.7,8.8,9.0,9.0,9.0,9.1,8.8,9.2,9.0,8.9,9.1,9.0,9.3,9.2,9.0,9.0,9.1
030137,9.2,9.6,9.3,9.6,9.5,9.9,9.9,9.7,10.0,9.9,10.2,10.5,10.3,10.2,10.6,10.9,10.7,10.6,10.9,10.7,11.2,10.5,10.8,11.0,11.1
030138,8.2,8.2,8.2,8.5,8.4,8.2,8.4,8.3,8.7,8.9,9.0,9.2,9.0,8.9,9.3,9.4,9.1,9.4,9.4,9.3,9.5,9.8,9.7,9.5,10.0
030188,7.8,8.0,8.1,8.2,8.3,8.5,8.6,8.4,8.6,9.2,9.5,9.4,9.4,9.4,9.3,9.9,9.8,9.9,9.9,9.9,10.2,10.2,10.6,10.2,10.6
030189,8.2,8.5,8.7,8.5,8.8,8.9,8.9,8.9,8.8,9.3,9.4,9.6,9.6,9.6,9.6,9.6,9.4,9.8,9.6,9.7,10.1,9.8,9.9,10.0,9.9
030190,7.8,7.8,7.9,7.9,7.8,8.0,8.0,8.0,8.0,8.3,8.3,8.3,8.4,8.3,8.7,8.3,8.4,8.5,8.5,8.5,8.7,8.7,8.6,8.7,8.8
030191,7.4,7.6,7.5,7.8,7.8,7.7,7.7,7.7,7.7,8.0,8.1,8.3,8.3,8.2,8.2,8.3,8.3,8.5,8.7,8.7,8.9,8.5,8.7,8.7,8.7
031001,10.6,10.5,10.8,10.6,10.8,10.7,10.7,10.8,10.3,11.5,11.1,11.1,11.4,11.6,11.3,11.1,11.5,11.3,11.5,11.5,11.6,11.4,11.4,11.7,11.5
031002,6.9,6.7,6.9,6.8,6.9,6.8,6.9,7.1,7.0,7.2,7.4,7.5,7.5,7.4,7.5,7.6,7.4,7.6,7.7,7.5,7.6,7.8,7.6,7.8,7.9
031003,8.4,8.5,8.4,8.5,8.5,8.6,8.7,8.9,8.8,9.3,9.4,9.3,9.2,9.7,9.5,9.3,9.7,9.8,10.1,10.0,10.4,10.2,10.5,10.3,10.7
031004,8.9,8.7,8.8,8.8,9.0,8.9,9.0,9.3,9.1,9.8,9.3,9.4,9.5,9.7,9.4,9.7,9.8,9.7,9.9,9.9,10.3,9.8,9.7,10.2,10.2
031005,6.7,6.8,6.6,6.7,7.0,7.1,7.3,7.0,7.3,7.4,7.5,7.5,7.4,7.6,7.6,7.6,7.7,8.0,7.8,7.8,8.1,8.0,8.0,8.0,8.4
031006,9.5,9.6,9.3,9.6,9.6,10.1,9.9,10.0,10.0,10.3,10.5,10.3,10.8,10.4,10.9,10.4,11.0,10.9,10.9,10.9,11.5,10.8,11.3,11.0,11.4
031007,8.3,8.2,8.5,8.6,8.5,8.8,8.6,9.0,8.9,9.1,9.5,9.6,9.6,9.7,9.7,9.8,10.0,10.0,10.0,10.1,10.3,10.4,10.5,10.3,10.9
031008,8.2,8.3,8.6,8.4,8.5,8.5,8.6,8.9,8.7,9.1,9.2,9.2,9.3,9.4,9.5,9.6,9.5,9.7,9.7,9.7,10.2,10.1,10.3,10.4,10.2
031009,7.4,7.5,7.6,7.5,7.3,7.5,7.6,7.5,7.3,7.5,7.5,7.7,7.6,7.6,7.5,7.6,7.6,7.8,7.6,7.6,7.7,7.5,7.4,7.5,7.5
031010,9.4,9.6,9.5,9.4,9.6,9.8,9.6,9.4,9.6,10.1,10.1,9.8,9.9,9.7,10.3,10.0,10.2,10.2,10.0,9.9,10.1,10.1,10.0,9.9,10.0
031011,7.7,7.7,7.8,8.1,8.0,8.0,8.1,8.1,8.4,8.3,8.7,8.9,8.9,8.7,9.0,9.0,9.2,9.3,9.3,9.5,9.8,9.6,9.5,9.5,9.7
031012,9.2,9.4,9.3,9.4,9.2,9.5,9.6,9.6,9.6,9.9,9.7,10.1,10.2,9.9,9.8,9.8,10.2,10.1,10.3,9.9,10.6,10.0,10.0,10.1,10.2
031013,9.3,9.1,8.9,9.1,9.1,9.2,9.2,9.2,9.2,9.7,9.4,9.7,9.6,9.9,10.0,9.8,10.0,10.2,9.9,10.1,10.5,10.1,10.3,10.2,10.1
031014,7.7,8.1,7.8,7.9,8.2,8.1,8.4,8.2,8.5,8.6,8.5,8.9,8.8,9.0,8.9,8.8,9.1,8.9,9.3,9.1,9.2,9.2,9.5,9.5,9.5
031015,8.4,8.3,8.5,8.2,8.3,8.6,8.5,8.4,8.7,8.6,8.6,8.8,8.7,8.7,9.0,8.8,8.9,8.9,8.8,8.8,9.1,8.8,8.6,8.7,8.8
031016,7.6,7.6,7.8,7.8,7.8,7.8,7.8,8.0,7.9,8.3,8.2,8.5,8.4,8.4,8.3,8.7,8.4,8.8,8.9,8.8,9.0,8.9,8.6,8.8,8.8
031017,9.1,8.8,9.0,9.3,9.0,9.0,9.2,9.1,8.9,9.3,9.4,9.3,9.2,9.4,9.5,9.3,9.2,9.4,9.3,9.0,9.9,9.1,9.5,9.5,9.3
031018,9.4,9.6,9.3,9.6,9.6,9.9,9.7,9.8,9.5,10.3,10.1,10.4,10.2,10.4,10.6,10.6,10.5,10.5,10.9,10.4,11.1,11.0,11.2,11.0,10.7
031019,9.5,9.5,9.4,9.4,9.8,9.6,9.5,9.6,9.9,9.9,10.0,10.2,10.0,10.2,10.1,10.2,10.5,10.3,10.8,10.7,10.8,11.1,10.8,10.8,11.0
031020,10.9,10.8,10.8,11.4,11.1,11.4,11.5,11.3,11.6,12.1,12.1,12.1,11.8,12.6,12.4,12.5,12.3,12.9,12.8,12.5,13.4,13.0,13.3,13.1,13.3
031021,9.8,9.5,9.5,9.9,9.9,9.7,9.8,10.2,10.2,10.4,10.7,10.4,10.8,10.6,10.6,11.0,11.0,10.8,10.7,11.3,11.6,11.6,11.3,11.3,11.5
031022,7.5,7.6,7.7,7.6,7.9,7.9,7.9,7.9,7.8,8.1,8.5,8.1,8.2,8.4,8.3,8.5,8.3,8.5,8.4,8.5,8.7,8.5,8.5,8.7,8.4
031023,7.7,8.0,8.0,8.1,8.1,8.2,8.3,8.5,8.4,8.6,8.8,8.9,9.0,9.7,9.2,9.2,9.2,9.4,9.8,9.6,9.9,10.0,9.9,10.0,10.0
031024,8.5,8.5,8.7,8.8,8.6,8.9,8.9,9.1,8.9,9.2,9.2,9.4,9.4,9.6,9.5,9.2,9.7,9.7,9.4,9.5,9.7,9.6,9.7,9.9,10.0
031025,9.6,9.4,9.2,9.5,9.4,9.5,9.7,9.8,10.2,10.8,10.0,10.5,10.4,10.8,10.7,10.9,10.6,10.8,11.1,11.1,11.0,11.0,11.6,11.5,11.6
032001,8.7,8.9,8.9,9.1,9.3,9.0,9.1,9.0,9.1,9.6,9.6,9.6,9.7,9.6,9.7,9.7,9.9,9.9,10.0,10.0,10.3,10.1,9.4,10.4,9.8
032002,7.9,8.1,8.1,8.3,8.2,8.2,8.2,8.2,8.2,8.6,8.7,8.7,8.7,8.4,8.8,8.8,8.8,8.7,8.9,8.7,9.1,9.0,9.0,8.7,8.7
032003,9.2,9.5,9.7,10.0,9.7,9.8,9.8,9.7,9.6,10.4,10.0,10.5,10.6,10.3,10.5,10.9,10.5,10.9,11.1,11.1,11.6,11.5,11.7,11.6,11.8
032004,9.7,9.5,9.9,9.9,9.8,10.0,10.1,10.0,10.3,10.8,10.7,10.5,10.8,10.9,10.9,11.0,11.5,11.7,11.3,11.8,12.2,11.9,11.8,11.9,12.2
032005,7.9,7.9,7.9,8.1,8.0,8.3,8.3,8.4,8.5,9.1,9.0,9.3,9.4,9.4,9.6,9.8,10.0,10.2,10.4,10.2,10.4,10.6,10.4,10.3,11.0
032006,9.4,9.3,9.7,9.8,9.7,9.7,10.0,10.0,10.1,10.4,10.4,10.5,10.6,10.7,10.8,10.5,11.0,11.2,11.0,11.5,11.5,11.6,11.5,11.7,11.5
033001,7.6,7.5,7.8,7.8,8.0,7.7,8.0,7.9,8.0,8.1,8.2,8.4,8.2,8.3,8.4,8.4,8.2,8.3,8.6,8.4,8.7,8.5,8.4,8.3,8.4
033002,8.2,8.4,8.7,8.8,8.6,8.5,8.5,8.7,8.5,8.8,8.8,8.9,8.9,9.1,8.7,8.9,9.1,8.9,9.2,9.0,9.2,8.8,9.1,9.2,9.1
033003,8.4,8.1,8.2,8.3,8.1,8.1,8.5,8.3,8.4,8.4,8.8,8.6,8.8,8.8,9.4,8.8,8.9,9.1,8.8,9.3,9.3,9.1,9.1,9.0,9.1
033004,8.1,8.3,8.2,8.3,8.2,8.4,8.3,8.6,8.6,8.9,8.9,8.8,9.1,9.0,9.1,9.2,9.2,9.0,9.2,9.5,9.5,9.3,9.7,9.3,9.8
033005,9.2,9.3,9.2,9.6,9.6,9.6,9.4,9.6,9.7,10.1,10.3,10.4,10.5,10.6,10.4,10.6,10.9,11.1,10.9,11.0,11.6,11.7,11.2,11.5,11.7
033006,8.6,8.5,8.5,8.7,8.7,8.7,8.8,8.9,8.8,9.0,9.3,9.5,9.9,9.6,9.4,9.7,9.7,10.0,9.9,9.8,10.2,10.1,10.1,10.3,10.2
033007,9.0,8.7,8.6,8.9,8.9,8.9,9.0,8.9,9.0,9.1,9.4,9.3,9.5,9.6,9.3,9.4,9.3,9.7,9.6,9.5,9.9,9.2,9.6,9.6,9.9
033008,7.9,7.9,7.9,7.9,8.0,8.2,7.9,8.2,8.2,8.6,8.5,8.8,8.4,9.0,8.9,9.0,9.2,9.0,9.3,9.1,9.7,9.5,9.7,9.4,9.6
033010,7.5,7.7,7.8,7.9,7.7,8.0,7.9,8.2,7.9,8.5,8.7,8.6,8.8,8.5,8.8,8.9,8.9,9.0,9.3,9.2,9.5,9.7,9.6,9.6,9.7
033011,8.3,8.2,8.3,8.4,8.9,8.8,9.0,8.7,8.9,9.1,9.1,9.2,9.3,9.2,9.1,9.5,9.4,9.4,9.6,9.6,9.8,9.7,10.1,9.7,10.0
033012,8.1,8.2,8.4,8.2,8.1,8.3,8.4,8.4,8.6,8.7,8.7,8.8,9.0,8.9,8.9,9.1,9.0,9.1,9.0,9.1,9.1,8.8,8.9,9.2,8.9
033013,9.5,10.0,9.4,9.7,9.9,10.1,9.9,9.9,9.6,10.2,10.3,10.0,10.3,10.5,10.4,10.7,10.6,10.6,10.6,10.7,11.1,10.8,10.8,10.7,10.7
033014,8.9,8.9,8.8,9.0,8.7,8.8,8.9,9.2,8.9,9.6,9.4,9.2,9.2,9.5,9.4,9.5,9.6,9.5,9.5,9.6,9.9,9.6,9.5,9.8,9.5
033015,7.3,7.2,7.4,7.4,7.7,7.8,7.9,7.9,7.9,8.0,8.3,8.4,8.5,8.3,8.2,8.4,8.5,8.7,8.8,8.9,9.2,9.0,9.0,9.1,9.3
033016,7.1,7.1,7.0,7.0,6.9,7.0,7.1,7.3,7.1,7.5,7.4,7.6,7.6,7.5,7.6,7.8,7.5,7.8,7.5,7.8,7.9,7.9,7.8,8.2,8.0
033017,8.4,8.7,8.5,8.8,8.5,8.8,8.9,9.0,9.1,9.4,9.3,9.6,9.8,9.7,9.9,10.0,10.1,10.2,10.2,10.3,10.6,10.4,10.8,11.0,10.9
033018,8.4,8.3,8.4,8.5,8.5,9.1,8.9,8.8,9.0,9.3,9.2,9.6,9.6,9.5,9.5,9.7,9.8,9.7,9.7,9.9,10.3,10.2,10.1,10.2,10.3
033019,8.3,8.4,8.5,8.4,8.3,8.7,8.7,8.7,8.7,8.9,9.1,9.2,9.2,9.1,9.3,9.5,9.5,9.7,9.4,9.6,9.7,9.2,9.8,9.7,9.7
033020,7.8,7.9,8.0,8.1,7.8,8.1,8.3,7.9,8.2,8.4,8.6,8.5,8.4,8.7,8.7,8.5,8.8,8.7,8.6,8.9,8.8,8.7,9.1,8.7,9.0
033021,8.8,9.0,9.1,8.9,8.9,9.0,9.2,9.4,9.3,9.5,10.0,10.0,9.9,10.0,10.3,10.2,10.5,10.2,10.6,10.6,10.8,10.6,10.7,10.6,10.8
033022,8.9,9.1,8.9,9.4,9.1,8.9,9.3,9.2,9.2,9.6,9.7,9.8,9.7,9.5,9.6,9.5,9.7,9.9,9.7,10.0,10.1,9.8,9.9,9.8,9.7
033023,10.6,10.5,10.7,10.4,10.7,10.7,10.8,10.8,11.2,11.8,11.7,12.0,11.7,12.1,12.9,12.3,12.7,12.7,12.5,12.8,13.0,12.6,13.1,13.3,13.4
033024,7.4,7.3,7.5,7.4,7.6,7.6,7.6,7.7,7.9,8.1,8.1,7.9,8.0,8.2,8.3,8.2,8.3,8.4,8.6,8.4,8.8,8.6,8.8,8.7,8.8
033025,8.8,9.3,9.2,9.3,9.3,9.5,9.7,9.5,9.9,10.5,10.3,10.5,10.6,10.7,10.4,10.7,11.2,11.3,11.5,11.5,11.7,11.6,12.0,11.6,11.9
033026,8.1,8.1,8.2,8.2,8.5,8.4,8.3,8.5,8.6,8.5,9.0,9.0,9.0,9.2,9.3,8.9,9.0,9.5,9.3,9.3,9.7,9.3,9.2,9.5,9.5
033027,9.6,9.4,9.5,9.4,9.7,9.9,9.9,10.3,9.9,10.5,10.5,10.8,10.6,10.7,10.4,11.0,11.3,11.2,11.1,11.1,11.6,11.0,11.8,11.6,11.6
033028,9.3,9.7,9.7,10.1,10.0,10.2,10.2,10.3,10.2,10.7,10.9,10.7,11.2,11.1,11.2,11.6,11.2,11.4,11.5,11.5,12.1,11.8,12.2,12.4,12.1
033030,9.4,9.5,9.4,9.6,9.6,9.7,9.8,9.8,9.6,10.3,10.1,10.5,10.3,10.8,10.8,10.7,10.8,10.5,10.4,10.5,11.1,10.7,11.0,11.2,11.7
033032,10.1,10.4,10.2,10.2,10.0,10.3,10.7,10.3,10.5,11.0,11.4,11.3,11.3,11.4,11.8,11.5,11.9,11.7,11.9,12.2,12.2,11.7,12.4,12.8,12.6
033033,7.9,8.1,8.0,8.4,8.4,8.4,8.5,8.8,9.0,9.0,9.5,9.6,9.7,9.8,9.8,10.3,10.3,10.2,10.6,10.4,11.1,11.1,11.0,11.6,11.6
033034,9.5,10.0,9.9,9.8,9.8,10.1,10.2,10.5,10.3,10.5,10.9,11.2,10.9,11.1,11.1,11.5,11.1,11.8,11.6,11.7,12.4,12.3,12.3,12.4,12.8
033035,7.9,7.9,8.4,8.4,8.6,8.6,8.9,8.8,8.6,9.1,9.3,9.6,9.5,9.6,9.9,10.2,10.2,10.3,10.6,10.7,10.7,10.6,10.9,10.8,10.8
033036,7.7,7.9,7.7,8.0,7.9,7.7,7.9,8.1,8.0,8.4,8.2,8.5,8.2,8.5,8.3,8.1,8.4,8.5,8.6,8.7,8.8,8.4,8.8,8.7,8.7
033037,9.5,9.4,9.2,9.6,9.7,9.5,10.0,10.0,10.1,10.4,10.3,10.5,10.5,10.3,10.8,10.6,10.4,10.8,10.6,10.9,10.8,10.8,10.6,11.0,11.0
033038,9.5,9.8,9.8,9.8,9.9,9.7,9.7,10.2,10.1,11.0,10.4,10.7,11.0,10.6,10.7,10.9,10.8,11.0,11.5,11.4,11.3,11.4,11.7,11.8,11.8
033039,9.4,9.6,9.6,9.6,9.8,9.7,9.9,9.7,10.0,10.5,10.5,10.1,10.9,10.5,10.8,10.7,10.8,10.7,11.2,11.3,11.1,11.3,11.1,11.6,11.2
033040,9.0,9.0,9.1,9.0,8.9,9.0,9.0,9.1,9.2,9.4,9.3,9.2,9.3,9.6,9.3,9.4,9.5,9.4,9.5,9.6,9.6,9.5,9.5,9.5,9.6
033041,8.8,8.6,8.9,8.9,9.0,9.3,9.3,9.2,9.7,9.8,10.1,10.2,10.3,10.2,10.7,10.5,10.6,11.0,11.0,10.8,11.4,11.2,11.5,11.2,11.7
033042,7.4,7.5,7.7,8.0,7.9,8.1,7.8,8.0,8.1,8.5,8.2,8.5,8.8,8.7,8.6,8.7,8.9,8.8,9.0,8.9,9.3,9.0,9.2,9.4,9.5
033043,9.2,9.2,9.5,9.5,9.8,9.9,10.0,9.8,10.3,10.4,11.0,10.9,11.1,11.3,11.0,11.2,11.8,11.7,11.7,12.4,12.6,12.0,12.6,12.8,12.9
033044,8.6,8.4,8.6,8.6,8.5,8.8,8.8,8.7,8.9,9.4,9.3,9.2,9.2,9.5,9.7,9.4,9.7,9.8,9.6,9.7,10.1,10.0,10.2,10.0,10.3
033045,7.0,7.1,7.1,7.2,7.3,7.4,7.3,7.2,7.6,7.8,7.5,7.6,7.8,7.8,7.6,8.0,7.8,7.8,8.0,8.2,8.3,8.1,8.3,8.1,8.3
033046,9.0,8.8,8.7,8.9,9.3,9.3,9.2,9.2,9.1,9.7,9.6,9.5,9.5,9.7,9.9,9.4,10.4,10.1,10.0,9.9,10.5,10.1,10.0,10.3,10.1
033047,9.9,10.0,10.3,10.7,10.7,10.3,10.6,10.7,10.7,11.3,11.3,11.4,11.9,11.7,11.9,12.0,12.1,12.5,12.1,12.5,12.7,12.3,13.1,12.9,13.3
033048,7.8,7.8,7.9,7.8,8.1,7.8,7.9,7.8,8.1,8.1,8.4,8.2,8.3,8.4,8.0,8.1,8.3,8.4,8.5,8.4,8.4,8.4,8.4,8.5,8.3
033049,6.8,7.0,7.1,7.0,7.0,7.0,7.2,7.2,7.1,7.4,7.5,7.5,7.5,7.7,7.7,7.6,7.6,7.6,7.6,7.8,7.9,8.1,7.8,7.8,8.1
034001,7.2,7.1,7.3,7.2,7.3,7.2,7.4,7.4,7.4,7.7,7.6,7.6,7.8,7.6,7.9,7.9,7.7,7.8,7.7,7.6,7.9,8.0,8.0,7.8,7.9
034002,9.9,10.3,10.2,10.1,10.4,10.4,10.7,10.3,10.7,11.3,11.2,11.1,11.4,11.4,11.6,11.3,11.9,12.0,12.5,11.8,12.4,12.3,12.5,12.5,12.5
034003,9.3,9.4,9.8,9.6,9.4,9.6,9.6,9.5,9.8,10.0,10.2,9.7,10.0,10.1,10.0,10.2,10.1,10.5,10.2,10.4,10.3,10.2,10.6,10.1,10.3
034004,9.2,9.2,9.3,9.3,9.5,9.5,9.9,9.8,9.9,10.2,10.3,10.5,10.4,10.7,10.8,10.9,11.0,11.3,11.3,11.2,11.8,11.1,11.7,11.4,11.3
034005,8.8,8.9,8.8,8.8,9.1,8.8,9.0,8.7,8.9,9.3,9.4,9.0,9.2,9.2,9.4,9.5,9.2,9.5,9.5,9.5,9.6,9.6,9.5,9.6,9.5
034006,7.8,8.0,8.3,8.3,8.2,8.4,8.3,8.6,8.4,8.9,8.9,9.2,9.0,9.3,9.4,9.3,9.3,9.7,9.8,9.9,10.0,9.7,9.9,10.1,10.2
034007,8.3,8.5,8.6,8.7,8.5,8.7,8.7,8.8,8.7,9.0,9.1,9.0,9.2,9.5,9.2,9.3,9.6,9.6,9.7,9.5,10.0,9.8,9.8,9.9,9.8
034008,8.0,8.2,8.3,8.3,8.3,8.4,8.7,8.7,8.7,9.0,8.9,9.1,9.4,9.3,9.2,9.7,9.6,10.0,9.6,9.9,10.1,10.2,10.2,10.2,10.4
034009,8.4,8.4,8.6,8.6,8.8,8.9,9.0,9.4,9.3,10.0,9.9,9.6,9.9,9.9,10.4,10.4,10.4,10.4,10.6,10.9,11.0,11.0,11.5,11.3,11.5
034010,9.1,9.1,9.0,9.1,9.3,9.2,9.2,9.5,9.0,9.7,9.6,9.7,9.6,10.0,9.5,9.6,10.0,10.0,9.9,9.7,10.1,9.8,9.8,9.6,9.9
034011,10.3,9.8,9.9,9.8,10.2,10.4,10.2,10.1,10.0,10.3,10.3,10.3,10.3,10.5,10.3,10.6,10.4,10.3,10.3,10.5,10.9,10.3,10.4,10.4,10.5
034012,9.0,9.0,9.3,9.4,9.5,9.6,9.5,9.4,9.5,10.3,10.2,10.5,10.1,10.7,10.4,10.5,10.2,10.4,10.6,11.0,11.0,11.1,11.0,11.4,11.1
034013,8.3,8.5,8.3,8.5,8.6,8.8,8.7,8.9,9.5,9.6,9.7,9.8,9.8,10.0,10.2,10.3,10.3,10.5,10.8,10.5,11.4,11.4,11.2,11.3,11.8
034014,7.6,7.7,7.7,7.9,7.9,7.8,8.1,7.9,8.2,8.4,8.5,8.5,8.4,8.6,8.8,8.8,8.8,8.7,8.6,8.7,8.8,8.9,8.9,9.1,8.9
034015,8.1,8.3,8.2,8.1,8.4,8.3,8.4,8.7,8.6,8.8,8.8,9.0,8.9,8.9,9.2,9.1,9.5,9.5,9.6,9.5,9.9,9.7,9.6,9.7,9.9
034016,8.8,9.1,8.9,9.0,8.8,9.0,8.9,9.2,8.7,9.2,9.4,9.4,9.0,9.4,9.1,9.2,9.1,9.3,8.9,9.2,9.5,9.1,9.3,9.1,9.0
034017,9.1,9.1,9.5,9.4,9.1,9.6,9.8,9.6,9.8,10.1,10.2,10.2,10.3,10.5,10.6,10.4,10.6,10.5,10.7,10.7,11.5,11.1,11.2,11.5,11.3
034018,8.6,8.6,9.0,8.9,8.9,9.0,8.9,9.1,9.1,9.4,9.4,9.4,9.4,9.6,9.6,10.0,10.0,9.7,10.0,10.0,10.1,9.8,10.2,10.1,10.5
034019,8.9,8.8,8.7,8.9,8.9,8.8,8.6,8.9,8.9,8.7,9.0,8.9,8.9,9.0,9.0,9.0,9.0,9.2,9.1,9.0,9.2,8.9,9.0,9.0,9.1
034020,9.2,9.0,9.2,9.0,9.4,9.2,9.2,9.7,9.9,9.8,10.2,9.8,10.0,10.2,9.9,10.1,10.0,10.2,10.2,10.3,10.6,10.4,10.6,10.7,10.6
034022,9.0,9.2,9.4,9.3,9.6,9.7,9.7,9.5,9.4,10.0,10.2,10.3,10.2,10.7,10.5,10.2,10.7,10.5,10.9,10.7,10.9,10.9,10.8,11.2,11.1
034023,9.0,9.1,9.1,9.2,9.3,9.6,9.6,9.5,10.0,9.8,10.3,10.2,10.5,10.5,10.4,10.5,10.7,10.7,10.9,11.3,11.2,11.2,11.0,11.4,11.8
034024,10.3,10.6,10.2,10.2,10.4,10.6,10.3,10.1,10.1,10.7,10.8,10.7,10.3,10.4,10.5,10.5,10.3,10.7,10.7,10.3,10.7,10.9,10.6,10.5,10.4
034025,8.1,8.4,8.3,8.3,8.6,8.5,8.7,8.7,9.0,9.0,9.3,9.5,9.5,9.7,9.5,9.8,9.9,10.3,10.2,10.5,10.9,10.7,11.3,11.3,10.9
034026,8.6,8.7,8.6,9.0,9.0,8.9,9.0,9.0,9.1,9.3,9.4,9.3,9.5,9.9,9.4,9.6,9.9,9.8,10.1,10.0,9.8,10.0,9.8,9.9,10.1
034027,9.7,9.9,9.8,10.1,9.8,10.0,9.9,10.2,10.4,10.8,10.8,10.9,11.1,10.9,10.8,10.9,11.3,11.4,11.1,11.5,11.5,11.6,11.8,11.8,11.5
034028,9.7,9.8,9.5,9.7,10.1,9.8,10.2,10.0,10.3,10.7,10.7,10.9,11.3,11.3,11.3,11.2,11.7,11.8,11.4,12.2,12.5,11.9,12.6,12.3,12.8
034030,9.3,9.7,9.5,9.7,9.6,9.9,10.0,10.0,9.8,10.4,10.6,10.4,10.7,10.4,10.9,10.6,10.3,10.5,10.7,11.0,11.2,10.8,10.7,10.9,11.2
034031,8.1,7.8,8.1,8.3,8.3,8.3,8.1,8.4,8.6,8.7,9.0,9.0,9.0,9.2,9.2,9.4,9.5,9.3,9.5,9.7,9.9,10.0,10.0,9.8,9.8
034032,7.5,6.9,7.5,7.2,7.3,7.1,7.1,7.3,7.1,7.7,7.5,7.6,7.5,7.8,7.6,7.4,7.8,7.6,7.8,7.6,7.9,7.8,7.9,7.7,8.0
034033,8.8,8.6,8.6,8.9,8.9,8.8,8.7,8.9,8.9,9.3,9.0,9.3,9.5,9.2,9.4,9.5,9.7,9.7,9.5,9.6,10.0,9.6,9.9,9.9,10.2
034035,9.6,9.9,10.0,10.2,10.3,9.9,10.0,10.2,10.3,10.8,10.9,11.2,10.8,10.9,11.2,11.3,11.2,11.7,11.8,11.2,11.6,12.1,12.0,11.8,12.2
034036,9.4,9.6,9.8,9.8,9.8,9.9,10.4,10.1,10.5,10.9,11.0,10.8,11.2,11.2,11.3,11.1,12.0,11.3,11.9,11.8,12.5,12.3,12.2,12.6,12.8
034038,8.4,8.4,8.5,8.6,8.4,8.6,8.5,8.6,8.5,8.9,8.9,9.1,9.0,9.1,9.4,9.2,9.2,9.3,9.3,9.2,9.7,9.6,9.6,9.8,9.4
034039,8.1,8.2,8.0,8.1,8.5,8.2,8.5,8.5,8.6,9.2,8.9,9.5,9.1,9.5,9.5,9.7,10.0,9.9,10.2,10.2,10.5,10.3,10.5,10.6,10.7
034040,8.4,8.8,8.6,8.7,8.9,9.2,8.9,8.9,9.1,9.5,9.5,9.5,9.2,9.7,9.6,9.8,9.9,10.1,10.1,10.1,10.6,10.4,10.4,10.3,10.6
034041,9.0,9.2,9.2,9.9,9.7,9.7,9.8,10.0,10.3,10.6,10.7,10.8,10.8,11.1,11.3,11.5,11.5,11.7,11.7,12.3,12.4,12.3,12.8,12.6,12.7
034042,7.6,8.2,8.1,8.0,7.8,8.0,8.0,8.3,8.2,8.6,8.7,8.7,8.5,8.7,8.9,8.9,9.1,9.2,9.3,8.9,9.7,9.4,9.5,9.5,9.6
034044,7.4,7.6,7.7,7.8,7.8,7.8,7.8,7.8,8.0,8.3,8.4,8.5,8.5,8.6,8.2,8.5,8.6,8.4,8.8,8.8,9.1,9.1,9.1,9.1,9.1
034045,8.7,8.7,8.7,8.6,8.9,8.9,9.1,9.4,9.1,9.8,9.7,9.6,9.8,10.1,10.1,10.2,10.0,10.2,10.2,10.6,10.6,11.0,10.8,10.7,10.8
034046,10.7,10.7,10.6,10.9,10.9,10.8,11.0,11.3,10.9,11.5,11.6,11.6,12.1,12.2,12.7,12.1,12.4,11.9,12.4,12.1,12.8,12.7,12.4,12.6,12.5
034049,7.9,8.1,8.0,8.4,8.2,8.2,8.3,8.6,8.7,8.6,9.1,9.4,9.3,9.2,9.3,9.4,9.6,9.6,9.7,9.5,10.2,9.7,10.3,10.1,10.4
034050,7.9,8.0,7.7,8.1,7.9,7.9,7.9,8.1,8.1,8.6,8.4,8.7,8.5,8.8,8.9,8.6,9.3,9.0,9.1,9.1,9.2,9.2,9.4,9.3,9.2
034051,8.1,8.1,7.9,7.9,8.0,7.8,8.4,8.1,8.3,8.3,8.7,8.2,8.4,8.7,8.7,8.6,8.6,8.6,8.8,8.8,9.0,8.8,8.9,8.7,8.7
035001,8.1,8.1,8.0,8.0,8.2,8.2,8.3,8.3,8.4,8.8,8.9,8.8,8.8,8.9,8.9,8.8,9.0,9.1,9.0,9.1,9.3,9.1,9.3,9.3,9.2
035002,8.4,8.5,8.5,8.7,8.9,8.6,8.6,8.6,9.0,9.2,9.3,9.7,9.3,9.5,9.5,9.3,9.7,9.6,9.8,10.1,10.2,10.0,10.3,10.1,10.1
035003,8.3,8.5,8.4,8.5,8.6,8.8,9.0,9.2,8.9,9.2,9.7,9.7,9.8,9.8,9.9,10.3,10.4,10.6,10.9,10.3,11.2,11.2,10.8,11.3,11.2
035004,7.8,7.6,7.7,7.7,7.5,7.8,7.9,7.9,7.8,7.8,7.8,8.0,7.8,7.9,8.0,7.8,7.7,7.9,7.7,7.9,8.0,7.9,7.9,8.0,7.9
035005,8.2,8.2,8.3,8.4,8.4,8.3,8.9,8.8,8.9,9.2,9.1,9.8,9.4,9.5,9.4,9.8,9.6,9.9,10.0,9.9,10.5,10.3,10.1,10.4,10.6
035006,8.5,8.3,8.4,8.8,8.5,8.7,8.6,8.8,8.5,8.9,9.2,9.1,9.0,9.1,9.0,9.1,9.5,9.3,9.5,9.3,9.7,9.6,9.7,9.5,9.2
035008,9.6,9.9,10.0,9.9,9.8,10.2,10.2,10.3,10.3,11.3,11.5,11.4,11.6,11.5,11.8,12.1,12.2,12.4,12.2,12.4,12.8,12.6,13.0,13.3,13.7
035009,9.1,9.2,9.2,9.3,9.4,9.6,9.4,9.3,9.8,9.8,10.2,10.1,10.0,10.1,10.2,10.2,10.4,10.6,10.4,10.5,11.0,11.0,10.6,10.6,10.8
035010,8.0,7.9,7.9,8.2,8.2,8.0,8.0,8.2,8.2,8.4,8.5,8.6,8.6,8.7,8.5,8.6,8.5,8.7,8.7,9.0,8.8,8.6,8.8,8.8,8.9
035011,8.8,9.2,9.1,9.1,9.2,9.4,9.5,9.8,9.7,9.7,10.0,9.8,9.9,9.9,10.3,10.3,10.2,10.5,10.6,10.6,11.2,10.8,10.3,11.0,11.1
035012,8.1,8.2,8.2,8.3,8.4,8.8,8.5,9.0,8.6,9.0,8.8,9.3,9.1,9.3,9.6,9.8,9.9,10.1,9.6,9.6,10.1,10.1,10.2,10.3,10.5
035013,7.9,8.0,8.0,8.0,7.9,8.0,8.3,8.1,8.3,8.5,8.4,8.4,8.4,8.5,8.6,8.2,8.4,8.6,8.8,8.8,8.8,8.7,8.9,8.8,8.8
035014,8.6,8.7,8.7,8.7,8.8,8.9,9.3,9.0,9.4,9.4,9.7,9.7,9.8,9.8,10.0,10.1,10.5,10.4,10.5,10.5,10.9,10.9,10.8,10.8,11.3
035015,8.4,8.3,8.3,8.6,8.5,8.5,8.5,8.7,8.6,8.9,9.0,9.2,9.1,8.9,9.3,9.4,9.2,9.1,9.5,9.3,9.4,9.3,9.3,9.3,9.6
035016,7.6,7.4,7.3,7.4,7.4,7.4,7.5,7.6,7.6,7.8,7.9,7.9,8.0,7.8,7.8,7.9,7.9,7.8,7.9,8.0,7.9,8.3,7.9,7.9,7.9
035017,8.1,8.1,8.1,8.3,8.3,8.1,8.4,8.2,8.2,8.5,8.8,8.5,8.7,8.6,8.8,8.4,8.8,8.6,8.7,8.7,9.0,8.8,8.9,8.7,8.5
035018,8.8,8.7,8.9,9.0,9.0,9.0,9.0,9.4,9.2,9.5,9.6,9.5,9.6,9.8,9.8,9.8,10.1,10.2,10.1,10.4,10.3,10.4,10.2,10.4,10.7
035020,8.1,8.2,8.0,8.0,8.1,8.1,8.5,8.1,8.1,8.5,8.6,8.7,8.7,8.5,8.7,8.4,8.8,8.8,8.8,8.8,9.1,8.6,8.8,9.0,9.1
035021,7.5,7.7,7.7,7.9,7.7,8.0,7.9,8.0,8.1,8.3,8.3,8.2,8.5,8.5,8.7,8.6,8.7,8.6,8.8,8.9,9.2,9.0,8.9,8.9,9.1
035022,8.8,8.6,8.8,9.0,9.1,9.2,9.0,9.3,9.1,9.6,9.7,9.7,10.2,10.0,10.2,10.1,10.1,10.2,10.4,10.1,10.9,10.6,10.8,11.0,10.6
035023,8.7,8.7,8.8,8.6,8.6,8.4,8.9,8.6,8.6,8.9,9.0,9.0,9.1,9.1,8.9,8.9,8.9,8.9,8.8,9.1,9.1,8.9,9.2,9.2,8.8
035024,7.4,7.7,7.5,7.7,7.7,7.8,7.9,8.0,8.0,8.3,8.5,8.5,8.7,8.6,8.5,8.8,9.0,8.7,9.0,8.7,9.4,9.2,9.3,9.4,9.6
035026,9.5,9.5,9.7,9.7,9.9,10.0,10.2,9.8,10.2,10.1,10.6,10.8,10.6,10.8,11.1,11.2,11.1,10.9,11.2,11.4,12.0,11.9,11.3,11.8,11.9
035027,10.1,10.0,10.4,10.1,10.1,10.1,10.5,10.6,10.8,11.3,11.1,11.3,11.4,11.1,11.4,11.6,11.6,11.8,11.6,11.6,12.2,12.2,12.0,12.5,12.1
035028,7.7,7.6,7.7,7.6,7.4,7.8,7.7,7.9,7.9,8.3,8.0,8.3,8.2,8.0,8.2,8.2,8.1,8.3,8.3,8.5,8.5,8.6,8.5,8.7,8.8
035029,9.1,8.9,8.9,9.0,9.0,9.0,9.4,9.2,9.4,9.7,9.9,10.0,10.1,10.0,9.8,10.3,10.4,10.3,10.4,10.5,11.1,10.4,10.8,10.7,11.2
035030,7.8,7.9,8.0,8.0,8.0,8.1,8.5,8.4,8.1,8.5,8.4,8.5,8.7,8.5,8.6,8.9,8.8,8.9,9.1,8.9,9.1,8.8,9.0,9.0,9.2
035032,8.6,8.4,8.7,8.7,9.1,9.1,8.9,9.1,9.0,9.3,9.8,9.4,9.6,9.7,10.0,9.9,10.3,10.1,10.5,10.6,10.9,10.8,10.8,10.7,10.5
035033,7.7,7.7,7.8,7.7,7.9,7.8,7.8,7.7,7.5,7.9,8.1,7.9,8.0,7.9,7.9,7.9,8.0,7.9,7.7,7.9,8.1,7.6,8.0,8.0,7.8
035034,8.0,8.3,8.5,8.5,8.5,8.5,8.6,8.5,8.4,8.8,9.2,9.3,9.1,9.1,9.4,9.2,9.5,9.4,9.7,9.8,9.8,10.0,9.9,10.0,10.0
035035,8.8,9.0,8.8,9.0,8.9,8.9,9.0,9.2,9.2,9.7,9.5,9.4,9.5,9.5,9.4,9.2,9.7,9.9,9.6,9.9,9.8,9.8,10.0,9.8,9.9
035036,7.8,7.6,7.9,7.6,7.6,7.6,7.8,7.6,7.8,7.9,7.8,7.9,7.9,7.9,7.8,8.0,8.1,7.9,8.0,7.8,8.0,7.9,8.0,7.9,7.7
035037,9.7,10.1,10.0,10.6,10.5,10.5,10.8,10.9,11.1,12.0,11.7,11.9,12.4,12.6,12.8,12.9,12.8,13.6,13.4,13.3,14.1,14.1,14.2,14.4,15.2
035038,8.8,8.8,8.8,9.3,9.1,9.2,9.3,9.5,9.4,9.6,9.7,9.7,9.7,10.0,9.7,9.6,9.8,9.9,9.9,9.9,10.4,9.9,10.3,10.0,10.6
035039,7.5,7.6,7.5,7.6,7.7,7.7,7.6,7.8,7.7,8.1,8.0,8.1,8.3,8.3,8.3,8.4,8.2,8.3,8.3,8.5,8.8,8.2,8.6,8.4,8.6
035040,9.5,9.8,9.5,9.5,9.8,9.8,9.9,9.9,9.9,10.3,10.2,10.4,10.3,10.2,10.5,10.6,10.3,10.9,10.7,10.6,11.0,11.1,11.1,10.9,11.5
035041,7.9,8.0,8.2,8.0,8.2,8.1,8.1,8.3,8.4,8.4,8.5,8.3,8.4,8.6,8.6,8.3,8.5,8.7,8.6,8.8,8.6,8.7,8.9,8.8,8.5
035042,7.6,7.8,7.7,7.7,8.0,8.0,7.8,8.1,8.1,8.6,8.3,8.4,8.7,8.6,8.2,8.7,8.6,8.9,8.7,8.9,9.1,9.0,8.9,8.9,9.0
035043,9.1,9.2,9.0,9.4,9.1,9.5,9.4,9.3,9.2,9.7,10.0,9.8,9.8,9.9,9.9,10.0,10.2,10.3,10.1,10.2,10.5,10.1,9.9,10.4,10.3
035044,8.5,8.8,8.7,8.7,8.6,8.7,8.5,8.6,8.6,9.0,8.8,8.9,8.9,9.0,8.9,8.9,8.9,8.7,8.7,9.1,9.1,8.5,8.7,8.8,8.7
035045,7.6,7.9,7.8,7.8,8.1,8.0,8.0,8.0,8.1,8.6,8.4,8.7,8.5,8.8,8.4,8.6,8.8,8.8,8.8,8.8,9.1,9.0,8.9,9.0,9.4
035046,6.9,6.8,7.0,7.1,6.9,6.9,7.1,7.0,7.1,7.4,7.4,7.5,7.4,7.6,7.5,7.4,7.7,7.4,7.5,7.7,7.9,7.9,7.9,7.8,8.0
036001,7.6,7.8,7.7,7.7,7.9,7.8,7.7,7.9,8.0,8.0,8.1,8.0,8.0,7.9,8.1,8.4,8.1,8.4,8.1,8.4,8.4,8.3,8.1,8.6,8.3
036002,9.5,9.9,9.8,10.2,10.2,10.3,10.1,10.6,10.7,11.2,11.2,10.9,11.6,11.5,11.9,12.3,11.7,12.3,12.6,12.2,13.0,13.0,13.2,12.9,13.4
036003,9.5,9.9,9.8,9.9,10.2,10.1,10.0,10.4,10.7,10.8,11.3,11.3,11.7,11.3,11.0,11.6,11.5,11.6,11.8,12.1,12.7,12.4,12.4,13.1,13.0
036004,7.4,7.6,7.6,7.7,7.7,7.9,7.9,7.9,7.9,8.2,8.3,8.3,8.5,8.3,8.4,8.4,8.7,8.5,8.7,8.8,8.9,8.9,8.8,9.1,8.8
036005,7.5,7.6,7.9,7.7,7.9,8.0,7.8,7.9,8.2,8.3,8.3,8.4,8.6,8.4,8.8,8.5,8.9,8.9,8.7,9.1,9.2,9.0,9.1,9.2,9.3
036006,7.5,7.6,7.6,7.5,7.7,7.8,7.8,7.6,7.7,7.8,8.1,7.9,8.2,8.1,8.0,8.2,8.3,8.2,8.1,8.2,8.3,8.0,8.2,8.2,8.1
036007,8.3,8.2,8.4,8.4,8.5,8.9,8.9,8.8,9.2,9.3,9.2,9.4,9.5,9.6,9.7,9.7,9.9,10.0,10.2,10.4,10.3,10.5,10.9,10.6,10.9
036008,7.2,7.3,7.3,7.2,7.2,7.2,7.1,7.2,7.3,7.4,7.3,7.4,7.3,7.3,7.5,7.4,7.4,7.4,7.5,7.7,7.8,7.5,7.3,7.5,7.6
036009,9.5,9.6,9.6,9.9,9.8,10.1,10.3,10.2,10.2,10.6,11.0,10.8,11.0,11.2,11.0,11.4,11.3,12.0,11.9,11.6,12.3,12.2,12.2,12.2,12.3
036010,6.7,6.8,6.7,6.8,6.8,6.8,6.8,6.7,6.8,6.9,7.0,6.9,7.2,6.9,6.9,7.0,7.1,6.9,7.1,7.0,7.1,6.8,7.1,7.1,6.9
036011,8.6,8.6,8.5,8.5,8.5,8.6,8.4,8.6,8.5,8.8,8.6,9.0,8.9,8.8,8.7,8.7,8.9,8.7,8.9,9.1,9.1,9.0,8.8,8.9,8.7
036012,8.1,8.0,7.9,7.9,8.0,8.0,8.2,8.2,8.4,8.5,8.6,8.7,8.6,8.5,8.8,8.9,8.8,8.9,8.6,8.8,9.0,8.8,9.2,9.2,9.1
036013,8.6,8.6,8.5,8.5,8.6,8.7,9.0,8.7,8.8,9.2,9.2,9.2,9.4,9.3,9.5,9.6,9.8,9.6,9.8,9.7,10.2,10.1,10.0,10.0,10.2
036014,8.4,8.3,8.7,8.6,8.7,8.9,9.1,9.1,9.3,9.6,9.5,9.7,10.0,10.2,10.5,10.1,10.3,10.5,10.6,11.1,11.4,11.2,11.0,11.4,11.4
036015,7.8,8.0,7.8,8.1,8.0,8.0,8.1,8.0,8.0,8.4,8.4,8.3,8.4,8.3,8.2,8.3,8.2,8.2,8.3,8.1,8.8,8.3,8.4,8.5,8.3
036016,8.6,8.5,8.8,8.8,8.6,8.8,8.7,8.9,9.0,9.5,9.3,9.3,9.6,9.6,9.7,9.8,9.7,9.7,9.9,10.0,10.3,10.2,10.3,10.2,10.0
036017,9.3,9.6,9.6,9.4,9.6,9.7,9.8,9.7,9.6,10.0,10.0,10.2,10.1,10.3,10.2,10.5,10.6,10.4,10.5,10.4,10.6,10.6,10.7,10.2,11.2
036018,10.0,9.8,10.1,9.9,10.0,9.9,10.4,10.2,10.2,10.5,10.5,10.5,10.3,10.6,10.5,11.0,11.1,10.8,11.0,10.8,11.6,11.1,11.3,11.2,11.1
036019,8.0,7.9,7.8,8.0,7.9,7.8,8.0,8.2,8.1,8.4,8.4,8.7,8.6,8.3,8.4,8.5,8.4,8.6,8.5,8.6,9.0,8.9,8.8,8.8,8.9
036020,8.2,8.4,8.4,8.6,8.6,8.5,8.7,8.6,8.9,9.1,9.4,9.1,9.4,9.4,9.4,9.3,9.5,9.8,9.5,9.8,9.7,9.5,9.8,10.0,9.6
036021,9.8,10.1,10.0,9.6,10.2,9.8,10.0,10.2,10.0,10.5,10.5,10.5,10.6,10.6,10.7,10.6,11.0,10.5,10.9,10.9,11.2,11.4,10.6,10.6,11.0
036022,10.5,10.8,10.8,10.5,10.3,10.6,10.8,11.0,11.1,11.6,11.6,11.5,12.1,11.8,12.2,12.2,12.6,12.7,12.6,12.8,12.7,13.6,12.6,13.2,13.1
036023,9.5,9.5,9.2,9.6,9.6,9.7,9.9,9.8,9.9,10.7,10.6,10.4,10.7,10.8,10.6,11.2,11.0,11.0,11.3,11.3,11.4,11.5,11.8,11.5,11.7
036024,7.7,7.8,7.6,7.8,8.3,8.2,8.0,8.1,8.3,8.6,8.9,8.6,9.0,8.7,8.9,8.6,9.0,8.9,9.1,9.1,9.3,9.0,9.3,9.1,9.4
036025,7.2,7.3,7.2,7.2,7.3,7.2,7.1,7.3,7.4,7.6,7.3,7.6,7.6,7.7,7.5,7.6,7.6,7.5,7.5,7.7,7.7,7.6,7.4,7.5,7.4
036026,7.8,7.8,7.8,7.8,8.0,8.2,8.0,8.2,8.2,8.3,8.9,8.7,8.7,8.7,9.0,8.8,8.9,9.2,9.1,9.1,9.4,9.2,9.3,9.4,9.3
036027,9.1,9.3,9.1,9.5,9.4,9.5,9.6,10.0,9.9,10.3,10.3,10.3,10.1,10.8,10.9,10.7,11.2,11.1,11.2,11.3,11.6,11.5,12.0,11.6,12.4
036028,11.0,10.9,10.7,11.0,10.9,11.3,11.2,11.2,11.1,11.9,11.7,11.9,11.7,12.4,11.9,12.1,12.7,12.5,12.7,12.5,13.0,12.6,12.8,12.5,13.1
036029,9.0,9.3,9.7,9.3,9.2,9.7,9.4,10.0,9.8,10.3,10.4,10.9,10.5,10.7,11.0,11.0,11.4,11.1,11.3,11.1,11.9,11.7,11.8,11.8,12.1
036030,7.8,7.7,7.8,8.1,8.2,8.2,8.5,8.7,8.4,9.0,8.9,9.4,9.4,9.4,9.5,9.8,9.7,10.0,10.1,10.3,10.7,10.4,10.6,10.9,11.2
036031,7.9,8.1,7.9,8.1,8.2,8.5,8.2,8.2,8.4,8.6,8.7,8.7,8.9,9.0,9.1,9.2,9.2,9.2,9.1,9.2,9.6,9.4,9.6,9.3,9.3
036032,9.0,8.9,8.8,9.0,9.0,9.1,9.0,9.4,9.2,9.5,9.9,9.8,9.7,10.0,10.1,10.2,10.5,10.4,10.4,10.1,10.6,10.5,10.6,10.5,10.6
036033,8.5,8.9,9.4,9.4,9.6,9.4,9.5,9.9,9.9,10.1,10.4,10.5,10.7,10.9,10.9,11.4,11.3,11.5,11.7,12.0,12.4,11.6,12.4,12.4,12.7
036034,8.5,8.9,8.8,8.9,8.9,8.8,8.9,9.1,9.1,9.8,9.7,9.8,9.6,9.7,9.9,9.5,10.2,10.0,10.1,10.2,11.0,10.1,10.4,10.6,10.9
036035,9.3,9.6,9.5,9.9,9.9,9.6,9.9,9.8,10.0,10.3,10.4,10.5,10.6,10.6,10.7,10.8,10.9,10.8,10.9,11.2,11.5,11.2,11.5,11.2,11.8
036036,8.2,7.9,8.2,8.2,8.6,8.2,8.4,8.5,8.4,8.7,9.1,9.1,9.0,9.1,9.2,9.2,9.4,9.3,9.8,9.7,9.7,10.0,9.9,10.1,10.3
036037,8.4,8.1,8.3,8.4,8.5,8.7,8.6,8.6,8.7,9.0,8.9,9.1,9.2,9.1,9.1,9.0,9.1,9.3,9.2,9.6,9.7,9.3,9.4,9.2,9.4
036038,8.3,8.5,8.8,8.6,8.6,8.6,8.6,8.5,8.8,9.3,9.2,9.1,9.1,9.2,9.5,9.2,9.4,9.6,9.5,9.6,10.3,9.6,9.9,10.2,10.1
036039,8.3,8.3,8.5,8.8,8.6,8.8,8.9,8.8,8.6,9.1,9.2,9.4,9.2,9.4,9.9,9.7,9.8,9.7,10.0,10.0,10.1,10.0,10.0,10.1,10.2
036040,7.8,7.8,8.0,7.8,7.7,7.9,7.9,7.9,8.0,8.3,7.9,8.0,8.1,8.1,8.2,8.0,8.2,8.3,8.0,8.1,8.3,8.2,7.9,8.2,8.3
036041,7.6,7.4,7.7,7.5,7.7,7.6,7.8,7.8,7.8,8.2,8.2,8.1,8.3,8.4,8.1,8.5,8.4,8.4,8.6,8.8,8.6,8.8,8.8,8.8,8.9
036042,9.0,9.0,9.2,9.1,8.9,9.2,9.2,8.9,9.1,9.5,9.5,9.5,9.8,9.7,9.6,10.0,9.6,9.8,9.6,9.9,10.5,9.9,10.0,9.9,10.3
036043,8.8,8.7,8.8,8.9,9.0,8.9,9.0,8.9,9.0,9.4,9.1,9.5,9.6,9.5,9.6,9.4,9.5,9.5,9.6,9.5,9.9,9.7,9.5,9.5,10.0
036044,8.8,8.7,8.7,8.5,8.8,8.8,9.0,8.7,9.1,9.4,9.5,9.3,9.5,9.5,9.6,9.5,9.4,9.5,9.9,9.8,10.2,10.0,9.9,9.9,10.0
036045,7.7,7.8,7.9,7.8,7.8,8.1,8.2,8.1,8.2,8.3,8.4,8.6,8.6,8.6,8.8,8.7,8.7,8.7,8.6,9.1,9.0,8.7,8.9,9.0,8.9
036046,10.4,10.3,10.7,10.5,10.6,10.4,10.9,11.1,11.0,11.5,11.9,12.2,11.9,11.7,12.3,12.2,12.5,12.7,12.6,12.6,13.7,12.9,13.2,12.9,13.5
036047,7.8,7.6,7.6,7.7,7.8,7.9,7.8,7.9,8.0,8.5,8.5,8.4,8.4,8.6,8.3,8.5,8.5,8.5,8.4,8.5,8.8,8.9,8.6,8.8,8.9
037001,8.9,9.0,8.9,9.3,9.3,9.0,9.1,9.3,9.1,9.7,9.6,9.7,9.6,9.7,10.1,10.0,9.9,9.8,9.8,10.4,10.0,10.0,10.1,10.4,10.0
037002,6.5,6.6,6.5,6.6,6.6,6.8,6.8,6.9,6.9,7.0,7.3,7.2,7.1,7.3,7.3,7.3,7.3,7.6,7.4,7.6,7.6,7.7,7.9,7.6,7.8
037003,7.9,8.0,8.1,7.9,8.1,8.2,8.2,8.1,8.2,8.6,8.7,8.7,8.6,8.8,8.9,9.0,8.8,8.8,9.0,8.9,9.2,9.0,9.1,9.1,9.3
037005,8.7,8.9,9.1,9.0,9.2,9.2,9.1,9.1,9.1,9.7,9.3,9.7,9.8,9.8,10.0,10.0,10.0,9.7,10.3,9.9,10.5,10.2,10.3,10.5,10.4
037006,14.9,14.3,14.6,14.3,14.6,14.9,15.5,15.8,16.0,16.5,17.0,16.7,16.5,17.1,17.3,17.7,18.3,17.7,18.0,18.4,18.9,18.1,18.0,18.1,18.7
037007,6.6,6.6,6.5,6.6,6.6,6.6,6.5,6.4,6.5,6.6,6.5,6.7,6.7,6.7,6.7,6.6,6.7,6.6,6.6,6.6,6.6,6.5,6.6,6.5,6.6
037008,7.9,7.9,8.0,8.0,8.0,7.8,7.9,8.1,8.2,8.5,8.4,8.3,8.4,8.3,8.3,8.4,8.6,8.3,8.3,8.4,8.5,8.2,8.4,8.3,8.4
037009,8.8,8.6,8.6,8.8,8.6,8.7,8.6,8.7,8.6,8.9,9.1,8.9,8.8,8.9,8.8,8.9,8.7,9.0,8.8,8.8,8.9,8.7,8.8,8.8,8.8
037010,8.8,8.9,9.0,9.0,8.9,9.1,9.4,9.8,9.8,10.0,10.0,10.1,10.4,10.2,10.8,11.0,10.6,10.9,11.0,11.2,11.5,11.7,11.6,11.8,11.6
037011,9.0,9.1,9.1,9.0,8.8,9.0,9.2,9.2,9.0,9.3,9.2,9.4,9.2,9.3,9.5,9.2,9.4,9.2,9.2,9.2,9.5,9.3,9.3,9.5,9.1
037012,7.5,7.4,7.9,7.6,7.8,7.8,7.6,7.8,7.8,8.0,8.0,8.2,8.4,8.3,8.3,8.4,8.4,8.5,8.4,8.6,8.7,8.6,9.0,8.4,8.8
037013,7.9,8.1,7.7,8.1,8.2,8.3,8.2,8.2,8.5,8.9,8.8,8.7,9.0,8.9,9.0,9.0,9.2,9.3,9.2,9.5,9.4,9.4,9.4,9.4,9.7
037014,8.2,8.5,8.4,8.7,8.7,8.6,8.7,8.7,8.7,9.1,9.6,9.5,9.4,9.3,9.6,9.7,9.8,9.7,9.9,10.1,10.3,10.4,10.3,10.4,10.5
037015,7.8,8.1,8.1,8.0,8.2,8.3,8.2,8.3,8.3,8.7,8.9,8.9,9.0,8.9,8.8,9.2,8.8,9.0,9.0,9.0,9.5,9.3,9.4,9.1,9.3
037016,9.8,10.2,10.1,10.7,10.5,10.7,10.8,10.9,11.2,11.4,11.7,11.7,11.8,12.0,12.2,12.5,12.5,12.7,13.2,12.9,13.8,13.4,13.4,13.6,13.9
037017,9.0,9.2,8.9,9.0,9.0,9.5,9.2,9.2,9.2,9.7,9.8,9.3,9.6,9.6,9.8,9.9,9.6,10.0,9.6,9.9,9.9,10.1,10.0,10.1,9.8
037019,8.0,8.0,8.0,8.1,8.2,8.2,8.3,8.1,8.5,8.8,9.0,8.8,8.9,8.8,8.9,9.1,9.2,9.1,9.1,9.5,9.5,9.0,9.7,9.6,9.6
037020,10.1,10.1,10.5,10.6,10.9,10.8,10.9,10.9,10.7,11.6,11.4,11.3,11.8,11.6,11.9,11.7,12.2,12.3,12.3,12.3,13.1,12.5,12.4,12.6,13.3
037021,9.4,9.4,9.7,9.5,9.7,9.7,9.7,9.6,9.9,10.0,9.9,10.0,10.3,10.3,10.2,10.2,10.5,10.3,10.6,10.7,10.8,10.4,10.4,10.9,10.5
037022,7.6,7.8,8.0,7.9,7.9,7.9,8.3,8.1,8.0,8.6,8.5,8.9,8.7,8.8,9.2,9.1,9.2,9.2,9.5,9.6,9.6,9.7,9.7,9.9,9.6
037024,9.0,9.1,8.8,9.1,9.1,9.1,9.5,9.5,9.7,9.8,9.7,10.2,10.7,10.3,10.3,10.6,10.6,10.9,11.0,11.4,11.6,11.4,11.4,11.7,11.9
037025,9.5,9.8,9.8,10.1,10.2,10.1,10.6,10.4,10.4,10.8,10.8,11.1,11.1,11.5,11.5,11.7,11.7,11.9,11.8,11.9,12.3,12.0,12.5,12.2,12.6
037026,8.1,7.9,8.4,8.1,8.1,8.2,8.3,8.5,8.3,8.6,8.7,9.0,8.8,8.9,8.8,8.9,9.1,8.8,9.3,9.2,9.3,9.3,9.3,9.5,9.3
037027,9.5,9.5,9.7,9.5,9.5,9.6,9.8,9.8,9.9,10.3,10.1,10.5,10.4,10.6,10.7,10.7,10.9,10.4,10.8,11.2,11.2,11.3,11.2,11.4,11.4
037028,9.0,9.0,9.0,9.0,9.5,9.1,9.4,9.5,9.5,9.8,10.2,10.4,10.3,10.3,10.5,10.6,10.3,10.7,10.7,10.9,11.1,11.2,11.0,11.3,11.0
037030,8.8,8.9,9.1,9.1,9.2,9.1,9.3,9.3,9.3,9.4,9.7,9.8,9.6,9.8,9.5,9.7,9.8,9.7,9.9,10.4,10.3,9.8,10.3,10.2,10.2
037031,7.3,7.4,7.5,7.6,7.5,7.5,7.8,7.5,7.9,8.0,8.0,8.0,8.4,8.2,8.3,8.5,8.5,8.3,8.7,8.8,8.7,8.9,8.8,8.9,8.8
037032,8.7,8.9,9.0,9.1,9.1,9.3,9.3,9.0,9.4,9.7,9.4,9.6,9.6,9.6,9.9,10.0,9.9,9.9,10.0,9.7,10.1,9.8,10.0,10.5,10.1
037033,9.7,9.8,10.1,10.2,10.2,9.9,10.3,10.2,10.8,11.3,11.4,11.1,11.5,11.8,11.8,12.3,12.4,12.0,12.4,12.1,12.9,12.6,12.9,13.1,13.3
037034,7.8,7.8,7.8,7.9,7.9,7.7,8.1,8.0,8.1,8.3,8.4,8.3,8.5,8.5,8.3,8.4,8.4,8.6,8.6,8.6,8.8,8.5,8.7,8.6,8.9
037035,8.9,8.9,8.9,9.0,9.3,9.3,9.2,9.3,9.4,9.5,9.5,9.6,9.6,9.6,10.0,10.0,9.6,9.8,9.9,9.8,10.0,9.7,10.1,9.9,10.1
037036,9.4,9.6,9.6,9.8,9.6,9.9,9.6,9.8,9.7,10.2,10.1,10.1,10.4,10.2,10.5,10.5,10.4,10.5,10.4,10.4,11.0,10.6,10.8,10.9,11.0
037037,8.8,8.8,8.9,9.0,9.6,9.3,9.2,9.4,9.7,9.8,10.2,10.3,10.3,10.7,11.3,10.8,10.8,10.8,11.2,10.6,11.7,11.0,11.4,11.8,11.8
037038,7.8,8.3,8.0,8.2,8.4,8.3,8.6,8.5,8.8,8.8,9.0,9.2,9.1,9.3,9.4,9.2,9.3,9.5,9.6,9.7,9.8,9.8,10.2,10.2,10.5
037039,8.0,8.0,7.9,7.9,8.0,7.9,8.0,8.2,8.1,8.3,8.5,8.2,8.8,8.4,8.5,8.1,8.5,8.4,8.8,8.4,8.7,8.6,8.4,8.6,8.9
037040,9.0,9.0,9.1,9.3,9.4,9.0,9.3,9.1,9.3,9.8,9.7,9.5,9.7,9.7,10.0,10.3,10.2,10.1,10.3,10.0,10.6,10.4,10.5,10.4,10.9
037041,10.2,10.6,11.1,11.4,11.0,10.9,11.4,11.5,11.3,11.7,12.1,12.1,12.6,12.7,12.8,12.4,12.7,12.8,13.2,13.4,13.9,13.6,13.9,13.6,14.2
037042,9.7,9.6,9.8,9.8,10.0,10.0,10.0,9.9,10.1,10.5,10.4,10.5,10.6,10.6,11.0,10.7,10.9,11.2,11.2,11.0,11.2,11.0,11.4,11.3,11.4
037044,10.2,10.3,10.0,10.2,10.7,10.7,10.1,10.4,10.7,11.3,11.7,11.7,11.4,11.4,11.8,12.0,11.9,11.6,12.1,12.0,12.9,12.4,12.4,12.7,12.0
037045,9.2,9.0,9.3,9.5,9.3,9.6,9.3,9.3,9.7,9.9,9.8,9.9,10.0,10.0,10.5,10.3,10.0,10.5,10.5,10.3,10.7,10.6,10.8,10.6,11.0
037046,9.1,9.1,9.6,9.5,9.6,9.5,9.9,9.8,9.9,10.6,10.3,10.5,10.3,10.6,10.8,10.7,10.7,11.1,11.4,11.2,11.8,11.5,11.2,11.9,11.8
037047,8.8,8.4,8.7,8.9,8.7,9.1,9.2,9.5,9.4,9.9,9.8,9.8,10.3,10.2,10.4,10.5,10.7,10.6,11.1,11.4,11.3,11.4,11.7,11.7,11.5
037048,8.3,8.4,8.7,8.5,8.8,8.7,8.5,8.4,8.9,8.9,8.9,9.1,9.0,9.4,9.4,9.5,9.4,9.6,9.6,9.7,9.9,9.7,9.7,10.2,10.1
037050,9.4,9.4,9.1,9.3,9.7,9.6,9.8,9.7,9.4,10.2,10.2,10.3,10.3,10.3,10.3,10.7,10.5,10.9,10.8,10.7,11.1,11.3,10.9,10.7,11.2
037051,9.1,9.2,9.3,9.5,9.5,9.8,9.6,9.6,9.8,10.3,10.6,10.7,10.8,10.9,10.7,10.9,11.1,11.1,11.4,11.7,11.6,11.5,12.0,12.0,12.2
037052,9.3,9.2,9.1,9.4,9.4,9.1,9.5,9.3,9.3,10.1,9.6,10.1,9.8,9.7,10.0,10.1,10.0,10.2,10.1,10.4,10.3,10.1,10.4,10.4,10.3
037053,8.2,8.3,8.1,8.1,8.2,8.3,8.2,8.5,8.5,8.7,8.9,8.5,8.7,8.8,8.9,8.9,8.9,8.9,9.1,9.1,9.2,9.3,9.5,9.4,9.2
037054,8.5,8.4,8.4,8.4,8.5,8.4,8.7,8.5,8.6,9.3,9.3,9.7,9.2,9.0,9.6,9.4,9.6,9.8,9.9,9.8,10.5,10.4,10.5,10.5,10.4
037055,9.2,9.6,9.6,9.6,9.5,9.8,9.8,9.7,9.8,10.5,10.2,10.5,10.7,10.4,10.6,10.6,10.6,10.6,10.4,10.8,10.7,10.8,11.2,10.9,11.1
037056,8.0,8.0,7.9,8.2,8.3,8.2,8.3,8.3,8.4,8.7,8.5,8.7,8.7,9.1,9.0,9.0,9.2,9.2,9.1,8.8,9.4,9.4,9.2,9.4,9.4
037057,8.3,8.2,8.3,8.2,8.1,8.2,8.0,8.0,8.0,8.3,8.2,8.2,8.1,8.2,8.2,7.8,7.8,8.1,7.9,8.1,8.0,7.9,7.8,7.8,7.5
037059,10.1,10.6,10.7,10.7,10.9,10.7,11.1,11.3,11.4,11.8,12.2,12.2,12.2,12.4,12.4,12.9,12.7,13.0,12.7,13.4,13.6,13.4,13.5,13.7,14.4
037060,8.7,8.7,8.8,8.6,8.6,8.5,8.6,8.7,8.7,9.0,8.9,9.1,9.0,9.2,8.9,9.2,9.1,9.2,9.3,9.3,9.2,9.3,9.1,9.2,9.2
037061,8.2,8.2,8.4,8.1,8.2,8.3,8.1,8.1,8.1,8.4,8.4,8.3,8.7,8.4,8.4,8.4,8.3,8.4,8.3,8.6,8.6,8.5,8.5,8.6,8.3
037062,8.4,8.3,8.4,8.3,8.6,8.4,8.9,8.6,8.7,9.2,9.1,9.5,9.4,9.5,9.3,9.5,9.7,9.9,9.7,9.9,10.3,10.0,10.4,10.5,10.7
038001,9.5,9.6,9.6,9.8,9.7,9.9,10.3,10.0,10.1,10.6,10.7,10.4,10.4,10.9,11.0,10.8,10.8,10.6,11.1,11.4,11.3,11.2,11.3,11.2,11.2
038003,8.0,8.3,8.1,8.2,8.0,8.1,8.1,8.4,8.2,8.6,8.3,8.2,8.4,8.3,8.4,8.3,8.2,8.4,8.4,8.2,8.6,8.3,8.5,8.2,8.3
038004,8.2,8.2,8.3,8.5,8.8,8.6,8.9,9.0,9.0,9.2,9.5,9.5,9.8,9.7,10.1,9.8,10.2,10.1,10.4,10.4,10.9,10.7,10.9,11.3,10.9
038005,8.6,8.9,8.8,9.1,9.0,9.0,9.4,9.6,9.3,9.6,9.7,9.8,10.4,10.0,10.2,10.3,10.0,10.4,10.5,10.6,10.6,10.8,11.1,11.1,11.2
038006,8.9,8.9,9.1,8.8,8.9,8.9,9.1,9.3,9.3,9.7,9.6,9.4,9.8,9.9,9.9,9.9,9.5,10.1,10.2,10.3,10.4,9.9,10.6,10.3,10.4
038007,9.0,9.1,9.2,9.3,9.3,9.6,9.2,9.4,9.5,9.7,10.0,10.2,9.8,9.9,10.0,9.9,9.9,10.4,10.2,10.3,10.6,10.2,10.4,10.3,10.3
038008,9.3,9.0,9.3,9.1,9.5,9.5,9.3,9.6,9.4,10.0,10.1,10.0,9.9,9.8,10.2,10.4,10.3,10.3,10.6,10.5,10.6,10.6,11.0,10.6,10.7
038010,8.7,9.1,8.9,9.0,9.3,9.1,9.0,9.1,9.3,9.6,9.8,9.8,9.8,10.1,10.1,10.2,10.2,10.3,10.3,10.5,10.7,10.7,10.8,10.9,10.9
038011,8.0,8.0,7.9,8.0,8.1,7.8,8.0,8.3,8.2,8.6,8.5,8.7,8.5,8.6,8.8,9.0,9.1,8.8,8.8,9.0,9.3,8.9,9.2,9.4,9.4
038012,8.7,8.8,8.9,8.5,8.7,8.8,9.0,9.1,9.4,9.8,9.9,9.5,10.1,9.8,10.1,10.0,10.3,9.9,10.3,10.5,10.3,10.6,11.0,10.5,10.8
038014,7.4,7.7,7.6,7.7,7.7,7.9,8.0,7.8,7.8,8.3,8.2,8.2,8.4,8.6,8.5,8.8,8.7,8.9,8.8,8.7,9.0,9.0,8.9,9.2,9.0
038017,7.9,8.0,8.1,8.0,8.3,8.2,8.2,8.6,8.3,8.6,8.7,8.5,8.7,8.7,8.6,8.7,9.0,9.0,9.0,9.0,9.1,8.7,9.3,9.2,9.4
038018,9.2,8.9,9.2,8.9,8.9,9.1,9.1,9.0,9.0,9.4,9.7,9.3,9.6,9.3,9.6,9.4,9.3,9.5,9.7,9.7,9.7,9.5,9.6,9.8,9.5
038019,8.4,8.6,8.3,8.6,8.6,8.7,8.7,8.5,8.8,8.6,8.6,8.8,8.9,8.9,9.0,8.9,9.1,9.1,8.9,9.3,9.0,8.9,9.1,8.8,9.1
038022,8.6,8.6,8.5,8.5,8.4,8.6,8.8,8.7,8.7,9.1,9.0,9.0,8.9,9.0,9.1,8.9,9.1,9.1,9.1,9.1,9.3,9.2,9.1,9.2,9.0
038023,8.5,8.6,8.8,8.8,9.0,8.7,9.1,8.8,9.1,9.1,9.7,9.9,9.3,9.4,9.6,10.0,9.7,9.6,9.9,10.0,9.9,10.0,10.2,10.3,10.4
038025,8.6,8.7,8.9,8.9,9.1,9.0,9.1,9.4,9.4,9.8,10.0,10.1,10.3,10.2,10.3,10.3,10.3,10.4,10.8,10.6,11.1,11.3,11.3,11.4,11.6
038027,8.7,9.0,8.8,8.9,9.2,9.2,9.4,9.2,9.3,9.9,9.5,9.9,9.8,9.8,9.7,9.9,10.1,10.2,10.1,10.0,10.3,10.1,10.4,10.1,10.4
038028,9.0,8.9,9.1,9.4,9.0,9.4,9.4,9.3,9.5,9.7,9.5,10.0,10.0,10.1,10.3,10.1,10.3,10.3,10.4,10.2,10.7,10.6,10.3,10.5,10.7
038029,8.9,9.1,9.0,9.2,9.3,9.1,9.3,9.6,9.9,10.5,10.2,10.4,10.4,10.9,10.5,10.5,10.8,11.0,10.8,11.1,11.4,11.5,11.3,11.1,11.3
038030,8.1,8.2,8.3,8.4,8.6,8.3,8.3,8.2,8.5,9.0,9.0,9.1,9.3,9.6,8.9,9.3,9.1,9.4,9.3,9.6,9.7,9.6,9.8,9.6,9.7
039001,9.7,9.7,9.9,9.7,9.9,10.2,10.0,10.7,10.5,10.8,11.3,11.5,11.9,11.1,11.5,11.7,12.1,11.9,12.1,12.5,12.8,12.5,12.9,12.8,13.1
039002,9.9,10.0,9.7,9.9,9.9,10.1,10.0,10.0,10.2,10.4,10.6,10.6,10.6,10.8,10.7,10.9,10.7,11.0,10.7,10.9,11.0,11.1,10.8,11.0,11.2
039003,8.1,8.3,8.3,8.4,8.4,8.5,8.7,8.5,8.8,9.0,9.3,8.9,9.1,9.1,9.0,9.3,9.2,8.9,9.3,9.2,9.4,9.3,9.6,9.4,9.3
039004,11.5,11.3,11.3,11.8,11.2,11.7,11.8,11.4,11.7,12.1,12.3,12.0,12.6,12.8,12.5,12.3,12.9,12.3,12.8,12.6,12.8,12.7,12.5,12.9,13.0
039005,9.2,9.2,9.2,9.3,9.2,9.5,9.3,9.3,9.9,9.9,10.1,10.4,9.9,10.6,10.5,10.4,10.7,10.7,10.5,10.6,11.1,10.8,11.0,10.9,11.1
039006,9.2,9.1,9.2,9.1,9.3,9.3,9.3,9.4,9.2,9.7,9.6,9.8,9.4,9.7,9.8,9.6,9.7,9.9,9.9,9.8,10.1,9.8,10.0,9.8,10.1
039007,7.5,7.5,7.5,7.8,7.9,7.8,7.7,7.9,7.8,8.3,8.4,8.0,8.5,8.3,8.4,8.1,8.6,8.6,8.9,8.8,8.9,8.8,8.7,8.9,8.7
039008,8.3,8.5,8.5,8.5,8.3,8.5,8.6,8.5,8.6,8.9,8.8,8.8,8.8,9.0,8.6,8.8,8.7,8.7,8.8,8.7,9.1,8.9,9.0,8.8,9.0
039009,8.4,8.6,8.4,8.5,8.7,8.7,8.7,8.6,8.6,9.1,9.1,8.9,9.3,9.1,9.2,9.2,9.1,9.4,9.4,9.0,9.5,9.5,9.4,9.5,9.4
039010,7.9,7.9,8.0,8.1,8.0,8.5,8.3,8.6,8.4,8.7,9.0,8.9,9.0,9.0,9.2,9.3,9.3,9.4,9.4,9.4,9.7,9.6,9.6,9.7,9.8
039011,8.4,8.5,8.2,8.4,8.5,8.5,8.8,8.8,8.7,9.4,9.3,9.4,9.6,9.9,9.8,9.8,9.9,9.9,10.1,10.3,10.5,10.5,10.4,10.5,11.0
039012,9.3,9.1,9.4,9.3,9.4,9.2,9.4,9.4,9.3,9.8,9.8,9.6,9.9,9.9,9.9,10.0,10.0,10.3,10.0,10.2,10.2,10.0,9.8,10.2,10.2
039013,9.2,9.1,9.1,9.2,9.4,9.4,9.2,9.4,9.3,9.8,9.7,9.8,9.5,9.5,9.7,9.5,10.1,9.5,9.8,9.7,9.8,9.8,9.9,9.9,9.8
039014,9.6,9.7,10.1,9.9,9.8,10.1,10.0,10.5,10.3,10.8,10.9,11.1,11.2,11.2,11.4,11.6,11.5,11.5,11.9,12.1,12.3,12.5,12.3,12.6,12.7
039015,7.5,7.5,7.6,7.9,7.9,8.2,8.2,8.0,8.1,8.7,8.7,8.7,8.9,9.2,9.3,9.3,9.6,9.6,9.6,10.2,10.4,9.8,10.1,10.2,10.5
039016,8.1,8.4,8.1,8.0,8.7,8.2,8.3,8.2,8.4,8.5,9.0,8.7,8.6,8.8,9.0,8.9,9.1,9.0,9.2,9.0,9.2,9.2,9.3,9.2,9.3
039017,9.9,9.9,10.0,10.4,10.1,10.5,10.5,11.0,10.7,11.2,11.8,11.5,11.5,12.0,11.8,12.4,11.9,12.4,12.7,13.0,13.0,12.4,13.2,13.2,13.3
039018,8.6,8.6,8.4,8.6,8.6,8.5,8.8,8.7,8.9,9.1,8.9,8.8,9.2,9.0,9.1,8.9,9.1,9.1,8.9,9.1,9.3,9.2,9.2,9.2,9.1
040001,8.9,9.4,9.3,9.3,9.4,9.6,9.6,9.6,9.9,10.3,10.3,10.7,10.4,10.5,10.8,10.5,10.8,11.3,10.7,11.2,11.5,11.4,11.8,11.6,11.6
040003,9.0,9.3,9.2,9.0,9.2,9.2,9.0,9.4,9.5,9.3,9.7,9.7,9.5,9.5,9.6,9.6,9.5,9.5,9.5,9.3,9.7,9.3,9.6,9.1,9.6
040004,9.0,9.1,8.9,9.0,9.3,9.0,9.0,9.2,9.0,9.7,9.3,9.6,9.4,9.3,9.3,9.7,9.4,9.2,9.3,9.6,10.0,9.5,9.6,9.5,9.5
040005,8.7,8.6,8.6,8.9,8.8,9.0,8.6,8.7,8.9,9.3,9.3,9.1,9.3,9.7,9.5,9.2,9.4,9.7,9.6,9.6,9.6,9.4,9.5,9.6,9.4
040007,10.1,10.1,10.3,10.5,10.6,10.8,10.8,10.7,11.0,11.3,11.2,11.2,11.6,12.1,11.8,11.8,12.3,11.7,12.5,12.5,12.8,12.5,13.4,12.6,12.9
040008,8.2,8.3,8.5,8.4,8.5,8.6,8.2,8.4,8.2,8.8,8.6,8.5,8.3,8.5,8.5,8.6,8.3,8.5,8.4,8.5,8.5,8.3,8.4,8.3,8.2
040009,8.6,8.7,8.8,9.0,9.3,9.2,9.4,9.7,9.5,10.4,10.2,10.5,10.9,11.0,10.6,11.0,11.0,11.3,11.6,11.8,12.3,11.9,12.4,12.4,12.5
040011,8.6,8.8,8.7,8.5,8.7,8.8,8.7,8.9,9.0,9.3,9.6,9.4,9.4,9.7,9.6,9.6,9.9,9.8,9.9,9.9,10.2,9.8,10.0,10.4,10.1
040012,8.5,8.6,8.6,8.8,8.7,9.1,8.8,9.0,9.1,9.4,9.5,9.4,9.7,10.0,9.8,9.8,10.0,10.2,10.1,10.3,10.6,10.3,10.3,10.8,10.7
040013,8.5,8.6,8.5,8.5,8.4,8.4,8.7,8.8,8.7,9.0,9.0,9.3,9.1,8.8,9.0,9.0,8.9,9.1,9.1,9.2,9.5,9.2,9.2,9.0,9.0
040014,6.8,6.8,7.0,6.7,7.0,6.8,7.0,7.0,7.2,7.3,7.2,7.3,7.5,7.2,7.4,7.5,7.4,7.7,7.5,7.8,8.1,7.8,7.9,7.7,7.7
040015,8.4,8.5,8.4,8.7,8.5,8.6,8.8,8.9,8.9,8.9,8.9,9.1,9.4,9.4,9.4,9.1,9.4,9.8,9.5,9.5,10.0,9.8,9.8,10.2,9.9
040016,8.8,9.0,8.8,9.1,9.3,9.1,9.4,9.4,9.4,9.8,9.9,10.6,9.6,10.3,10.3,10.3,10.5,10.5,10.5,11.1,11.4,11.0,11.0,11.1,11.4
040018,8.0,8.3,8.1,8.3,8.1,8.2,8.5,8.3,8.3,8.9,8.6,9.1,9.3,9.0,8.8,9.1,9.2,9.2,9.2,9.2,9.7,9.4,9.5,9.7,9.8
040019,7.5,7.4,7.4,7.4,7.6,7.7,7.8,7.7,7.7,8.2,8.0,8.0,8.2,8.4,8.3,8.2,8.4,8.4,8.3,8.4,8.8,8.5,8.7,9.0,8.8
040020,8.3,8.5,8.7,8.5,8.6,8.7,8.8,8.6,8.9,9.0,9.3,9.4,9.4,9.2,9.6,9.4,9.4,9.4,9.5,9.5,10.1,9.7,9.8,9.7,9.8
040022,9.2,9.4,9.6,9.5,9.6,9.7,9.4,9.6,9.9,10.1,10.1,10.3,10.5,10.1,10.1,10.3,10.2,10.3,10.5,10.5,10.8,10.7,10.8,10.5,11.2
040028,8.6,8.9,8.4,8.8,8.7,8.8,8.9,8.8,8.9,9.3,9.1,9.3,9.4,9.5,9.5,9.5,9.5,9.6,9.7,9.9,10.1,9.8,9.7,9.7,9.9
040031,7.7,7.9,8.1,7.9,8.0,8.0,8.1,8.3,8.4,8.5,8.7,8.7,8.8,9.0,9.0,9.0,9.1,9.1,9.2,9.4,9.7,9.7,9.6,9.8,10.1
040032,8.4,8.2,8.6,8.4,8.6,8.7,8.9,8.8,8.9,9.6,9.4,10.3,9.7,9.5,10.1,10.0,10.1,10.3,10.3,10.7,10.9,10.6,11.0,10.8,11.0
040033,10.1,10.3,10.2,10.2,10.6,10.9,10.6,10.7,11.0,11.2,11.3,11.4,11.5,11.5,11.5,11.5,11.8,11.9,11.7,11.9,12.5,12.2,12.2,12.4,12.3
040036,8.3,8.4,8.7,8.5,9.0,8.8,8.7,9.0,9.2,9.4,9.9,9.9,9.9,10.1,10.4,10.0,10.1,10.3,10.5,10.7,11.0,11.0,11.0,10.7,11.1
040037,9.3,9.4,9.3,9.4,9.3,9.8,9.8,9.9,9.8,10.4,10.3,10.4,10.5,11.0,10.6,11.2,11.2,10.8,11.5,11.6,11.6,11.3,11.5,11.7,11.9
040041,8.1,8.1,8.4,8.0,8.2,8.2,8.4,8.4,8.4,8.7,8.5,8.7,8.9,8.8,8.8,8.8,8.8,9.0,8.9,9.1,8.9,8.8,9.2,8.9,8.7
040043,8.8,9.1,9.2,9.3,9.1,9.2,9.4,9.3,9.4,9.6,9.8,9.8,9.6,9.7,10.0,9.9,10.1,10.2,10.1,10.1,10.5,10.2,10.5,10.6,10.5
040044,7.8,7.7,7.8,7.7,7.8,7.9,8.0,7.9,7.8,8.2,8.2,8.2,8.3,8.2,8.4,8.1,8.2,8.2,8.1,8.3,8.4,8.0,8.2,8.3,8.3
040045,6.4,6.3,6.5,6.5,6.4,6.5,6.3,6.4,6.5,6.5,6.6,6.7,6.6,6.7,6.6,6.7,6.6,6.8,6.7,7.0,6.9,6.8,6.7,7.0,6.9
040046,8.4,8.2,8.3,8.3,8.4,8.4,8.7,8.5,8.3,8.9,8.8,8.9,8.9,8.8,8.9,9.2,9.0,9.1,9.1,9.3,9.3,9.1,9.3,9.3,9.4
040049,8.9,8.5,8.6,8.9,8.6,8.9,8.9,9.2,8.9,9.6,9.5,9.8,9.7,9.1,9.6,9.9,9.6,9.9,10.0,9.8,10.1,10.2,10.1,10.0,10.2
040050,8.4,8.6,8.8,8.7,8.8,8.7,8.9,9.1,9.1,9.2,9.4,9.4,9.5,9.4,9.5,9.6,9.6,9.6,10.2,9.8,10.1,9.8,9.8,10.1,10.1
041001,8.6,8.3,8.5,8.7,9.0,9.0,9.2,9.3,9.2,9.5,9.8,9.5,9.9,9.7,9.8,10.2,10.2,10.1,10.3,10.5,10.7,10.6,10.8,10.5,10.4
041002,8.4,8.5,8.6,8.3,8.4,8.2,8.4,8.3,8.4,8.7,8.7,9.0,8.8,8.7,8.5,8.6,8.9,8.8,8.7,8.5,8.7,8.6,8.8,8.7,8.3
041005,9.8,10.2,10.2,10.3,10.4,10.0,10.4,10.4,10.7,10.8,10.9,11.1,10.7,10.9,11.1,11.1,10.8,11.3,11.1,11.4,11.6,11.5,11.6,11.4,11.9
041006,7.1,6.9,7.1,6.9,7.0,7.1,7.1,7.2,7.1,7.2,7.3,7.5,7.1,7.3,7.2,7.3,7.2,7.4,7.3,7.5,7.7,7.4,7.4,7.4,7.3
041007,10.5,10.9,10.3,10.6,10.7,10.7,11.0,10.5,11.1,11.0,11.5,11.7,11.8,11.7,11.6,12.0,11.8,12.1,12.1,12.3,12.3,12.7,12.4,12.6,12.8
041008,8.2,8.1,8.4,8.3,8.3,8.2,8.1,8.2,8.3,8.7,8.6,8.7,8.9,8.8,8.8,8.6,9.0,8.8,9.0,8.8,9.1,9.1,9.1,9.1,9.0
041009,9.1,9.2,8.9,9.3,9.2,8.9,9.1,8.8,9.0,9.6,9.4,9.2,9.5,9.2,9.4,9.6,9.4,9.4,9.8,9.4,9.9,9.6,9.6,9.8,9.4
041010,7.6,7.7,7.8,7.7,7.8,7.9,7.9,8.0,7.9,8.1,8.4,8.5,8.4,8.6,8.7,8.7,8.5,9.0,8.6,8.6,9.0,8.7,9.0,9.0,9.3
041013,9.0,9.3,9.3,9.2,9.2,9.5,9.2,9.3,9.3,9.5,9.6,9.6,9.7,9.9,9.7,10.0,10.0,9.6,9.6,9.8,10.3,10.2,9.9,10.2,10.1
041014,7.1,7.4,7.2,7.3,7.4,7.3,7.4,7.6,7.5,7.9,8.0,8.0,7.9,8.2,8.0,8.2,8.1,8.5,8.3,8.5,8.3,8.4,8.3,8.3,8.4
041015,8.2,8.4,8.4,8.3,8.6,8.6,8.7,8.9,9.1,9.5,9.6,9.6,9.8,9.6,10.1,10.3,9.9,10.2,10.6,10.1,10.8,11.0,10.9,10.9,11.2
041016,11.1,11.0,11.2,11.2,11.5,11.2,11.2,11.3,11.2,11.5,11.9,12.3,12.2,12.2,12.2,12.0,12.1,12.9,12.7,12.7,13.1,13.0,12.8,12.9,12.6
041017,8.5,8.6,8.5,8.6,8.9,8.6,9.0,9.1,9.1,9.5,9.6,9.7,9.8,9.8,10.0,9.9,10.2,10.5,10.4,10.8,10.9,10.7,10.6,10.9,11.0
041018,9.1,9.4,9.1,9.4,9.5,9.5,9.3,9.5,9.5,9.9,9.8,10.4,9.9,10.1,10.2,10.3,10.4,10.5,10.5,10.2,10.9,10.7,10.6,10.9,10.5
041019,8.1,8.0,7.9,7.9,8.1,8.1,8.3,8.0,8.1,8.4,8.4,8.5,8.8,8.3,8.4,8.7,8.7,8.6,8.7,9.0,8.9,8.6,9.0,9.0,9.0
041020,10.0,10.3,10.1,10.1,10.0,10.3,10.3,10.8,10.7,10.9,11.0,11.2,11.5,11.4,11.0,11.6,11.9,11.9,11.8,11.9,12.4,12.3,12.3,12.5,12.5
041021,7.9,7.7,7.8,7.6,8.0,7.9,7.8,7.6,8.0,8.5,8.2,8.3,8.3,8.3,8.4,8.3,8.4,8.4,8.6,8.5,8.9,8.6,8.4,8.7,8.5
041022,10.3,10.2,10.1,10.3,10.5,10.8,10.8,10.9,10.8,11.7,11.5,11.2,11.4,11.6,11.5,11.8,11.8,12.2,11.7,12.7,12.5,12.6,12.3,12.6,13.1
041023,8.5,8.7,8.8,8.6,8.7,8.8,8.8,8.8,8.8,9.0,8.8,9.1,8.8,9.0,9.0,9.1,9.0,8.8,9.0,8.9,8.9,8.9,8.7,8.8,8.9
041025,8.2,8.3,8.4,8.4,8.6,8.7,9.0,8.8,8.9,9.3,9.4,9.4,9.6,9.8,9.8,9.9,9.7,9.9,9.9,10.0,10.5,10.4,10.3,10.6,10.7
041026,8.3,8.4,8.5,8.6,8.5,8.8,8.8,8.8,9.0,9.0,9.4,9.7,9.5,9.6,9.8,10.1,10.0,10.2,10.2,10.3,10.9,10.9,10.7,10.8,10.8
041027,7.7,7.6,7.8,7.8,8.0,7.9,7.6,7.8,7.7,8.1,8.2,8.2,8.0,7.9,8.1,8.3,8.3,8.2,8.3,8.3,8.3,8.4,8.5,8.4,8.4
041028,8.3,8.3,8.3,8.7,8.5,8.9,8.7,8.5,8.7,8.9,8.7,9.2,9.3,9.1,9.3,9.3,9.4,9.6,9.3,9.7,10.1,10.0,9.8,9.9,10.1
041029,8.0,8.0,8.1,8.2,8.2,8.3,8.1,8.5,8.2,8.9,8.8,8.8,8.9,8.9,9.4,9.0,8.9,8.8,9.1,9.2,9.7,9.3,9.6,9.2,9.2
041030,9.0,8.8,9.1,9.2,9.2,9.3,9.3,9.4,9.7,10.2,9.8,9.9,10.1,10.1,10.1,10.5,10.7,10.7,10.7,11.1,11.1,11.1,10.9,11.1,11.0
041031,7.2,7.2,7.5,7.3,7.4,7.6,7.7,7.5,7.6,8.1,8.1,8.2,8.1,8.2,8.2,8.5,8.3,8.4,8.4,8.6,8.7,8.6,8.8,9.0,8.9
041034,8.4,8.3,8.4,8.4,8.5,8.5,8.7,8.8,8.7,8.8,9.1,9.2,9.0,9.2,8.9,9.4,9.1,9.5,9.6,9.4,9.6,9.8,9.5,9.9,10.1
041035,7.9,8.0,8.3,8.2,8.2,8.0,8.5,8.5,8.5,8.8,8.5,8.8,9.0,8.9,8.8,9.2,8.9,9.3,8.9,9.1,9.5,9.3,9.4,9.3,9.3
041036,7.0,6.9,7.1,7.2,7.3,7.1,7.4,7.5,7.5,7.7,7.5,7.8,7.9,7.8,8.0,8.0,8.2,8.1,8.1,8.2,8.5,8.2,8.4,8.5,8.6
041038,9.4,9.0,9.3,9.3,9.2,9.2,9.4,9.6,9.4,9.7,9.5,9.7,9.7,9.7,9.7,10.2,9.9,10.3,9.9,9.9,10.2,10.5,10.0,10.4,10.2
041041,9.1,9.2,9.0,9.3,9.3,9.4,9.2,9.6,9.7,9.8,10.1,10.2,10.0,10.3,10.3,10.4,10.6,10.1,10.7,10.9,11.0,10.6,10.8,10.9,11.2
041043,9.1,9.5,9.0,9.3,9.5,9.4,9.5,9.4,9.7,9.6,9.6,9.7,9.6,9.5,9.6,10.0,9.9,9.8,9.6,9.8,9.9,9.7,10.0,10.0,10.0
041044,8.8,8.7,9.0,8.9,8.7,8.9,8.8,8.9,8.7,9.1,9.3,9.4,9.1,9.2,9.3,9.2,9.3,9.2,9.3,9.2,9.6,9.4,9.3,9.3,9.6
041045,10.2,10.2,10.5,10.2,10.6,10.8,10.9,10.9,10.9,11.5,11.6,11.4,11.5,11.9,12.0,12.1,12.0,12.4,12.3,12.3,12.9,12.7,12.9,12.8,12.8
041047,9.0,8.8,8.9,9.2,9.0,9.2,9.1,9.4,9.6,9.7,9.5,9.8,9.9,10.2,10.0,10.1,9.9,10.4,10.0,10.0,10.6,10.6,10.5,10.6,10.7
041048,7.3,7.3,7.6,7.7,7.6,7.6,7.5,7.8,7.7,8.0,8.1,8.4,8.1,8.0,8.2,8.1,8.4,8.4,8.6,8.4,8.7,8.5,8.9,8.7,8.9
041049,8.4,8.5,8.6,8.8,8.8,8.8,8.9,8.9,9.2,9.5,9.6,9.7,9.6,9.8,10.0,9.8,10.1,10.9,10.3,10.8,10.6,10.7,10.5,10.7,11.0
041051,8.0,8.0,8.4,8.4,8.4,8.4,8.5,8.4,8.6,8.8,9.0,8.7,9.2,9.3,9.2,9.2,9.5,9.3,9.5,9.5,9.7,9.7,9.8,9.6,10.0
041054,9.5,9.4,9.6,9.4,9.9,9.5,9.7,9.8,9.6,10.2,10.1,10.1,10.1,10.5,10.4,10.5,10.5,10.4,10.8,10.8,10.8,10.8,10.6,11.0,11.0
041057,8.4,8.3,8.2,8.4,8.6,8.5,8.6,8.6,8.8,9.3,9.3,9.2,9.0,9.5,9.4,9.6,9.4,9.9,9.8,9.9,10.3,9.9,10.2,10.4,10.6
041058,9.3,9.6,9.6,9.3,9.6,10.1,9.8,10.3,10.2,10.4,10.4,10.9,10.7,11.0,11.3,11.3,11.6,11.8,11.5,12.0,12.3,11.8,12.3,12.3,12.2
041061,8.4,8.8,8.8,8.6,8.6,8.7,8.9,8.5,8.6,9.1,9.0,9.1,9.1,8.9,9.1,9.0,8.9,8.7,9.3,8.9,9.2,9.0,9.1,8.8,8.9
041064,9.6,9.4,9.6,9.9,9.9,10.1,10.1,10.1,10.3,10.6,10.8,10.6,11.1,11.1,11.0,11.3,11.3,11.3,11.2,12.0,12.2,11.8,12.1,12.0,12.0
041065,7.4,7.2,7.5,7.5,7.4,7.4,7.6,7.5,7.6,8.0,7.8,7.8,7.9,8.0,8.0,7.9,7.8,8.2,8.0,8.2,8.4,8.2,8.2,8.2,8.4
041066,8.7,8.7,8.8,8.7,8.7,8.7,8.5,8.7,8.6,9.1,8.9,8.9,9.0,8.8,9.1,9.1,9.2,9.0,9.1,9.3,9.2,9.0,9.0,8.9,9.0
041067,9.1,9.1,9.0,9.0,9.2,9.3,9.6,9.4,9.8,10.2,9.9,10.2,10.1,10.4,10.1,10.4,10.6,10.7,10.5,10.3,11.1,10.9,11.1,11.2,10.9
041068,8.5,8.7,8.6,8.8,8.7,8.9,8.7,9.1,8.8,9.4,9.4,9.4,9.3,9.4,9.4,9.5,9.4,9.7,9.4,9.7,10.0,9.7,9.3,9.8,9.8
041069,7.9,8.0,8.1,8.1,8.3,8.4,8.4,8.2,8.2,8.5,8.7,8.8,8.9,8.5,8.7,8.7,9.1,8.5,8.8,8.8,9.1,8.8,9.1,9.0,9.2
041070,9.1,8.8,9.2,9.0,8.9,9.3,9.4,9.3,9.1,9.7,9.7,9.7,10.1,9.8,9.9,9.9,10.1,9.9,9.9,10.1,10.2,10.1,10.1,10.2,9.9
041071,8.1,8.1,8.0,7.8,8.2,8.0,8.0,8.3,8.2,8.7,8.5,8.4,8.7,8.4,8.4,8.7,8.5,8.6,8.8,8.5,9.0,8.7,9.1,8.6,8.7
042001,8.5,8.6,8.8,8.8,8.9,8.8,9.0,9.2,9.3,9.8,9.6,10.1,9.7,10.2,10.2,10.0,10.4,10.6,10.7,11.0,11.2,10.7,11.3,11.1,11.0
042002,8.1,8.4,8.1,8.1,8.3,8.3,8.5,8.5,8.4,8.7,8.8,8.9,9.0,8.7,9.0,8.9,9.1,8.8,8.9,9.0,9.4,9.3,9.4,9.2,9.3
042003,8.6,8.5,8.9,8.6,8.7,8.8,8.7,8.9,9.0,9.1,9.3,9.3,9.4,9.4,9.2,9.6,9.5,9.5,9.8,9.9,10.0,9.8,9.9,10.3,10.0
042004,8.4,8.4,8.5,8.6,8.5,8.6,8.7,8.5,8.9,9.1,8.9,9.5,9.2,9.2,9.3,9.5,9.7,9.7,9.5,9.7,10.2,9.8,9.9,10.0,10.5
042005,7.9,7.9,7.9,8.0,7.9,8.0,8.0,8.1,8.0,8.2,8.2,8.2,8.2,8.3,8.1,8.1,8.1,8.2,7.9,8.2,8.5,8.3,8.4,8.2,8.3
042006,8.4,8.6,8.6,8.5,8.7,8.8,8.7,8.7,8.7,9.3,9.2,9.1,9.2,9.3,9.2,9.4,9.4,9.5,9.8,9.5,9.8,9.5,9.5,9.8,9.7
042007,7.3,7.3,7.0,7.1,7.2,7.4,7.3,7.3,7.5,7.6,7.7,7.9,7.7,8.1,8.0,7.9,8.2,7.9,8.4,7.8,8.4,8.3,8.2,8.2,8.4
042008,8.3,8.7,8.5,8.2,8.5,8.6,8.4,8.7,8.6,8.8,8.8,8.7,8.7,9.0,8.9,8.9,8.7,9.0,8.9,8.9,9.2,9.0,8.8,9.1,9.1
042010,7.4,7.6,7.7,7.6,7.8,7.6,7.9,7.8,7.8,8.1,8.4,8.1,8.3,8.5,8.2,8.5,8.5,8.4,8.6,8.5,8.9,8.9,9.0,8.7,8.8
042011,8.9,8.8,9.0,9.1,9.2,9.3,9.6,9.6,9.6,10.1,9.9,10.3,10.4,10.4,10.6,10.5,11.0,10.8,10.9,10.8,11.3,11.6,11.4,11.5,11.7
042012,10.2,10.1,10.2,10.7,10.5,10.5,11.0,10.9,11.2,11.9,11.3,11.7,12.6,12.3,12.1,12.2,12.5,12.8,12.6,13.2,12.9,13.3,13.8,13.7,13.3
042013,8.6,8.6,8.8,9.0,8.7,9.0,9.0,9.2,9.3,9.6,10.2,9.9,10.0,9.8,10.1,10.2,10.4,10.4,10.2,10.5,10.7,10.6,10.8,10.9,10.8
042014,8.8,8.7,8.9,8.9,8.8,8.9,9.0,8.8,9.2,9.3,9.7,9.4,10.0,9.5,9.8,9.9,9.8,9.9,9.9,10.0,10.3,9.9,10.0,10.3,10.1
042015,9.5,9.6,9.5,9.7,9.7,10.0,10.1,10.4,10.7,10.6,10.7,11.1,10.9,11.3,11.2,11.5,11.6,11.6,11.7,11.9,11.7,12.2,12.1,12.0,12.3
042016,8.1,8.4,8.1,8.3,8.5,8.5,8.6,8.8,8.9,9.0,9.2,9.2,9.5,9.2,9.6,10.0,9.5,9.8,9.8,9.9,10.4,10.1,10.4,10.7,10.7
042017,8.5,8.7,8.6,8.8,8.6,9.1,8.8,8.9,9.0,9.2,9.4,9.6,9.7,9.9,9.8,9.8,10.0,10.4,10.5,10.3,10.4,10.5,10.9,10.8,10.9
042018,6.3,6.3,6.5,6.5,6.5,6.7,6.8,6.8,6.6,7.0,7.1,7.3,7.3,7.5,7.3,7.7,7.6,7.6,7.6,7.8,8.0,7.9,7.8,8.0,7.9
042019,8.4,8.3,8.5,8.4,8.3,8.5,8.6,8.6,8.7,8.9,9.1,9.3,9.1,9.2,9.4,9.3,9.5,9.5,9.4,9.7,9.7,9.9,9.6,9.5,9.8
042020,8.4,8.6,8.6,8.8,9.1,9.3,9.1,8.8,9.3,9.8,9.5,9.6,9.8,10.3,10.2,10.0,10.3,10.0,10.4,10.4,10.8,10.8,10.9,10.9,11.2
042021,7.0,7.2,6.9,7.1,7.1,6.9,7.2,7.2,7.0,7.2,7.4,7.3,7.5,7.4,7.5,7.6,7.4,7.5,7.5,7.5,7.6,7.5,7.7,7.7,7.6
042022,9.1,9.0,9.0,9.1,9.1,9.0,9.4,9.3,9.4,9.7,9.7,9.4,9.4,9.7,9.2,9.5,9.6,9.6,10.0,9.8,10.0,9.8,9.5,9.8,9.8
042023,9.0,9.1,9.0,8.9,9.1,8.8,9.4,8.9,9.2,9.2,9.6,9.7,9.7,9.6,9.5,9.7,9.8,9.7,10.0,9.7,10.2,9.8,9.9,9.8,10.1
042024,8.1,8.2,8.2,8.1,8.3,8.1,8.5,8.3,8.5,8.6,8.8,9.1,9.1,8.7,9.1,9.2,9.3,9.3,9.5,9.6,10.0,9.5,9.7,9.7,9.7
042025,8.1,8.1,8.5,8.4,8.5,8.2,8.2,8.6,8.3,8.8,8.9,8.8,8.5,9.0,8.9,8.8,8.9,9.1,9.3,9.2,9.5,9.1,9.5,9.5,9.6
042026,9.1,9.3,9.3,9.3,9.1,9.7,9.5,9.5,9.8,10.1,10.3,10.0,10.6,10.2,10.7,10.7,10.6,10.5,10.9,11.1,11.7,11.4,11.3,11.4,11.3
042027,9.3,9.5,9.4,9.4,9.4,9.4,9.6,9.6,9.6,10.0,10.4,10.2,10.2,10.0,10.6,10.7,10.6,10.6,10.7,10.7,11.0,11.0,10.7,11.0,11.1
042029,8.7,8.8,8.8,8.8,8.7,8.8,8.8,8.6,9.2,9.4,9.0,9.1,8.9,9.6,9.2,9.3,9.4,9.4,9.0,9.2,9.7,9.3,9.2,9.3,9.3
042030,11.0,10.8,10.9,11.3,11.4,11.1,11.5,11.5,12.1,11.7,12.5,12.4,12.9,12.6,12.8,13.0,13.5,13.5,13.8,13.6,14.0,13.4,14.2,14.3,14.3
042031,6.5,6.4,6.6,6.6,6.6,6.5,6.6,6.7,6.4,6.8,6.8,6.9,6.8,6.7,6.8,6.7,7.0,6.8,6.8,6.7,6.9,6.8,6.9,6.9,6.8
042032,8.7,8.7,8.9,8.6,8.8,8.5,8.6,8.6,8.6,8.8,8.8,8.9,8.9,8.9,8.8,8.9,8.7,8.7,8.5,8.5,8.8,8.5,8.4,8.7,8.3
042033,8.7,8.8,8.9,8.9,9.0,9.0,8.9,9.2,9.3,9.8,9.8,9.8,9.8,10.1,10.0,10.1,10.0,10.1,10.5,10.6,10.8,10.5,10.9,10.5,11.2
042034,8.0,8.4,8.6,8.8,8.7,8.9,8.9,9.2,9.1,9.2,9.6,9.7,9.7,9.8,9.9,10.3,10.3,10.1,10.5,10.3,10.9,10.7,10.8,10.9,11.0
042035,7.8,8.1,7.8,8.0,8.0,8.0,8.2,8.1,8.2,8.6,8.7,8.5,8.5,8.4,8.7,8.4,8.7,8.7,8.9,8.7,9.1,9.0,8.8,9.0,8.7
042036,9.3,9.1,8.9,9.2,9.0,9.2,9.2,9.0,9.2,9.6,9.9,9.4,9.6,9.6,9.5,9.7,9.7,9.7,9.5,10.1,10.4,9.7,10.0,9.6,10.0
042037,8.6,8.7,8.9,9.0,9.1,9.3,9.5,9.3,9.3,9.8,9.8,10.0,10.1,10.2,10.4,10.7,10.7,10.9,11.0,10.9,11.5,11.5,11.5,11.8,12.1
042038,8.7,8.9,9.2,9.0,9.0,8.9,8.9,8.9,9.0,9.2,9.3,9.2,9.4,9.4,9.3,9.3,9.5,9.5,9.5,9.4,9.7,9.6,9.5,9.6,9.5
042040,8.3,8.3,8.3,8.4,8.4,8.3,8.4,8.2,8.2,8.5,8.4,8.6,8.6,8.5,8.6,8.4,8.3,8.5,8.3,8.2,8.9,8.4,8.3,8.4,8.4
042041,8.8,8.8,8.8,8.5,8.8,8.9,8.8,8.9,9.2,9.8,9.6,9.5,9.8,9.7,9.8,10.0,10.0,10.0,10.3,10.4,10.5,10.4,10.5,10.6,10.7
042042,8.2,7.9,8.1,8.1,8.1,8.1,7.8,8.0,7.8,8.5,8.2,8.4,8.2,8.3,8.2,8.3,8.5,8.3,8.4,8.1,8.4,8.4,8.2,8.3,8.4
042043,7.9,8.1,8.1,7.9,8.2,8.0,8.2,8.4,8.2,8.5,8.7,8.7,8.7,8.7,9.0,9.0,9.1,9.2,9.0,9.0,9.5,9.4,9.1,9.4,9.3
042044,7.9,8.0,8.1,7.9,8.1,8.1,8.0,8.1,8.3,8.4,8.8,8.6,8.7,8.7,9.2,8.9,9.2,9.0,9.1,9.1,9.4,9.4,9.5,9.7,9.7
042045,7.8,8.0,8.1,8.3,8.2,8.4,8.4,8.8,8.8,9.1,9.1,9.2,9.3,9.4,9.7,9.7,9.8,10.0,10.2,10.4,10.5,10.4,10.5,10.8,11.0
042046,8.1,8.1,8.4,8.3,8.3,8.4,8.0,8.3,8.1,8.3,8.4,8.4,8.5,8.5,8.5,8.6,8.4,8.3,8.6,8.6,8.6,8.5,8.6,8.6,8.5
042047,8.5,8.5,8.7,8.8,9.0,8.5,9.0,8.8,8.9,9.2,9.3,9.1,9.3,9.4,9.5,9.4,9.3,9.4,9.5,9.3,9.7,9.6,9.3,9.3,9.4
042048,9.6,10.0,10.0,10.2,10.2,10.2,10.5,10.1,10.4,10.5,10.9,10.7,11.0,10.7,11.1,11.1,11.1,11.0,10.9,10.9,11.8,11.6,11.6,11.5,11.8
042049,8.3,8.4,8.3,8.6,8.4,8.7,8.5,8.7,8.5,8.9,8.9,9.3,9.1,9.2,9.2,9.4,9.5,9.5,9.6,10.0,9.8,9.5,9.9,9.8,9.9
042050,8.3,8.0,8.3,8.1,8.3,8.3,8.0,8.2,8.3,8.5,8.4,8.7,8.3,8.6,8.4,8.7,8.6,8.6,8.6,8.4,8.8,8.6,8.6,8.6,8.4
043002,8.5,8.2,8.2,8.4,8.6,8.5,8.4,8.6,8.6,9.0,9.1,9.1,9.1,9.4,9.4,9.3,9.3,9.2,9.6,9.4,9.8,9.7,9.6,9.7,10.2
043003,8.9,8.7,8.8,9.0,8.9,9.0,8.6,8.5,8.9,9.2,9.3,9.3,9.5,9.6,9.3,9.4,9.3,9.4,9.5,9.6,9.7,9.6,9.5,9.6,9.6
043004,7.9,7.8,7.9,7.9,8.2,8.2,8.1,7.9,8.3,8.5,8.5,8.7,8.6,8.9,8.7,8.9,9.0,8.9,9.2,8.9,9.4,9.2,9.1,9.4,9.7
043005,8.4,8.5,8.9,8.4,8.7,8.7,8.7,8.7,8.9,9.2,8.9,9.3,9.0,9.3,9.1,9.1,9.1,9.1,9.3,9.5,9.5,9.3,9.3,9.4,9.1
043006,7.8,8.1,8.0,8.0,8.2,8.2,8.4,8.7,8.6,8.8,9.1,9.1,9.0,9.4,9.1,9.2,9.5,9.7,9.6,9.6,10.0,10.1,9.9,10.1,10.3
043007,7.9,7.9,8.1,8.3,8.3,8.5,8.6,8.9,8.9,9.4,9.8,9.4,9.8,9.9,10.0,10.3,10.6,10.5,10.6,11.2,11.4,11.1,11.2,11.4,11.7
043008,9.0,9.2,9.2,9.3,9.4,9.5,9.2,9.6,9.3,10.1,10.0,10.0,10.1,10.3,10.4,10.3,10.4,10.6,10.5,10.7,11.3,10.8,11.0,10.6,10.8
043009,9.4,9.1,9.4,9.8,9.5,9.7,9.9,10.0,10.0,10.4,10.6,10.5,10.7,10.9,11.0,10.9,11.2,11.2,11.5,11.6,12.1,11.9,12.0,12.0,12.0
043010,8.8,9.0,9.3,9.1,9.3,9.4,9.3,9.9,10.2,10.3,10.3,10.7,10.8,11.1,10.8,10.9,11.5,11.4,11.5,11.7,12.5,11.9,12.1,12.0,12.5
043011,8.4,8.6,8.6,8.6,8.8,9.0,8.8,9.1,9.1,9.4,9.6,9.7,9.9,10.0,9.7,10.0,9.9,10.3,10.1,10.3,10.8,10.9,10.9,10.9,11.0
043012,9.3,9.6,9.4,9.6,9.6,9.5,9.6,9.7,9.9,10.2,10.4,10.4,10.7,10.8,10.8,10.7,10.8,10.9,11.1,11.2,11.5,11.2,11.4,11.7,11.7
043013,9.7,10.0,9.8,9.9,10.2,10.1,10.3,10.2,10.2,10.6,10.6,10.9,11.2,10.8,10.6,11.4,11.2,11.5,11.4,11.5,11.5,11.8,11.9,11.9,12.0
043014,9.1,9.3,9.4,9.5,9.5,9.7,9.7,10.0,9.9,10.4,10.3,10.2,10.5,11.1,10.9,10.6,11.3,11.4,11.3,11.4,11.8,11.7,11.7,11.6,11.7
043015,8.1,8.0,7.9,8.2,8.1,8.1,8.2,8.1,8.1,8.3,8.5,8.3,8.4,8.4,8.4,8.5,8.5,8.3,8.1,8.4,8.6,8.3,8.3,8.3,8.4
043016,10.2,10.5,10.3,10.0,10.4,10.6,10.6,10.6,10.6,11.1,11.1,11.0,11.2,10.9,11.2,11.0,11.2,11.4,11.6,11.6,11.8,11.7,11.7,11.8,11.7
043017,7.8,8.0,8.1,8.2,8.4,8.2,8.4,8.4,8.7,9.0,8.9,8.9,9.5,9.4,9.0,9.5,9.5,9.6,9.9,9.9,10.3,9.7,10.0,10.0,10.1
043019,7.2,7.3,7.2,7.1,7.1,7.2,7.3,7.5,7.4,7.8,7.6,7.8,7.9,7.8,8.2,7.9,8.0,8.3,8.2,8.1,8.5,8.4,8.4,8.6,8.6
043020,10.5,11.0,10.9,10.6,10.8,11.2,11.7,11.3,11.6,11.8,11.8,12.2,12.2,12.4,12.4,12.3,12.4,12.4,13.1,12.7,13.2,13.0,13.4,12.9,13.4
043021,10.3,10.5,10.5,10.4,10.9,10.4,10.7,10.6,10.9,11.4,11.3,11.5,11.6,11.5,11.9,11.8,11.9,11.9,11.9,12.4,12.1,12.5,12.3,12.9,12.6
043022,8.9,9.4,8.9,8.9,9.1,8.9,9.1,9.0,9.2,9.2,9.5,9.2,9.4,9.3,9.4,9.3,9.1,9.4,9.2,9.0,9.4,9.4,9.2,9.2,9.1
043023,9.0,8.8,9.0,8.8,9.1,9.3,9.2,9.5,9.5,9.5,10.1,10.0,10.2,10.3,10.1,10.4,10.4,10.7,10.4,10.6,11.0,11.2,11.4,10.7,10.9
043024,9.0,8.9,8.9,8.9,9.0,8.9,9.2,9.3,9.3,9.4,9.3,9.3,9.7,9.7,9.9,9.5,9.9,9.5,9.6,10.0,10.0,9.9,10.1,9.9,10.0
043025,9.7,10.0,9.9,10.1,10.0,10.4,10.4,10.5,10.9,11.0,11.1,11.2,11.9,11.5,11.5,12.0,12.1,12.3,12.7,12.5,12.7,12.6,13.0,12.8,13.2
043026,8.2,8.6,8.4,8.6,8.6,8.7,8.8,8.7,9.0,9.2,9.3,9.6,9.2,9.8,9.6,9.6,9.8,9.8,9.9,10.1,9.8,10.1,9.9,10.8,10.1
043027,8.7,8.5,8.5,8.5,8.5,8.8,8.9,8.7,9.2,9.6,9.4,9.5,9.6,10.0,9.9,10.0,10.0,10.2,10.0,10.3,10.7,10.3,10.6,10.8,10.9
043028,7.6,7.6,7.6,7.7,7.7,7.9,8.0,8.0,7.9,8.6,8.4,8.5,8.3,8.3,8.7,8.6,8.9,8.5,8.8,8.9,9.1,9.0,8.8,9.0,8.8
043029,9.2,9.2,9.5,9.4,9.5,9.0,9.5,9.2,9.6,10.2,10.0,9.9,10.1,10.2,10.2,10.2,10.5,10.3,10.5,10.2,10.8,10.6,10.4,10.5,10.4
043030,8.4,8.4,8.3,8.5,8.6,8.6,8.7,8.8,8.7,9.2,9.4,9.1,9.2,9.3,9.4,9.1,9.6,9.5,9.4,9.6,9.7,9.8,9.9,9.8,9.6
043031,9.4,9.4,9.1,9.6,9.4,10.0,9.7,10.0,9.9,10.5,10.6,10.3,10.2,10.6,11.0,10.7,11.1,11.1,10.9,11.1,11.1,10.9,11.3,11.1,11.6
043032,7.8,7.7,7.8,7.9,8.1,8.1,8.1,8.1,8.1,8.7,8.4,8.6,8.8,8.9,9.0,8.9,8.9,9.3,9.3,9.0,9.7,9.4,9.7,9.6,10.1
043033,7.3,7.1,7.3,7.5,7.3,7.5,7.5,7.5,7.5,7.9,8.1,8.1,8.4,8.4,8.5,8.3,8.5,8.5,8.6,8.7,8.9,9.1,9.2,9.3,9.7
043034,9.6,9.6,9.6,9.7,10.0,9.9,9.9,9.9,10.1,10.8,10.8,10.8,11.0,10.8,11.3,11.5,10.9,11.8,11.7,11.7,12.1,12.1,11.9,12.2,12.0
043035,9.3,9.2,9.2,9.1,9.4,9.3,9.3,9.1,9.5,9.6,9.7,9.7,9.7,9.6,10.0,9.6,9.9,9.9,10.2,10.1,9.9,9.8,10.3,10.0,10.4
043036,8.1,8.3,8.0,8.0,8.3,8.4,8.3,8.5,8.6,8.7,8.9,8.9,9.1,9.1,9.1,9.2,9.7,9.7,9.5,9.4,9.5,9.9,9.7,9.8,9.7
043038,8.5,8.5,8.6,9.2,9.1,9.3,9.2,9.4,9.4,9.6,9.9,9.9,9.7,10.2,10.4,10.2,10.4,10.8,10.6,10.4,11.5,11.0,10.8,11.3,11.6
043039,7.6,7.8,8.0,7.7,8.0,8.0,8.1,8.1,8.5,8.9,9.0,8.9,8.9,8.9,9.2,9.2,9.6,9.4,9.3,9.6,10.2,10.1,10.0,10.1,10.1
043040,8.6,8.6,8.7,8.6,8.7,8.7,8.8,8.8,8.9,9.1,9.2,9.2,9.5,9.6,9.9,9.4,9.7,9.4,9.6,9.6,10.2,9.9,9.8,10.1,10.2
043041,6.8,6.7,6.9,6.9,7.0,7.1,7.1,6.9,7.2,7.2,7.3,7.2,7.4,7.6,7.4,7.6,7.4,7.5,7.3,7.7,7.8,8.0,7.8,7.9,7.8
043042,6.5,6.7,6.6,6.6,6.8,6.6,6.8,6.8,6.8,6.9,6.8,6.9,6.9,7.0,6.8,7.0,7.0,6.8,6.9,7.0,7.2,7.0,6.9,7.0,6.9
043043,9.9,9.8,10.1,10.0,10.1,10.0,10.4,10.4,10.5,11.1,10.8,11.2,10.8,11.3,11.1,11.2,11.5,11.5,11.7,11.6,11.9,11.5,11.5,11.8,12.1
043044,7.9,7.8,8.0,7.9,8.1,8.0,8.0,8.1,8.1,8.5,8.5,8.3,8.6,8.4,8.6,8.5,8.6,8.3,8.8,8.5,8.9,8.6,8.8,8.6,8.7
043045,8.0,7.8,8.0,8.0,7.9,8.2,8.0,8.0,8.1,8.4,8.2,8.3,8.4,8.3,8.3,8.3,8.6,8.5,8.5,8.7,8.8,8.5,8.3,8.6,8.8
043046,8.8,8.9,9.2,9.6,9.4,9.4,9.5,9.7,9.6,10.0,10.1,10.3,10.1,10.7,10.6,10.9,10.8,10.6,11.0,10.9,11.7,11.1,11.1,11.3,11.6
043047,7.5,7.3,7.4,7.5,7.4,7.6,7.5,7.4,7.6,7.7,7.8,7.8,7.9,7.9,7.8,7.8,7.7,7.9,8.0,7.9,8.2,7.7,8.0,8.1,7.9
043048,8.0,8.1,8.4,8.2,8.3,8.2,8.5,8.4,8.4,8.8,9.1,9.2,9.0,9.3,9.2,9.2,9.1,9.4,9.3,9.8,9.9,9.9,10.2,10.0,10.0
043049,8.4,8.2,8.4,8.2,8.3,8.6,8.7,8.7,8.7,8.9,9.0,9.1,9.2,9.3,9.4,9.4,9.5,9.5,9.7,9.4,10.1,9.7,10.1,10.0,10.3
043050,8.5,8.8,9.0,8.9,9.4,9.3,9.2,9.6,9.7,10.0,10.1,10.3,10.4,10.4,10.9,10.8,10.8,11.3,11.3,11.4,12.1,12.2,11.8,12.0,12.1
043051,8.5,8.4,8.5,8.7,8.4,8.4,8.8,8.7,8.7,8.9,8.8,8.8,9.1,8.6,9.0,8.8,8.9,8.9,8.9,9.0,8.8,9.3,9.2,9.1,9.1
043052,7.0,7.2,7.2,7.0,7.1,7.3,7.4,7.3,7.4,7.7,7.6,7.6,7.9,7.7,8.0,7.9,8.1,8.1,8.2,8.0,8.4,8.3,8.5,8.4,8.8
043053,7.4,7.5,7.5,7.6,7.7,7.6,7.8,7.7,7.6,7.7,7.8,7.9,7.9,7.9,8.1,7.9,8.0,8.0,7.8,7.9,8.2,8.1,8.1,8.0,8.1
043054,8.1,8.2,8.2,8.3,8.4,8.6,8.5,8.5,8.5,9.0,9.4,9.2,9.3,9.4,9.3,9.1,9.7,9.5,9.6,9.4,9.8,9.8,9.8,9.9,10.3
043055,8.9,9.2,9.2,9.2,9.3,9.4,9.1,9.4,9.3,9.7,9.7,9.7,9.5,9.7,9.8,9.8,9.8,9.8,9.9,10.0,10.1,10.0,10.0,9.9,9.9
043056,8.1,8.0,7.9,7.9,8.0,7.8,7.9,8.4,8.0,8.4,8.6,8.4,8.6,8.9,8.6,8.5,8.6,8.5,8.8,8.7,8.7,8.9,8.7,9.1,9.0
043057,7.5,7.4,7.6,7.6,7.8,7.7,7.8,7.8,7.9,8.3,8.3,8.2,8.6,8.5,8.7,8.7,8.4,8.6,8.9,8.7,9.2,9.1,8.9,8.8,9.1
043058,8.3,8.5,8.4,8.3,8.6,8.7,8.6,8.5,8.7,9.0,9.1,8.9,9.2,9.2,9.1,9.5,9.6,9.1,9.5,9.6,10.1,9.6,9.7,9.8,9.6
044001,7.9,7.7,7.8,7.7,7.7,7.8,7.9,7.8,7.8,7.9,8.0,8.2,8.1,7.7,8.0,8.1,7.9,8.2,8.0,8.1,8.2,7.8,8.0,7.9,8.0
044002,7.9,7.8,8.0,8.2,8.2,8.4,8.4,8.4,8.5,8.8,8.9,8.9,9.1,9.2,9.4,9.2,9.5,9.7,9.6,9.6,9.9,9.6,9.9,10.1,10.2
044005,8.7,8.8,8.5,8.7,8.7,8.7,8.6,8.8,8.7,9.3,8.9,9.2,9.1,9.1,9.0,9.1,9.0,9.3,9.4,9.4,9.6,9.5,9.4,9.6,9.4
044006,9.4,9.4,9.6,9.8,9.5,10.0,9.8,9.9,9.8,10.4,10.5,10.5,10.5,10.5,10.4,10.8,11.0,11.0,11.0,11.8,11.5,11.4,11.6,11.2,11.4
044007,9.6,9.5,9.6,9.8,9.8,9.6,10.0,10.0,10.0,10.4,10.0,10.5,10.6,10.3,10.3,10.8,10.5,10.8,10.8,10.6,10.8,10.6,10.6,10.4,10.6
044010,7.9,8.0,8.0,8.3,8.4,8.3,8.5,8.4,8.2,9.0,9.0,8.9,9.4,9.1,9.2,9.2,9.3,9.4,9.7,9.7,9.8,9.7,9.9,9.9,10.1
044011,8.1,8.4,8.4,8.3,8.2,8.7,8.3,8.9,8.6,8.7,8.9,8.9,8.9,9.2,8.9,8.9,8.9,8.8,9.1,8.9,9.4,9.3,9.1,9.2,9.3
044012,8.3,8.5,8.4,8.5,8.4,8.2,8.3,8.7,8.7,9.0,9.3,9.1,9.1,9.3,9.2,9.4,9.5,9.7,9.7,10.0,9.8,9.6,10.1,9.9,9.9
044013,9.2,9.1,9.4,9.3,9.3,9.6,9.6,9.8,9.6,10.0,10.0,10.0,9.9,10.3,9.9,10.5,10.2,10.1,10.7,10.5,11.0,10.6,10.3,10.7,10.6
044014,11.0,10.6,11.4,11.0,11.6,11.2,11.9,11.9,12.1,12.5,12.8,12.6,13.0,13.1,13.2,13.1,13.7,13.7,14.1,14.2,13.9,14.1,14.3,14.9,15.7
044015,8.5,8.8,8.7,8.9,8.7,8.7,8.7,8.5,8.7,9.1,9.0,9.2,9.1,9.2,9.4,9.1,9.2,9.2,9.1,9.0,9.6,9.2,9.0,9.0,9.6
044016,7.4,7.3,7.1,7.3,7.4,7.5,7.5,7.5,7.5,7.6,7.7,7.8,7.7,7.7,7.9,8.1,8.1,7.9,8.2,8.0,8.2,8.0,8.1,8.1,8.1
044017,8.6,8.4,8.7,8.5,8.7,8.9,8.6,8.6,8.6,8.9,9.3,9.4,9.1,9.3,8.9,9.2,9.4,9.2,9.3,9.4,9.5,9.3,9.4,9.6,9.6
044020,10.2,10.1,10.3,10.3,10.2,10.4,10.5,10.6,10.5,11.0,10.8,11.1,10.9,11.2,11.0,11.1,11.0,11.1,11.2,11.7,11.2,11.3,11.2,11.3,11.5
044021,8.6,8.7,8.7,8.9,8.9,8.7,9.0,9.0,9.0,9.0,9.2,9.2,9.5,9.4,9.5,9.5,9.2,9.7,9.9,9.5,10.1,9.6,9.8,9.6,9.4
044023,8.3,8.2,8.3,8.6,8.5,8.4,8.5,8.7,8.6,9.5,9.2,9.2,9.7,9.5,9.5,9.7,9.6,10.1,10.0,10.2,10.2,10.4,10.5,10.6,10.3
044027,7.3,7.2,7.2,7.3,7.4,7.4,7.5,7.7,7.6,7.9,7.7,8.0,7.9,7.9,8.0,8.2,8.0,8.1,8.1,8.1,8.3,8.4,8.6,8.5,8.5
044029,8.9,9.3,9.1,9.3,9.2,9.7,9.4,9.9,9.9,10.2,10.2,10.0,10.4,10.2,10.7,10.5,10.8,11.0,10.7,11.3,11.7,11.5,11.3,11.8,11.4
044031,7.8,7.7,7.7,8.3,7.9,8.0,7.9,8.0,8.3,8.4,8.2,8.4,8.6,8.6,8.7,8.8,9.0,9.2,9.0,9.4,9.5,9.2,9.4,9.3,9.7
044032,8.5,8.7,8.4,8.7,8.8,8.6,8.8,9.0,8.7,9.3,9.7,9.7,9.7,9.5,9.6,9.5,9.6,9.6,10.0,10.0,10.5,10.0,10.2,10.5,10.2
044034,8.5,8.5,8.7,8.7,8.8,8.9,8.7,9.2,9.3,9.6,9.7,9.8,9.8,10.0,10.2,10.4,10.2,10.1,10.6,10.4,10.8,10.8,10.9,10.9,11.2
044036,7.8,7.8,7.8,7.6,7.7,7.8,7.8,7.8,8.1,8.2,8.3,8.0,8.4,8.3,8.2,8.3,8.3,8.2,8.2,8.6,8.7,8.4,8.6,8.3,8.6
044038,9.6,9.7,10.0,10.2,10.3,10.4,10.9,10.9,10.9,11.6,11.7,11.8,12.3,11.9,12.4,12.7,12.6,13.0,13.5,13.6,13.9,14.0,14.3,14.2,14.5
044044,8.7,8.9,9.2,9.0,8.9,9.0,9.1,9.2,9.1,9.6,9.6,9.4,9.5,9.3,9.4,10.0,9.6,9.5,9.8,9.8,10.2,10.0,9.5,10.0,9.7
044045,9.4,9.6,9.7,9.8,9.6,9.9,9.8,9.9,9.9,10.3,10.3,10.6,10.7,10.7,10.8,10.5,10.9,11.4,10.9,11.2,11.4,11.3,11.2,11.5,11.6
044054,9.9,10.1,10.2,10.6,10.3,10.0,10.7,10.7,10.4,10.7,10.7,11.5,10.7,10.8,11.3,10.9,11.0,11.2,11.2,10.9,11.6,11.2,11.3,11.3,11.6
044056,7.7,7.7,7.6,8.0,7.9,7.6,8.1,8.1,8.2,8.3,8.3,8.0,8.3,8.4,8.4,8.5,8.6,8.7,8.7,8.9,8.9,8.8,8.8,8.7,8.9
044063,8.1,7.9,8.1,8.1,8.1,8.4,8.3,8.5,8.5,8.7,9.0,8.9,9.1,9.1,9.1,9.2,9.3,8.9,9.3,9.5,9.7,9.7,9.4,9.6,9.9
044064,7.0,7.2,7.2,7.3,7.2,7.3,7.2,7.4,7.4,7.7,7.6,7.8,7.6,7.9,7.9,7.7,8.1,7.9,8.1,8.0,8.3,8.2,8.3,8.4,8.6
044065,9.0,9.3,9.0,9.3,9.4,9.0,9.1,9.5,9.5,9.7,9.7,9.8,9.9,9.9,10.0,9.9,9.9,10.1,10.2,10.0,10.4,9.9,10.0,10.1,10.3
044066,7.5,7.2,7.5,7.4,7.5,7.7,7.6,7.5,7.8,8.0,7.9,8.3,7.9,8.1,8.1,8.4,8.5,8.6,8.5,8.7,9.2,8.8,9.1,8.8,8.9
044071,7.9,8.4,8.0,8.4,8.5,8.6,8.5,8.7,8.5,9.0,9.0,9.0,9.4,9.0,9.3,9.2,9.4,9.2,9.2,9.4,9.7,9.7,9.6,9.9,9.9
044073,9.0,9.0,9.1,9.2,8.9,9.3,9.5,9.2,9.7,10.0,9.8,10.0,10.2,10.1,10.0,10.4,10.4,10.8,10.5,10.8,11.4,10.8,11.0,10.9,11.3
045001,9.7,10.1,9.6,9.9,10.3,10.0,10.3,10.3,10.3,10.7,10.8,10.8,11.1,11.0,11.1,11.2,11.3,11.7,11.4,11.8,11.9,11.7,11.8,12.0,11.8
045002,7.5,7.5,7.6,7.7,7.7,7.7,7.7,7.9,7.9,8.1,8.2,8.2,8.6,8.5,8.4,8.5,8.6,8.6,8.7,8.8,8.8,8.9,9.2,8.9,8.8
045003,8.4,8.4,8.5,8.5,8.7,8.7,8.8,8.5,8.9,8.8,9.2,9.0,8.8,9.0,9.1,8.8,9.0,9.1,8.9,9.2,9.5,9.2,9.0,9.3,9.3
045004,9.4,9.5,9.5,9.5,9.4,9.8,10.0,10.1,10.1,10.4,10.6,10.6,10.4,10.7,10.6,11.1,10.8,10.9,11.3,10.9,11.5,11.4,11.3,11.7,12.2
045005,8.8,9.2,9.0,9.2,9.0,9.0,9.1,9.1,9.1,9.4,9.4,9.7,9.3,9.7,9.2,9.7,9.7,9.4,9.7,9.9,9.9,9.5,9.5,9.5,9.4
045006,9.1,9.2,9.1,9.3,9.3,9.3,9.2,9.3,9.2,9.4,9.7,9.5,9.7,9.7,9.9,9.9,10.0,9.9,9.9,9.8,10.1,9.9,9.8,10.3,9.8
045007,7.2,7.4,7.4,7.6,7.5,7.6,7.8,7.7,8.1,8.2,8.3,8.2,8.4,8.6,8.6,8.8,9.0,8.9,9.0,9.1,9.8,9.5,9.4,9.5,9.5
045008,7.9,7.8,8.2,8.2,7.9,8.1,8.2,8.2,8.1,8.6,8.7,8.7,8.7,8.8,9.0,8.9,8.7,9.1,9.1,9.5,9.1,9.3,9.3,9.2,9.5
045009,8.9,8.7,9.0,9.0,9.2,9.1,9.4,9.3,9.5,9.9,9.8,10.0,10.3,10.3,10.5,10.5,10.4,10.4,10.7,11.3,11.2,11.1,10.9,11.0,11.5
045010,8.3,8.2,8.4,8.3,8.4,8.6,8.4,8.8,8.7,9.2,9.4,9.3,9.5,9.7,9.5,9.7,9.7,10.1,10.0,9.8,10.5,10.5,10.3,10.5,10.5
045011,8.6,8.9,9.2,9.4,9.1,9.5,9.8,9.5,9.9,10.4,10.7,10.9,11.0,11.1,11.0,11.0,11.3,11.5,12.1,12.1,12.7,12.3,12.9,12.8,12.9
045012,9.6,9.6,9.7,9.8,9.8,9.8,9.9,9.8,9.7,9.9,10.6,10.4,10.2,10.3,10.0,10.4,10.2,10.4,10.4,10.3,10.5,10.8,10.3,10.5,10.8
045013,7.5,7.4,7.7,7.9,7.7,7.7,7.9,7.8,8.0,8.2,8.3,8.2,8.5,8.4,8.8,8.7,8.9,8.6,8.9,8.9,9.2,9.3,9.2,9.1,9.6
045014,8.9,9.2,9.6,9.4,9.6,9.8,9.6,10.0,9.9,10.3,10.4,10.8,10.6,10.8,11.1,11.3,11.2,11.6,11.7,12.0,12.5,12.6,12.6,12.2,12.3
045015,7.8,7.8,8.0,7.8,7.6,8.0,7.5,7.7,7.9,7.9,8.0,7.8,7.9,7.9,7.7,7.9,7.9,7.8,7.7,7.6,7.9,7.8,7.6,7.7,7.7
045016,8.3,8.2,7.9,8.3,8.3,8.5,8.4,8.6,8.7,9.1,9.1,9.1,9.2,9.1,9.3,9.5,9.6,9.4,9.6,9.6,9.6,9.6,10.1,10.0,10.1
045017,10.1,9.8,9.8,9.9,9.9,10.3,10.1,10.5,10.1,10.9,11.0,11.2,11.5,11.2,11.6,11.7,11.0,11.6,11.9,11.5,12.1,11.8,12.1,12.2,12.2
046001,9.5,9.6,9.6,9.5,9.9,9.9,9.6,9.5,9.8,10.0,9.9,10.2,10.3,10.1,11.1,10.6,11.0,10.6,10.7,10.7,11.0,11.1,10.6,10.9,11.0
046002,7.6,7.6,7.9,7.6,7.9,8.0,8.0,7.9,8.0,8.3,8.3,8.3,8.6,8.4,8.4,8.6,8.7,8.5,8.6,8.6,8.8,8.6,8.6,8.8,8.8
046003,7.8,7.8,7.7,7.9,8.0,8.1,8.2,8.1,8.3,8.7,8.3,8.5,8.7,8.9,8.8,8.8,9.0,9.2,9.1,9.2,9.3,9.1,9.5,9.6,9.3
046004,8.1,8.1,8.1,8.1,8.3,8.2,8.1,8.2,8.4,8.8,9.1,8.7,9.0,8.9,8.8,9.2,9.1,9.2,9.3,9.3,9.8,9.4,9.5,9.7,9.8
046005,7.2,7.4,7.3,7.5,7.5,7.8,7.7,7.8,8.0,8.2,8.1,8.3,8.3,8.6,8.4,8.6,8.6,8.7,9.1,8.5,9.1,9.0,9.1,9.5,9.1
046006,8.1,8.0,8.3,8.2,8.2,8.3,8.4,8.4,8.3,8.6,8.8,8.9,8.6,8.6,8.9,8.9,9.0,9.1,9.0,9.1,9.4,9.2,9.3,9.4,9.2
046007,7.4,7.7,7.7,7.7,7.8,8.0,7.9,8.0,7.9,8.3,8.5,8.4,8.5,8.6,8.8,8.9,8.9,8.8,9.1,9.1,9.5,9.3,9.4,9.5,9.9
046008,10.1,10.4,10.3,10.2,10.4,10.3,10.8,11.0,10.5,11.9,11.1,11.5,11.8,11.6,12.0,12.0,12.2,11.9,12.5,12.5,12.6,13.0,13.5,12.9,13.4
046009,8.3,8.7,8.4,8.6,8.6,8.7,8.8,9.2,8.7,9.5,9.4,9.6,9.6,10.1,9.8,9.8,9.9,10.1,9.9,10.4,11.1,10.7,10.6,11.1,10.7
046010,8.3,8.3,8.5,8.3,8.6,8.7,8.9,8.6,8.6,8.9,9.0,9.1,9.2,9.3,9.4,9.4,9.6,9.5,10.1,9.7,9.9,9.8,10.0,10.3,10.0
046011,8.2,8.1,8.1,8.1,8.4,8.3,8.8,8.7,8.6,8.8,9.1,9.0,9.1,9.2,9.3,9.4,9.0,9.6,9.7,9.4,10.0,9.8,9.9,10.0,9.9
046013,8.3,8.4,8.5,8.4,8.7,8.4,8.6,8.6,8.8,9.0,9.3,9.7,9.6,9.5,9.5,9.7,10.1,9.8,10.1,9.9,10.1,10.4,10.4,10.6,10.7
046014,7.7,7.5,7.6,7.5,7.5,7.5,7.8,7.8,7.7,7.8,8.0,8.1,8.0,7.8,7.8,8.0,8.1,7.8,8.0,8.2,8.1,7.9,7.9,8.1,8.0
046015,9.5,9.3,9.4,9.2,9.3,9.4,9.3,9.6,9.5,9.8,9.9,10.0,9.8,9.8,10.0,10.0,10.3,10.1,10.1,9.8,10.4,10.2,10.1,10.5,10.4
046017,7.0,7.4,7.4,7.5,7.4,7.6,7.6,7.8,7.8,8.3,8.1,8.0,8.2,8.5,8.1,8.4,8.4,8.6,8.9,8.7,9.0,9.0,8.9,9.2,9.3
046018,9.8,9.8,9.9,10.0,10.0,10.3,10.3,10.4,10.1,10.9,11.1,10.9,10.8,11.1,11.3,11.2,11.3,11.0,11.1,11.4,11.7,11.5,11.9,11.6,11.8
046019,9.8,9.9,10.0,10.3,10.1,10.3,10.4,10.2,10.3,10.7,11.2,11.2,11.5,11.6,11.4,11.2,11.6,11.4,11.3,11.6,12.2,12.0,11.9,12.0,11.9
046020,8.6,8.5,8.6,8.6,8.9,8.9,9.0,8.9,9.1,9.3,9.5,9.5,9.5,9.5,9.6,9.6,9.9,9.9,10.1,10.0,10.4,10.2,10.5,10.4,10.7
046021,10.0,10.0,10.2,10.2,10.2,10.0,10.2,10.3,10.2,10.9,10.1,10.8,10.8,11.2,11.2,11.0,10.8,10.9,11.3,11.3,11.6,10.9,11.5,11.7,11.6
046022,7.5,7.6,7.6,7.8,7.8,7.8,7.8,8.1,8.1,8.4,8.4,8.2,8.8,8.7,8.8,9.1,8.8,9.1,9.4,9.3,9.4,9.4,9.4,9.4,9.4
046023,8.4,8.5,8.6,8.8,8.9,9.0,8.9,9.2,9.3,9.3,9.7,9.5,9.8,9.8,10.1,10.0,10.3,10.2,10.6,10.4,10.6,10.8,10.7,10.8,11.3
046024,8.4,8.5,8.8,8.7,8.8,8.8,8.7,9.1,9.2,9.3,9.3,9.4,9.6,9.9,9.6,9.8,9.7,9.8,10.0,9.8,10.6,10.3,10.2,10.3,10.5
046025,8.3,8.2,8.3,8.8,8.8,8.8,9.0,9.0,9.1,9.2,9.5,9.7,9.8,10.1,9.7,10.3,10.3,10.2,10.5,10.3,11.2,11.2,11.1,10.8,11.4
046026,8.5,8.9,8.9,9.3,9.3,9.5,9.4,10.0,10.0,10.1,10.5,10.7,10.9,10.8,11.1,11.3,11.4,11.4,12.0,11.7,12.4,12.0,12.5,12.8,12.6
046027,8.8,8.8,8.9,8.7,8.8,9.0,8.9,9.0,9.4,9.6,9.5,9.4,9.6,9.7,10.0,9.8,10.2,9.8,10.3,10.2,10.5,10.3,10.6,10.4,10.7
046028,6.9,7.1,6.9,7.1,7.0,7.2,7.2,7.2,7.2,7.5,7.6,7.5,7.6,7.6,7.6,7.7,7.8,7.9,7.9,7.6,8.1,7.8,8.0,8.0,7.9
046030,10.1,10.5,10.4,10.8,10.6,10.9,11.3,11.2,11.1,11.7,12.1,11.9,12.4,12.7,12.4,12.5,13.0,13.3,13.5,13.7,13.8,13.7,14.0,14.5,14.2
046031,9.4,9.2,9.5,9.6,9.7,9.7,9.6,9.9,9.8,10.4,10.6,10.1,10.6,10.9,11.0,10.9,11.1,11.3,11.4,11.8,11.8,11.5,11.9,11.8,12.0
046033,7.8,8.1,8.2,8.3,8.1,8.2,8.5,8.6,8.7,8.9,9.0,9.0,9.0,9.3,9.2,9.2,9.6,9.3,9.5,9.8,9.9,9.8,10.2,10.1,10.1
046034,8.7,8.8,8.7,8.7,8.7,8.9,8.7,9.0,9.1,9.2,9.3,9.3,9.6,9.4,9.4,9.5,9.6,9.6,9.4,9.3,9.7,9.7,9.6,9.6,9.4
046035,8.7,8.8,8.5,8.7,8.8,9.0,8.8,9.1,8.9,9.6,9.3,9.2,9.5,9.4,9.2,9.7,9.7,9.5,9.6,9.5,9.7,9.9,9.9,9.9,9.8
046036,7.0,7.2,7.2,7.2,7.3,7.2,7.3,7.3,7.5,7.5,8.0,7.7,8.0,7.9,7.8,8.0,8.1,8.1,8.2,8.3,8.6,8.4,8.5,8.6,8.5
046037,9.6,9.8,9.5,9.4,9.7,9.6,9.5,9.2,9.4,9.6,9.7,9.5,9.4,9.5,9.8,9.7,9.8,9.6,9.6,9.8,9.7,9.2,9.5,9.3,9.4
047002,6.8,6.9,7.0,7.0,7.2,7.1,6.9,7.1,7.0,7.4,7.2,7.5,7.5,7.5,7.5,7.5,7.5,7.6,7.6,7.7,7.7,7.9,7.8,7.9,7.8
047003,9.0,9.1,9.2,9.1,9.1,9.0,9.2,9.1,9.2,9.5,9.4,9.4,9.8,9.8,9.5,9.7,9.9,9.6,9.6,9.8,10.0,10.0,9.7,10.1,10.1
047005,10.4,10.4,10.8,10.5,10.5,11.1,10.9,11.2,11.2,11.9,12.2,12.7,12.7,12.7,13.1,13.2,13.0,13.8,13.6,13.9,14.3,14.2,14.4,14.3,14.7
047006,9.3,9.5,9.3,9.7,9.8,9.9,10.0,10.2,10.2,10.7,10.7,10.9,10.9,11.4,11.6,11.6,11.8,12.0,11.9,12.1,12.1,12.1,12.6,13.1,12.9
047007,8.4,8.5,8.6,8.5,8.8,8.5,8.7,8.7,8.5,8.8,8.9,8.7,8.7,8.9,8.5,8.9,8.5,8.9,8.9,8.7,8.8,8.6,8.5,8.8,8.6
047008,10.3,10.0,10.4,10.5,10.3,10.5,10.5,11.0,10.6,10.9,11.5,11.4,11.0,10.8,11.0,11.4,11.0,11.5,11.4,11.6,11.6,11.6,11.6,11.9,11.9
047009,9.4,9.4,9.5,9.4,9.5,9.2,9.1,9.1,9.3,9.3,9.7,9.5,9.1,9.3,9.5,9.5,9.5,9.5,9.4,9.0,9.4,9.1,9.2,9.2,9.3
047010,8.3,8.7,8.5,8.7,8.8,8.8,8.8,8.8,8.8,9.3,9.6,9.6,9.8,9.7,9.9,9.8,10.4,10.2,10.1,10.3,10.5,10.7,10.5,10.4,10.5
047011,9.6,9.6,9.8,10.2,10.3,10.4,10.5,10.6,10.5,11.4,11.6,11.6,11.7,12.2,11.9,12.4,12.6,12.6,13.0,13.3,13.7,13.8,14.1,13.9,13.7
047012,10.0,9.7,10.0,10.1,10.4,10.3,10.2,10.1,10.5,10.8,10.9,10.8,11.2,11.2,11.1,11.7,11.5,11.3,11.8,12.1,12.3,12.5,12.1,12.1,12.7
047013,9.1,9.2,8.9,8.9,8.9,9.2,9.0,8.9,9.2,9.7,9.6,9.7,9.8,9.7,9.6,10.2,10.0,10.0,9.9,10.0,10.4,10.2,10.5,10.6,10.2
047014,8.0,7.9,8.1,8.3,8.3,8.5,8.6,8.8,8.6,8.9,9.2,9.5,9.4,9.6,9.7,9.6,9.8,9.9,9.9,10.4,10.1,10.1,10.6,10.5,10.5
047016,7.9,8.0,8.2,8.3,8.5,8.4,8.3,8.5,8.3,9.0,8.7,9.1,9.1,9.0,9.0,8.9,9.2,9.0,9.1,9.1,9.5,9.6,9.5,9.6,9.3
047017,8.6,8.6,8.8,9.1,9.0,9.2,9.1,9.2,9.3,9.5,9.7,9.9,9.9,10.2,10.0,9.8,9.9,10.0,10.4,10.3,10.5,10.6,10.7,10.5,10.4
047018,8.4,8.3,8.7,8.7,8.8,9.2,8.9,9.3,9.3,10.0,9.9,10.0,10.1,10.5,10.5,10.6,10.5,10.8,10.9,11.1,11.5,11.6,11.4,11.5,11.8
047020,7.7,7.7,7.5,7.6,7.7,7.7,7.6,7.7,7.8,7.9,8.0,8.0,8.1,8.1,8.2,8.2,8.1,8.2,8.2,8.4,8.6,8.3,8.5,8.1,8.4
047021,7.9,8.0,8.1,8.2,8.2,8.2,8.2,8.0,8.1,8.3,8.4,8.4,8.3,8.4,8.4,8.5,8.4,8.3,8.5,8.4,8.7,8.4,8.3,8.5,8.2
047022,7.8,7.9,7.8,8.1,8.2,8.1,8.2,8.2,8.4,8.8,8.9,8.6,8.6,8.6,9.0,9.0,9.0,9.3,9.2,9.4,9.6,9.3,9.4,9.6,9.6
047023,8.5,8.3,8.5,8.2,8.4,8.8,8.5,8.3,8.6,8.8,8.7,9.0,8.9,8.9,8.9,9.0,9.1,9.0,9.2,9.2,9.2,9.2,9.1,9.4,9.4
047024,7.4,7.4,7.2,7.4,7.6,7.5,7.6,7.6,7.6,8.1,7.9,7.9,8.1,8.1,8.0,8.4,8.2,8.3,8.2,8.5,8.7,8.3,8.4,8.7,8.8
048001,9.4,9.7,9.4,9.6,9.5,9.9,9.8,10.0,9.9,10.2,10.2,10.4,10.5,10.5,10.3,10.5,10.6,11.1,10.8,11.2,10.9,11.0,10.9,10.5,11.0
048002,8.2,8.1,8.2,8.4,8.5,8.5,8.7,8.7,9.0,9.0,9.3,9.6,9.5,9.7,9.7,9.6,9.7,9.7,9.8,10.3,10.4,10.4,10.7,10.6,10.5
048004,8.6,8.8,8.6,8.9,8.8,9.0,8.9,8.9,8.9,9.4,9.5,9.2,9.7,9.6,9.4,9.5,9.7,9.6,9.7,9.9,10.2,9.9,10.0,9.9,10.2
048005,9.4,9.6,9.8,9.6,9.7,9.7,10.0,10.0,10.1,10.2,10.8,11.0,10.3,10.9,10.8,10.8,10.8,11.2,11.5,11.2,11.6,11.6,11.5,11.7,11.6
048006,7.9,7.9,8.0,8.0,8.1,8.4,8.2,8.3,8.2,8.6,8.5,8.3,8.6,8.6,8.5,8.5,8.8,8.7,8.7,8.7,8.9,8.7,8.7,8.5,8.8
048008,10.4,10.7,10.4,10.8,10.0,11.0,10.7,10.6,10.7,10.9,10.9,11.3,11.1,11.6,11.5,11.5,11.5,11.6,11.7,11.6,12.3,11.5,12.1,12.0,11.7
048010,9.3,9.1,9.3,9.3,9.2,9.3,9.4,9.6,9.6,10.1,10.0,9.9,10.0,10.1,10.1,10.0,10.3,10.4,10.6,10.4,10.7,10.5,10.3,10.6,10.7
048011,6.9,6.7,6.8,6.8,6.9,7.0,7.0,7.1,7.1,7.7,7.7,7.6,7.6,7.6,7.5,7.7,7.7,7.9,7.8,8.0,8.1,7.7,8.1,8.3,8.4
048012,8.0,7.9,8.1,8.1,8.6,8.6,8.5,8.5,8.8,9.1,9.4,9.4,9.6,9.8,10.0,9.6,10.0,10.5,10.0,10.2,10.4,10.9,10.8,11.2,11.2
048013,7.6,7.6,7.8,7.8,7.9,8.1,7.8,8.0,8.1,8.2,8.3,8.6,8.6,8.7,8.5,8.5,8.8,8.9,8.7,8.8,9.3,9.1,9.0,9.0,9.0
048014,11.0,11.2,11.2,11.2,11.3,11.3,11.6,11.3,11.2,11.8,11.8,12.3,12.1,12.2,12.0,12.1,12.1,12.6,12.1,11.9,12.7,12.5,12.3,12.7,12.5
048015,8.5,8.3,8.6,8.6,8.8,8.8,8.5,8.6,8.8,9.4,9.5,9.1,9.5,9.4,9.3,9.6,9.9,9.8,9.4,9.4,9.8,9.8,9.6,9.9,10.1
048017,11.5,11.7,11.8,12.1,12.2,12.2,12.3,12.5,12.9,13.3,13.4,13.8,13.5,13.9,14.1,13.8,13.8,14.3,14.7,15.0,15.5,15.5,14.9,15.5,15.6
048018,9.5,9.5,9.7,9.9,10.1,10.0,10.3,10.2,10.3,11.0,10.8,10.8,11.2,11.2,11.2,11.2,11.3,11.8,11.6,12.1,12.3,11.8,12.0,12.2,12.3
048019,9.1,9.2,9.3,9.5,9.6,9.3,9.7,9.6,9.7,10.3,10.1,10.8,10.5,10.9,11.0,11.0,10.8,11.2,11.1,11.3,11.7,11.7,11.8,11.9,11.7
048020,9.4,9.5,9.8,9.8,9.8,9.9,9.7,10.3,10.1,10.4,10.7,10.7,10.3,11.0,11.1,11.1,11.0,11.1,11.6,11.3,11.9,11.5,11.8,12.2,12.0
048021,8.1,8.1,8.0,8.2,8.0,7.9,8.2,8.1,8.1,8.3,8.1,8.1,8.1,8.0,8.0,8.2,8.4,8.0,8.1,7.9,8.2,8.0,7.9,7.9,8.1
048022,8.3,8.4,8.4,8.7,8.6,8.4,8.5,8.6,8.6,8.9,9.0,8.9,8.9,9.0,8.8,8.6,8.8,9.2,9.0,9.2,9.3,9.1,9.0,9.2,9.0
048024,8.1,8.5,8.4,8.6,8.5,8.9,8.7,8.6,8.8,9.3,9.3,9.3,9.6,9.5,9.5,10.0,9.6,9.9,10.0,10.1,10.7,10.3,10.4,10.7,10.5
048025,7.3,7.1,7.5,7.4,7.5,7.6,7.6,7.8,7.8,8.2,8.1,8.2,8.2,8.4,8.5,8.4,8.8,8.5,8.8,8.9,9.0,9.0,9.1,8.9,8.9
048026,8.6,8.8,8.7,8.9,9.0,9.1,9.0,8.8,9.2,9.3,9.5,9.6,9.5,9.5,9.6,9.9,10.2,9.7,9.8,10.1,10.7,10.3,10.8,10.3,10.5
048027,6.8,6.7,6.5,6.7,6.8,6.7,6.8,7.0,6.8,6.9,7.0,7.1,7.1,7.3,7.3,7.0,7.2,7.3,7.4,7.3,7.6,7.5,7.4,7.4,7.4
048028,9.9,10.2,10.3,10.1,10.4,10.5,10.2,10.5,10.7,11.3,10.9,11.1,11.4,11.3,11.8,11.4,11.7,11.7,12.1,12.2,12.6,12.6,12.4,12.4,12.6
048030,7.4,7.6,7.7,7.6,7.8,7.9,7.6,7.9,8.2,8.2,8.4,8.3,8.3,8.5,8.5,8.4,8.5,8.6,8.7,8.8,8.8,8.9,8.8,9.2,9.1
048031,7.7,7.6,8.0,8.0,8.0,7.9,8.2,8.1,8.0,8.5,8.7,8.5,8.7,8.6,8.7,8.8,8.7,9.0,9.0,8.8,9.3,9.1,9.3,9.2,9.4
048032,9.0,9.1,9.2,9.3,9.2,9.2,9.1,9.3,9.3,9.7,9.7,9.6,9.7,9.8,9.9,10.1,10.4,10.3,10.1,10.2,10.0,10.1,10.4,10.3,10.4
048033,8.2,8.1,8.3,8.3,8.4,8.5,8.4,8.7,8.5,8.9,8.9,8.9,9.1,8.9,9.3,9.2,9.2,9.4,9.3,9.6,9.7,9.3,9.8,9.5,9.9
048035,7.5,7.7,7.6,7.6,7.9,7.8,7.8,8.1,8.2,8.2,8.5,8.5,8.8,8.7,8.8,8.9,8.6,8.9,9.2,9.4,9.2,9.3,9.1,9.3,9.3
048036,7.8,7.7,8.0,7.9,8.0,8.0,7.9,7.9,8.0,8.2,8.2,8.5,8.6,8.5,8.5,8.6,8.7,8.6,8.7,8.6,8.8,8.7,8.6,9.1,8.9
048037,10.0,10.3,10.3,10.1,10.6,10.7,10.8,10.9,10.8,11.2,11.3,11.5,11.5,11.9,12.2,11.9,12.1,12.0,12.6,12.6,12.7,12.3,13.0,12.9,13.3
048038,7.9,7.9,7.8,8.1,7.8,8.0,8.2,8.1,8.3,8.4,8.5,8.5,8.6,8.5,8.7,8.5,8.8,8.7,8.8,8.9,9.1,8.8,9.2,9.1,8.9
048039,8.1,8.1,8.4,8.3,8.5,8.3,8.4,8.5,8.6,9.0,9.1,9.2,8.9,9.2,9.2,9.4,9.7,9.4,9.6,9.8,10.3,9.8,9.7,10.2,10.2
048041,7.8,7.9,7.8,8.1,8.0,8.0,8.0,8.0,8.2,8.6,8.8,8.8,8.7,8.7,8.5,9.0,8.8,8.9,8.9,9.0,9.2,8.8,9.3,9.1,9.2
048043,7.7,7.9,7.9,7.9,8.0,8.0,7.9,8.0,8.0,8.4,8.1,8.5,8.6,8.6,8.6,8.8,8.8,8.6,9.0,8.8,9.2,9.0,9.0,9.1,9.1
048044,8.9,8.6,8.6,8.7,8.6,8.9,8.5,8.6,8.7,9.1,9.0,8.8,9.0,8.7,9.3,9.0,9.1,8.9,9.5,9.1,9.3,9.1,9.4,9.3,9.0
048046,10.3,10.2,10.6,10.6,10.9,10.7,11.0,11.0,10.8,11.3,11.4,11.7,12.2,11.7,12.1,12.2,11.9,12.4,12.8,12.9,13.0,12.8,13.0,12.6,13.5
048049,9.4,9.2,9.2,9.5,9.7,9.5,9.7,9.9,9.9,10.1,10.4,10.6,10.8,10.8,10.7,10.9,10.9,10.7,10.6,11.6,11.2,11.6,11.6,11.7,11.9
048050,10.4,10.2,10.3,10.4,10.6,10.3,10.3,10.6,10.8,11.0,11.4,11.4,11.6,11.5,12.0,12.1,11.6,11.9,11.9,12.0,12.1,12.1,12.1,12.1,12.5
048052,8.5,8.4,8.5,8.6,8.7,8.7,8.7,8.6,8.8,9.1,9.0,8.9,9.5,9.3,9.5,9.4,9.5,9.4,9.3,9.4,10.0,9.7,9.7,9.9,10.0
048053,10.3,10.8,10.4,10.7,10.3,10.7,10.5,11.2,11.0,10.9,11.4,11.5,11.6,11.8,12.1,11.8,12.0,11.7,11.9,11.8,12.5,12.1,12.6,12.3,12.3
048054,8.6,8.8,8.9,9.0,8.9,9.1,9.3,9.2,9.2,9.4,9.5,9.7,9.8,9.9,10.2,9.5,10.1,10.2,10.0,10.2,10.3,10.1,10.5,10.7,10.7
049001,9.0,8.9,8.8,9.1,9.3,9.3,9.5,9.5,9.6,10.1,9.8,10.4,9.8,10.1,10.1,10.3,10.2,10.0,10.2,10.9,10.9,10.9,10.9,10.7,11.0
049002,7.8,7.5,7.6,7.9,7.8,8.0,7.7,7.7,7.8,8.2,8.1,8.3,8.1,8.0,8.3,8.2,8.0,8.2,8.1,8.1,8.3,8.2,8.1,8.3,8.3
049003,8.7,8.4,8.5,8.7,8.7,8.9,8.7,8.7,8.9,9.3,9.2,9.3,9.2,9.5,9.6,9.3,9.4,9.3,9.9,9.6,9.7,9.6,9.9,9.7,9.8
049004,9.6,9.7,9.8,9.6,9.8,9.7,9.9,9.6,9.7,10.2,10.6,10.7,10.7,10.8,10.9,11.0,10.9,10.8,10.8,11.0,11.6,11.5,11.7,11.7,11.6
049005,9.7,9.9,9.9,9.7,10.1,10.1,9.9,10.0,10.1,10.8,10.9,11.2,11.0,11.1,11.3,11.2,11.6,11.5,11.5,11.6,12.2,11.4,12.2,11.8,12.3
049006,8.4,8.4,8.7,8.4,8.4,8.4,8.7,8.6,8.5,8.8,8.8,8.7,9.1,9.1,8.8,8.9,8.9,9.0,9.0,9.1,9.3,9.0,9.4,8.8,9.2
049007,7.9,7.7,8.1,7.8,8.0,8.0,7.8,7.8,7.9,8.1,8.2,8.1,8.2,8.2,8.0,8.1,8.3,8.2,8.0,8.1,8.1,8.3,8.0,8.2,8.3
049008,9.2,9.3,9.5,9.3,9.5,9.5,9.6,9.6,9.5,9.8,9.8,9.7,9.7,10.0,9.8,10.0,10.0,10.2,10.1,9.9,10.5,10.0,10.3,10.3,10.2
049009,8.5,8.2,8.3,8.3,8.4,8.7,8.4,8.6,8.8,9.1,9.1,9.3,9.0,9.5,9.3,9.4,9.1,9.5,9.5,9.4,9.8,9.6,10.0,9.9,9.9
049010,8.2,8.2,8.5,8.3,8.1,8.4,8.3,8.4,8.6,8.6,8.9,8.6,8.6,8.8,8.5,8.9,8.8,8.8,8.9,8.7,9.2,8.7,9.2,8.8,8.7
049011,7.9,7.7,8.0,7.8,8.1,8.0,8.2,8.3,8.2,8.7,8.7,8.8,8.8,9.0,8.9,8.8,9.0,8.8,9.4,9.5,9.7,9.3,9.7,9.5,9.6
049012,8.5,8.5,8.8,8.7,8.7,9.0,8.7,9.1,9.3,10.0,9.8,9.9,9.9,10.3,10.3,10.4,10.0,10.8,10.6,10.7,11.0,10.9,11.2,11.0,11.5
049013,6.9,7.1,6.9,7.2,6.9,7.0,7.2,7.2,7.2,7.4,7.6,7.8,7.7,7.6,7.7,7.9,8.1,7.8,8.0,8.0,8.5,8.1,8.5,8.3,8.4
049014,8.9,8.9,8.7,8.9,8.6,8.7,8.8,9.0,9.1,9.1,9.1,9.2,9.2,9.2,9.1,9.0,9.4,9.5,8.9,9.2,9.3,9.3,9.3,9.3,9.3
049017,9.3,9.4,9.6,10.0,9.7,9.8,9.8,9.8,10.2,10.2,10.7,11.0,11.1,11.0,11.3,11.4,11.7,11.7,11.4,11.6,12.3,12.2,11.7,12.1,12.0
049018,9.3,9.4,9.6,9.4,9.5,9.4,9.3,9.6,9.7,10.2,10.1,9.9,9.9,9.8,10.3,10.3,9.9,10.5,10.5,10.5,10.8,9.9,10.2,10.6,10.5
049019,9.0,9.4,9.8,9.7,9.6,9.8,9.4,9.9,10.2,10.7,10.5,11.0,10.8,11.1,11.0,10.9,11.1,11.2,11.6,10.9,11.3,11.5,11.6,12.3,12.0
049020,8.3,8.4,8.3,8.3,8.6,8.7,8.8,8.6,8.6,8.9,8.8,9.2,9.1,9.3,9.1,9.2,9.1,9.3,9.6,9.6,9.6,9.7,9.8,9.7,9.6
049021,8.5,8.4,8.5,8.4,8.7,8.9,8.8,9.3,9.0,9.6,9.3,9.5,9.8,9.8,10.1,10.3,10.3,10.2,10.4,10.3,11.2,10.7,10.7,10.5,11.1
050001,9.4,9.6,9.7,9.4,9.7,10.1,9.9,10.2,9.9,10.5,11.0,11.0,10.7,11.2,11.1,11.0,11.3,11.2,11.5,11.4,12.0,11.9,11.7,12.2,11.7
050002,6.9,7.2,7.0,7.4,7.3,7.4,7.4,7.6,7.6,8.2,7.8,8.1,8.1,8.1,8.1,8.3,8.5,8.5,8.4,8.5,8.8,8.6,8.8,8.8,9.0
050003,7.6,7.6,7.8,7.7,7.8,7.7,8.0,7.9,8.0,8.1,8.5,8.0,8.5,8.3,8.4,8.5,8.4,8.6,8.7,8.6,8.8,8.9,9.0,8.5,9.1
050004,9.3,9.2,9.3,9.5,9.3,9.6,9.5,9.8,9.6,10.5,10.3,10.3,10.6,10.5,10.5,10.6,11.0,10.8,11.1,11.1,11.7,11.5,11.2,11.4,11.6
050005,8.3,8.3,8.3,8.5,8.6,8.7,8.9,8.9,9.0,9.3,9.3,9.4,9.2,9.8,9.7,9.5,10.2,10.1,9.9,10.6,10.7,10.6,10.5,10.6,10.5
050006,8.5,8.6,8.8,8.6,8.7,8.9,8.6,8.9,9.0,9.4,9.3,9.3,9.4,9.2,9.7,9.5,9.8,9.6,9.5,9.7,10.2,9.9,9.9,10.1,10.0
050008,8.0,7.9,8.0,8.1,8.2,8.1,8.2,8.2,8.3,8.8,8.6,8.7,8.9,8.8,8.9,8.9,8.9,8.9,9.0,9.3,9.4,9.4,9.0,9.2,9.2
050009,8.0,8.2,7.9,8.1,8.2,8.0,8.1,8.2,8.2,8.5,8.5,8.8,8.5,8.6,8.8,8.5,8.5,8.6,8.7,8.6,9.1,8.7,8.8,8.9,8.8
050010,9.1,9.1,9.2,9.2,9.6,9.5,9.4,9.5,9.9,10.0,10.1,10.3,10.2,10.2,10.6,10.6,10.7,10.9,10.7,10.7,11.3,11.1,11.1,11.2,11.5
050011,8.6,8.9,8.9,9.3,9.2,9.1,9.4,9.5,9.5,9.7,9.9,10.0,10.2,10.5,10.4,10.8,10.7,10.7,10.8,11.1,11.2,11.2,11.3,11.5,11.9
050012,8.4,8.7,8.5,8.6,8.8,8.8,8.8,9.0,9.0,9.3,9.4,9.2,9.8,9.7,9.5,9.8,10.1,10.4,10.3,10.0,10.6,10.7,10.7,11.0,10.8
050014,7.5,7.5,7.6,7.5,7.6,7.6,7.7,7.4,7.5,8.2,8.1,8.2,7.9,8.1,8.2,8.1,8.3,8.1,8.5,8.2,8.6,8.5,8.7,8.7,8.4
050015,8.1,8.5,8.2,8.3,8.4,8.5,8.6,8.4,8.6,8.8,9.0,9.3,9.1,9.3,9.5,9.2,9.1,9.6,9.5,9.4,9.9,9.6,9.9,9.6,9.7
050016,8.7,8.7,8.8,9.0,8.9,9.1,9.5,8.9,9.2,9.8,9.1,9.6,9.7,9.7,9.6,10.0,10.3,10.0,10.0,9.9,10.4,10.2,10.5,10.6,10.4
050019,7.2,7.5,7.2,7.4,7.5,7.5,7.6,7.4,7.4,7.9,7.9,8.0,7.8,8.1,7.9,8.0,7.8,8.0,8.1,8.1,8.3,8.2,8.3,8.2,8.1
050020,7.7,7.6,7.8,7.8,7.6,7.8,7.7,7.8,7.8,8.1,8.2,8.4,8.3,8.8,8.3,8.7,8.4,8.4,8.2,8.7,8.8,8.7,8.8,8.8,9.0
050021,8.3,8.3,8.6,8.5,8.7,9.0,9.0,9.0,8.9,9.8,9.7,9.6,9.7,9.9,10.0,10.3,10.3,10.3,10.2,10.6,11.0,10.7,10.7,10.8,11.3
050022,9.9,10.2,10.2,10.2,10.1,10.2,10.5,10.8,10.8,11.1,11.5,11.4,11.7,11.4,11.7,11.9,12.2,12.3,12.5,12.7,12.8,12.5,12.4,13.0,13.1
050023,8.8,8.8,8.6,8.7,8.6,8.9,8.7,9.0,8.9,9.1,9.6,9.2,9.5,9.7,9.6,9.8,10.0,9.4,9.8,9.8,10.2,9.6,10.0,10.0,10.0
050024,7.0,7.1,7.2,7.3,7.3,7.4,7.2,7.2,7.5,7.6,7.4,7.6,7.6,7.7,7.8,7.9,7.8,7.9,8.0,7.7,8.1,7.9,7.9,8.2,8.0
050025,8.0,7.9,8.2,8.3,8.4,8.2,8.5,8.5,8.3,9.1,8.8,9.2,9.1,9.3,9.3,9.5,9.4,9.3,9.8,9.5,10.0,9.6,9.8,10.1,10.1
050026,8.7,8.8,8.7,8.8,8.7,8.9,9.2,8.9,9.0,9.3,9.5,9.4,9.7,9.3,9.6,9.5,9.6,9.9,10.0,10.0,10.2,10.3,10.0,10.2,10.3
050027,8.3,7.9,7.8,7.9,8.2,8.0,7.9,8.1,7.8,8.2,8.4,8.3,8.2,8.1,8.1,8.2,8.1,8.4,8.0,8.4,8.4,8.1,8.2,8.2,8.1
050028,7.7,7.8,7.8,7.8,8.1,8.1,8.0,8.3,8.1,8.5,8.6,8.5,8.7,8.6,8.9,9.0,8.9,8.8,9.1,9.2,9.3,9.2,9.1,9.2,9.2
050029,6.9,6.9,6.7,6.8,6.9,7.0,6.8,7.0,6.9,7.2,7.2,7.5,7.3,7.5,7.2,7.3,7.2,7.6,7.4,7.5,7.6,7.7,7.5,7.5,7.7
050030,8.4,8.5,8.4,8.4,8.7,8.9,8.8,9.1,9.4,9.6,9.2,9.8,9.8,9.9,10.2,10.1,9.8,10.0,10.6,10.0,10.7,10.5,10.7,10.8,10.9
050031,8.6,8.4,8.4,8.9,8.6,9.1,8.6,9.0,9.3,9.3,9.4,9.6,9.7,9.6,9.6,9.8,10.2,10.1,10.0,10.2,10.1,10.2,10.4,10.3,10.5
050032,9.0,9.0,9.3,9.2,9.0,9.3,9.5,9.4,9.7,9.9,10.0,10.3,10.1,10.3,10.2,10.3,10.3,10.4,10.3,10.4,10.7,10.4,10.4,10.9,10.7
050033,9.1,9.1,9.3,8.9,9.0,9.1,9.1,9.3,9.1,9.5,9.4,9.5,9.5,9.4,9.4,9.3,9.7,9.3,9.3,9.4,9.4,9.2,9.1,9.1,9.0
050034,8.1,8.6,8.4,8.5,8.3,8.5,8.7,8.4,9.0,9.2,9.0,9.1,9.1,9.2,9.0,9.4,9.3,9.2,9.2,9.4,9.6,9.3,9.7,9.9,9.5
050035,10.3,10.9,10.5,10.7,10.9,10.9,10.7,11.1,11.0,11.4,11.5,11.8,11.8,11.3,11.6,11.9,12.2,12.0,12.1,12.0,12.6,11.6,12.3,12.3,12.5
050036,8.3,8.5,8.5,8.4,8.4,8.9,8.7,8.8,8.6,9.2,8.9,9.1,9.3,9.1,9.0,9.4,9.5,9.3,9.3,9.6,9.9,9.7,9.5,9.4,9.9
050037,9.4,9.6,9.5,9.6,9.9,9.7,9.8,10.2,10.0,10.7,10.8,10.7,11.1,10.9,11.4,11.3,11.4,11.3,11.5,11.7,11.8,11.8,12.2,11.7,11.9
050038,9.3,9.7,9.6,9.7,9.9,9.9,10.1,10.0,10.2,10.5,11.1,10.9,11.1,11.0,11.0,11.3,11.6,11.6,11.6,11.5,12.0,12.0,12.0,12.0,12.7
050039,8.0,8.4,8.3,8.5,8.5,8.4,8.8,8.7,8.8,8.9,9.0,9.4,9.4,9.5,9.5,9.6,9.6,9.5,10.1,9.9,10.3,10.1,10.2,10.3,10.2
050040,8.6,8.5,8.8,8.8,9.0,8.8,8.7,9.0,8.6,8.9,9.1,9.3,8.8,9.1,9.2,9.3,9.4,9.2,9.3,9.1,9.4,9.3,9.4,9.4,9.4
050041,7.7,7.7,7.7,7.9,7.8,8.0,8.0,7.8,8.0,8.4,8.5,8.5,8.6,8.6,8.4,8.5,8.6,8.5,8.5,8.7,8.8,8.8,9.1,8.6,9.0
051001,8.3,8.0,8.5,8.1,8.2,8.1,8.0,8.4,8.3,8.6,8.5,8.5,8.7,8.5,8.6,8.6,8.7,8.7,8.8,8.8,8.8,8.9,8.9,8.8,8.7
051002,7.6,7.7,7.7,7.5,7.8,7.8,7.9,7.8,8.0,8.1,8.4,8.3,8.3,8.7,8.5,8.8,8.6,8.7,8.5,8.9,9.1,8.7,9.1,8.9,9.2
051003,9.1,9.5,9.7,9.5,10.0,10.1,10.4,10.3,10.4,10.5,11.1,10.9,11.1,11.6,11.5,11.5,11.8,11.7,12.1,12.6,12.8,13.1,13.1,13.0,13.1
051004,7.6,7.8,7.8,7.7,7.6,7.8,7.7,7.7,7.5,8.2,8.0,8.0,7.9,8.1,8.1,8.0,8.2,8.1,8.0,8.1,8.2,8.3,8.1,8.1,8.2
051005,9.2,8.9,8.7,9.1,9.3,9.2,9.4,9.2,9.7,9.6,9.8,9.7,9.9,10.1,9.9,10.0,9.9,10.0,10.2,10.2,10.5,10.3,10.5,10.5,10.2
051006,9.2,9.3,9.2,9.0,9.5,9.6,9.3,9.9,9.5,10.1,10.4,10.2,10.3,10.2,10.3,10.4,10.3,10.4,10.9,10.6,10.9,11.0,10.9,11.0,11.2
051007,8.2,8.2,8.5,8.4,8.4,8.5,8.6,8.5,8.5,8.8,8.9,9.2,9.0,9.2,9.1,9.6,9.0,9.1,9.2,9.5,9.6,9.5,9.5,9.7,9.4
051008,8.8,8.9,8.8,9.0,8.8,9.0,9.2,9.2,9.1,9.3,9.4,9.4,9.5,9.4,9.5,9.8,9.8,9.9,9.9,9.8,10.1,9.9,9.8,9.6,10.1
051010,9.3,9.2,9.5,9.5,9.7,9.5,9.9,10.3,10.5,10.7,10.7,11.2,10.9,10.9,11.3,11.7,11.2,11.9,12.0,11.7,12.1,12.5,12.1,12.2,12.3
051011,8.5,8.5,8.4,8.2,8.5,8.8,8.5,8.5,8.6,8.8,9.0,8.8,8.7,8.8,8.6,8.6,8.7,8.6,8.7,8.6,9.0,8.7,8.9,9.1,8.8
051012,8.2,8.5,8.7,8.8,8.7,9.0,9.0,9.1,9.2,9.7,9.9,10.4,10.1,10.4,10.6,11.0,10.6,10.8,11.3,11.3,11.8,11.6,11.8,11.9,12.4
051013,9.6,9.2,9.3,9.2,9.5,9.4,9.4,9.7,9.7,10.2,10.1,10.2,10.2,10.3,10.6,10.2,10.5,10.4,10.6,10.7,10.8,10.7,11.0,10.6,11.1
051014,9.1,9.3,9.2,9.4,9.9,9.7,10.2,10.2,10.4,11.0,11.4,11.2,11.3,11.3,11.5,11.8,12.0,12.3,12.5,12.7,13.0,12.7,13.0,13.1,13.5
051015,7.5,7.8,7.8,7.9,8.0,7.8,7.9,8.2,8.3,8.2,8.2,8.3,8.6,8.5,8.7,8.9,8.7,8.8,9.0,8.9,8.9,8.8,8.9,9.2,8.8
051016,7.9,8.1,8.2,8.5,8.1,8.2,8.5,8.3,8.5,8.9,8.9,8.8,8.7,8.8,8.8,8.9,8.9,8.8,9.0,9.1,9.0,9.0,8.9,9.1,9.2
051017,9.5,9.3,9.5,9.6,9.8,9.7,9.7,10.0,9.9,10.2,10.3,10.2,10.1,10.4,10.3,10.7,10.6,10.7,10.6,10.5,11.0,10.9,10.6,10.3,10.6
051018,7.9,7.9,8.0,7.9,8.2,8.2,7.9,8.0,8.0,8.4,8.2,8.5,8.4,8.5,8.4,8.5,8.5,8.7,8.7,9.0,9.0,8.7,8.6,8.6,8.9
051020,9.5,9.4,9.7,9.6,9.8,9.6,9.8,10.1,9.7,10.2,10.1,10.6,10.3,10.5,10.4,10.6,10.7,10.8,11.1,11.0,10.9,10.8,10.7,10.8,11.0
051021,8.3,8.3,8.4,8.4,8.4,8.4,8.8,8.7,8.6,9.2,9.1,9.1,9.0,8.9,9.4,9.1,9.3,9.3,9.6,9.6,9.5,9.8,9.7,9.7,9.6
051022,7.3,7.6,7.4,7.5,7.6,7.8,7.7,7.8,7.9,8.0,8.5,8.4,8.4,8.6,8.5,8.5,8.5,8.9,8.9,8.8,9.0,9.5,9.3,9.5,9.3
051023,8.5,8.5,8.5,8.4,8.7,8.5,8.4,8.8,9.1,9.2,9.4,9.1,9.2,9.5,9.5,9.6,9.9,9.4,9.6,9.7,10.2,9.9,10.0,10.4,10.2
051024,7.2,7.4,7.1,7.3,7.3,7.3,7.5,7.5,7.7,7.9,7.9,7.9,8.1,8.0,8.2,8.2,8.4,8.5,8.4,8.4,8.9,8.7,8.6,8.5,8.5
051025,9.1,8.9,9.0,9.1,9.0,9.1,9.2,9.4,9.2,9.8,9.5,9.4,9.7,9.8,10.0,9.9,9.8,10.0,10.2,10.4,10.4,10.4,10.0,10.3,10.4
051026,9.3,9.4,9.6,9.4,9.6,9.9,9.8,10.0,10.0,10.6,10.6,10.4,10.9,10.9,10.9,11.1,11.3,11.7,11.7,11.8,12.1,11.8,11.8,11.8,11.8
051027,8.7,8.6,8.8,8.8,8.9,8.7,8.7,8.8,8.6,9.1,9.0,9.2,9.2,9.2,9.1,9.5,9.3,9.4,9.6,9.4,9.9,9.5,9.5,9.6,9.5
051030,7.5,7.5,7.8,7.7,7.7,7.8,7.9,7.6,7.9,8.2,8.0,8.3,8.3,7.9,8.4,8.3,8.2,8.4,8.3,8.3,8.5,8.3,8.3,8.6,8.5
051031,9.3,9.6,9.5,9.5,9.7,9.6,9.5,9.7,9.8,9.9,10.2,10.2,10.3,10.6,10.6,10.4,10.5,10.6,10.4,10.8,11.1,11.0,10.8,10.8,11.1
051033,8.8,8.9,9.0,9.0,8.8,9.0,8.9,9.0,9.0,9.3,9.4,9.5,9.6,9.6,9.5,9.5,9.3,9.5,9.9,9.7,9.8,9.8,9.9,9.5,9.6
051034,9.3,9.0,9.5,9.7,9.6,9.7,9.6,9.7,9.8,10.4,10.3,10.4,10.6,10.7,10.6,11.1,11.1,11.3,11.5,11.5,11.4,11.4,12.0,12.0,11.8
051035,8.0,7.7,7.7,7.8,7.9,7.7,8.0,8.0,8.1,8.2,8.5,8.4,8.2,8.6,8.3,8.6,8.5,8.6,8.6,8.7,8.9,8.8,8.9,9.0,8.9
051037,8.1,8.3,8.0,8.3,8.1,8.5,8.3,8.3,8.6,8.5,9.1,8.8,9.1,9.2,9.2,9.1,9.3,9.3,9.3,9.7,9.6,9.4,9.5,9.5,10.0
051038,9.0,9.0,9.3,9.5,9.4,9.4,9.1,9.7,10.0,9.9,10.3,10.5,10.2,10.4,10.5,10.8,10.7,11.2,11.4,11.3,11.8,11.3,11.4,11.6,12.0
051039,7.5,7.4,7.6,7.5,7.5,7.9,7.9,8.0,7.9,8.2,8.3,8.4,8.5,8.5,8.7,8.8,8.7,8.6,8.7,8.9,9.3,8.7,8.8,9.2,9.3
051040,6.8,6.9,6.9,6.9,7.1,7.1,7.1,7.1,7.1,7.3,7.2,7.1,7.4,7.4,7.3,7.5,7.5,7.6,7.6,7.4,7.6,7.6,7.2,7.4,7.5
051041,7.2,7.3,7.4,7.3,7.6,7.5,7.5,7.7,7.9,7.8,8.2,8.2,8.1,8.1,8.0,8.4,8.6,8.3,8.6,8.8,8.9,8.9,8.8,8.8,8.8
051042,8.4,8.6,8.3,8.6,8.8,8.9,8.9,8.8,8.8,9.2,8.9,9.2,9.5,9.0,9.2,9.2,9.6,9.6,9.6,9.3,9.6,9.4,9.7,9.5,9.6
052001,8.2,8.5,8.7,8.8,8.5,8.5,8.7,8.8,8.8,9.3,9.1,9.3,9.2,9.2,9.3,9.5,9.5,9.5,9.7,9.7,9.9,9.4,9.8,9.7,9.9
052002,8.0,8.0,8.0,8.3,8.3,8.3,8.3,8.4,8.5,8.8,8.9,8.8,9.0,9.0,9.0,9.0,9.0,9.1,9.4,9.8,9.8,9.3,9.2,9.6,9.4
052003,7.9,7.9,7.9,8.0,8.2,8.2,8.1,8.1,8.0,8.6,8.8,8.6,8.5,8.8,8.7,8.6,8.9,8.9,8.7,9.0,9.0,9.1,8.9,9.2,9.2
052004,9.3,9.3,9.4,9.4,9.4,9.4,9.4,9.4,9.7,9.8,9.9,10.0,10.3,9.8,10.3,10.2,10.5,10.7,10.4,10.6,10.5,10.8,10.6,10.9,10.8
052005,8.3,8.5,8.4,8.6,8.5,8.6,8.6,8.6,8.8,9.3,9.0,9.2,9.5,9.4,9.1,9.5,9.1,9.7,9.7,9.5,9.8,9.8,9.7,9.9,10.0
052006,9.1,8.9,9.2,9.2,9.2,9.1,9.3,9.3,9.5,9.6,9.8,10.0,9.9,10.1,10.1,10.0,10.0,10.1,10.3,10.6,10.6,10.3,10.8,10.7,11.1
052007,7.2,7.3,7.3,7.3,7.4,7.4,7.5,7.7,7.8,7.9,8.0,8.0,7.9,8.3,8.2,8.6,8.7,8.4,8.9,9.0,9.3,9.0,8.6,9.3,9.2
052008,8.5,8.6,8.4,8.5,8.4,8.7,8.7,8.7,8.6,9.0,9.1,9.0,9.0,9.2,9.2,9.3,9.4,9.0,9.2,9.1,9.5,9.1,9.4,9.1,9.3
052009,6.9,6.9,7.1,7.1,7.1,7.0,7.0,7.2,7.1,7.5,7.3,7.4,7.3,7.2,7.3,7.3,7.6,7.6,7.5,7.6,7.6,7.6,7.5,7.6,7.7
052010,7.2,7.3,7.4,7.6,7.5,7.6,7.7,8.0,8.0,8.3,8.3,8.5,8.6,9.2,8.7,9.0,9.0,9.2,9.3,9.4,9.6,9.6,9.9,9.8,10.0
052011,8.0,8.1,8.0,8.1,8.4,8.2,8.2,8.2,8.8,8.7,8.9,9.2,9.2,9.3,9.3,9.2,9.5,9.6,9.5,9.9,10.3,9.8,10.0,10.3,10.1
052012,8.5,8.6,8.4,8.5,8.5,8.6,8.7,8.5,8.6,8.8,8.9,9.0,8.8,8.9,8.8,8.9,9.1,8.9,9.0,8.9,8.8,9.0,9.0,8.8,8.9
052013,8.6,8.7,9.0,8.7,8.8,9.1,9.0,9.3,9.2,9.6,9.6,9.7,9.6,9.6,10.1,10.0,10.1,10.3,10.2,10.4,10.4,10.1,10.8,10.5,11.1
052015,8.6,8.8,8.9,8.9,9.0,8.9,9.0,8.8,9.0,9.1,9.1,9.1,9.5,9.0,9.3,9.5,9.5,9.1,9.1,9.0,9.7,9.1,9.5,9.1,9.3
052016,9.6,9.9,10.0,9.8,10.0,10.0,10.3,10.4,10.6,11.1,11.0,10.9,10.8,11.1,11.4,11.5,11.3,11.9,11.6,11.5,11.9,11.7,12.2,11.8,12.1
052017,7.3,7.5,7.6,7.7,7.4,7.7,7.7,7.7,7.6,8.2,8.3,8.2,8.4,8.4,8.6,8.3,8.4,8.6,8.9,8.9,8.8,9.1,9.0,8.9,9.1
052018,9.2,9.2,9.2,9.2,9.5,9.1,9.7,9.5,9.8,10.0,10.6,10.5,10.1,10.7,11.0,10.9,11.1,11.1,11.5,11.5,11.8,11.7,12.4,11.8,12.3
052019,7.8,7.5,7.9,7.8,7.7,7.9,7.9,7.9,8.1,8.1,8.1,8.3,8.3,8.5,8.3,8.5,8.5,8.4,8.5,8.7,8.6,8.7,8.5,8.8,8.7
052020,10.1,9.9,10.4,10.2,10.3,10.6,10.4,10.5,10.4,11.0,10.9,11.1,11.4,11.4,11.5,11.5,11.1,11.2,11.8,11.8,12.1,11.6,11.6,12.3,12.3
052021,7.6,7.9,7.9,7.9,7.7,7.8,8.1,7.9,8.0,8.5,8.6,8.5,8.3,8.8,8.5,8.7,8.7,8.9,8.7,8.9,9.2,9.1,9.1,9.2,9.1
052022,10.9,10.5,10.9,10.8,10.6,10.8,10.6,10.9,10.4,11.3,11.1,10.9,10.9,11.2,11.4,10.8,11.0,11.1,11.1,11.0,11.5,11.0,11.1,11.2,11.1
052023,7.9,7.9,7.9,7.9,8.2,8.0,8.2,8.2,8.4,8.7,8.7,8.9,8.8,9.1,9.1,9.2,9.3,9.2,9.3,9.2,9.6,9.5,9.4,9.6,10.2
052024,7.8,7.8,7.9,7.9,7.8,8.3,8.2,7.9,8.3,8.4,8.7,8.8,8.7,9.0,9.3,8.9,8.9,9.0,9.3,9.2,9.7,9.5,9.8,9.5,9.6
052025,9.3,9.5,9.4,9.8,9.7,9.7,9.7,10.0,10.2,10.2,10.2,10.7,10.6,10.7,10.5,11.1,10.7,10.7,11.2,11.2,11.6,11.2,11.8,11.7,11.6
052026,6.7,6.8,6.7,6.8,6.7,6.8,7.0,7.1,7.0,7.2,7.4,7.4,7.7,7.6,7.8,7.9,7.9,7.8,8.0,8.1,8.3,8.2,8.1,8.3,8.6
052027,8.2,8.2,8.2,8.5,8.4,8.5,8.6,8.6,8.6,9.1,9.2,9.2,9.1,9.3,9.5,9.4,9.4,9.6,9.9,10.3,9.9,10.3,10.1,10.5,10.2
052028,8.2,8.4,8.6,8.4,8.8,8.8,8.8,9.0,8.9,9.1,9.4,9.3,9.6,9.7,9.6,9.7,9.7,10.0,10.2,9.8,10.3,10.6,10.3,10.6,10.5
052030,9.2,9.4,9.5,9.8,9.6,9.7,9.8,9.5,9.7,10.2,10.1,9.9,10.1,9.8,10.2,9.8,10.0,10.1,10.2,10.2,10.4,9.7,9.9,10.0,10.2
052031,8.0,7.8,7.9,7.9,8.1,8.0,8.2,7.9,8.1,8.3,8.6,8.3,8.5,8.7,8.4,8.6,8.8,8.7,8.5,8.9,8.8,9.0,8.8,8.6,8.8
052032,8.3,8.1,8.2,8.4,8.2,8.3,8.3,8.3,8.3,8.6,8.4,8.7,8.9,8.9,8.6,8.7,9.0,8.8,8.8,8.8,9.0,9.0,8.6,9.0,8.9
052033,8.8,9.0,9.0,9.1,9.5,9.0,9.0,9.4,9.6,9.7,9.9,10.2,10.1,10.0,10.0,10.5,10.4,10.6,10.7,10.8,11.3,10.8,10.9,11.0,11.4
052034,9.9,9.8,9.8,10.1,9.6,9.5,10.1,9.7,9.8,10.0,10.2,10.3,10.1,10.0,10.3,10.1,10.2,10.1,10.2,10.3,10.5,10.1,10.4,10.4,10.4
052035,8.5,8.3,8.4,8.6,8.5,8.4,8.6,8.8,8.9,8.9,8.9,8.9,9.2,9.2,9.2,9.0,9.3,9.4,9.3,9.6,9.5,9.5,9.4,9.5,9.9
052036,8.7,8.6,8.7,8.7,9.0,9.0,8.9,9.0,9.3,9.3,9.3,9.2,9.6,9.6,9.5,10.0,9.6,9.8,9.9,9.8,10.2,9.9,10.2,10.2,10.2
052037,9.0,8.9,9.3,9.2,9.4,9.5,9.5,9.5,9.6,9.9,10.0,10.2,10.5,10.4,10.1,10.6,10.5,10.8,10.7,11.1,11.4,11.2,11.0,11.5,11.3
053001,7.9,7.8,7.9,7.9,8.0,7.8,8.0,7.9,7.7,8.3,7.9,7.9,8.1,8.1,8.1,8.0,8.0,7.9,8.0,8.0,7.9,7.9,7.9,8.2,7.9
053002,8.8,8.8,8.9,9.0,9.1,9.2,9.1,9.1,9.8,9.7,10.1,9.8,9.6,9.9,9.9,9.9,10.1,10.0,10.3,10.4,10.5,10.4,10.1,10.4,10.3
053003,9.1,9.5,9.0,9.5,9.4,9.3,9.3,9.5,9.6,10.0,10.2,9.9,10.0,10.3,10.0,10.3,10.1,10.1,10.3,10.4,10.7,10.4,10.4,10.5,10.5
053004,8.9,8.7,9.1,8.7,8.9,9.0,9.2,9.1,9.1,9.5,9.6,9.7,9.6,9.6,9.6,9.6,9.8,9.8,9.9,10.0,10.3,9.8,9.9,10.3,10.1
053005,7.4,7.4,7.4,7.3,7.6,7.5,7.5,7.4,7.7,7.7,7.6,7.9,7.8,7.9,7.7,8.0,8.0,7.9,8.0,7.8,8.2,8.2,8.2,8.0,8.1
053006,7.4,7.7,7.8,7.7,7.7,8.0,8.1,8.2,8.1,8.3,8.6,8.4,8.6,8.9,8.9,8.8,8.8,9.3,9.2,9.1,9.7,9.8,9.7,9.7,9.9
053007,9.0,9.0,8.9,9.0,9.1,9.3,9.3,9.5,9.5,9.4,9.7,9.8,9.6,9.9,9.9,9.9,9.7,9.9,9.9,10.1,10.4,10.0,10.2,10.1,10.1
053008,7.0,6.8,7.1,7.1,7.1,7.0,7.1,6.9,6.9,7.2,7.2,7.4,7.3,7.3,7.2,7.4,7.5,7.5,7.5,7.6,7.6,7.2,7.4,7.4,7.5
053009,7.8,7.9,7.9,8.0,7.9,8.1,8.1,8.0,7.9,8.5,8.3,8.6,8.4,8.5,8.6,8.9,8.9,8.8,8.9,8.7,8.9,8.9,8.9,9.2,9.1
053010,8.4,8.6,8.9,8.5,8.6,8.7,8.9,8.9,9.1,9.0,9.4,9.7,9.2,9.3,9.7,9.5,9.5,9.5,9.8,9.5,10.0,9.8,10.0,9.8,10.0
053011,7.8,8.0,8.2,7.9,8.0,8.1,8.2,8.2,8.0,8.5,8.4,8.6,8.6,8.7,8.7,8.7,8.7,8.8,8.8,8.8,9.1,9.0,9.0,8.8,8.9
053012,8.8,9.1,9.2,9.3,9.5,9.4,9.5,9.5,9.4,9.8,10.1,10.2,10.2,10.4,10.1,10.7,10.2,10.4,10.7,10.5,10.7,11.0,10.9,11.0,11.3
053013,9.1,8.7,8.7,9.1,9.0,9.0,9.2,9.1,9.4,9.7,10.0,9.9,10.3,10.1,10.0,10.0,10.5,10.3,10.3,10.6,10.6,10.8,10.9,10.7,11.0
053014,8.5,8.6,8.3,8.5,8.7,8.7,8.9,9.1,9.0,9.4,9.1,9.5,9.8,9.8,9.8,10.2,10.2,10.0,10.1,10.5,10.8,10.3,10.6,10.8,10.9
053015,8.3,8.2,8.3,8.1,8.4,8.3,8.4,8.3,8.2,8.5,8.6,8.6,8.5,8.4,8.5,8.4,8.6,8.6,8.5,8.8,8.9,8.6,8.7,8.5,8.6
053016,8.2,8.1,8.6,8.2,8.5,8.3,8.6,8.6,8.4,8.8,9.0,8.7,9.2,9.2,9.4,9.1,9.5,9.1,9.6,9.5,9.6,9.5,9.5,9.9,9.8
053017,9.7,9.6,10.0,10.2,10.0,10.5,10.1,10.3,10.3,11.2,11.0,10.9,10.9,11.0,11.0,11.2,11.3,11.4,11.4,11.7,11.6,11.9,11.8,11.8,11.7
053018,9.3,9.1,8.9,9.1,9.2,9.4,9.3,9.4,9.3,9.7,9.8,9.8,10.1,9.8,10.0,10.1,10.3,10.1,10.3,10.4,10.7,10.3,10.5,10.3,10.3
053019,8.5,8.7,8.5,8.7,8.6,9.0,8.6,8.8,8.9,8.9,9.1,9.5,8.9,9.2,9.4,9.0,9.1,9.1,9.2,9.0,9.3,9.2,9.5,9.4,9.3
053020,9.0,9.1,9.5,9.6,9.4,9.8,9.9,9.8,10.2,10.4,10.2,10.5,11.0,10.5,11.0,10.9,11.2,11.3,11.3,11.6,12.0,11.6,11.9,12.1,12.2
053021,7.5,7.5,7.4,7.5,7.9,7.4,7.6,7.7,7.7,7.9,7.6,7.9,7.8,7.8,8.0,7.9,7.8,7.9,8.0,8.2,8.2,8.1,8.0,7.9,8.1
053022,8.8,9.0,9.4,9.1,9.4,9.6,9.6,10.2,10.1,10.6,10.7,10.5,11.0,11.3,11.5,11.8,11.7,12.0,11.9,12.0,12.7,12.8,13.1,12.9,13.4
053023,9.7,9.7,9.8,9.7,9.8,9.5,9.5,9.4,9.6,9.7,9.7,10.2,9.9,10.0,9.7,9.9,9.9,10.1,9.9,9.8,10.1,10.0,9.7,9.9,9.6
053024,9.0,8.7,9.0,9.0,9.0,9.3,9.0,8.9,9.6,9.4,9.5,9.3,9.5,9.4,9.6,9.7,9.8,9.5,9.4,9.5,9.9,9.5,9.6,9.7,9.8
053025,8.8,8.9,8.9,9.1,9.2,9.2,9.1,9.3,9.3,9.9,9.8,10.0,9.9,9.9,10.2,10.1,10.4,10.6,10.3,10.5,10.7,10.3,10.5,10.8,10.8
053026,6.4,6.6,6.5,6.7,6.8,6.9,6.7,6.8,6.8,7.0,7.1,6.9,7.1,7.4,7.3,7.3,7.3,7.7,7.4,7.6,7.8,7.4,7.5,7.9,7.8
053027,8.6,8.8,9.2,9.0,9.0,9.2,9.0,9.2,9.4,9.6,9.6,9.6,9.5,9.8,9.5,10.0,9.9,10.2,10.0,10.3,10.5,10.0,10.1,10.6,10.3
053028,7.9,7.7,8.3,8.1,8.3,8.1,8.3,8.3,8.1,8.3,8.5,8.4,8.8,8.8,8.6,8.8,9.0,9.1,9.0,9.0,9.0,9.3,9.4,8.9,9.2
054001,7.9,7.8,7.8,8.0,8.0,7.9,8.0,8.1,8.3,8.4,8.6,8.9,8.5,8.7,8.9,8.6,8.8,9.1,8.9,9.1,9.4,9.2,9.4,9.5,9.7
054002,7.9,7.7,7.9,8.0,8.0,8.2,8.0,8.1,8.3,8.6,8.7,8.6,8.4,8.7,8.6,8.8,8.7,9.1,9.1,9.0,9.2,9.0,9.3,9.1,9.1
054003,9.3,9.4,9.4,9.3,9.6,9.9,9.7,10.2,9.8,10.1,10.3,10.2,10.4,10.7,10.6,10.5,11.0,11.2,11.3,11.0,11.5,11.6,11.3,11.2,11.7
054004,8.1,7.9,8.1,8.2,8.3,8.5,8.2,8.3,8.5,8.8,8.7,9.0,9.2,9.1,9.2,9.4,9.2,9.4,9.3,9.5,9.7,9.3,9.4,9.6,9.6
054005,7.2,7.2,7.2,7.1,7.3,7.1,7.2,7.0,7.2,7.3,7.3,7.2,7.2,7.4,7.4,7.2,7.5,7.5,7.3,7.4,7.4,7.5,7.1,7.3,7.2
054006,8.7,8.8,9.0,9.1,8.9,9.0,9.0,8.9,9.2,9.1,9.2,9.1,9.3,9.5,9.3,9.3,9.4,9.1,9.4,9.4,9.4,9.5,9.2,9.5,9.6
054007,7.9,8.1,8.0,7.8,7.9,7.9,8.0,7.8,8.2,8.2,8.2,8.2,8.6,8.3,8.4,8.3,8.3,8.4,8.3,8.3,8.8,8.3,8.4,8.3,8.6
054008,8.0,7.9,7.9,8.3,8.4,8.2,8.4,8.4,8.5,9.0,8.9,9.2,9.0,9.0,9.1,9.1,9.2,9.2,9.3,9.2,9.6,9.6,9.6,9.8,9.4
054009,7.6,7.8,7.9,8.2,7.8,7.8,8.0,8.2,8.0,8.4,8.4,8.5,8.6,8.6,8.7,8.9,8.8,8.8,8.7,9.0,9.1,9.1,9.1,9.1,9.4
054010,9.3,9.5,9.6,9.7,9.9,10.0,9.7,10.0,10.4,10.9,11.0,11.0,11.1,11.6,11.6,11.2,11.8,12.0,12.0,12.2,12.2,12.7,12.9,12.3,12.6
054011,8.0,7.7,8.0,8.0,8.0,7.9,8.1,8.1,8.2,8.3,8.3,8.4,8.2,8.3,8.3,8.3,8.4,8.1,8.5,8.6,8.8,8.5,8.4,8.5,8.7
054012,8.4,8.6,8.5,8.4,8.5,9.0,8.8,8.6,8.7,9.2,8.9,9.1,9.1,9.2,9.2,9.1,9.3,9.3,9.8,9.5,9.4,9.4,9.5,9.7,9.6
054013,7.1,7.0,7.0,7.0,7.0,7.2,7.1,7.1,7.2,7.5,7.3,7.5,7.5,7.7,7.9,7.9,7.9,8.0,7.9,8.0,8.0,7.9,8.2,8.3,8.1
054014,9.7,9.9,9.7,9.7,9.8,10.1,10.2,10.3,10.4,10.7,10.7,10.9,10.6,11.0,11.2,11.1,11.4,10.8,11.8,11.5,11.8,11.4,11.4,12.2,11.7
054015,10.0,10.1,10.5,10.4,10.8,10.7,10.5,10.7,10.6,11.1,11.3,11.6,11.4,11.5,11.5,11.6,11.5,11.6,11.7,11.8,12.3,11.8,11.8,11.9,12.0
054016,8.2,8.2,8.3,8.4,8.6,8.7,8.5,8.4,8.4,9.2,8.9,9.0,9.3,9.4,9.4,9.4,9.4,9.4,9.3,9.7,10.1,9.6,9.7,10.0,10.4
054017,9.6,9.9,9.9,9.9,9.6,9.7,9.9,9.8,9.7,10.5,11.0,10.7,10.4,10.9,10.9,10.9,10.9,11.5,11.1,11.2,11.7,11.4,11.3,11.8,11.6
054018,9.1,9.0,9.2,9.2,9.0,9.3,9.3,9.2,9.4,9.4,9.8,9.8,9.6,10.0,9.6,9.8,9.8,10.2,10.2,10.1,10.3,10.1,10.4,10.3,10.1
054019,9.5,9.4,9.6,9.3,9.5,9.5,9.5,9.3,9.4,9.6,9.8,9.7,10.0,9.7,9.8,9.9,9.5,9.8,9.8,9.7,10.3,9.5,10.1,9.8,9.8
054020,9.1,9.2,9.3,9.3,9.3,9.7,9.2,9.4,9.5,9.9,9.9,9.9,9.9,9.9,9.9,10.3,9.9,10.3,10.5,10.3,10.1,10.3,10.3,10.3,10.5
054021,9.4,9.6,9.7,10.0,9.8,9.8,10.1,10.2,10.2,10.3,10.3,10.5,10.4,10.4,10.6,10.5,10.6,10.6,10.8,10.9,11.3,11.0,10.7,11.1,11.0
054022,9.6,9.7,9.7,10.1,9.7,9.7,10.4,10.2,10.1,10.4,10.8,10.5,10.4,11.0,10.7,11.0,10.5,11.1,10.9,10.8,11.7,10.9,11.0,11.1,11.6
054023,6.6,6.6,6.3,6.6,6.3,6.5,6.6,6.6,6.6,7.0,7.1,7.0,6.9,7.1,7.1,7.0,7.3,7.2,7.4,7.2,7.6,7.5,7.4,7.3,7.7
054024,10.2,10.0,10.3,10.6,10.4,10.9,10.7,10.7,10.8,11.1,11.3,11.3,11.6,11.6,11.8,11.9,11.5,11.9,12.4,12.2,12.6,12.5,12.7,12.3,13.1
054025,6.9,6.8,7.0,6.9,7.0,7.1,7.3,7.2,7.4,7.5,7.5,7.9,7.5,8.0,8.0,7.8,8.1,8.1,8.2,8.4,8.5,8.4,8.5,8.4,8.6
054026,8.0,8.5,8.0,8.1,8.0,8.1,8.3,8.3,8.1,8.4,8.6,8.3,8.3,8.2,8.7,8.5,8.5,8.4,8.5,8.3,8.5,8.4,8.2,8.3,8.2
054027,8.3,8.4,8.2,8.5,8.6,8.7,8.6,8.8,8.9,8.8,9.4,9.4,9.5,9.5,9.4,10.0,10.3,9.8,10.0,10.0,10.7,9.9,10.2,10.4,10.6
054028,8.8,8.9,8.8,8.9,9.1,9.0,9.0,9.1,9.2,9.6,9.6,9.9,10.1,9.9,10.0,10.0,10.0,10.3,10.0,10.6,10.7,10.7,10.5,10.6,11.0
054029,9.5,9.4,9.7,9.6,9.4,9.7,9.8,9.6,9.7,10.3,10.1,10.2,10.2,10.3,10.3,10.4,10.8,10.7,10.4,10.9,11.0,11.1,10.7,10.9,10.9
054030,7.0,7.2,7.0,7.0,7.0,7.1,6.9,6.9,7.2,7.3,7.4,7.3,7.2,7.2,7.4,7.3,7.4,7.2,7.1,7.2,7.5,7.2,7.3,7.2,7.4
054031,9.3,9.6,9.6,9.6,9.6,9.5,9.7,9.5,9.4,9.8,9.9,9.7,9.9,9.7,9.8,9.6,9.9,9.5,9.9,9.8,10.1,9.8,9.6,9.9,10.2
054032,9.1,9.0,9.2,9.5,9.3,9.2,9.3,9.6,9.6,10.1,10.0,10.0,10.0,10.3,9.9,10.2,10.3,10.3,10.7,10.8,10.7,10.7,10.7,10.7,10.9
054033,10.1,9.9,10.1,10.3,10.2,10.2,10.0,10.1,10.8,10.8,11.1,11.0,11.2,11.5,11.2,11.2,11.5,11.9,11.6,11.5,11.9,11.8,12.5,12.2,12.3
054034,8.4,8.5,8.2,8.5,8.3,8.5,8.4,8.5,8.6,8.9,8.9,8.9,9.1,9.2,9.4,9.4,9.4,9.5,9.6,9.7,10.0,9.7,10.0,9.9,9.9
054035,7.3,7.2,7.1,7.2,7.3,7.6,7.3,7.3,7.6,7.8,7.9,8.0,7.8,7.8,8.0,7.9,8.0,8.2,8.2,8.4,8.8,8.3,8.4,8.2,8.5
054036,8.5,8.7,8.8,8.9,8.9,9.1,9.2,9.4,9.3,9.8,9.9,10.1,10.2,10.6,10.3,10.9,10.5,10.8,11.0,11.3,11.6,11.3,11.5,12.0,11.9
054037,9.7,9.7,9.9,9.8,10.0,9.7,10.2,10.1,10.4,10.6,10.7,10.8,10.8,11.1,11.4,11.1,11.3,11.5,11.4,11.8,11.9,11.9,11.9,11.8,12.0
054038,9.7,9.7,9.7,9.3,9.8,9.8,9.8,10.1,10.0,10.3,10.3,10.4,10.5,10.7,10.4,10.5,10.7,10.4,10.3,10.6,10.9,10.9,11.0,11.1,10.9
054039,10.4,10.1,10.6,10.8,10.5,10.6,10.9,11.0,11.0,11.4,11.6,11.9,11.9,11.7,12.4,12.1,12.2,12.5,12.4,12.8,12.7,13.2,12.6,13.0,13.5
054040,8.7,9.0,9.0,8.8,9.0,9.1,9.1,9.3,9.6,9.7,9.8,9.7,9.9,9.7,9.8,10.1,10.1,10.1,10.6,10.2,10.5,10.5,10.6,10.6,10.7
054041,9.3,9.3,9.5,9.2,9.6,9.9,9.5,9.7,9.8,10.2,10.1,10.5,10.4,10.4,10.7,10.7,10.8,10.5,10.6,10.8,11.2,11.0,10.9,11.0,10.9
054042,9.5,9.5,9.7,9.6,9.9,9.7,9.5,9.5,9.8,10.3,10.0,10.0,10.0,10.0,10.1,10.3,10.4,10.4,10.3,10.4,10.3,10.3,10.1,10.3,10.2
054043,9.2,9.5,9.2,9.2,9.7,9.4,9.3,9.4,9.5,9.8,9.8,9.9,9.6,10.0,9.9,10.2,10.1,10.0,10.0,10.1,10.6,10.1,10.3,10.3,10.2
054044,10.6,10.5,10.9,10.7,10.6,10.9,11.1,10.9,11.1,11.4,11.3,11.4,11.5,11.8,11.6,11.8,12.0,12.2,11.8,12.5,11.9,12.1,12.3,12.3,12.3
054045,8.4,8.2,8.4,8.5,8.6,8.6,8.4,8.6,8.8,9.2,8.9,9.1,9.1,9.4,9.3,9.4,9.5,9.8,9.8,9.7,10.0,9.7,9.8,9.9,10.0
054046,9.5,9.4,8.9,9.1,9.4,9.3,9.5,9.4,9.5,9.8,9.6,9.8,9.7,9.6,9.9,9.7,10.0,9.8,9.7,10.2,10.3,9.7,9.8,9.9,10.0
054047,8.9,8.8,8.9,8.6,8.8,8.8,8.8,9.0,9.0,9.1,9.5,9.1,9.3,9.3,9.2,9.4,9.2,9.3,9.1,9.3,9.5,9.0,9.3,9.3,9.3
054048,9.5,9.1,9.5,9.5,9.7,9.8,9.6,9.6,10.0,10.1,10.4,10.4,10.6,10.4,10.6,10.9,10.9,10.8,10.8,10.8,10.9,11.0,10.6,11.4,11.2
054049,6.7,6.9,6.9,6.9,7.1,7.1,7.2,7.4,7.2,7.7,8.0,7.9,8.1,8.3,8.1,8.3,8.2,8.5,8.3,8.8,9.0,8.6,9.2,9.0,9.1
054050,7.1,6.9,7.2,7.1,7.1,7.0,7.3,7.3,7.3,7.5,7.8,7.8,7.8,7.9,7.7,8.2,8.0,8.3,8.3,8.2,8.6,8.3,8.3,8.5,8.7
054051,8.5,8.4,8.6,8.7,8.8,8.6,8.9,9.1,9.1,9.5,9.4,9.8,9.5,9.6,9.6,9.9,9.7,10.0,9.7,9.9,9.9,10.3,10.3,9.9,10.4
054052,8.5,8.5,8.4,8.4,8.5,8.6,8.7,8.6,8.7,9.1,9.0,9.2,9.1,9.3,9.2,9.2,9.2,9.1,9.2,9.4,9.5,9.3,9.4,9.6,9.4
054053,8.0,8.0,8.0,8.0,8.1,8.1,8.0,8.3,8.2,8.5,8.6,8.7,8.6,8.6,8.8,8.8,8.8,8.7,8.8,9.0,8.9,9.0,8.8,9.2,9.3
054054,8.9,9.2,9.1,9.0,9.4,9.2,9.3,9.3,9.7,10.1,10.2,10.1,10.1,10.3,10.5,10.2,10.4,10.5,10.6,10.5,11.2,11.1,11.2,11.4,11.1
054055,9.1,9.1,9.2,9.2,9.4,9.3,9.4,9.8,9.7,9.8,9.8,10.3,10.0,9.9,10.4,10.4,10.8,10.6,11.0,11.1,11.4,11.0,10.7,10.7,11.2
054056,9.3,9.2,9.3,9.4,9.7,9.5,9.8,10.0,9.7,10.0,10.0,10.0,10.5,10.1,10.1,10.4,10.6,10.6,10.6,10.6,10.6,10.5,10.7,11.2,10.8
054057,7.2,7.2,7.2,7.4,7.7,7.4,7.6,7.7,7.9,7.9,8.0,8.0,8.2,8.4,8.4,8.4,8.7,8.7,8.5,8.6,8.9,8.8,8.8,9.0,8.8
054058,8.2,8.4,8.4,8.5,8.4,8.5,8.3,8.5,8.5,8.8,9.1,9.2,8.8,9.1,9.0,9.4,9.1,9.1,9.0,9.1,9.6,9.0,9.5,9.3,9.4
054059,9.2,9.3,9.3,9.1,9.3,9.3,9.4,9.5,9.3,9.9,10.0,9.9,10.0,10.0,9.9,10.0,10.1,10.1,9.8,10.2,10.3,10.4,10.1,10.3,10.2
055001,9.3,9.4,9.3,9.4,9.1,9.5,9.6,9.6,9.7,10.1,10.4,10.0,10.2,10.0,10.3,10.3,10.3,10.7,11.0,10.8,10.9,10.8,10.9,10.9,11.1
055002,9.5,9.3,9.5,9.2,9.7,9.6,9.6,9.8,9.8,10.4,10.2,10.3,9.8,10.3,10.3,10.6,10.5,10.7,10.9,10.7,11.0,10.9,10.9,10.7,10.8
055003,8.7,8.6,8.8,8.6,8.9,9.0,8.8,8.7,9.0,9.2,9.4,9.3,9.7,9.3,9.7,9.6,9.6,9.7,9.9,9.7,10.3,10.0,10.0,10.1,10.1
055004,8.1,8.1,8.1,8.4,8.1,8.4,8.6,8.5,8.2,8.7,8.5,8.9,8.7,8.9,8.7,8.7,8.7,9.0,8.9,8.6,9.1,8.9,9.0,9.0,9.0
055005,8.0,8.2,8.0,8.3,8.5,8.4,8.4,8.6,8.4,8.9,8.9,9.2,9.3,9.2,9.2,9.2,9.4,9.5,9.5,9.7,9.9,9.8,9.8,10.1,10.1
055006,7.6,7.7,8.0,7.7,7.9,8.0,7.9,7.8,7.7,8.5,8.3,8.4,8.1,8.3,8.6,8.5,8.3,8.9,8.6,8.7,8.9,8.8,8.9,9.0,9.0
055007,10.0,10.0,10.3,10.3,10.2,10.4,10.1,10.4,10.2,10.4,10.7,10.7,10.7,10.9,11.0,11.0,11.0,11.1,10.5,11.0,11.1,10.7,10.7,11.0,11.3
055008,7.9,8.2,8.2,8.0,8.3,8.4,8.5,8.6,8.4,8.8,8.9,9.0,8.9,9.1,9.1,9.5,9.1,9.4,9.4,9.8,9.5,9.6,10.0,10.0,9.6
055009,9.8,9.9,10.1,10.4,10.3,10.2,10.4,10.3,10.6,10.9,10.9,11.1,11.2,11.7,11.4,11.4,11.9,11.6,11.8,11.8,12.2,11.7,11.9,12.0,12.3
055010,8.8,8.9,8.9,9.1,9.0,9.0,9.0,9.1,9.5,9.7,9.7,10.0,10.0,9.5,9.9,10.1,9.9,10.0,9.9,10.2,10.5,10.3,10.4,10.8,10.5
055011,8.3,8.4,8.1,8.2,8.2,8.2,8.4,8.6,8.5,8.5,8.8,8.8,8.5,8.6,8.5,8.9,8.6,8.7,8.8,8.7,8.7,8.9,8.8,8.9,8.9
055012,9.3,9.6,9.7,9.6,9.9,10.1,9.9,10.1,10.1,10.7,10.5,11.0,11.1,11.1,11.2,11.2,11.3,11.6,11.8,11.8,12.2,12.1,12.2,12.2,12.5
055013,9.3,9.1,9.3,9.7,9.3,9.8,9.8,10.0,9.9,10.3,10.3,10.8,10.5,10.4,11.0,11.4,10.8,11.3,11.5,11.4,11.5,11.6,11.6,11.7,11.9
055014,8.6,9.0,8.7,9.0,9.1,9.1,9.3,9.6,9.7,10.0,10.1,10.3,10.4,10.7,10.6,11.0,11.4,11.2,11.5,11.7,12.0,12.1,12.0,12.1,12.3
055015,9.0,9.2,9.4,9.2,9.4,9.4,9.7,9.4,9.5,10.0,9.8,10.0,9.8,10.3,10.6,10.3,10.5,10.2,10.6,10.6,11.4,10.9,11.0,10.9,11.1
055016,6.9,7.0,7.1,7.0,7.2,7.1,7.3,7.4,7.3,7.6,7.4,7.8,7.7,7.8,7.9,8.1,8.3,8.0,8.1,8.2,8.7,8.3,8.3,8.6,8.5
055017,9.6,9.8,9.7,10.0,10.0,10.1,10.0,10.5,10.2,10.4,10.8,11.0,11.2,11.3,11.4,11.2,11.5,11.5,11.7,11.9,11.6,12.2,11.9,12.1,12.1
055018,9.1,9.0,9.1,9.2,9.3,9.8,9.5,9.8,9.7,10.1,10.0,10.1,10.5,10.5,10.8,11.1,10.9,10.9,11.1,11.1,11.4,11.2,11.5,11.2,11.8
055019,8.6,8.5,8.6,8.7,8.8,8.9,8.6,8.9,9.0,9.2,9.5,9.3,9.3,9.6,9.6,9.6,9.6,9.6,9.7,9.8,10.0,9.8,10.1,9.8,10.0
055020,9.2,9.3,9.3,9.4,9.8,9.8,9.8,10.1,9.9,10.6,10.4,10.7,10.4,10.7,11.2,11.2,10.9,11.2,11.1,11.6,12.1,11.5,11.7,12.0,11.9
055021,8.7,8.8,8.9,9.0,9.2,8.9,9.1,9.0,9.2,9.7,9.4,9.9,10.3,10.0,9.9,9.9,10.2,10.2,10.4,10.3,10.8,10.5,10.5,10.6,10.7
055022,8.6,8.6,8.7,8.3,8.4,8.5,8.6,8.3,8.8,8.8,9.0,8.9,8.8,8.8,8.9,8.9,8.9,9.1,9.4,9.1,9.3,9.1,9.1,9.1,9.2
055023,9.5,9.5,9.3,9.6,9.6,9.2,9.6,9.3,9.9,9.9,10.0,9.8,9.9,9.8,9.9,10.0,10.0,10.0,10.0,9.9,10.1,10.1,9.8,10.0,10.1
055024,8.5,8.5,8.5,8.6,8.6,8.4,8.6,8.6,8.7,8.8,9.3,9.3,9.3,9.1,9.4,9.5,9.4,9.3,9.6,9.7,9.6,9.6,9.8,9.7,9.7
055025,7.5,7.4,7.6,7.6,7.6,7.7,7.3,7.7,7.8,8.1,8.1,8.2,8.4,8.2,8.3,8.3,8.4,8.7,8.6,8.6,9.0,8.8,8.7,8.9,8.8
055026,8.9,8.8,9.1,8.9,9.1,9.4,9.4,9.6,9.5,9.9,9.8,10.1,10.1,10.1,10.4,10.5,10.1,10.4,10.5,10.7,10.8,11.1,11.0,11.2,11.0
055027,10.4,10.1,10.3,10.1,10.0,10.2,10.2,10.4,10.3,10.7,10.8,10.6,10.5,10.6,10.6,10.9,10.5,10.7,10.3,10.7,10.6,10.8,10.7,10.7,10.6
055028,8.2,8.7,8.8,8.5,8.7,8.9,8.9,8.4,8.5,8.8,9.2,8.9,9.0,9.1,8.9,9.1,9.0,8.9,9.1,8.7,9.5,9.0,9.1,9.3,9.0
055029,8.2,8.3,8.6,8.4,8.3,8.7,8.9,8.6,8.8,9.3,9.5,9.1,9.2,9.8,9.5,9.4,9.5,9.7,10.0,10.0,10.4,10.3,10.4,10.3,10.8
055030,9.7,9.8,9.9,9.7,10.0,9.7,9.9,9.9,9.9,10.2,10.1,10.6,10.3,10.3,10.6,10.5,10.4,10.7,10.4,10.5,11.0,10.6,10.4,11.0,10.9
055031,8.3,8.4,8.7,8.4,8.6,8.4,8.4,8.5,8.7,9.1,9.4,8.9,9.1,9.2,9.3,9.7,9.4,9.4,9.5,9.7,9.9,10.0,10.0,10.1,10.1
055032,8.4,8.5,8.4,8.8,8.7,8.8,8.6,8.8,8.7,9.2,9.2,9.0,9.1,9.2,9.1,9.4,9.1,9.5,9.3,9.3,9.6,9.5,9.3,9.3,9.4
055033,7.8,8.0,8.1,8.0,8.0,8.2,8.3,8.2,8.0,8.4,8.6,8.6,8.6,8.5,8.5,8.5,8.5,8.4,8.6,8.6,8.6,8.8,8.9,8.9,8.9
056001,8.2,8.2,8.0,8.1,8.3,8.1,8.4,8.8,8.5,8.8,8.9,9.0,9.2,9.0,9.1,9.4,9.5,9.7,9.8,9.9,9.8,9.7,10.0,10.0,10.2
056002,8.3,8.0,8.2,8.3,8.2,8.3,8.3,8.5,8.4,8.5,8.7,8.7,8.8,8.9,8.5,8.8,8.9,8.9,8.9,9.0,9.2,9.0,9.0,9.1,9.2
056003,8.9,8.9,9.0,9.1,9.0,8.7,9.0,9.0,9.1,9.8,9.5,9.7,9.3,9.3,9.6,9.7,9.5,9.5,9.4,9.7,9.8,10.1,10.0,10.1,9.8
056004,9.0,8.9,9.0,9.1,9.3,9.0,9.5,9.1,9.3,9.8,9.9,10.1,10.0,10.3,9.8,10.2,10.0,10.2,10.3,10.3,10.9,10.6,10.4,10.5,10.5
056005,7.6,7.9,7.6,7.8,7.9,7.8,7.9,7.9,8.0,8.1,8.3,8.1,8.3,8.4,8.3,8.3,8.6,8.6,8.6,8.6,8.9,8.4,8.5,8.7,9.0
056006,8.6,8.6,8.8,8.9,8.8,8.6,8.8,9.1,9.0,9.6,9.5,9.5,9.5,9.8,9.7,10.0,9.7,9.9,10.1,10.1,10.2,10.0,10.4,10.4,10.7
056007,9.8,9.6,9.9,10.1,10.2,10.0,10.1,10.3,10.4,10.6,10.5,10.6,10.9,10.9,11.0,10.8,10.9,11.2,10.9,11.6,11.1,11.4,11.2,11.6,11.3
056008,8.4,8.4,8.6,9.0,9.0,8.8,8.8,8.6,9.1,9.5,9.4,9.4,9.5,9.7,9.5,9.7,9.7,9.9,10.0,10.2,10.4,9.8,10.3,10.1,10.4
056009,7.9,7.7,7.9,7.7,8.1,7.9,8.2,8.2,8.3,8.6,8.7,8.6,8.5,8.6,8.8,8.6,8.9,9.0,8.7,9.1,9.3,9.2,9.0,9.2,9.3
056010,8.1,8.1,8.3,8.5,8.4,8.2,8.5,8.6,8.6,9.0,8.9,8.8,9.0,9.2,9.2,9.1,9.1,9.4,9.4,9.7,9.7,9.5,9.7,9.8,10.0
056011,8.0,8.0,8.0,7.9,8.0,8.3,8.5,8.2,8.3,8.6,8.6,8.8,8.6,8.9,9.0,9.0,9.1,9.1,8.9,9.1,9.1,9.0,9.0,8.9,9.2
056012,9.2,9.3,9.2,9.6,9.5,9.5,9.8,9.9,9.7,10.1,10.4,10.2,10.2,10.4,10.7,10.9,10.9,10.9,10.7,11.0,11.5,11.1,11.3,10.8,11.3
056013,8.0,8.3,8.1,8.4,8.4,8.5,8.7,8.6,8.9,9.0,9.1,9.4,9.2,9.3,9.6,9.3,9.7,9.9,9.7,9.8,10.2,10.2,10.3,10.3,10.3
056014,7.8,8.1,8.1,8.1,8.1,8.2,8.3,8.1,8.2,8.5,8.4,8.4,8.5,8.5,8.7,8.6,8.7,8.6,8.6,9.0,8.9,8.9,9.2,9.1,8.9
056015,8.8,8.7,8.8,9.1,8.8,9.0,8.9,9.4,9.2,9.5,9.3,9.7,9.5,10.0,9.9,9.8,10.0,10.0,10.0,9.8,10.2,10.0,9.9,10.0,10.3
056016,7.5,7.4,7.5,7.7,7.7,7.6,7.6,7.6,7.6,8.1,7.8,8.1,8.0,7.7,7.9,7.9,7.9,7.7,8.0,8.3,8.3,8.3,7.9,8.2,8.2
056017,8.6,9.0,9.0,9.0,9.1,8.7,8.5,8.9,8.7,9.3,9.0,8.8,8.9,8.9,9.0,8.9,8.9,8.7,8.6,8.8,8.7,8.7,8.7,8.7,8.8
056018,10.4,10.1,10.5,10.8,10.8,10.3,10.6,10.4,10.6,11.1,11.2,11.2,11.5,11.2,11.3,10.9,11.3,11.0,11.4,11.8,11.8,11.4,11.6,11.8,12.1
056019,9.5,9.7,9.8,9.5,9.7,10.2,9.9,10.1,10.0,10.5,10.5,10.9,10.4,10.8,10.5,10.9,10.9,11.2,11.2,11.5,11.3,11.4,11.3,11.4,11.4
056020,7.9,7.6,7.9,7.8,7.8,7.8,7.6,7.8,8.0,8.1,8.1,8.3,7.9,8.1,8.0,8.2,8.2,8.0,8.3,7.9,8.1,8.0,7.8,7.9,7.9
056021,8.2,8.1,7.9,7.9,8.0,7.9,7.8,8.0,8.0,8.2,8.1,8.1,8.5,8.3,8.3,8.3,8.5,8.5,8.5,8.3,8.7,8.1,8.4,8.4,8.5
056022,7.4,7.4,7.6,7.5,7.3,7.3,7.3,7.2,7.3,7.5,7.3,7.6,7.4,7.5,7.6,7.4,7.4,7.3,7.3,7.5,7.6,7.3,7.3,7.4,7.4
056023,9.6,9.3,9.5,9.5,9.5,9.2,9.3,9.5,9.6,9.6,9.9,9.4,9.6,9.7,9.8,10.0,9.9,9.7,9.8,9.6,9.8,9.8,9.4,9.8,9.5
056024,7.9,8.1,8.1,8.1,8.1,8.3,8.4,8.4,8.5,8.7,9.0,9.0,8.9,9.0,9.2,9.3,9.3,9.5,9.5,9.4,9.7,9.8,9.9,9.9,9.6
056025,8.6,8.8,9.0,9.1,9.1,9.1,9.4,9.5,9.2,10.1,10.0,10.4,10.2,10.6,10.5,10.5,10.8,11.1,11.2,11.4,11.8,11.7,11.6,11.8,12.1
056026,9.1,9.7,9.2,9.2,9.4,9.3,9.7,9.4,9.6,10.0,10.2,10.1,10.0,10.0,10.2,10.5,10.4,10.5,10.4,10.5,11.0,10.8,10.8,11.0,10.9
056027,7.4,7.5,7.4,7.6,7.7,7.4,7.6,7.7,7.6,8.0,7.9,8.1,7.9,7.7,8.3,8.0,8.0,8.1,8.0,8.3,8.4,8.2,8.4,8.0,8.4
056028,8.8,8.8,8.7,9.1,9.2,9.1,9.3,9.1,9.1,9.4,9.4,9.7,9.8,9.6,10.1,9.7,9.9,9.8,9.7,10.2,10.2,10.3,10.0,10.2,9.8
056029,8.5,8.6,8.8,8.7,8.7,8.5,8.7,8.5,8.8,9.1,9.0,9.3,9.1,9.0,9.3,9.1,9.1,9.1,9.3,9.2,9.7,9.5,9.7,9.4,9.3
056030,9.1,9.3,9.4,9.4,9.8,9.8,9.9,10.1,10.3,10.8,10.7,10.8,10.9,11.3,11.2,11.3,11.3,11.8,11.6,12.0,12.5,12.2,12.4,12.4,12.2
056031,7.7,7.6,7.5,7.9,7.8,7.8,7.8,8.0,8.2,8.0,8.1,8.3,8.4,8.2,8.2,8.3,8.2,8.2,8.4,8.0,8.2,8.1,8.3,8.2,8.4
056032,8.7,9.0,8.9,8.9,9.0,8.8,9.1,9.2,8.8,9.5,9.4,9.6,9.4,9.4,9.8,9.5,9.6,9.6,9.5,9.8,9.5,9.6,9.9,9.8,9.5
056033,8.2,8.1,8.6,8.4,8.4,8.4,8.5,8.9,8.7,9.0,8.8,9.3,9.0,9.1,9.3,9.4,9.4,9.4,9.7,9.8,10.1,9.6,9.9,9.8,9.7
056034,9.3,9.1,9.3,9.1,9.0,9.0,9.1,9.3,9.4,9.6,9.9,9.9,10.0,9.7,9.7,9.8,10.2,9.7,10.1,9.9,10.4,10.2,9.9,10.5,10.1
056035,8.0,7.8,7.8,8.0,8.0,8.1,7.8,8.0,8.1,8.1,8.3,8.3,8.2,8.1,8.3,8.2,8.2,8.2,8.3,8.0,8.6,8.3,8.4,8.2,8.4
056036,7.9,7.7,7.7,7.9,8.0,7.8,7.7,7.8,7.8,8.1,7.9,8.1,8.2,8.1,8.1,8.0,8.0,7.9,8.0,8.2,8.4,8.1,7.9,8.1,8.1
056037,7.7,7.6,7.7,7.7,7.3,7.5,7.7,7.6,7.9,8.1,8.0,8.0,8.0,8.2,8.2,8.2,8.1,8.4,8.2,7.9,8.4,8.1,8.5,8.2,8.0
056038,8.2,8.2,8.1,8.3,8.3,8.3,8.6,8.7,8.6,9.2,9.3,9.0,9.2,9.3,9.4,9.4,9.4,9.6,9.5,9.8,9.8,9.7,9.9,10.0,10.1
056039,9.2,9.4,9.3,9.2,9.4,9.5,9.5,9.5,9.4,10.0,10.1,10.0,10.1,10.0,10.0,10.0,10.2,10.1,10.3,10.1,10.0,10.5,10.1,10.3,10.2
056040,11.0,10.8,10.7,11.0,11.0,11.2,11.8,11.0,11.5,11.4,12.0,11.9,12.0,12.1,11.9,12.3,12.3,12.2,12.7,12.5,12.7,12.9,12.3,12.8,12.5
056041,7.6,7.7,7.7,7.6,8.0,7.9,8.0,8.1,8.0,8.3,8.7,8.6,8.5,8.7,8.6,8.6,8.8,8.5,9.0,8.9,9.3,9.3,9.3,9.4,9.4
056042,7.5,7.7,7.6,7.8,7.8,7.5,8.1,8.3,8.1,8.3,8.2,8.1,8.4,8.7,8.6,8.6,8.6,8.8,8.9,8.9,9.0,9.0,9.0,9.2,9.4
056043,8.8,8.8,8.9,8.9,8.9,8.7,9.3,9.2,8.9,9.4,9.4,9.4,9.6,9.8,9.9,9.7,9.9,9.9,10.1,9.9,10.2,10.4,10.3,10.1,10.3
056044,8.0,8.2,8.3,8.2,8.4,8.3,8.6,8.6,8.6,8.7,8.8,9.0,8.8,8.7,8.9,9.1,9.1,9.0,9.1,8.9,9.5,9.2,9.2,9.3,9.4
056045,9.9,10.0,9.8,9.9,10.1,10.1,10.1,10.6,10.4,10.7,11.0,11.0,11.2,11.4,11.2,11.3,11.2,11.4,11.7,12.0,11.9,11.8,12.1,11.7,11.9
056046,8.6,8.6,8.7,8.9,8.8,8.8,9.1,8.9,9.0,9.1,9.5,9.4,9.2,9.3,9.1,9.6,9.5,9.4,9.6,9.8,9.8,9.6,9.7,9.8,9.5
056047,8.2,8.0,8.0,8.1,8.3,7.9,8.3,8.4,8.4,8.6,8.5,8.8,8.8,9.0,8.7,8.9,8.8,9.1,9.1,9.0,9.2,8.9,9.2,9.2,9.3
056048,8.7,8.8,9.0,8.8,8.9,9.0,9.1,9.0,9.0,9.4,9.5,9.5,9.4,9.4,9.6,9.6,9.6,9.5,9.7,9.6,9.9,9.5,9.8,9.6,9.8
056049,7.4,7.4,7.4,7.5,7.7,7.7,8.1,7.8,7.9,8.2,8.3,8.3,8.5,8.4,8.4,8.6,8.7,8.8,9.0,8.8,9.3,9.3,9.1,9.2,9.3
056050,9.3,9.5,9.6,9.4,9.6,9.7,9.4,9.7,9.6,10.1,9.8,9.9,9.8,9.7,10.0,9.8,9.8,10.4,10.0,10.4,10.4,10.2,10.2,10.2,10.3
056051,8.2,8.3,8.3,8.5,8.5,8.4,8.5,8.5,8.7,9.2,9.4,9.4,9.2,9.5,9.2,9.6,9.8,9.4,9.8,9.8,10.1,9.8,10.1,10.1,10.1
056052,8.2,8.3,8.3,8.1,8.3,8.3,8.6,8.7,8.4,8.8,9.0,8.9,8.7,8.8,8.8,9.2,9.0,9.0,9.3,9.3,9.1,9.2,9.1,9.2,9.2
056053,9.1,9.0,9.2,9.3,9.3,9.5,9.4,9.6,9.4,9.9,10.2,10.3,10.2,10.2,10.2,10.3,10.2,10.7,10.7,10.7,10.6,11.0,10.6,10.6,11.0
056054,8.1,8.1,8.1,8.3,8.2,8.1,8.3,8.4,8.4,8.6,8.9,8.7,8.7,8.7,8.9,8.9,8.9,8.9,9.0,9.0,9.3,9.1,9.2,9.3,9.1
056055,8.2,8.3,8.4,8.3,8.4,8.7,8.7,8.8,8.5,9.0,9.0,9.2,9.2,9.1,9.5,9.5,9.6,10.0,10.0,9.9,10.0,10.0,10.2,10.1,10.3
056056,9.8,9.8,10.4,10.2,9.9,10.3,10.1,9.9,10.2,10.6,10.9,10.7,11.0,10.9,10.8,10.9,10.9,11.0,11.3,11.2,11.3,11.2,11.7,11.6,11.4
056057,8.1,8.1,8.2,8.1,8.2,8.4,8.5,8.4,8.6,8.8,8.7,9.2,8.7,8.9,9.2,9.1,9.2,9.1,9.1,9.5,9.4,9.6,9.6,9.6,9.5
056058,8.6,8.4,8.4,8.4,8.7,8.9,8.6,8.8,9.0,9.2,9.5,9.3,9.4,9.8,9.7,9.9,10.0,10.1,10.0,10.3,10.3,10.3,10.6,10.8,10.6
056059,10.5,10.8,11.2,11.1,11.2,11.3,11.1,11.1,11.4,11.8,11.8,11.7,11.7,11.9,12.2,12.0,12.4,11.9,12.7,12.8,12.5,12.5,12.8,12.8,12.8
056060,8.6,8.4,8.5,8.6,8.6,8.6,8.5,8.7,8.4,8.7,9.0,8.8,8.9,8.7,9.0,9.0,9.0,9.0,9.0,9.3,9.4,9.3,9.2,8.9,9.4
057001,8.1,8.3,8.0,8.1,8.1,8.1,8.4,8.1,8.1,8.3,8.6,8.7,8.4,8.3,8.8,8.4,8.7,8.5,8.5,8.5,8.6,8.7,8.4,8.6,8.5
057002,8.4,8.3,8.6,8.6,8.8,8.7,8.8,8.6,8.9,9.2,9.2,9.2,9.3,9.7,9.4,9.6,9.5,9.8,9.8,9.7,10.2,9.7,10.0,10.0,10.0
057003,8.6,8.5,8.8,9.0,8.8,8.6,9.1,9.3,9.3,9.4,9.5,9.8,9.8,9.8,10.0,9.8,10.3,10.0,10.2,10.4,10.5,10.6,10.6,10.7,10.8
057004,7.4,7.3,7.5,7.5,7.6,7.7,7.6,7.7,7.8,8.1,8.2,8.2,8.2,8.3,8.5,8.7,8.6,8.9,8.8,8.8,9.2,8.8,9.2,8.8,9.0
057005,7.5,7.3,7.4,7.4,7.6,7.7,7.7,7.8,7.8,8.0,8.0,8.1,8.3,8.2,8.3,8.5,8.3,8.4,8.7,8.5,8.8,8.7,8.6,8.6,8.7
057006,8.6,8.7,8.6,8.9,8.7,8.7,8.9,8.8,8.7,9.0,8.9,9.2,9.1,9.1,9.1,9.7,9.3,9.2,9.5,9.5,9.5,9.3,9.2,9.4,9.4
057007,8.8,8.6,8.7,8.8,8.8,9.2,9.1,9.2,9.1,9.3,9.5,9.6,9.3,9.8,9.5,9.8,9.8,10.0,9.8,9.9,10.1,9.7,10.3,10.3,10.1
057008,8.5,8.8,9.0,8.8,9.2,9.2,9.3,9.3,9.5,9.7,9.8,10.0,10.1,10.2,10.4,10.6,10.4,10.8,11.0,10.9,11.6,11.5,11.5,11.5,11.4
057009,7.6,7.6,7.6,7.6,7.7,7.5,7.6,7.9,7.9,8.2,8.3,8.1,8.5,8.3,8.5,8.5,8.7,9.0,8.8,8.6,8.9,8.7,9.0,9.1,9.2
057010,9.4,9.5,9.6,9.5,9.8,9.9,9.7,9.9,9.9,10.7,10.3,10.7,10.5,10.5,10.6,10.2,10.8,10.7,11.1,10.6,11.6,11.2,11.3,11.0,11.2
057011,9.4,9.4,9.6,10.2,10.3,10.1,10.1,10.6,10.6,11.1,11.0,11.2,11.2,11.8,12.2,12.1,12.3,12.5,12.6,12.7,13.1,12.7,12.9,13.4,13.9
057012,8.4,8.4,8.6,8.5,8.7,8.8,8.9,9.0,9.0,9.1,9.2,9.3,9.4,9.5,9.6,9.8,9.8,9.9,10.0,10.1,10.4,10.2,10.2,10.6,10.5
057013,8.7,9.1,9.0,9.1,9.2,9.1,9.3,9.2,9.6,10.0,9.7,10.0,10.2,10.2,10.5,10.8,10.9,10.9,10.8,11.3,11.5,11.6,11.7,11.7,11.9
057014,11.2,10.9,11.3,11.3,11.1,11.4,11.4,11.9,11.6,12.3,12.6,12.9,12.4,12.4,12.5,12.8,13.2,12.9,13.6,12.9,13.4,13.5,13.7,13.6,13.7
057015,7.0,7.1,7.1,7.3,7.4,7.4,7.8,7.5,7.8,7.9,8.2,8.3,8.2,8.4,8.4,8.7,8.9,9.2,9.2,9.0,9.5,9.2,9.7,9.7,9.7
057016,7.1,7.5,7.4,7.5,7.4,7.8,7.9,7.7,7.5,7.8,8.1,8.0,8.2,8.2,8.4,8.2,8.3,8.5,8.1,8.6,8.8,8.4,8.6,8.7,8.6
057017,7.9,8.3,8.4,8.6,8.4,8.5,8.6,8.7,8.9,9.3,9.6,9.2,9.7,10.0,10.1,9.9,10.1,10.1,10.3,10.7,10.8,10.8,11.3,10.9,11.2
057018,7.8,8.0,7.9,8.3,8.1,8.3,8.5,8.1,8.0,8.4,8.4,8.4,8.5,8.5,8.4,8.7,8.6,8.7,8.6,8.8,9.0,9.0,8.7,8.9,8.8
057019,7.6,7.7,7.7,7.7,7.8,8.1,7.8,7.9,8.1,8.4,8.5,8.3,8.5,8.3,8.4,8.7,8.5,8.6,8.8,8.7,8.8,8.4,8.8,8.8,9.1
057020,8.1,8.1,8.1,8.2,8.0,8.3,8.3,8.4,8.3,8.6,8.3,8.6,8.7,8.7,8.6,8.5,8.8,8.6,8.8,8.8,8.9,8.7,9.0,8.6,8.8
057021,8.1,7.9,8.1,8.1,8.1,8.4,8.4,8.0,8.2,8.5,8.6,8.5,8.8,8.6,8.9,8.6,8.6,9.2,8.9,9.0,9.2,8.9,9.4,9.2,9.3
057022,9.1,9.0,9.3,9.2,9.2,9.5,9.4,9.1,9.4,9.5,9.7,9.9,9.9,10.0,9.8,9.8,10.2,10.1,10.3,10.7,10.3,10.4,10.1,9.8,10.4
057023,7.7,7.9,7.8,7.7,7.9,7.9,8.1,8.1,8.1,8.4,8.3,8.3,8.4,8.5,8.4,8.5,8.8,8.5,8.6,8.8,9.0,8.9,8.9,8.8,9.2
057024,7.6,7.5,7.7,7.7,7.7,8.0,7.8,8.1,8.1,8.2,8.2,8.3,8.7,8.3,8.4,8.4,8.4,8.4,8.5,8.4,8.5,8.6,8.5,8.5,8.7
057025,8.9,9.1,9.2,9.3,9.3,9.6,9.5,9.9,9.4,10.1,10.4,10.4,10.3,10.1,10.5,10.6,10.8,10.6,11.0,10.8,11.0,11.2,11.4,11.2,11.4
057026,9.0,9.6,9.3,9.5,9.5,9.8,9.4,10.0,10.1,10.6,10.3,10.9,10.8,10.8,11.1,11.1,11.2,11.3,11.5,11.5,12.4,11.8,12.2,11.9,12.2
057027,9.2,9.1,9.0,9.3,9.4,9.2,9.8,9.3,9.7,10.1,9.7,10.0,9.5,9.7,10.0,10.0,9.8,10.0,10.2,10.1,10.5,10.4,9.6,10.1,9.9
057028,7.2,7.3,7.4,7.4,7.5,7.6,7.7,7.8,7.5,8.0,7.9,8.1,8.0,8.2,8.4,8.4,8.7,8.6,8.9,8.6,8.9,8.9,9.0,9.2,9.2
057029,8.4,8.7,8.8,8.9,9.1,9.4,9.3,9.3,9.6,9.9,10.0,9.6,9.9,10.3,10.0,10.6,10.2,10.8,10.6,10.8,10.8,11.1,11.0,11.4,11.3
057030,9.2,9.6,9.4,9.4,9.5,9.7,10.1,9.9,10.0,10.3,10.5,11.1,10.5,10.9,10.8,11.1,11.3,11.2,11.4,11.6,11.8,11.8,11.9,12.0,12.3
057031,8.9,9.0,9.4,9.2,9.2,9.0,9.2,9.2,9.3,9.7,9.8,9.4,9.5,9.7,9.6,9.8,9.6,10.2,9.9,9.8,10.0,10.2,9.7,9.9,9.8
057032,7.1,7.0,7.0,7.4,7.4,7.1,7.5,7.3,7.3,7.5,7.6,7.6,7.8,7.9,8.1,8.0,8.0,8.1,8.1,8.0,8.4,8.2,8.3,8.3,8.3
057033,8.6,9.0,8.8,9.1,9.2,8.9,9.2,9.0,9.3,9.5,9.7,9.6,9.8,10.1,9.9,10.0,9.8,10.1,10.1,10.6,10.6,10.6,10.4,10.1,10.5
057034,8.3,8.0,8.4,8.3,8.3,8.3,8.6,8.5,8.4,8.7,9.1,9.2,9.0,8.8,9.0,9.2,9.2,9.5,9.6,9.4,9.8,9.8,9.7,10.1,9.9
057035,7.7,7.7,7.9,8.4,7.9,8.1,8.2,8.3,8.0,8.4,8.6,8.9,8.7,9.0,8.5,9.2,8.8,9.0,9.1,9.3,9.5,9.7,9.5,9.5,9.6
057036,7.6,8.0,7.7,7.9,7.9,7.7,7.9,7.8,7.9,8.1,8.2,8.3,8.5,8.3,8.5,8.1,8.4,8.4,8.4,8.7,8.5,8.6,8.7,9.0,8.7
057037,7.4,7.5,7.4,7.5,7.7,7.8,7.7,7.7,7.8,8.0,8.2,8.2,8.4,8.3,8.7,8.3,8.4,8.7,8.8,8.8,8.8,9.0,9.0,9.3,9.1
057038,8.0,8.1,7.9,8.1,8.0,8.2,8.1,8.2,8.5,8.6,8.7,8.7,8.6,8.7,9.2,8.8,8.8,9.0,9.1,9.0,9.5,9.2,9.5,9.3,9.6
057039,7.5,7.6,7.5,7.5,7.8,7.7,7.6,7.5,7.8,7.9,8.0,7.9,8.4,8.2,7.9,8.3,8.1,8.2,8.4,8.2,8.8,8.6,8.7,8.6,8.6
057040,7.2,7.2,7.1,7.3,7.4,7.3,7.1,7.4,7.5,7.5,7.7,7.6,7.5,7.6,7.8,8.3,8.0,8.1,8.1,8.0,8.1,8.1,8.2,8.2,8.2
057041,7.9,7.9,7.9,7.8,8.0,8.0,7.6,8.0,8.1,8.1,8.2,8.4,8.5,8.2,8.2,7.9,8.3,8.1,8.4,8.4,8.7,8.5,8.5,8.0,8.6
057042,9.1,9.4,9.0,9.4,9.0,9.3,9.4,9.3,9.5,9.9,10.0,10.0,10.2,10.1,10.0,10.2,10.4,10.4,10.7,11.0,10.7,10.6,10.7,10.7,10.5
057043,7.5,7.3,7.6,7.3,7.6,7.6,7.7,7.7,7.7,8.0,8.1,7.8,8.0,8.3,8.0,8.4,8.1,8.2,8.4,8.3,8.7,8.3,8.2,8.6,8.3
057044,7.9,8.0,8.0,8.0,8.1,7.9,7.8,8.0,7.8,8.4,8.2,8.2,8.0,8.3,8.3,8.1,8.3,8.2,8.3,8.1,8.4,8.2,8.2,8.1,8.2
057045,7.6,7.6,8.0,7.9,7.9,7.7,8.1,8.2,8.4,8.6,8.7,8.6,9.1,9.0,9.1,8.9,9.4,9.4,9.7,9.5,9.9,10.1,10.0,9.9,10.1
057046,7.5,7.4,7.4,7.8,7.5,7.7,7.9,7.8,7.6,8.1,8.1,8.1,8.2,8.3,8.4,8.1,8.3,8.3,8.5,8.4,9.1,8.5,8.5,8.9,8.4
057047,9.0,8.7,8.9,8.7,8.9,8.7,8.8,8.8,8.6,8.8,8.8,8.9,9.0,8.9,9.0,9.0,9.0,8.8,8.9,8.7,9.2,9.1,8.4,8.9,8.6
057048,6.4,6.5,6.6,6.7,6.6,6.5,6.7,6.5,6.8,6.9,7.0,7.1,6.8,7.1,7.1,7.1,7.1,7.0,7.2,7.3,7.4,7.2,7.4,7.3,7.6
057049,9.3,9.2,9.6,9.6,9.4,9.8,9.8,9.9,9.9,10.3,10.4,10.8,10.3,10.9,10.7,11.0,11.1,11.0,11.2,11.1,11.7,11.3,11.1,11.8,11.7
057050,8.3,8.3,8.7,8.8,8.7,8.7,8.8,9.0,8.9,9.3,9.6,9.5,9.8,9.6,9.9,10.0,9.7,10.2,9.9,10.2,10.4,10.4,10.7,10.6,11.0
057051,9.2,8.9,9.3,9.4,9.2,9.4,9.8,9.5,9.5,9.8,10.2,9.7,10.0,10.0,9.9,10.0,10.3,10.2,10.3,10.4,10.7,10.4,10.4,10.2,10.4
057052,8.0,8.1,8.2,8.3,8.3,8.3,8.5,8.5,8.6,8.9,9.1,9.2,9.2,9.3,9.3,9.7,9.3,9.5,9.6,10.0,10.2,10.0,10.1,10.1,10.6
057053,8.4,8.6,8.4,8.5,8.5,8.8,8.6,9.0,8.7,9.1,9.5,9.2,9.3,9.8,9.5,9.9,9.8,9.7,9.8,9.9,10.5,10.2,10.3,10.4,10.4
057054,8.3,8.3,8.7,8.6,8.5,8.7,9.0,8.7,8.8,9.1,9.3,9.0,9.0,9.2,9.1,9.4,9.5,9.4,9.7,9.7,9.7,9.7,9.6,10.0,9.8
057055,7.4,7.5,7.5,7.7,7.6,7.7,7.8,7.7,7.9,8.0,8.2,8.1,8.2,8.3,8.2,8.3,8.2,8.4,8.2,8.5,8.9,8.6,8.8,8.8,8.7
057056,9.5,9.7,9.6,9.8,9.9,9.5,9.7,9.8,9.7,10.1,10.4,10.5,10.1,10.4,10.3,10.5,10.5,10.7,10.6,10.6,10.4,10.6,10.7,10.7,10.8
057057,8.3,8.3,8.3,8.5,8.2,8.4,8.3,8.4,8.9,9.1,9.2,9.0,9.2,9.3,9.2,9.2,9.5,9.3,9.5,9.8,9.9,9.9,10.0,10.0,10.2
057058,8.3,8.6,8.9,8.8,9.1,8.9,9.1,9.3,9.3,9.5,9.9,9.8,10.2,10.1,10.2,10.2,10.8,10.7,10.9,10.7,11.1,11.2,11.4,11.7,11.8
057059,8.7,8.7,8.7,9.0,9.1,8.9,9.4,9.1,9.2,9.7,9.7,9.7,9.9,9.8,10.1,10.4,10.5,10.4,10.4,10.4,11.1,10.6,11.0,11.0,11.5
057060,7.4,7.3,7.5,7.6,7.3,7.8,7.7,7.8,7.7,8.0,8.0,8.1,8.1,7.9,8.2,8.3,8.2,8.3,8.5,8.3,8.7,8.8,8.4,8.8,8.6
057061,7.2,7.3,7.3,7.4,7.5,7.4,7.5,7.5,7.5,7.8,7.7,7.7,7.7,8.0,7.5,7.9,7.8,7.7,8.0,8.1,8.1,8.0,7.9,8.1,7.7
057062,7.9,8.0,8.2,7.8,8.2,8.0,8.1,8.2,8.1,8.3,8.7,8.4,8.5,8.6,8.8,8.9,8.6,8.7,8.9,9.1,9.1,9.0,9.1,9.0,9.1
057063,7.5,7.5,7.7,7.7,7.7,7.8,7.9,7.9,8.1,8.5,8.2,8.5,8.4,8.6,8.7,8.7,8.9,9.1,8.8,9.0,9.2,9.2,9.0,8.9,9.6
057064,7.8,7.9,7.9,7.9,8.0,8.0,8.3,8.3,8.1,8.2,8.4,8.7,8.4,8.7,8.6,8.6,8.8,8.6,8.8,8.7,9.1,8.9,8.9,8.7,8.9
057065,7.9,8.1,8.2,8.2,8.2,8.4,8.4,8.3,8.4,8.5,8.7,8.6,8.6,8.9,8.9,9.1,9.1,9.2,9.0,9.2,9.2,9.6,9.4,9.4,9.5
057066,7.9,8.0,8.2,8.2,8.2,8.5,8.2,8.3,8.1,8.6,8.8,8.6,8.8,8.8,8.9,8.9,8.9,9.3,8.9,9.1,9.4,9.3,9.2,9.2,9.4
057067,8.2,8.6,8.5,8.8,8.9,9.2,8.9,9.1,9.1,9.5,9.8,9.6,10.1,9.9,10.1,9.9,10.1,10.3,10.2,10.2,10.8,11.3,10.9,10.7,10.8
057068,9.0,9.1,9.5,9.3,9.2,9.6,9.3,9.5,9.5,9.9,9.7,9.6,9.7,9.9,9.7,10.2,9.7,10.1,9.8,9.7,10.1,9.8,10.0,9.9,10.2
057069,7.9,8.2,7.9,8.1,8.2,8.3,8.3,8.3,8.0,8.4,8.3,8.7,8.6,8.7,8.5,8.7,8.4,8.6,8.7,8.7,8.6,8.5,8.5,8.7,8.9
057070,8.5,8.9,8.8,8.9,8.7,8.9,9.1,9.2,9.2,9.8,10.0,9.6,9.6,9.9,10.3,10.2,10.2,10.6,10.6,10.4,11.0,10.8,10.7,11.0,10.8
057071,8.6,8.6,8.7,8.8,8.7,8.9,9.1,8.7,9.1,9.6,9.1,9.7,9.6,9.5,9.2,9.5,9.8,9.9,10.0,10.0,10.4,10.0,10.1,10.1,10.2
057072,7.6,7.5,7.5,7.6,7.8,7.8,7.8,7.9,8.1,8.3,8.4,8.4,8.4,8.7,8.6,8.3,8.9,9.1,8.8,9.0,9.2,9.1,9.4,9.3,9.5
057073,7.6,7.6,7.6,8.0,7.9,7.9,7.9,8.0,8.2,8.5,8.4,8.3,8.2,8.6,8.4,8.5,8.7,8.7,8.7,8.8,9.0,8.6,9.1,8.9,9.1
058001,9.2,9.3,9.4,9.5,9.6,9.7,9.9,9.9,10.0,10.4,10.4,10.7,10.7,10.8,10.9,10.9,11.0,11.3,11.2,11.2,11.6,11.4,11.5,11.8,11.6
058002,8.1,7.9,7.9,8.0,8.1,8.3,8.3,8.1,8.3,8.6,8.5,8.7,8.6,8.6,8.9,8.6,8.8,8.5,8.7,8.9,9.2,9.0,9.1,9.1,9.0
058003,9.3,9.2,9.2,9.5,9.5,9.4,9.6,9.7,9.7,9.7,9.7,10.0,9.8,9.9,10.3,10.1,10.2,10.5,10.5,10.3,11.0,10.2,10.2,10.2,10.4
058004,8.9,8.8,8.8,8.6,8.7,8.6,8.8,8.9,8.9,9.1,9.1,9.4,9.1,9.2,9.0,9.0,9.0,9.1,9.2,9.0,9.4,9.1,8.9,9.1,9.2
058005,10.0,10.1,10.3,10.5,10.1,10.1,10.5,10.3,10.1,10.6,10.6,10.8,11.0,11.1,10.9,11.0,10.9,11.1,11.1,11.2,11.2,11.1,11.0,11.3,11.5
058006,9.2,9.3,9.4,9.4,9.6,9.7,9.6,9.4,9.6,10.1,10.2,10.5,10.2,10.3,10.5,10.5,10.7,10.5,10.5,10.9,11.1,10.8,11.3,11.1,11.2
058007,9.5,9.5,9.5,9.8,9.7,9.9,9.8,10.2,10.0,10.6,10.5,10.6,10.6,11.0,11.1,11.3,11.1,11.3,11.8,11.7,11.8,11.3,11.6,12.0,11.8
058008,7.4,7.6,7.6,7.9,7.9,7.7,8.0,7.9,8.0,8.1,8.3,8.1,8.5,8.3,8.5,8.5,8.4,8.6,8.7,8.8,8.9,9.1,8.8,8.9,9.0
058009,8.0,8.0,8.2,8.3,8.2,8.1,8.2,8.2,8.1,8.5,8.4,8.5,8.9,8.6,8.4,8.7,8.7,8.9,8.9,8.8,9.0,8.8,8.5,8.8,8.9
058010,8.4,8.5,8.7,8.5,8.5,8.7,8.8,9.2,8.9,9.0,9.5,9.5,9.1,10.0,9.4,9.8,9.6,9.8,9.5,9.9,10.4,10.3,9.9,9.9,10.5
058011,8.6,8.5,8.7,8.7,9.2,9.3,9.0,9.3,9.2,9.7,9.7,10.0,10.1,10.2,10.3,10.4,10.5,10.5,10.9,10.6,11.2,11.1,11.2,11.4,11.3
058012,8.1,8.2,8.1,8.1,8.5,8.3,8.4,8.4,8.5,9.0,8.9,8.9,9.2,9.2,9.1,9.4,9.4,9.1,9.5,9.3,9.8,10.0,10.0,9.7,9.9
058013,7.3,7.6,7.6,7.6,7.6,7.4,7.9,7.9,8.0,8.3,8.4,8.4,8.6,8.5,8.6,8.7,8.8,8.9,8.8,8.9,9.4,9.4,9.8,9.3,9.6
058014,8.3,8.0,8.5,8.1,8.3,8.3,8.3,8.7,8.4,8.8,8.6,9.0,9.0,9.0,8.9,9.1,8.9,9.0,9.3,9.1,9.4,9.2,9.3,9.4,9.1
058015,9.2,9.0,9.3,9.2,9.3,9.6,9.6,9.5,9.5,10.0,9.8,9.6,10.0,10.3,10.1,10.2,10.0,10.4,10.4,10.3,10.8,10.4,10.6,10.5,10.6
058016,8.2,8.4,8.3,8.4,8.6,8.5,8.6,8.6,8.5,8.8,9.0,9.1,9.0,8.9,9.4,9.2,9.3,9.3,9.2,9.3,9.6,9.2,9.6,9.5,9.6
058017,8.0,8.3,8.2,8.2,8.4,8.3,8.4,8.4,8.4,8.7,8.7,8.9,8.8,8.6,8.9,8.8,8.9,8.8,9.0,8.8,9.4,9.0,9.2,9.1,9.0
058018,9.1,9.4,9.1,9.3,9.3,9.4,9.5,9.5,9.4,10.0,9.9,10.4,10.1,10.1,10.0,10.4,10.3,10.3,10.4,10.8,11.1,10.4,10.8,10.8,11.1
058019,8.0,8.1,8.3,8.5,8.2,8.4,8.6,8.7,8.5,9.0,8.9,9.1,9.3,9.1,9.0,9.3,9.2,9.4,9.7,9.6,10.2,9.9,10.0,10.0,9.7
058020,9.2,8.9,8.9,9.1,9.2,9.3,9.4,9.4,9.0,9.3,9.3,9.6,9.7,9.5,9.7,9.6,9.7,9.8,9.7,9.6,9.7,9.7,9.9,9.6,9.8
058021,9.6,9.4,9.7,9.7,9.8,10.0,10.2,10.0,10.5,11.0,10.7,10.8,11.0,11.0,11.0,11.4,11.8,11.7,11.7,11.8,11.8,12.2,12.3,12.0,12.2
058022,7.5,7.7,7.5,7.6,7.8,7.8,7.8,7.7,7.9,8.1,8.4,8.3,8.5,8.5,8.5,8.8,8.6,8.6,8.9,8.8,9.2,9.1,9.0,9.1,9.3
058023,8.5,8.6,8.6,8.8,8.8,8.7,9.2,9.3,9.0,9.4,9.4,9.6,9.7,9.6,9.5,9.5,9.8,9.8,10.1,10.0,10.2,10.1,10.0,10.4,10.2
058024,7.9,7.9,7.7,7.7,7.7,7.6,8.1,7.7,7.6,7.8,7.8,7.9,7.9,7.9,8.0,8.0,7.8,7.9,7.7,7.9,8.0,7.7,7.5,7.8,7.8
058025,8.8,9.0,9.0,9.0,8.9,9.2,9.4,9.4,9.5,9.7,10.0,10.1,9.8,9.9,10.5,10.6,10.3,10.6,10.3,10.8,10.7,10.9,11.0,11.1,11.1
058026,8.6,8.7,8.8,9.0,8.4,8.8,8.8,8.8,8.8,9.5,9.4,9.3,9.6,9.7,9.2,9.6,9.5,9.5,9.6,9.7,9.9,9.8,9.6,9.5,9.7
058027,9.5,9.7,9.7,9.6,9.6,9.7,9.6,9.8,10.0,10.1,10.2,10.4,10.5,10.0,10.3,10.6,10.4,10.5,10.6,10.6,10.8,10.8,10.7,10.5,10.5
058028,8.7,8.7,8.6,8.7,8.9,9.0,8.9,9.1,9.3,9.2,9.9,9.7,9.7,9.7,9.8,10.0,10.0,10.1,10.2,10.3,10.6,10.6,10.6,10.8,10.9
058029,9.9,9.8,9.9,10.0,10.3,10.0,10.1,10.3,10.3,11.0,10.6,11.0,10.6,10.8,10.8,10.9,11.3,11.1,11.0,11.0,11.5,11.1,11.3,11.2,11.3
058030,8.4,8.5,8.9,8.7,8.6,8.8,8.8,8.9,8.5,8.9,9.2,9.3,9.1,9.2,9.2,9.0,9.3,9.2,9.0,9.3,9.5,9.1,9.4,9.4,9.4
058031,9.2,9.3,9.4,9.4,9.6,10.0,9.6,9.9,10.2,10.6,10.5,10.6,10.8,11.2,11.3,11.1,11.3,11.1,11.4,11.9,12.0,12.1,11.8,12.4,12.6
058032,10.5,10.7,10.6,10.8,10.8,10.9,10.8,11.3,11.5,11.7,12.0,12.1,12.1,12.2,12.4,12.7,12.9,12.8,13.0,12.9,13.7,13.2,13.1,13.6,13.4
058033,8.3,8.4,8.2,8.1,8.1,8.1,8.2,8.3,8.3,8.6,8.8,8.4,8.8,8.6,8.7,8.4,8.6,8.8,8.5,8.6,8.6,8.8,9.0,8.7,9.0
058034,8.9,9.0,9.1,8.8,9.2,9.6,9.4,9.4,9.6,9.9,10.0,10.1,10.2,10.5,10.7,10.6,10.7,10.8,11.0,11.3,11.8,11.6,11.5,11.9,11.9
058035,8.5,8.5,8.5,8.6,8.8,8.7,8.9,8.9,9.0,9.2,9.3,9.2,9.4,9.3,9.4,9.5,9.6,9.7,9.8,10.0,10.0,10.1,10.0,10.1,10.2
058036,8.7,8.8,8.9,8.6,8.9,8.8,8.8,8.8,8.7,9.2,9.3,9.3,9.4,9.1,9.3,9.3,9.4,9.3,9.6,9.3,9.4,9.4,9.4,9.3,9.4
058037,9.0,8.9,9.1,9.2,9.1,9.3,9.4,9.5,9.8,10.3,10.2,10.4,10.3,10.5,10.4,10.4,10.6,10.8,11.1,10.9,11.4,11.0,11.3,11.9,11.4
058038,7.4,7.3,7.7,7.5,7.7,7.7,7.7,7.7,7.3,7.9,7.7,8.2,8.2,8.2,8.3,8.3,8.2,8.4,8.3,8.2,8.3,8.5,8.5,8.6,8.5
058039,8.1,8.1,8.0,8.2,8.2,8.2,8.4,8.5,8.6,8.8,9.2,8.9,9.3,9.3,9.6,9.4,9.4,9.4,9.8,9.8,9.8,9.7,9.9,10.1,10.4
058040,9.3,9.2,9.0,9.3,9.1,9.2,9.5,9.3,9.5,9.9,9.8,9.6,10.1,9.8,9.7,10.0,9.8,10.0,10.2,10.2,10.4,10.1,10.3,10.2,10.6
058041,8.2,8.5,8.6,8.5,8.8,8.7,8.6,8.4,8.5,8.8,8.9,8.8,8.9,8.7,9.2,9.1,8.9,9.1,9.2,8.8,9.3,9.2,9.0,9.2,9.3
058042,8.9,9.0,8.9,9.2,9.2,9.2,9.3,9.2,9.5,9.7,9.7,9.6,10.0,9.6,10.0,9.9,10.1,10.3,10.4,10.3,10.6,10.2,10.6,10.7,10.4
058043,8.4,8.5,8.6,8.9,8.6,8.8,8.8,9.1,9.0,9.2,9.4,9.6,9.5,9.7,9.8,10.3,10.2,9.9,10.1,10.2,10.7,10.5,10.2,10.5,10.7
058044,10.0,9.7,10.1,10.1,10.2,10.3,10.1,10.1,10.4,10.4,10.5,10.7,10.9,10.9,10.7,11.0,10.7,11.1,11.1,10.7,10.9,11.1,11.2,10.9,11.0
058045,7.7,7.9,7.9,7.6,7.8,7.8,8.0,8.1,7.9,8.4,8.4,8.5,8.5,8.6,8.7,8.5,8.9,9.0,9.1,9.0,9.3,9.0,9.0,9.5,9.3
058046,8.7,8.7,9.0,9.0,8.8,9.0,9.2,9.1,9.0,9.5,9.6,10.0,9.7,9.7,10.1,10.0,9.9,10.0,10.4,10.5,10.9,10.8,10.6,10.6,10.8
058047,7.7,7.8,7.7,7.8,8.1,8.0,8.2,8.0,8.2,8.6,8.7,8.6,8.8,8.9,9.1,8.7,8.9,9.0,9.2,9.0,9.5,9.5,9.2,9.5,9.5
058048,7.9,8.1,7.8,8.3,8.3,8.3,8.4,8.2,8.4,8.7,8.6,8.6,8.8,8.7,9.0,8.9,8.9,9.0,9.1,9.1,9.6,9.2,9.1,9.4,9.1
058049,7.6,7.6,7.4,7.6,7.6,7.5,7.5,7.4,7.4,7.7,7.5,7.7,7.5,7.6,7.6,7.6,7.6,7.6,7.6,7.6,7.8,7.4,7.5,7.4,7.5
058050,9.7,9.7,9.8,9.7,9.8,9.8,9.8,10.0,9.7,10.1,10.2,9.9,9.9,9.8,9.9,10.1,9.9,10.3,9.7,10.0,10.3,10.1,9.9,10.2,9.8
058051,9.3,9.5,9.5,9.6,9.7,9.4,9.7,9.8,10.0,10.2,10.5,10.1,10.2,10.2,10.4,10.1,10.6,10.5,10.7,10.7,10.6,10.5,10.4,10.5,10.7
058052,7.1,7.3,7.2,7.3,7.4,7.3,7.3,7.5,7.2,7.6,7.6,7.5,7.4,7.7,7.7,7.6,7.7,7.5,7.9,7.7,7.8,7.6,7.6,7.6,7.8
058053,6.6,6.5,6.6,6.7,6.7,6.7,6.9,6.9,6.8,7.2,7.1,7.2,7.3,7.3,7.6,7.4,7.6,7.5,7.7,7.8,8.0,7.9,7.9,7.7,7.8
058054,8.2,8.6,8.5,8.5,8.5,8.7,8.5,8.6,8.5,9.0,9.0,8.9,8.9,9.0,8.8,9.1,9.1,8.9,9.3,9.0,9.4,9.2,9.0,9.0,9.2
058055,7.4,7.4,7.5,7.7,7.5,7.8,7.6,8.0,7.9,8.0,7.9,8.1,8.4,8.3,8.4,8.8,8.4,8.5,8.6,8.9,8.9,8.8,8.7,8.8,8.7
058056,8.3,8.6,8.8,8.8,8.7,8.9,9.1,9.3,9.4,9.6,9.7,9.7,9.8,10.3,10.3,10.1,10.4,10.6,10.9,11.1,11.0,11.2,11.1,11.2,11.2
058057,7.0,7.0,7.3,7.1,7.4,7.3,7.4,7.5,7.4,7.7,7.5,7.7,7.6,7.8,7.8,7.9,8.2,7.9,7.9,7.9,8.5,8.2,8.3,8.2,8.2
058058,8.1,8.4,8.3,8.3,8.4,8.7,8.4,8.3,8.4,8.6,8.9,9.1,8.8,9.1,9.0,9.1,9.3,9.0,9.2,9.4,9.4,9.5,9.2,9.5,9.4
058059,7.7,7.9,7.7,7.8,7.8,8.0,8.1,8.0,7.9,8.4,8.5,8.3,8.6,8.5,8.6,8.6,8.5,8.8,8.9,9.2,9.0,9.0,9.2,8.9,9.1
058060,8.6,8.6,8.5,8.5,8.6,8.8,8.7,9.0,9.0,9.2,9.2,9.4,9.4,9.4,9.5,9.6,9.6,9.6,9.6,9.9,10.1,9.9,9.8,10.0,9.9
058061,8.5,8.1,8.5,8.3,8.3,8.4,8.6,8.6,8.6,9.0,8.9,9.3,9.1,8.7,9.4,9.2,9.3,9.2,9.5,9.1,9.3,9.3,9.6,9.5,9.6
058062,7.8,7.8,7.6,7.7,7.9,8.2,7.8,8.1,8.1,8.2,8.7,8.3,8.6,8.5,8.5,8.7,8.5,8.9,8.7,8.7,9.5,9.1,8.8,9.3,8.8
058063,9.0,9.1,9.1,9.2,9.2,9.2,9.3,9.3,9.4,9.7,9.7,9.8,9.9,10.2,10.0,10.1,10.4,10.2,10.2,10.6,10.7,10.3,10.4,10.7,10.6
058064,10.3,10.2,10.5,10.4,10.4,10.6,10.4,10.9,10.7,11.1,11.5,11.5,11.6,11.5,11.7,12.2,12.1,12.1,12.2,12.6,13.0,12.7,12.9,13.3,13.2
058065,8.5,8.7,8.5,8.6,8.7,8.6,8.8,9.0,8.6,9.1,9.1,9.3,9.4,9.4,9.1,9.6,9.5,9.4,9.5,9.8,10.0,9.7,9.8,9.8,10.1
058066,9.0,9.1,9.2,9.2,9.1,9.4,9.4,9.5,9.3,10.0,9.9,10.3,10.1,10.5,10.5,10.6,10.8,10.8,10.8,11.0,11.3,10.9,11.1,11.4,11.3
058067,9.0,8.8,8.7,8.8,9.0,8.9,8.9,8.8,9.1,9.3,9.4,9.5,9.5,9.4,9.5,9.6,10.0,9.6,9.5,9.7,9.8,10.0,9.9,10.0,9.9
058068,8.5,8.4,8.4,8.3,8.4,8.6,8.2,8.2,8.4,8.8,8.8,8.8,8.8,8.9,8.8,9.0,8.7,8.7,9.0,9.0,9.1,8.8,9.0,9.1,9.2
058069,9.2,9.3,9.6,9.5,9.4,9.7,9.5,9.9,9.9,10.0,9.9,10.2,9.9,10.2,10.2,10.1,10.4,10.4,10.5,10.8,11.0,10.7,10.6,10.8,10.7
058070,8.9,8.9,9.1,8.9,9.1,9.1,9.3,9.3,9.3,10.0,9.7,10.1,10.2,9.8,10.2,10.3,10.5,10.4,10.4,10.7,11.0,10.8,10.7,11.2,11.0
058071,9.2,9.0,9.3,9.2,9.5,9.4,9.7,9.1,9.4,10.1,10.3,9.8,10.2,10.5,10.4,10.7,11.0,11.1,11.1,10.9,11.3,11.0,11.4,11.6,12.0
058072,7.5,7.7,7.7,8.0,8.0,7.8,8.2,8.2,8.5,8.6,8.9,8.9,9.1,9.0,9.1,9.4,9.2,9.7,9.6,9.7,10.1,10.0,10.3,10.4,10.3
058073,9.1,9.0,9.0,9.2,9.3,9.3,9.6,9.4,9.3,9.5,9.9,9.9,10.1,10.1,10.0,9.9,10.2,10.2,10.4,10.6,10.7,10.9,10.5,10.5,10.8
058074,8.7,8.5,8.5,8.5,8.5,8.5,8.8,8.6,8.7,9.1,8.8,9.1,8.7,8.6,8.9,8.8,8.9,8.9,8.9,8.7,9.1,8.8,8.8,8.8,8.7
058075,9.8,9.8,10.0,10.0,10.2,10.1,10.3,10.5,10.6,10.8,10.8,11.7,11.0,11.2,11.5,11.7,11.3,11.8,12.0,11.7,12.3,11.7,12.2,12.6,12.7
058076,9.4,9.0,9.6,9.3,9.5,9.5,9.2,9.4,9.5,9.9,9.8,10.0,10.1,10.0,10.3,10.2,10.1,10.1,10.2,10.3,10.4,10.6,10.7,10.4,10.5
058077,7.5,7.3,7.4,7.5,7.3,7.3,7.4,7.5,7.7,7.7,7.8,7.7,7.9,7.7,7.8,7.8,7.7,8.0,7.8,7.8,7.7,7.9,7.9,8.1,7.9
058078,7.8,8.0,8.1,8.1,7.9,8.1,8.1,8.2,8.2,8.6,8.5,8.5,8.5,8.5,8.7,8.6,8.8,8.7,9.1,8.9,9.3,8.9,9.0,9.3,9.2
058079,8.7,9.0,9.3,9.2,8.9,9.2,9.0,9.4,9.5,9.5,9.7,10.2,9.9,10.0,10.2,10.1,10.3,10.3,10.3,10.2,10.8,10.6,10.7,10.6,10.8
058080,8.4,8.5,8.4,8.4,8.7,8.7,9.0,8.9,8.9,9.7,9.5,9.5,9.7,10.3,9.7,9.6,10.0,10.2,10.5,10.4,10.8,10.4,10.6,10.8,10.6
058081,8.5,8.8,8.8,8.7,8.7,9.0,8.7,8.8,9.1,9.1,9.3,9.2,9.2,9.3,9.1,9.1,9.4,9.1,9.1,9.1,9.4,9.4,9.1,9.3,9.5
058082,8.7,8.6,8.6,8.9,8.7,9.0,8.9,9.1,8.9,9.6,9.2,9.5,9.2,9.4,9.5,9.6,9.5,9.9,9.7,9.9,10.0,9.8,10.0,10.4,10.4
058083,8.6,8.4,8.8,9.0,9.0,8.9,9.2,9.1,9.3,10.0,9.5,10.0,10.1,10.0,10.4,10.4,10.7,10.6,10.6,10.9,11.1,11.4,11.2,11.5,11.4
058084,7.6,7.9,7.8,8.0,8.2,8.2,8.3,8.3,8.5,8.9,8.8,8.8,8.9,9.2,9.1,9.3,9.3,9.5,9.6,9.8,9.7,10.0,10.2,10.1,10.2
058085,7.7,7.7,7.5,7.9,7.9,7.9,7.8,8.1,8.0,8.4,8.3,8.6,8.5,8.5,8.4,8.5,8.6,8.6,8.7,8.8,8.9,8.7,8.8,9.1,9.0
058086,7.6,7.7,7.9,7.9,7.9,7.7,7.8,7.9,8.1,8.3,8.5,8.2,8.4,8.6,8.6,8.8,8.8,8.9,9.0,9.0,9.1,9.1,9.2,9.1,9.0
058087,8.2,8.2,8.0,8.1,8.2,8.2,8.4,8.3,8.3,8.8,8.6,8.7,8.7,8.6,8.7,9.0,9.0,8.8,8.7,8.7,9.1,8.8,8.9,8.9,9.2
058088,7.9,7.9,8.0,8.3,8.2,8.3,8.4,8.5,8.6,9.0,8.7,8.9,8.8,8.9,9.1,9.1,9.1,9.1,9.0,9.2,9.6,9.2,9.4,9.4,9.5
058089,9.3,9.5,9.2,9.6,9.8,9.9,10.0,10.3,10.2,10.5,10.7,10.7,10.7,11.2,11.4,11.5,11.3,11.5,11.5,11.9,11.9,12.2,11.7,12.0,12.2
058090,9.9,10.2,9.9,10.4,10.0,10.5,10.5,10.8,10.7,11.2,11.2,11.5,11.5,11.3,11.6,11.9,11.9,11.7,12.0,12.0,12.4,12.4,12.5,12.3,12.5
058091,13.5,13.4,13.1,13.7,14.2,13.6,13.4,14.1,14.4,15.3,15.1,15.8,15.2,16.0,16.3,16.1,16.4,16.3,16.8,17.2,18.0,17.1,16.7,17.7,18.7
058092,9.6,9.7,9.5,9.5,9.5,9.5,9.3,9.3,9.6,9.5,9.6,9.6,9.5,9.6,9.4,9.7,9.7,9.5,9.3,9.4,9.5,9.4,9.2,9.3,9.4
058093,7.3,7.6,7.6,7.6,7.5,7.4,7.5,7.5,7.6,7.7,7.8,7.9,8.0,7.8,8.0,8.1,8.0,7.9,8.1,8.2,8.3,8.1,8.1,8.3,8.2
058094,9.3,9.1,9.2,9.4,9.5,9.3,9.4,9.4,9.4,9.8,9.8,9.9,10.0,10.0,9.9,9.9,9.9,10.7,10.0,10.4,10.5,10.7,10.7,10.8,10.7
058095,6.9,6.9,7.0,7.0,7.0,7.1,7.2,7.2,7.3,7.5,7.4,7.6,7.5,7.8,7.9,7.8,7.6,7.7,7.7,7.9,8.1,8.0,8.1,8.0,8.0
058096,9.2,9.8,9.6,9.7,9.9,9.8,9.7,9.4,9.9,10.3,10.4,10.2,10.5,10.6,10.5,10.7,10.9,10.6,10.6,10.6,11.0,11.1,11.0,10.9,11.1
058097,8.4,8.6,8.7,8.9,9.0,8.8,8.9,9.1,9.3,9.5,9.5,9.7,9.7,9.8,9.9,10.1,10.0,10.2,10.4,10.3,10.7,10.3,10.3,11.0,10.7
058098,9.3,9.3,9.3,9.7,9.5,9.5,9.6,9.8,9.7,9.9,10.3,10.2,10.1,10.0,10.1,10.2,10.5,10.7,10.4,10.6,10.7,10.7,10.5,10.6,10.3
058099,8.7,9.0,9.0,9.3,9.2,9.0,9.1,9.2,9.4,9.8,9.8,10.0,10.3,10.1,9.9,10.2,10.7,10.6,10.5,10.3,11.2,10.7,11.1,11.1,11.5
058100,7.8,7.8,7.9,8.1,8.2,8.2,8.1,8.2,8.0,8.8,8.4,8.8,8.4,8.8,8.7,9.2,9.2,9.3,9.3,9.2,9.4,9.6,9.4,9.2,9.6
058101,9.1,9.2,9.3,9.6,9.6,9.9,9.5,9.6,9.9,9.9,10.3,10.1,10.4,10.7,10.7,10.8,10.7,11.0,11.1,11.0,11.1,11.1,11.5,11.2,11.5
058102,8.6,8.3,8.5,8.5,8.3,8.7,8.5,8.1,8.5,8.5,8.5,8.6,8.8,8.5,8.4,8.3,8.4,8.6,8.5,8.2,8.8,8.5,8.5,8.6,8.3
058103,7.4,7.2,7.2,7.4,7.3,7.4,7.6,7.6,7.8,8.0,7.9,8.1,8.1,8.1,8.3,8.2,8.4,8.4,8.3,8.4,8.7,8.7,8.9,8.7,8.7
058104,8.2,8.0,8.4,8.2,8.3,8.1,8.5,8.5,8.6,9.0,9.0,9.0,9.0,9.1,9.2,9.3,9.0,9.4,9.4,9.4,9.9,9.7,9.7,9.7,10.0
058105,8.8,8.6,8.7,8.8,8.5,8.7,9.0,9.0,8.8,9.1,9.5,9.1,9.2,9.4,9.3,9.6,9.4,9.3,9.8,9.6,9.9,9.7,9.8,9.5,9.7
058106,7.6,7.7,7.9,7.8,7.8,7.9,8.0,8.0,8.2,8.5,8.5,8.6,8.7,8.5,8.6,8.9,8.8,8.7,8.9,9.0,9.3,9.4,9.1,9.2,9.2
058107,7.4,7.7,7.4,7.6,7.4,7.5,7.5,7.7,7.3,7.7,7.8,7.8,8.0,7.8,7.9,7.8,7.8,8.0,8.0,7.8,8.1,8.1,7.9,7.9,8.1
058108,7.4,7.5,7.7,7.5,7.6,7.8,7.6,7.6,7.8,7.8,7.9,7.9,7.8,8.2,8.0,8.0,8.0,7.9,8.1,8.2,8.1,8.1,8.1,8.1,8.3
058109,10.1,9.9,10.2,10.1,10.5,10.5,10.4,10.8,10.6,11.2,11.2,11.2,11.4,11.5,11.3,11.8,12.0,11.8,11.9,11.8,12.6,12.3,12.1,12.6,12.6
058110,8.0,8.1,8.4,8.3,8.1,8.4,8.2,8.2,8.3,8.6,8.4,8.8,8.8,8.7,8.8,9.0,8.7,8.8,8.8,9.2,8.8,8.8,8.8,8.8,9.0
058111,8.7,8.6,8.7,8.9,8.8,8.9,8.9,9.1,8.9,9.3,9.4,9.4,9.5,9.5,9.3,9.6,9.4,9.6,9.6,10.0,10.0,9.6,9.7,9.9,10.1
058112,9.4,9.3,9.4,9.3,9.6,9.8,9.7,9.4,9.8,10.7,10.2,10.1,10.4,10.0,10.7,10.8,10.3,10.7,10.4,10.8,11.6,11.1,11.0,11.2,11.0
058113,9.4,9.2,9.1,9.5,9.3,9.5,9.7,9.8,10.2,10.1,10.5,10.8,10.9,10.9,10.9,11.2,11.3,11.0,11.4,11.3,11.9,11.9,12.0,12.0,12.5
058114,9.3,9.6,9.7,9.4,9.5,9.6,9.4,9.4,9.4,9.9,9.9,10.0,9.8,10.0,10.0,10.0,9.9,9.8,9.9,9.9,10.4,10.2,10.0,10.1,10.3
058115,9.4,9.4,9.5,9.5,9.5,9.9,9.8,10.0,10.2,10.6,10.9,11.1,11.1,11.2,11.1,11.1,11.4,12.1,11.9,11.8,12.8,12.5,12.3,12.8,12.7
058116,9.9,10.2,10.2,9.8,10.0,10.1,10.0,10.4,10.5,10.8,10.9,10.9,11.2,11.3,11.3,11.1,11.2,11.3,11.3,11.4,11.9,11.7,11.5,11.6,11.8
058117,8.7,8.7,9.0,8.7,8.9,9.0,9.1,9.2,9.0,9.6,9.7,10.0,10.0,10.0,10.3,10.1,10.1,10.2,10.1,10.1,10.5,10.6,10.7,10.9,11.2
058118,8.9,9.0,8.9,9.1,9.3,9.3,9.3,9.4,9.3,9.9,9.7,9.7,10.1,9.7,9.9,10.1,9.8,9.9,10.2,10.1,10.6,10.4,10.5,10.1,10.6
058119,9.0,9.2,9.3,9.4,9.7,9.4,9.7,9.8,9.6,10.3,10.4,10.4,10.5,10.7,10.6,10.6,11.1,10.8,11.0,10.9,11.2,11.1,11.1,11.5,11.5
058120,9.0,9.2,9.1,8.9,9.2,9.5,8.9,9.3,9.1,9.7,9.5,9.6,9.6,9.5,9.6,9.3,9.5,9.4,9.4,9.6,9.7,9.4,9.4,9.4,9.4
058122,7.4,7.5,7.6,7.7,7.5,7.7,7.5,7.4,7.4,7.7,7.6,7.6,7.8,7.7,7.8,7.6,7.7,7.7,7.5,7.7,7.9,7.5,7.5,7.4,7.4
059001,8.9,9.0,9.3,9.2,9.5,9.5,9.4,9.6,9.9,10.1,10.1,9.9,10.1,10.6,10.6,10.6,10.9,10.7,10.8,11.1,11.6,11.2,11.5,11.3,11.5
059002,9.1,9.4,9.5,9.6,9.5,9.8,9.9,9.8,9.9,10.4,10.6,11.0,10.7,11.3,11.4,11.5,11.5,11.8,12.3,12.1,12.5,12.2,12.6,12.7,12.7
059003,9.1,8.9,8.9,8.8,9.1,9.2,9.1,9.4,9.0,9.5,9.9,9.7,9.5,9.6,9.6,9.6,9.7,9.7,9.7,9.5,10.1,9.7,10.0,9.9,10.0
059004,9.6,9.7,10.1,9.7,10.1,10.0,10.5,10.2,10.7,11.1,11.5,11.7,11.5,11.4,12.0,12.2,12.5,12.3,12.9,12.7,13.3,13.0,13.2,13.6,13.9
059005,9.3,9.4,9.4,9.7,9.6,9.9,9.9,9.8,9.8,10.1,10.3,10.1,10.5,10.3,10.3,10.3,10.5,10.4,10.8,10.6,11.3,10.7,10.9,11.0,10.9
059006,8.8,9.0,9.1,9.1,9.2,9.2,9.5,9.4,9.4,10.0,10.0,9.9,10.0,10.0,10.4,10.9,10.5,10.6,10.9,10.7,11.1,11.0,11.1,11.5,11.3
059007,9.5,9.6,9.7,9.6,9.4,9.8,9.9,10.2,10.4,10.6,11.0,10.6,10.7,11.0,10.9,11.2,11.1,10.9,11.1,11.4,11.6,11.5,11.7,12.0,11.8
059008,9.0,9.2,9.4,9.3,9.5,9.8,9.8,9.7,9.9,10.5,10.4,10.7,11.0,10.9,11.1,10.9,11.4,11.3,11.6,11.6,12.1,12.3,12.3,12.0,12.1
059009,8.6,8.1,8.4,8.1,8.3,8.4,8.4,8.4,8.4,8.9,8.5,8.6,8.6,8.5,8.7,8.5,8.7,8.8,8.7,8.8,9.2,8.9,8.7,8.9,8.7
059010,8.9,8.9,8.8,8.8,9.2,8.8,8.9,9.2,8.8,9.4,9.5,9.6,9.4,10.1,9.6,9.7,9.8,9.7,9.8,9.9,10.3,10.2,10.1,10.4,10.3
059011,8.6,8.5,8.6,8.7,8.8,9.0,9.0,8.7,8.9,9.6,9.3,9.2,9.2,9.4,9.6,9.3,9.6,9.6,9.6,9.6,10.1,10.0,10.0,9.6,9.9
059012,8.0,8.2,8.1,8.5,8.3,8.4,8.2,8.5,8.5,8.8,8.8,9.1,8.9,9.4,9.3,9.2,9.7,9.3,9.6,9.7,10.0,9.8,9.4,10.0,10.0
059013,9.5,9.5,9.7,9.8,10.0,10.0,10.1,10.1,10.3,10.9,10.7,11.0,11.3,11.6,11.3,11.5,11.7,11.5,11.8,11.7,12.3,12.4,12.7,12.3,12.8
059014,9.3,9.7,9.7,9.7,9.6,9.8,9.9,9.7,10.0,10.2,10.3,10.4,10.3,10.6,10.9,10.7,10.9,10.9,10.8,11.1,11.5,11.1,11.0,11.1,11.4
059015,7.7,7.7,7.9,7.9,8.0,8.0,8.0,7.9,8.1,8.6,8.7,8.7,8.5,8.7,9.0,9.2,9.0,9.2,9.4,9.2,9.4,9.5,9.4,9.4,9.8
059016,8.1,8.4,8.1,8.0,8.2,8.3,8.4,8.3,8.5,8.5,8.7,8.8,8.7,8.6,8.9,9.1,8.7,8.9,8.8,8.5,8.7,9.0,8.8,9.0,9.0
059017,7.3,7.4,7.5,7.5,7.9,7.8,7.6,7.6,7.8,8.0,8.0,8.1,8.2,8.1,8.3,8.3,8.5,8.5,8.3,8.3,8.5,8.6,8.4,8.5,8.7
059018,7.8,7.8,7.6,7.8,7.9,7.9,7.9,8.0,8.0,8.3,8.6,8.4,8.3,8.2,8.6,8.6,8.6,8.3,8.7,8.6,9.1,8.9,8.9,8.6,9.0
059019,8.9,8.8,9.2,9.0,9.2,9.5,9.2,9.5,9.2,9.9,9.9,9.9,10.2,10.3,10.1,10.2,10.1,10.2,10.4,10.5,10.5,10.3,10.5,10.6,10.4
059020,8.1,8.0,8.4,8.3,8.6,8.5,9.0,8.7,8.8,9.3,9.4,9.5,9.7,9.6,9.9,9.8,10.2,10.3,10.5,10.9,11.2,11.0,11.1,11.5,11.5
059021,9.6,9.8,9.7,9.8,10.1,10.0,10.2,10.1,10.4,10.7,10.7,10.6,10.8,10.9,11.0,11.0,11.1,11.2,11.1,11.1,11.3,11.7,11.5,11.2,11.6
059022,8.6,8.5,8.7,8.7,8.8,8.7,8.9,9.0,8.9,9.2,9.6,9.4,9.6,9.7,9.7,9.6,9.8,9.8,9.9,9.9,10.2,10.3,10.3,10.3,10.7
059023,7.9,7.7,7.8,8.2,8.0,7.9,7.9,8.0,8.1,8.5,8.6,8.5,8.6,8.8,8.6,8.7,8.7,8.8,8.8,8.8,9.3,9.1,9.1,9.0,9.0
059024,9.2,9.3,9.4,9.6,9.7,9.9,9.4,9.7,9.9,10.3,10.5,10.5,10.6,10.5,10.8,11.0,11.3,11.0,11.2,11.4,12.2,11.6,11.8,11.9,11.9
059025,9.3,9.5,9.2,9.2,9.5,9.8,9.8,10.2,9.9,10.7,10.4,10.8,11.2,11.0,11.2,11.4,11.2,11.7,11.8,11.7,12.2,12.2,12.3,12.7,12.5
059026,8.9,9.0,9.1,9.0,9.2,9.1,9.2,9.1,9.2,9.6,9.8,9.7,10.0,10.0,9.9,10.0,10.2,10.2,10.1,10.2,10.5,10.8,10.6,10.6,10.5
059027,8.6,8.5,8.6,8.7,9.0,8.6,8.6,8.7,8.8,9.1,9.3,9.0,9.0,9.2,9.2,9.2,8.9,9.2,9.1,8.9,9.3,9.3,9.1,9.2,9.1
059028,9.1,9.2,9.3,9.3,9.1,9.4,9.4,9.3,9.1,9.7,9.6,9.5,9.9,9.8,9.9,9.7,9.7,9.7,9.7,9.7,10.3,10.0,9.8,9.7,9.8
059029,10.4,10.4,11.0,11.0,11.0,10.7,11.2,11.1,11.1,11.4,11.5,11.6,11.4,11.5,11.9,11.8,11.7,12.0,12.1,12.3,12.3,12.2,11.6,12.5,12.2
059030,7.6,7.8,8.0,8.0,8.2,8.2,8.4,8.3,8.3,8.7,8.7,8.8,8.8,9.0,8.9,8.9,8.9,8.8,9.0,9.4,9.7,9.5,9.3,9.4,9.5
059031,10.1,9.8,9.6,9.8,10.0,9.7,10.2,10.1,10.6,10.7,10.9,11.0,11.0,10.7,11.2,11.6,11.6,11.7,11.8,12.2,12.1,12.1,12.0,12.0,12.5
059032,8.8,8.6,8.6,9.0,8.7,8.9,8.7,8.7,9.2,9.4,9.2,9.0,9.1,8.9,8.9,9.2,9.2,9.3,9.2,9.5,9.2,9.1,9.4,9.4,9.4
059033,8.5,8.8,8.8,8.7,9.1,9.1,8.7,8.9,9.1,9.3,9.4,9.5,9.2,9.3,9.4,9.5,9.4,9.7,9.6,9.5,9.6,9.8,9.8,9.7,9.9
060001,8.6,8.4,8.6,8.7,8.6,8.6,8.8,8.7,8.9,9.2,9.2,8.9,9.1,9.1,9.0,9.0,9.1,9.3,9.1,9.2,9.5,9.2,9.1,9.4,9.2
060002,7.7,7.7,7.8,7.9,7.8,7.8,7.9,8.0,8.2,8.3,8.1,8.5,8.5,8.3,8.4,8.7,8.7,8.6,8.9,8.9,9.1,9.1,8.9,9.2,8.9
060003,8.6,8.6,8.8,8.6,8.9,9.0,9.0,9.3,9.3,9.8,10.0,9.8,10.2,10.5,10.3,10.2,10.4,10.4,10.4,10.5,11.2,10.6,11.2,11.1,11.6
060004,9.4,9.5,9.7,9.6,9.6,9.6,9.6,9.6,10.2,10.4,10.3,10.4,10.4,10.3,10.9,10.7,10.9,11.1,11.2,11.1,11.6,11.0,11.7,11.5,11.5
060005,9.5,9.5,9.2,9.5,9.9,9.9,9.7,9.9,10.0,10.3,10.3,10.6,10.5,10.7,10.5,10.9,11.0,10.9,11.0,11.3,11.1,11.4,11.3,11.4,11.6
060006,8.4,8.6,8.4,8.7,8.2,8.6,8.7,8.6,8.8,9.0,9.1,9.1,8.8,9.0,9.4,9.2,9.3,9.1,9.4,9.2,9.4,9.1,9.6,9.2,9.2
060007,9.8,9.6,9.6,9.8,9.6,9.7,9.9,10.0,9.9,10.1,10.4,10.2,10.6,10.4,10.4,10.7,10.8,10.6,10.7,10.9,10.8,10.4,10.5,10.9,10.7
060008,8.5,8.6,8.7,8.8,8.8,8.8,8.7,8.9,8.7,9.1,9.4,9.3,9.3,9.2,9.9,9.4,9.4,9.4,10.0,9.9,10.1,9.9,10.1,10.1,10.1
060009,9.1,9.4,9.5,9.6,9.6,9.5,9.7,9.7,10.0,10.3,10.6,10.5,10.7,10.5,11.1,11.1,10.9,11.1,11.2,11.3,11.9,11.5,11.7,11.7,11.7
060010,7.1,7.1,6.9,7.0,7.0,7.2,6.9,6.9,7.2,7.3,7.2,7.4,7.2,7.4,7.4,7.3,7.2,7.2,7.5,7.4,7.5,7.5,7.4,7.4,7.5
060011,8.8,8.4,8.8,9.0,9.1,9.1,9.1,9.1,9.1,9.3,9.6,9.4,9.7,9.9,9.7,9.7,10.0,10.3,10.3,10.1,10.8,10.6,10.4,10.5,10.7
060012,8.0,8.2,8.1,8.0,7.9,7.9,8.0,8.0,7.9,8.0,8.2,8.2,8.1,8.0,8.2,7.8,8.1,8.1,7.9,8.1,8.2,7.8,7.8,7.8,7.8
060013,9.0,9.0,9.3,9.2,9.0,9.4,9.5,9.4,9.8,10.3,9.8,10.1,10.2,10.5,10.4,10.7,10.6,11.0,10.9,10.7,11.4,11.3,11.4,11.5,11.5
060014,8.2,8.1,8.2,8.3,8.2,8.4,8.4,8.5,8.4,9.0,9.0,8.9,9.2,9.0,9.2,9.3,9.3,9.5,9.2,9.4,9.9,9.9,9.9,9.9,10.1
060015,7.3,7.5,7.4,7.5,7.2,7.4,7.5,7.5,7.6,7.8,7.8,7.8,7.9,7.8,8.0,8.0,8.0,8.1,7.9,7.9,8.0,7.9,8.1,8.0,8.3
060016,9.0,9.0,8.9,9.2,9.4,9.5,9.3,9.4,9.6,10.0,10.2,10.3,10.5,11.0,10.9,11.0,11.0,11.3,11.3,11.2,11.6,11.6,11.7,11.8,12.6
060017,8.9,8.8,8.9,8.7,9.0,9.1,9.0,9.2,9.1,9.3,9.4,9.4,9.3,9.5,9.5,9.4,9.4,9.4,9.5,9.6,9.9,9.6,9.6,9.9,9.6
060018,8.6,8.6,9.0,8.5,8.9,8.8,8.9,8.9,9.3,9.5,9.8,9.6,10.2,9.7,9.8,9.8,10.1,10.3,10.4,10.4,10.9,10.6,10.8,10.8,11.1
060019,8.7,8.6,9.2,8.8,9.1,9.0,9.0,9.0,9.0,9.5,9.3,9.8,9.5,10.0,9.6,9.6,9.7,9.7,9.7,10.0,10.3,10.0,10.2,10.0,10.2
060020,8.7,8.7,8.6,8.9,9.0,9.1,9.2,8.9,9.3,9.5,9.7,9.9,9.6,10.1,10.2,10.3,10.2,10.4,10.8,10.3,10.5,10.7,11.2,10.9,11.2
060021,7.9,8.2,8.1,8.2,8.6,8.3,8.6,8.7,8.7,9.0,9.3,9.9,9.7,9.6,9.9,10.2,10.3,10.4,10.5,10.6,10.8,11.3,11.2,11.1,11.8
060022,8.2,8.0,8.0,7.8,8.0,7.9,8.0,8.1,8.0,8.1,8.1,8.1,8.1,8.0,8.0,8.2,8.2,8.2,8.2,8.2,8.3,8.2,8.2,7.9,8.3
060023,9.0,9.2,9.1,9.2,9.2,9.3,9.3,9.2,8.9,9.7,9.8,9.9,10.0,9.8,9.9,10.2,10.6,10.4,10.3,10.5,10.8,10.4,10.4,10.7,10.5
060024,10.1,10.1,10.5,10.3,10.5,10.8,10.8,11.2,11.0,11.8,11.7,12.3,12.3,11.8,12.5,12.5,13.0,12.7,13.1,13.9,13.8,13.6,13.8,13.7,14.3
060025,8.5,8.5,8.7,8.8,8.7,9.0,8.9,8.8,9.1,9.5,9.3,9.6,9.8,9.9,9.9,10.0,10.2,10.3,10.5,10.4,10.5,10.4,10.5,10.2,11.0
060026,7.9,8.0,8.0,8.0,8.1,8.0,7.9,8.1,8.0,8.5,8.6,8.5,8.6,8.3,8.5,8.4,8.7,8.5,8.8,8.4,9.1,8.5,8.9,8.7,8.7
060027,8.5,8.2,8.7,8.5,8.5,8.8,8.9,9.0,8.8,9.1,9.2,9.2,9.3,9.8,9.4,9.8,9.6,9.5,9.8,9.9,10.3,10.0,10.2,10.3,10.4
060028,8.9,8.9,8.8,8.6,8.9,8.9,9.0,8.9,8.7,9.4,9.1,9.3,9.4,9.5,9.3,9.3,9.1,9.3,9.3,9.7,9.5,9.3,9.2,9.4,9.5
060029,8.1,8.2,8.5,8.4,8.6,8.5,8.8,9.1,8.6,9.4,9.4,9.6,9.5,9.5,9.8,9.8,9.9,10.1,10.2,10.0,10.8,10.4,10.9,11.1,10.8
060030,8.8,8.8,9.2,9.2,9.1,9.2,9.5,9.5,9.3,9.7,9.8,9.6,9.8,9.8,10.1,10.0,10.0,10.1,9.9,10.4,10.4,10.2,10.0,10.4,10.3
060031,8.1,8.2,8.6,8.6,8.6,8.6,8.7,8.7,8.9,9.4,9.7,9.7,9.8,10.0,10.1,10.1,10.5,10.2,10.7,10.7,11.0,10.8,11.0,11.4,11.4
060032,7.9,8.0,8.0,8.3,8.3,8.2,8.3,8.5,8.4,9.0,9.0,9.0,9.0,9.1,9.1,9.3,9.5,9.4,9.8,9.8,10.0,9.8,9.9,9.9,10.4
060033,7.2,7.4,7.4,7.5,7.5,7.7,7.6,7.6,7.7,8.0,8.1,8.0,8.1,8.2,8.1,8.2,8.0,8.3,8.3,8.3,8.5,8.5,8.4,8.8,8.6
060034,9.8,9.5,9.4,9.7,9.8,9.5,9.7,9.6,9.7,10.0,9.9,10.0,9.8,10.0,10.3,10.1,10.2,10.3,10.2,10.7,10.6,10.3,10.6,10.3,10.4
060035,9.2,9.4,9.6,9.6,9.9,9.9,9.9,10.1,9.8,10.6,10.3,10.7,10.5,10.5,10.7,10.4,11.0,10.6,10.7,10.9,11.5,11.3,11.1,11.0,11.3
060036,9.4,9.5,9.6,9.6,9.7,9.8,9.6,9.6,10.0,10.1,10.1,10.2,10.4,9.9,10.3,10.4,10.4,10.4,10.6,10.2,10.3,10.5,10.5,10.2,10.5
060037,9.9,9.9,10.5,10.2,10.2,10.3,10.4,10.4,10.2,10.6,10.9,10.9,11.0,10.9,10.9,11.1,10.8,10.7,10.9,11.2,11.6,11.0,11.1,11.4,11.5
060038,8.0,8.1,8.3,8.2,8.1,8.5,8.5,8.5,8.6,8.8,9.2,8.9,8.9,9.1,9.4,9.1,9.3,9.5,9.6,9.3,9.9,9.6,9.9,9.7,10.0
060039,9.2,9.3,9.7,9.3,9.7,9.6,9.9,9.8,10.1,10.6,10.6,10.8,10.7,10.6,10.9,11.0,10.9,11.3,11.4,12.0,12.5,12.0,12.2,12.2,12.7
060040,6.9,6.9,6.7,7.0,6.9,7.0,6.8,6.9,6.9,7.1,7.5,7.2,7.1,7.4,7.3,7.3,7.4,7.4,7.2,7.4,7.5,7.3,7.3,7.4,7.4
060041,9.8,10.2,10.1,10.2,10.5,10.7,10.7,10.6,10.6,11.4,11.2,11.2,11.0,11.2,11.3,11.6,11.6,11.5,12.0,11.7,12.2,11.8,12.2,12.2,12.1
060042,9.0,9.2,9.3,9.2,9.2,9.2,9.4,9.5,9.4,10.1,9.9,10.2,10.1,10.1,10.3,10.1,10.4,10.8,10.4,10.9,10.9,10.6,10.9,11.0,11.3
060043,7.4,7.5,7.7,7.7,7.8,7.9,8.0,8.1,8.1,8.5,8.3,8.3,8.5,8.7,8.7,8.8,9.0,8.9,9.1,9.3,9.6,9.5,9.5,9.6,9.7
060044,8.8,9.0,9.1,8.9,9.3,9.3,9.5,10.0,9.5,10.3,10.1,10.3,10.3,10.6,10.7,10.9,11.1,11.2,11.2,11.3,11.8,11.5,11.8,12.2,12.3
060045,9.0,9.0,8.8,8.8,9.2,9.1,9.3,9.1,9.1,9.3,9.7,9.8,9.6,9.8,10.1,10.0,10.0,10.1,10.3,10.1,10.4,10.2,10.2,10.6,10.5
060046,10.1,10.2,10.3,10.4,10.5,10.9,11.0,11.0,11.2,11.7,11.5,11.7,11.7,12.1,12.2,12.1,12.5,12.9,12.7,12.9,12.7,12.6,13.1,13.5,13.2
060047,7.1,7.2,7.3,7.2,7.2,7.4,7.5,7.6,7.5,7.7,7.6,7.8,7.7,7.8,7.7,8.0,8.0,7.8,8.0,8.0,8.3,8.0,7.9,8.1,8.2
060048,7.9,7.9,8.0,7.9,8.0,7.9,8.0,7.8,8.0,8.1,8.2,8.3,8.4,8.5,8.4,8.4,8.3,8.6,8.1,8.1,8.4,8.3,8.4,8.2,8.4
060049,7.7,7.7,7.9,8.0,8.0,8.2,8.1,8.2,8.1,8.6,8.6,8.5,8.6,8.7,8.5,8.6,8.8,8.7,8.7,8.6,9.1,8.8,8.7,9.2,9.2
060050,8.1,7.8,7.9,8.1,7.8,8.1,8.1,8.0,8.4,8.4,8.2,8.3,8.4,8.5,8.6,8.2,8.4,8.4,8.8,8.5,8.9,8.6,8.5,8.6,8.7
060051,8.0,8.1,8.0,8.1,8.1,8.2,8.2,8.3,8.3,8.6,8.5,8.7,8.6,8.6,9.1,8.9,9.2,9.0,9.2,9.2,9.6,9.4,9.7,9.3,9.3
060052,8.9,9.3,9.3,9.0,9.3,9.2,9.5,9.5,9.3,9.9,9.7,9.8,10.0,10.2,10.0,10.4,10.3,10.3,10.0,10.7,10.5,10.5,10.7,10.4,10.7
060053,9.5,9.8,9.9,9.6,10.1,9.9,9.7,10.3,9.9,10.2,10.6,10.5,10.7,10.9,10.8,11.0,11.2,11.1,10.8,10.9,11.6,11.9,11.4,11.3,11.7
060054,10.1,10.1,10.1,10.1,10.1,10.0,10.1,10.0,10.0,10.3,10.4,10.6,10.2,10.7,10.5,10.5,10.4,10.6,10.7,10.7,10.8,10.6,10.3,10.3,10.5
060055,8.0,8.0,8.1,8.2,8.2,8.3,8.2,8.4,8.2,8.7,8.5,8.7,8.7,8.7,8.9,9.1,9.0,9.2,9.3,9.3,9.7,9.5,9.7,9.3,9.6
060056,9.2,8.7,8.9,8.8,9.3,9.6,9.3,9.5,9.6,10.1,9.9,10.1,9.9,10.2,10.2,10.4,10.6,10.7,10.4,10.8,11.1,10.7,11.3,11.2,11.0
060057,8.8,9.0,8.8,9.1,9.0,9.3,9.4,9.0,9.3,9.6,9.7,9.7,10.3,9.8,9.9,10.1,10.5,10.2,10.4,10.7,11.0,10.3,10.7,10.4,10.6
060058,7.2,7.2,7.3,7.4,7.3,7.5,7.3,7.5,7.5,7.7,7.7,7.6,7.6,7.8,7.8,7.8,7.8,7.8,7.9,7.8,7.9,7.9,8.1,8.1,8.2
060059,9.1,9.3,9.1,9.1,9.2,9.3,9.1,9.2,9.2,9.4,9.5,9.5,9.2,9.4,9.4,9.1,9.3,9.4,9.0,9.2,9.6,9.2,9.0,9.3,9.0
060060,10.1,10.1,10.1,10.1,10.4,10.0,10.3,10.3,10.1,10.9,10.8,10.6,10.7,10.9,11.2,11.6,11.1,11.2,11.2,11.2,11.9,11.5,11.6,11.7,11.7
060061,7.8,7.8,7.8,8.0,7.9,8.2,8.1,8.0,8.1,8.5,8.2,8.8,8.7,8.5,8.4,8.6,8.8,8.7,8.9,8.9,9.0,9.1,9.0,8.9,8.9
060062,9.0,9.0,9.2,9.3,9.0,9.5,9.5,9.5,9.5,10.2,9.9,10.1,10.2,10.0,10.3,10.4,10.4,10.9,10.5,10.8,10.9,10.9,11.3,11.1,11.2
060063,8.8,9.1,8.7,9.0,9.2,9.4,9.4,9.5,9.4,9.5,9.6,10.1,10.1,10.2,10.3,10.3,10.4,10.5,10.4,10.6,11.5,10.5,11.1,10.9,11.0
060064,8.4,8.5,8.5,8.4,8.3,8.3,8.4,8.5,8.3,8.8,8.8,9.0,8.8,8.8,8.9,9.1,8.8,9.0,8.8,8.9,9.3,9.0,9.2,9.3,9.0
060065,9.3,9.2,9.5,9.7,9.6,9.9,10.0,10.0,10.0,10.4,10.4,10.4,10.5,10.3,10.3,10.4,10.7,10.4,10.9,10.7,10.8,10.7,11.1,10.9,11.1
060066,7.3,7.3,7.4,7.5,7.4,7.4,7.5,7.8,7.5,8.3,8.2,8.0,8.3,8.2,8.3,8.6,8.5,8.7,8.7,8.8,8.9,8.9,8.7,9.0,9.1
060067,7.5,7.7,7.8,7.8,7.8,7.8,7.9,7.9,8.1,8.4,8.4,8.3,8.7,8.6,8.8,8.9,9.0,8.8,9.3,9.0,9.5,9.6,9.1,9.2,9.0
060068,9.2,8.8,9.0,9.3,9.3,9.3,9.6,9.2,9.6,9.9,9.9,10.1,10.0,10.1,10.3,10.1,10.4,10.3,10.2,10.2,10.8,10.7,11.1,10.7,11.0
060069,8.8,9.0,8.5,8.9,8.9,8.8,8.8,9.0,9.1,9.4,9.2,9.5,9.4,9.4,9.4,9.4,9.3,9.5,9.5,9.1,9.6,9.4,9.4,9.3,9.4
060070,8.2,8.1,8.1,7.9,8.0,8.1,8.1,7.8,8.3,8.3,8.4,8.3,8.4,8.6,8.9,8.4,8.5,8.5,8.8,8.4,8.7,8.3,8.6,8.4,8.3
060071,8.8,8.9,9.1,9.1,9.4,9.3,9.6,9.7,9.9,10.0,10.4,10.1,10.6,10.4,10.7,10.4,10.7,11.3,11.2,11.0,11.1,11.5,11.3,11.8,11.7
060072,8.5,8.5,8.6,8.8,9.0,8.7,9.1,8.7,8.9,9.4,9.2,9.3,9.4,9.7,9.3,9.3,9.7,9.8,9.6,9.6,9.8,9.7,9.8,9.8,10.1
060073,8.3,8.0,8.1,8.4,8.3,8.5,8.6,8.5,8.7,8.9,9.0,9.0,9.3,9.5,9.4,9.3,9.5,9.6,9.4,9.8,10.0,9.8,9.9,10.1,10.4
060074,8.1,7.9,8.0,8.3,8.2,8.4,8.4,8.4,8.6,8.6,9.0,8.9,9.0,9.0,9.2,8.8,9.1,9.1,9.2,9.0,9.6,9.6,9.6,9.4,9.3
060075,8.7,8.6,8.5,8.8,8.8,8.9,8.8,9.0,8.8,9.4,9.4,9.4,9.6,9.8,9.5,9.6,9.6,9.7,9.6,10.1,9.8,9.8,9.7,10.0,9.9
060076,9.3,9.5,9.2,9.3,9.3,9.4,9.5,9.3,9.1,9.7,9.6,9.6,9.5,9.6,9.7,9.9,9.5,9.7,9.6,10.1,9.7,9.8,9.8,10.1,9.3
060077,7.7,7.9,8.0,8.2,8.1,8.2,8.2,8.2,8.4,8.8,8.8,9.3,9.2,9.3,9.3,9.4,9.3,9.7,9.9,9.8,10.3,10.1,9.9,10.1,10.3
060078,9.8,9.9,9.9,10.0,10.4,10.6,10.5,10.1,10.5,10.7,11.2,11.2,11.3,11.4,12.0,11.5,11.8,11.7,11.8,12.1,12.6,12.4,12.6,12.9,12.6
060079,9.3,9.3,9.4,9.6,9.7,9.7,9.6,9.9,9.9,9.8,10.4,10.0,10.4,10.3,10.2,10.5,10.8,10.7,10.7,10.7,11.2,10.7,11.0,11.4,11.3
060080,7.7,8.1,8.2,7.6,8.1,8.3,8.2,8.2,8.2,8.6,8.7,8.7,8.6,8.8,8.9,9.1,9.1,9.1,9.4,9.4,9.4,9.3,9.3,9.3,9.8
060081,8.5,8.3,8.3,8.6,8.6,8.5,8.7,8.6,8.5,9.2,9.2,8.8,9.2,9.0,9.1,9.0,9.5,9.2,9.3,9.3,9.9,9.3,9.3,9.5,9.7
060082,8.2,8.2,8.2,8.5,8.5,8.5,8.4,8.6,8.7,9.1,8.9,8.8,9.0,8.7,8.8,9.1,9.3,9.1,9.1,8.9,9.6,9.5,9.4,9.4,9.4
060083,8.9,9.2,9.3,9.3,9.1,9.3,9.5,9.8,9.9,10.1,10.4,10.2,10.2,11.0,10.7,10.7,11.3,11.2,11.6,11.0,11.7,11.7,11.6,12.0,12.5
060084,9.7,10.0,9.7,9.7,10.0,10.2,9.7,9.8,10.4,10.1,10.3,10.5,10.4,10.6,10.7,10.6,10.4,10.4,10.9,10.5,10.9,10.5,10.5,10.4,10.6
060085,8.4,8.5,8.7,8.7,8.6,8.8,8.8,8.9,9.0,9.5,9.5,9.7,9.8,9.9,9.7,9.8,9.9,9.9,10.0,10.0,10.3,10.3,10.4,10.5,10.7
060086,8.8,9.0,9.0,8.7,8.8,8.9,9.3,9.1,9.0,9.4,9.2,9.1,9.3,9.3,9.4,9.3,8.8,9.2,9.3,9.4,9.4,9.4,9.3,9.3,9.5
060087,7.9,7.9,7.8,8.0,8.3,8.0,7.9,8.1,8.1,8.8,8.6,8.7,8.6,8.7,8.7,8.6,8.8,8.9,9.2,9.2,9.7,9.3,9.0,9.2,9.2
060088,7.2,7.5,7.4,7.5,7.6,7.3,7.4,7.5,7.3,7.8,7.7,7.7,7.9,8.1,7.8,8.1,8.1,8.0,8.3,8.1,8.2,8.4,8.1,8.5,8.2
060089,8.5,8.3,8.5,8.4,8.4,8.7,8.5,8.3,9.1,9.0,9.3,8.9,9.1,9.1,9.1,8.9,9.2,9.5,9.4,9.1,9.4,9.5,9.7,9.3,9.5
060090,7.1,6.9,7.2,7.3,7.4,7.4,7.5,7.5,7.9,7.9,8.1,7.8,7.7,8.0,8.0,7.9,8.0,8.4,8.4,8.3,8.6,8.3,8.5,8.5,8.5
060091,9.4,9.5,9.5,9.6,9.6,9.9,9.9,9.7,9.6,10.5,10.5,10.8,10.3,11.0,10.6,11.4,10.6,11.3,10.9,11.7,11.8,11.2,11.5,11.8,11.5
061001,9.3,9.4,9.3,9.6,9.5,9.5,9.5,9.6,9.7,9.6,10.0,9.9,10.0,10.2,10.2,10.6,10.7,10.4,10.4,10.8,10.7,10.5,10.6,10.8,10.5
061002,9.8,9.6,9.8,9.7,9.9,9.8,10.0,9.6,9.9,10.2,10.3,10.3,10.4,10.7,10.3,10.4,10.5,10.7,10.3,10.6,10.5,10.3,10.4,10.6,10.8
061003,8.4,8.4,8.5,8.5,8.5,8.6,8.7,8.5,8.6,9.0,9.1,9.0,9.1,9.3,9.3,9.4,9.2,9.3,9.5,9.4,10.0,9.4,9.5,9.7,9.8
061004,8.2,8.4,8.3,8.6,8.7,8.4,8.4,9.0,8.8,9.3,9.5,9.5,9.7,9.4,9.8,9.6,10.0,10.1,10.1,10.4,10.7,10.4,10.7,10.5,10.9
061005,8.5,8.8,8.7,9.2,8.8,9.2,9.1,9.1,9.3,9.7,9.8,9.8,10.1,10.3,10.0,10.7,10.3,10.5,10.4,10.4,11.2,10.6,10.9,11.3,11.6
061006,10.3,10.7,10.8,10.8,11.0,11.0,10.9,11.4,11.4,12.1,12.3,12.1,12.4,12.7,12.9,12.9,13.4,13.4,13.4,13.6,14.3,13.5,14.4,14.3,14.7
061007,8.1,8.0,8.2,8.1,8.2,8.2,8.3,8.3,8.2,8.7,8.5,8.6,8.7,8.6,8.6,8.8,8.9,8.7,9.1,9.0,9.1,9.1,9.0,8.9,9.0
061008,8.8,8.5,8.7,8.9,9.0,8.9,8.7,9.0,8.8,9.5,9.7,9.6,9.5,9.6,9.5,9.7,9.6,9.7,9.8,9.9,10.2,10.0,10.3,10.4,10.1
061009,7.5,7.7,7.5,7.5,7.4,7.6,7.8,7.8,7.8,7.8,8.0,8.4,8.3,8.3,8.6,8.5,8.4,8.7,8.7,8.6,8.8,8.6,8.6,8.8,8.9
061010,9.5,9.7,9.9,9.6,9.4,10.0,9.7,9.9,10.0,10.1,10.2,10.4,10.1,10.3,10.2,10.5,10.3,10.4,10.5,10.3,10.8,10.5,10.4,10.8,10.5
061011,8.8,8.9,9.2,9.0,9.2,9.3,9.5,9.1,9.5,9.8,9.9,9.9,10.0,10.2,10.0,10.2,10.2,10.3,10.4,10.5,11.0,10.5,10.6,10.5,10.8
061012,8.4,8.7,8.7,8.7,8.9,8.6,8.8,8.7,9.1,9.1,9.1,9.0,9.4,9.2,9.4,9.7,9.7,9.6,9.5,9.7,9.8,9.9,9.7,9.6,9.8
061013,6.9,6.8,7.0,7.0,7.2,7.0,7.3,7.2,7.4,7.6,7.7,7.7,7.8,7.9,8.0,8.0,8.5,8.3,8.5,8.3,8.8,8.5,8.8,8.6,9.0
061014,8.4,8.6,8.8,9.1,9.0,8.9,8.8,9.3,9.2,9.6,9.9,9.6,9.9,10.1,9.8,10.3,10.3,10.2,10.5,10.5,10.9,11.1,11.1,10.9,11.0
061015,8.5,8.3,8.5,8.5,8.6,8.7,8.5,8.6,8.7,9.0,9.0,9.1,9.0,9.2,9.1,9.3,9.2,9.2,9.6,9.4,9.6,9.6,9.5,9.7,9.7
061016,7.8,8.0,8.0,8.1,8.0,8.3,8.3,8.5,8.3,8.6,8.3,8.8,8.5,8.6,8.7,8.8,8.7,8.8,9.1,8.7,9.1,9.1,9.1,8.9,9.1
061017,7.9,7.9,7.9,7.8,8.0,8.3,8.0,8.5,8.4,8.9,8.9,8.8,8.8,9.0,9.0,9.2,9.4,9.2,9.7,9.7,10.0,9.8,10.0,10.1,10.2
061018,8.9,8.8,8.8,8.9,8.8,9.1,9.2,9.1,9.1,9.5,9.6,9.7,9.8,9.8,10.0,10.1,10.2,10.4,10.2,10.4,10.7,10.3,11.0,10.3,11.0
061019,9.5,9.4,9.5,9.8,9.7,9.4,9.8,9.8,9.8,10.4,10.4,10.8,10.2,10.1,10.2,10.7,10.3,10.8,10.6,10.5,11.0,11.0,10.8,11.1,11.1
061020,9.0,8.8,8.9,8.9,8.9,9.1,8.9,9.2,9.1,9.7,9.4,9.3,9.2,9.5,9.3,9.3,9.6,9.6,9.3,9.4,9.7,9.7,9.5,9.5,9.7
061021,9.1,9.2,9.6,9.3,9.5,9.6,9.8,9.5,9.4,10.1,10.0,10.3,10.4,10.3,10.6,10.5,10.4,10.6,10.5,11.1,11.2,10.8,10.7,11.2,11.4
061022,8.3,8.4,8.4,8.4,8.4,8.3,8.2,8.5,8.5,8.9,8.7,9.0,8.8,9.0,8.9,8.9,8.8,8.9,8.8,8.9,9.6,8.9,9.1,9.2,9.2
061023,9.9,10.1,10.1,10.5,11.1,10.5,10.6,10.9,11.0,11.4,11.5,11.2,11.8,11.8,12.2,12.4,12.0,12.4,12.4,12.5,13.3,12.4,13.3,13.2,13.8
061024,7.7,7.8,7.8,7.9,7.9,7.9,7.9,7.7,7.8,8.1,8.2,8.0,8.1,8.3,8.3,8.2,8.3,8.3,8.4,8.0,8.4,8.2,8.6,8.4,8.5
061025,8.5,8.8,8.7,8.7,8.9,9.0,9.0,8.9,8.7,9.3,9.3,9.1,9.2,8.9,9.3,9.2,9.1,9.4,9.3,9.2,9.6,9.6,9.3,9.6,9.7
061026,8.5,8.4,8.4,8.4,8.4,8.6,8.6,8.9,8.9,8.7,9.2,9.2,9.2,9.3,9.0,9.4,9.6,9.6,9.7,9.5,9.7,9.4,9.6,9.7,9.6
061027,8.0,8.2,8.1,8.5,8.3,8.4,8.6,8.7,8.5,9.3,9.4,9.5,9.3,9.6,9.7,9.9,9.5,9.9,9.8,10.1,10.2,10.3,10.5,10.4,10.5
061028,8.2,7.8,8.2,8.1,8.4,8.1,8.4,8.4,8.7,8.7,8.5,8.6,8.6,8.8,8.9,8.8,9.0,9.4,9.0,9.1,9.0,9.0,9.3,9.2,9.4
061029,8.2,8.3,8.6,8.4,8.3,8.2,8.5,8.4,8.8,9.0,8.9,9.0,9.0,8.9,8.9,9.0,9.2,9.1,9.1,9.1,9.4,9.4,9.2,9.5,9.3
061030,9.2,9.4,9.4,9.4,9.5,9.5,9.5,9.7,9.6,10.0,10.1,10.0,10.1,10.4,10.3,10.4,10.5,10.4,10.5,10.2,11.1,10.8,10.5,10.8,10.9
061031,8.9,8.7,8.5,8.7,9.0,8.8,9.1,9.0,9.0,9.3,9.1,9.6,9.5,9.4,9.5,9.6,9.7,9.5,9.6,9.5,10.1,9.5,9.9,9.7,9.7
061032,8.3,8.3,8.5,8.4,8.5,8.6,8.9,9.1,9.2,9.5,9.2,9.7,10.0,9.8,10.0,10.2,10.3,10.3,10.6,10.5,10.9,10.7,11.1,10.9,11.1
061033,9.7,9.8,9.7,9.7,9.9,9.7,9.9,9.8,10.2,10.3,10.2,10.4,10.0,10.0,10.5,10.4,10.6,10.4,10.6,10.4,10.7,10.1,10.6,10.7,10.5
061034,6.8,6.8,6.8,6.9,6.7,6.9,6.8,6.9,6.9,7.2,7.1,7.0,7.1,7.2,7.0,7.1,7.2,7.2,7.2,7.3,7.6,7.3,7.2,7.4,7.2
061035,7.9,7.9,7.8,7.9,7.9,8.1,8.1,8.1,8.0,8.3,8.6,8.4,8.4,8.4,8.4,8.5,8.7,8.9,8.9,8.6,9.0,8.9,9.0,8.8,9.1
061036,8.4,8.5,8.9,8.4,8.7,8.7,8.6,8.9,8.8,9.2,9.0,9.0,9.2,9.2,9.2,9.4,9.3,9.1,9.5,9.6,9.9,9.4,9.6,9.6,9.9
061037,7.9,7.8,8.0,8.0,8.1,7.9,8.0,8.1,8.1,8.4,8.4,8.5,8.1,8.7,8.1,8.4,8.6,8.8,8.6,8.6,8.6,8.8,8.5,8.6,8.5
061038,9.3,9.4,9.4,9.6,9.8,9.6,9.7,10.1,9.9,10.5,10.4,10.7,10.5,10.7,11.1,10.9,11.3,11.2,11.1,11.9,12.0,11.6,11.6,11.6,11.8
061039,8.4,8.2,8.4,8.6,8.4,8.3,8.5,8.6,8.5,9.1,8.9,8.9,9.2,9.4,9.1,9.5,9.3,9.5,9.2,9.4,9.8,9.7,10.1,9.9,9.7
061040,7.5,7.5,7.6,7.7,7.6,7.9,7.8,8.1,7.9,7.9,8.2,8.3,8.3,8.2,8.4,8.4,8.4,8.6,8.7,8.9,8.7,8.9,9.0,8.8,8.9
061041,8.3,8.3,8.5,8.6,8.6,8.5,8.7,8.9,9.0,9.1,9.2,9.1,9.4,9.2,9.8,9.7,9.8,9.8,9.8,9.7,10.3,9.8,10.3,10.5,10.7
061042,7.3,7.4,7.4,7.6,7.5,7.5,7.4,7.6,7.7,7.9,8.1,7.8,8.1,8.1,8.0,8.1,8.1,8.3,8.2,8.2,8.7,8.4,8.4,8.4,8.7
061043,8.1,8.5,8.2,8.5,8.8,8.8,9.1,8.8,9.1,9.4,9.4,9.8,9.5,9.8,10.0,10.3,10.1,10.0,10.2,10.6,10.8,10.5,10.7,10.5,10.6
061044,6.9,7.0,6.9,6.9,7.1,6.9,7.1,7.0,7.1,7.3,7.3,7.4,7.4,7.1,7.3,7.3,7.5,7.5,7.6,7.4,7.8,7.9,7.7,7.8,7.7
061045,8.2,8.0,8.1,8.2,8.1,8.3,8.1,8.2,8.2,8.8,8.4,8.6,8.5,8.3,8.4,8.5,8.7,8.3,8.6,8.6,8.7,8.7,8.5,8.5,8.7
061046,8.3,8.3,8.3,8.3,8.5,8.4,8.6,8.6,8.8,9.0,9.1,9.3,9.4,9.2,9.1,9.2,9.5,9.3,9.6,9.1,9.8,9.5,9.4,9.4,9.6
061047,8.4,8.5,8.7,8.5,8.7,9.1,8.9,9.0,9.1,9.8,9.2,9.9,9.4,9.7,9.7,9.9,10.0,10.2,10.5,10.4,11.0,10.5,10.4,10.5,10.7
061048,9.1,9.3,9.2,9.1,9.0,9.4,9.3,9.6,9.4,9.8,9.7,9.8,10.0,10.2,9.9,10.1,10.0,10.2,10.0,10.2,10.6,10.7,10.2,10.5,10.4
061049,8.3,8.0,8.8,8.9,8.7,9.1,9.2,9.1,9.1,9.5,9.4,9.8,9.9,10.0,10.3,10.0,10.3,10.3,10.5,10.7,11.0,10.9,11.0,11.3,11.3
061050,9.5,9.4,9.6,9.3,9.5,9.4,9.7,9.6,9.8,10.4,10.3,10.2,10.5,10.3,10.3,10.7,10.4,10.3,10.7,10.2,11.3,10.8,10.6,10.5,10.9
061051,8.9,9.2,9.3,9.5,9.5,9.3,9.6,9.5,10.1,10.0,10.2,10.2,10.6,10.2,10.4,10.7,10.5,10.8,10.6,11.1,11.5,11.5,11.5,11.3,11.2
061052,9.3,9.2,9.4,9.4,9.8,9.7,9.6,9.9,9.7,10.3,10.5,10.2,10.8,10.7,10.8,10.5,11.0,10.9,11.2,11.5,11.2,11.9,11.5,11.9,11.7
061053,10.3,9.9,10.4,9.9,10.5,10.5,10.4,10.5,10.4,10.9,10.4,11.2,11.2,11.3,11.5,11.3,11.5,11.4,11.2,11.8,12.3,11.9,12.0,11.8,11.7
061054,7.8,7.8,8.0,7.7,8.1,8.1,8.1,8.0,8.1,8.3,8.7,8.6,8.6,8.8,8.8,8.8,8.9,8.8,9.0,9.3,9.4,9.5,9.2,9.1,9.5
061055,8.9,9.2,9.4,9.6,9.4,9.9,9.5,9.6,10.0,10.3,10.2,10.6,10.6,10.6,10.9,11.2,11.0,11.3,11.5,11.5,12.2,11.6,12.3,11.7,12.1
061056,7.5,7.3,7.4,7.5,7.3,7.4,7.4,7.5,7.7,8.0,7.8,8.0,8.0,7.9,8.1,8.0,8.0,8.1,8.2,8.2,8.2,8.2,8.3,8.4,8.6
061057,8.7,8.7,8.9,8.7,8.8,8.8,9.0,8.8,9.0,8.9,9.2,9.3,9.5,9.3,9.7,9.5,9.5,9.6,9.9,9.4,10.1,9.9,9.7,9.7,10.0
061058,9.5,9.6,9.9,9.7,10.2,9.9,10.0,10.4,10.3,10.6,10.8,10.9,11.3,11.2,10.9,11.5,11.3,11.3,11.6,11.6,11.6,11.5,11.7,12.0,12.0
061059,8.7,8.6,8.8,8.9,9.0,8.8,8.9,9.1,9.2,9.4,9.6,9.7,9.8,9.8,10.3,10.1,10.5,10.2,10.5,10.7,11.4,10.9,10.6,11.3,11.4
061060,8.4,8.3,8.8,8.5,8.6,8.7,8.7,8.7,9.1,9.4,9.4,9.3,9.4,9.6,9.4,9.6,9.9,10.1,10.2,10.2,10.3,10.5,10.2,10.7,10.4
061061,8.5,8.8,8.7,8.7,8.6,8.6,8.6,8.9,8.7,9.1,9.0,9.1,9.4,9.4,9.5,9.5,9.6,9.8,9.7,9.7,10.1,10.2,10.1,10.1,10.1
061062,8.8,9.0,9.0,9.0,9.0,9.3,9.1,9.4,9.3,9.5,9.8,9.8,10.0,9.9,10.0,10.0,10.1,10.1,10.0,10.3,10.1,10.3,10.2,10.4,10.6
061063,9.2,9.4,9.6,9.8,9.9,9.8,10.1,9.9,10.5,10.6,10.9,10.6,10.8,11.3,10.7,10.9,10.9,11.5,11.3,11.6,12.0,11.6,11.4,11.6,12.0
061064,9.4,9.7,9.8,9.8,9.8,9.9,10.0,10.1,10.3,10.6,10.6,10.5,10.7,11.0,10.9,10.9,11.3,11.3,11.8,11.3,12.0,11.4,11.3,12.0,12.1
061065,7.3,7.6,7.6,7.6,7.7,7.5,7.6,7.5,7.7,7.8,7.9,7.9,8.0,7.9,8.0,7.9,7.8,7.8,7.9,7.8,7.9,7.9,8.0,7.8,7.9
061066,8.9,8.7,9.0,8.8,8.8,9.0,9.1,9.2,8.9,9.3,9.4,9.4,9.5,9.6,9.5,9.7,9.5,9.5,9.6,9.7,9.8,9.5,9.8,9.8,9.6
061067,9.1,9.0,9.3,9.2,9.2,9.2,9.2,9.3,9.7,9.8,9.6,9.9,9.8,9.9,10.3,9.8,10.0,10.0,10.0,10.1,10.0,10.1,9.9,9.8,10.6
061068,9.5,9.4,9.4,9.7,9.7,9.6,9.7,9.7,9.6,10.1,10.2,10.4,10.2,10.5,10.8,10.6,10.6,10.9,11.0,10.7,11.7,11.3,11.1,11.4,11.2
061069,7.6,7.4,7.4,7.5,7.4,7.6,7.7,7.7,7.7,8.1,7.9,7.9,8.0,8.0,8.1,8.2,8.2,8.3,8.0,8.2,8.6,8.2,8.6,8.4,8.5
061070,7.8,7.8,7.9,8.0,8.3,8.0,8.2,8.2,8.3,8.6,8.5,8.4,8.6,8.9,8.7,8.8,8.9,8.9,9.1,9.0,9.1,9.4,9.6,9.3,9.1
061071,9.3,9.5,9.7,9.5,10.0,9.6,9.8,10.1,9.9,10.5,10.6,10.7,10.5,10.8,11.1,11.2,11.0,11.7,11.2,11.7,11.8,11.9,12.1,12.1,12.3
061072,9.8,9.6,9.7,10.0,9.8,10.2,10.0,10.1,10.6,10.5,10.5,10.9,10.7,10.6,11.1,11.2,10.9,11.2,11.3,11.1,11.2,11.8,11.4,11.7,11.6
061073,8.9,8.8,8.8,8.9,9.0,9.2,9.3,9.3,9.2,10.2,9.8,9.8,9.8,9.9,10.3,10.3,10.3,10.6,10.4,10.6,11.3,10.7,11.0,11.1,11.3
061074,7.9,7.9,8.1,8.0,8.3,8.3,8.1,8.4,8.5,9.0,8.6,8.7,9.0,8.9,9.1,9.2,9.2,9.2,8.9,9.3,9.6,9.2,9.5,9.5,9.4
061075,8.7,8.9,8.7,8.8,9.3,8.7,9.1,9.1,9.1,9.5,9.2,9.2,9.3,9.4,9.2,9.4,9.5,9.5,9.6,9.5,9.6,9.4,9.5,9.7,9.5
061076,7.2,7.3,7.5,7.2,7.5,7.3,7.5,7.4,7.3,7.7,7.4,7.6,7.8,7.7,7.7,7.9,7.7,7.7,8.0,7.8,7.9,7.9,8.0,7.8,7.9
061077,7.9,7.6,7.8,7.9,7.6,7.8,7.8,7.7,7.9,8.0,8.3,8.1,8.3,8.2,8.4,8.2,8.2,8.4,8.2,8.4,8.9,8.5,8.8,8.8,8.9
061078,9.2,9.1,9.1,9.3,9.4,9.6,9.5,9.8,10.0,9.8,9.7,10.5,10.5,10.4,10.7,10.7,10.8,10.8,11.3,11.3,11.8,11.4,11.6,11.9,12.1
061079,8.5,8.8,8.6,8.7,8.7,8.9,8.9,8.9,8.9,9.2,9.1,9.3,9.2,8.9,9.2,9.0,9.1,9.1,9.2,9.2,9.3,9.1,9.0,9.1,9.1
061080,8.1,7.8,8.1,7.9,8.2,8.2,8.0,8.3,8.2,8.4,8.5,8.7,8.8,8.7,8.5,8.9,8.8,8.9,8.7,8.9,9.2,9.1,8.8,9.3,9.0
061081,9.3,9.7,9.5,9.7,9.7,9.6,9.7,9.8,10.1,10.4,10.1,10.2,10.5,10.6,10.8,10.7,10.7,10.9,10.8,11.2,11.5,11.3,11.5,11.5,11.5
061082,9.7,10.1,10.2,10.4,10.5,9.9,10.5,10.6,10.2,10.7,11.4,10.6,11.3,11.4,11.5,11.5,11.4,11.2,11.6,11.9,11.9,11.9,11.9,11.9,12.0
061083,9.7,10.3,10.2,10.3,10.5,10.3,10.6,10.5,10.2,11.0,11.0,10.9,11.2,11.1,11.0,10.9,11.1,11.4,11.3,11.6,11.9,11.8,12.2,11.8,11.9
061084,8.4,8.4,8.2,8.5,8.8,8.6,8.6,8.6,8.9,9.2,8.9,9.1,9.2,9.4,9.2,9.4,9.8,9.8,9.6,9.6,9.9,9.6,9.7,9.6,10.3
061085,9.0,8.9,8.8,9.4,9.0,9.1,9.2,8.9,9.4,9.4,9.7,9.8,9.5,9.9,10.3,9.9,10.1,10.2,10.1,9.9,10.5,10.2,10.2,10.6,10.3
061086,9.1,9.3,8.9,8.9,8.8,9.1,8.9,9.1,8.9,9.0,8.9,9.2,9.0,9.1,8.7,9.1,9.0,8.9,9.0,8.9,9.0,8.8,8.9,8.8,8.8
061087,8.8,8.7,8.8,8.8,8.8,8.9,9.1,8.8,9.3,9.2,9.5,9.8,9.5,9.9,9.8,10.0,10.0,10.0,10.1,9.8,10.4,10.3,10.4,10.4,10.6
061088,7.9,8.0,8.1,8.2,8.3,8.4,8.6,8.5,8.7,9.2,9.0,9.4,9.2,9.3,9.4,9.3,9.8,9.5,10.0,10.1,10.4,9.9,9.9,10.3,10.2
061089,8.2,8.2,8.5,8.4,8.3,8.5,8.8,8.7,8.9,8.8,9.0,9.2,9.1,9.5,9.2,9.4,9.2,9.2,9.4,9.5,9.5,9.6,9.5,9.6,9.8
061090,7.7,7.9,8.1,8.3,8.2,8.1,8.2,8.5,8.4,8.8,8.8,8.8,8.8,8.8,8.8,9.0,9.2,9.0,9.0,9.3,9.5,9.3,9.5,9.4,9.4
061091,8.1,8.2,8.3,8.5,8.3,8.5,8.7,8.7,8.9,8.8,9.4,9.4,9.7,9.6,9.7,9.7,9.7,9.9,9.8,10.3,10.4,10.5,10.4,10.6,10.1
061092,8.3,8.5,8.4,8.6,8.9,8.7,8.5,8.7,8.8,9.1,9.2,9.5,9.5,10.2,10.0,9.9,9.8,10.2,9.9,10.7,10.6,10.5,10.6,10.9,11.1
061093,8.7,9.1,8.8,9.0,9.2,9.3,9.1,9.5,9.5,9.8,9.8,9.7,9.9,9.9,10.1,10.3,10.0,10.2,10.6,10.8,10.8,10.8,10.9,10.7,10.7
061094,10.5,10.4,10.5,10.7,10.8,10.8,11.3,11.4,11.5,12.0,12.2,12.2,12.6,12.7,12.9,12.4,12.4,12.6,13.5,13.6,13.8,13.8,13.2,14.4,14.4
061095,8.8,8.7,8.9,9.2,9.0,9.2,9.1,9.4,9.5,9.9,9.8,9.9,10.1,10.3,10.0,10.1,10.1,10.5,10.4,10.4,10.7,10.6,10.6,11.0,11.4
061096,8.5,8.3,8.4,8.5,8.5,8.5,8.5,8.5,8.4,8.7,8.9,8.9,8.8,9.1,9.2,8.8,9.3,8.8,9.1,9.0,9.1,9.1,9.3,9.0,9.1
061097,8.1,8.1,8.0,8.2,8.3,8.4,8.3,8.3,8.3,8.8,8.6,8.7,9.0,8.7,9.1,8.9,9.1,9.0,9.4,9.4,9.6,9.6,9.8,9.7,9.7
061098,8.2,8.4,8.3,8.5,8.5,8.7,8.8,8.6,8.7,9.4,9.1,9.6,9.5,9.9,9.5,9.8,9.7,9.7,9.8,9.7,10.4,10.3,10.4,10.4,10.4
061099,8.9,8.8,9.0,9.0,9.0,9.1,9.2,8.9,9.2,9.4,9.4,9.6,9.6,9.9,9.7,9.8,9.9,9.8,9.5,10.1,10.1,10.0,10.0,10.2,10.4
061100,9.6,9.3,9.5,9.5,9.6,9.8,9.8,9.7,9.8,10.0,10.2,10.2,10.2,10.6,10.4,10.6,10.2,10.6,10.5,10.7,11.0,10.6,10.5,10.8,10.8
061101,9.5,10.0,9.9,10.2,10.3,10.2,10.2,10.4,10.4,11.2,10.9,10.9,11.0,11.6,11.5,11.6,11.5,11.8,11.8,12.0,12.2,12.1,11.9,12.4,12.5
061102,9.0,9.3,9.1,9.3,9.2,9.4,9.4,9.6,9.4,9.9,10.1,10.2,10.2,10.3,10.2,10.0,10.3,10.3,10.4,10.9,10.8,10.7,11.0,10.8,10.5
061103,10.2,10.5,10.1,10.4,10.4,10.3,10.6,10.6,10.7,11.4,11.6,11.1,11.5,11.4,11.8,11.8,12.3,11.7,12.0,12.4,12.9,12.3,12.6,12.3,12.9
061104,8.4,8.6,8.6,8.7,8.8,8.7,8.6,8.8,9.0,9.6,9.3,9.1,9.4,9.4,9.3,9.3,9.2,9.5,9.6,9.6,9.7,9.8,9.8,9.7,9.7
062001,8.6,8.5,8.9,8.7,8.8,8.8,9.0,8.7,8.9,9.2,9.1,9.0,9.1,9.0,8.9,9.1,9.4,9.2,9.3,9.4,9.2,9.2,9.2,9.3,9.2
062002,9.9,10.0,10.1,9.8,10.2,10.3,10.2,10.3,10.5,10.8,10.8,10.5,10.9,10.7,10.8,11.1,11.1,11.0,11.3,11.3,11.5,11.5,11.6,11.5,11.9
062003,10.1,10.1,10.1,10.0,10.4,10.5,10.9,10.7,10.6,11.0,11.3,11.3,10.9,11.7,11.2,11.5,11.2,11.9,11.6,11.6,11.7,11.9,11.9,12.3,11.7
062004,8.6,8.6,8.5,8.6,8.5,8.8,8.6,8.8,8.9,9.0,9.3,9.1,9.2,9.3,9.1,8.9,9.3,9.3,9.2,9.4,9.8,9.6,9.3,9.5,9.5
062005,7.0,7.0,7.0,6.9,7.0,7.1,7.0,7.1,7.2,7.4,7.5,7.6,7.5,7.5,7.5,7.6,7.5,7.6,7.6,7.7,8.0,7.8,7.8,7.7,7.8
062006,7.5,7.7,7.7,7.9,7.7,7.7,7.8,8.0,8.0,8.2,8.3,8.3,8.4,8.7,8.5,8.6,8.8,8.7,8.8,8.9,9.4,9.1,9.1,9.4,9.3
062007,9.0,9.5,9.5,9.7,9.6,9.5,9.6,9.9,9.8,10.2,10.4,10.6,10.7,10.8,11.0,10.8,11.1,11.3,11.6,11.5,11.8,11.4,11.9,12.1,11.7
062008,10.0,9.6,10.1,9.9,10.1,9.8,10.0,10.1,9.8,10.2,10.1,10.2,10.5,10.3,10.2,10.3,10.5,10.4,10.1,10.3,10.6,10.7,10.3,10.5,10.6
062009,9.2,9.0,9.3,9.4,9.4,9.4,9.1,9.6,9.5,9.9,10.1,10.0,10.2,9.8,10.0,10.1,10.5,10.6,10.4,10.4,11.1,10.8,10.4,11.1,10.7
062010,8.7,8.9,9.0,8.6,8.8,8.9,9.2,9.0,9.3,9.3,9.4,9.6,9.4,9.2,9.6,9.5,9.5,9.5,9.6,9.6,9.7,9.8,9.8,9.7,9.8
062011,7.5,7.4,7.5,7.4,7.4,7.3,7.3,7.6,7.5,7.9,7.9,7.5,8.0,7.9,7.6,7.7,7.8,7.8,7.9,7.8,7.9,7.9,7.9,7.8,7.9
062012,8.0,7.8,8.0,8.2,8.1,8.3,8.5,8.3,8.3,8.5,9.0,8.7,8.9,8.9,8.8,9.0,9.4,9.4,9.2,9.4,9.5,9.6,9.6,9.8,9.6
062013,7.2,7.3,7.3,7.4,7.4,7.4,7.5,7.2,7.4,7.7,7.5,7.7,7.6,7.7,7.7,7.9,7.8,7.9,7.9,7.5,8.0,7.8,7.8,7.8,7.8
062014,6.5,6.6,6.5,6.7,6.6,6.6,6.8,7.0,6.7,7.2,7.1,7.1,7.4,7.1,7.1,7.3,7.4,7.5,7.4,7.6,7.8,7.8,7.8,7.8,7.9
062015,9.0,9.3,9.1,9.3,9.2,9.5,9.5,9.4,9.7,10.1,9.9,10.0,10.2,10.2,10.1,10.1,10.3,10.2,10.4,10.2,10.9,10.8,10.9,10.8,11.3
062016,7.0,7.1,6.9,7.1,7.1,7.0,7.1,7.1,7.0,7.3,7.1,7.2,7.4,6.9,7.1,7.0,7.1,7.0,7.0,7.0,7.1,7.1,6.9,7.0,6.8
062017,7.9,7.9,7.8,8.1,8.0,7.8,8.0,8.4,8.3,8.1,8.1,8.5,8.5,8.4,8.6,8.5,8.9,8.7,8.5,8.8,8.8,8.8,8.8,8.7,8.8
062018,8.3,8.6,8.5,8.5,8.4,8.7,8.3,8.7,8.9,9.1,8.8,9.0,9.0,9.1,9.2,9.2,9.5,9.5,9.0,9.4,9.6,9.2,9.5,9.5,9.6
062019,9.4,9.2,9.6,9.6,9.8,10.4,10.0,10.0,10.2,10.5,10.4,10.8,11.3,11.2,11.5,11.3,11.8,12.0,12.3,12.3,12.2,12.4,12.6,12.7,12.8
062020,7.5,7.3,7.4,7.3,7.5,7.4,7.4,7.7,7.6,7.9,8.1,7.8,7.8,7.8,8.0,7.9,7.9,8.0,8.0,8.2,8.2,8.3,8.1,8.4,8.3
062021,8.6,8.3,8.6,8.4,8.7,8.6,8.3,8.9,8.7,8.9,9.0,9.0,8.9,8.7,9.1,9.1,9.2,9.1,9.2,9.3,9.2,9.0,9.1,9.2,9.2
062022,8.0,8.1,8.3,8.4,8.3,8.7,8.5,8.6,8.7,8.9,9.1,9.2,9.0,9.2,9.4,9.4,9.7,9.5,9.7,9.9,10.1,10.0,9.9,10.2,10.3
062023,8.5,8.8,9.0,8.9,8.7,8.9,9.3,9.3,9.6,10.0,9.9,10.1,9.8,10.1,10.3,10.3,10.3,10.6,10.6,11.0,11.0,11.2,11.1,11.2,11.1
062024,10.0,10.5,10.2,10.7,10.5,10.5,10.8,10.8,10.6,11.1,11.1,11.4,11.2,11.8,11.5,11.5,12.1,11.9,11.9,11.9,11.9,11.7,11.8,12.2,11.8
062025,9.1,9.3,9.3,9.4,9.4,9.3,9.5,9.6,9.4,9.8,9.8,10.2,10.5,10.6,10.2,10.2,10.7,10.3,10.6,10.4,10.8,10.8,10.7,10.7,10.9
062026,7.5,7.7,7.5,7.6,7.5,7.6,7.7,7.8,7.6,7.7,8.0,8.1,8.2,8.1,8.1,8.0,8.2,8.1,8.0,8.1,8.4,8.3,8.6,8.4,8.4
062027,8.9,9.3,9.1,9.2,9.3,9.6,9.5,9.5,9.5,9.8,9.9,10.2,10.6,10.4,10.3,10.3,10.6,10.7,10.8,11.0,11.1,11.1,11.1,11.2,11.3
062028,7.8,8.3,8.0,8.1,8.2,8.1,8.0,8.2,8.3,8.7,8.4,8.4,8.7,8.8,8.8,9.1,8.9,8.9,8.9,9.1,9.1,9.5,9.4,9.3,9.4
062029,9.5,9.0,9.4,9.3,9.1,9.5,9.4,9.6,9.7,10.0,9.9,10.0,10.1,10.1,10.0,9.9,10.1,10.1,10.1,10.2,10.3,10.3,10.0,10.1,10.0
062030,9.8,9.8,9.9,10.0,10.2,10.4,10.5,10.5,10.6,10.8,11.1,11.3,11.3,11.2,11.2,11.4,11.3,11.4,11.7,11.7,12.1,12.4,12.0,12.3,12.1
062031,8.4,8.4,8.4,8.4,8.4,8.5,8.3,8.5,8.3,8.5,8.7,8.4,8.6,8.7,8.6,8.8,8.8,8.9,8.8,8.7,9.0,8.8,8.7,9.0,8.8
062032,7.8,7.9,8.0,8.4,8.1,8.0,8.1,8.1,8.5,8.4,8.7,8.5,8.7,8.9,8.8,9.1,9.0,9.3,9.2,8.9,9.6,9.1,9.7,9.6,9.5
062033,8.1,8.2,8.3,8.1,8.1,8.3,8.1,8.3,8.4,8.5,8.5,8.6,8.7,8.7,8.6,8.8,8.8,8.8,9.0,8.8,9.0,9.0,9.0,8.8,9.0
062034,8.3,8.3,8.4,8.2,8.5,8.6,8.6,8.7,8.6,8.8,8.8,8.9,9.1,9.3,9.2,9.3,8.9,9.3,9.4,9.1,9.6,9.2,9.5,9.4,9.6
062035,8.0,8.1,8.2,8.3,8.2,8.4,8.5,8.3,8.8,8.9,8.8,9.0,9.2,9.1,9.6,9.4,9.4,9.8,9.8,9.8,10.1,9.9,9.8,10.4,9.8
062036,8.9,9.2,9.0,9.2,9.2,9.3,9.6,9.4,9.6,9.9,9.8,10.0,10.2,10.2,10.5,10.5,10.6,10.8,10.6,10.7,11.0,11.2,11.0,11.5,11.7
062037,9.2,9.2,9.2,9.1,9.2,9.1,9.0,8.9,8.8,9.2,9.5,9.4,9.2,9.0,9.3,9.4,9.1,9.1,9.1,9.0,9.0,8.8,8.7,9.0,8.7
062038,6.6,6.9,6.8,6.8,6.9,7.0,7.0,7.2,7.1,7.4,7.4,7.7,7.6,7.7,7.9,7.8,7.7,7.8,7.9,8.0,8.4,8.2,8.2,8.4,8.3
062039,9.8,9.7,9.6,10.2,9.8,9.9,9.7,9.8,9.8,10.5,10.0,10.6,10.5,10.7,10.3,10.5,10.6,10.2,10.6,10.4,10.7,10.5,10.4,10.4,10.4
062040,7.8,7.9,8.1,7.9,7.9,7.9,8.1,8.0,7.9,8.3,8.2,8.4,8.5,8.2,8.2,8.2,8.5,8.4,8.4,8.3,8.6,8.3,8.4,8.5,8.5
062041,8.3,8.2,8.4,8.3,8.3,8.3,8.6,8.6,8.6,9.0,8.9,9.0,9.1,9.0,9.2,9.2,9.4,9.3,9.5,9.8,9.8,9.6,9.7,9.5,10.0
062042,6.9,7.0,7.1,7.0,7.0,7.1,7.0,7.0,7.0,7.3,7.4,7.3,7.5,7.3,7.4,7.6,7.6,7.7,7.6,7.5,7.9,7.6,7.5,7.5,7.4
062043,9.7,9.4,9.5,9.7,9.7,9.5,9.5,9.7,9.8,9.9,10.1,10.1,10.2,10.6,10.3,9.9,10.3,10.5,10.4,10.4,11.0,10.7,10.3,10.3,10.9
062044,7.2,7.2,7.6,7.2,7.3,7.3,7.4,7.6,7.5,7.4,7.5,7.8,7.8,7.7,7.6,7.7,7.6,8.0,7.7,7.7,7.8,7.7,7.7,7.8,7.8
062045,7.6,7.5,7.8,7.7,7.8,7.9,7.9,8.1,7.9,8.2,8.4,8.4,8.5,8.5,8.6,8.7,8.9,8.8,8.7,8.7,9.1,8.9,9.0,9.1,9.0
062046,8.4,8.5,8.6,8.5,8.8,9.0,8.9,9.0,8.8,9.3,9.4,9.4,9.2,9.3,9.9,9.8,9.8,9.8,9.8,10.2,10.6,10.7,10.5,10.7,10.7
062047,7.5,7.7,7.5,7.5,7.6,7.6,7.8,7.6,8.0,8.2,8.3,8.3,8.3,8.3,8.3,8.2,8.4,8.6,9.0,8.7,9.0,8.8,8.9,9.0,8.7
062048,7.9,7.9,8.2,8.0,8.2,8.2,8.4,8.4,8.6,8.7,8.9,9.0,8.9,8.9,8.9,9.0,9.5,9.2,9.5,9.3,9.5,9.4,9.4,9.7,9.7
062049,8.1,8.0,8.0,8.2,8.1,8.2,8.3,8.3,8.3,8.6,8.7,8.7,8.7,8.9,8.9,8.7,9.0,8.9,8.9,9.1,9.5,9.1,9.1,9.3,9.3
062050,8.5,8.5,8.8,8.7,8.7,8.9,8.8,9.0,9.2,9.7,9.5,9.3,9.6,9.6,9.9,9.5,9.7,9.6,9.8,9.5,10.2,9.9,9.8,10.5,10.3
062051,8.6,8.5,8.6,9.0,8.9,8.7,8.9,9.1,9.3,9.2,9.4,9.3,9.5,9.7,9.6,9.5,9.7,9.9,9.8,10.3,10.1,10.1,10.0,10.3,10.1
062052,7.9,8.0,8.3,7.9,8.0,8.1,8.3,8.4,8.5,8.6,8.8,9.0,8.8,9.1,9.0,9.3,9.1,9.2,9.5,9.4,9.6,9.5,9.7,9.9,9.7
062053,9.7,9.9,9.8,9.8,10.0,10.3,10.0,9.9,10.2,10.3,11.0,10.6,10.8,10.4,10.6,10.5,10.9,10.7,10.3,10.9,11.2,11.0,11.1,11.4,11.1
062054,8.6,8.6,8.6,8.7,8.9,9.0,9.0,8.9,9.1,9.2,9.3,9.7,9.8,9.4,10.1,9.9,9.8,10.1,9.9,10.3,10.4,10.2,10.1,10.4,10.5
062055,8.5,8.4,8.5,8.6,9.0,8.9,8.6,8.7,8.5,8.8,9.2,9.0,8.9,9.1,9.2,9.2,9.1,9.3,9.2,9.2,9.2,9.2,9.2,9.3,9.3
062056,8.2,8.0,8.2,8.0,8.1,8.2,8.3,8.2,8.5,8.6,8.7,8.9,8.8,9.1,8.7,8.9,8.8,9.1,9.3,8.9,8.9,8.8,9.2,8.9,9.4
062057,8.8,8.5,8.6,8.8,8.5,9.2,9.0,8.9,9.3,9.5,9.3,9.5,9.7,10.0,9.9,9.9,10.0,9.9,10.1,10.5,10.7,10.6,10.4,10.5,10.4
062058,9.8,10.2,10.1,10.7,10.3,10.5,10.7,10.9,10.5,11.0,11.8,11.5,11.6,11.9,12.0,11.7,11.5,11.9,12.4,12.3,12.9,12.5,13.4,13.2,12.9
062059,7.4,7.2,7.3,7.3,7.4,7.5,7.2,7.4,7.5,7.9,7.7,7.7,7.7,7.8,7.8,7.7,8.0,8.0,8.1,8.2,8.2,8.2,8.2,8.0,8.3
062060,8.8,8.9,8.9,8.8,8.8,8.9,8.8,8.6,8.7,9.0,9.2,9.1,9.0,8.8,8.7,8.7,8.7,8.8,8.5,8.7,8.8,8.9,8.8,8.7,8.3
062061,8.3,8.3,8.3,8.4,8.3,8.6,8.2,8.7,8.5,8.8,8.9,9.1,8.8,9.1,9.0,8.9,9.1,9.2,9.4,9.3,9.4,9.2,9.2,9.0,9.4
062062,8.0,8.0,8.1,7.9,8.2,8.1,8.2,8.2,8.2,8.3,8.6,8.6,8.7,8.8,8.9,8.6,8.6,9.1,8.9,8.9,8.9,8.8,9.2,8.9,9.0
062063,8.6,8.6,8.6,8.7,8.9,8.4,8.9,8.9,9.0,9.2,9.2,9.2,9.4,9.1,9.5,9.5,9.5,9.5,9.4,9.7,10.0,9.6,9.6,9.7,9.7
062064,9.0,9.0,9.0,9.1,9.2,9.2,9.3,9.4,9.2,9.7,9.7,9.8,9.5,9.8,9.9,9.7,10.1,10.2,10.2,10.0,10.2,9.9,10.2,9.8,10.2
062065,9.7,9.9,10.2,10.2,9.8,10.0,10.1,10.2,10.3,10.8,10.7,10.6,10.7,10.9,10.8,11.3,11.1,11.1,11.0,11.3,11.4,11.8,11.3,11.7,11.7
062066,8.0,8.0,8.0,8.2,8.1,8.2,7.9,8.3,8.5,8.7,8.7,8.9,8.9,9.0,8.9,9.0,8.8,8.8,9.0,9.0,9.3,9.0,9.2,9.2,9.2
062067,8.3,7.9,8.4,8.3,8.4,8.6,8.3,8.3,8.3,8.6,8.8,8.6,8.8,8.6,8.6,8.8,9.0,8.6,8.9,8.7,9.0,8.8,8.8,8.9,9.0
062068,8.4,8.6,8.4,8.9,8.8,8.6,8.8,8.7,9.1,9.0,9.5,9.4,9.4,9.4,9.5,9.7,9.9,9.8,9.9,9.7,10.3,10.2,10.0,10.3,10.0
062069,8.9,8.9,9.1,9.2,8.8,9.3,9.6,9.4,9.7,9.9,9.8,10.1,10.1,10.5,10.3,10.5,10.7,10.7,10.7,10.6,11.1,10.9,10.9,11.3,11.5
062070,8.0,8.3,8.3,8.2,8.2,8.3,8.5,8.4,8.6,8.6,8.8,8.8,8.9,8.6,9.0,9.0,9.1,9.3,9.2,9.4,9.4,9.3,9.5,9.5,9.7
062071,8.7,8.4,8.9,8.7,8.8,8.8,8.8,8.7,8.8,9.1,9.2,9.5,9.5,9.4,9.8,9.8,9.8,9.8,10.1,10.3,10.2,10.2,10.0,10.4,10.5
062072,8.8,8.7,8.7,8.7,8.7,8.7,8.8,9.0,9.3,9.2,9.2,9.2,9.7,9.8,9.8,9.7,9.6,10.0,9.6,9.7,10.0,10.0,10.0,9.9,10.0
062073,8.2,8.0,8.2,8.1,8.5,8.2,8.3,8.3,8.3,8.7,8.8,8.9,8.9,9.0,8.7,9.1,9.0,8.9,9.3,9.5,9.6,9.5,9.3,9.4,9.8
062074,9.0,8.9,8.9,9.0,9.1,9.2,9.3,9.2,9.6,9.9,10.2,10.2,10.3,10.1,10.6,10.8,10.7,10.4,11.0,11.3,11.5,11.3,11.5,11.7,11.7
062075,9.5,9.6,9.5,9.6,10.0,9.7,10.0,9.8,9.6,10.5,10.2,10.2,10.6,10.6,10.5,10.4,10.3,10.6,10.6,10.8,11.2,10.6,10.6,10.7,11.0
062076,8.5,8.5,8.7,8.5,8.7,8.8,8.9,9.0,9.1,9.2,9.5,9.2,9.7,9.7,9.7,9.6,9.7,9.8,9.8,10.3,10.4,10.0,10.5,10.3,10.0
062077,9.0,8.8,8.9,8.8,9.0,8.7,8.7,9.0,9.3,9.2,9.6,9.4,9.6,9.6,9.3,9.4,9.4,9.5,9.5,9.6,9.6,9.6,9.5,9.7,9.6
062078,9.9,10.1,10.3,10.1,10.3,10.6,10.9,10.8,10.8,11.2,11.2,11.3,11.7,11.5,11.9,12.1,12.1,12.2,12.1,12.4,12.8,12.3,12.9,12.7,12.6
063001,8.6,8.5,8.4,8.7,8.4,8.7,8.7,9.0,8.9,9.3,9.1,9.2,9.3,9.1,9.2,9.4,9.2,9.4,9.5,9.7,9.8,9.6,9.8,9.5,9.7
063002,9.2,9.2,9.2,9.5,9.5,9.5,9.6,9.3,9.8,10.1,9.9,10.3,10.1,10.3,10.3,10.6,10.6,10.7,10.5,10.7,10.9,10.6,10.6,10.9,11.2
063003,7.2,7.2,7.2,7.1,7.1,7.3,7.2,7.2,7.4,7.4,7.2,7.5,7.6,7.5,7.4,7.4,7.5,7.7,7.5,7.6,7.5,7.4,7.5,7.4,7.3
063004,7.8,7.9,7.7,7.8,7.8,8.2,8.0,8.1,8.1,8.6,8.6,8.6,8.4,8.7,9.0,8.8,8.8,8.8,9.0,9.4,9.3,9.2,9.1,9.1,9.2
063005,8.8,8.7,8.8,8.9,8.9,8.7,8.9,8.8,8.9,9.1,9.2,8.9,9.1,9.0,9.4,9.3,9.4,8.9,9.2,9.4,9.6,9.1,9.2,9.3,9.3
063006,8.8,8.6,8.6,8.6,8.5,8.7,8.5,8.6,8.8,9.1,9.0,8.9,9.1,9.0,8.8,9.3,8.7,9.1,9.0,9.1,9.1,9.1,9.1,9.1,9.2
063007,6.7,6.7,6.9,6.9,6.8,7.0,7.0,6.8,7.1,7.1,7.1,7.3,7.2,7.1,7.3,7.4,7.3,7.0,7.3,7.2,7.4,7.3,7.3,7.2,7.2
063008,8.6,8.1,8.1,8.4,8.4,8.1,8.4,8.6,8.4,8.8,8.8,8.6,8.9,8.6,8.9,8.8,9.2,9.0,8.9,9.0,9.2,8.8,9.2,9.2,9.1
063009,7.3,7.1,7.3,7.6,7.4,7.6,7.6,7.6,7.8,8.2,8.2,8.0,8.3,8.4,8.5,8.2,8.8,8.9,9.0,9.2,9.3,9.3,9.4,9.4,9.5
063010,8.4,8.5,8.6,8.5,8.8,8.6,8.7,8.9,9.1,9.3,9.0,9.4,9.2,9.7,9.4,9.8,9.6,9.5,9.5,9.8,9.8,10.1,9.9,10.0,10.0
063011,8.9,8.9,9.1,9.3,9.2,9.5,9.3,9.5,9.4,9.4,9.7,9.9,10.0,10.1,9.8,9.9,9.8,9.8,10.0,10.5,10.4,9.9,10.2,10.4,10.2
063012,7.5,7.5,7.3,7.4,7.6,7.7,7.4,7.6,7.5,7.8,7.9,7.8,7.8,7.7,7.9,8.1,7.9,7.8,8.0,8.0,8.0,8.1,7.9,8.1,8.1
063013,7.3,7.3,7.5,7.4,7.5,7.7,7.6,7.7,7.6,7.8,7.9,7.9,7.8,8.2,8.0,8.2,8.0,8.4,8.2,8.2,8.4,8.0,8.3,8.6,8.3
063014,8.2,8.3,7.9,8.2,8.4,8.5,8.4,8.3,8.2,8.8,8.7,8.9,9.0,9.2,9.0,9.1,9.3,9.2,9.5,9.3,10.0,9.4,9.3,9.6,9.6
063015,7.4,7.4,7.5,7.2,7.5,7.2,7.3,7.3,7.6,7.8,8.0,7.8,8.1,8.0,8.1,8.0,7.7,7.9,8.0,7.9,8.0,8.2,8.2,8.3,8.3
063016,7.9,7.6,7.9,7.9,8.2,8.2,8.0,8.0,8.4,8.4,8.7,8.6,8.3,8.8,8.8,8.8,8.7,8.9,8.9,8.7,9.4,9.1,9.0,9.3,9.3
063017,8.5,8.6,8.7,8.8,8.9,8.9,8.7,8.7,8.8,9.3,9.5,9.3,9.7,9.4,9.6,9.6,9.7,10.0,10.0,10.2,10.2,9.9,10.5,10.3,10.2
063018,9.3,9.1,9.3,9.3,9.3,9.5,9.6,9.8,9.5,9.7,10.1,10.2,9.9,10.3,10.1,10.4,10.3,10.4,10.7,10.5,10.9,10.8,11.0,10.7,10.9
063019,7.9,7.8,8.0,8.1,8.1,8.3,8.3,8.3,8.5,8.8,8.9,8.8,9.3,9.6,9.2,9.4,9.7,9.4,9.7,9.9,10.1,10.0,9.8,10.1,10.2
063020,10.3,10.4,10.4,10.5,10.2,10.3,10.4,11.2,10.5,11.2,11.3,11.4,11.7,11.8,12.3,11.7,11.5,11.7,12.4,12.5,12.6,12.6,12.4,12.8,12.9
063021,8.5,8.1,8.6,8.7,8.5,8.9,8.9,8.9,8.9,9.4,9.3,9.4,9.5,9.8,9.9,9.6,9.8,9.9,10.2,10.0,10.6,10.4,10.7,10.4,10.7
063022,8.9,9.0,8.6,9.1,9.0,9.4,9.1,9.4,9.0,9.8,10.0,10.0,10.1,9.8,10.2,10.4,10.3,10.2,10.5,10.5,11.1,10.8,10.6,10.9,10.9
063023,8.1,8.1,8.4,8.6,8.3,8.4,8.3,8.4,8.5,8.6,8.7,8.9,8.8,8.6,8.7,8.9,8.8,9.0,9.0,9.0,9.0,8.8,8.8,8.9,8.8
063024,8.0,8.2,8.1,8.1,7.8,7.8,8.0,7.8,7.7,7.9,8.2,7.9,8.0,7.8,7.6,7.8,7.8,7.8,7.8,7.8,7.8,7.7,7.7,7.6,7.6
063025,7.1,7.3,7.3,7.2,7.3,7.3,7.2,7.3,7.4,7.5,7.5,7.5,7.7,7.4,7.6,7.5,7.6,7.7,7.9,7.9,7.9,7.9,7.8,7.8,7.8
063026,7.7,7.7,7.4,7.6,7.8,7.8,8.1,8.0,8.3,8.6,8.5,8.4,8.8,8.7,9.0,9.1,9.1,9.1,9.2,9.7,9.7,9.5,9.7,10.0,9.9
063027,8.3,8.4,8.3,8.2,8.2,8.4,8.3,8.3,8.3,8.4,8.4,8.6,8.5,8.7,8.7,8.5,8.4,8.6,8.3,8.6,8.5,8.2,8.3,8.4,8.1
063028,6.9,7.0,7.1,7.1,7.0,7.2,7.2,7.2,7.2,7.7,7.6,7.7,7.6,7.6,7.8,8.0,8.1,8.0,8.0,7.9,8.1,8.1,8.2,8.2,8.3
063029,8.2,8.2,8.2,8.1,8.4,8.4,8.2,8.6,8.5,8.9,8.9,8.8,8.9,8.9,9.0,9.2,9.2,9.5,9.7,9.6,10.0,9.6,9.7,9.9,10.0
063030,8.4,8.4,8.4,8.4,8.5,8.7,8.5,8.8,8.8,8.9,9.2,9.0,9.2,9.5,9.2,9.5,9.6,9.6,9.9,9.8,10.2,9.9,10.3,10.1,10.2
063031,9.0,9.0,9.3,9.1,9.4,9.4,9.3,9.2,8.9,9.5,9.7,9.8,10.0,9.9,9.8,9.6,9.9,10.1,10.3,10.2,10.5,10.5,10.6,10.1,10.5
063032,7.9,7.7,7.8,8.1,8.1,8.1,8.1,8.1,8.2,8.3,8.5,8.2,8.4,8.4,8.4,8.4,8.7,8.4,8.6,8.7,8.6,8.7,8.5,8.4,8.6
063033,8.6,8.6,8.5,8.8,8.9,8.6,9.0,8.8,8.8,9.0,9.3,9.3,9.9,9.6,9.6,9.3,9.4,9.5,9.5,9.8,9.8,10.2,10.0,9.7,9.8
063034,10.9,10.6,10.6,11.0,11.0,11.0,11.1,11.0,11.5,11.4,11.5,11.7,11.9,11.8,12.0,12.4,12.2,12.3,12.1,12.1,13.1,12.5,12.4,12.3,12.8
063035,8.7,8.6,8.6,8.7,8.9,8.7,9.1,9.3,9.1,9.6,9.7,9.5,10.1,10.0,10.0,9.9,10.4,10.4,10.3,10.5,10.7,10.6,10.5,10.9,11.3
063036,7.9,8.0,8.0,7.9,8.1,8.1,8.2,8.2,8.5,8.5,8.7,8.5,8.8,9.0,8.9,9.0,9.0,8.8,9.3,8.9,9.5,9.1,9.1,9.3,9.3
063037,8.6,8.5,8.3,8.5,8.5,8.8,8.4,8.6,8.5,9.2,9.0,9.1,9.2,8.9,9.3,9.1,9.2,9.2,9.2,9.4,9.3,9.3,9.1,9.0,8.9
063038,7.9,7.8,8.1,7.9,8.0,7.9,7.9,8.0,7.9,8.3,8.1,8.1,8.4,8.3,8.5,8.4,8.4,8.4,8.5,8.6,8.7,8.5,8.5,8.7,8.8
063039,7.6,7.8,7.5,7.4,7.6,7.5,7.5,7.5,7.5,7.6,7.6,7.6,7.7,7.9,7.7,7.6,7.6,7.5,7.6,7.4,7.5,7.3,7.5,7.6,7.4
063040,8.5,8.5,8.5,8.5,8.7,8.5,8.6,8.8,8.7,9.0,9.1,9.0,8.9,9.3,9.2,9.2,9.0,8.9,9.4,9.3,9.5,9.3,9.0,9.4,9.2
063041,9.3,9.2,9.3,9.5,9.5,9.4,9.7,9.6,9.8,10.3,10.2,10.5,10.4,10.7,10.5,10.6,10.8,10.8,10.7,11.6,11.7,11.4,11.3,11.8,11.6
063042,9.4,9.6,9.7,9.4,9.8,9.9,9.7,10.1,10.0,10.5,10.8,10.9,11.0,10.9,10.9,10.9,11.3,11.2,11.0,11.6,11.6,11.6,11.6,11.8,11.8
063043,8.7,8.6,8.7,8.8,8.9,8.8,9.0,8.8,8.8,9.3,9.1,9.4,9.1,9.4,9.2,9.0,9.3,9.5,9.2,9.5,9.6,9.4,9.3,9.4,9.3
063044,8.4,8.6,8.9,8.8,8.8,8.6,8.7,8.9,8.9,9.5,9.7,9.3,9.4,9.5,9.1,9.8,9.4,9.4,9.6,9.8,10.1,9.8,10.0,9.7,10.2
063045,9.8,10.0,9.7,9.6,9.7,9.7,9.7,10.2,9.7,10.1,10.4,10.3,10.2,10.2,10.4,10.1,10.8,10.6,10.9,11.1,11.0,10.4,10.8,11.2,10.9
063046,8.0,7.9,8.1,8.2,8.0,8.1,8.1,7.9,8.2,8.4,8.2,8.2,8.2,8.2,8.2,8.2,8.4,8.5,8.3,8.5,8.4,8.5,8.5,8.3,8.5
063047,8.5,8.3,8.5,8.6,8.3,8.5,8.4,8.4,8.7,8.8,8.7,8.9,8.8,9.2,9.0,8.9,8.8,9.0,9.1,9.0,9.2,9.0,9.1,9.2,9.2
063048,7.5,7.6,7.5,7.8,7.6,7.6,7.6,7.8,7.8,8.1,8.0,8.2,8.3,8.2,8.3,8.4,8.2,8.4,8.6,8.5,8.7,8.3,8.9,8.6,8.7
063049,13.0,12.9,13.1,12.6,13.1,13.1,13.1,13.5,13.6,13.9,13.8,14.2,14.1,14.4,14.4,14.6,14.7,14.7,14.9,14.9,15.6,15.5,15.2,15.3,15.3
063050,8.3,8.2,8.3,8.2,8.3,8.5,8.3,8.5,8.6,8.7,8.6,9.0,9.0,9.1,9.3,9.3,9.3,9.5,9.6,9.5,10.0,9.9,9.7,9.7,9.9
063051,8.1,8.2,8.2,8.2,8.1,8.2,8.4,8.2,8.4,8.9,8.9,8.8,8.9,9.1,8.9,9.0,9.1,8.9,8.9,9.0,9.6,9.2,9.3,9.2,9.5
063052,9.0,8.8,9.2,9.0,9.4,9.1,9.2,9.6,9.6,9.8,9.8,9.8,10.2,10.0,10.3,10.0,10.5,10.3,10.4,10.4,10.6,10.7,10.5,10.8,10.9
063053,8.3,8.3,8.5,8.3,8.4,8.4,8.5,8.4,8.5,9.0,8.8,9.1,9.1,9.3,9.2,9.1,9.2,9.3,9.5,9.5,9.5,9.3,9.6,9.6,9.7
063054,8.5,8.4,8.4,8.7,8.8,8.8,8.8,8.7,8.9,8.9,9.1,9.3,9.2,9.5,9.6,9.6,9.8,9.6,9.7,9.7,9.6,10.1,10.2,9.6,10.0
063055,8.0,7.7,8.0,7.9,7.8,8.0,8.1,8.0,8.1,8.1,8.4,8.3,8.3,8.5,8.2,8.3,8.4,8.3,8.4,8.5,8.8,8.4,8.8,8.8,8.5
063056,8.9,8.9,9.2,9.1,9.1,9.3,9.2,9.3,9.4,9.6,9.8,10.3,10.0,10.0,10.2,10.4,10.1,10.2,10.5,10.2,10.7,10.8,10.6,10.7,10.5
063057,8.2,8.2,8.0,8.2,8.2,8.2,8.1,8.3,8.5,8.8,8.7,8.7,8.8,9.0,9.0,9.0,9.0,8.8,9.1,8.8,9.5,9.0,9.2,9.2,9.3
063058,9.3,9.2,9.2,9.2,9.5,9.5,9.5,9.7,9.8,10.6,9.8,10.2,10.4,10.4,10.2,10.6,10.7,10.8,10.7,10.7,11.1,11.1,10.8,11.2,11.2
063059,8.4,8.6,8.4,8.6,8.6,8.8,8.9,8.9,9.1,9.0,9.2,9.2,9.3,9.2,9.5,9.2,9.2,9.6,9.8,9.7,9.9,9.9,9.7,9.9,10.0
063060,8.2,8.1,8.3,8.1,8.0,8.0,8.2,7.9,8.2,8.4,8.2,8.7,8.4,8.4,8.6,8.4,8.5,8.2,8.5,8.5,8.5,8.5,8.5,8.6,8.5
063061,9.2,8.9,8.7,8.8,9.0,9.0,9.0,8.9,9.0,9.3,9.0,9.1,9.2,9.2,9.2,9.0,9.0,9.2,9.0,9.4,9.3,8.9,9.1,9.3,9.2
063062,7.3,7.2,7.5,7.3,7.4,7.5,7.4,7.4,7.6,7.7,7.7,7.9,7.8,7.9,7.8,7.8,7.7,8.1,7.8,7.9,8.0,7.8,8.1,8.1,8.0
063063,8.4,8.4,8.2,8.3,8.4,8.2,8.6,8.2,8.6,8.3,8.6,8.9,8.8,8.6,8.6,8.5,8.7,8.8,8.9,9.0,9.0,8.8,8.8,8.8,8.7
063064,7.5,7.3,7.7,7.6,7.5,7.5,7.8,7.6,7.6,7.9,7.9,7.8,7.8,7.6,8.0,7.9,7.8,7.7,7.9,7.8,8.1,7.8,7.9,7.8,7.9
063065,8.3,8.4,8.5,8.4,8.7,8.6,8.5,8.8,9.0,9.1,8.9,9.1,9.5,9.3,9.5,9.6,9.3,9.5,9.7,9.6,9.9,9.9,9.7,10.1,10.2
063066,7.5,7.3,7.5,7.3,7.4,7.3,7.3,7.6,7.5,7.6,7.8,7.7,7.6,7.6,7.9,7.7,8.0,7.7,7.7,7.7,7.9,7.9,8.1,8.0,7.9
063067,9.5,9.7,9.9,9.8,9.9,10.2,10.1,10.7,10.5,10.8,10.8,10.8,11.1,11.2,11.0,10.8,11.1,11.2,11.6,11.6,11.8,11.9,12.2,12.1,12.3
063068,8.4,8.6,8.7,9.0,9.2,9.3,9.6,9.5,9.6,10.4,10.8,10.3,10.6,11.0,11.1,11.7,11.2,11.5,12.2,12.3,12.4,12.6,12.7,13.3,13.4
063069,9.1,9.1,9.5,9.1,9.4,9.3,9.5,9.3,9.7,10.0,10.1,10.2,9.9,10.0,10.1,10.1,10.6,10.2,10.2,10.5,10.8,10.9,10.5,10.7,10.7
063070,8.9,8.8,8.8,9.0,9.1,9.2,9.2,9.4,9.1,9.6,9.7,9.6,9.7,9.6,9.8,9.6,10.2,10.1,10.2,9.9,10.5,10.3,10.2,10.6,10.3
063071,7.9,7.9,7.9,8.2,8.2,8.0,8.4,8.5,8.4,8.7,8.9,9.0,9.1,9.1,9.0,9.2,9.2,9.5,9.3,9.4,10.0,9.8,9.8,9.9,9.8
063072,8.3,8.4,8.4,8.5,8.4,8.6,8.6,9.0,8.8,9.0,9.3,9.5,9.5,9.4,9.8,9.6,9.7,9.8,10.0,10.2,10.1,10.4,10.5,10.3,10.6
063073,8.6,8.5,8.5,8.7,8.6,8.6,8.9,8.7,8.7,9.0,9.0,9.4,9.4,9.1,9.3,9.5,9.3,9.5,9.8,9.7,10.0,9.8,9.8,9.6,9.7
063074,9.3,9.1,9.6,9.3,9.6,9.7,9.9,9.8,9.8,10.2,10.2,10.6,10.5,10.5,10.8,10.7,11.0,11.1,11.3,11.3,11.7,11.2,11.8,11.6,11.8
063075,8.6,9.1,8.9,8.9,8.9,9.3,9.0,9.3,9.3,9.6,9.5,9.3,9.4,9.8,9.7,10.1,9.9,9.9,9.9,10.1,10.2,10.3,9.9,10.1,10.3
063076,7.9,8.2,8.3,8.2,8.2,8.3,8.2,8.3,8.2,8.6,8.6,8.7,8.7,8.5,8.7,8.6,8.7,8.8,8.8,9.1,9.3,8.9,9.1,8.9,8.9
063077,9.7,9.8,9.5,10.0,9.8,10.2,9.8,9.7,10.1,10.6,10.3,10.7,10.7,10.8,10.7,10.7,10.6,10.9,11.0,10.8,11.2,11.2,11.0,11.4,11.1
063078,8.6,8.5,8.6,8.5,8.7,9.0,9.0,9.2,9.0,9.5,9.4,9.5,9.9,9.9,9.9,9.9,10.0,10.4,10.1,10.6,10.8,10.7,10.7,10.8,11.3
063079,8.2,8.3,8.3,8.3,8.3,8.4,8.4,8.6,8.7,8.8,9.0,9.0,9.2,9.1,9.4,9.4,9.4,9.6,9.5,9.6,9.5,9.8,9.8,9.9,10.0
063080,8.8,8.8,8.9,8.9,8.9,9.1,9.0,9.3,9.3,9.4,9.3,9.5,9.4,9.7,9.7,9.9,9.5,9.7,9.9,9.5,9.8,10.0,10.1,9.8,10.0
063081,9.0,9.1,9.1,9.5,9.3,9.5,9.5,9.5,9.7,10.2,9.9,10.0,10.5,10.4,10.4,10.2,10.4,10.7,10.7,10.8,11.2,10.9,10.8,11.1,11.6
063082,7.9,7.6,7.6,7.8,8.1,8.3,8.1,7.9,8.3,8.8,8.6,8.7,8.8,9.2,9.2,9.2,9.2,9.3,9.4,9.5,9.8,9.4,9.8,9.7,10.3
063083,7.3,7.3,7.4,7.4,7.6,7.4,7.6,7.5,7.7,7.9,8.0,8.0,8.2,8.1,8.2,7.9,7.9,8.2,8.2,8.3,8.5,8.2,8.2,8.5,8.1
063084,10.4,10.4,10.5,10.1,10.3,10.5,10.5,10.9,10.6,11.2,11.3,11.4,11.5,11.6,11.8,11.8,12.1,11.6,11.8,12.4,12.6,12.2,12.4,12.6,12.2
063085,9.9,10.5,10.4,10.5,10.4,10.4,10.6,11.1,11.1,11.0,11.6,11.8,11.8,11.7,12.3,11.9,11.9,12.4,12.4,12.4,12.6,12.9,12.7,12.9,12.9
063086,9.7,9.7,9.4,9.7,9.9,10.2,9.9,10.0,10.0,10.6,10.1,10.4,10.6,10.6,10.7,10.5,10.5,11.0,10.6,11.1,11.5,10.6,11.3,11.1,11.4
063087,7.2,7.4,7.5,7.5,7.5,7.8,7.7,7.9,7.8,8.0,8.2,8.3,8.3,8.6,8.5,8.6,8.6,8.8,8.7,8.7,9.0,9.0,9.2,9.3,9.4
063088,8.4,8.6,8.6,8.6,8.8,8.9,8.9,9.0,8.9,9.3,9.2,9.3,9.6,9.5,9.7,9.4,9.8,9.9,9.7,10.1,10.0,9.9,10.4,10.0,9.9
063089,8.4,8.6,9.0,8.9,8.9,9.0,9.1,9.3,9.5,9.7,9.9,9.6,10.0,10.0,10.2,10.3,10.8,10.6,10.6,10.4,11.0,10.4,11.0,10.8,11.2
063090,8.2,8.5,8.7,8.7,8.4,8.8,8.8,9.0,9.1,9.6,9.6,9.7,9.9,10.2,10.0,10.1,10.3,10.3,10.5,10.8,11.0,10.8,11.1,11.0,10.9
063091,8.8,9.1,9.2,9.0,9.3,9.2,9.3,9.3,9.1,9.8,9.8,9.8,10.0,10.0,10.0,9.7,10.2,10.0,10.0,10.1,10.1,10.2,9.9,10.1,10.2
063092,9.0,9.1,9.2,9.0,9.2,9.2,9.3,9.3,9.5,9.8,9.8,9.4,9.7,9.9,9.7,9.9,10.1,10.4,10.1,10.4,10.6,10.5,10.6,10.8,10.6
064001,7.8,7.6,7.6,7.6,7.8,7.9,8.0,7.8,7.7,7.9,8.1,8.2,8.3,8.1,8.3,8.4,8.1,8.3,8.2,8.5,8.4,8.4,8.5,8.3,8.6
064002,8.6,8.5,8.6,8.9,9.0,8.8,8.9,9.0,8.8,9.5,9.5,9.2,9.3,9.3,9.5,9.6,9.6,9.8,9.9,9.8,9.9,9.9,10.2,10.1,10.1
064003,9.7,9.8,9.8,9.8,9.8,10.0,9.9,10.0,10.1,10.7,10.6,10.4,10.7,10.5,10.5,10.5,10.8,10.8,10.7,10.8,11.4,10.8,10.8,10.5,10.6
064004,9.6,9.9,10.0,10.3,10.2,10.5,10.5,10.4,10.4,11.3,11.4,11.5,11.4,11.8,11.7,12.1,11.7,12.3,12.2,12.4,12.5,12.4,12.7,13.3,13.2
064005,9.9,9.8,9.6,9.7,9.7,10.1,9.9,10.0,10.0,10.0,10.0,10.2,10.3,10.0,10.1,10.1,9.7,10.0,10.2,10.2,10.1,10.0,9.9,10.0,9.7
064006,7.7,7.6,7.7,8.0,7.9,7.9,7.7,8.0,8.2,8.4,8.4,8.4,8.5,8.6,8.7,8.5,8.7,8.9,8.7,8.8,9.0,8.7,9.0,9.0,8.9
064007,8.8,8.7,8.9,8.9,9.1,9.0,9.4,9.0,9.5,9.8,9.5,9.8,9.8,10.0,10.1,10.3,10.0,9.9,10.1,9.9,10.6,10.1,10.4,10.4,10.4
064008,8.6,8.6,8.7,8.6,8.4,8.7,8.8,9.0,9.0,9.2,9.3,9.4,9.2,9.3,9.3,9.6,9.4,9.7,9.8,9.8,10.0,9.9,9.8,10.0,10.0
064009,8.5,8.7,8.9,9.0,9.1,9.1,9.2,9.1,9.4,9.6,9.7,10.1,10.0,9.9,10.0,10.0,10.2,10.4,10.2,10.3,10.7,10.4,10.9,10.7,10.9
064010,7.6,7.8,7.6,7.6,7.7,8.0,7.6,7.8,7.5,8.0,8.2,8.3,8.2,7.9,8.3,8.2,8.1,8.1,8.2,8.2,8.5,8.2,8.4,8.5,8.4
064011,8.5,8.2,8.3,8.2,8.5,8.4,8.3,8.3,8.4,8.6,8.5,8.9,8.8,8.8,8.7,8.5,8.7,8.8,8.7,8.9,8.8,8.8,8.3,8.7,8.7
064012,7.7,7.7,7.8,7.7,7.7,7.7,7.8,7.8,8.0,7.9,7.9,8.2,8.2,8.3,8.1,8.1,8.2,8.3,8.4,8.3,8.5,8.2,8.3,8.3,8.2
064013,9.1,9.2,9.4,9.6,9.3,9.6,9.4,9.7,9.9,10.2,10.5,10.6,10.7,11.3,10.9,10.7,11.0,10.9,11.0,11.7,11.7,11.9,11.3,11.8,12.3
064014,10.1,10.4,10.3,10.4,10.5,10.3,10.5,10.7,11.0,11.5,11.3,11.4,11.4,11.5,11.6,12.1,12.1,12.2,12.2,12.1,12.2,12.3,12.5,13.1,12.7
064015,9.2,9.2,9.4,9.1,9.4,9.3,9.3,9.3,9.4,9.6,9.9,9.8,9.9,10.0,9.9,10.0,10.2,10.2,10.4,10.1,10.5,10.1,10.2,10.3,10.2
064016,7.9,8.1,8.1,8.1,8.0,8.4,8.2,8.3,8.4,8.9,8.6,8.7,8.9,9.0,9.3,9.2,9.4,9.3,9.4,9.6,10.1,9.9,9.8,9.6,9.9
064017,10.0,10.1,10.1,10.2,10.1,10.5,10.3,10.2,10.3,11.0,11.2,11.3,11.0,11.2,11.1,11.5,11.5,11.2,11.5,11.7,12.0,11.9,11.7,11.4,11.5
064018,7.0,6.9,7.0,7.1,7.2,7.1,7.3,7.3,7.3,7.5,7.6,7.7,7.7,7.9,7.7,7.8,7.8,8.1,8.1,8.4,8.3,8.1,8.2,8.4,8.6
064019,8.3,8.3,8.6,8.3,8.2,8.4,8.6,8.6,8.6,9.1,8.8,8.9,8.9,9.0,9.0,8.9,9.2,8.9,9.0,8.9,9.4,9.2,9.1,9.0,9.2
064020,8.7,8.8,8.6,8.6,8.9,8.8,8.9,8.8,9.2,9.3,8.9,9.2,9.4,9.4,9.3,9.4,9.7,9.3,9.5,9.2,9.5,9.5,9.5,9.4,9.6
064021,6.6,6.4,6.4,6.7,6.6,6.6,6.6,6.6,6.6,6.9,7.1,6.9,7.1,7.2,7.2,7.1,7.5,7.3,7.3,7.2,7.6,7.4,7.6,7.5,7.5
064022,9.6,9.9,9.7,10.0,9.9,10.1,10.1,10.2,10.4,10.6,10.6,11.2,11.0,11.2,11.5,11.4,11.7,11.7,12.5,12.3,13.0,12.6,12.7,12.9,13.0
064023,8.1,7.8,7.9,7.9,8.0,8.1,8.0,8.3,8.3,8.3,8.3,8.4,8.5,8.3,8.5,8.7,8.6,8.4,8.8,8.7,8.8,8.8,8.7,8.7,8.7
064024,9.1,9.1,9.0,9.3,9.1,9.4,9.0,9.0,9.5,9.9,9.8,10.1,9.9,9.9,9.9,10.1,10.1,10.1,10.1,10.1,10.6,10.4,10.4,10.4,10.4
064025,7.9,7.8,7.9,7.9,7.9,8.1,8.0,8.1,8.3,8.5,8.4,8.4,8.6,8.3,8.5,8.6,8.4,8.4,9.0,8.7,9.1,9.1,8.8,8.8,9.0
064026,7.5,7.8,7.9,7.6,7.9,7.8,8.2,7.8,8.1,8.4,8.2,8.2,8.3,8.5,8.3,8.7,8.4,8.6,8.8,8.9,9.1,8.9,8.7,8.9,8.9
064027,6.8,6.9,6.9,7.2,7.0,7.1,6.9,7.1,7.0,7.3,7.3,7.3,7.2,7.1,7.2,7.2,7.3,7.1,7.5,7.6,7.7,7.4,7.4,7.3,7.3
064028,9.1,8.9,9.2,9.3,9.3,9.3,9.2,9.1,9.4,9.7,9.6,9.8,9.7,9.9,10.0,9.6,9.9,10.1,10.0,9.8,10.3,10.1,10.2,10.5,10.4
064029,8.8,9.0,8.9,9.3,9.1,9.5,9.5,9.5,9.5,9.9,9.7,9.7,9.8,9.9,10.1,10.2,10.0,10.2,10.2,10.1,10.9,10.6,10.3,10.6,10.5
064030,9.6,9.4,9.4,9.5,9.4,9.9,9.8,9.6,9.6,10.0,10.6,10.6,10.2,10.4,10.4,10.6,10.5,10.3,10.7,10.5,11.1,10.8,10.8,11.1,10.6
064031,9.5,9.8,9.6,9.9,9.6,10.0,10.0,9.8,10.1,10.5,10.5,10.5,10.7,10.9,10.7,10.7,10.3,11.1,11.1,11.0,11.4,11.1,11.6,11.3,11.7
064032,9.2,9.2,9.1,9.2,9.4,9.7,9.5,10.1,10.0,10.1,10.4,10.3,10.4,10.5,10.6,11.0,10.9,10.9,11.0,11.7,11.3,11.5,11.7,11.8,12.0
064033,8.8,8.7,8.9,9.1,8.8,8.9,8.8,9.1,8.9,9.3,9.4,9.4,9.5,9.6,9.3,9.7,9.6,9.7,9.7,9.6,10.2,9.7,10.2,9.8,9.9
064034,9.3,9.3,9.5,9.4,9.4,9.4,9.6,9.7,9.6,10.2,10.2,10.2,10.3,10.2,10.4,10.3,10.7,11.0,10.7,10.8,10.8,11.1,10.8,11.4,11.0
064035,9.3,9.5,9.3,9.4,9.5,9.5,9.6,9.6,9.8,10.0,10.4,10.2,10.5,10.5,10.6,10.5,10.2,11.0,10.7,11.0,11.3,11.3,11.4,11.1,11.4
064036,9.3,9.4,9.7,9.7,9.5,9.8,9.8,9.9,10.1,10.2,10.7,10.6,10.7,10.6,11.1,11.1,11.0,11.3,11.5,12.0,12.2,12.1,12.2,12.0,11.8
064037,7.3,7.1,7.0,7.2,7.3,7.3,7.2,7.2,7.3,7.6,7.5,7.6,7.5,7.8,7.5,7.7,7.6,7.4,7.5,7.6,7.8,7.7,7.8,7.6,7.6
064038,8.8,8.5,8.9,9.1,9.0,9.2,9.2,9.4,9.1,9.5,9.9,9.5,10.3,9.8,10.1,10.0,10.1,10.3,10.3,10.6,10.3,10.4,10.4,10.6,10.6
064039,8.1,8.0,8.3,8.2,8.0,8.3,8.3,8.2,8.3,8.6,8.6,8.7,8.8,8.6,8.9,9.0,9.1,8.8,9.2,8.9,9.2,9.0,9.1,9.3,9.5
064040,8.5,8.6,8.8,8.9,8.7,9.1,9.4,9.3,9.4,9.6,10.1,10.3,10.3,10.5,10.8,10.4,10.5,11.0,11.2,11.3,11.5,11.5,11.8,12.0,11.6
064041,9.6,9.5,9.7,9.8,9.6,9.8,9.7,10.0,10.1,10.5,10.5,10.5,10.8,10.7,10.8,10.8,10.7,10.8,11.1,11.2,11.6,11.5,11.4,11.6,11.7
064042,8.7,8.6,8.7,8.9,8.9,8.6,9.0,8.9,9.0,9.4,9.6,9.6,9.7,9.9,9.9,10.1,10.2,10.0,10.0,10.4,10.7,10.3,10.6,10.7,10.9
064043,8.4,8.5,8.6,8.5,8.4,8.6,8.7,8.6,8.6,9.0,8.8,9.0,9.1,9.2,9.2,9.4,9.4,9.2,9.1,9.2,9.6,9.4,9.5,9.4,9.3
064044,9.2,9.4,9.5,9.3,9.5,9.5,9.8,9.7,9.8,10.1,10.1,10.3,10.5,10.2,10.4,10.3,10.6,10.8,11.0,10.8,10.8,10.8,11.1,11.3,11.3
064045,9.2,9.0,9.0,9.2,9.1,9.3,9.3,9.4,9.4,10.0,10.0,9.9,9.8,10.2,10.1,10.3,10.8,10.6,10.3,10.4,11.1,10.7,10.8,11.2,10.9
064046,9.6,9.1,9.5,9.5,9.5,9.4,9.9,9.6,9.8,10.5,10.3,10.6,10.3,10.4,10.7,10.8,10.9,10.9,11.0,11.2,11.1,11.5,11.5,11.1,11.4
064047,8.3,8.4,8.6,8.6,8.7,8.8,8.9,9.2,9.2,9.3,9.8,9.8,9.7,10.2,9.8,10.2,10.4,10.2,10.6,10.7,10.8,10.8,11.1,11.1,10.9
064048,9.3,9.5,9.1,9.5,9.5,9.5,9.5,9.7,9.7,9.9,10.3,10.0,10.4,10.0,10.0,10.2,10.3,10.4,10.5,10.6,10.7,10.3,10.6,10.9,10.8
064049,8.6,8.6,8.8,8.6,8.8,8.8,8.9,8.8,8.8,8.9,9.1,9.1,9.3,9.3,9.1,9.3,9.0,9.6,9.5,9.4,9.7,9.6,9.7,9.6,10.0
064050,8.3,8.4,8.5,8.5,8.4,8.5,8.5,8.4,8.8,8.6,8.4,8.7,9.1,8.7,8.9,9.2,8.9,9.1,9.1,8.9,9.4,9.0,9.3,9.4,9.0
064051,8.3,8.3,8.3,8.2,8.4,8.3,8.3,8.5,8.4,8.9,8.8,8.6,8.6,8.7,8.8,9.1,8.7,8.9,9.1,9.2,9.2,9.0,8.9,9.2,9.4
064052,8.9,8.7,9.3,9.2,9.5,9.5,9.4,9.5,9.7,9.8,10.2,10.0,10.0,10.3,10.5,10.9,10.9,10.4,10.7,10.8,11.3,10.9,11.4,11.4,11.6
064053,9.2,9.0,8.5,8.8,9.0,8.9,8.6,8.7,8.8,9.0,9.1,8.9,8.9,8.5,8.7,8.6,8.6,8.6,8.3,8.4,8.5,8.6,8.2,8.1,8.5
064054,9.8,10.2,10.0,10.2,10.3,10.7,10.6,10.7,11.1,11.2,11.4,11.3,11.7,11.6,11.8,11.9,12.1,12.2,12.1,12.4,12.5,12.4,13.1,13.2,12.7
064055,7.9,8.3,8.3,8.3,8.6,8.6,8.3,8.3,8.5,8.6,8.8,9.0,8.9,8.8,8.8,9.2,9.2,9.4,9.4,9.6,9.5,9.5,9.2,9.5,9.3
064056,9.0,9.0,9.0,9.0,8.8,8.8,9.0,9.0,9.1,9.4,9.2,9.4,9.6,9.5,9.3,9.4,9.4,9.2,9.5,9.3,9.7,9.2,9.3,9.5,9.7
064057,7.3,7.3,7.4,7.1,7.4,7.2,7.3,7.5,7.6,7.4,7.5,7.7,7.7,7.5,7.9,7.6,7.5,7.8,7.7,7.8,8.1,7.8,8.0,7.7,7.9
064058,7.4,7.7,7.8,7.7,7.6,7.7,8.0,7.9,7.9,8.2,8.1,8.5,8.2,8.3,8.5,8.3,8.5,8.6,8.5,8.8,8.8,8.7,8.6,9.0,8.8
064059,8.5,8.0,8.7,8.6,8.6,8.7,8.9,9.0,8.9,9.6,9.1,9.2,9.6,9.6,9.8,9.6,9.9,9.9,10.1,10.2,10.4,10.4,10.4,10.4,10.4
064060,7.3,7.5,7.8,7.6,7.6,8.0,7.8,8.1,8.0,8.3,8.6,8.6,8.8,8.7,8.7,9.1,9.1,8.9,9.1,9.7,9.6,9.7,9.7,9.8,9.9
064063,10.3,10.5,10.5,10.7,10.7,10.8,10.8,11.2,11.0,11.6,11.5,11.5,11.8,11.7,12.4,12.4,12.5,12.0,12.5,13.1,13.1,12.9,13.1,12.9,13.4
064064,7.6,7.4,7.4,7.5,7.8,7.7,7.6,7.9,7.7,7.8,8.3,8.3,8.0,8.4,8.1,8.2,8.3,8.3,8.3,8.5,8.9,8.4,8.5,8.6,8.7
064065,8.6,8.3,8.8,8.6,8.6,8.7,8.5,8.4,8.5,9.0,8.6,8.8,8.7,8.6,8.7,8.8,8.7,8.9,8.8,9.0,8.7,8.8,8.6,8.6,8.5
064066,9.5,9.6,9.9,9.7,9.8,9.6,9.9,9.9,10.0,10.1,10.3,10.2,10.3,10.5,10.2,10.2,10.5,10.4,10.7,10.5,11.1,10.6,10.6,10.5,10.3
064067,7.6,7.7,7.9,7.8,7.9,7.8,8.0,7.9,8.1,8.3,8.2,8.3,8.5,8.6,8.5,8.7,8.9,9.2,8.6,9.0,9.1,8.9,9.1,9.0,9.1
064068,8.9,8.8,9.0,9.0,9.3,9.1,9.2,9.5,9.2,9.4,9.5,9.7,9.6,9.8,9.8,9.7,9.9,9.8,9.8,9.9,10.3,10.1,9.9,10.1,10.0
064069,9.0,8.7,9.2,9.1,9.1,9.1,9.5,9.2,9.3,9.6,9.8,9.6,9.9,10.0,10.5,9.7,10.0,10.5,10.3,10.5,10.6,10.9,10.5,10.4,10.6
064070,10.2,9.9,10.0,10.3,10.1,10.2,10.1,10.9,10.5,10.8,11.3,11.2,11.4,11.1,11.3,11.5,11.8,11.7,11.7,12.0,11.7,11.6,12.0,12.1,12.3
064071,9.5,9.7,9.5,9.7,9.9,9.9,9.9,9.9,10.0,10.5,10.1,10.5,10.7,10.5,10.8,10.9,11.0,10.7,11.1,11.2,11.5,11.2,11.6,11.5,11.8
064072,8.7,8.7,8.7,8.7,8.7,8.9,9.0,9.3,8.9,9.5,9.4,9.7,10.0,9.8,9.5,9.9,9.7,9.9,9.8,10.1,10.3,10.3,10.0,9.9,10.2
064073,8.9,9.3,9.0,9.3,9.3,9.4,9.5,9.8,9.5,10.4,10.2,10.3,10.6,10.7,10.8,10.9,10.7,11.4,11.3,11.3,11.7,11.6,12.0,12.1,12.0
064074,8.4,8.2,8.4,8.6,8.4,8.6,9.0,8.7,8.9,9.2,9.3,9.4,9.2,9.5,9.7,9.5,9.8,10.1,10.0,10.0,10.7,10.4,10.5,10.3,10.5
064075,8.7,8.4,8.4,8.5,8.5,8.8,8.6,8.6,8.7,8.9,8.9,9.3,9.5,9.3,9.2,9.5,9.5,9.3,9.0,9.3,9.6,9.3,9.6,9.3,9.4
064076,9.5,9.8,9.8,9.7,10.1,9.9,9.8,9.6,9.8,10.3,10.4,10.4,10.4,10.5,10.8,10.4,10.4,10.4,10.5,10.6,10.8,10.4,10.9,10.4,10.7
064077,8.9,9.0,9.3,9.2,9.4,9.5,9.5,9.5,9.8,10.1,10.3,10.5,10.4,10.8,10.8,10.7,11.0,11.2,10.9,11.0,11.7,11.6,11.3,11.6,11.9
064078,10.8,10.6,11.0,11.0,10.8,11.1,11.0,11.2,11.3,11.9,11.9,12.0,12.4,11.7,12.3,12.2,12.1,12.6,12.4,12.4,12.8,12.7,12.8,12.3,13.0
064079,7.9,8.2,8.1,8.1,8.1,8.1,8.0,8.3,8.2,8.3,8.5,8.4,8.6,8.5,8.5,8.8,8.7,8.5,8.7,8.7,8.7,8.8,8.8,8.9,8.7
064080,7.5,7.8,8.0,8.1,8.0,8.1,8.0,8.1,8.3,8.4,8.7,8.7,8.7,8.7,8.8,9.1,9.0,9.1,9.1,9.1,9.2,9.2,9.5,9.3,9.7
064081,9.3,9.3,9.2,9.4,9.3,9.4,9.5,9.5,9.6,10.0,10.0,9.9,9.8,9.7,9.8,9.9,10.0,10.1,10.3,10.1,10.2,10.2,10.4,10.5,10.2
064082,8.4,8.4,8.2,8.5,8.2,8.4,8.4,8.6,8.5,8.7,8.9,8.9,9.0,8.8,8.9,9.2,9.0,9.2,9.2,9.0,9.3,9.1,9.2,9.5,9.2
064083,8.1,8.0,8.1,8.3,8.4,8.4,8.5,8.5,8.8,9.1,8.9,9.0,9.0,9.2,9.1,9.0,9.5,9.6,9.3,9.5,10.0,9.5,9.8,10.0,9.6
064084,8.3,8.0,8.4,8.4,8.1,8.4,8.6,8.5,8.4,8.9,8.7,8.7,9.0,9.2,9.0,8.9,9.3,9.2,9.4,9.5,9.2,9.6,9.3,9.2,9.2
064085,7.6,7.5,7.6,7.7,7.9,8.2,8.1,8.2,8.3,8.2,8.3,8.7,8.5,8.7,9.0,8.7,9.1,9.1,9.4,9.2,9.6,9.4,9.3,9.6,9.6
064086,9.4,9.4,9.7,9.5,9.5,9.8,9.5,9.7,9.7,10.2,10.3,10.5,10.6,10.3,10.5,10.3,10.5,10.4,10.6,10.8,11.2,10.7,10.9,10.9,11.3
064087,9.6,9.7,9.8,10.0,10.1,9.8,10.1,9.8,9.6,10.7,10.2,10.6,10.5,10.4,10.7,10.5,11.0,10.6,10.6,11.0,11.0,11.3,10.8,11.0,11.0
064088,7.1,7.2,7.2,7.2,7.1,7.4,7.3,7.4,7.5,7.9,8.0,8.1,8.1,8.1,8.1,8.2,8.3,8.2,8.4,8.4,8.7,8.6,8.7,8.8,9.1
064089,9.4,9.5,9.3,9.5,9.4,9.5,9.5,9.6,9.6,10.2,10.0,10.5,10.2,10.2,10.2,10.4,10.3,10.6,10.3,10.4,10.9,10.4,10.6,10.5,10.2
064090,7.4,7.5,7.5,7.6,7.7,7.6,7.7,7.7,7.6,7.8,7.9,8.0,8.1,8.2,8.2,8.1,8.4,8.3,8.3,8.5,8.8,8.6,8.5,8.5,8.6
064091,8.3,8.1,8.2,8.3,8.4,8.0,8.4,8.3,8.2,8.8,8.5,8.6,8.6,8.6,8.5,8.5,8.7,8.7,8.6,8.6,8.9,8.7,8.5,8.8,8.5
064092,9.2,9.0,9.1,9.2,9.5,9.0,9.1,9.3,9.6,9.7,9.9,9.9,10.0,9.9,10.1,9.8,10.2,10.2,10.3,10.5,10.6,10.6,10.5,10.7,10.5
064093,6.7,6.9,6.8,6.8,6.9,6.9,7.1,6.9,6.9,7.2,7.4,7.1,7.4,7.4,7.2,7.1,7.5,7.2,7.6,7.6,7.5,7.7,7.5,7.6,7.6
064095,9.1,9.2,9.2,9.4,9.1,9.3,9.2,9.1,9.4,9.5,9.8,9.6,9.7,9.7,9.9,10.0,9.7,10.0,10.1,9.9,10.2,10.1,9.7,10.1,10.2
064096,9.0,9.2,9.1,9.0,9.3,9.4,9.6,9.5,9.5,9.7,10.1,9.9,10.2,10.2,10.0,10.3,10.3,10.4,10.3,10.6,11.0,10.7,10.7,10.6,10.9
064097,8.7,8.5,8.7,8.8,8.7,9.0,8.6,9.0,8.9,9.1,9.3,9.4,9.3,9.5,9.4,9.2,9.6,9.5,9.6,9.7,9.8,9.6,9.8,9.7,9.6
064098,8.8,8.9,8.9,8.9,9.0,9.2,9.3,9.3,9.5,9.9,10.0,10.2,9.9,10.6,10.1,10.3,10.5,10.4,10.9,10.6,11.0,10.9,11.2,11.2,11.0
064099,8.4,8.2,8.4,8.3,8.5,8.5,8.6,8.6,8.7,8.9,8.6,9.0,8.9,9.1,9.0,9.0,8.9,8.9,9.0,9.0,9.2,9.1,9.2,9.2,9.2
064100,8.2,8.4,8.5,8.5,8.4,8.6,8.6,8.6,8.7,8.9,8.8,9.0,9.3,9.3,9.2,9.4,9.4,9.7,9.7,9.5,9.9,10.0,9.8,9.4,9.7
064101,10.5,10.8,10.6,10.8,11.2,11.1,11.2,11.5,11.1,11.5,11.8,12.2,12.4,12.1,12.4,12.8,12.9,12.8,12.9,13.4,13.8,14.0,13.8,14.0,13.3
064102,9.3,9.0,9.0,9.3,9.1,9.2,9.2,9.1,9.2,9.2,9.4,9.6,9.3,9.4,9.3,9.6,9.4,9.3,9.6,9.3,9.3,9.3,9.3,9.3,9.3
064103,8.4,8.5,8.2,8.5,8.7,8.7,8.9,8.7,8.8,9.3,9.0,9.2,9.2,9.1,9.3,9.4,9.6,9.5,9.4,9.4,9.8,9.5,9.6,9.5,9.7
064104,7.6,7.7,8.0,8.0,7.9,8.0,8.1,8.2,8.3,8.5,8.6,8.6,8.6,8.9,8.7,8.9,8.9,9.1,8.9,9.0,9.5,9.4,9.2,9.5,9.6
064105,7.2,7.1,7.0,7.2,7.2,7.2,7.4,7.2,7.1,7.5,7.4,7.4,7.4,7.4,7.4,7.4,7.3,7.5,7.5,7.4,7.6,7.3,7.4,7.5,7.4
064106,8.7,8.8,9.0,9.1,9.1,9.1,9.3,9.5,9.5,9.9,10.0,10.3,10.4,10.4,10.2,10.6,10.9,10.5,10.9,10.7,11.2,11.3,11.2,11.5,11.3
064107,8.0,8.1,8.1,8.2,8.1,8.2,8.4,8.2,8.5,8.8,8.7,8.9,8.9,8.9,9.0,8.8,8.9,9.2,9.0,9.2,9.2,9.4,9.3,9.3,9.1
064108,9.5,9.6,9.8,9.7,9.7,9.7,9.7,10.2,9.8,10.4,10.3,10.1,10.5,10.5,10.2,10.4,10.7,10.6,10.5,10.6,11.3,11.1,11.0,10.8,11.1
064109,7.6,7.7,8.0,7.8,7.7,7.7,7.9,7.8,7.9,8.2,8.0,8.3,8.4,8.3,8.3,8.4,8.4,8.2,8.3,8.2,8.5,8.5,8.5,8.3,8.7
064110,8.9,9.0,9.1,9.2,9.2,9.0,9.2,9.4,9.5,9.7,9.9,9.8,10.1,9.9,10.1,10.1,10.2,10.1,10.3,10.4,10.8,10.3,10.6,10.6,11.0
064111,6.9,6.8,7.0,7.1,7.0,7.2,7.1,7.1,7.4,7.3,7.6,7.7,7.6,7.6,7.8,7.8,8.0,7.9,7.9,8.1,8.1,8.1,8.3,8.2,8.2
064112,9.0,9.3,9.1,8.9,8.8,9.0,9.3,8.9,9.1,9.3,9.6,9.6,9.4,9.7,9.6,9.3,9.4,9.3,9.4,9.5,9.5,9.6,9.5,9.5,9.4
064113,9.3,9.4,9.6,9.2,9.7,9.5,10.0,9.6,9.7,10.0,10.0,10.2,10.2,10.4,10.3,10.4,10.3,10.5,10.3,10.7,10.8,10.6,10.8,11.1,10.7
064114,8.8,9.0,8.8,8.8,9.0,9.0,9.3,9.4,9.3,9.7,9.6,9.8,9.9,10.2,10.0,10.0,10.4,10.7,10.2,10.5,11.0,11.1,11.1,11.0,10.8
064115,8.2,8.5,8.2,8.3,8.3,8.5,8.2,8.4,8.4,8.9,9.0,9.0,8.9,9.0,9.0,9.0,9.3,8.9,9.3,9.2,9.7,9.4,9.4,9.5,9.5
064116,6.9,7.0,7.1,7.2,7.0,7.1,7.0,7.1,7.0,7.4,7.4,7.6,7.4,7.5,7.7,7.5,7.8,7.7,7.7,7.8,7.8,7.5,7.8,7.6,7.7
064117,7.2,7.2,7.3,7.2,7.3,7.2,7.2,7.2,7.3,7.5,7.4,7.6,7.6,7.5,7.6,7.5,7.5,7.7,7.4,7.5,7.6,7.6,7.6,7.5,7.6
064118,10.7,10.8,10.8,11.0,10.4,11.2,10.9,11.3,11.3,12.1,11.8,12.2,12.0,12.1,12.1,12.1,12.4,12.8,12.5,13.1,13.0,13.0,13.4,13.3,12.9
064119,8.6,8.8,8.8,8.9,9.0,8.9,9.0,9.1,8.8,9.8,9.4,9.5,9.7,9.7,10.0,9.8,9.9,10.0,10.0,10.1,10.4,10.4,10.5,10.4,10.5
064120,8.4,8.6,8.6,8.6,8.9,8.4,8.7,8.7,8.8,9.0,9.1,9.0,9.4,9.3,9.3,9.2,9.2,9.3,9.3,9.4,9.5,9.6,9.6,9.5,9.6
064121,8.5,8.6,8.7,8.9,8.6,8.8,8.8,9.0,8.6,9.2,9.4,9.4,9.1,9.3,9.3,9.2,9.1,9.2,9.3,9.3,9.3,9.4,9.2,9.3,9.3
065001,8.5,8.2,8.7,8.4,8.7,8.5,8.4,8.5,8.5,8.9,8.9,9.0,9.1,9.0,8.9,9.1,9.0,9.1,9.2,9.0,9.4,9.5,9.5,9.2,9.4
065002,7.4,7.8,7.7,7.7,7.8,7.6,7.8,7.9,7.9,8.3,8.3,8.3,8.3,8.4,8.7,8.7,8.8,8.5,8.8,9.0,8.9,9.1,8.9,8.8,9.0
065003,8.3,8.0,8.0,8.0,8.3,8.1,8.1,8.2,8.1,8.5,8.2,8.4,8.5,8.4,8.5,8.4,8.6,8.4,8.4,8.4,8.6,8.4,8.5,8.5,8.4
065004,9.2,9.3,9.6,9.5,9.5,9.7,9.8,9.8,10.0,9.9,10.3,10.1,10.5,10.3,10.7,10.4,10.6,10.4,10.6,11.1,10.8,10.5,10.8,11.0,11.0
065005,7.1,7.2,7.2,7.3,7.1,7.4,7.3,7.3,7.5,7.9,8.0,7.6,8.0,7.7,8.0,8.0,7.9,7.9,7.8,8.1,8.4,8.3,8.0,8.3,8.3
065006,7.2,7.2,7.4,7.1,7.3,7.0,7.2,7.4,7.3,7.6,7.3,7.3,7.4,7.6,7.5,7.5,7.6,7.7,7.4,7.7,7.9,7.5,7.9,7.7,7.6
065007,7.8,8.0,7.8,7.9,7.9,8.1,7.9,7.9,8.0,8.0,8.2,8.2,8.6,8.4,8.5,8.7,8.4,8.6,8.5,8.5,8.9,8.9,8.5,8.7,8.9
065008,9.9,10.2,10.3,10.7,10.6,10.6,10.9,11.1,10.5,11.4,11.4,11.9,11.8,12.2,12.1,12.3,12.1,12.6,12.7,12.6,13.1,12.9,12.8,13.4,13.4
065009,8.0,8.2,8.1,8.2,8.3,8.3,8.5,8.4,8.9,9.1,9.0,9.3,9.3,9.2,9.4,9.6,9.6,9.6,9.6,9.8,10.1,9.8,9.8,10.0,10.3
065010,7.8,8.2,8.2,7.9,8.1,8.2,8.3,8.4,8.5,8.8,8.9,9.1,9.0,8.8,8.9,9.1,9.2,9.1,9.5,9.7,10.0,10.1,9.6,10.3,10.1
065011,9.8,9.8,9.9,9.7,10.0,10.0,9.9,10.1,9.9,10.4,10.4,10.3,10.6,10.3,10.2,10.2,10.4,10.4,10.2,10.7,10.6,10.3,10.4,10.4,10.4
065012,7.5,7.6,8.0,7.9,8.1,7.9,8.0,8.1,8.2,8.5,8.6,8.8,8.7,9.0,9.1,9.0,9.2,9.4,9.5,9.4,9.6,9.6,10.0,9.7,10.0
065013,8.5,8.6,8.6,8.8,8.8,9.0,9.0,9.3,9.3,9.7,10.0,10.0,10.5,10.2,10.0,10.2,10.4,10.5,10.6,10.8,11.3,10.7,11.0,11.0,11.5
065014,8.3,8.6,8.4,8.4,8.5,8.6,8.5,8.6,8.8,9.1,9.2,9.7,9.6,9.9,9.9,9.9,10.1,9.7,10.4,10.3,10.5,10.7,10.5,10.7,11.0
065015,9.1,8.9,9.4,9.2,9.3,9.0,9.3,9.2,9.3,9.6,9.7,9.7,9.6,10.0,9.9,9.6,9.9,9.9,10.0,9.8,9.9,10.0,9.8,9.8,9.8
065016,8.5,8.8,8.4,8.8,9.0,8.8,8.9,9.0,9.1,9.5,9.3,9.5,9.5,9.8,9.6,10.0,9.7,10.1,9.9,9.9,10.4,10.1,10.2,10.0,10.5
065017,8.3,8.4,8.5,8.3,8.6,8.7,8.7,8.8,8.8,9.1,9.3,9.6,9.3,9.6,9.6,9.3,9.6,9.8,9.9,10.1,10.4,10.1,9.9,10.4,10.4
065018,7.9,7.9,7.8,7.8,8.1,8.2,8.3,8.6,8.2,8.5,8.8,8.9,8.9,9.1,8.8,9.5,9.2,9.4,9.1,9.3,10.0,9.6,9.6,9.8,9.5
065019,7.5,7.7,7.6,7.7,7.9,7.6,7.6,7.5,7.8,8.0,8.1,8.3,8.1,8.3,8.5,8.3,8.1,8.4,8.4,8.3,8.6,8.4,8.5,8.4,8.4
065020,8.5,8.8,8.6,8.9,8.8,9.0,8.6,9.2,9.3,9.4,9.5,9.5,9.9,9.6,9.8,9.8,9.8,10.2,10.0,10.3,10.2,10.1,10.6,10.3,10.3
065021,7.6,7.7,7.7,7.6,7.9,8.3,7.8,8.1,8.0,8.0,8.4,8.5,8.5,8.5,8.4,8.9,8.7,8.8,8.7,8.6,9.0,8.9,8.9,8.7,9.1
065022,10.4,10.2,10.6,10.7,10.3,11.0,11.0,10.9,11.3,11.8,11.7,12.3,12.2,12.4,12.2,12.6,12.7,13.2,13.1,13.4,13.6,13.7,13.3,13.6,14.4
065023,7.6,7.6,7.8,7.8,7.6,7.7,7.9,7.9,7.9,8.2,8.2,8.5,8.5,8.2,8.2,8.3,8.3,8.6,8.5,8.7,8.6,8.3,8.7,8.6,8.9
065024,9.8,9.8,10.2,9.8,10.1,10.3,10.3,10.3,10.1,10.6,11.3,11.1,11.0,11.3,11.4,11.6,12.0,12.2,11.9,12.4,12.5,12.6,12.6,12.7,12.7
065025,9.0,9.1,9.1,9.4,9.4,9.1,9.7,9.4,9.8,9.9,10.1,10.2,10.4,10.4,10.4,10.6,10.6,10.7,11.0,11.0,11.1,11.0,10.9,11.6,11.3
065026,8.0,8.1,8.2,8.5,8.3,8.5,8.4,8.4,8.6,9.0,9.0,9.5,9.3,9.5,9.7,10.0,9.7,10.0,10.1,10.1,10.4,10.2,10.6,10.5,10.8
065027,9.9,9.9,9.8,10.2,10.0,10.1,10.3,10.3,10.3,10.5,11.1,11.3,11.4,11.4,11.5,11.6,11.8,11.8,12.1,12.1,12.4,12.3,12.6,13.1,13.1
065028,7.9,8.0,8.1,7.7,7.9,7.8,8.1,8.0,7.9,8.3,8.1,8.2,8.1,8.3,8.3,8.3,8.2,8.4,8.5,8.3,8.8,8.5,8.7,8.4,8.7
065029,8.7,9.0,9.0,9.0,9.2,9.7,9.6,9.6,9.9,10.6,10.3,10.4,10.8,10.8,11.1,11.3,10.9,11.6,11.4,11.6,12.2,11.8,12.3,12.4,12.7
065030,8.2,8.4,8.5,8.3,8.7,8.5,8.6,8.9,8.7,9.2,9.3,9.6,9.7,9.6,9.9,9.9,9.9,10.0,9.8,10.1,10.3,10.2,10.3,10.8,10.6
065031,8.7,8.4,8.6,8.5,8.5,8.8,8.4,8.8,8.5,9.3,9.0,9.1,9.2,9.2,9.1,9.1,8.9,9.5,9.2,9.1,9.5,9.3,9.2,9.5,9.7
065032,8.6,8.8,8.9,9.0,9.2,9.1,9.1,9.1,9.3,9.7,9.5,9.8,10.1,9.8,10.3,10.0,10.3,10.1,10.1,10.4,10.9,10.5,10.6,10.4,10.8
065033,7.9,7.5,8.1,8.0,8.1,8.1,8.4,8.3,8.2,8.5,9.2,8.9,8.7,9.0,9.0,9.2,9.5,9.4,9.7,9.6,9.8,9.3,9.8,9.9,9.8
065034,8.8,9.0,9.1,9.1,9.0,9.1,9.4,9.4,9.5,9.8,10.1,9.9,10.4,10.2,10.2,10.5,10.4,10.1,10.7,10.3,11.1,11.1,10.8,11.3,10.9
065035,7.5,7.5,7.5,7.5,7.3,7.6,7.7,7.7,7.8,8.0,7.8,8.2,7.9,8.2,8.2,8.1,8.4,8.4,8.5,8.4,8.7,8.5,8.6,8.4,8.5
065036,8.4,8.3,8.7,8.5,8.8,8.8,9.0,8.9,9.1,9.3,9.1,9.4,9.7,9.7,9.8,9.8,9.8,9.7,10.0,9.8,10.2,10.2,10.3,10.1,10.3
065037,7.6,7.5,7.7,7.7,7.8,8.0,8.1,7.8,8.0,8.3,8.6,8.4,8.5,8.4,8.5,8.5,8.7,8.8,8.6,8.9,9.4,8.7,8.9,9.0,9.0
065038,9.0,8.7,8.7,8.7,8.7,8.9,9.0,9.0,8.9,9.1,9.0,9.5,9.4,9.4,9.5,9.4,9.6,9.7,9.7,9.4,9.6,9.5,10.1,9.7,9.6
065039,8.4,8.7,8.8,8.4,8.8,8.9,9.2,9.1,9.3,9.8,10.1,10.1,10.2,10.6,10.3,10.4,10.5,10.9,10.9,11.3,11.3,11.0,11.3,11.5,11.6
065040,7.6,7.7,8.1,7.9,8.3,8.3,8.1,8.3,8.1,8.8,8.7,8.7,8.7,8.8,8.8,9.3,9.2,9.1,9.4,9.6,9.6,9.8,9.8,9.8,10.1
065041,8.4,8.3,8.5,8.5,8.7,8.6,8.8,9.1,9.1,9.3,9.5,9.4,9.6,9.6,9.5,9.9,10.0,10.2,10.2,10.2,10.7,10.8,10.5,10.5,10.7
065042,7.3,7.3,7.1,7.2,7.5,7.4,7.3,7.5,7.5,7.8,7.8,7.5,7.7,7.9,8.2,7.8,7.9,8.1,8.2,8.0,8.5,8.1,8.1,8.2,8.3
065043,9.0,9.2,9.2,9.1,9.4,9.6,9.1,9.6,9.4,9.7,10.0,10.0,10.0,10.1,10.5,10.2,10.5,10.7,10.8,11.1,11.2,11.1,11.2,11.2,11.2
065044,8.5,8.8,8.7,8.8,8.7,8.6,8.7,9.0,8.9,9.1,9.5,9.4,9.4,9.2,9.4,9.3,9.5,9.4,9.3,9.5,9.8,9.5,9.4,9.3,9.6
065045,9.2,9.0,9.2,9.3,9.3,9.3,9.5,9.3,9.7,9.9,10.2,10.2,10.2,10.6,10.3,10.4,10.8,11.0,11.0,11.1,11.3,11.3,11.6,11.5,11.6
065046,7.5,7.5,7.7,7.5,7.8,7.7,7.9,8.0,8.3,8.2,8.3,8.4,8.5,8.6,8.8,8.6,8.8,8.8,9.1,9.0,9.2,9.1,9.5,9.4,9.6
065047,8.7,9.0,8.8,9.0,9.1,9.2,9.5,9.5,9.6,9.8,9.7,9.9,10.3,10.4,10.2,10.6,10.4,10.7,10.9,10.9,11.3,11.5,11.0,11.7,11.7
065048,9.6,9.4,9.4,9.8,9.9,9.8,9.9,9.9,10.1,10.3,10.0,10.1,10.3,10.4,10.5,10.6,10.7,10.6,10.3,10.6,10.8,10.7,10.4,10.9,11.0
065049,7.8,7.8,7.8,7.9,7.9,7.9,8.1,8.3,8.0,8.7,8.5,8.3,8.5,8.8,8.6,8.8,8.7,8.9,9.1,8.7,9.2,9.3,9.2,9.5,9.3
065050,8.5,8.5,8.5,8.6,8.6,8.6,8.4,8.4,8.6,9.0,9.1,8.7,9.2,9.2,9.3,9.2,9.2,9.1,9.5,9.5,9.9,9.3,9.9,10.1,9.7
065051,8.7,9.0,9.1,8.9,9.1,8.8,9.0,9.1,9.0,9.3,9.6,9.3,9.4,9.7,9.4,9.3,9.2,9.4,9.3,9.5,9.5,9.3,9.5,9.4,9.6
065052,7.9,8.2,8.1,7.9,8.0,8.4,8.6,8.4,8.6,9.4,8.8,8.9,9.0,9.1,9.2,9.5,9.3,9.3,9.7,9.6,10.0,10.1,9.5,9.9,10.1
065053,8.2,8.2,8.4,8.3,8.4,8.4,8.3,8.5,8.6,9.1,9.3,9.3,9.3,9.3,9.4,9.3,9.7,9.5,9.4,9.8,10.1,9.8,10.1,10.0,10.1
065054,8.7,9.1,9.1,9.2,9.2,9.2,9.0,9.4,9.1,9.6,9.8,9.6,9.7,9.7,9.9,9.9,9.9,10.0,9.7,9.9,10.2,10.2,10.0,10.4,10.0
065055,8.5,8.8,8.9,8.7,9.0,9.1,9.1,9.4,9.3,9.8,9.5,9.7,10.0,9.8,10.1,10.2,10.5,10.4,10.1,10.5,11.1,11.1,10.8,11.3,11.2
065056,8.5,8.4,8.6,8.4,8.7,8.8,8.6,8.8,8.8,9.1,9.1,9.1,9.2,9.3,9.5,9.5,9.6,9.6,9.7,9.5,10.3,9.8,9.8,9.9,9.9
065057,7.4,7.6,7.6,7.4,7.6,7.6,7.7,7.7,7.8,8.0,8.0,8.2,7.8,7.9,8.1,8.4,8.3,8.2,8.0,8.1,8.4,8.2,8.3,8.1,8.2
065058,9.4,9.5,9.4,9.4,9.2,9.5,9.7,9.5,9.8,9.9,10.0,10.0,9.9,10.2,10.2,10.3,10.4,10.3,10.2,10.4,10.7,10.8,10.3,10.7,10.8
065059,8.7,8.8,8.9,9.0,8.9,9.0,9.2,9.1,9.2,9.8,9.4,9.8,9.6,9.8,9.9,10.2,9.8,10.2,10.3,10.1,10.4,10.2,10.9,10.7,10.7
065060,7.5,7.6,7.4,7.6,7.7,7.5,7.5,7.6,7.5,8.0,7.9,7.7,8.1,7.9,7.7,8.0,7.7,7.9,7.9,8.2,8.0,8.0,7.8,8.0,8.0
065061,8.5,8.9,8.8,8.8,9.0,8.6,9.1,8.9,9.2,9.5,9.5,9.2,9.7,9.8,9.7,9.6,9.8,9.8,9.8,10.0,10.3,10.0,10.3,10.4,10.2
065062,8.0,8.2,8.3,8.3,8.1,8.4,8.3,8.8,8.4,8.8,8.8,8.9,9.0,9.0,9.1,9.2,9.2,9.2,9.2,9.4,9.8,9.6,9.6,10.1,9.8
065063,8.7,8.7,8.4,8.8,8.9,8.9,9.1,8.7,9.1,9.4,9.3,9.4,9.2,9.3,9.4,9.4,9.4,9.4,9.3,9.3,9.7,9.5,9.2,9.5,9.4
065064,8.0,8.0,8.3,8.4,8.3,8.2,8.2,8.5,8.4,8.6,8.9,8.8,9.1,9.1,9.0,9.2,8.9,9.2,9.2,9.3,9.7,9.4,9.9,9.7,9.6
065065,7.2,7.3,7.4,7.3,7.3,7.5,7.4,7.6,7.5,7.8,8.0,8.3,8.2,8.2,8.6,8.4,8.6,8.7,8.9,8.5,9.0,9.0,9.1,9.3,9.3
065066,9.3,9.4,9.1,9.6,9.2,9.4,9.5,9.3,9.6,10.1,9.7,10.2,10.1,10.2,10.7,10.6,10.6,10.4,10.5,10.7,11.3,10.9,11.0,11.2,10.9
065067,9.4,9.2,9.1,9.4,9.4,9.7,9.6,9.6,9.6,9.9,10.0,9.9,10.2,10.2,10.1,10.5,10.2,10.3,10.6,10.9,11.0,10.5,10.7,10.8,10.7
065068,9.8,10.0,10.4,10.4,9.9,10.5,10.7,10.4,10.5,10.7,10.9,10.6,11.2,11.0,11.5,11.3,11.5,11.5,11.8,11.4,12.1,11.9,11.8,12.2,12.2
065069,9.4,9.4,9.4,9.5,9.7,9.8,10.1,9.7,9.8,10.3,10.0,10.0,10.1,10.5,10.3,10.3,10.7,10.6,10.6,10.6,10.8,10.3,10.9,10.9,11.1
065070,8.5,8.6,8.4,8.7,8.7,8.7,8.6,8.6,8.7,9.0,8.8,8.8,9.0,9.0,9.1,9.0,8.7,8.9,8.8,9.1,9.4,9.2,9.2,9.1,9.0
065071,8.1,8.1,7.9,8.0,8.1,7.9,8.0,8.2,8.1,8.6,8.4,8.4,8.7,8.4,8.4,8.6,8.4,8.6,8.8,8.7,9.2,8.9,8.8,8.7,8.9
065072,8.6,8.7,9.0,8.8,9.2,9.2,9.0,9.1,9.3,9.5,9.7,10.1,9.8,9.9,10.1,10.2,10.5,10.2,10.6,10.9,11.1,10.8,10.9,11.1,11.5
065073,10.1,9.9,10.3,9.9,10.3,10.4,10.5,10.4,10.4,10.5,11.2,11.0,11.3,11.0,11.1,11.1,11.2,11.7,11.4,11.6,12.0,11.8,11.9,11.7,12.0
065074,8.6,8.5,8.7,8.7,8.8,8.7,8.7,9.0,9.2,9.3,9.5,9.2,9.7,9.8,9.7,9.7,9.6,10.0,10.2,10.1,10.6,10.3,10.2,10.4,10.3
065075,8.6,8.4,8.6,8.5,8.6,8.8,8.9,8.8,8.9,9.0,9.0,9.1,9.0,9.2,9.0,9.4,9.3,9.0,9.3,9.3,9.3,9.5,9.4,9.2,9.4
065076,8.5,8.4,8.4,8.5,8.7,8.5,8.6,8.8,8.6,8.9,8.9,9.0,9.1,9.1,8.9,9.3,9.6,9.4,9.4,9.7,9.8,9.8,9.5,9.8,9.7
065077,9.3,9.0,9.3,9.3,9.4,9.7,9.7,9.9,9.5,10.4,10.5,10.2,10.4,10.8,10.7,10.9,11.0,10.7,10.7,11.3,11.1,11.2,11.2,11.5,11.5
065078,8.0,8.1,8.3,8.4,8.3,8.3,8.3,8.6,8.4,8.6,8.5,8.8,8.8,8.8,9.1,9.1,9.1,9.1,8.9,8.9,9.3,9.3,9.2,9.4,9.4
065079,8.0,7.7,7.7,7.7,7.6,7.6,7.5,7.7,7.7,7.8,7.7,7.9,7.8,7.9,7.8,7.9,7.7,7.7,7.9,7.7,7.8,7.9,7.7,7.8,7.7
065080,8.4,8.5,8.4,8.5,8.5,8.7,8.8,8.7,8.7,8.8,9.0,8.8,8.9,8.8,8.9,9.2,8.9,9.1,9.1,9.2,9.4,9.1,9.1,9.3,9.2
065081,8.4,8.5,8.6,8.7,8.7,8.9,8.9,9.0,9.2,9.4,9.4,9.4,9.4,9.8,9.8,9.6,9.6,9.9,9.8,9.6,10.5,10.2,9.7,10.3,10.3
065082,8.8,9.2,9.0,9.1,9.1,9.4,9.4,9.5,9.9,10.0,10.2,10.2,10.5,10.3,10.4,10.7,10.4,10.7,10.9,10.9,11.3,11.1,11.2,11.5,11.2
065083,8.9,9.1,9.0,9.5,9.3,9.2,9.2,9.5,9.6,10.1,9.7,10.3,10.3,10.4,10.3,10.7,10.7,10.9,10.7,11.1,11.4,10.6,11.4,11.4,11.4
065084,8.0,8.1,8.4,8.2,8.5,8.4,8.7,8.9,8.7,9.2,9.3,9.0,9.3,9.3,9.4,9.7,9.8,9.6,9.8,10.0,10.4,10.4,10.5,10.4,10.3
065085,9.8,10.0,10.1,9.9,10.2,10.2,10.0,10.3,10.6,10.9,10.6,10.9,11.0,10.7,11.3,11.0,11.4,11.3,11.3,11.5,11.9,11.7,11.7,11.6,11.8
065086,9.3,9.5,9.4,9.4,9.8,9.3,9.6,9.5,9.6,10.2,10.1,10.2,10.4,10.2,10.6,10.3,10.3,10.4,10.6,10.9,11.1,10.7,10.9,10.8,10.8
065087,8.2,8.0,8.0,8.2,8.0,8.2,8.2,8.0,8.1,8.5,8.5,8.5,8.2,8.5,8.7,8.4,8.4,8.6,8.6,8.5,8.8,8.6,8.4,8.6,8.7
065088,8.7,8.9,8.6,8.6,8.7,8.7,8.8,8.7,8.8,9.2,9.3,9.1,9.3,9.3,9.1,9.4,9.4,9.6,9.5,9.5,9.6,9.7,9.4,9.8,9.5
065089,11.0,12.0,11.6,11.8,12.1,12.2,12.4,12.6,12.4,12.9,13.3,13.3,13.6,13.8,14.2,14.1,14.1,14.2,14.9,14.9,15.1,14.8,15.0,15.2,15.5
065090,7.4,7.4,7.5,7.5,7.5,7.7,7.6,7.8,7.7,7.9,7.9,8.2,8.0,8.1,8.1,8.2,8.1,8.1,8.3,8.2,8.5,8.4,8.6,8.7,8.5
065091,9.0,9.1,9.1,9.1,9.2,9.0,9.2,9.3,9.3,9.6,9.6,9.6,9.7,9.8,9.6,9.8,9.9,9.9,9.7,9.7,10.2,10.1,10.2,9.9,10.1
065092,9.0,9.0,9.1,9.4,9.2,9.3,9.5,9.5,9.2,9.7,10.0,9.9,9.8,9.8,9.7,9.9,9.9,10.0,9.9,9.8,10.1,9.9,10.1,9.9,10.3
065093,8.4,8.9,8.7,8.8,8.6,9.0,8.9,9.1,9.2,9.4,9.7,9.7,9.8,9.8,9.6,10.1,9.5,10.3,10.2,10.4,10.7,10.3,10.6,10.3,10.5
065094,7.8,7.9,8.0,7.8,8.1,8.1,8.1,8.3,8.2,8.5,8.6,8.4,8.5,8.6,8.7,8.7,8.7,8.8,8.8,8.8,9.2,9.1,9.1,8.7,9.0
065095,9.1,9.2,9.2,9.2,9.1,9.2,9.2,9.0,9.2,9.7,9.8,9.8,9.7,10.2,9.7,9.8,10.2,9.9,10.0,10.1,10.3,10.0,10.2,10.3,9.9
065096,9.7,9.7,9.9,9.8,10.0,10.0,10.2,10.2,10.4,10.5,10.8,10.8,10.7,11.0,10.9,11.2,11.2,11.5,11.3,11.0,11.6,12.1,11.7,11.7,11.7
065097,6.8,7.1,7.0,6.8,6.9,6.9,7.0,7.2,7.1,7.3,7.5,7.4,7.2,7.6,7.6,7.4,7.4,7.5,7.5,7.5,7.7,7.7,7.8,7.7,7.8
065098,9.2,9.2,9.0,9.6,9.5,9.7,9.9,9.8,9.8,10.8,10.8,10.7,10.8,11.0,11.2,11.5,11.1,11.6,11.7,12.2,12.4,12.2,12.7,12.8,12.8
065099,8.5,8.8,8.9,8.9,8.8,8.8,8.9,8.6,8.8,9.2,8.9,9.1,9.0,9.2,9.1,9.1,9.3,9.3,9.4,9.1,9.5,9.4,9.3,9.4,9.4
065100,8.9,8.9,8.9,8.9,8.9,8.9,8.7,9.2,9.2,9.3,9.3,9.6,9.5,9.3,9.7,9.5,9.8,9.9,9.5,9.8,10.0,10.0,10.2,9.8,9.9
065101,8.0,8.0,8.1,7.9,7.8,8.0,7.7,7.9,8.0,8.2,8.0,8.2,8.2,8.4,8.3,8.1,8.1,8.1,8.3,8.3,8.1,8.1,8.3,8.3,8.1
065102,9.9,10.0,10.2,10.2,10.4,10.0,10.4,10.6,10.5,10.9,11.0,11.2,11.3,11.5,11.6,11.7,12.3,11.9,12.1,11.9,12.8,12.1,12.5,12.8,12.6
065103,8.6,8.5,8.8,8.7,8.8,9.0,9.0,9.0,8.8,9.3,8.9,9.4,9.1,9.2,9.2,9.3,9.3,9.2,9.4,9.5,9.7,9.3,9.2,9.7,9.4
065104,7.1,7.3,7.3,7.2,7.1,7.3,7.2,7.2,7.2,7.5,7.5,7.6,7.5,7.5,7.4,7.4,7.5,7.4,7.4,7.7,7.5,7.5,7.8,7.7,7.4
065105,9.0,8.9,9.1,9.1,9.2,9.4,9.4,9.9,9.7,9.8,9.9,10.3,10.1,10.5,10.5,10.4,10.7,10.9,11.0,11.0,11.4,11.2,11.1,11.2,11.7
065106,9.9,10.3,9.9,10.7,10.3,10.2,10.2,10.7,10.3,10.9,10.9,11.2,11.1,11.0,10.9,10.9,11.0,11.0,11.4,10.9,11.5,11.5,11.2,11.4,11.4
065107,9.5,9.2,9.7,9.5,9.6,9.5,9.6,9.4,9.8,10.0,9.9,10.1,10.1,9.9,10.4,10.2,10.2,10.1,10.8,10.2,10.8,10.4,10.2,10.4,10.5
065108,8.8,8.9,9.0,8.8,9.2,8.9,9.1,9.4,9.6,9.6,9.6,9.8,10.0,10.1,10.3,10.1,10.2,10.5,10.3,11.0,10.6,10.7,10.9,10.9,11.2
065109,7.0,7.1,7.1,7.1,7.3,7.4,7.6,7.6,7.4,7.8,7.6,7.9,8.0,8.0,8.0,8.3,8.3,8.4,8.1,8.4,8.7,8.7,8.7,8.6,8.8
065110,7.5,7.3,7.4,7.5,7.6,7.6,7.6,7.7,7.7,8.0,7.8,7.8,8.2,8.0,8.1,8.1,8.1,8.4,8.0,8.1,8.4,8.0,8.2,8.2,8.3
065111,7.3,7.3,7.3,7.5,7.4,7.3,7.3,7.6,7.3,7.6,8.0,8.0,8.0,8.1,8.2,8.1,8.2,8.2,8.3,8.4,8.5,8.2,8.3,8.7,8.4
065112,8.0,8.0,8.1,8.0,8.1,8.1,8.1,8.3,8.0,8.1,8.4,8.3,8.2,8.4,7.9,8.4,8.3,8.5,8.3,8.4,8.3,8.2,8.0,8.3,8.3
065113,10.3,10.4,10.1,9.7,10.5,10.2,10.4,10.6,10.2,10.8,10.4,10.5,10.9,10.7,10.9,10.6,10.6,10.4,10.6,10.4,11.0,10.6,10.9,10.9,10.6
065114,8.7,8.7,9.0,8.9,9.0,8.9,9.0,9.3,9.2,9.6,9.6,9.9,9.8,9.8,10.0,10.2,9.9,10.0,10.2,10.2,10.4,10.2,10.2,10.2,10.5
065115,9.1,9.3,9.1,9.4,9.3,9.7,9.7,9.8,9.8,10.0,10.3,10.3,10.6,10.5,10.6,10.9,11.1,11.0,11.2,11.3,11.7,11.4,11.6,11.5,11.8
065116,9.0,9.2,9.3,9.3,9.3,9.3,9.4,9.4,9.6,10.0,10.1,10.1,9.9,10.3,10.1,10.1,10.5,10.4,10.6,10.6,10.9,11.1,10.8,11.2,10.6
065117,8.5,8.9,8.6,8.8,9.0,8.8,9.1,9.1,9.1,9.4,9.1,9.3,9.5,9.2,9.6,9.4,9.3,9.5,9.4,9.3,9.9,9.4,9.7,9.5,9.6
065118,8.1,8.2,8.2,8.4,8.6,8.2,8.5,8.4,8.5,8.8,8.8,8.9,8.7,8.9,8.9,9.0,9.1,9.4,9.0,8.9,9.2,9.2,9.3,9.3,9.5
065119,8.5,8.9,9.0,8.9,8.9,9.2,9.1,9.2,9.5,9.9,9.7,9.8,10.1,10.0,10.4,10.1,10.4,10.3,10.6,11.0,11.2,11.1,11.2,11.3,10.9
065120,10.1,10.3,10.0,10.2,10.1,10.1,10.1,10.4,10.4,10.5,10.9,10.6,10.7,10.5,10.7,10.4,10.6,10.8,10.7,10.9,10.9,11.0,11.0,11.1,10.8
065121,8.3,8.4,8.5,8.6,8.7,8.4,8.4,8.9,8.7,8.9,9.1,9.1,9.4,9.2,9.3,9.2,9.3,9.5,9.7,9.5,9.7,9.7,9.7,9.8,9.8
065122,8.1,8.4,8.4,8.1,8.5,8.7,8.3,8.4,8.3,8.9,8.8,9.1,9.2,9.4,9.1,9.5,9.6,9.7,9.8,9.9,9.8,10.1,10.0,9.9,10.0
065123,9.5,9.7,9.9,9.6,9.9,10.0,9.7,9.9,10.1,10.4,11.0,10.4,10.7,11.1,10.7,11.1,10.8,11.2,11.0,11.4,11.4,11.4,11.5,11.6,12.0
065124,8.0,7.9,8.1,8.1,8.3,8.3,8.3,8.2,8.4,8.3,8.7,8.5,8.9,8.7,8.9,8.6,9.0,9.1,9.2,9.2,9.3,9.2,9.4,9.3,9.4
065125,9.5,10.0,9.8,10.0,10.1,10.2,10.4,10.2,10.5,11.0,10.6,10.7,10.9,11.1,11.2,11.4,11.1,11.7,11.7,11.6,12.0,12.1,12.1,12.5,12.6
065126,7.9,8.0,8.1,8.2,7.9,8.3,8.4,8.7,8.6,8.8,8.8,9.0,9.1,8.9,9.2,9.2,9.3,9.5,9.4,9.5,9.9,9.7,9.6,9.8,9.9
065127,8.5,8.8,8.7,8.9,9.2,9.0,9.1,9.5,9.8,9.7,9.9,10.1,10.4,10.2,10.6,10.9,11.1,11.1,11.1,10.9,11.3,11.2,11.4,11.5,11.9
065128,8.8,8.7,9.0,9.2,9.0,9.0,9.4,9.1,9.1,9.7,9.7,9.6,9.6,9.6,10.0,9.9,10.1,10.2,10.1,10.4,10.5,10.4,10.4,10.5,10.4
065129,8.6,8.7,8.6,8.9,8.7,9.1,8.9,9.3,9.0,9.5,9.7,9.8,9.5,9.7,10.1,9.9,10.3,10.3,10.4,10.6,10.8,10.9,10.9,10.7,11.2
065130,8.8,9.0,8.9,9.1,9.0,9.0,9.1,9.1,9.3,9.4,9.6,9.4,9.6,10.1,9.7,9.6,9.8,9.8,9.9,10.0,10.0,10.1,10.0,10.3,10.5
065131,9.7,9.2,9.6,9.5,9.4,9.5,9.7,9.8,9.7,10.0,10.3,9.9,9.9,10.4,10.2,10.0,10.0,9.8,10.5,10.2,10.6,10.2,10.4,10.4,10.3
065132,9.2,9.0,9.1,9.0,9.2,9.7,9.4,9.8,9.7,10.4,10.4,10.4,10.4,11.0,10.9,10.9,10.8,11.3,11.1,11.3,11.4,11.5,11.3,12.1,12.2
065133,8.5,8.5,8.4,8.3,8.3,8.6,8.6,8.7,8.6,8.9,9.0,8.9,9.2,9.0,9.0,9.2,9.1,9.4,9.0,9.5,9.5,9.2,9.3,9.3,9.4
065134,8.8,8.6,8.9,9.0,9.2,9.4,9.4,9.3,9.4,9.9,9.7,9.9,9.9,10.0,10.3,10.6,10.4,10.8,10.6,10.5,11.2,10.9,11.3,11.3,11.3
065135,10.1,9.9,10.0,10.0,10.3,10.5,10.0,10.3,10.7,10.7,10.9,10.9,11.0,11.2,11.0,11.2,11.2,11.1,11.3,11.4,11.7,11.4,11.5,11.8,11.4
065136,6.7,7.0,6.9,7.1,7.0,6.8,6.7,7.1,7.2,7.2,7.4,7.5,7.5,7.6,7.4,7.4,7.5,7.6,7.6,7.8,7.9,7.7,7.6,7.8,7.7
065137,8.4,8.1,8.3,8.5,8.8,8.7,8.6,8.8,8.8,9.1,9.0,9.2,9.2,9.3,9.6,9.4,9.5,9.6,9.7,9.4,9.9,9.7,10.0,9.8,9.9
065138,9.3,9.5,9.5,9.1,9.9,9.4,10.0,9.7,9.8,10.2,10.0,10.1,10.1,10.3,10.2,10.2,10.4,10.1,10.3,10.4,10.8,10.5,10.5,10.2,10.7
065139,8.5,8.7,8.8,8.6,8.5,8.8,8.7,8.7,8.4,8.8,8.9,8.8,9.0,8.6,9.0,9.1,8.8,8.7,8.8,8.7,9.0,8.8,8.5,8.9,8.7
065140,8.9,8.9,9.0,8.9,9.1,9.1,9.2,9.3,9.5,9.7,9.9,10.0,10.2,9.9,10.5,10.3,10.1,10.4,10.8,10.6,11.0,10.7,11.3,11.1,10.9
065141,9.1,8.9,8.9,9.1,9.2,9.5,9.4,9.2,9.2,9.7,9.2,9.5,9.7,9.6,10.0,9.9,9.9,10.3,10.3,10.1,10.6,10.2,10.2,10.4,10.4
065142,8.6,8.5,8.6,8.9,8.9,9.0,9.2,9.3,9.4,9.8,9.5,9.8,9.9,10.1,10.1,10.3,10.5,10.3,11.1,10.4,11.1,10.9,11.1,11.1,11.3
065143,10.4,10.6,10.5,10.7,10.7,10.7,10.5,11.0,11.0,11.1,11.2,11.4,11.4,11.2,11.6,11.5,11.7,11.9,11.8,11.4,11.9,11.5,12.1,12.3,12.1
065144,7.5,7.6,7.5,7.4,7.6,7.8,7.6,7.9,7.8,8.2,8.1,8.3,8.4,8.3,8.2,8.4,8.3,8.5,8.3,8.6,8.8,8.3,8.6,8.7,8.5
065145,9.3,9.4,9.3,9.3,9.5,9.4,9.3,9.4,9.4,9.9,9.8,10.0,9.5,9.6,9.8,10.0,10.0,9.8,9.9,9.8,10.2,10.1,10.2,10.1,10.3
065146,9.6,9.8,9.8,10.0,10.1,10.1,10.0,10.6,10.3,10.9,11.0,10.8,10.8,11.2,11.2,11.5,10.8,11.2,11.3,11.7,12.0,11.8,12.1,11.9,12.1
065147,8.3,8.4,8.6,8.6,8.7,8.6,8.6,9.0,9.3,9.7,9.7,9.8,9.4,9.6,9.9,10.1,9.9,10.2,10.7,10.4,10.8,10.9,11.1,10.8,11.1
065148,8.6,8.4,8.5,8.4,8.0,8.3,8.5,8.6,8.7,8.7,8.8,8.6,8.8,8.8,8.8,8.7,8.7,8.8,8.9,8.8,9.0,8.7,8.7,8.8,8.9
065149,7.4,7.4,7.2,7.6,7.3,7.5,7.5,7.6,7.5,7.7,7.9,7.9,7.9,7.8,7.9,7.9,7.8,8.1,7.8,7.8,8.1,7.7,7.9,7.6,7.9
065150,9.3,9.3,9.5,9.3,9.5,9.3,9.6,9.5,9.8,10.3,10.2,10.3,10.4,10.4,10.4,10.6,10.7,10.8,10.5,10.5,11.1,10.9,10.8,10.9,11.2
065151,10.5,10.1,10.4,10.3,10.7,10.7,10.8,10.9,11.1,11.6,11.7,12.1,11.7,12.3,12.0,12.3,12.2,13.0,12.3,12.9,13.1,12.6,13.2,13.1,13.5
065152,9.5,9.1,9.3,9.2,9.2,9.3,9.3,9.4,9.4,9.5,9.7,9.7,9.8,9.9,9.8,9.4,9.6,9.5,9.7,9.6,10.0,9.9,9.9,9.8,9.8
065153,8.2,8.1,8.0,8.1,8.1,8.3,8.3,8.5,8.3,8.7,8.9,8.9,8.9,8.8,8.9,8.9,9.1,9.2,9.0,9.1,9.7,9.0,9.3,9.4,9.2
065154,8.0,8.1,7.9,8.3,8.4,8.3,8.6,8.7,8.6,8.9,9.0,9.2,9.1,9.0,9.2,9.2,9.5,9.5,9.6,9.8,9.7,9.7,10.1,10.0,9.9
065155,8.2,8.4,8.4,8.3,8.6,8.3,8.6,8.7,8.9,8.9,8.9,9.1,9.2,9.0,9.1,9.2,9.2,9.2,9.1,9.3,9.5,9.3,9.5,9.6,9.5
065156,7.4,7.5,7.3,7.3,7.5,7.7,7.3,7.4,7.5,7.9,7.7,7.6,7.7,7.8,7.8,7.8,7.7,7.6,8.0,7.8,7.9,7.8,7.7,7.8,7.8
065157,8.3,8.4,8.3,8.6,8.4,8.5,8.7,8.7,8.6,9.1,9.2,9.1,9.1,9.1,9.2,9.5,9.3,9.8,9.5,9.5,9.7,9.6,9.5,9.9,9.8
065158,9.2,9.7,9.4,9.6,9.4,9.0,9.3,9.5,9.4,9.9,10.0,9.8,9.7,9.8,9.9,9.6,9.6,9.6,9.7,9.6,9.8,10.0,9.5,9.5,9.5
066001,8.3,8.3,8.5,8.4,8.4,8.3,8.2,8.3,8.1,8.4,8.6,8.8,8.4,8.6,8.7,8.6,8.4,8.6,8.4,8.3,8.7,8.5,8.6,8.5,8.4
066002,7.6,7.4,7.7,7.6,7.7,7.6,7.6,7.8,7.8,8.2,7.8,8.2,8.1,8.2,8.2,8.3,8.4,8.1,8.3,8.4,8.5,8.5,8.4,8.4,8.4
066003,8.2,8.1,8.0,8.4,8.3,8.2,8.3,8.5,8.4,8.8,9.0,8.6,8.9,9.2,9.2,8.9,9.0,9.1,9.5,9.5,9.7,9.7,9.7,9.5,9.5
066004,7.9,7.9,8.0,8.0,8.2,7.9,7.9,8.1,8.1,8.1,8.2,8.2,8.3,8.2,8.2,8.2,8.1,8.2,8.4,8.0,8.1,8.1,7.9,8.1,8.2
066005,10.0,10.3,10.1,10.3,10.4,10.4,10.7,10.2,10.7,11.0,11.2,11.7,11.1,11.7,11.6,11.8,11.7,11.7,11.7,12.1,12.2,12.5,12.5,12.5,12.6
066006,7.9,8.2,8.1,8.1,8.5,8.3,8.2,8.3,8.2,8.8,8.6,9.0,8.7,8.8,9.0,8.8,9.2,9.2,9.1,9.1,9.5,9.4,9.4,9.3,9.5
066007,9.1,9.0,9.2,9.4,9.5,9.4,9.3,9.6,9.7,10.0,10.3,10.5,10.2,10.6,10.3,10.6,10.8,10.6,10.8,10.8,11.5,10.9,11.1,11.3,11.3
066008,9.6,10.0,9.6,9.8,9.6,9.5,9.8,9.9,9.9,10.1,10.3,10.0,10.3,10.0,10.3,10.5,10.4,10.6,10.2,10.5,10.8,10.2,10.2,10.0,10.3
066009,8.9,9.1,9.2,9.1,9.2,9.3,9.6,9.6,9.7,10.0,10.4,10.5,10.6,10.3,10.8,10.6,10.9,10.9,11.3,10.9,11.5,11.4,11.3,11.8,12.0
066010,8.7,9.0,8.9,9.1,9.0,9.3,9.3,9.1,9.3,9.6,10.1,10.0,10.1,10.1,10.4,10.4,10.4,10.5,10.8,10.7,11.0,10.8,11.0,10.9,11.0
066011,9.3,9.4,9.7,9.2,9.4,9.8,9.8,9.8,9.8,10.2,10.6,10.7,10.6,11.2,11.1,11.2,11.3,11.5,11.6,11.8,12.0,12.0,12.1,12.3,11.6
066012,8.4,8.5,8.6,8.8,8.7,9.0,9.1,9.0,9.2,9.2,9.4,9.9,9.5,9.7,9.8,9.9,10.1,10.1,10.4,10.1,11.1,10.5,10.8,11.0,10.6
066013,8.1,7.9,8.2,8.3,8.2,8.2,8.2,8.4,8.5,8.9,8.7,9.1,8.7,9.1,9.0,9.2,9.0,9.3,9.3,9.1,9.5,9.3,9.4,9.4,9.4
066014,8.8,8.8,8.8,8.9,9.1,9.0,9.1,9.1,9.2,9.4,9.5,9.2,9.4,9.6,9.4,9.6,9.4,9.9,9.5,9.7,9.7,9.5,9.8,9.5,9.7
066015,8.9,9.0,9.0,9.4,9.3,9.7,9.5,9.8,9.6,10.1,10.3,10.3,10.7,10.5,10.3,10.5,10.7,10.5,10.9,11.0,11.5,10.9,11.3,11.2,11.3
066016,7.6,7.6,7.8,8.0,7.9,8.1,8.0,8.2,8.2,8.8,8.6,9.0,9.0,8.9,9.1,9.1,9.1,9.3,9.2,9.6,9.7,9.6,9.7,9.7,10.0
066017,9.3,9.3,9.3,9.4,9.6,9.4,9.5,9.4,9.4,10.1,9.9,10.0,10.2,10.1,10.2,10.4,10.4,10.6,10.3,10.5,10.9,10.7,10.9,10.7,11.0
066018,8.7,8.8,8.7,8.9,8.9,8.6,8.6,8.8,8.8,9.2,9.3,9.3,9.2,9.4,9.5,9.6,9.2,9.3,9.4,9.5,10.0,9.6,9.9,9.7,9.8
066019,8.8,9.0,9.0,8.8,9.0,9.0,9.1,9.1,8.8,9.2,9.3,9.4,9.7,9.7,9.3,9.8,9.6,9.5,9.6,9.8,10.2,9.8,10.1,10.1,10.2
066020,8.6,8.7,8.9,8.9,9.0,9.0,9.1,9.1,8.9,9.7,9.9,9.3,9.5,9.7,9.8,9.8,9.6,9.9,9.9,10.0,10.6,10.2,10.5,10.2,10.4
066021,8.6,8.7,8.7,8.5,8.7,8.7,8.9,9.0,8.8,9.2,9.1,9.4,9.1,9.1,9.3,9.6,9.2,9.1,9.6,9.2,9.7,9.6,9.4,9.6,9.7
066022,7.9,7.8,8.1,8.5,8.3,8.1,8.5,8.4,8.7,8.6,8.8,9.1,8.9,8.9,9.4,9.4,9.3,9.4,9.5,9.6,9.9,9.5,9.8,10.0,10.2
066023,10.4,9.9,9.9,10.0,9.9,10.3,10.2,10.3,10.4,10.9,10.6,10.8,10.4,11.0,11.2,11.0,10.8,11.3,11.1,10.9,11.5,11.1,11.1,11.5,11.3
066024,8.8,8.7,9.0,9.0,8.6,8.8,8.7,8.9,8.6,9.2,9.0,9.0,8.9,8.9,8.8,9.1,9.0,8.8,8.8,8.6,9.4,8.8,8.8,9.0,8.7
066025,7.5,7.3,7.4,7.2,7.3,7.4,7.4,7.6,7.6,7.9,7.7,7.9,7.8,7.9,7.8,8.0,7.9,8.1,7.8,7.8,8.3,8.1,8.1,8.3,8.3
066026,7.7,7.9,7.8,7.9,8.2,8.2,7.9,8.1,8.3,8.3,8.4,8.6,8.4,8.6,8.8,8.8,8.7,8.9,8.9,8.8,9.5,9.0,9.3,9.2,9.4
066027,10.5,9.8,10.4,10.5,10.7,10.9,10.4,10.5,10.5,11.2,11.3,11.1,11.4,11.4,11.7,11.5,11.6,12.4,11.7,11.7,12.0,11.8,12.2,11.8,12.4
066028,8.2,8.3,8.4,8.1,8.4,8.5,8.5,8.5,8.8,8.9,8.9,9.0,9.1,9.0,9.0,9.2,9.1,9.4,9.5,9.4,9.4,9.3,9.6,9.7,9.4
066029,7.7,7.8,8.0,8.0,8.0,8.0,8.2,8.3,8.2,8.7,8.7,8.8,8.7,9.0,9.2,9.1,9.0,9.4,9.3,9.4,9.4,9.7,9.7,9.9,9.7
066030,9.6,9.9,10.1,9.8,9.7,9.8,10.1,10.1,10.1,10.6,10.7,10.3,10.7,10.8,10.7,10.5,10.8,10.8,10.9,10.9,11.1,11.1,10.8,11.0,11.1
066031,8.0,8.1,8.0,8.1,8.4,8.4,8.4,8.4,8.2,8.7,8.7,8.9,8.8,8.9,9.2,9.3,9.2,9.4,9.0,9.2,9.5,9.2,9.0,9.1,9.5
066032,8.5,8.5,8.7,8.3,8.6,8.7,8.8,8.9,8.7,9.1,9.1,9.3,9.6,9.5,9.5,9.6,9.4,9.7,10.0,9.8,10.3,9.9,10.3,10.4,10.3
066033,7.9,8.1,8.2,8.3,8.1,8.3,8.5,8.5,8.5,8.9,8.7,9.2,9.1,9.4,9.2,9.4,9.7,9.4,9.6,10.1,10.0,10.0,10.2,10.2,10.5
066034,8.5,8.8,8.8,9.0,9.1,9.1,8.9,9.0,9.3,9.6,9.8,9.9,9.9,10.2,10.0,10.2,10.3,10.5,10.5,10.9,11.0,10.7,10.6,10.7,11.0
066035,7.4,7.3,7.7,7.4,7.6,7.6,7.6,7.7,7.9,8.3,8.0,8.2,8.1,8.2,8.0,8.5,8.2,8.4,8.5,8.4,8.5,8.3,8.4,8.4,8.5
066036,7.9,7.8,7.7,7.8,8.0,8.1,8.1,8.4,8.2,8.6,8.6,8.5,8.6,8.7,9.0,8.8,9.2,9.3,9.5,9.1,9.6,9.5,9.6,9.7,10.3
066037,7.9,7.9,8.1,8.2,8.2,8.4,8.3,8.4,8.6,8.7,8.6,8.8,9.1,9.0,9.2,9.2,9.1,9.3,9.5,9.5,9.8,9.6,9.8,9.8,9.9
066038,8.9,9.0,9.1,8.9,9.0,9.3,9.2,9.0,9.3,9.6,9.6,9.8,9.8,9.5,9.7,9.9,9.8,9.7,10.0,10.1,10.2,9.9,10.1,10.1,10.1
066039,8.3,8.4,8.4,8.3,8.7,8.5,8.9,8.7,8.7,9.1,9.2,9.2,9.3,9.6,9.6,9.6,9.4,9.8,9.8,9.7,10.0,10.3,10.1,10.1,10.3
066040,8.9,8.8,9.0,8.9,8.9,8.9,8.9,9.2,8.9,9.5,9.6,9.5,9.2,9.4,9.5,9.6,9.9,9.5,9.4,9.4,10.0,9.7,9.8,9.5,9.6
066041,7.6,7.6,7.8,7.9,7.8,7.9,7.9,7.9,8.0,8.3,8.2,8.4,8.5,8.4,8.4,8.7,8.5,8.4,8.7,8.8,8.8,9.0,8.6,9.1,8.9
066042,8.9,8.7,8.8,9.1,9.0,8.9,9.3,9.6,10.0,10.0,10.2,10.1,10.0,10.1,10.3,10.6,10.5,10.7,10.9,11.5,11.3,11.7,11.5,11.6,11.8
066043,8.1,8.1,8.1,8.3,8.1,8.1,8.3,8.2,8.2,8.4,8.4,8.4,8.4,8.4,8.4,8.4,8.2,8.4,8.3,8.3,8.7,8.3,8.1,8.4,8.3
066044,8.5,8.4,8.5,8.4,8.5,8.5,8.6,8.8,8.8,9.1,9.0,9.0,9.2,9.4,9.3,9.2,9.6,9.7,9.7,9.6,9.8,10.0,9.7,9.8,9.8
066045,8.2,8.5,8.4,8.7,8.6,8.6,8.8,8.7,8.9,9.5,9.6,9.4,9.6,9.5,9.8,9.9,10.2,9.9,9.8,10.2,10.5,10.4,10.5,10.3,10.6
066046,9.2,9.2,9.4,9.1,9.2,9.4,9.4,9.6,9.3,10.0,9.9,9.9,10.0,10.0,10.1,10.5,10.3,10.6,10.9,10.6,11.1,10.7,10.6,11.2,11.1
066047,9.5,9.5,9.6,9.5,9.6,9.6,9.8,9.8,10.0,10.5,10.2,10.1,10.3,10.2,10.6,10.8,10.6,10.6,11.0,10.4,10.8,10.5,11.2,10.9,11.0
066048,7.8,7.9,8.1,8.4,8.2,8.4,8.3,8.3,8.4,8.9,8.8,9.0,9.3,9.2,9.2,9.3,9.2,9.6,9.7,9.7,10.0,9.9,9.8,10.5,9.9
066049,7.4,7.4,7.6,7.6,7.7,7.8,7.8,7.4,7.8,7.7,8.1,8.1,8.3,8.0,8.0,8.2,8.3,8.1,8.4,8.3,8.5,8.3,8.6,8.3,8.7
066050,8.5,8.1,8.5,8.6,8.3,8.4,8.5,8.7,8.4,8.9,8.9,9.1,9.0,8.8,8.9,8.7,9.0,8.9,8.9,8.9,8.9,8.9,8.9,9.1,9.1
066051,8.9,9.2,9.1,9.1,9.0,8.8,9.1,9.2,9.1,9.6,9.7,9.4,9.6,9.4,9.8,9.6,9.6,9.7,10.0,9.4,9.9,9.9,9.8,9.7,9.8
066052,7.1,7.3,7.5,7.4,7.6,7.6,7.6,7.5,7.7,8.0,8.0,8.2,8.2,8.0,8.3,8.4,8.4,8.3,8.6,8.4,8.5,8.7,8.8,8.7,8.6
066053,7.8,7.8,7.9,7.9,8.3,8.3,8.2,8.5,8.6,8.9,9.1,8.9,9.2,9.1,9.3,9.6,9.4,9.7,9.6,9.6,10.0,9.6,10.0,10.4,10.1
066054,9.0,9.0,9.2,9.5,9.1,9.4,9.5,9.5,9.4,9.9,10.1,10.3,10.4,10.3,10.5,10.6,10.7,10.2,10.7,10.7,11.2,10.9,11.0,11.2,11.6
066055,9.1,9.1,9.1,9.0,9.2,9.3,9.3,9.3,9.4,10.1,9.9,10.2,10.0,10.6,10.4,10.3,10.3,10.5,10.7,10.4,11.2,10.6,10.8,10.7,10.9
066056,8.0,8.1,8.1,8.1,8.2,8.1,8.3,8.4,8.3,9.3,9.0,9.1,9.1,9.2,9.3,9.4,9.4,9.6,9.6,9.9,10.3,10.0,9.9,10.0,10.2
066057,8.9,9.1,9.0,9.3,9.3,9.3,9.4,9.4,9.5,9.7,10.1,9.8,10.1,10.1,10.0,10.5,10.4,10.3,10.5,10.6,10.9,10.5,10.9,10.8,11.0
066058,9.9,9.9,10.2,10.1,10.4,9.9,10.1,10.2,9.9,10.6,10.7,10.7,10.9,10.8,11.0,11.0,11.0,11.1,10.9,11.0,11.5,11.3,11.1,11.2,11.4
066059,8.9,9.3,9.5,9.1,9.5,9.7,10.0,9.8,9.7,10.4,10.4,10.2,10.5,10.8,10.9,11.4,11.1,11.2,11.1,11.5,11.6,11.6,11.9,12.1,12.4
066060,9.7,9.8,9.8,9.9,9.6,10.2,10.2,10.2,10.5,10.9,11.0,11.1,11.3,11.4,11.4,10.9,11.3,11.4,11.1,11.7,12.2,12.1,12.1,12.0,11.9
066061,8.4,8.6,8.4,8.5,8.3,8.7,8.5,8.5,8.5,8.5,8.6,8.9,8.8,8.8,8.9,9.2,8.9,8.9,8.9,9.3,9.0,9.3,9.0,9.1,9.0
066062,9.3,9.6,9.5,9.5,9.5,9.5,9.6,10.1,10.0,10.1,10.3,10.3,10.4,10.8,10.7,10.5,10.4,10.6,10.9,10.8,10.9,11.0,11.2,11.0,11.0
066063,10.0,10.0,10.0,10.1,10.2,10.2,10.3,10.5,10.7,10.5,11.3,11.1,11.4,11.3,11.3,11.7,11.4,11.6,11.9,12.3,12.5,11.9,12.0,12.4,12.1
066064,9.1,9.3,9.5,9.6,9.7,9.9,10.1,10.1,10.0,10.4,10.6,10.7,11.0,11.2,11.2,11.5,11.9,11.8,11.8,11.6,12.6,12.2,12.2,12.8,12.6
066065,9.2,9.5,9.3,9.5,9.7,9.9,9.7,10.1,10.2,10.3,10.9,10.8,10.4,11.2,10.4,11.2,11.3,11.4,11.2,11.4,11.7,11.7,11.8,12.3,11.8
066066,10.1,9.6,9.8,9.9,10.0,9.8,10.2,10.1,10.3,10.6,10.7,10.4,10.5,10.3,11.0,10.9,11.0,11.0,10.9,11.0,11.6,11.0,10.9,11.3,11.3
066067,9.5,9.8,9.9,10.2,10.1,9.8,9.9,9.9,9.8,10.2,10.7,10.5,10.4,10.6,10.5,10.5,10.8,10.6,10.7,10.8,10.8,10.6,10.8,10.8,10.7
066068,8.4,8.3,8.5,8.7,9.0,8.8,8.6,9.2,8.9,9.5,9.1,9.5,9.7,9.7,9.7,9.6,10.0,9.8,10.0,9.9,10.4,10.3,10.4,10.2,10.2
066069,8.5,8.4,8.6,8.4,8.6,8.4,8.5,8.3,8.3,8.8,8.7,8.7,8.7,8.7,9.0,8.7,8.6,8.9,8.6,8.8,9.2,8.7,8.8,8.6,8.8
066070,9.2,9.1,9.2,9.5,9.1,9.3,9.2,9.2,9.1,9.4,9.7,9.7,9.4,9.5,9.6,10.0,9.7,9.6,9.8,9.5,10.1,9.8,9.9,9.9,9.8
066071,9.4,9.4,9.4,9.5,9.2,9.5,9.5,9.7,9.6,9.6,10.0,10.0,9.8,9.8,9.9,10.2,10.1,10.3,10.2,10.0,10.2,10.3,10.6,10.3,10.3
066072,7.7,7.3,7.4,7.7,7.5,7.5,7.7,7.6,7.7,8.0,7.8,8.1,8.0,8.0,7.8,7.9,8.0,8.3,7.8,8.0,8.3,7.9,8.2,8.1,8.2
066073,7.1,7.1,7.1,7.4,7.4,7.3,7.5,7.5,7.3,7.6,7.8,7.9,8.0,7.7,8.1,8.1,8.1,8.0,8.2,8.3,8.1,8.3,8.2,8.5,8.5
066074,9.1,9.2,9.0,9.3,9.4,9.4,9.2,9.4,9.4,9.5,9.6,9.6,9.6,9.6,9.6,9.9,9.6,9.7,9.7,9.6,10.2,10.0,9.9,9.9,10.0
066075,10.0,10.0,10.0,10.3,10.6,10.6,10.7,10.7,11.1,11.5,11.5,11.6,12.0,12.2,12.4,12.4,13.2,12.9,13.2,13.5,14.1,13.7,13.7,14.6,14.1
066076,7.7,7.4,7.8,7.7,7.9,7.8,7.9,8.2,8.1,8.4,8.6,8.6,8.7,8.7,8.8,9.0,9.2,9.2,9.1,9.1,9.6,9.2,9.5,9.4,9.7
066077,8.4,8.7,8.7,9.0,9.1,9.1,9.1,9.3,8.9,9.6,9.7,10.3,9.8,10.1,9.9,10.2,10.8,10.3,10.7,10.7,10.8,10.7,11.1,11.3,11.2
066078,7.6,7.8,7.8,7.9,7.9,8.2,8.0,8.2,8.1,8.5,8.7,8.9,8.9,9.0,9.4,8.8,9.3,9.5,9.7,9.4,9.8,9.5,10.1,9.9,10.1
066079,9.1,9.3,9.3,9.5,9.4,9.5,9.7,9.7,9.6,9.9,10.5,10.2,10.3,10.4,10.6,10.2,10.8,10.7,10.8,10.6,10.8,10.9,10.7,11.0,11.0
066080,8.7,8.8,8.8,9.1,8.6,8.9,8.6,8.9,9.1,9.3,9.0,9.1,9.1,9.2,9.4,9.2,9.3,9.3,9.4,9.4,9.7,9.6,9.1,9.4,9.7
066081,8.1,8.2,8.0,8.2,7.9,8.0,8.2,7.9,7.8,8.2,8.3,8.3,8.4,8.3,8.3,8.1,8.2,8.2,8.0,8.1,8.4,8.0,7.8,8.0,8.0
066082,7.3,7.3,7.3,7.3,7.6,7.6,7.7,7.8,7.8,8.2,8.2,8.3,8.3,8.4,8.6,8.8,8.9,9.0,9.1,9.2,9.6,9.3,9.5,9.7,9.8
066083,8.7,8.8,8.8,8.9,9.0,9.0,9.1,9.2,9.4,9.7,9.6,9.9,9.8,9.9,9.9,10.1,10.0,10.0,10.3,10.3,10.5,10.6,10.7,10.5,10.6
066084,7.8,8.4,8.3,8.2,8.4,8.5,8.3,8.6,8.7,9.1,8.8,8.8,8.8,9.0,9.0,8.9,9.2,9.4,9.2,9.2,9.4,9.2,9.2,9.2,9.2
066085,7.8,8.1,8.0,7.9,8.1,8.2,8.3,8.4,8.6,8.9,8.9,8.9,9.1,9.2,9.4,9.4,9.4,9.5,9.7,9.8,10.3,10.3,10.4,10.4,10.5
066086,9.2,9.1,9.2,9.4,9.3,9.4,9.2,9.2,9.4,10.1,9.9,9.8,10.0,9.9,9.7,9.9,10.3,10.2,10.3,10.5,10.6,10.3,10.6,10.8,10.4
066087,8.1,8.2,8.1,8.1,8.2,8.4,8.6,8.8,8.6,9.1,8.8,9.1,9.0,9.4,9.1,9.4,9.3,9.5,9.5,9.6,9.6,9.9,10.1,10.2,10.1
066088,8.8,8.8,9.0,9.2,9.3,9.3,9.1,9.3,9.5,9.9,10.2,10.2,10.2,10.4,10.3,10.3,10.7,10.5,10.9,10.9,11.7,11.2,11.2,11.3,11.4
066089,9.0,9.2,9.2,9.1,9.1,9.1,9.3,9.2,9.5,9.7,10.0,9.8,10.0,10.0,10.0,10.0,10.0,9.7,10.1,10.2,10.4,9.9,10.6,10.4,10.3
066090,9.8,9.5,9.8,9.7,9.9,9.7,9.8,9.8,10.1,10.5,10.3,10.6,10.4,10.6,10.8,10.5,10.8,11.3,10.9,11.0,10.9,10.8,11.0,10.8,11.0
066091,9.0,8.9,9.0,9.1,9.3,9.4,9.5,9.3,9.6,9.9,10.2,10.1,10.2,10.6,10.2,10.3,10.6,10.7,10.7,10.6,10.9,10.5,10.4,11.1,11.3
066092,7.2,7.4,7.4,7.2,7.4,7.4,7.5,7.5,7.4,7.8,7.8,7.8,7.7,7.8,7.8,8.0,7.9,7.9,8.1,8.3,8.1,8.1,8.1,8.2,8.2
066093,8.7,8.5,8.6,8.5,8.8,8.8,8.6,9.0,8.9,9.6,9.4,9.3,9.3,9.7,9.8,10.0,10.1,10.0,9.9,10.2,10.3,10.5,10.0,10.3,10.7
066094,9.5,9.8,9.9,9.9,9.4,9.6,9.7,9.9,10.1,10.0,10.1,10.6,10.2,10.2,10.5,10.5,10.4,10.4,10.6,10.5,10.9,10.5,10.8,10.7,10.7
066095,7.6,7.8,7.7,7.7,7.8,7.6,7.8,8.0,7.8,8.0,8.1,8.1,8.4,8.2,8.4,8.4,8.4,8.8,8.2,8.4,8.9,8.7,8.8,8.8,8.7
066096,8.4,8.2,8.3,8.3,8.6,8.4,8.6,8.7,8.8,9.2,9.2,9.2,9.2,9.3,9.2,9.2,9.3,9.9,9.6,9.6,9.5,9.6,9.9,10.1,10.1
066097,8.2,8.5,8.6,8.6,8.5,8.9,8.9,8.9,9.3,9.8,10.0,10.0,10.1,10.2,10.6,10.3,10.6,10.6,10.7,10.9,11.3,11.3,11.6,11.3,11.9
066098,6.7,6.6,6.7,6.8,6.8,6.8,7.1,6.9,7.0,7.2,7.1,7.5,7.5,7.4,7.5,7.5,7.4,7.7,7.5,7.6,7.9,7.7,7.7,7.9,7.9
066099,10.1,10.0,10.1,9.9,9.9,10.2,10.3,10.2,10.2,11.0,10.8,11.0,10.9,10.8,10.9,10.8,11.1,11.3,11.4,11.3,11.6,11.4,11.2,11.3,11.4
066100,8.7,8.3,8.7,8.6,8.7,9.0,8.7,9.1,9.0,9.7,9.7,9.5,9.6,9.7,9.8,10.1,10.3,10.3,10.6,10.4,10.5,10.6,10.5,10.9,10.7
066101,8.3,8.3,8.5,8.6,8.6,8.6,9.0,8.6,9.0,9.1,9.3,9.0,9.4,9.2,9.7,9.5,9.7,9.8,10.0,9.4,10.1,9.9,10.0,10.2,10.0
066102,7.0,6.9,6.8,7.0,7.1,7.2,7.2,7.2,7.2,7.4,7.4,7.5,7.7,7.5,7.6,7.8,7.7,7.9,8.0,8.2,8.1,7.9,8.1,8.1,8.2
066103,9.6,9.5,9.2,9.4,9.3,9.5,9.3,9.2,9.5,9.6,9.4,9.6,9.5,9.5,9.5,9.3,9.5,9.4,9.5,9.3,9.3,9.2,9.2,9.1,9.1
066104,7.7,7.8,7.7,7.8,7.8,8.0,8.0,8.1,8.1,8.2,8.4,8.2,8.3,8.4,8.7,8.6,8.8,8.7,8.7,8.6,9.2,8.6,9.0,8.8,9.0
066105,7.6,7.3,7.2,7.5,7.4,7.3,7.3,7.3,7.4,7.6,7.6,7.7,7.6,7.6,7.8,7.8,7.6,7.6,7.6,7.9,8.0,8.0,7.8,8.0,7.7
066106,9.5,9.8,9.6,9.5,9.4,9.7,9.9,9.9,10.0,10.3,10.2,10.5,10.4,10.6,10.5,10.3,10.8,10.8,11.1,10.7,11.5,11.1,11.2,11.4,11.4
066107,10.1,10.1,10.2,10.5,10.1,10.7,10.3,10.4,10.7,10.9,11.3,11.2,10.8,11.1,11.4,11.0,11.1,11.5,11.1,11.5,12.2,11.4,11.6,11.8,11.9
066108,8.4,8.4,8.5,8.5,8.5,8.9,8.5,8.7,8.7,8.9,8.8,8.9,9.1,8.9,9.0,9.2,9.0,9.1,9.1,9.2,9.6,9.2,9.4,9.3,9.4
067001,7.9,8.1,8.4,8.1,8.6,8.4,8.7,8.6,8.8,9.3,9.3,9.5,9.5,9.8,9.7,9.6,9.9,9.8,10.3,10.4,10.2,10.4,10.4,10.4,10.6
067002,9.4,9.6,9.6,9.8,9.9,9.8,10.0,9.9,10.0,10.9,10.3,10.5,10.7,10.6,10.6,10.9,11.0,10.8,11.2,11.4,12.0,11.4,11.7,11.5,11.7
067003,8.2,8.1,8.2,8.1,8.4,8.4,8.4,8.6,8.5,9.0,9.3,9.1,9.0,9.1,9.4,9.2,9.5,9.7,9.6,9.8,10.1,9.7,9.8,9.9,9.7
067004,7.8,7.9,7.9,8.2,8.1,8.3,8.1,8.3,8.2,8.7,8.7,8.9,9.1,8.9,9.1,9.0,9.1,9.3,9.5,9.4,9.6,9.6,10.0,9.6,9.9
067005,8.7,8.8,8.7,8.9,8.5,8.7,8.9,9.1,8.8,9.3,9.2,9.5,9.5,9.3,9.6,9.3,9.4,9.2,9.3,9.3,9.5,9.3,9.2,9.2,9.4
067006,8.1,8.0,8.4,8.2,8.1,8.4,8.3,8.3,8.5,9.0,9.0,9.2,9.2,9.0,9.2,9.5,9.5,9.4,9.8,9.8,10.1,10.0,10.1,10.1,10.7
067007,7.7,7.7,7.6,7.8,7.9,7.9,7.6,7.6,7.9,8.0,8.0,8.0,7.8,8.1,7.7,8.0,8.0,8.1,8.0,8.0,8.3,7.9,7.8,7.8,8.1
067008,7.9,8.0,8.2,8.2,8.0,8.0,8.1,8.3,8.2,8.2,8.2,8.2,8.4,8.5,8.1,8.1,8.1,8.2,8.2,8.4,8.5,8.4,8.1,8.3,8.5
067009,9.5,9.7,9.3,9.7,9.7,9.4,9.4,9.6,9.8,10.0,10.3,9.7,10.0,9.9,10.0,9.8,9.8,10.1,10.3,9.8,10.2,9.9,10.1,10.1,9.9
067010,9.2,9.1,9.0,9.4,9.5,9.6,9.7,9.5,9.3,9.7,10.2,10.0,9.7,10.0,10.1,10.1,10.3,10.3,10.4,10.2,10.4,10.4,10.4,10.3,10.4
067011,8.6,8.9,8.9,8.8,9.0,8.9,9.2,8.9,9.3,9.3,10.1,9.5,9.5,10.0,9.8,9.9,10.2,10.1,9.9,10.1,10.7,10.1,10.4,10.5,10.5
067012,8.0,8.4,8.2,8.4,8.2,8.4,8.5,8.5,8.4,8.8,8.9,8.9,9.0,8.9,9.1,9.1,9.2,9.2,9.3,9.3,9.7,9.4,9.7,9.4,9.5
067013,8.6,9.0,9.1,9.0,9.0,9.1,9.5,9.4,9.4,9.9,9.8,10.2,9.9,9.7,10.1,10.6,10.5,10.6,10.6,10.6,11.1,10.6,10.9,10.9,11.1
067014,7.6,7.7,7.7,7.8,8.1,8.0,8.3,8.1,8.3,8.7,8.7,8.8,8.9,9.0,8.8,9.0,9.0,9.2,9.2,9.5,9.9,9.2,9.4,9.3,9.9
067015,8.0,8.2,8.3,8.2,8.2,8.1,8.4,8.3,8.2,8.9,9.1,8.7,9.1,9.1,9.2,9.3,9.3,9.6,9.5,9.4,9.9,9.6,9.4,9.9,9.7
067016,8.8,9.0,9.4,9.3,9.1,9.3,9.5,9.3,9.6,9.8,10.1,10.0,10.2,10.0,9.7,10.0,10.1,10.5,10.7,10.6,10.7,10.8,10.6,10.8,11.1
067017,8.8,8.8,8.8,9.4,9.1,9.4,9.5,9.5,9.6,9.9,10.1,9.9,10.3,10.3,10.4,10.5,10.5,10.6,10.9,10.9,10.9,11.1,11.3,11.2,11.3
067018,9.9,9.8,10.1,10.1,10.1,10.4,10.5,10.9,10.5,10.7,11.2,11.2,11.2,11.5,11.4,11.3,11.6,11.8,11.8,12.0,12.0,12.3,12.5,12.6,12.8
067019,8.1,8.1,8.0,8.0,8.1,8.1,8.0,8.0,8.2,8.4,8.4,8.7,8.9,8.6,8.5,8.7,8.9,8.6,8.8,9.0,9.1,9.0,9.0,8.8,9.1
067020,7.4,7.4,7.5,7.5,7.4,7.5,7.5,7.8,7.6,7.8,7.8,7.8,8.0,7.8,8.0,7.8,7.9,8.1,7.8,7.8,8.3,8.0,7.9,8.1,8.0
067021,8.8,8.8,9.0,9.0,9.0,9.0,8.8,9.0,8.8,9.3,9.4,9.5,9.2,9.6,9.5,9.2,9.8,9.5,9.6,9.5,9.7,9.8,9.8,9.6,9.8
067022,8.8,8.6,9.0,8.9,9.2,8.8,9.4,9.3,9.5,9.8,9.7,10.1,10.3,10.0,10.3,10.2,10.5,10.3,10.4,10.6,10.8,10.6,11.2,10.8,11.1
067023,8.6,8.4,8.4,8.4,8.5,8.8,8.6,8.6,8.5,9.0,9.0,9.3,9.3,9.3,9.4,9.2,9.1,9.4,9.2,9.4,9.5,9.5,9.2,9.8,9.5
067024,9.9,9.8,9.4,9.5,9.9,9.8,9.8,9.8,10.0,10.4,10.7,10.3,10.3,10.3,10.5,10.6,10.4,10.6,10.6,10.7,10.8,10.8,10.9,10.8,11.0
067025,7.3,7.4,7.4,7.5,7.4,7.5,7.5,7.6,7.7,8.1,7.8,8.1,8.0,7.9,8.3,8.0,8.1,8.2,8.1,8.3,8.4,8.3,8.4,8.3,8.4
067026,8.0,7.9,8.0,8.1,8.0,8.1,8.1,8.3,8.3,8.4,8.4,8.6,8.6,8.6,8.5,8.6,8.3,8.9,8.7,8.8,8.8,9.0,8.9,8.9,8.8
067027,8.3,8.5,8.5,8.3,8.5,8.4,8.7,8.7,8.7,9.0,9.1,9.2,9.1,9.4,9.4,9.6,9.8,9.6,9.4,9.8,10.0,9.8,10.1,10.1,9.8
067028,8.8,9.0,9.2,9.2,9.1,9.0,9.0,8.9,9.2,9.4,9.6,9.6,9.6,9.6,9.4,9.7,9.8,9.6,9.5,9.7,10.2,9.4,9.8,10.0,9.7
067029,9.4,9.3,9.7,9.9,9.7,10.1,9.9,10.3,9.9,10.6,10.6,10.7,10.9,11.1,11.1,11.1,11.3,11.6,11.5,11.9,11.8,11.9,12.1,12.3,12.7
067030,9.2,9.3,9.5,9.4,9.7,9.6,9.9,9.9,9.9,10.4,10.3,10.5,10.9,10.9,11.0,11.1,11.2,10.9,11.4,11.4,11.9,11.1,11.8,11.6,12.0
067031,8.2,8.2,8.3,8.1,8.5,8.3,8.3,8.2,8.3,8.8,8.7,8.7,8.6,9.0,9.0,8.7,8.8,9.0,9.2,9.1,9.1,9.0,9.3,9.4,9.3
067032,8.5,8.3,8.5,8.7,8.7,8.8,8.9,8.8,9.0,9.4,9.3,9.3,9.3,9.6,9.9,9.4,9.6,9.9,9.7,9.8,10.3,10.2,10.5,10.5,10.2
067033,10.8,10.0,10.1,10.7,10.6,10.9,10.9,11.1,11.2,11.8,11.9,12.2,12.3,12.5,12.3,12.7,12.8,13.2,12.8,13.3,13.7,13.5,13.8,13.9,13.8
067034,8.9,8.9,9.0,9.0,9.1,8.7,8.9,8.7,8.7,9.1,8.9,8.8,9.0,9.0,8.9,9.0,8.9,8.9,8.7,8.6,8.8,8.6,8.6,8.4,8.5
067035,6.4,6.4,6.5,6.4,6.5,6.7,6.7,6.9,6.8,7.1,7.0,7.0,7.0,7.0,7.2,7.2,7.5,7.3,7.4,7.5,7.5,7.7,7.6,7.5,7.7
067036,7.8,7.7,7.7,7.7,7.8,7.8,7.8,7.9,7.7,8.1,8.0,8.1,8.0,8.0,8.1,8.2,8.2,8.1,8.3,8.1,8.3,8.4,8.0,8.5,8.3
067037,8.6,8.8,8.7,8.8,8.9,9.4,9.2,9.4,9.2,10.0,9.6,9.7,9.8,10.0,9.7,10.3,10.1,9.9,9.9,10.3,10.5,10.3,10.2,10.5,10.5
067038,8.3,8.5,8.6,8.9,8.8,8.7,9.0,8.8,9.0,9.4,9.2,9.3,9.6,9.5,9.7,9.6,9.5,9.6,9.7,9.9,9.8,10.0,10.0,10.1,9.8
067039,10.1,10.0,9.9,10.1,10.5,10.3,10.1,10.5,10.7,10.7,11.1,11.4,11.1,11.6,11.7,11.2,11.7,11.9,11.9,12.1,12.1,12.0,12.3,11.9,12.2
067040,6.6,6.8,6.8,6.7,6.9,6.8,7.0,6.9,6.9,7.0,7.0,6.9,7.0,6.9,7.0,6.6,7.0,6.9,6.9,6.9,7.1,6.9,6.8,6.8,6.9
067041,8.5,8.3,8.5,8.3,8.4,8.5,8.6,8.8,8.8,9.0,9.1,9.2,9.0,9.2,8.9,9.1,9.2,9.3,9.2,9.4,9.7,9.6,9.5,9.4,9.7
067042,8.1,8.0,8.4,8.6,8.3,8.5,8.4,8.6,8.7,8.8,8.9,9.0,8.8,9.2,9.3,9.3,9.3,9.2,9.3,9.9,9.8,9.8,9.7,10.1,9.9
067043,9.5,10.1,9.6,10.1,10.2,10.4,10.2,10.1,10.2,10.4,10.7,10.6,10.8,10.8,11.1,11.4,11.1,11.1,11.2,11.4,11.6,11.5,11.5,11.7,11.6
067044,8.9,9.0,8.8,9.1,9.1,9.0,9.1,9.0,9.1,9.3,9.7,9.7,9.8,9.6,10.1,9.8,10.2,9.7,10.1,9.8,10.2,10.0,10.0,10.4,10.1
067045,7.6,7.5,7.4,7.5,7.6,7.9,7.6,7.9,8.0,8.2,8.3,8.1,8.3,8.3,8.2,8.5,8.3,8.3,8.3,8.5,8.9,8.5,8.8,8.7,8.7
067046,9.4,9.3,9.5,9.4,9.6,9.8,9.8,9.7,9.8,10.2,10.4,10.0,10.3,10.6,10.5,10.7,11.6,11.0,11.2,10.9,11.1,11.2,11.5,11.4,11.7
067047,9.7,9.8,9.8,9.9,10.0,10.0,9.8,10.2,9.7,10.5,10.5,10.4,10.3,10.5,10.5,10.5,10.8,10.9,10.8,10.7,11.2,10.5,10.9,10.8,11.0
068001,9.2,9.2,9.4,9.0,9.1,9.1,9.3,9.1,9.1,9.4,9.6,9.1,9.5,9.2,9.2,9.7,9.3,9.4,9.4,9.5,9.9,9.5,9.3,9.3,9.7
068002,8.3,8.1,8.1,8.0,8.2,8.1,8.0,8.0,8.1,8.5,8.3,8.6,8.2,8.3,8.7,8.2,8.5,8.6,8.5,8.7,8.7,8.5,8.6,8.5,8.5
068003,7.9,8.0,8.1,8.1,8.1,8.0,8.2,8.3,8.4,8.2,8.5,8.7,8.6,8.6,8.8,8.8,8.6,9.0,8.9,9.0,9.3,8.9,9.4,9.1,9.4
068004,6.5,6.7,6.6,6.8,6.8,6.9,7.0,7.0,7.0,7.3,7.3,7.4,7.3,7.5,7.7,7.6,7.6,7.7,7.9,8.0,8.2,8.3,8.2,8.1,8.1
068005,6.9,6.7,6.9,6.9,7.1,7.1,7.1,7.2,7.2,7.3,7.4,7.5,7.5,7.4,7.3,7.5,7.8,7.5,7.7,7.5,7.6,7.6,7.8,7.7,8.0
068006,9.2,9.1,9.0,9.3,9.1,9.5,9.2,9.4,9.7,9.5,10.1,9.7,10.2,10.3,10.3,10.2,10.4,10.2,10.3,10.4,10.5,10.4,10.5,10.4,10.6
068007,7.7,7.9,7.6,7.9,8.1,8.0,8.1,8.4,8.4,8.6,8.8,8.4,8.8,8.6,8.8,9.2,9.0,9.3,9.2,9.6,9.8,9.3,9.5,9.8,9.9
068008,8.7,8.7,8.7,8.8,8.9,8.9,8.8,8.8,9.1,9.2,9.5,9.6,9.4,9.5,9.5,9.2,9.7,9.5,9.7,9.7,10.3,9.8,9.7,10.0,9.9
068009,9.0,8.5,8.7,8.8,8.6,8.6,8.8,8.7,8.9,9.2,9.2,9.2,9.3,9.3,9.1,9.2,9.4,9.2,9.1,9.1,9.4,9.5,9.5,9.4,9.3
068010,9.9,10.0,10.0,10.1,10.2,10.3,10.1,10.5,10.2,10.8,10.9,11.0,10.8,11.1,11.1,11.5,11.4,11.4,11.7,11.9,12.1,11.9,11.7,11.9,11.8
068011,9.1,9.0,9.1,9.2,9.0,9.1,8.8,9.2,9.1,9.3,9.4,9.3,9.4,9.4,9.3,9.5,9.5,9.6,9.6,9.3,9.9,9.5,9.5,9.3,9.9
068012,7.7,7.7,8.0,7.9,7.9,7.9,8.0,8.0,8.0,8.4,8.4,8.5,8.5,8.6,8.6,8.5,8.5,8.8,8.6,8.7,9.1,9.1,9.0,9.0,9.2
068013,9.1,9.3,9.4,9.4,9.6,9.5,9.6,9.8,9.8,9.9,10.0,10.2,10.6,10.4,10.2,10.3,10.7,10.9,10.7,11.0,11.2,11.1,11.1,10.9,11.1
068014,7.0,7.0,7.2,7.2,7.1,6.9,7.0,7.0,7.1,7.4,7.6,7.4,7.3,7.3,7.3,7.3,7.3,7.5,7.5,7.3,7.5,7.6,7.5,7.4,7.5
068015,8.0,8.2,8.4,8.3,8.4,8.6,8.6,8.7,8.7,9.1,9.2,9.7,9.4,9.6,9.4,9.6,9.5,10.0,9.9,10.0,10.4,10.3,10.3,10.5,11.0
068016,9.3,9.7,9.7,9.5,9.7,9.7,9.8,10.1,9.8,10.5,10.4,10.3,10.5,11.0,11.1,10.5,11.0,10.8,11.0,11.1,11.4,11.2,11.1,11.0,11.5
068017,7.5,7.6,7.7,7.8,7.9,7.8,7.9,7.8,7.9,8.3,8.3,8.3,8.3,8.4,8.4,8.6,8.4,8.7,8.7,8.7,9.0,9.0,9.1,8.8,9.1
068018,8.7,8.8,8.8,8.7,8.6,8.6,8.8,8.9,8.4,8.9,8.9,9.0,8.7,8.7,8.8,9.0,8.8,8.9,8.6,8.6,8.7,8.6,8.3,8.6,8.4
068019,8.0,8.1,8.1,7.8,7.8,8.0,8.3,8.3,8.1,8.4,8.3,8.2,8.6,8.4,8.6,8.5,8.5,8.6,8.5,8.7,9.2,8.6,8.3,8.8,8.5
068020,7.8,8.0,7.9,8.2,8.0,8.3,8.4,8.3,8.4,8.5,8.7,8.8,8.8,9.1,9.1,9.1,9.1,9.3,9.3,8.9,9.9,9.2,9.5,9.4,9.8
068021,9.8,9.8,10.2,10.0,10.0,10.2,10.4,10.7,10.6,11.4,11.4,11.2,11.4,11.6,11.7,12.4,12.3,11.9,12.6,12.4,13.0,13.0,12.8,13.0,13.4
068022,9.2,9.5,9.3,9.4,9.5,9.6,9.5,9.7,9.4,10.3,10.6,10.2,10.3,10.3,10.6,10.6,11.0,10.6,10.9,11.2,11.4,11.4,11.3,11.3,11.3
068023,8.3,8.3,8.7,8.8,8.7,8.7,9.0,9.1,9.1,9.6,9.8,9.6,9.9,9.6,10.2,10.1,10.6,10.5,10.8,10.6,11.0,10.7,11.1,11.4,11.5
068024,8.9,9.0,8.8,9.0,8.9,9.4,9.1,9.3,9.3,9.7,9.6,9.6,9.8,9.7,9.6,10.0,9.8,10.1,10.5,10.3,10.3,10.2,10.3,10.4,10.8
068025,8.3,8.5,8.6,8.3,8.4,8.5,8.6,8.6,9.0,8.9,9.3,8.9,9.4,9.2,9.7,9.4,9.2,9.4,9.4,9.8,9.8,9.9,9.6,9.7,10.0
068026,9.0,9.1,9.2,9.5,9.6,9.1,9.4,9.7,9.6,10.2,10.2,10.5,10.3,10.4,10.4,10.9,10.6,10.8,11.1,10.6,11.3,11.2,11.3,11.5,11.4
068027,6.9,7.3,7.1,7.3,7.3,7.3,7.4,7.4,7.6,7.8,7.6,7.7,7.8,8.0,7.9,7.8,8.1,7.8,8.0,8.1,8.1,8.3,8.1,8.0,8.1
068028,7.7,8.1,8.1,8.2,8.0,8.3,8.4,8.4,8.9,9.1,8.8,8.8,9.0,9.3,9.3,9.4,9.5,9.4,9.6,9.8,10.3,9.9,10.2,10.0,10.4
068029,8.4,8.2,8.2,8.2,8.5,8.5,8.4,8.3,8.4,8.6,8.6,8.7,8.9,8.9,9.1,9.0,8.9,9.2,9.3,9.3,9.5,9.0,8.9,9.1,9.2
068030,6.8,6.7,6.9,6.9,6.9,7.1,6.8,6.9,6.9,7.1,7.2,7.3,7.2,7.3,7.3,7.1,7.5,7.4,7.3,7.5,7.6,7.5,7.5,7.5,7.4
068031,8.2,8.6,8.6,8.8,8.8,8.7,8.8,8.9,9.0,9.5,9.4,9.5,9.3,9.7,9.6,9.4,9.4,9.6,10.0,9.8,10.4,10.0,9.9,10.0,10.0
068032,7.0,7.0,7.1,7.2,7.2,7.2,7.1,7.3,7.6,7.7,7.5,7.9,7.9,7.9,7.8,7.9,7.6,8.1,8.0,8.0,8.3,8.3,8.4,8.2,8.3
068033,9.4,9.3,9.2,9.6,9.6,9.8,9.5,9.8,9.8,10.4,10.1,10.6,10.6,10.6,10.8,10.8,11.0,11.0,11.0,11.1,11.4,11.1,11.6,11.0,11.6
068034,9.1,9.5,9.2,9.6,9.4,9.9,9.9,9.9,10.0,10.5,10.6,10.9,11.2,10.9,10.9,10.9,11.0,11.2,11.3,11.6,11.7,11.8,11.7,11.9,12.0
068035,8.5,8.4,8.3,8.5,8.4,8.7,8.7,8.8,8.9,9.4,9.3,9.5,9.8,9.7,9.4,9.6,9.6,10.2,9.9,9.9,10.1,10.1,10.2,10.1,10.1
068036,10.2,10.4,10.7,10.6,10.7,10.6,10.8,11.1,10.9,11.4,11.6,11.1,11.6,11.8,11.5,11.6,11.9,11.9,11.8,12.2,12.3,12.2,12.2,12.3,12.3
068037,8.1,8.3,8.5,8.4,8.6,8.4,8.6,8.7,8.7,9.1,9.3,9.4,9.4,9.5,9.5,9.5,9.3,9.8,9.9,9.8,9.9,9.9,10.2,10.1,10.3
068038,9.3,9.6,9.6,9.7,9.6,10.0,9.8,9.7,10.1,10.5,10.6,10.4,10.7,10.7,10.5,10.9,10.6,10.6,11.1,10.8,11.5,11.4,11.2,11.4,11.5
068039,9.0,8.8,8.8,8.5,8.5,8.6,8.6,8.8,8.7,9.1,9.1,9.0,9.2,9.3,9.0,9.0,9.3,9.1,9.3,9.2,9.3,9.4,9.5,9.5,9.4
068040,7.3,7.3,7.5,7.4,7.6,7.7,7.7,7.5,7.7,8.0,7.8,8.1,8.3,8.1,8.3,8.3,8.4,8.4,8.3,8.1,8.7,8.4,8.4,8.7,8.3
068041,9.8,9.8,9.7,10.1,9.9,9.8,10.4,10.4,10.2,10.7,10.9,11.1,11.1,11.3,10.8,11.6,11.5,11.5,11.9,11.1,11.8,11.5,12.1,12.2,12.0
068042,10.0,10.2,10.1,10.4,10.4,10.6,10.5,10.3,10.4,10.9,10.8,10.8,11.0,10.9,11.3,11.3,11.2,10.8,11.1,11.4,11.2,11.4,10.8,11.2,11.5
068043,6.9,6.8,6.8,7.1,7.2,7.2,7.1,7.3,7.3,7.5,7.6,7.8,7.6,7.8,8.2,7.9,8.1,8.4,8.0,8.3,8.6,8.7,8.5,8.8,8.6
068044,9.2,9.0,9.2,9.1,9.1,9.1,9.1,9.0,9.1,9.9,9.7,9.7,9.7,9.9,9.8,9.8,9.9,9.7,9.9,9.7,10.2,10.1,10.1,9.8,9.9
068045,7.2,7.4,7.5,7.4,7.6,7.7,7.9,7.7,7.8,8.1,8.0,8.3,8.3,8.3,8.3,8.4,8.5,8.7,8.7,8.6,8.7,8.7,9.1,9.0,9.0
068046,8.7,8.9,8.9,8.8,8.8,9.0,8.8,8.8,8.9,9.2,9.2,9.1,9.1,9.2,9.1,9.2,9.2,9.2,9.3,9.1,9.7,9.3,9.5,9.4,9.6
069001,9.4,9.3,9.2,9.8,9.6,9.6,9.8,9.9,10.1,10.0,10.6,10.5,10.6,11.0,11.0,11.2,11.1,11.1,11.6,11.2,11.7,12.2,11.9,11.7,11.9
069002,7.9,7.9,8.2,8.1,8.3,8.1,8.1,8.2,8.4,8.4,8.6,8.4,8.4,8.7,8.6,8.8,8.5,8.7,8.5,8.9,8.6,8.4,8.7,8.7,8.8
069003,7.4,7.5,7.5,7.6,7.7,7.5,7.6,7.7,7.7,7.9,7.9,8.1,8.0,8.0,8.0,8.2,8.2,8.0,8.4,8.2,8.2,8.3,8.2,8.3,8.3
069004,9.5,9.6,9.6,9.9,9.9,10.0,10.0,10.3,10.1,10.7,10.9,11.2,11.3,11.2,11.5,11.4,11.0,11.3,11.7,11.6,12.1,12.0,12.4,12.5,12.3
069005,7.9,8.0,8.2,8.2,8.1,8.2,8.3,8.2,8.3,8.7,8.8,8.6,8.7,8.7,8.9,8.8,8.8,8.8,8.9,8.9,9.2,9.2,9.0,9.1,9.2
069006,7.0,7.1,7.1,7.0,7.1,7.1,7.1,7.4,7.1,7.2,7.5,7.5,7.7,7.5,7.8,7.6,7.6,7.6,7.6,7.7,8.0,7.9,7.8,7.6,8.0
069007,9.3,9.3,9.3,9.3,9.1,9.4,9.1,9.1,9.4,9.9,9.5,9.8,9.7,9.8,10.1,9.7,9.8,9.6,10.1,10.0,9.9,10.0,9.7,9.7,9.8
069008,8.7,8.5,8.6,8.7,8.8,8.6,8.9,8.7,9.1,9.3,9.3,9.2,9.5,9.3,9.5,9.2,9.5,9.6,9.8,9.5,9.8,9.7,9.6,9.7,10.2
069009,9.0,9.2,9.2,9.4,9.3,9.4,9.3,9.6,9.8,10.1,10.1,10.3,10.2,10.5,10.4,10.4,10.8,10.7,10.7,10.8,11.3,10.8,11.3,11.3,11.3
069010,7.1,7.0,7.0,7.0,7.1,6.9,7.1,7.1,7.3,7.5,7.7,7.4,7.7,7.6,7.5,7.5,7.6,7.4,7.5,7.5,7.7,7.6,7.7,7.7,7.8
069011,9.1,9.0,9.3,9.3,9.1,9.3,9.3,9.1,9.5,10.0,9.9,9.8,9.7,9.9,9.8,10.0,10.0,10.2,10.3,10.4,10.5,10.6,10.5,10.4,10.5
069012,7.7,7.7,7.8,7.7,7.9,8.1,8.2,8.0,8.1,8.6,8.3,8.6,8.5,8.8,8.6,8.8,8.9,8.7,8.7,9.1,9.3,9.2,9.1,9.3,9.1
069013,9.3,9.1,9.0,9.1,9.3,9.3,9.7,9.5,9.6,10.1,10.2,9.8,10.5,10.3,10.4,10.5,10.7,10.9,10.8,11.0,11.0,10.9,11.1,11.5,10.9
069014,7.9,8.1,8.3,8.3,8.2,8.3,8.4,8.6,8.5,9.0,9.1,9.0,9.2,9.7,9.7,9.6,9.6,10.0,9.7,10.1,10.3,10.2,10.3,10.5,10.1
069015,7.9,7.8,8.1,8.1,8.0,8.1,8.0,8.1,7.9,8.3,8.2,8.4,8.2,8.3,8.3,8.6,8.4,8.3,8.3,8.3,8.5,8.3,8.4,8.5,8.5
069016,9.1,8.8,9.0,9.0,9.3,9.1,9.1,9.5,9.5,9.6,10.0,9.7,9.9,9.8,10.0,10.0,9.8,10.4,10.3,10.4,10.7,10.4,10.7,10.8,10.5
069017,7.4,7.6,7.5,7.7,7.6,8.0,8.0,7.8,7.9,8.4,8.4,8.3,8.6,8.9,8.5,8.7,8.7,8.6,8.7,9.1,9.3,9.1,9.1,9.2,9.6
069018,9.5,9.5,9.1,9.4,9.5,9.4,9.3,9.7,9.7,10.4,9.8,10.2,10.2,10.7,10.3,10.6,10.4,10.3,10.4,10.4,10.9,11.0,10.7,10.4,10.9
069019,7.5,7.3,7.5,7.7,7.7,7.7,7.8,7.7,7.8,7.9,8.1,8.3,8.1,8.2,8.4,8.2,8.5,8.5,8.5,8.3,8.7,8.7,8.7,8.9,9.1
069020,8.2,8.4,8.3,8.6,8.6,8.5,8.5,8.5,8.3,8.6,8.7,8.4,8.6,8.6,8.6,8.5,8.5,8.4,8.6,8.6,9.1,8.5,8.6,8.3,8.5
069021,8.3,8.6,8.5,8.3,8.3,8.4,8.4,8.2,8.4,9.0,8.6,8.8,8.9,8.8,9.0,8.7,9.2,9.1,8.9,9.0,9.0,9.1,8.7,8.8,8.7
069022,8.7,8.5,8.8,8.9,8.8,8.9,9.0,9.0,9.2,9.3,9.3,9.7,9.8,9.9,9.8,10.0,10.1,10.0,10.3,10.3,10.4,10.4,10.6,10.5,10.5
069023,9.7,9.8,9.6,9.9,9.5,9.6,9.8,9.7,9.9,10.0,10.2,10.3,9.8,10.0,9.9,9.9,10.0,9.9,10.1,10.1,10.1,9.7,10.1,9.7,9.7
069024,8.2,8.4,8.3,8.1,8.4,8.4,8.5,8.4,8.7,8.9,8.7,8.5,9.0,9.1,9.4,9.1,9.2,9.3,9.3,9.4,9.5,9.4,9.6,9.6,9.7
069025,8.5,8.1,8.2,7.9,8.4,8.1,8.4,8.2,8.3,8.6,8.6,9.0,8.6,8.7,8.4,8.7,8.7,8.7,8.7,8.7,8.8,8.7,8.6,8.7,8.8
069026,8.9,8.9,9.0,9.2,9.5,9.3,9.4,9.5,9.6,10.1,9.8,10.0,10.3,10.2,10.2,10.7,10.9,10.5,11.1,10.7,11.4,11.5,11.2,11.1,11.4
069027,9.6,9.6,9.6,9.7,9.7,9.9,10.0,10.0,10.0,10.2,10.8,10.6,10.8,11.2,10.7,11.0,11.1,10.7,11.0,11.3,11.6,11.3,11.6,11.4,11.6
069028,8.3,8.6,8.5,8.5,8.6,8.5,8.8,8.4,8.4,8.8,8.9,8.8,8.6,9.0,8.8,8.8,8.9,9.2,9.2,9.2,9.4,9.1,9.0,9.1,9.0
069029,8.9,9.1,9.2,9.3,9.3,9.1,9.6,9.6,9.6,9.9,9.9,10.3,10.5,10.4,10.4,10.5,10.8,10.9,11.0,10.8,11.3,10.8,11.3,11.2,11.5
069030,8.2,8.3,8.2,8.3,8.6,8.8,8.5,8.6,9.0,9.3,9.2,9.5,9.5,9.5,9.7,9.7,9.8,9.8,9.9,10.1,10.4,10.4,10.5,10.8,10.6
069031,8.0,8.3,8.2,8.1,8.2,8.7,8.6,8.7,8.6,8.9,9.1,9.0,9.2,9.5,9.7,9.7,9.7,9.5,9.9,10.2,10.4,10.2,10.5,10.2,10.6
069032,7.8,7.6,7.8,7.9,7.9,7.9,8.0,7.7,8.0,8.1,8.2,8.2,8.1,8.5,8.2,8.4,8.4,8.4,8.4,8.3,8.5,8.4,8.4,8.3,8.6
069033,9.2,9.1,8.7,9.2,9.0,9.1,9.4,9.1,9.5,9.7,10.0,9.9,9.3,9.6,9.7,9.7,9.6,9.7,9.6,9.9,9.8,9.8,10.0,10.1,9.9
069034,9.6,9.7,9.9,9.9,9.9,10.0,9.8,9.7,9.9,10.6,10.5,10.8,10.7,10.8,11.1,10.7,10.9,11.0,11.0,11.4,11.6,11.2,11.2,11.3,11.2
069035,8.8,8.9,8.9,8.9,9.3,9.2,9.6,9.6,9.4,9.9,10.0,9.9,10.3,10.3,10.3,10.3,10.5,10.5,10.9,10.4,11.3,11.3,11.0,11.0,11.5
069036,8.6,8.4,8.6,8.6,8.7,8.8,8.8,8.9,8.8,9.4,9.3,9.3,9.5,9.3,9.4,9.7,9.7,9.9,10.1,9.7,10.0,10.0,9.8,9.9,9.7
069037,9.9,10.1,10.1,9.9,9.8,9.8,10.1,10.0,9.9,10.7,10.4,10.5,10.5,10.6,10.7,10.3,10.5,10.8,10.5,10.4,10.8,11.0,10.6,10.9,10.6
069038,11.1,11.0,10.6,10.9,10.9,11.0,11.1,11.1,10.6,11.5,11.6,11.5,11.4,11.8,11.6,11.6,11.7,11.5,11.6,11.9,11.9,11.7,11.9,12.0,11.5
069039,8.1,8.1,8.3,8.4,8.3,8.4,8.6,8.5,8.5,8.8,8.7,8.9,8.8,9.0,9.0,9.2,8.8,9.1,9.0,9.1,9.2,9.6,9.4,9.0,9.5
069040,10.0,9.9,10.2,10.1,10.1,10.4,10.6,10.6,10.6,10.8,11.3,11.2,11.5,11.5,11.5,12.0,11.5,11.8,12.3,12.2,12.4,12.2,12.3,12.6,12.6
069041,9.3,9.4,9.2,9.5,9.4,9.6,9.3,9.4,9.6,9.8,9.9,10.4,10.1,10.2,10.2,10.4,10.3,10.5,10.2,10.3,10.5,10.5,10.1,10.3,10.4
069042,7.7,7.8,7.9,8.0,7.9,8.2,8.2,8.1,8.1,8.3,8.3,8.5,8.7,8.5,8.7,8.8,8.7,8.7,8.6,8.9,8.9,9.0,8.9,8.9,8.8
069043,7.8,7.7,7.6,7.7,7.7,7.8,8.0,7.8,7.8,8.3,8.1,8.4,8.1,8.2,8.3,8.3,8.6,8.4,8.5,8.6,8.9,8.7,8.8,8.7,8.7
069044,9.9,9.9,9.9,10.1,10.1,10.0,10.2,9.9,10.1,10.6,10.5,10.9,10.5,10.8,10.5,10.4,11.2,10.8,11.1,10.6,11.5,11.1,10.9,11.2,11.0
069045,10.1,9.9,9.9,10.0,10.6,10.2,10.6,10.7,10.8,11.0,10.8,11.6,11.3,11.9,11.9,11.6,12.1,12.2,12.2,12.3,13.0,12.5,12.9,13.0,13.2
069046,9.2,9.4,9.3,9.4,9.4,9.7,9.6,9.5,9.3,10.0,9.6,9.9,9.8,9.9,9.9,9.6,9.9,9.9,10.0,9.9,9.9,10.2,9.8,10.1,10.1
069047,7.6,7.9,7.9,7.8,7.5,8.0,8.1,7.7,8.0,8.0,8.1,8.5,8.4,8.4,8.5,8.5,8.3,8.7,8.7,8.7,8.8,8.6,8.7,8.6,8.7
069048,8.7,8.5,8.7,8.7,8.8,8.7,8.8,9.2,9.1,9.4,9.5,9.6,9.9,9.7,9.6,9.9,10.0,9.7,10.2,10.4,10.5,10.2,10.3,10.4,10.6
069049,7.6,7.6,7.6,7.7,7.8,7.6,7.8,7.8,7.7,8.2,8.3,8.2,8.4,8.6,8.4,8.4,8.4,8.4,8.5,8.8,8.7,8.8,8.8,8.9,9.0
069050,9.1,9.2,9.3,9.0,9.1,9.2,9.1,9.3,9.5,9.9,10.1,10.2,10.5,9.8,10.0,10.5,10.4,10.3,10.6,10.6,10.7,10.9,10.6,10.7,10.9
069051,9.8,9.9,9.8,9.9,10.0,9.8,10.3,9.9,10.3,10.5,10.6,11.1,10.7,11.1,11.3,11.5,11.3,11.5,11.8,11.8,12.4,11.9,12.0,12.4,12.4
069052,9.2,9.2,8.8,9.2,9.5,9.4,9.5,9.6,9.6,9.7,10.0,10.2,10.1,10.5,10.2,10.4,10.2,10.6,10.5,10.4,11.0,11.0,10.7,10.8,10.7
069053,8.5,8.5,8.6,8.8,8.6,8.7,8.6,8.9,8.8,9.0,9.2,9.2,9.4,9.3,9.5,9.3,9.6,9.9,9.3,9.6,9.7,9.7,9.6,9.7,10.1
069054,8.7,8.5,8.8,8.8,9.0,9.0,9.1,9.0,9.2,9.4,9.7,9.8,9.7,10.1,9.7,10.2,10.0,10.5,10.2,10.3,10.5,10.4,10.8,10.5,10.9
069055,7.1,7.3,7.3,7.3,7.3,7.3,7.4,7.5,7.5,7.6,7.9,8.2,8.0,8.2,8.2,8.2,8.3,8.4,8.5,8.5,8.6,8.5,8.7,8.8,8.8
069056,7.7,8.0,8.0,7.9,8.1,8.4,8.2,8.3,8.2,8.6,8.5,8.3,8.5,8.4,8.5,8.5,8.5,8.5,8.7,8.4,8.8,8.6,8.7,8.8,8.8
069057,10.0,10.0,9.7,9.9,9.9,9.7,9.9,10.2,10.4,10.4,10.4,10.5,10.4,10.5,10.7,10.4,10.7,10.8,10.7,10.7,10.6,10.9,10.8,10.6,10.8
069058,9.0,8.8,8.9,9.0,8.8,9.2,9.2,9.3,9.2,9.8,9.6,10.0,9.8,10.1,10.0,10.0,10.3,10.3,10.5,10.2,10.7,10.5,10.7,11.1,10.5
069059,8.9,8.8,8.9,9.0,8.8,9.1,9.2,9.2,9.0,9.3,9.5,9.5,10.0,9.6,9.7,9.7,9.8,9.9,9.9,10.1,10.0,9.8,10.2,10.0,10.2
069060,8.3,8.4,8.5,8.5,8.6,8.7,8.4,8.5,8.7,9.0,8.8,9.2,8.9,8.8,9.1,9.1,9.2,9.1,9.1,9.0,9.3,9.3,9.3,9.5,9.2
069061,8.0,8.0,8.0,7.8,8.1,7.9,8.0,8.2,7.9,8.1,8.2,8.4,7.9,8.2,8.2,8.0,8.1,8.1,8.1,8.2,8.3,8.2,8.2,8.1,8.3
069062,7.8,8.0,7.9,7.9,8.1,7.9,8.2,8.4,8.6,8.7,8.7,9.0,8.8,8.7,9.1,9.0,9.3,9.2,9.4,9.3,9.6,9.6,9.5,9.5,9.7
069063,7.5,7.5,7.4,7.5,7.5,7.5,7.6,7.8,7.9,8.2,8.2,8.2,8.1,8.2,8.6,8.6,8.5,8.5,8.9,8.9,9.2,9.0,8.7,8.8,9.1
069064,9.1,9.0,8.9,8.7,9.1,8.7,8.8,9.0,9.1,9.1,9.2,9.5,9.5,9.3,9.5,9.5,9.5,9.4,9.7,9.7,9.6,9.4,9.6,9.6,9.9
069065,7.3,7.3,7.3,7.4,7.4,7.5,7.5,7.5,7.7,7.9,8.1,8.1,8.3,8.0,8.2,8.1,8.3,8.4,8.4,8.4,8.6,8.7,8.8,8.8,8.6
069066,10.1,9.8,9.9,10.1,10.1,10.4,10.4,10.6,10.9,11.1,11.4,11.2,11.6,11.6,11.5,12.2,11.8,11.6,12.1,12.4,12.9,13.1,13.0,12.9,12.8
069067,9.0,8.9,9.2,9.0,9.2,8.9,9.1,9.5,9.1,9.5,9.5,9.5,9.4,9.5,9.5,9.5,9.4,9.6,9.7,9.8,9.5,9.9,9.6,9.6,9.6
069068,8.4,8.3,8.6,8.5,8.5,8.8,8.9,9.0,8.8,9.4,9.2,9.5,9.9,9.8,9.8,10.4,10.1,10.4,10.6,10.5,10.8,11.0,10.9,11.1,11.5
069069,5.7,5.9,5.9,6.0,6.0,5.9,6.1,5.9,6.0,6.2,6.2,6.3,6.2,6.2,6.3,6.4,6.4,6.6,6.4,6.4,6.6,6.5,6.6,6.3,6.5
069070,9.4,9.5,9.5,9.6,9.6,9.8,9.8,9.9,9.9,10.3,11.0,10.6,11.1,10.8,11.0,11.2,11.2,11.6,11.3,11.3,11.7,11.6,11.5,11.9,12.1
069071,7.4,7.4,7.5,7.2,7.3,7.5,7.5,7.6,7.4,7.8,7.8,8.0,7.8,8.1,7.9,8.1,8.0,8.1,7.9,7.9,8.2,7.9,7.9,8.0,8.1
069072,10.0,9.8,10.3,10.2,10.6,10.2,10.1,10.3,10.7,10.9,10.9,11.3,11.2,11.2,11.4,11.8,11.9,11.7,12.1,12.1,12.3,11.7,11.8,12.2,12.3
069073,11.0,10.6,10.7,10.7,10.9,11.1,10.8,10.7,10.8,11.6,11.3,11.3,11.9,11.4,11.4,12.0,11.9,11.9,12.1,11.8,12.1,12.1,11.8,11.9,12.1
069074,7.9,8.1,8.0,8.2,8.5,8.7,8.9,8.7,8.8,9.4,9.4,9.7,9.8,9.8,10.1,10.4,10.4,10.2,10.6,10.7,10.9,11.5,11.4,11.5,12.0
069075,10.3,10.6,10.9,10.8,11.1,11.0,11.2,11.1,11.2,12.0,11.7,12.2,12.2,11.7,12.4,12.8,12.4,12.4,13.0,12.9,13.4,13.0,12.7,13.6,13.9
069076,9.9,9.7,10.0,10.1,10.3,10.4,10.4,10.5,10.9,11.4,11.3,11.2,11.6,11.6,11.8,12.0,12.3,11.8,12.7,12.6,13.4,12.0,13.1,12.8,13.2
069077,8.6,8.5,8.6,8.8,8.6,8.8,9.0,8.9,9.2,9.7,9.4,9.4,9.7,9.5,9.6,9.8,10.0,9.7,9.9,10.2,10.5,10.3,10.6,10.5,10.4
069078,9.2,9.1,9.2,9.2,9.2,9.3,9.5,9.3,9.4,9.8,9.5,10.2,9.7,9.9,10.0,9.7,9.8,9.7,9.9,9.8,10.3,9.9,10.0,9.8,10.3
069079,8.8,8.9,9.0,8.8,8.8,9.2,9.4,9.3,9.6,9.7,9.9,9.7,10.1,9.8,10.0,10.0,10.4,10.5,10.0,10.4,10.5,10.4,10.6,10.5,10.6
069080,9.4,9.3,9.7,9.6,9.7,9.9,9.8,10.1,10.2,10.6,10.8,11.2,11.3,11.4,11.9,11.4,11.7,11.7,11.9,12.2,12.1,12.7,12.8,12.5,12.7
069081,8.6,8.5,8.4,8.6,8.7,8.8,8.4,8.2,8.5,8.7,8.7,8.7,8.8,8.7,8.5,8.5,8.5,8.3,8.7,8.4,8.9,8.3,8.5,8.4,8.4
069082,10.5,10.1,10.1,10.4,10.4,10.5,10.6,10.5,10.7,11.0,11.0,11.2,11.3,11.5,11.2,11.4,11.7,11.2,11.5,11.6,11.9,11.2,11.6,12.0,11.9
069083,8.3,8.4,8.4,8.5,9.1,8.7,9.1,9.0,9.3,9.7,10.0,9.8,10.0,10.3,10.4,10.8,11.2,10.9,11.0,11.3,11.9,11.3,12.2,11.8,11.9
069084,8.0,7.9,8.3,8.1,8.3,7.9,8.2,8.2,8.1,8.5,8.5,8.6,8.3,8.6,8.5,8.7,8.4,8.5,8.3,8.4,8.7,8.5,8.5,8.6,8.6
069085,9.6,9.7,10.1,10.0,9.6,10.3,10.3,10.4,10.4,10.9,11.0,11.2,11.2,11.2,11.4,11.5,11.7,11.9,11.9,11.8,12.5,12.3,12.4,12.7,12.7
069086,9.8,10.0,10.3,10.0,10.4,10.3,10.2,11.1,10.7,10.9,11.3,11.2,11.3,11.8,11.9,12.1,11.9,12.3,12.3,12.4,12.8,12.9,12.9,13.0,13.6
069087,8.1,8.1,8.1,8.3,8.3,8.2,8.4,8.5,8.3,8.5,8.2,8.5,8.3,8.8,8.8,8.6,8.7,8.7,8.8,8.5,8.9,8.7,8.8,8.6,8.8
069088,8.7,9.0,9.3,9.4,9.2,9.1,9.3,9.2,9.6,10.0,10.2,9.9,9.9,10.2,10.1,10.2,10.4,10.3,10.7,10.5,11.1,10.9,10.8,10.6,11.0
069089,9.5,9.4,9.7,9.6,9.8,9.9,10.0,10.2,10.0,10.5,10.6,10.6,10.5,10.8,10.7,11.0,11.0,11.3,11.1,11.5,11.7,11.2,11.8,11.2,11.9
069090,7.8,8.2,8.0,8.1,8.1,8.0,8.0,7.9,8.2,8.5,8.3,8.3,8.1,8.4,8.2,8.1,8.4,8.2,8.4,8.5,8.7,8.4,8.7,8.3,8.6
069091,8.6,8.5,8.6,8.6,8.6,8.9,8.8,9.0,8.8,9.1,9.2,9.5,9.7,9.5,9.8,9.6,9.5,10.1,9.8,9.7,10.2,10.1,10.3,10.4,10.5
069092,8.7,8.8,9.0,8.8,9.0,9.3,9.1,9.3,9.3,9.8,9.4,9.8,10.4,9.9,10.0,10.5,10.2,9.9,10.7,10.6,10.8,10.5,10.5,10.7,10.8
069093,8.3,8.6,8.7,8.7,8.6,8.8,8.5,8.8,8.7,9.1,9.4,8.9,9.2,9.3,9.2,9.3,9.2,9.4,9.4,9.3,9.7,9.3,9.6,9.5,9.2
069094,7.2,7.5,7.8,7.7,7.9,7.9,7.8,8.0,7.9,8.7,8.6,8.9,8.9,8.8,8.9,9.2,9.3,9.4,9.5,9.6,10.2,10.0,9.8,10.4,10.1
069095,7.5,7.5,7.4,7.6,7.5,7.5,7.8,7.8,7.8,8.0,8.0,8.0,8.5,8.1,8.3,8.1,8.1,8.4,8.5,8.5,8.6,8.7,8.6,8.5,8.6
069096,8.0,7.9,8.0,8.1,8.1,8.3,8.2,8.3,8.7,8.8,8.9,8.9,9.1,9.0,9.1,9.1,9.4,9.7,9.3,9.7,9.9,10.0,9.9,9.9,10.3
069097,7.5,7.7,7.5,7.7,7.7,8.1,8.1,8.0,8.1,8.5,8.4,8.6,8.8,8.8,9.0,9.1,9.2,9.4,9.3,9.1,9.5,9.4,9.5,9.5,9.5
069098,7.6,7.5,7.7,7.6,8.0,7.9,7.9,8.2,8.3,8.6,8.8,8.7,8.6,8.9,8.8,8.9,9.3,9.4,9.2,9.5,9.7,9.9,9.6,9.7,10.3
069099,7.1,7.2,7.3,7.1,7.4,7.4,7.5,7.5,7.5,7.7,7.9,7.9,7.8,8.1,7.8,8.2,8.2,8.0,8.3,8.2,8.4,8.5,8.4,8.4,8.6
069100,6.4,6.4,6.6,6.5,6.5,6.5,6.6,6.6,6.6,6.9,7.0,7.1,6.9,7.1,6.9,7.1,7.1,7.3,7.1,7.3,7.4,7.3,7.2,7.3,7.5
069101,9.9,9.8,9.8,10.2,9.8,10.1,10.0,9.9,10.0,10.8,10.4,10.7,10.5,10.6,10.6,10.7,11.1,10.8,11.0,10.8,11.3,11.2,11.2,11.2,11.5
069102,7.8,7.6,7.9,7.9,7.9,7.9,7.7,8.0,7.9,8.2,8.2,8.1,8.5,8.4,8.7,8.5,8.6,8.5,8.6,8.4,9.0,8.8,9.0,8.7,8.7
069103,10.1,9.7,9.9,9.8,10.1,10.3,10.2,10.3,10.3,11.2,11.2,11.5,11.3,11.3,11.6,11.9,11.5,11.8,11.8,12.2,12.6,12.3,12.4,13.0,13.2
069104,8.6,8.3,8.6,8.5,8.3,8.6,8.4,8.5,8.4,8.7,8.5,8.6,8.5,8.4,8.4,8.5,8.3,8.3,8.1,8.1,8.4,8.2,8.2,8.0,8.1
070001,8.3,8.7,8.7,8.6,8.6,8.5,8.7,8.8,8.7,9.1,8.9,9.1,8.9,9.2,9.2,8.9,9.5,9.4,9.7,9.5,9.6,9.7,9.7,9.5,9.3
070002,6.7,6.7,6.9,6.9,6.9,7.0,7.0,7.0,7.3,7.5,7.4,7.7,7.7,7.7,7.9,7.8,8.0,8.1,8.0,8.5,8.5,8.2,8.6,8.7,8.6
070003,7.1,7.6,7.3,7.7,7.4,7.4,7.7,7.8,7.7,8.0,8.0,8.1,8.2,8.3,8.6,8.5,8.6,8.5,8.6,8.8,9.1,8.8,9.2,9.0,9.0
070004,8.2,8.2,8.3,8.6,8.5,8.5,8.4,8.6,8.5,8.9,9.1,9.0,9.0,9.3,9.2,9.5,9.3,9.5,9.9,9.7,10.0,9.6,9.6,9.7,9.8
070005,9.2,9.0,9.0,9.2,9.2,9.4,9.2,9.4,9.3,9.8,10.2,10.2,9.7,10.2,10.0,9.8,10.2,10.2,10.4,10.3,10.7,10.4,10.4,10.7,10.6
070006,8.8,9.0,8.8,9.2,8.9,9.4,9.2,9.1,9.2,9.7,9.9,9.9,9.8,10.2,10.2,10.4,10.5,10.4,10.2,10.7,11.0,10.5,10.7,10.8,10.8
070007,8.6,8.4,8.6,8.4,8.6,8.6,8.6,8.6,8.5,9.2,9.1,9.1,9.0,9.2,9.3,9.3,9.2,9.4,9.4,9.4,9.5,9.2,9.2,9.4,9.3
070008,9.3,9.9,9.6,9.6,9.8,9.9,9.8,9.9,9.8,10.1,10.2,10.0,10.4,10.0,10.3,10.3,10.0,10.2,10.6,10.2,10.6,10.1,10.4,10.3,10.4
070009,10.4,10.2,10.1,10.3,10.3,10.4,10.3,10.5,10.8,11.0,11.2,11.2,11.3,11.0,11.4,11.2,11.4,11.4,11.6,11.3,11.8,11.6,11.7,11.9,11.9
070010,8.5,8.7,8.4,8.9,8.5,8.4,8.3,8.8,8.7,8.8,9.0,8.8,8.7,9.1,9.1,9.1,9.0,9.1,9.0,9.1,9.1,8.9,8.8,9.2,9.1
070011,7.1,6.9,7.0,6.9,6.9,6.8,6.8,6.9,6.8,7.1,6.8,6.8,7.0,6.9,6.9,6.7,6.8,6.8,6.8,6.7,6.8,6.6,6.7,6.5,6.4
070012,9.0,9.1,9.0,9.1,9.2,9.4,9.2,9.4,9.6,9.7,10.1,9.9,10.4,10.1,10.4,10.4,10.4,10.6,10.8,11.0,11.2,11.0,11.0,11.2,11.1
070013,8.5,8.7,8.4,8.6,8.8,8.8,8.6,9.1,8.8,9.1,9.2,9.5,9.5,9.4,9.6,9.2,9.2,9.6,9.4,9.6,9.8,9.5,9.5,9.6,10.0
070014,9.4,9.9,9.7,9.9,9.8,9.6,9.7,9.5,9.7,9.8,9.7,9.8,9.7,9.7,9.7,9.9,9.6,9.6,9.8,9.7,9.9,9.7,9.7,9.5,9.6
070015,7.0,7.4,7.4,7.5,7.4,7.5,7.3,7.5,7.6,7.9,7.7,7.9,7.9,8.0,7.9,7.9,7.9,8.1,8.1,7.9,8.2,8.2,7.9,8.3,8.3
070016,8.5,8.4,8.4,8.8,8.6,8.5,8.5,8.7,8.8,9.1,9.5,9.3,9.1,9.1,9.1,9.4,9.5,9.5,9.6,9.4,10.0,9.7,9.6,9.6,9.6
070017,9.7,9.7,9.9,9.9,10.5,10.2,10.4,10.5,10.5,11.3,11.5,11.4,11.4,11.8,11.9,11.7,12.2,12.1,12.5,12.5,12.8,13.0,13.5,13.2,13.5
070018,8.1,8.2,8.2,8.2,8.1,8.3,8.3,8.1,8.1,8.7,8.4,8.6,8.6,8.5,8.5,8.5,8.5,8.5,8.5,8.7,9.3,8.4,8.8,8.9,8.7
070019,9.2,9.2,9.4,9.3,9.2,9.3,9.4,9.4,9.6,9.9,9.8,10.2,9.7,9.8,9.9,10.0,9.8,9.9,9.8,10.0,10.4,10.2,10.2,9.9,10.3
070020,8.6,8.9,9.0,8.8,9.1,8.8,9.2,9.2,9.1,10.0,9.8,9.8,10.1,9.9,10.1,10.3,10.2,10.3,10.0,10.7,10.8,10.6,10.5,10.9,10.7
070021,8.6,8.6,8.6,8.5,8.8,8.6,8.6,8.7,8.7,9.0,8.8,8.9,8.7,9.0,8.8,9.0,9.1,9.0,8.8,9.2,9.5,8.8,9.1,9.1,9.0
070022,8.4,8.6,8.7,8.6,8.7,8.6,8.8,8.8,8.9,8.9,9.4,9.5,9.3,9.3,9.5,9.7,9.8,9.6,9.9,9.9,10.1,10.2,9.6,10.2,10.5
070023,9.2,9.5,9.3,9.5,9.5,9.5,9.3,9.7,9.5,10.5,10.0,10.0,10.4,10.4,10.3,10.4,10.3,10.8,10.7,10.8,11.2,10.9,10.9,10.9,10.9
070024,8.3,8.6,8.5,8.7,8.7,8.6,8.5,8.8,8.4,9.0,8.9,8.9,9.2,9.2,9.3,9.0,9.2,9.2,9.4,9.3,9.6,9.3,9.1,9.4,9.4
070025,8.5,8.2,8.3,8.4,8.6,8.6,8.5,8.9,8.9,9.2,9.3,9.4,9.1,9.1,9.3,9.6,9.6,9.7,9.6,9.7,10.2,9.9,10.4,10.0,10.4
070026,8.1,8.1,7.9,8.2,8.1,8.1,8.4,8.1,8.4,8.6,8.8,8.7,9.0,9.1,9.1,9.3,9.1,9.3,9.7,9.6,9.9,9.6,9.8,9.6,10.0
070027,9.4,9.7,10.0,10.2,10.2,10.3,10.3,10.7,10.9,11.2,11.8,11.3,11.2,11.9,11.7,12.3,12.2,12.3,12.2,12.4,13.4,12.8,13.0,13.8,12.9
070028,9.5,9.5,9.7,9.5,9.6,10.0,9.8,10.0,10.0,10.0,10.2,10.4,10.4,10.6,10.2,10.3,10.6,10.4,10.1,10.3,10.8,10.7,10.7,10.8,10.6
070029,6.2,6.2,6.2,6.4,6.3,6.4,6.4,6.6,6.5,6.8,6.7,7.0,7.0,7.1,7.2,7.2,7.2,7.2,7.3,7.4,7.7,7.5,7.3,7.6,7.7
070030,8.3,8.3,8.2,8.3,8.3,8.5,8.6,8.7,9.0,9.1,9.0,9.1,9.2,9.2,9.4,9.3,9.4,9.4,9.3,9.5,9.9,9.4,9.6,9.7,9.9
070031,10.5,10.3,10.5,10.7,10.6,10.5,10.7,10.7,10.5,10.9,10.9,11.1,11.1,11.2,11.0,11.3,11.0,11.4,11.0,11.5,11.7,11.2,11.7,11.4,11.4
070032,8.3,8.1,8.7,8.4,8.2,8.5,8.4,8.5,8.8,9.0,9.4,9.0,9.1,9.2,9.2,9.1,9.2,9.7,9.5,9.8,10.2,10.1,10.1,10.0,9.8
070033,8.8,9.1,9.0,9.3,9.0,9.2,9.4,9.3,9.3,9.5,9.6,9.9,9.9,10.0,10.1,9.8,9.9,9.9,10.0,10.0,10.8,10.4,10.4,10.7,10.6
070034,8.1,7.9,8.0,8.3,8.1,8.0,8.0,8.1,8.2,8.4,8.6,8.5,8.6,8.7,8.5,8.8,8.7,8.8,8.8,9.0,9.6,8.9,9.0,9.2,9.2
070035,8.0,8.2,7.9,8.1,8.2,8.1,8.3,8.0,8.3,8.4,8.8,8.5,8.6,8.9,8.6,8.6,8.8,8.7,8.8,9.1,8.9,8.9,9.1,9.0,8.9
070036,9.0,9.1,9.3,9.2,9.1,9.3,9.5,9.8,9.6,10.0,10.3,10.0,10.1,10.6,10.8,10.4,10.7,10.6,10.7,11.2,11.6,11.1,11.3,11.5,11.5
070037,8.7,8.8,8.9,9.1,8.9,9.0,9.1,9.2,9.1,9.4,9.6,9.5,9.9,9.8,9.6,9.8,10.0,10.3,9.9,10.2,10.5,10.2,10.1,10.5,10.5
070038,9.1,9.2,9.1,9.2,9.1,9.0,8.9,9.2,9.3,9.3,9.5,9.8,9.7,9.7,9.9,9.3,10.0,9.7,10.1,9.8,10.1,9.9,10.0,10.0,10.1
070039,8.4,8.4,8.6,8.6,8.5,8.6,8.7,8.8,8.7,8.8,9.1,8.9,9.0,9.1,9.1,9.1,9.5,9.3,9.1,9.6,9.8,9.5,9.6,9.7,9.4
070040,8.8,8.6,8.7,8.7,9.1,9.0,9.2,9.3,9.7,9.7,9.7,10.0,10.1,10.2,10.5,10.2,10.6,10.7,10.4,10.5,11.1,11.1,11.0,11.2,11.3
070041,10.4,10.2,10.3,10.6,10.2,10.3,10.3,10.9,10.8,11.1,11.2,11.3,11.2,11.6,11.3,11.4,12.2,11.6,12.0,11.9,12.0,12.0,12.0,12.3,12.4
070042,9.6,9.8,9.7,9.9,9.7,9.7,10.1,10.0,10.2,10.5,10.5,10.7,10.8,10.7,10.7,10.6,10.9,10.8,10.8,10.6,11.6,10.9,11.1,11.2,11.2
070043,9.2,8.9,9.4,9.4,9.7,9.8,9.6,9.8,10.1,10.5,11.2,10.6,10.8,11.0,11.4,11.8,11.8,11.6,12.1,12.2,12.6,12.7,12.6,13.1,13.3
070044,8.1,8.3,8.5,8.6,8.5,8.7,8.8,8.9,9.0,9.6,9.5,9.8,9.6,10.0,10.4,10.1,10.5,10.4,10.5,10.6,11.1,10.9,11.2,11.1,11.3
070045,9.8,9.6,9.5,9.8,9.9,9.8,9.7,9.8,10.0,10.0,10.4,10.2,10.4,10.3,10.3,10.4,10.2,10.4,10.7,10.5,10.6,10.1,10.3,10.6,10.4
070046,9.2,9.3,9.3,9.1,9.2,9.6,9.0,9.4,9.5,9.7,9.8,9.9,9.9,9.8,9.9,10.2,10.1,10.3,10.2,10.2,10.5,10.5,9.9,10.5,10.4
070047,9.3,9.5,9.5,9.7,9.6,9.7,9.7,10.1,9.9,10.2,10.4,10.8,10.8,10.9,10.9,10.9,10.8,11.0,11.2,11.4,12.0,11.4,11.6,11.7,12.0
070048,8.5,8.4,8.7,8.5,8.4,8.5,8.9,8.8,8.8,9.4,9.5,9.3,9.4,9.5,9.6,9.6,9.5,9.5,9.7,10.0,10.3,10.1,10.3,10.0,10.3
070049,8.4,8.4,8.6,8.9,8.7,8.7,9.1,9.0,9.0,9.3,9.7,9.8,9.7,9.8,9.7,10.1,10.4,10.1,9.9,10.0,10.8,10.4,10.5,10.2,11.0
070050,7.8,7.7,7.6,8.0,7.9,7.9,7.9,7.7,7.9,8.2,8.5,8.6,8.6,8.6,8.5,8.3,8.7,8.7,8.6,8.8,9.1,8.9,8.8,9.0,9.1
070051,9.7,9.5,9.7,9.4,9.8,10.0,9.9,9.6,10.0,10.4,10.1,10.5,10.5,10.3,10.7,10.7,10.6,10.4,10.6,11.0,10.8,10.8,10.7,10.6,10.9
070052,7.7,7.5,7.8,7.9,7.9,8.0,8.0,8.1,8.1,8.5,8.8,8.5,8.5,8.9,9.1,8.6,9.2,9.0,9.1,9.2,9.5,9.4,9.3,9.7,9.6
070053,7.8,8.1,8.2,8.2,8.2,8.2,8.5,8.4,8.5,8.9,8.5,9.2,8.9,9.1,8.9,9.3,9.3,9.4,9.5,9.6,9.9,9.6,9.8,9.8,10.0
070054,8.8,8.7,9.0,9.0,9.0,9.0,9.2,8.9,9.4,9.6,9.7,9.7,9.8,9.9,10.0,10.0,10.1,9.9,10.3,10.4,10.7,10.0,10.6,10.7,10.7
070055,8.1,8.1,8.0,8.3,8.4,8.4,8.4,8.4,8.5,8.8,8.9,9.2,9.0,9.5,9.3,9.3,9.5,9.7,9.5,9.5,9.9,9.9,10.1,10.1,10.2
070056,8.8,8.9,9.1,9.1,9.6,9.4,9.3,9.4,9.8,10.5,10.4,10.5,10.6,10.8,10.7,11.5,11.6,11.2,11.5,11.8,12.1,11.8,12.2,12.2,12.8
070057,8.8,9.0,8.9,9.0,9.1,9.2,9.2,9.4,9.4,9.7,10.0,10.0,9.9,10.4,10.0,10.3,10.5,10.4,10.6,10.7,11.2,10.9,11.0,10.9,11.2
070058,7.2,7.4,7.5,7.4,7.5,7.4,7.4,7.6,7.4,7.9,7.8,7.8,8.0,7.9,8.1,8.1,8.0,8.1,8.0,8.2,8.4,8.2,8.3,8.5,8.6
070059,8.3,8.5,8.6,8.6,8.7,8.8,8.8,8.7,9.0,9.2,9.2,9.5,9.3,9.8,9.7,9.8,9.9,9.6,9.5,10.1,10.0,10.1,10.0,10.6,10.2
070060,9.3,9.1,9.3,9.5,9.6,9.4,9.5,9.6,9.9,10.2,10.2,10.2,10.4,10.1,10.5,10.5,10.5,10.7,10.5,10.8,11.2,10.7,10.9,11.2,11.2
070061,10.0,10.2,9.7,9.8,9.9,10.0,10.0,10.5,10.0,10.9,10.9,11.0,11.1,11.1,11.2,11.6,11.2,11.3,11.6,11.8,11.8,11.9,12.3,12.0,12.3
070062,8.2,8.5,8.5,8.6,8.6,9.0,8.8,8.9,8.9,9.2,9.3,9.4,9.7,9.8,9.8,9.7,9.7,9.6,9.9,10.2,10.3,10.2,10.1,10.5,10.5
070063,8.8,9.3,9.3,9.4,9.3,9.5,9.4,9.6,9.8,10.4,10.3,9.9,10.6,10.6,10.5,10.5,10.4,10.9,11.0,11.0,11.4,11.3,11.3,11.3,11.1
070064,10.7,10.7,10.6,10.5,11.2,11.0,11.4,11.4,11.6,11.3,12.1,12.2,12.0,11.9,12.7,12.5,12.7,12.6,12.6,12.9,13.0,13.6,13.6,13.0,13.3
070065,8.8,9.2,9.2,9.3,9.2,9.7,9.5,9.4,9.8,10.1,9.9,10.2,9.7,9.9,10.3,10.2,10.5,10.5,10.6,10.4,11.0,10.9,10.7,10.9,10.8
070066,7.9,7.8,7.9,8.0,7.9,8.1,8.1,8.1,8.3,8.2,8.4,8.9,8.8,8.6,8.7,8.8,8.8,8.7,8.9,8.9,9.1,9.0,9.1,9.2,9.3
070067,9.5,9.4,9.9,9.7,9.7,9.9,10.1,10.0,10.3,10.4,10.2,10.6,11.3,10.9,10.8,11.0,10.7,11.1,11.0,11.3,11.5,11.5,11.6,11.2,11.4
070068,8.4,8.1,8.5,8.4,8.5,8.3,8.5,8.3,8.4,8.9,8.8,9.0,8.8,9.0,8.9,9.1,9.0,9.0,8.9,9.2,9.6,9.4,9.1,9.2,9.1
070069,8.7,8.6,8.8,8.9,8.7,8.7,8.8,9.0,8.9,9.2,9.4,9.5,9.3,9.5,9.4,9.5,9.7,9.8,9.5,10.1,10.5,10.1,10.0,10.1,10.2
070070,10.0,9.5,10.0,10.2,9.9,9.9,9.9,10.0,9.8,10.3,10.2,10.2,10.2,10.0,10.1,10.0,10.5,10.1,10.4,10.3,10.7,10.3,10.2,10.1,10.2
070071,9.2,9.3,9.4,9.2,9.4,9.6,9.6,10.1,9.7,10.1,10.2,10.4,10.4,10.7,10.7,10.8,10.5,10.8,10.7,11.1,11.4,10.8,11.2,11.0,10.8
070072,8.9,8.8,8.8,9.0,9.1,8.9,9.0,9.5,9.1,9.7,9.7,10.0,10.0,10.1,10.0,10.1,10.3,10.2,10.4,10.3,11.3,10.8,10.6,10.9,10.8
070073,8.5,8.7,8.4,8.6,8.4,8.6,8.3,8.4,8.6,8.6,8.5,8.7,8.7,8.7,8.4,8.7,8.5,8.7,8.6,8.7,8.7,8.7,8.3,8.3,8.3
070074,9.1,9.2,9.3,9.4,9.7,9.9,10.1,9.9,10.0,10.6,11.0,10.9,10.7,11.2,11.2,11.4,11.9,11.8,12.1,11.6,12.8,12.3,12.7,12.6,12.7
070075,9.8,9.7,9.8,9.8,9.8,10.2,10.2,10.3,10.5,11.7,11.4,11.3,11.4,11.7,11.5,11.6,11.6,12.0,11.9,12.3,12.9,12.4,12.5,13.3,13.1
070076,9.4,9.7,9.4,9.3,9.5,9.7,9.4,9.8,9.9,9.8,10.2,10.2,10.3,10.5,10.2,10.7,10.4,10.6,10.3,10.9,11.0,10.7,10.8,10.7,10.7
070077,10.1,10.3,10.4,10.7,10.3,10.6,10.7,10.7,10.9,11.1,11.4,11.5,11.5,11.6,11.7,11.6,11.8,11.8,12.2,12.2,12.4,12.3,12.1,12.4,12.5
070078,7.1,7.2,7.3,7.2,7.2,7.4,7.4,7.5,7.4,7.7,7.7,7.8,7.8,7.9,7.7,7.8,8.1,8.2,8.3,8.1,8.3,8.5,8.3,8.2,8.5
070079,9.9,9.9,9.8,10.0,9.9,10.1,9.9,10.0,9.9,10.3,10.5,10.2,10.4,10.0,10.1,10.3,10.2,10.2,10.4,10.2,10.6,10.3,10.3,10.4,10.5
070080,7.8,7.8,7.6,7.9,7.9,7.9,7.9,7.9,8.0,8.3,8.4,8.3,8.1,8.4,8.5,8.3,8.6,8.5,8.4,8.5,8.8,8.6,8.4,8.5,8.6
070081,7.7,7.7,7.8,7.9,8.0,7.9,7.9,7.8,7.8,8.2,8.5,8.2,8.4,8.2,8.4,8.3,8.5,8.8,8.4,8.7,9.1,8.9,8.8,9.0,9.1
070082,8.2,8.4,8.1,8.3,8.2,8.3,8.5,8.4,8.4,8.7,8.7,8.7,9.1,8.9,9.1,9.0,9.1,9.1,9.0,9.0,9.3,9.2,9.3,9.2,9.3
070083,10.2,9.8,10.1,10.0,10.3,10.2,10.2,10.2,10.9,11.2,11.1,11.2,11.1,11.0,11.3,11.5,11.7,11.5,11.6,11.9,12.1,11.7,11.8,11.9,12.0
070084,9.6,9.4,9.8,9.7,10.0,9.8,9.9,9.8,10.1,10.5,10.1,10.2,10.5,10.3,10.4,10.4,10.6,10.7,11.0,10.5,11.1,10.6,10.5,10.8,10.5
071001,8.0,8.2,8.5,8.5,8.5,8.7,8.9,9.2,9.0,9.4,9.4,9.7,9.5,9.8,9.9,9.8,10.0,10.1,10.0,10.9,10.9,10.5,10.6,10.9,11.0
071002,7.8,7.9,7.7,8.1,7.9,8.1,8.2,8.1,8.2,8.7,8.7,8.6,8.6,8.8,8.8,9.0,9.0,9.4,9.2,9.3,9.4,9.3,9.5,9.5,9.6
071003,9.1,9.9,9.9,9.9,9.6,9.9,10.0,10.4,10.1,10.9,10.7,10.7,10.7,10.9,11.2,11.3,11.5,11.6,11.5,11.6,12.3,11.8,12.2,12.2,12.1
071004,8.1,8.3,8.1,8.5,8.5,8.8,8.3,8.6,8.6,9.0,9.2,9.0,9.0,9.2,9.3,9.5,9.3,9.5,9.6,9.6,10.1,9.7,9.8,9.7,9.9
071005,8.6,8.9,8.9,8.7,8.8,8.8,8.9,9.1,8.8,9.2,9.4,9.4,9.5,9.6,9.1,9.3,9.3,9.3,9.4,9.7,9.8,9.6,9.5,9.6,9.6
071006,7.8,7.9,7.9,8.0,8.0,8.1,8.1,8.0,8.1,8.5,8.3,8.6,8.6,8.5,8.7,8.8,8.8,8.6,8.9,9.0,9.2,9.2,9.5,9.3,9.5
071007,9.9,10.0,9.9,10.3,10.2,10.1,10.5,10.5,10.6,11.2,11.3,11.0,11.4,11.6,11.2,11.7,11.3,11.4,11.6,11.6,12.2,11.9,12.2,11.7,12.2
071008,10.0,10.2,10.3,10.1,10.2,10.5,10.5,10.4,10.6,10.7,10.9,11.2,11.3,11.3,11.3,11.4,11.3,11.8,11.8,11.6,12.2,12.0,11.8,11.6,11.8
071009,9.0,9.0,9.2,9.2,9.3,9.3,9.1,9.2,9.6,9.5,9.7,9.9,9.8,9.8,9.8,10.3,10.0,10.1,10.1,10.3,10.4,10.3,10.2,10.6,10.3
071010,9.5,9.6,9.6,9.8,10.0,10.1,10.0,10.0,10.0,10.9,11.0,10.6,10.8,11.0,11.3,11.4,11.5,11.8,12.0,11.8,12.0,12.0,12.2,12.3,12.4
071011,7.1,7.4,7.1,7.2,7.3,7.4,7.5,7.6,7.7,8.1,8.0,7.8,8.1,8.3,8.5,8.7,8.6,8.6,8.9,8.8,9.2,9.0,9.0,9.3,9.1
071012,7.5,7.6,7.9,7.9,8.0,8.1,8.1,8.2,8.4,8.5,8.5,8.6,8.6,8.9,9.0,9.0,9.1,9.4,9.6,9.4,9.6,9.6,9.8,9.9,10.0
071013,9.1,9.0,9.2,8.9,9.4,9.4,9.6,9.7,9.8,10.0,10.2,10.3,10.6,10.9,10.9,11.0,11.0,11.0,11.4,11.4,11.9,11.3,11.4,12.0,12.0
071014,8.7,8.3,8.7,8.7,8.5,8.6,8.8,9.0,8.8,9.2,9.0,9.1,9.0,9.2,9.1,9.2,9.3,9.1,9.6,9.3,9.6,9.5,9.6,9.6,9.6
071015,8.4,8.4,8.4,8.6,8.4,8.7,8.7,8.6,8.6,9.0,9.0,9.3,9.2,8.9,9.2,9.1,9.3,9.1,9.0,9.2,9.5,9.3,9.2,9.6,9.4
071016,9.1,8.9,8.9,8.8,8.9,9.2,9.1,8.9,9.1,9.1,9.4,9.0,9.2,9.4,9.2,9.2,9.3,9.2,9.5,9.3,9.5,9.2,9.5,9.2,9.4
071017,8.5,8.5,8.7,8.3,8.7,8.6,8.9,9.1,8.7,9.4,9.3,9.6,9.6,9.4,9.3,9.8,9.5,9.6,9.5,10.2,9.9,9.8,9.8,9.9,10.0
071018,10.1,10.4,10.4,10.8,10.7,10.4,10.4,10.7,10.5,11.3,11.3,11.1,11.3,11.3,10.8,11.3,11.6,11.5,11.8,11.7,11.7,12.0,11.3,12.1,11.9
071019,8.1,8.6,8.5,8.4,8.6,8.5,8.5,8.6,8.7,9.0,8.6,9.0,9.0,8.9,9.0,9.2,8.8,9.0,9.2,9.1,9.2,9.1,9.2,9.0,9.1
071020,9.4,9.2,9.3,9.2,9.3,9.3,9.1,9.3,9.6,9.7,9.9,9.7,9.6,9.9,10.0,9.8,10.2,9.8,10.2,10.0,10.3,10.1,10.1,10.1,10.1
071021,8.5,8.4,8.5,8.4,8.4,8.6,8.7,8.5,8.7,9.0,8.9,9.0,8.8,9.1,8.7,8.7,9.2,9.0,9.1,9.1,9.2,9.1,9.0,9.2,9.4
071022,9.0,8.8,8.9,9.2,9.3,9.5,9.4,9.5,9.4,10.0,10.0,10.0,10.4,10.4,10.6,10.7,10.5,11.0,11.0,10.9,11.3,11.5,11.5,11.1,11.7
071023,9.5,9.2,9.0,9.1,9.3,9.3,9.4,9.3,9.3,9.6,9.5,9.4,9.5,9.4,9.9,9.7,9.5,9.6,9.3,9.9,9.8,9.9,9.9,9.7,9.7
071024,8.6,8.4,8.6,8.5,8.4,8.8,8.3,8.9,8.9,8.9,9.0,9.1,9.2,9.2,9.2,9.0,9.1,9.1,9.5,9.6,9.4,9.2,9.3,9.5,9.4
071025,8.3,8.2,8.2,8.2,8.3,8.6,8.2,8.3,8.6,8.8,8.8,8.9,8.7,9.2,8.8,9.0,9.0,9.1,9.4,9.3,9.4,9.2,9.5,9.1,9.4
071026,9.4,9.0,9.1,9.6,9.6,9.5,9.5,9.5,9.8,10.0,10.3,10.2,10.4,10.2,10.5,10.5,10.4,10.5,10.4,10.9,11.2,11.1,10.9,11.1,11.0
071027,7.4,7.3,7.5,7.7,7.4,7.7,7.4,8.0,7.7,8.1,8.0,8.1,8.1,8.2,8.4,8.3,8.5,8.1,8.2,8.5,8.6,8.7,8.6,8.6,8.8
071028,6.6,6.7,6.8,6.8,6.9,6.9,6.7,6.8,7.0,7.1,7.0,7.1,7.3,7.2,7.1,7.5,7.3,7.1,7.3,7.4,7.4,7.5,7.2,7.5,7.4
071029,9.2,8.7,9.0,8.9,9.3,9.1,9.1,9.1,9.4,9.7,9.9,9.7,9.7,9.4,9.5,9.8,9.9,9.6,9.7,9.7,10.5,10.0,10.3,10.1,10.5
071031,7.6,7.6,7.6,8.0,7.7,7.7,7.7,7.8,8.0,8.7,8.4,8.1,8.6,8.4,8.4,8.7,8.9,8.9,8.9,9.0,9.4,9.2,9.1,8.9,9.0
071032,10.3,10.5,10.3,10.6,10.5,10.5,10.5,10.8,10.8,11.0,11.4,10.9,11.3,11.1,11.2,11.2,11.2,11.3,11.4,11.8,11.9,11.6,11.8,11.8,11.9
071033,8.1,7.9,8.0,8.1,8.2,8.2,8.0,8.3,8.2,8.4,8.6,8.6,8.9,8.6,8.6,9.0,8.8,9.3,9.0,9.0,9.1,9.1,9.1,9.2,9.3
071034,9.8,10.3,10.6,10.0,10.7,10.7,10.1,10.3,10.0,10.8,10.7,10.6,10.6,10.4,11.0,11.0,10.4,10.9,10.7,10.6,10.5,10.5,10.8,10.7,10.7
071035,8.3,8.1,8.0,8.2,8.3,8.3,8.5,8.4,8.5,9.0,9.0,9.0,9.3,9.1,9.1,9.4,9.6,9.6,9.5,10.0,9.9,9.9,9.9,9.9,10.4
071036,9.2,9.2,9.2,9.3,9.3,9.2,9.4,9.5,9.2,9.9,9.8,9.6,10.0,9.6,9.7,9.8,9.8,9.7,9.8,9.9,10.4,10.0,9.8,10.2,10.0
071037,8.9,8.9,9.0,9.1,9.0,9.2,9.1,9.3,9.5,9.7,9.8,9.9,9.8,9.7,9.7,10.0,10.0,10.5,10.5,10.5,10.9,10.5,10.5,11.0,10.6
071038,7.6,7.7,7.5,7.5,7.8,7.7,7.9,7.7,7.6,8.0,8.1,8.0,8.0,8.3,8.2,8.2,8.0,8.3,8.1,8.1,8.2,8.3,8.4,8.7,8.2
071039,8.5,8.4,8.8,8.5,8.8,8.8,8.8,8.8,9.0,9.3,9.2,9.4,9.6,9.3,9.8,9.8,10.1,9.3,9.7,10.0,10.3,10.0,10.1,10.3,10.2
071040,7.8,8.0,8.0,8.1,8.3,8.2,8.3,8.5,8.4,9.0,8.9,9.1,8.9,9.3,9.3,9.3,9.5,9.4,9.6,9.6,9.8,9.9,10.2,9.8,10.3
071041,8.2,8.2,8.2,8.5,8.6,8.5,8.6,8.5,8.6,8.9,9.1,8.9,9.2,9.1,9.3,9.2,9.4,9.1,9.7,9.7,10.0,9.7,9.5,9.6,9.8
071042,7.6,7.6,7.6,7.7,8.0,7.9,8.1,8.3,8.0,8.6,8.7,8.5,8.6,8.9,8.8,8.8,9.0,9.2,9.1,9.2,9.6,9.6,9.6,9.4,9.6
071043,7.8,7.8,7.8,7.8,8.4,8.2,8.2,8.1,8.3,8.5,8.8,8.9,8.8,8.8,9.1,9.3,9.0,9.0,9.1,9.4,9.7,9.3,9.5,9.6,10.0
071044,8.4,8.6,8.7,8.8,8.6,8.9,8.8,9.3,9.1,9.6,9.9,9.6,9.9,9.7,9.9,10.1,10.2,10.6,10.6,10.9,10.8,11.1,10.9,11.0,11.0
071046,10.3,10.1,10.3,10.1,10.3,10.4,10.5,10.5,10.5,10.9,10.7,11.0,10.9,10.9,10.8,11.0,11.2,11.0,11.5,11.7,11.4,11.6,11.3,11.5,12.1
071047,10.2,10.0,10.2,10.3,10.2,9.9,10.4,10.4,10.1,10.9,10.9,10.6,10.9,11.1,11.4,10.8,11.4,11.4,10.9,11.1,11.7,11.6,11.3,11.1,11.3
071048,9.2,9.0,9.1,9.5,9.5,9.3,9.4,9.7,9.6,9.9,10.1,10.2,10.2,10.4,10.7,10.7,10.8,11.1,11.4,11.2,11.6,11.4,11.2,11.2,11.7
071049,8.9,8.6,9.1,8.9,8.7,8.7,8.9,8.7,8.7,9.1,9.1,9.2,9.0,8.9,9.1,9.0,9.0,9.0,9.1,9.1,9.1,8.8,9.0,9.1,8.7
071050,7.4,7.5,7.6,7.6,7.6,7.7,7.8,7.7,7.6,8.0,7.9,8.0,8.0,8.2,8.1,8.2,8.2,8.3,8.0,8.4,8.5,8.5,8.2,8.3,8.4
071051,7.4,7.6,7.8,7.9,8.0,8.2,8.1,8.3,8.4,8.6,8.8,8.7,8.9,9.3,9.2,9.5,9.3,9.5,9.9,9.9,10.3,10.2,10.3,10.6,10.5
071052,9.8,9.6,9.8,9.8,10.0,9.8,9.8,9.9,9.9,10.6,10.6,10.8,10.8,10.8,11.1,10.8,11.3,11.3,11.3,11.5,12.3,11.7,12.0,12.4,11.8
071053,8.2,8.0,8.2,8.3,8.3,8.4,8.2,8.2,8.6,8.7,8.6,8.6,8.6,8.8,8.8,8.7,8.6,8.9,8.9,8.8,8.9,9.0,8.6,9.1,9.2
071054,7.8,7.8,8.0,8.1,8.2,7.9,8.2,8.0,8.3,8.4,8.4,8.5,8.4,8.7,8.6,8.8,9.0,8.8,9.1,8.9,9.1,9.2,9.1,9.1,9.4
071055,9.1,9.0,8.9,9.5,9.2,9.5,9.1,9.5,9.4,10.0,9.9,10.1,10.2,10.3,10.2,10.4,10.4,10.8,10.7,10.6,10.8,10.7,11.1,10.8,10.9
071056,8.0,8.1,7.9,8.4,8.4,8.3,8.3,8.3,8.4,8.8,9.0,8.7,9.0,9.0,9.1,9.1,9.2,9.3,9.6,9.5,9.9,9.4,9.6,10.0,9.9
071058,8.5,8.5,8.8,8.9,8.9,9.0,9.1,9.3,9.4,9.8,10.2,10.2,10.2,10.3,10.8,10.7,11.0,10.9,11.4,11.3,11.3,11.5,11.7,11.7,11.9
071059,9.2,9.2,9.0,9.3,9.4,9.3,9.2,9.5,9.4,9.8,9.8,9.5,9.8,10.1,9.8,10.3,9.9,9.9,10.1,10.1,10.2,10.3,10.3,10.5,10.3
071060,9.2,9.3,9.6,9.5,9.7,9.7,10.0,10.2,10.2,10.9,10.7,11.1,11.5,11.3,11.5,11.6,11.7,11.8,12.1,12.2,12.4,12.1,12.7,12.4,13.1
071061,10.2,9.9,10.4,10.2,10.1,10.4,10.4,10.5,10.6,10.8,10.9,11.1,11.2,11.6,11.5,11.1,11.2,11.5,11.7,11.5,12.2,11.7,11.4,11.7,11.5
071062,8.5,8.5,8.5,8.4,8.7,8.7,8.7,9.0,9.0,9.0,9.3,9.4,9.6,9.4,9.5,9.5,9.4,9.8,9.7,9.8,10.3,10.0,10.3,10.2,10.2
071063,7.8,7.9,8.1,8.0,8.1,8.2,8.1,8.3,8.2,8.5,8.8,8.8,8.8,8.8,8.5,8.7,8.9,8.8,8.8,9.0,9.2,9.0,9.2,9.0,9.2
071064,7.6,7.7,7.7,7.9,7.7,8.0,8.1,8.2,8.2,8.4,8.7,8.6,8.7,8.9,8.8,9.0,9.1,9.1,9.3,9.3,9.7,9.3,9.5,9.5,9.7
072001,7.7,7.6,7.5,7.6,7.6,7.7,7.5,7.5,7.7,7.9,7.7,7.7,8.0,7.7,7.7,7.7,7.6,7.8,7.5,7.6,7.6,7.5,7.5,7.5,7.2
072002,7.9,8.0,8.0,8.2,8.3,7.8,7.9,8.1,8.0,8.5,8.6,8.7,8.3,8.6,8.4,8.4,8.3,8.5,8.5,8.5,8.8,8.3,8.6,8.4,8.5
072003,7.8,7.7,8.1,8.4,8.4,8.3,8.3,8.4,8.5,8.9,8.6,9.0,9.1,9.3,9.4,9.6,9.4,9.6,9.4,10.0,10.2,10.0,10.0,10.1,10.2
072004,8.0,7.8,8.2,8.0,8.2,8.2,8.4,8.2,8.4,8.7,8.6,8.9,8.8,9.0,8.7,9.1,8.9,9.1,9.1,9.3,9.4,9.3,9.6,9.4,9.5
072006,12.2,12.1,12.4,12.8,12.7,12.8,12.9,13.0,13.1,13.6,13.9,14.1,14.0,14.0,15.2,14.8,14.7,14.8,14.6,14.7,15.5,15.4,15.4,15.6,15.8
072008,8.8,8.9,9.0,9.3,9.1,9.2,9.1,9.4,9.2,9.7,9.8,10.0,10.0,10.2,10.2,10.3,10.3,10.3,10.4,10.5,10.9,10.6,10.5,11.0,10.9
072010,8.5,8.4,8.5,8.4,8.5,8.6,8.5,8.2,8.6,8.9,8.7,8.9,9.0,8.7,8.9,9.0,8.8,8.7,9.0,9.0,9.1,9.0,8.9,9.0,9.0
072011,8.6,9.0,8.8,8.7,8.7,9.0,8.9,8.8,9.1,9.2,9.3,9.2,9.5,9.4,9.4,9.7,9.7,10.0,9.7,9.7,9.8,9.8,10.1,9.9,10.0
072012,8.2,8.4,8.3,8.5,8.3,8.5,8.7,8.4,8.6,8.7,8.7,8.6,8.7,9.0,8.4,8.9,8.7,8.8,8.9,8.7,9.1,9.0,9.0,8.7,9.1
072014,7.9,7.9,7.9,7.8,8.0,8.2,8.1,8.0,7.9,8.4,8.4,8.2,8.4,8.4,8.2,8.7,8.2,8.4,8.5,8.5,8.5,8.3,8.8,8.7,8.5
072015,8.8,8.7,8.8,9.0,9.3,8.9,9.0,9.0,9.0,9.3,9.5,9.5,9.5,9.7,9.5,9.6,9.7,9.8,9.7,9.8,10.1,9.7,9.9,10.3,9.9
072016,9.0,9.0,8.8,8.9,9.0,9.2,9.1,9.3,9.1,9.5,9.8,9.5,9.7,9.8,10.1,9.5,10.0,9.6,9.9,10.1,10.4,10.2,10.0,10.3,10.4
072017,8.2,8.2,8.0,8.1,8.4,8.5,8.4,8.5,8.8,9.1,9.1,9.1,8.9,8.9,9.4,9.3,9.6,9.3,9.6,9.7,10.3,9.7,9.8,9.9,10.1
072018,8.4,8.6,8.3,8.6,8.4,8.4,9.0,8.9,9.1,9.6,9.4,9.7,9.4,10.0,9.7,9.9,9.8,10.2,9.9,10.2,10.8,10.3,10.1,10.9,10.5
072019,8.3,8.4,8.3,8.5,8.5,8.7,8.6,8.9,8.7,9.3,9.1,9.0,9.1,9.5,9.2,9.3,9.5,9.9,9.6,9.6,10.0,9.8,10.0,9.6,9.9
072020,9.4,9.8,9.3,9.8,9.9,9.9,10.3,10.1,10.2,10.9,10.9,10.8,10.9,10.9,11.2,11.5,11.2,11.9,11.8,12.0,12.5,12.2,11.8,12.2,12.6
072021,9.5,9.5,9.4,9.5,9.4,9.2,9.4,9.4,9.4,9.9,10.0,9.9,9.9,9.8,9.9,9.7,10.0,10.4,10.0,9.9,10.2,9.9,9.8,9.8,9.8
072022,10.0,9.7,9.9,9.9,10.3,10.3,10.1,10.5,10.4,10.9,11.0,11.0,10.6,10.7,10.7,11.1,11.1,11.2,11.0,11.2,11.6,11.3,11.3,11.3,11.4
072023,8.1,8.2,8.0,8.2,8.3,8.2,8.4,8.4,8.3,8.4,8.5,8.6,8.8,8.8,8.8,9.0,8.9,9.0,9.0,9.2,9.6,9.0,9.1,9.5,9.1
072024,8.5,8.3,8.6,8.6,8.5,8.4,8.6,8.7,8.7,8.8,8.9,8.9,9.2,9.3,9.2,9.2,9.3,9.3,9.1,9.3,9.5,9.5,9.3,9.2,9.5
072025,9.4,9.5,9.5,9.4,9.2,9.7,9.8,9.5,9.5,10.1,9.7,9.8,9.8,10.0,10.0,9.8,9.8,9.8,9.8,9.7,9.9,9.6,9.7,9.6,9.5
072027,8.9,9.3,9.3,9.4,9.6,9.7,9.8,9.9,10.0,10.5,10.6,10.8,11.0,11.1,10.9,11.2,11.9,11.5,12.0,11.6,12.6,11.9,12.3,12.3,12.6
072028,8.0,7.8,8.0,7.9,8.2,8.2,8.0,8.0,8.3,8.6,8.5,8.7,8.6,8.5,8.5,8.8,9.1,8.7,8.7,8.8,9.0,8.7,8.9,8.7,8.9
072029,9.0,9.2,9.3,9.3,9.1,9.4,9.3,9.5,9.4,9.8,9.8,10.1,10.1,10.1,10.0,10.0,10.1,10.3,10.3,10.2,11.0,10.2,10.7,10.5,10.7
072030,9.5,9.4,9.8,9.5,9.8,9.7,10.2,9.9,10.1,10.4,10.6,10.6,10.8,10.9,10.6,10.5,10.8,10.8,11.1,10.8,11.6,11.2,11.3,11.5,11.7
072031,9.4,9.0,9.6,9.5,9.5,9.5,9.7,9.7,10.1,10.4,10.6,10.6,10.8,10.3,10.7,10.5,10.8,10.9,11.0,11.2,11.5,11.2,11.3,11.5,11.7
072032,7.8,8.0,8.0,8.0,8.1,8.3,8.0,8.2,8.6,8.7,8.7,8.7,9.3,9.1,9.3,9.6,9.3,9.6,9.7,9.9,10.2,10.3,10.1,10.6,10.3
072033,8.0,7.9,8.0,8.1,8.1,8.2,8.4,8.4,8.2,8.8,9.0,8.9,9.0,9.1,9.1,9.2,9.6,9.5,9.4,9.6,9.8,10.0,9.7,9.8,10.0
072034,8.0,8.1,8.2,8.2,8.4,8.2,8.2,8.3,8.3,8.7,8.5,8.8,8.5,8.6,8.6,8.6,8.9,8.7,8.7,8.7,8.8,8.7,8.6,9.1,9.2
072035,8.5,8.7,8.8,8.8,9.0,9.3,9.1,9.4,9.5,9.8,9.9,9.8,9.7,10.2,10.2,10.4,10.3,10.6,10.8,10.8,11.3,11.2,11.1,11.0,10.9
072036,8.9,8.5,8.9,9.0,9.0,8.9,9.1,9.2,9.1,9.5,9.3,9.5,9.4,9.4,9.6,10.0,9.7,10.0,9.9,10.2,10.4,10.3,10.2,10.1,10.3
072037,7.8,7.7,7.8,8.2,8.3,8.2,8.3,8.2,8.4,8.6,8.6,8.9,8.7,8.9,9.1,9.2,8.8,9.0,9.0,9.2,9.4,9.3,9.2,9.0,9.5
072038,9.5,9.8,10.1,9.7,9.8,9.9,10.4,10.3,10.6,10.8,11.1,10.8,11.5,11.3,11.3,11.4,11.3,11.5,11.1,11.9,12.1,12.1,12.4,12.0,12.6
072039,10.2,10.3,10.3,10.4,10.8,10.5,10.6,11.1,10.7,11.1,11.2,11.3,11.5,11.3,11.1,11.9,11.9,11.8,12.1,11.8,12.5,12.6,12.5,12.4,12.4
072040,7.6,7.6,7.8,7.8,7.8,8.0,8.2,8.1,8.0,8.4,8.6,8.6,8.8,8.8,8.8,9.1,9.0,9.0,9.2,9.2,9.6,9.2,9.5,9.6,9.5
072041,8.7,8.9,8.7,8.7,8.9,8.9,8.7,8.9,8.9,9.2,9.1,9.4,9.1,9.1,9.2,9.3,9.0,9.0,9.1,9.4,9.1,9.1,9.2,9.3,9.1
072043,10.6,10.9,10.8,10.9,11.1,11.2,11.3,11.9,11.6,12.0,12.2,12.5,12.5,12.5,12.2,12.7,12.7,13.4,13.0,13.1,13.3,13.6,13.5,13.0,13.7
072044,9.4,9.4,9.7,9.4,9.8,10.0,10.0,10.4,10.4,10.8,10.6,11.0,11.1,11.1,11.1,11.4,11.7,12.1,11.9,12.3,12.5,12.1,12.8,12.4,12.9
072046,9.4,9.2,9.4,9.2,9.4,9.4,9.6,9.5,9.8,10.0,10.1,10.5,10.2,10.4,10.3,10.5,10.6,10.6,10.6,10.9,10.8,10.5,10.9,11.4,11.0
072047,8.7,9.0,9.1,9.2,9.4,9.6,9.5,9.6,9.6,9.7,9.9,10.1,10.0,10.2,10.3,10.2,10.5,10.6,10.5,10.6,11.3,11.1,10.8,11.2,11.1
072048,9.0,8.7,8.8,9.1,9.3,9.3,9.4,9.4,9.4,9.9,9.9,9.7,9.9,10.1,10.2,10.4,10.4,10.2,10.2,10.4,11.0,10.8,10.7,10.9,10.8
073001,7.8,7.9,7.9,8.0,8.2,8.2,8.1,8.2,8.5,8.7,8.8,8.8,8.8,8.8,9.0,9.4,9.6,9.4,9.7,9.8,10.0,9.7,9.6,9.8,10.0
073002,8.0,8.0,8.3,7.9,8.1,8.1,8.2,8.3,8.0,8.4,8.6,8.3,8.4,8.5,8.9,8.4,8.4,8.4,8.5,8.7,8.9,8.5,8.6,8.5,8.8
073003,8.7,8.6,8.9,8.8,8.8,8.8,8.7,9.0,9.1,9.3,9.4,9.1,9.1,9.6,9.5,9.8,9.7,9.9,10.0,10.2,10.5,10.1,10.2,10.1,10.2
073004,9.2,9.4,9.2,9.3,9.1,9.2,9.6,9.7,9.8,10.3,9.6,10.1,10.0,10.0,9.9,10.2,10.4,10.2,10.4,10.5,10.6,10.4,10.6,10.5,10.4
073005,8.1,8.2,8.4,8.2,8.3,8.3,8.5,8.5,8.5,8.7,8.7,8.9,9.1,9.2,9.1,9.1,9.2,9.4,9.0,9.5,9.4,9.3,9.4,9.5,9.6
073006,8.2,8.1,8.3,8.3,8.5,8.3,8.5,8.5,8.7,8.7,8.7,9.0,9.1,9.0,9.1,9.1,9.3,9.2,9.2,9.4,9.6,9.6,9.5,9.5,9.7
073007,8.1,8.1,8.3,8.1,8.2,8.3,8.6,8.4,8.4,9.0,8.7,8.9,8.7,8.8,8.6,8.8,9.0,8.8,9.2,9.1,9.3,9.1,9.3,9.4,9.5
073008,8.8,9.4,9.1,9.3,9.5,9.4,9.3,9.4,9.5,9.9,9.8,10.1,9.8,9.9,10.1,10.2,10.0,10.3,10.5,10.3,10.7,10.4,10.3,10.6,10.7
073009,8.4,8.2,8.5,8.3,8.3,8.5,8.8,8.5,9.0,9.2,9.2,8.9,9.0,9.2,9.1,9.2,9.3,9.0,9.2,9.3,9.6,9.2,9.3,9.3,9.6
073010,7.1,7.1,6.8,7.3,7.1,6.9,6.9,6.9,6.8,7.2,7.2,7.3,7.1,7.1,7.2,7.0,7.2,7.0,7.0,7.1,7.3,7.1,7.2,7.0,7.0
073011,9.1,9.3,9.1,9.2,9.0,9.1,9.2,8.8,9.1,9.2,9.2,9.0,9.2,9.4,9.4,9.1,9.1,9.2,9.1,9.1,9.5,9.2,9.0,9.1,9.1
073012,8.5,8.4,8.5,8.4,8.7,8.5,8.7,8.9,8.9,9.0,9.3,9.3,9.4,9.3,9.3,9.3,9.9,9.8,9.6,9.8,10.3,9.9,10.0,10.0,10.0
073013,10.2,10.2,10.0,10.0,10.3,10.2,10.4,10.3,10.5,11.2,11.1,11.2,11.1,11.2,11.5,11.5,11.4,11.8,11.7,11.8,12.4,11.7,12.2,12.2,12.6
073014,10.8,11.0,11.0,10.6,11.0,11.1,11.3,11.1,11.5,12.1,12.0,11.7,11.8,12.0,12.1,12.4,12.0,12.2,12.3,12.6,12.6,13.4,12.8,12.4,12.7
073015,9.6,10.0,9.8,10.1,10.1,9.9,10.5,10.5,10.7,10.9,10.6,11.0,11.3,11.4,11.4,11.3,12.1,12.1,11.9,12.1,12.6,12.4,12.4,12.7,12.8
073016,8.2,8.4,8.5,8.2,8.5,8.3,8.5,8.6,8.4,8.9,8.9,9.0,9.2,9.1,9.3,9.1,9.3,9.4,9.3,9.3,9.5,9.5,9.5,9.4,9.6
073017,9.3,9.6,9.6,9.7,10.1,9.8,10.0,10.1,10.2,10.4,10.4,10.9,11.0,11.0,10.9,11.5,11.1,11.4,11.6,11.8,12.5,12.0,12.1,11.8,12.6
073018,7.1,7.0,7.2,7.2,7.1,7.0,7.1,7.1,7.1,7.3,7.2,7.2,7.5,7.4,7.2,7.6,7.4,7.2,7.5,7.4,7.5,7.2,7.4,7.3,7.6
073019,7.7,7.8,7.9,7.6,7.6,8.0,7.9,7.8,7.9,8.0,8.0,8.1,8.1,8.5,7.9,8.4,8.0,8.2,8.4,8.1,8.4,8.3,8.1,8.4,8.0
073020,7.8,7.8,8.2,7.9,8.3,8.3,8.3,8.3,8.4,8.9,9.0,9.1,8.9,9.2,9.6,9.3,9.5,9.6,10.0,9.7,9.8,10.1,10.1,10.5,10.5
073021,8.1,8.3,8.3,8.4,8.4,8.0,8.1,8.2,8.3,8.6,8.8,8.9,8.8,8.6,8.9,8.8,8.9,9.1,9.4,9.1,9.3,9.4,9.1,9.1,9.3
073022,10.0,10.3,10.3,10.2,10.6,10.8,11.2,11.7,11.7,12.3,12.2,12.6,13.2,13.2,13.3,13.4,13.9,14.3,14.0,14.8,15.2,15.2,15.4,15.9,15.8
073023,8.3,8.1,8.3,8.2,8.4,8.5,8.5,8.5,8.6,8.8,9.0,9.0,8.9,9.3,9.3,9.5,9.3,9.7,9.5,9.3,9.9,9.8,9.8,9.9,10.0
073024,10.3,10.4,10.6,10.6,10.6,10.8,10.9,11.0,10.8,11.4,11.5,11.3,11.6,12.0,11.8,11.9,11.7,11.8,11.7,12.4,12.5,12.4,12.6,12.6,12.2
073025,9.2,9.1,9.3,9.2,9.3,9.7,9.7,9.6,10.2,10.4,10.1,10.1,10.9,10.7,10.3,10.4,10.4,10.8,10.5,10.7,11.0,11.1,11.1,11.3,11.3
073026,8.9,8.9,9.1,9.6,9.1,9.0,9.4,9.3,9.7,9.7,9.9,9.9,9.8,9.8,9.8,10.1,10.2,10.3,10.5,10.5,10.8,10.5,10.5,10.8,10.9
073027,9.3,9.4,9.4,9.4,9.1,9.5,9.3,9.2,9.1,9.6,9.4,9.5,9.7,9.7,9.8,9.5,9.6,9.5,9.5,9.7,9.9,9.6,9.6,9.8,9.7
073028,11.2,11.8,11.2,11.3,11.6,11.4,11.6,11.4,11.9,12.1,12.2,11.9,12.3,12.1,12.3,12.3,12.4,12.8,12.4,12.5,13.0,12.7,12.6,12.7,12.7
073029,9.2,9.1,9.0,9.5,9.3,9.2,9.6,9.9,9.6,9.9,10.2,9.9,10.3,10.5,10.3,10.6,10.5,10.5,10.8,10.7,11.2,11.1,11.0,11.2,11.1
074001,7.9,8.2,8.0,8.2,8.0,8.1,7.9,8.2,8.1,8.3,8.3,8.5,8.3,8.2,8.3,8.5,8.3,8.4,8.4,8.5,8.8,8.6,8.4,8.5,8.4
074002,7.9,8.0,8.3,8.4,8.3,8.3,8.4,8.7,8.6,8.9,9.4,9.1,9.5,9.8,9.6,9.8,10.0,10.2,10.0,10.0,10.6,10.4,10.6,10.4,10.8
074003,7.3,7.2,7.6,7.6,7.6,7.6,8.1,8.0,8.0,8.1,8.5,8.5,9.0,8.5,8.8,8.7,8.8,8.9,9.6,9.3,9.8,9.7,9.7,9.8,10.0
074004,8.1,8.5,8.2,8.4,8.6,8.4,8.4,8.6,8.5,8.8,8.9,8.9,8.9,9.1,9.0,9.1,9.2,9.3,9.3,9.3,9.7,9.6,9.2,9.7,9.8
074005,8.3,8.5,8.2,8.2,8.2,8.6,8.3,8.4,8.6,8.8,8.9,9.1,8.9,8.9,8.8,9.1,9.2,9.0,9.2,9.2,9.4,9.5,9.1,9.5,9.4
074006,7.5,7.3,7.6,7.2,7.4,7.4,7.5,7.6,7.9,8.1,8.1,8.0,8.1,8.2,8.2,8.2,8.1,8.3,8.2,8.3,8.6,8.5,8.8,8.5,8.6
074007,8.8,8.8,8.9,8.7,8.6,9.0,8.7,8.8,9.1,9.6,9.7,9.2,9.8,9.4,9.7,9.7,9.4,9.7,9.5,9.6,9.9,10.0,10.1,10.2,10.0
074008,7.6,7.7,7.7,8.0,8.1,7.9,8.2,7.9,8.4,8.2,8.6,8.7,8.4,9.0,8.5,8.8,8.9,8.8,9.1,9.0,9.3,9.2,9.3,9.2,9.2
074009,8.5,8.4,8.3,8.5,8.3,8.3,8.4,8.4,8.6,9.1,8.7,8.5,8.8,8.7,8.7,8.4,9.0,8.8,8.6,8.5,8.8,8.6,8.5,8.5,8.4
074010,8.3,8.7,8.5,8.8,8.8,9.0,9.0,9.1,9.0,9.4,9.3,9.5,9.3,9.1,9.6,9.5,9.7,9.9,10.0,10.0,10.0,10.0,10.3,10.1,10.1
074011,7.8,7.7,7.7,7.9,8.0,8.0,7.7,7.9,7.8,8.5,8.4,8.5,8.8,8.7,8.7,8.7,8.8,8.8,9.1,8.7,9.2,9.1,9.0,9.2,9.1
074012,8.1,8.4,8.2,8.6,8.8,8.9,8.9,9.0,8.8,9.4,9.4,9.5,9.5,9.9,9.7,9.9,10.0,10.5,9.9,10.4,10.6,10.9,11.0,10.9,11.2
074013,7.7,7.5,7.7,7.8,8.0,8.0,8.0,8.0,8.0,8.6,8.7,8.6,8.4,8.7,8.7,8.8,9.2,9.0,9.3,9.0,9.3,9.3,9.3,9.3,9.3
074014,8.0,8.3,8.2,8.3,8.2,8.3,8.5,8.6,8.5,8.9,9.0,9.0,9.1,9.3,9.3,9.7,9.5,9.5,9.7,9.8,10.0,9.7,9.7,10.1,9.8
074015,6.8,6.9,6.9,6.9,7.0,7.2,6.9,7.1,7.3,7.6,7.5,7.6,7.7,7.8,7.7,7.7,7.9,8.2,8.1,8.1,8.3,8.2,8.0,8.5,8.2
074016,8.9,8.7,8.7,9.1,9.2,9.3,9.3,9.1,9.3,9.6,9.4,9.7,9.7,9.7,9.8,9.6,10.3,10.1,10.4,10.6,10.8,10.7,10.5,10.6,10.6
074017,8.7,8.9,8.7,8.9,8.9,9.0,9.1,9.2,9.3,9.5,9.8,9.9,10.3,10.1,10.0,10.0,10.0,10.3,10.6,10.3,11.1,10.8,10.6,11.0,11.1
074018,7.4,7.4,7.5,7.4,7.7,7.6,7.6,7.8,7.9,8.1,8.2,8.3,8.4,8.6,8.6,8.5,8.9,8.6,8.5,9.0,9.2,9.1,9.1,9.2,9.2
074019,7.7,7.7,7.8,7.6,8.0,7.9,7.9,8.2,8.3,8.2,8.3,8.2,8.3,8.7,8.6,8.6,8.8,8.7,8.9,9.0,9.0,9.0,9.2,9.0,9.4
074020,8.3,8.3,8.4,8.8,8.4,8.5,8.7,8.6,9.0,9.2,9.4,9.5,9.5,9.7,9.7,9.8,10.3,10.0,10.1,10.3,10.3,10.5,10.6,10.2,10.5
075002,8.1,8.1,8.3,8.2,8.4,8.7,8.6,8.7,8.7,9.2,9.2,9.2,9.5,9.3,9.5,9.8,9.8,10.1,10.1,10.0,10.7,10.5,10.4,10.3,10.9
075003,9.8,10.2,9.9,10.0,10.3,10.3,10.7,10.3,10.8,11.4,11.5,11.5,11.3,11.5,11.5,11.6,11.5,12.0,12.5,12.1,12.2,12.5,12.4,12.8,13.0
075004,8.0,8.1,8.3,8.4,8.3,8.3,8.5,8.5,8.6,8.9,9.0,8.9,9.0,9.5,9.3,9.1,9.6,9.6,9.5,9.4,9.7,9.6,9.9,9.8,9.8
075005,8.0,8.0,8.1,8.0,8.1,8.1,8.1,8.3,8.2,8.7,8.5,8.5,8.4,8.6,8.9,8.7,8.8,8.8,9.1,9.0,9.0,9.0,8.9,9.2,9.0
075006,9.7,9.3,9.6,9.4,9.6,9.8,9.6,9.7,10.0,10.0,10.4,10.6,10.6,10.6,10.4,10.5,10.6,10.7,10.7,10.8,11.3,11.1,10.9,11.4,11.4
075007,8.0,8.3,8.2,8.4,8.5,8.6,8.6,8.6,8.8,9.1,9.2,9.5,9.4,9.7,10.0,9.9,9.7,10.1,10.1,10.4,10.6,10.4,10.5,10.4,10.8
075008,7.4,7.4,7.5,7.9,7.9,7.9,7.8,8.2,8.2,8.5,8.5,8.6,8.9,8.9,8.9,9.0,9.1,9.2,9.6,9.7,10.1,9.6,10.0,10.1,10.0
075009,7.6,7.7,7.7,7.7,7.7,7.8,8.0,7.7,8.1,8.2,8.6,8.5,8.2,8.4,8.5,8.7,8.6,8.5,8.8,8.7,9.1,8.6,9.1,8.8,8.9
075010,9.7,9.5,9.7,9.5,9.6,9.8,9.8,10.0,9.7,10.2,10.3,10.5,10.6,10.6,10.9,11.0,11.1,10.9,10.9,10.5,11.2,11.3,11.5,11.5,11.6
075011,8.3,8.4,8.3,8.4,8.6,8.5,8.5,8.7,8.8,9.5,9.3,9.3,9.6,9.4,9.5,9.6,9.6,9.9,10.0,10.2,10.1,10.4,10.4,10.4,11.0
075012,8.3,8.2,8.5,8.6,8.5,8.7,8.7,8.5,8.9,9.3,9.2,9.5,9.3,9.5,9.4,9.7,9.4,9.6,9.7,9.5,10.1,10.1,10.2,10.2,10.4
075013,9.7,9.9,9.8,9.8,10.0,10.0,10.0,10.3,10.3,10.7,10.5,10.9,11.1,10.7,11.2,11.1,11.1,11.4,11.3,11.5,11.8,11.4,11.7,11.7,12.3
075014,7.6,7.6,7.5,7.7,7.5,7.9,7.9,7.8,8.0,8.1,8.2,8.3,8.5,8.4,8.4,8.3,8.6,8.7,8.8,8.8,8.8,8.8,8.9,9.0,9.0
075015,9.0,9.2,9.3,9.4,9.5,9.4,9.5,9.5,9.7,9.9,10.0,10.0,10.0,10.0,10.2,10.2,10.1,10.3,10.1,10.3,10.6,10.2,10.3,10.4,10.6
075016,8.1,8.2,8.0,8.3,8.4,8.4,8.4,8.3,8.4,8.6,8.9,8.9,8.8,8.9,9.1,9.0,9.1,9.3,9.3,9.3,9.4,9.6,9.4,9.7,9.3
075017,8.4,8.3,8.3,8.6,8.6,8.8,8.3,8.9,8.5,9.2,9.2,9.1,9.0,9.4,9.4,9.4,9.3,9.2,9.8,9.6,9.7,9.5,9.7,9.9,9.3
075018,9.2,9.4,9.5,9.5,9.8,9.9,9.6,10.0,10.1,10.3,10.4,10.5,10.3,10.7,10.8,10.9,11.0,10.9,10.6,11.2,11.7,11.3,11.3,11.4,11.5
075019,8.1,8.2,8.3,8.5,8.3,8.6,8.7,8.9,8.4,9.1,8.9,9.2,8.8,9.0,9.2,9.1,9.3,9.5,9.3,9.4,9.6,9.8,9.6,9.9,9.6
075020,10.1,10.4,10.1,10.5,10.6,11.1,11.1,10.9,11.7,11.9,12.0,12.4,12.1,12.1,12.5,12.5,12.9,13.2,13.4,13.2,13.7,13.9,14.1,13.9,13.9
075021,9.4,9.4,9.8,9.5,9.8,9.5,9.5,9.8,9.6,10.1,9.9,10.0,10.2,10.1,10.1,10.4,10.3,9.9,10.4,10.3,10.9,10.1,10.4,10.1,10.2
075022,9.2,9.1,9.3,9.2,9.1,9.1,9.4,9.2,9.0,9.2,9.6,9.4,9.6,9.4,9.6,9.1,9.6,9.6,9.3,9.4,9.8,9.5,9.5,9.7,9.6
075023,9.1,9.4,9.2,9.5,9.3,9.8,9.7,9.7,10.0,10.1,10.4,10.4,10.7,10.7,10.8,11.0,10.8,11.1,11.0,11.0,11.4,11.3,11.6,11.7,11.6
075024,7.7,7.9,7.7,8.0,8.0,7.9,8.1,7.7,7.9,8.4,8.5,8.4,8.5,8.6,8.5,8.8,8.8,8.7,8.8,8.9,8.8,8.9,9.0,8.8,8.9
075025,9.6,9.8,10.0,10.0,10.0,10.2,10.4,10.2,10.2,11.1,10.8,10.9,11.3,11.5,11.3,11.5,11.5,11.5,12.1,12.0,12.6,12.1,12.2,12.7,12.4
075026,10.3,10.5,10.5,10.6,10.4,10.7,10.5,10.5,10.5,11.2,11.0,11.4,11.2,11.4,11.3,11.5,11.7,11.4,11.5,11.6,11.7,11.4,11.6,11.9,11.5
075027,8.4,8.5,8.9,8.5,8.9,8.4,8.9,8.9,9.0,8.9,9.1,9.5,9.0,9.2,9.3,9.3,9.2,9.6,9.4,9.8,9.6,9.6,9.7,9.8,9.7
075028,7.0,7.1,7.2,7.3,7.2,7.4,7.5,7.5,7.6,7.8,8.0,8.2,8.0,8.2,8.4,8.3,8.6,8.7,8.7,8.8,9.0,8.7,9.3,9.1,9.3
075029,9.1,9.1,9.3,9.2,9.3,9.2,9.6,9.7,9.6,9.9,10.1,10.0,10.2,10.4,10.1,10.2,10.7,10.8,10.7,10.7,11.1,10.9,11.1,11.4,10.7
075030,10.2,10.0,10.0,10.1,10.5,10.4,10.2,10.1,10.3,11.2,11.2,10.8,11.4,11.4,11.3,11.4,11.6,11.3,11.3,11.4,12.0,11.9,11.3,12.0,11.9
075031,10.3,10.2,10.3,10.4,10.4,10.4,10.6,10.5,10.6,11.1,10.9,11.4,10.9,11.4,11.2,11.2,11.4,11.3,11.5,11.6,11.8,11.5,11.8,11.6,11.9
075032,8.5,8.6,8.8,8.6,8.9,8.8,8.8,9.4,9.2,9.7,9.7,9.9,9.9,10.0,10.4,10.5,10.5,10.7,10.6,10.9,11.3,11.1,11.4,11.3,11.2
075033,7.8,8.0,8.0,7.9,8.4,8.2,8.1,8.3,8.2,8.4,8.6,8.8,8.7,8.8,9.2,8.9,9.2,9.2,9.3,9.4,9.3,9.4,9.3,9.6,9.7
075034,8.5,8.3,8.4,8.4,8.7,8.3,8.5,8.8,8.8,8.9,9.0,9.1,9.2,9.1,9.2,9.2,9.5,9.3,9.4,9.5,10.1,9.4,9.8,9.7,10.3
075035,10.1,10.2,10.2,10.5,10.2,10.7,10.4,10.6,11.0,11.1,11.3,11.4,11.5,11.5,11.3,11.5,11.7,11.8,12.3,12.7,12.8,12.0,12.2,12.4,11.8
075036,11.0,10.9,11.1,11.1,10.9,11.2,11.5,11.1,11.8,11.9,12.2,11.9,12.1,12.2,12.4,12.6,13.2,12.9,13.1,13.2,13.6,13.8,13.5,13.4,13.9
075037,7.5,7.1,7.5,7.3,7.5,7.4,7.6,7.7,7.6,8.2,7.9,7.9,8.2,8.1,8.2,8.2,8.2,8.4,8.4,8.3,8.6,8.6,8.5,8.5,8.7
075038,8.4,8.4,8.6,8.5,8.7,8.6,9.1,8.8,9.0,9.2,9.0,9.4,9.6,9.5,9.5,9.6,9.8,9.8,10.1,10.4,10.2,10.1,10.2,10.1,10.5
075039,8.5,8.6,8.7,8.9,9.3,9.2,9.2,9.2,9.2,9.6,9.4,9.4,9.4,9.9,9.5,9.7,9.7,9.8,9.8,10.1,10.5,10.1,10.4,10.4,10.2
075040,7.1,6.8,7.2,7.0,7.0,7.0,7.1,7.0,7.1,7.3,7.2,7.2,7.4,7.5,7.5,7.4,7.5,7.4,7.4,7.7,7.7,7.8,7.6,7.8,7.5
075041,9.3,9.3,9.4,9.2,9.6,9.3,9.5,9.6,9.6,9.8,9.5,9.8,9.7,9.6,9.9,9.9,9.9,9.8,9.7,9.9,10.1,9.8,9.8,9.7,9.9
075042,9.2,9.3,9.3,9.3,9.6,9.4,9.6,9.7,9.9,10.0,9.9,10.2,9.9,9.9,10.5,9.8,10.5,9.9,10.2,10.0,10.4,10.1,10.5,10.3,10.3
075043,7.8,7.9,7.9,7.8,8.1,8.1,8.3,8.1,8.3,8.5,8.6,8.9,8.5,8.5,8.7,8.9,8.8,8.8,9.0,9.2,9.5,9.1,9.0,9.3,9.6
075044,8.8,9.3,9.0,9.1,8.9,9.2,9.0,9.3,9.3,9.3,9.7,9.7,9.7,9.4,9.8,9.7,9.8,9.7,9.8,9.9,10.2,9.7,9.8,10.0,9.7
075045,9.8,9.8,9.9,9.8,10.2,10.0,10.3,10.1,10.2,10.4,10.6,10.6,10.7,10.9,11.1,10.9,11.1,11.0,11.0,11.2,10.9,10.9,11.3,11.5,11.5
075046,8.1,8.3,8.2,8.5,8.2,8.3,8.3,8.3,8.2,8.5,8.7,8.9,8.7,8.9,9.0,8.7,9.0,9.0,8.8,9.3,9.5,9.0,9.3,9.3,9.5
075047,8.2,8.3,8.2,8.3,8.2,8.2,8.5,8.4,8.5,8.7,8.8,8.8,8.9,9.0,9.0,8.8,9.0,9.5,9.4,9.2,9.4,9.3,9.5,9.5,9.7
075048,7.6,7.7,7.6,7.9,7.9,7.9,8.0,8.0,8.1,8.3,8.5,8.5,8.5,8.8,8.7,8.7,9.1,8.9,9.1,9.1,9.4,9.1,9.4,9.5,9.5
075049,8.2,8.4,8.3,8.4,8.3,8.3,8.3,8.4,8.2,8.6,8.7,9.0,8.8,8.8,8.6,9.0,8.8,9.0,9.1,9.1,9.5,8.8,9.2,9.2,9.3
075050,8.7,9.0,8.9,9.2,8.7,9.0,9.0,9.3,9.2,9.6,9.7,9.8,9.9,9.6,10.2,10.0,10.1,10.0,10.2,10.7,10.6,10.3,10.6,10.6,10.5
075051,9.2,9.4,9.2,9.2,9.6,9.6,9.4,9.8,9.8,10.0,10.1,10.6,10.3,10.6,10.6,10.8,10.7,10.6,10.9,10.7,11.3,10.7,10.9,11.5,11.6
075052,7.9,8.2,8.1,8.1,8.2,8.3,8.3,8.3,8.6,8.9,8.8,8.9,9.1,9.1,9.0,9.5,9.0,9.2,9.5,9.4,10.0,9.6,9.8,9.6,9.8
075053,8.9,8.7,8.8,9.2,8.8,9.1,9.3,9.1,9.2,9.7,9.7,9.9,9.8,9.9,9.9,9.9,10.1,10.1,10.1,10.0,10.2,10.5,10.5,10.5,10.8
075054,7.7,7.4,7.4,7.6,7.8,7.6,7.7,7.4,7.6,7.8,7.8,7.8,8.1,7.9,8.1,7.9,8.0,8.2,8.0,8.2,8.4,8.0,8.0,8.1,7.9
075055,7.3,7.1,7.3,7.4,7.6,7.5,7.4,7.5,7.5,8.1,7.9,8.1,7.9,8.0,8.1,8.1,8.3,8.2,8.1,8.2,8.6,8.4,8.6,8.5,8.5
075056,7.8,7.6,7.7,7.7,7.6,7.7,7.7,7.7,7.8,8.0,8.0,8.0,8.1,8.2,8.3,8.1,8.0,8.0,8.3,8.1,8.4,8.2,8.2,8.2,8.6
075057,8.2,8.3,8.5,8.5,8.5,8.9,8.7,8.6,8.9,9.3,9.2,9.2,9.3,9.5,9.7,9.5,9.6,10.1,10.1,10.0,10.5,10.3,10.1,10.6,10.5
075058,8.0,8.1,8.2,8.4,8.7,8.5,8.3,8.7,8.8,9.2,9.1,8.8,9.2,9.0,9.1,9.7,9.6,9.6,9.8,9.8,10.3,10.1,10.2,10.4,10.3
075059,8.2,8.4,8.2,8.3,8.5,8.8,8.5,8.8,8.8,9.4,9.4,9.5,9.4,9.5,9.8,9.7,9.8,9.6,10.1,9.8,10.2,10.2,10.1,10.3,10.9
075060,8.3,8.2,8.2,8.5,8.4,8.6,8.7,8.7,8.4,8.9,9.1,9.0,9.1,9.1,9.3,9.3,9.2,9.2,9.2,9.4,9.8,9.6,9.7,9.6,9.6
075061,9.7,9.9,10.0,10.1,10.1,10.0,10.3,10.4,9.9,10.9,10.9,10.9,11.0,10.8,11.2,11.1,10.9,10.9,11.1,11.2,11.8,11.2,11.7,11.8,12.1
075063,8.0,7.9,8.2,8.2,8.2,8.2,8.4,8.3,8.2,8.6,8.8,8.8,8.7,8.9,9.0,8.9,9.1,8.8,9.0,9.1,9.4,9.2,9.2,9.0,9.3
075064,7.7,7.8,7.8,7.9,7.9,8.0,7.9,8.2,7.8,8.3,8.3,8.4,8.5,8.2,8.2,8.6,8.2,8.7,8.6,8.8,8.7,8.7,8.7,8.9,8.9
075065,8.2,8.4,8.3,8.4,8.2,8.3,8.3,8.3,8.4,9.2,8.9,8.8,8.8,8.8,8.9,8.9,8.9,9.0,9.0,8.7,9.4,9.0,9.2,8.9,9.1
075066,8.3,8.8,8.5,8.9,8.9,9.2,9.3,9.4,9.6,9.6,10.2,9.9,10.3,10.3,10.3,10.6,10.9,10.9,10.9,11.0,11.2,11.4,11.4,11.9,11.8
075067,7.8,8.1,8.0,8.1,8.1,8.1,8.0,8.1,8.1,8.2,8.5,8.4,8.4,8.4,8.4,8.6,8.5,8.6,8.5,8.4,8.5,8.2,8.5,8.8,8.3
075068,9.9,9.9,9.7,10.0,9.8,10.4,10.1,10.1,10.1,10.6,10.7,10.9,10.6,10.5,10.7,10.6,10.9,11.1,11.1,11.1,11.2,11.4,11.4,11.0,11.2
075069,8.6,8.9,8.8,8.9,8.8,8.8,8.9,9.1,9.0,9.1,9.2,9.5,9.3,9.4,9.5,9.6,10.0,9.6,9.8,9.8,10.0,9.9,10.1,9.8,10.0
075070,9.7,9.7,9.8,9.9,9.9,9.8,10.0,10.0,10.1,10.6,10.6,10.7,11.1,11.1,11.1,11.2,11.4,11.5,11.6,11.7,12.2,12.2,12.4,12.0,11.9
075071,10.0,10.3,10.0,10.5,10.4,10.4,10.2,10.6,10.9,10.9,11.5,11.2,11.3,11.4,11.7,11.4,11.7,12.0,11.9,11.8,12.2,12.2,11.9,12.2,12.1
075072,7.6,7.5,7.7,7.8,7.6,7.8,7.7,7.6,7.7,7.8,8.0,8.0,7.9,8.0,8.1,8.2,8.1,8.1,8.2,8.2,8.3,8.1,8.2,8.2,8.1
075073,7.0,7.0,7.0,7.1,7.1,7.0,7.2,7.1,7.3,7.6,7.5,7.4,7.5,7.5,7.8,7.7,7.6,7.7,7.6,7.7,7.7,7.8,7.8,7.8,7.7
075074,8.0,7.8,8.1,8.3,8.3,8.3,8.3,8.3,8.5,8.8,8.9,8.9,8.9,8.8,8.9,9.4,9.1,9.1,9.0,9.2,9.3,9.5,9.6,9.6,9.8
075075,6.9,7.1,7.0,7.1,7.1,7.1,7.1,7.3,7.3,7.6,7.6,7.8,7.7,7.7,7.8,8.1,7.8,7.9,7.9,8.0,8.3,8.3,8.3,8.2,8.2
075076,8.7,8.7,8.5,8.5,8.6,8.5,8.7,8.8,8.7,9.2,8.9,9.1,8.9,9.1,8.9,9.1,9.0,9.1,9.0,8.9,9.6,9.0,9.1,9.2,9.3
075077,8.4,8.7,8.6,8.7,8.8,8.9,8.8,9.0,8.9,9.4,9.2,9.1,9.6,9.4,9.4,9.5,9.3,9.3,9.4,9.5,9.8,9.7,9.6,9.9,10.0
075078,7.0,7.0,6.9,7.1,7.2,7.2,7.3,7.3,7.3,7.4,7.6,7.7,7.6,7.7,7.8,7.9,7.9,7.9,8.2,7.9,8.2,8.0,8.1,8.3,8.0
075079,8.1,8.3,8.5,8.4,8.5,8.5,8.9,8.7,8.7,9.1,9.2,9.2,9.3,9.5,9.3,9.4,9.7,9.8,9.9,9.6,10.1,9.8,9.9,10.3,10.0
075080,8.6,8.8,8.8,8.9,9.1,9.2,9.3,9.3,9.4,9.8,9.6,9.5,10.2,10.1,10.0,10.2,10.4,10.4,10.8,10.7,11.1,11.0,10.9,11.1,11.1
075081,8.3,8.7,8.8,8.8,8.8,8.9,9.1,9.0,9.1,9.6,9.6,9.7,9.5,9.9,9.7,10.2,10.4,10.2,10.5,10.3,10.9,10.7,10.9,10.9,10.9
075082,7.5,7.6,7.8,7.5,7.6,7.5,7.7,7.6,7.6,7.9,7.9,7.9,7.9,8.1,7.9,7.7,8.1,8.1,8.3,8.5,8.3,8.1,8.4,8.5,8.2
075083,8.5,8.7,8.7,8.9,9.1,9.1,9.1,9.3,9.3,9.6,9.6,9.5,10.0,9.5,9.8,10.1,9.9,10.0,10.3,10.3,10.4,10.4,10.5,10.7,10.8
075084,9.9,9.9,9.6,9.9,10.0,10.0,9.9,10.0,9.9,10.7,10.4,10.3,10.4,10.6,10.7,10.5,10.9,10.8,11.1,11.0,11.0,11.1,11.0,11.4,11.4
075085,9.1,9.2,9.3,9.1,9.2,9.0,9.1,9.3,9.6,9.3,9.8,9.7,9.9,9.8,9.6,9.9,9.9,9.7,9.8,9.9,9.9,9.8,10.0,10.1,9.7
075086,8.3,8.4,8.1,8.5,8.2,8.9,8.7,8.6,8.7,9.0,9.0,9.3,9.4,9.1,9.2,9.2,9.3,9.5,9.5,9.6,9.8,9.7,9.5,9.9,9.9
075087,8.9,9.3,9.0,9.0,9.3,9.4,9.4,9.5,9.5,9.7,9.9,10.2,10.3,10.3,10.4,10.5,10.5,10.6,10.9,10.5,11.2,11.1,10.8,11.5,11.5
075088,9.2,9.2,9.2,9.4,9.6,9.7,9.7,10.0,10.0,10.4,10.4,10.2,10.3,10.7,10.7,10.9,10.8,10.9,10.7,10.8,11.4,11.2,11.0,10.9,11.3
075089,8.3,8.3,8.3,8.4,8.5,8.7,8.7,8.8,8.7,9.3,9.2,9.5,9.3,9.4,9.6,9.5,9.5,9.7,9.8,9.9,10.2,10.2,10.1,10.2,10.6
075090,8.4,8.4,8.8,8.5,8.6,8.6,8.5,8.6,8.8,9.2,9.0,9.2,9.1,9.1,9.3,9.3,9.4,9.5,9.3,9.4,9.8,9.8,9.3,10.0,9.9
075091,8.5,8.4,8.4,8.5,8.5,8.4,8.5,8.1,8.3,8.4,8.6,8.9,8.6,8.5,8.4,8.8,8.5,8.7,8.5,8.6,8.7,8.7,8.5,8.5,8.4
075092,9.2,9.4,10.1,9.7,10.1,10.4,10.0,10.2,10.5,10.7,11.0,11.0,11.5,11.3,11.3,11.4,11.4,11.6,11.8,12.0,12.5,12.1,12.8,12.8,12.6
075093,9.0,8.8,9.0,8.9,9.1,9.2,9.0,9.1,9.3,9.6,9.6,9.6,9.9,9.9,9.9,10.0,10.0,9.9,10.3,10.4,10.8,10.4,10.4,10.8,10.7
075094,7.3,7.5,7.7,7.8,7.8,7.8,7.9,8.0,7.7,8.1,8.2,8.3,8.5,8.4,8.3,8.6,8.5,8.8,8.6,8.6,9.2,9.0,9.0,9.4,9.1
075095,8.2,8.0,8.0,8.4,8.3,8.5,8.8,8.6,8.9,9.3,9.6,9.5,9.5,9.8,9.7,9.7,10.2,9.9,10.0,10.2,11.1,10.6,10.8,10.9,11.2
075096,8.4,8.4,8.5,8.5,8.7,8.9,8.9,8.9,9.2,9.4,9.3,9.4,9.5,10.0,9.9,10.3,10.1,10.3,10.8,10.7,10.8,10.9,10.9,11.4,11.3
075097,8.6,8.8,8.7,8.8,8.9,8.8,9.1,9.2,9.1,9.3,9.8,9.6,9.8,10.1,9.9,9.8,10.2,10.4,10.3,10.5,10.9,10.4,10.4,10.7,10.7
075098,7.5,7.5,7.8,7.6,7.8,7.6,8.0,7.7,7.8,8.0,8.2,8.3,8.3,8.3,8.4,8.3,8.5,8.7,8.7,8.4,8.8,8.8,8.5,8.6,9.0
076001,10.0,10.1,10.2,10.0,10.4,10.3,10.4,10.9,10.5,11.0,10.9,10.9,11.2,11.3,11.5,11.0,11.0,11.3,11.5,11.5,12.2,11.6,11.7,12.0,12.1
076002,9.3,9.2,9.5,9.3,9.6,9.7,9.4,9.3,9.4,9.6,10.0,10.0,10.1,10.3,10.2,10.1,10.0,9.8,10.2,10.1,10.6,10.6,10.6,10.7,10.1
076003,8.9,8.8,9.2,9.2,9.2,9.1,9.2,9.2,9.2,10.1,9.7,9.7,9.8,9.7,10.0,10.3,10.1,10.1,10.4,10.5,10.8,10.6,10.4,11.0,10.6
076004,9.8,9.9,9.7,9.8,9.9,10.0,9.8,10.2,10.3,10.6,10.7,10.9,10.7,10.8,10.9,10.9,11.5,11.4,11.3,11.4,11.8,11.4,11.6,11.9,11.9
076005,8.6,8.6,8.6,8.7,8.7,8.7,8.7,9.0,9.3,9.6,9.5,9.7,9.6,9.7,9.8,10.0,10.1,10.1,10.0,10.2,10.7,10.2,10.4,10.7,10.5
076006,7.6,7.5,7.4,7.8,7.8,7.9,8.2,8.2,8.4,8.7,8.9,9.0,9.0,8.9,8.9,9.3,9.4,9.3,9.5,9.5,10.3,9.7,10.2,10.2,10.4
076007,9.5,9.6,9.5,9.7,9.7,10.1,10.1,10.0,10.1,10.6,10.8,10.9,10.8,11.1,11.3,11.2,11.1,11.3,11.6,11.9,12.5,11.7,11.9,11.6,12.3
076008,8.4,8.5,8.8,8.7,8.7,8.7,9.0,8.8,8.9,9.0,9.5,9.3,9.3,8.9,9.4,9.8,9.6,9.6,9.6,9.6,9.9,10.1,9.9,10.1,10.1
076009,6.8,6.9,7.0,7.0,7.0,7.0,7.2,7.2,7.2,7.5,7.2,7.4,7.5,7.2,7.7,7.7,7.5,7.8,7.8,7.7,8.0,7.7,7.7,7.9,8.1
076010,7.7,8.0,7.9,7.8,7.6,7.7,7.9,7.9,8.1,8.1,8.0,8.1,8.2,8.1,8.3,8.1,8.3,8.3,8.2,8.3,8.4,8.4,8.2,8.4,8.4
076011,7.8,7.8,7.8,8.0,8.1,8.1,8.0,8.2,8.2,8.6,8.5,8.5,8.7,8.8,8.9,9.2,9.1,9.1,9.2,9.3,9.5,9.6,9.6,9.8,9.8
076012,8.4,8.4,8.2,8.4,8.5,8.4,8.2,8.5,8.6,8.8,8.8,8.7,8.6,8.6,8.7,8.4,8.8,8.8,8.8,8.6,8.9,8.8,8.8,8.7,8.6
076013,10.0,9.8,10.0,10.1,10.0,10.3,10.3,10.6,10.7,10.9,11.3,11.2,11.3,11.2,11.8,11.9,11.8,11.7,11.9,12.1,12.2,12.0,12.8,12.7,12.0
076014,8.4,8.7,8.5,8.8,9.1,8.6,8.8,9.1,9.1,9.6,9.4,9.8,9.5,9.9,10.0,10.0,10.0,10.1,10.4,10.5,10.8,10.6,10.9,10.8,10.9
076015,8.7,8.9,8.7,8.7,9.1,9.1,9.1,9.5,9.3,9.8,10.0,10.1,10.3,10.1,9.8,10.5,10.4,10.6,10.8,10.6,11.1,10.7,11.1,10.8,11.4
076016,7.8,7.9,7.9,8.0,7.8,7.8,7.9,7.8,7.8,8.0,8.1,8.0,8.2,7.9,8.1,8.2,8.2,8.3,8.1,8.3,8.5,8.5,8.3,8.1,8.4
076017,8.2,8.2,8.5,8.3,8.3,8.4,8.3,8.4,8.3,8.9,8.6,8.5,9.1,8.7,8.9,9.0,9.0,9.1,9.1,9.4,9.5,9.1,9.2,9.1,9.2
076018,7.6,7.4,7.6,7.4,7.6,7.5,7.7,7.8,7.9,8.2,8.2,8.4,8.4,8.6,8.6,8.5,8.6,8.7,8.7,8.9,9.0,8.8,9.0,9.5,9.0
076019,8.8,9.0,8.9,9.0,9.0,9.2,8.9,9.2,9.3,9.7,9.6,9.8,10.0,10.0,9.7,9.8,10.0,10.0,10.2,10.4,10.4,10.5,10.5,10.6,10.4
076020,10.6,10.7,10.4,10.6,11.0,10.9,11.2,11.1,11.0,11.6,11.5,11.7,11.9,12.0,12.0,12.5,12.5,12.8,12.6,12.7,13.2,12.6,13.4,13.2,13.2
076021,7.7,7.8,7.6,7.8,7.6,7.6,8.0,8.1,7.9,8.3,8.6,8.4,8.2,8.6,8.6,8.5,8.6,8.7,8.7,8.6,9.4,9.0,8.9,9.1,9.2
076022,7.9,7.7,8.0,8.0,8.1,8.4,8.2,8.0,8.4,8.7,8.9,8.8,9.3,9.3,9.1,9.0,9.4,9.4,9.3,9.5,9.8,9.7,9.9,9.8,9.9
076023,8.4,8.3,8.2,8.5,8.3,8.4,8.5,8.7,8.6,9.2,9.0,9.0,9.4,9.4,9.2,9.3,9.1,9.4,9.6,9.6,9.6,9.6,9.6,9.7,9.8
076024,11.0,11.3,11.0,11.6,11.5,11.7,12.3,12.1,12.2,13.2,13.2,13.6,14.0,13.8,14.0,14.3,14.8,15.2,15.3,15.8,16.7,16.1,16.9,16.5,17.3
076025,8.2,8.7,8.6,8.4,8.7,8.7,8.7,8.6,8.9,9.2,9.2,9.5,9.5,9.6,9.4,9.7,9.9,9.9,9.9,10.2,10.2,10.0,10.1,10.5,10.2
076026,7.6,7.8,7.7,7.8,7.8,7.9,7.9,7.8,7.8,8.5,8.4,8.4,8.4,8.5,8.4,8.6,8.9,8.7,8.6,8.8,9.1,9.0,8.9,8.7,9.1
076027,7.8,7.7,7.9,8.0,7.9,8.1,8.1,8.0,8.1,8.5,8.3,8.5,8.5,8.5,8.6,8.7,8.7,8.9,8.7,8.7,9.1,8.9,8.9,9.0,9.0
076028,7.8,7.8,7.9,8.0,8.2,8.0,8.0,8.0,8.3,8.6,8.5,8.7,8.7,8.7,8.9,8.8,8.9,9.0,8.8,9.1,9.4,9.2,9.5,9.3,9.4
076029,7.6,7.6,7.7,7.4,7.6,7.8,7.9,8.0,7.8,8.4,8.4,8.3,8.3,8.4,8.5,8.9,8.9,9.2,9.1,8.8,9.3,9.2,9.0,9.5,9.4
076030,8.6,8.4,8.7,8.7,8.7,8.4,8.6,8.6,8.5,8.8,8.6,8.7,8.7,8.3,8.6,8.7,8.5,8.3,8.2,8.2,8.5,8.2,8.5,8.3,8.3
076031,9.4,9.5,9.6,9.5,9.9,10.1,10.1,9.9,10.3,10.5,10.7,10.8,11.3,11.2,11.3,11.1,11.1,11.5,11.3,11.6,11.8,12.3,11.8,11.9,12.1
076032,8.4,8.4,8.8,8.9,8.8,8.6,8.7,9.0,9.0,9.3,9.6,9.7,9.6,9.4,9.9,9.5,9.9,9.9,9.8,9.8,10.1,9.9,10.3,10.2,10.3
076033,9.3,9.2,9.6,9.7,9.5,9.4,9.7,10.0,9.5,10.5,10.3,10.7,10.7,10.3,10.8,10.8,11.2,11.4,11.2,11.3,11.6,11.8,11.7,11.7,11.7
076034,8.2,8.2,8.2,8.3,8.3,8.6,8.3,8.5,8.5,8.7,9.0,9.1,9.0,9.1,9.1,9.2,9.2,9.3,9.5,9.3,9.5,9.6,9.4,9.9,9.5
076035,7.7,7.6,8.1,7.9,7.9,8.0,8.2,8.2,8.2,8.6,8.5,8.7,8.7,8.7,9.0,8.9,9.1,9.2,9.4,9.2,9.6,9.6,9.6,9.8,9.9
076036,7.9,8.0,7.9,8.2,8.0,8.1,8.1,8.2,8.3,8.5,8.7,8.7,8.8,8.9,8.9,9.0,8.8,9.1,9.1,9.0,9.1,9.3,9.4,9.3,9.6
076037,8.8,9.0,9.2,8.9,9.1,9.3,9.6,9.2,9.5,9.7,9.9,9.9,10.0,10.2,10.1,10.1,10.1,10.2,10.4,10.6,10.8,10.8,10.7,10.9,10.5
076038,8.4,8.3,8.5,8.5,8.5,8.8,8.6,8.7,8.9,9.0,9.2,9.2,9.1,9.1,9.3,9.6,9.4,9.4,9.5,9.5,9.9,9.6,9.6,9.7,9.9
076039,7.2,7.0,7.1,7.3,7.2,7.6,7.4,7.4,7.2,7.7,7.8,7.7,7.8,7.9,7.8,7.8,8.0,8.0,8.2,8.1,8.6,8.3,8.6,8.3,8.6
076040,8.3,8.4,8.3,8.2,8.5,8.6,8.5,8.8,9.0,9.3,9.5,9.4,9.6,9.5,10.0,9.6,9.6,9.9,9.9,10.1,10.6,10.3,10.4,10.7,10.6
076041,8.0,8.2,8.0,8.3,8.3,8.6,8.6,8.9,8.9,9.4,9.3,9.4,9.4,9.7,10.0,9.7,10.0,10.1,10.3,10.1,10.3,10.6,10.6,10.7,11.0
076042,9.4,8.9,9.4,9.5,9.5,9.2,9.2,9.6,9.8,10.1,10.1,9.6,10.1,10.2,10.2,10.3,10.3,10.4,10.8,10.9,10.7,10.6,10.7,10.4,10.9
076043,7.7,8.0,8.1,8.0,8.2,8.2,8.1,8.1,8.4,8.7,8.5,9.0,9.0,9.0,9.1,9.0,9.3,9.3,9.5,9.4,9.6,9.3,9.7,9.5,9.8
076044,9.2,9.5,9.9,10.0,9.9,10.2,10.1,9.9,10.1,10.8,11.1,10.6,10.7,10.8,11.2,11.5,11.4,11.9,11.3,12.2,12.1,12.1,11.9,12.2,12.1
076045,8.8,8.7,9.0,8.8,9.1,8.6,9.2,9.0,9.1,9.3,9.3,9.4,9.5,9.4,9.5,9.4,9.5,9.6,9.6,9.7,9.8,9.7,10.1,9.8,9.9
076046,8.7,8.4,8.3,8.3,8.5,8.4,8.7,8.9,8.6,9.1,9.0,9.3,9.2,9.5,9.0,9.3,9.4,9.5,9.7,9.4,9.8,9.3,9.8,9.8,10.0
076047,9.4,9.5,9.7,9.8,9.8,10.1,9.9,10.1,10.5,10.8,10.9,11.2,11.7,11.5,11.7,11.8,11.9,12.3,12.2,12.3,12.5,12.4,13.4,12.9,13.2
076048,10.4,10.6,10.4,10.4,10.6,10.7,10.8,11.1,11.0,11.7,11.6,11.4,11.9,11.6,11.7,12.0,12.2,12.3,12.4,12.4,13.0,12.5,12.7,12.7,12.9
076049,7.8,8.2,8.0,8.0,7.6,8.1,8.0,7.9,7.9,8.3,8.3,8.4,8.4,8.4,8.3,8.0,8.3,8.2,8.3,8.2,8.1,8.1,7.9,8.3,8.1
076050,8.0,8.2,8.3,8.3,8.3,8.5,8.5,8.7,8.7,9.3,8.9,9.2,9.2,9.2,9.5,9.6,9.6,9.7,9.7,9.7,10.0,9.8,10.1,10.1,10.1
076051,8.5,9.0,8.9,9.1,9.2,9.3,9.2,9.0,9.4,9.6,10.0,9.9,10.1,9.7,10.1,10.4,10.3,10.6,10.6,10.5,10.8,10.9,10.9,10.9,11.0
076052,8.6,8.5,8.5,8.6,8.7,8.8,8.6,8.7,8.7,8.7,9.1,9.1,8.9,8.8,8.8,8.7,9.1,8.9,9.2,9.0,9.2,8.7,9.1,8.9,9.2
076053,8.2,8.3,8.6,8.5,8.6,8.7,8.7,8.9,9.0,9.3,9.2,9.6,9.5,9.7,9.5,9.7,10.0,10.0,10.2,10.1,10.7,10.5,10.3,10.5,10.7
076054,8.4,8.6,8.7,8.6,8.4,8.7,8.3,8.8,8.7,8.8,8.8,8.6,8.7,8.9,8.7,8.7,8.8,8.5,8.8,8.8,9.1,9.1,9.1,9.3,8.8
076055,8.6,8.6,8.9,8.9,9.2,9.2,9.4,9.3,9.4,9.6,10.0,9.9,9.8,10.2,10.1,10.1,10.5,10.1,10.6,10.7,11.1,10.7,11.1,10.9,11.4
076056,7.7,7.4,7.7,8.0,8.0,7.8,7.9,7.9,8.0,8.0,8.4,8.5,8.5,8.6,8.5,8.5,8.4,8.4,8.7,9.0,9.0,8.8,8.8,9.0,8.9
076057,9.0,9.0,8.8,9.1,8.9,8.7,9.0,8.9,8.8,9.8,9.4,9.4,9.3,9.3,9.6,9.5,9.3,9.9,9.7,9.5,9.8,9.7,9.8,9.6,9.9
076058,8.5,8.7,8.5,8.7,9.0,8.8,8.8,8.9,9.0,9.5,9.2,9.8,9.7,9.8,9.7,9.9,9.8,10.0,10.3,10.4,10.5,10.8,10.9,10.7,10.7
076059,7.8,7.8,8.0,7.7,8.0,7.9,7.9,7.9,8.0,8.1,8.5,8.2,8.4,8.2,8.6,8.2,8.3,8.4,8.4,8.4,8.8,8.5,8.8,8.7,8.8
076060,10.5,10.7,10.5,10.5,10.4,10.9,10.3,10.1,10.0,10.6,10.2,10.3,10.2,10.4,10.0,10.0,9.6,9.7,9.7,9.5,9.7,9.2,9.2,9.3,9.0
076061,9.9,10.0,10.2,10.2,10.5,9.7,10.1,10.1,10.1,10.4,10.7,11.0,11.0,10.9,11.0,10.8,11.0,11.4,11.1,10.9,11.3,11.6,11.3,11.3,11.5
076062,7.9,7.9,7.8,7.8,7.8,7.9,8.0,8.1,8.0,8.3,8.3,8.4,8.2,8.4,8.5,8.6,8.6,8.5,8.8,8.7,8.7,8.9,8.7,9.1,9.0
076063,9.3,9.5,9.6,9.5,9.8,9.6,9.8,10.4,10.3,10.8,10.7,10.6,11.0,10.6,11.0,11.1,11.2,11.2,11.2,11.6,11.9,11.5,11.9,11.8,11.8
076064,10.2,10.1,10.3,10.4,10.1,10.5,10.6,10.5,10.3,10.7,11.1,11.0,11.2,11.5,11.5,11.5,11.4,11.2,11.2,11.6,11.4,11.8,11.7,11.9,11.7
076065,8.6,8.6,8.4,8.8,8.7,8.8,8.9,8.9,8.9,9.2,9.1,9.5,9.6,9.4,9.7,9.6,9.7,9.6,10.0,9.7,9.9,9.8,9.8,10.0,9.8
076066,9.5,9.5,9.7,9.5,9.4,10.0,9.8,9.9,10.0,10.3,10.2,10.5,10.4,10.6,10.8,10.3,11.0,10.7,10.6,10.9,11.1,10.9,11.1,10.7,11.6
076067,9.2,9.2,9.2,9.3,9.3,9.4,9.5,9.4,9.5,9.9,9.8,10.0,10.1,10.1,10.2,10.2,10.5,10.3,10.5,10.6,11.0,11.0,11.3,11.1,11.1
076068,8.5,8.8,8.7,9.1,9.2,9.0,9.4,9.2,9.4,9.7,9.8,10.1,10.3,10.7,10.6,10.5,10.9,11.4,10.8,11.0,11.5,11.4,11.4,11.6,11.5
076069,8.6,8.8,8.9,8.9,9.1,9.1,9.0,9.2,9.4,9.5,9.8,9.9,9.9,10.2,10.2,10.1,10.3,10.1,10.4,10.2,10.6,10.5,10.7,10.9,11.0
076070,8.3,8.2,8.3,8.4,8.3,8.4,8.6,8.5,8.5,8.8,9.0,8.9,8.8,8.8,8.9,9.0,9.0,8.7,8.9,9.0,9.1,9.3,9.0,9.3,9.0
076071,8.6,8.9,8.7,8.9,8.9,9.5,9.4,9.6,9.8,9.9,10.1,10.0,10.2,10.4,10.5,10.7,10.8,11.1,11.2,11.0,11.4,11.3,11.6,11.4,11.8
076072,9.6,10.0,9.8,10.3,10.3,10.4,10.2,10.9,10.7,11.0,11.1,11.3,11.7,11.3,11.6,11.6,12.2,11.9,12.1,12.2,12.5,12.5,12.8,12.9,13.4
076073,6.8,6.6,6.6,6.7,6.8,6.7,6.9,7.0,6.7,7.2,7.1,7.3,7.4,7.1,7.4,7.4,7.4,7.4,7.4,7.6,7.7,7.5,7.8,7.7,7.8
076074,6.4,6.5,6.6,6.4,6.7,6.7,6.6,6.6,6.5,6.7,6.9,6.8,6.9,6.9,6.9,7.0,7.0,6.8,7.0,6.9,7.0,7.1,7.2,7.1,7.1
076075,8.8,8.7,8.8,8.9,8.9,8.7,8.9,8.8,9.2,9.2,9.1,9.1,9.1,9.4,9.6,9.0,9.2,9.6,9.2,9.1,9.8,9.5,9.2,9.4,9.7
076076,9.0,9.1,9.1,9.1,9.2,9.4,9.6,9.5,9.5,10.0,9.9,9.9,10.4,10.5,10.5,10.8,10.5,10.8,10.5,11.2,11.1,10.9,10.8,10.9,11.4
076077,7.4,7.2,7.2,7.5,7.4,7.3,7.4,7.5,7.4,8.0,7.8,7.9,7.9,7.8,8.0,8.2,8.0,8.0,8.0,8.0,8.3,8.3,8.3,8.1,8.3
076078,10.6,10.6,11.0,11.3,10.6,10.7,10.8,10.8,10.9,11.5,11.3,11.3,11.5,11.6,11.7,11.4,11.5,12.1,11.5,12.0,12.5,12.3,12.5,12.6,11.8
076079,7.7,7.9,7.5,8.0,8.0,7.9,8.2,8.1,8.1,8.6,8.5,8.4,8.5,8.4,8.7,8.9,8.8,8.5,8.9,8.7,9.0,8.8,8.8,9.0,8.8
076080,8.8,9.3,9.1,9.2,9.1,9.2,9.4,9.6,9.6,10.0,10.0,10.1,10.5,10.3,10.4,10.4,10.8,10.6,11.3,10.9,11.2,11.3,11.3,11.5,11.8
076081,7.2,7.4,7.5,7.2,7.1,7.4,7.4,7.3,7.6,7.7,7.9,8.3,7.9,8.0,8.3,8.4,8.5,8.3,8.3,8.6,8.7,8.6,8.7,8.8,8.9
076082,8.7,8.7,8.7,8.9,9.0,8.8,8.9,8.9,9.1,9.4,9.5,9.5,9.5,9.8,10.0,9.8,9.8,9.9,10.3,9.9,10.1,10.1,10.0,10.1,10.1
076083,6.9,7.0,6.9,6.9,7.1,7.2,7.0,7.1,7.3,7.5,7.4,7.3,7.3,7.5,7.5,7.5,7.4,7.7,7.8,7.7,7.8,7.7,7.7,7.6,7.7
076084,8.1,8.0,8.0,7.9,8.2,8.1,8.3,8.0,8.4,8.5,8.2,8.5,8.6,8.5,8.6,9.0,8.7,8.7,8.9,8.9,9.0,9.0,8.8,9.1,9.3
076085,9.7,9.9,9.9,9.7,9.9,10.0,9.8,10.2,10.3,10.5,10.6,10.8,10.8,10.6,10.9,11.1,11.1,11.0,11.2,11.4,11.8,11.2,11.6,11.8,11.7
076086,8.6,8.6,8.6,8.6,8.9,8.7,9.1,8.8,9.0,9.2,9.4,9.6,9.4,9.5,9.7,9.8,9.6,10.0,10.0,10.0,10.3,10.0,9.9,10.4,10.1
076087,8.3,8.6,8.5,8.7,8.8,9.0,9.0,8.6,9.2,9.4,9.5,9.4,9.5,9.9,9.7,9.8,10.0,10.1,10.5,10.3,10.8,10.3,10.5,10.8,10.6
076088,7.7,7.7,8.0,8.0,8.0,8.0,8.1,8.1,8.2,8.5,8.6,8.6,8.6,8.8,8.7,8.9,9.3,9.1,9.1,9.3,9.7,9.4,9.3,9.5,9.8
076089,9.4,9.0,9.3,9.5,9.8,9.7,9.8,9.8,10.2,10.4,10.3,10.5,11.0,10.8,10.8,10.8,11.2,11.2,11.5,11.5,11.8,11.4,11.8,11.9,12.4
076090,7.9,8.1,8.3,8.1,8.3,8.2,8.3,8.2,8.5,8.5,8.6,8.8,8.7,8.7,9.0,8.6,8.8,8.7,8.8,8.6,9.1,9.0,8.8,8.9,9.0
076091,9.1,9.0,9.2,9.3,9.1,9.4,9.4,9.2,9.8,10.2,10.0,9.9,9.9,10.0,10.2,10.6,10.2,10.6,10.5,10.3,10.8,10.5,10.7,11.1,10.7
076092,8.2,8.6,8.5,8.5,8.5,8.6,8.8,8.6,8.8,9.1,9.1,9.3,9.0,9.1,9.8,9.4,9.8,9.5,9.8,9.7,10.3,10.2,9.9,10.2,10.3
076093,8.1,8.3,8.3,8.3,8.4,8.1,8.1,8.3,8.3,8.5,8.6,8.8,8.8,8.7,8.7,8.9,8.8,8.8,8.9,8.9,9.3,8.8,9.2,9.0,9.2
076094,7.3,7.3,7.3,7.2,7.3,7.5,7.2,7.4,7.3,7.6,7.8,7.8,7.9,7.8,8.0,8.0,7.9,7.9,8.0,7.8,8.2,8.1,8.2,8.2,8.2
076095,9.0,9.3,9.2,9.1,9.3,9.2,9.2,9.2,9.6,9.8,9.8,9.7,9.9,9.7,9.8,10.2,10.0,9.9,10.1,9.9,10.3,10.1,10.3,10.3,10.3
076096,8.4,8.5,8.5,8.6,8.6,8.6,8.7,8.7,9.2,9.2,9.6,9.6,9.9,10.0,9.9,10.3,10.1,10.1,10.7,10.5,10.7,10.6,10.7,11.0,10.9
076097,9.6,9.6,9.7,10.0,10.0,9.7,10.1,10.0,9.9,10.4,10.5,10.6,10.6,11.0,10.4,10.5,10.9,10.8,10.8,10.9,11.3,11.0,11.4,11.4,11.4
076098,8.9,9.0,8.9,9.2,9.0,9.1,9.3,9.0,9.3,9.9,9.8,9.6,9.9,9.8,10.0,10.2,10.0,10.3,10.3,10.3,10.7,10.6,10.3,10.6,10.6
076099,7.6,7.6,7.8,7.9,7.5,7.6,7.7,7.7,7.5,7.9,8.0,7.8,7.8,7.6,7.9,7.9,7.5,7.8,7.5,7.8,7.8,7.5,7.6,7.4,7.8
076100,8.6,8.6,8.7,8.9,9.1,9.1,9.0,9.1,9.7,10.1,10.0,9.9,10.1,10.1,10.5,10.6,10.6,11.1,11.0,11.1,11.4,11.0,10.9,11.4,11.6
077001,7.4,7.5,7.5,7.4,7.6,7.5,7.6,7.6,7.5,8.0,7.9,8.2,8.1,8.0,8.0,8.0,8.1,8.2,8.0,8.1,8.2,8.2,8.2,8.3,8.6
077002,9.2,9.1,9.1,9.2,9.6,9.3,9.6,9.8,9.5,10.0,9.6,9.8,10.4,10.0,10.3,10.3,10.6,10.6,10.5,10.8,11.1,10.6,10.8,10.8,10.6
077003,8.2,8.3,8.6,8.8,8.6,8.5,8.6,8.7,8.6,8.9,9.0,9.3,9.0,9.2,9.2,9.1,9.1,9.4,9.1,9.6,9.7,9.8,9.5,9.7,9.8
077004,7.8,8.1,8.0,8.1,8.2,8.3,8.4,8.4,8.6,8.7,8.8,9.1,9.0,9.2,9.4,9.5,9.2,9.7,9.9,9.8,10.0,9.8,9.9,10.3,10.5
077005,10.2,10.3,10.0,10.4,10.1,10.4,10.6,10.4,10.7,11.4,11.3,11.1,11.2,11.6,11.4,12.2,12.0,12.1,11.8,12.3,12.9,12.6,12.3,12.5,12.9
077006,8.8,8.6,8.8,8.8,8.6,8.5,9.0,8.7,8.7,8.9,9.3,9.1,9.0,9.0,9.1,9.0,9.3,9.0,8.9,9.1,9.5,9.3,9.1,9.1,8.8
077007,7.4,7.3,7.5,7.6,7.8,7.8,7.7,7.7,7.8,8.2,8.0,8.3,8.3,8.4,8.3,8.6,8.5,8.8,8.5,8.6,8.9,9.0,9.1,9.2,9.1
077008,8.4,8.1,8.4,8.4,8.3,8.3,8.3,8.3,8.3,8.3,8.6,8.4,8.3,8.4,8.1,8.5,8.3,8.2,8.2,8.2,8.2,8.2,8.1,7.9,8.2
077009,8.7,8.6,8.9,9.1,8.9,9.3,9.2,9.3,9.4,9.8,9.6,9.9,10.2,10.1,10.1,10.4,10.6,10.6,10.6,10.7,10.6,11.0,11.2,11.0,11.1
077010,8.6,8.9,8.8,9.0,9.0,9.0,9.2,9.3,9.2,9.4,9.7,9.5,9.7,9.7,9.5,9.9,10.4,10.1,10.1,10.6,10.6,10.6,11.0,10.7,10.9
077011,8.4,8.1,8.2,8.4,8.3,8.2,8.4,8.4,8.7,8.6,8.7,8.7,8.7,9.0,9.2,8.9,8.9,9.0,9.1,9.2,9.2,9.1,9.1,9.3,9.3
077012,9.1,9.3,9.1,9.3,9.2,9.2,9.3,9.2,9.0,9.3,9.4,9.2,9.2,9.3,9.6,9.4,9.3,9.4,9.4,9.1,9.5,9.3,9.1,9.4,9.2
077013,8.9,8.6,8.9,9.0,9.2,9.5,9.3,9.4,9.7,10.0,10.1,10.4,10.5,10.2,10.5,10.6,10.8,11.0,11.2,11.2,11.6,11.3,11.3,11.8,11.7
077014,9.4,9.7,9.7,9.6,9.4,9.9,9.4,10.0,10.0,10.5,10.4,10.6,10.3,10.8,10.7,11.1,10.9,11.3,11.4,11.4,11.6,11.5,11.5,11.7,11.7
077015,8.2,8.3,8.3,8.5,8.4,8.6,8.4,8.4,8.4,8.8,9.0,9.0,9.0,8.8,8.9,8.9,8.7,9.1,9.1,9.0,9.0,9.3,8.8,9.3,9.2
077016,9.1,9.1,9.3,9.3,9.3,9.2,9.6,9.5,9.7,10.2,10.1,10.0,9.7,10.5,10.6,10.2,10.2,10.6,10.8,10.8,10.8,10.9,10.9,11.0,10.9
077017,7.7,8.0,8.0,8.1,8.4,8.3,8.4,8.4,8.7,9.2,9.1,9.5,9.2,9.3,9.4,9.5,9.8,10.1,10.0,10.4,10.5,10.2,10.8,10.4,10.3
077018,8.2,8.4,8.3,8.2,8.3,8.3,8.5,8.5,8.5,8.9,9.2,9.1,9.3,9.2,9.6,9.3,9.1,9.2,9.6,9.5,9.6,9.2,9.6,10.0,9.9
077019,8.6,8.6,8.5,8.7,8.6,8.7,8.7,9.0,8.9,9.5,9.4,9.2,9.3,9.3,9.6,9.3,9.6,9.4,10.0,9.5,10.0,9.9,9.7,10.0,9.8
077020,8.4,8.6,8.6,8.7,8.6,8.9,8.9,8.8,8.8,9.2,9.1,9.5,9.1,9.5,9.4,9.7,9.4,9.7,9.9,9.9,9.8,9.5,10.0,9.9,9.6
077021,9.2,8.9,9.6,9.4,9.5,9.6,9.6,9.9,10.0,10.5,10.3,10.5,10.9,11.2,10.9,11.1,11.4,11.6,11.6,11.8,11.9,12.0,12.4,12.2,12.4
077022,9.2,9.3,9.4,9.5,9.4,9.7,9.6,9.7,9.9,10.1,10.1,10.1,10.2,10.3,10.5,10.5,10.6,11.2,10.6,10.9,10.8,10.8,11.2,11.5,11.2
077023,9.1,9.2,9.0,9.6,9.4,9.3,9.7,9.4,9.6,10.1,10.2,10.3,10.3,10.5,10.7,10.6,10.5,10.8,10.8,11.0,11.2,11.1,10.9,11.7,11.6
077024,7.9,8.1,7.9,7.9,8.0,8.2,8.4,8.3,8.6,8.4,8.5,8.7,8.5,8.6,8.4,9.0,8.9,8.6,8.7,8.9,9.1,8.9,9.0,9.1,9.2
077025,8.6,8.6,8.8,8.9,8.9,8.8,8.9,9.1,8.9,9.2,9.1,9.2,9.1,9.4,9.2,9.1,9.1,9.3,9.5,9.1,9.4,9.2,9.3,9.1,9.3
077026,8.9,9.3,9.2,9.3,9.2,9.2,9.4,9.2,9.4,9.9,9.8,10.0,9.8,10.1,9.9,10.1,10.0,10.2,10.2,10.1,10.4,10.1,10.2,10.2,10.5
077027,10.0,10.0,9.8,10.1,10.2,10.0,10.2,10.3,10.4,10.8,10.7,11.1,11.0,11.3,11.2,11.1,11.7,11.6,11.8,11.7,11.9,11.7,12.2,11.8,12.1
077028,8.4,8.7,8.3,8.7,8.6,8.6,8.7,8.8,8.8,9.1,9.1,9.4,9.3,9.3,9.5,9.5,9.6,9.2,9.5,9.8,9.5,9.9,9.9,9.8,9.6
077029,8.0,8.2,8.4,8.5,8.7,8.6,8.7,8.7,9.0,9.5,9.6,9.3,9.7,9.8,9.5,10.0,10.3,10.1,10.3,10.2,11.1,10.4,11.1,10.9,10.9
077030,9.9,9.4,9.6,9.7,9.7,9.8,9.7,9.9,10.0,10.5,10.2,10.1,10.3,10.4,10.9,10.4,10.9,10.6,10.7,10.6,10.6,10.7,10.8,11.0,10.8
077031,10.1,9.6,9.5,9.9,9.9,9.9,10.3,10.2,10.1,10.3,10.6,10.6,10.9,10.4,10.8,11.1,10.5,10.8,11.1,11.3,11.2,11.0,11.5,11.2,11.2
078001,8.1,8.2,8.2,8.5,8.5,8.5,8.8,8.6,8.7,8.9,9.1,9.4,9.4,9.2,9.5,9.8,10.0,10.0,9.7,10.1,10.4,10.1,10.5,10.1,10.4
078002,8.2,8.3,8.4,8.4,8.5,8.3,8.4,8.8,8.5,8.7,8.6,9.0,8.9,9.0,9.0,8.9,9.0,9.0,9.0,9.1,9.4,9.4,9.3,9.2,9.3
078003,9.1,9.5,9.5,9.6,9.9,9.9,9.8,10.4,10.4,10.8,10.8,10.8,11.0,11.2,11.7,11.3,11.2,11.8,12.0,11.7,12.6,12.2,12.2,12.9,12.6
078004,7.7,7.5,7.6,7.5,7.7,7.7,7.9,7.9,8.1,8.4,8.4,8.1,8.4,8.3,8.6,8.6,8.7,8.6,8.8,8.7,9.2,9.0,9.0,8.8,9.3
078005,8.9,9.1,9.0,8.8,9.5,9.1,9.8,9.6,9.5,10.2,9.9,10.0,10.2,10.4,10.2,10.6,10.6,10.8,11.0,11.3,11.0,10.9,11.2,11.0,11.6
078006,8.2,8.4,8.6,8.1,8.5,8.6,8.5,8.8,8.6,8.9,8.9,8.8,9.1,9.1,9.0,9.3,9.1,9.1,9.4,9.4,9.6,9.3,9.3,9.5,9.5
078007,8.1,8.1,8.1,8.1,8.3,8.5,8.1,8.5,8.4,8.8,8.7,8.7,9.0,9.1,9.0,8.9,9.5,9.1,9.4,9.4,9.5,9.6,9.7,9.7,9.4
078008,8.5,8.4,8.4,8.1,8.3,8.4,8.4,8.4,8.6,8.7,8.9,8.6,8.8,8.8,8.7,8.7,9.1,8.7,8.9,9.2,9.1,9.0,9.0,9.2,9.6
078009,10.0,10.0,10.1,10.3,10.2,10.3,10.1,10.0,10.2,10.4,10.5,10.6,10.1,10.3,10.3,10.5,10.4,10.1,10.0,10.5,10.4,10.6,10.3,10.3,10.5
078010,7.5,7.7,7.8,8.0,7.9,7.9,8.0,8.3,8.3,8.6,8.3,8.6,8.5,8.8,9.0,8.6,8.8,8.9,9.4,9.0,9.3,8.9,9.3,9.5,9.6
078011,8.7,9.0,8.9,8.8,9.1,8.9,9.2,9.5,9.7,9.9,9.9,10.1,10.2,10.3,10.8,10.4,10.8,10.7,11.0,11.4,11.7,11.6,11.7,11.9,11.9
078012,8.2,8.5,8.4,8.5,8.6,8.4,8.3,8.4,8.5,8.7,8.7,8.8,9.2,9.0,9.1,9.2,9.3,9.4,9.3,9.4,9.4,9.3,9.8,9.7,9.6
078013,9.3,9.3,9.5,9.5,9.4,9.3,9.6,9.4,9.8,9.8,10.0,9.9,10.1,10.2,10.1,9.9,10.1,10.2,10.3,10.5,10.5,10.6,10.4,10.7,10.8
078014,8.8,9.0,9.0,9.2,9.2,9.4,9.0,9.5,9.6,10.0,9.8,10.0,10.2,10.2,10.4,10.3,10.3,10.6,10.5,10.7,10.6,10.7,11.0,10.8,11.4
078015,9.3,9.2,9.2,9.6,9.7,9.7,9.7,9.8,10.1,10.6,10.4,10.6,10.8,10.8,10.8,10.9,11.0,11.3,11.4,11.3,11.9,11.6,11.8,12.2,11.9
078016,7.2,7.2,7.3,7.4,7.7,7.5,7.5,7.6,7.4,7.7,7.7,7.8,7.8,7.9,8.0,8.0,8.2,8.0,7.9,8.1,8.3,8.1,8.2,8.1,8.2
078017,9.8,10.0,9.9,10.2,10.3,10.3,10.6,10.9,10.6,11.3,11.2,11.1,11.5,11.5,11.5,12.0,11.9,12.7,12.2,12.5,13.0,12.6,12.2,12.4,12.8
078018,9.5,9.5,9.4,9.9,9.8,9.7,9.7,9.8,10.0,10.2,10.5,10.4,10.3,10.8,10.5,10.5,10.6,11.1,10.7,11.2,11.3,11.3,11.2,11.4,11.4
078019,6.8,7.1,7.0,7.0,6.8,7.1,7.2,7.1,7.1,7.2,7.4,7.5,7.1,7.4,7.5,7.5,7.4,7.5,7.4,7.6,7.7,7.4,7.3,7.8,7.4
078020,7.9,8.2,8.2,8.4,8.3,8.5,8.5,8.5,8.5,8.5,8.8,8.6,8.8,8.8,9.1,9.3,9.0,9.1,9.1,9.2,9.4,9.3,9.1,9.3,9.2
078021,8.3,8.6,8.6,8.6,8.6,8.7,8.7,8.9,8.9,9.2,9.1,9.0,9.2,9.4,9.4,9.3,9.4,9.6,9.7,9.5,10.3,9.8,10.1,10.2,9.6
078022,8.9,8.8,9.0,9.2,9.1,9.3,9.6,9.6,9.5,9.9,10.0,10.0,10.3,10.2,10.4,10.5,10.5,10.6,10.7,10.9,11.3,11.2,11.1,11.0,11.3
078023,8.4,8.3,8.3,8.5,8.5,8.6,8.3,8.4,8.4,8.7,8.8,8.8,8.7,8.7,8.8,9.0,8.7,8.7,8.8,9.0,8.9,8.6,8.8,9.0,8.7
078024,10.0,10.1,10.1,9.8,10.6,10.5,10.1,10.9,10.4,10.9,11.2,11.2,11.3,11.3,11.9,11.4,11.8,11.7,11.8,12.1,12.5,12.0,12.4,12.4,12.5
078025,8.7,8.7,8.9,8.9,8.9,9.0,8.9,9.1,9.4,9.4,9.7,9.7,9.7,9.8,10.1,10.1,10.1,10.0,10.1,10.2,10.4,10.2,10.6,10.6,10.5
078026,9.7,9.8,10.0,9.9,10.1,10.2,10.0,10.0,10.2,10.4,10.9,10.6,10.6,11.0,10.9,11.3,11.1,11.3,10.9,10.9,11.5,11.4,11.4,11.6,11.4
078027,9.1,9.4,9.5,9.5,9.5,9.7,9.8,10.0,9.6,10.6,10.0,10.3,9.9,10.5,10.8,10.1,10.5,10.8,11.1,10.8,11.5,11.0,11.2,11.2,11.0
078029,7.7,7.7,7.7,7.8,7.9,8.1,8.3,7.9,8.0,8.3,8.5,8.5,8.9,8.4,8.8,8.7,8.5,8.6,8.9,9.1,9.1,9.1,9.2,9.1,9.3
078030,9.9,10.1,10.2,10.3,9.8,10.0,10.2,9.8,10.2,10.4,10.6,10.6,10.5,10.5,10.6,10.9,10.4,10.7,11.0,10.6,10.8,10.7,10.7,11.0,10.7
078031,8.7,8.8,8.8,8.9,8.7,8.8,8.9,9.0,9.0,9.4,9.3,9.3,9.1,9.3,9.4,9.5,9.6,9.3,9.4,9.6,10.0,9.4,9.4,9.7,9.4
078032,7.5,7.6,7.5,7.5,7.5,7.4,7.6,7.7,7.8,8.3,8.2,8.2,8.4,8.4,8.4,8.5,8.6,8.8,8.7,8.8,9.0,9.0,9.1,9.4,9.5
078033,7.4,7.5,7.9,7.9,7.9,7.6,7.9,7.9,7.7,8.2,8.1,8.5,8.5,8.6,8.5,8.5,8.5,8.8,8.6,8.7,9.2,8.7,8.9,9.0,8.9
078034,8.9,9.6,9.7,9.8,9.7,9.9,9.8,9.9,10.2,10.4,10.9,10.7,10.7,10.8,11.0,11.2,10.9,11.0,11.4,11.4,11.5,11.4,11.2,11.9,11.8
078035,9.0,9.5,9.1,9.2,9.0,9.1,9.3,9.6,9.5,9.2,9.4,9.7,9.6,9.7,9.4,9.7,9.4,9.8,9.4,9.6,9.8,9.5,9.4,9.6,9.5
078036,7.7,7.5,7.4,7.6,7.7,7.6,7.7,7.7,7.5,7.8,8.0,7.8,7.9,7.9,7.7,7.7,7.7,8.0,7.7,8.0,7.9,7.8,7.8,7.6,7.7
078037,8.5,8.4,8.3,8.3,8.4,8.3,8.2,8.4,8.2,8.5,8.4,8.5,8.3,8.7,8.4,8.6,8.4,8.5,8.6,8.6,8.7,8.2,8.3,8.5,8.6
078038,8.4,8.4,8.7,8.7,8.7,8.6,8.6,8.5,8.8,9.1,9.2,9.0,9.1,9.1,9.2,9.2,9.3,9.2,9.0,9.4,9.5,9.3,9.2,9.5,9.3
078039,9.4,9.5,9.5,9.9,9.5,9.6,9.6,9.8,9.8,10.2,10.2,10.3,10.6,10.6,10.7,10.6,10.5,11.1,10.8,10.6,11.2,11.1,11.2,11.3,11.2
078040,7.5,8.0,7.9,8.1,8.1,8.3,8.2,8.3,8.4,8.8,8.7,8.9,9.0,9.0,9.1,9.2,9.3,9.4,9.7,9.6,10.0,9.8,9.5,9.7,9.9
078041,8.3,8.4,8.4,8.4,8.3,8.5,8.6,8.7,8.5,8.9,9.1,8.7,9.1,9.1,8.9,9.2,9.1,9.1,9.1,9.4,9.4,9.1,9.4,9.2,9.5
078042,9.5,9.5,9.8,9.9,10.2,10.1,10.1,10.4,10.6,11.2,11.3,11.1,11.6,11.7,11.8,12.3,12.3,12.2,12.7,12.7,13.1,13.4,13.4,13.7,14.1
078043,8.5,8.4,8.2,8.7,8.5,8.8,8.9,8.8,8.9,8.9,9.4,9.2,9.0,9.3,9.5,9.3,9.3,9.6,9.5,9.6,9.7,9.5,9.7,9.6,9.9
078045,8.2,8.2,8.2,8.3,8.4,8.3,8.5,8.5,8.4,8.9,8.9,9.2,9.0,9.1,8.9,9.2,9.2,9.2,9.2,9.3,9.3,9.5,9.6,9.7,9.6
078046,8.4,8.6,8.6,8.7,9.0,8.5,9.2,8.9,9.2,9.4,9.5,9.7,9.3,9.7,9.7,9.8,9.8,10.0,10.0,10.1,10.7,10.4,10.4,10.3,10.1
078047,7.7,8.2,8.0,8.3,8.2,8.3,8.4,8.5,8.7,8.8,9.2,9.1,9.3,9.3,9.6,9.5,9.8,9.9,9.6,9.8,10.2,10.0,10.0,10.5,10.5
078048,9.7,9.4,10.0,10.1,10.0,10.5,9.9,10.5,10.5,11.2,11.0,11.2,11.3,11.3,11.2,11.4,11.6,11.7,11.9,12.0,12.5,12.1,12.0,12.2,12.4
078049,8.2,8.5,8.6,8.6,9.0,8.9,9.0,9.0,9.0,9.3,9.5,9.6,9.7,9.6,9.4,9.8,9.7,9.9,9.7,10.2,10.5,10.3,9.8,10.2,10.6
078050,8.6,8.8,8.9,8.8,8.9,8.8,8.7,8.9,8.8,9.3,9.2,9.6,9.4,9.4,9.4,9.3,9.3,9.0,9.3,9.6,9.7,9.6,9.4,9.6,9.6
078051,8.5,8.7,8.5,8.6,8.5,8.9,9.0,8.8,8.7,9.4,9.8,9.6,9.5,9.7,9.9,9.9,9.8,9.9,10.1,10.2,10.7,10.4,10.5,10.3,10.6
078052,8.3,8.2,8.3,8.1,8.4,8.2,8.6,8.6,8.6,8.7,9.1,8.7,8.8,9.3,8.9,8.9,9.1,9.1,9.1,8.8,9.2,9.1,9.2,9.1,9.1
078053,8.4,8.3,8.3,8.3,8.4,8.7,8.5,8.4,8.5,8.9,8.9,8.7,9.0,9.0,9.2,8.9,8.9,9.0,8.9,9.3,9.6,9.4,9.3,9.6,9.4
078054,9.6,9.8,9.9,10.0,9.8,10.0,10.3,10.3,10.3,10.4,10.7,10.7,10.5,10.7,10.8,11.0,11.2,11.5,11.2,11.5,11.7,11.7,11.8,11.6,12.0
078055,10.1,10.0,10.1,9.9,10.2,10.2,9.9,10.1,10.0,10.8,10.6,10.3,10.4,10.5,10.7,10.6,10.8,10.6,10.6,11.1,10.9,10.9,11.1,11.0,11.2
078056,9.2,9.3,9.3,9.1,9.4,9.5,10.0,9.6,9.9,10.3,10.4,10.4,10.5,10.8,11.1,11.2,11.4,11.1,11.1,11.5,12.0,11.4,12.0,11.9,11.9
078057,6.5,6.5,6.4,6.6,6.6,6.5,6.8,6.7,6.7,7.1,7.1,7.0,7.3,7.3,7.6,7.4,7.4,7.5,7.7,7.4,7.9,7.7,7.8,7.8,8.0
078058,9.2,9.3,9.4,9.9,9.5,9.3,9.9,9.9,9.8,10.2,10.5,10.1,10.7,10.7,10.8,10.8,10.9,11.3,11.1,11.1,11.6,11.5,11.5,11.6,11.5
078059,10.4,10.7,10.5,10.4,10.8,10.6,10.6,10.8,10.7,11.1,11.6,12.2,11.9,11.8,11.9,11.9,12.3,12.6,12.4,12.2,12.9,12.9,13.3,13.3,13.2
078060,8.0,8.0,8.2,8.0,8.2,7.9,8.0,8.1,8.0,8.3,8.6,8.3,8.5,8.6,8.3,8.3,8.2,8.4,8.3,8.4,8.6,8.4,8.3,8.3,8.4
078061,7.3,7.6,7.4,7.7,7.5,7.9,7.8,7.9,7.9,8.4,8.5,8.7,8.6,8.8,8.8,8.8,9.0,9.0,9.3,9.4,9.5,9.5,9.8,9.6,9.9
078062,7.6,7.8,7.4,7.7,7.7,7.7,7.8,8.0,8.0,8.4,8.5,8.4,8.7,8.9,8.6,8.8,8.9,9.3,9.1,9.4,9.4,9.4,9.6,9.7,9.7
078063,9.1,9.4,9.2,9.5,9.4,9.6,9.9,9.9,10.2,10.8,10.6,10.4,10.6,10.6,10.8,11.0,11.0,11.2,11.4,11.3,12.0,11.8,11.9,11.8,11.8
078064,8.5,8.7,8.8,8.6,9.0,8.8,9.1,8.8,9.2,9.6,9.4,9.3,9.5,9.8,9.7,9.7,9.8,10.0,9.9,10.2,10.2,10.2,10.5,10.3,10.3
078065,7.1,7.3,7.1,7.2,7.2,7.3,7.3,7.3,7.4,7.6,7.9,7.4,7.6,7.6,7.9,7.9,8.0,7.9,8.0,7.6,8.1,8.0,8.0,8.4,8.2
078066,8.5,8.5,8.5,8.4,8.7,8.6,8.7,8.8,8.8,9.2,9.4,9.3,9.3,9.3,9.4,9.5,9.4,9.6,9.7,9.4,10.0,9.8,9.8,9.7,10.1
078067,9.1,9.2,9.6,9.4,9.6,9.8,9.8,9.8,9.9,10.1,10.5,10.5,10.8,10.8,10.5,10.5,11.0,11.0,11.2,11.1,11.5,11.0,12.0,11.6,11.6
078068,8.7,8.8,8.8,8.9,9.0,9.0,9.0,8.8,9.0,9.5,9.6,9.2,9.4,9.7,9.6,9.6,9.7,9.9,9.7,9.8,10.2,9.9,10.2,10.1,9.7
078069,7.2,7.2,7.0,7.1,7.2,7.2,7.1,7.4,7.3,7.5,7.5,7.7,7.6,7.9,7.8,7.6,7.5,7.8,7.5,7.7,8.1,7.8,7.8,8.0,7.8
078070,7.7,7.5,7.5,7.6,7.6,7.7,7.7,7.8,8.0,8.3,8.0,8.1,8.1,8.1,8.3,8.5,8.5,8.5,8.4,8.6,8.8,8.5,8.7,8.9,8.8
078071,7.9,7.9,7.8,8.1,8.2,8.2,8.3,8.4,8.6,8.9,9.1,9.1,9.1,9.2,9.6,9.3,9.4,9.8,9.8,9.9,10.3,10.3,9.9,10.2,10.4
078072,9.6,9.4,9.6,9.5,9.5,9.3,9.5,9.4,9.7,9.8,10.3,9.8,9.7,9.8,9.7,10.0,9.9,9.4,9.7,10.0,10.4,9.9,9.4,9.8,9.8
078073,7.2,7.2,7.4,7.4,7.3,7.6,7.5,7.4,7.5,7.8,7.9,7.9,7.8,7.7,8.0,8.0,8.1,8.0,8.2,8.1,8.2,8.1,8.3,8.1,8.4
078074,7.4,7.5,7.5,7.6,7.5,7.8,7.7,7.8,7.8,8.2,8.1,8.3,8.3,8.3,8.3,8.5,8.6,8.4,8.7,8.9,9.0,8.9,8.9,9.1,9.2
078075,9.0,8.7,8.8,8.8,9.0,9.0,9.2,9.3,9.4,10.0,9.7,9.9,9.7,10.1,9.9,10.2,10.5,10.3,10.3,10.5,10.4,10.3,10.9,10.5,11.0
078076,7.2,7.3,7.4,7.2,7.5,7.4,7.5,7.4,7.7,7.7,8.0,7.8,8.0,8.2,8.2,8.3,8.5,8.3,8.3,8.5,8.6,8.5,8.7,8.4,8.7
078077,10.0,9.8,9.8,10.1,10.3,10.2,10.4,10.6,10.4,11.3,10.9,11.5,11.0,11.0,11.0,11.4,11.2,11.6,11.3,11.2,11.6,11.4,11.5,11.6,11.7
078078,8.5,8.7,8.6,8.7,8.8,8.7,8.5,8.5,8.7,9.1,9.0,9.2,9.0,9.1,8.9,9.0,9.3,9.1,9.2,9.0,9.0,8.8,9.0,9.2,8.8
078079,8.7,9.0,8.8,8.9,9.0,8.9,9.2,9.2,9.4,9.6,9.3,9.5,9.6,9.9,10.0,9.8,10.1,10.2,10.1,10.1,10.5,10.7,10.6,10.3,10.7
078080,8.7,8.8,9.0,8.7,9.0,9.1,9.1,9.1,9.6,9.7,9.4,9.8,10.1,10.1,9.8,10.2,10.3,10.4,10.8,10.7,10.9,10.6,11.0,10.7,11.1
078081,8.0,8.0,8.1,8.1,8.1,8.1,8.4,8.1,8.7,8.7,8.8,8.8,8.7,8.6,9.0,9.1,9.2,9.1,9.2,9.2,9.1,9.5,9.3,9.5,9.6
078082,9.9,9.8,10.1,10.2,10.0,10.2,10.0,9.9,9.9,10.3,10.4,10.6,10.6,10.5,10.6,10.7,10.9,10.7,10.6,10.8,11.0,10.7,10.9,11.4,11.2
078083,10.0,9.6,10.0,10.0,9.9,10.1,10.0,10.1,10.3,10.6,10.3,10.7,10.9,11.1,10.7,11.1,10.7,11.0,11.1,11.3,11.2,11.1,11.3,11.2,11.5
078084,8.5,8.5,8.7,8.5,8.3,8.4,8.3,8.2,8.4,8.6,8.5,8.6,8.4,8.5,8.5,8.5,8.4,8.7,8.5,8.4,8.7,8.1,8.3,8.1,8.2
078085,7.9,7.8,8.0,7.8,7.9,8.0,7.9,8.0,8.1,8.3,8.4,8.4,8.3,8.1,8.3,8.0,8.4,8.6,8.5,8.4,8.2,8.4,8.5,8.3,8.3
078086,11.6,11.1,11.2,11.5,11.2,11.4,11.4,11.7,11.8,12.0,12.0,12.2,12.8,12.4,12.4,12.3,12.6,12.4,12.9,13.0,13.0,13.0,12.9,12.7,13.0
078087,10.3,10.9,10.6,11.4,11.4,11.2,11.3,11.3,11.0,11.6,12.1,11.4,12.3,12.1,12.1,11.9,11.7,12.1,11.6,12.1,12.0,12.5,12.3,12.2,12.6
078088,8.3,8.1,8.2,8.2,8.4,8.1,8.4,8.2,8.2,8.5,8.5,8.4,8.3,8.6,8.4,8.4,8.6,8.7,8.6,8.7,8.8,8.9,8.9,8.8,8.7
078089,8.2,8.1,8.5,8.5,8.5,8.4,8.5,8.7,9.1,9.0,9.1,9.4,9.1,9.4,9.5,9.3,9.3,9.7,9.6,9.6,9.9,9.9,9.8,10.2,10.1
078090,8.4,8.2,8.1,8.3,8.2,8.2,8.8,8.4,8.7,9.1,8.8,9.2,9.0,9.4,9.3,9.2,9.4,9.4,9.2,9.1,9.6,9.4,9.5,9.8,9.5
078091,10.2,10.3,10.0,10.5,10.4,10.5,10.5,10.3,10.3,10.9,10.7,10.8,11.0,10.9,10.8,10.9,10.6,11.3,11.2,11.1,11.2,11.5,11.3,10.7,11.4
078092,8.7,8.8,8.7,8.7,8.8,8.8,8.7,8.9,9.0,8.9,9.2,9.3,9.1,9.4,9.2,9.3,9.1,9.2,9.5,9.2,9.3,9.2,9.4,9.3,9.5
078093,7.6,8.2,8.0,7.8,7.9,8.0,8.0,7.9,8.1,8.1,8.1,8.2,8.3,8.2,8.3,8.1,8.4,8.3,8.3,8.4,8.5,8.4,8.3,8.3,8.2
078094,8.5,8.2,8.7,8.5,8.5,8.9,8.9,8.7,8.6,9.0,8.8,9.2,8.8,9.1,9.1,9.1,8.8,9.2,9.2,9.1,9.6,9.1,9.4,9.4,9.2
078096,9.5,9.4,9.4,9.7,9.5,9.8,9.7,9.9,9.9,10.0,10.0,10.5,10.4,10.3,10.3,10.5,10.5,10.5,10.9,10.7,11.1,10.8,10.8,10.7,11.1
078097,9.0,9.4,8.9,9.0,9.2,9.1,9.1,9.3,9.5,9.6,9.6,9.6,9.5,9.6,9.8,10.0,9.8,9.7,9.7,10.0,9.9,9.9,10.0,10.1,10.1
078098,9.4,9.2,9.3,9.5,9.5,9.6,9.5,9.7,9.6,10.4,10.2,9.9,10.2,10.5,10.5,10.3,10.2,10.6,10.7,10.6,10.8,10.9,10.8,10.9,10.9
078099,8.1,8.0,8.3,8.3,8.4,8.4,8.9,8.9,8.7,9.0,9.5,9.5,9.4,9.6,10.0,9.9,9.7,9.8,10.2,10.4,10.8,10.5,10.1,10.7,10.9
078100,9.0,9.1,9.2,9.4,9.4,9.8,9.7,10.1,9.8,10.5,10.7,10.9,10.8,11.1,11.5,11.2,11.2,11.5,12.1,12.2,12.6,11.9,12.5,13.1,12.5
078101,10.0,10.1,10.0,10.3,10.5,10.2,10.2,10.4,10.5,10.6,10.7,11.0,10.8,11.0,10.5,10.8,10.9,11.0,11.1,11.1,11.2,11.1,11.2,11.2,11.0
078102,8.4,8.4,8.5,8.5,8.5,8.6,8.6,8.4,8.5,8.5,8.6,8.5,8.7,8.3,8.6,8.4,8.6,8.3,8.3,8.6,8.5,8.2,8.2,8.2,8.4
078103,8.2,8.3,8.1,8.2,8.2,8.1,8.3,8.5,8.5,8.9,8.9,8.8,8.8,8.9,9.1,9.1,8.9,9.3,9.1,9.3,9.7,9.4,9.4,9.9,9.4
078104,8.1,8.0,8.1,8.2,8.2,8.3,8.2,8.6,8.4,8.8,8.9,8.8,9.0,9.3,8.9,8.8,9.3,9.2,9.3,9.3,9.5,9.3,9.3,9.4,9.7
078105,7.4,7.5,7.4,7.3,7.4,7.4,7.4,7.4,7.5,7.8,7.6,7.6,7.7,7.8,7.8,7.8,8.0,7.7,7.8,7.9,8.2,8.0,8.1,8.2,7.9
078106,8.8,8.9,8.8,8.9,8.9,9.0,9.0,9.2,9.1,9.5,9.7,9.8,9.7,9.7,9.6,9.9,10.0,10.0,10.0,10.2,10.2,10.3,10.3,10.2,10.0
078107,9.3,9.3,9.4,9.4,9.5,9.9,9.7,10.0,9.8,10.3,10.3,10.3,10.5,10.2,10.2,10.4,10.5,10.5,10.7,10.8,11.1,10.6,10.8,11.1,10.8
078109,9.7,9.7,9.9,9.7,10.0,9.7,9.9,10.5,10.1,10.5,10.8,10.6,10.7,10.8,10.9,11.1,11.1,11.2,11.4,11.6,11.3,11.3,11.4,11.4,11.5
078110,9.0,9.1,9.0,8.9,9.0,9.0,9.2,9.5,9.6,9.7,10.1,9.9,9.8,9.8,9.9,10.1,10.3,10.4,10.5,10.7,10.9,10.8,10.4,10.6,10.9
078111,8.4,8.5,8.3,8.5,8.2,8.4,8.7,8.3,8.4,8.7,8.9,9.0,8.6,8.7,8.8,8.8,8.8,8.6,8.9,8.9,9.2,8.8,9.1,8.9,9.1
078112,7.7,7.7,8.3,8.3,8.1,7.9,8.1,8.2,8.2,8.3,8.5,8.4,8.4,8.4,8.7,8.4,8.5,8.5,8.4,8.7,8.9,8.5,8.5,8.5,8.6
078113,9.9,10.0,10.2,10.4,10.3,10.5,10.4,10.6,10.5,11.1,11.0,11.2,11.2,11.4,11.3,11.1,11.8,11.4,11.6,11.7,12.0,12.1,12.2,11.8,12.1
078114,8.2,8.2,8.5,8.2,8.5,8.8,8.6,8.9,9.0,9.5,9.5,9.4,9.9,10.0,10.0,9.8,10.2,10.4,10.6,10.3,11.0,11.1,11.2,11.3,11.1
078115,8.0,7.9,8.0,8.0,8.0,8.1,8.1,8.0,8.1,8.2,8.5,8.4,8.3,8.3,8.4,8.5,8.6,8.6,8.7,8.2,8.8,8.7,8.8,8.5,8.8
078116,8.4,8.4,8.6,8.7,8.6,8.8,8.7,8.6,8.8,8.5,8.9,8.9,8.9,9.1,9.2,9.0,9.3,9.4,9.2,9.3,9.3,9.0,9.2,9.2,9.4
078117,8.1,8.3,8.4,8.2,8.5,8.5,8.5,8.7,8.8,9.0,9.0,9.2,9.5,9.5,9.7,9.5,9.9,9.8,9.8,10.0,10.4,10.0,10.1,10.4,10.4
078118,9.2,9.5,9.3,9.0,9.5,9.4,9.5,9.6,9.6,10.1,10.3,10.3,10.6,10.5,10.8,10.8,10.5,11.0,10.8,11.0,11.2,11.1,10.9,11.0,11.3
078119,8.9,9.2,8.7,8.9,9.1,9.2,8.8,9.0,9.3,10.0,9.9,9.9,10.2,10.2,10.4,10.3,10.3,10.5,10.6,10.9,11.2,10.9,11.0,11.0,11.4
078120,7.8,7.9,8.1,8.3,8.1,8.4,8.4,8.5,8.3,9.1,9.2,9.2,9.2,9.5,9.7,9.6,9.5,9.9,9.8,10.0,10.3,10.1,10.5,10.4,10.5
078121,8.0,7.7,8.1,7.8,7.9,8.1,7.8,8.1,8.2,8.5,8.5,8.5,8.2,8.7,8.4,8.5,8.7,8.9,8.7,8.6,8.9,8.7,8.7,8.8,8.6
078122,9.8,10.0,10.0,9.9,10.6,10.3,10.5,10.8,10.6,11.3,11.1,11.0,11.1,11.4,11.7,11.7,11.8,12.0,11.5,11.8,12.2,12.6,12.1,12.5,12.2
078123,8.8,8.7,8.8,8.9,8.8,8.8,9.0,8.7,8.8,8.9,9.0,9.1,9.3,9.4,9.1,9.3,9.2,8.9,9.2,9.4,9.2,9.0,9.2,9.3,9.1
078124,8.1,7.9,8.1,7.9,8.1,8.0,8.0,8.3,8.3,8.5,8.4,8.5,8.5,8.3,8.7,8.3,8.5,8.7,8.5,8.4,8.5,8.6,8.6,8.4,8.6
078125,7.7,7.6,7.5,7.8,7.7,8.0,7.9,7.7,8.2,8.3,8.1,8.4,8.3,8.5,8.3,8.4,8.6,8.4,8.7,8.7,8.9,8.8,8.9,8.9,9.0
078126,10.3,10.6,10.4,10.3,10.4,10.4,10.2,10.5,10.6,10.9,11.2,10.9,11.2,11.3,11.4,11.2,11.4,11.2,11.6,11.8,11.8,11.7,11.5,11.7,11.8
078127,8.9,8.7,9.0,8.9,9.0,9.2,9.3,9.4,9.7,9.8,9.7,9.8,10.2,10.0,10.2,10.4,10.0,10.4,10.7,10.9,10.8,10.6,10.8,11.0,11.1
078128,7.2,7.1,7.2,7.5,7.3,7.2,7.2,7.2,7.2,7.5,7.4,7.4,7.5,7.5,7.4,7.7,7.7,7.6,7.5,7.6,7.5,7.6,7.5,7.6,7.5
078129,9.5,9.6,9.5,9.9,9.6,9.8,9.7,9.8,10.0,10.4,10.2,10.7,10.3,10.4,10.7,10.8,11.2,10.8,10.9,11.3,11.6,11.2,11.4,11.3,11.3
078130,8.9,9.0,9.2,9.2,9.3,9.3,9.5,9.2,9.5,9.9,9.5,9.9,10.0,10.1,10.2,10.5,10.0,10.1,10.3,10.4,10.7,10.5,10.7,10.7,10.6
078131,9.0,8.8,9.0,8.9,9.2,9.1,9.5,9.4,9.4,9.6,9.6,9.9,10.0,9.8,9.9,10.3,10.1,10.5,10.5,10.8,11.0,10.9,11.1,10.9,11.0
078132,8.4,8.4,8.4,8.6,8.8,8.8,8.8,8.7,9.0,9.0,9.2,9.0,9.2,8.9,9.6,9.2,9.3,9.3,9.4,9.4,9.7,9.8,9.8,9.5,9.8
078133,8.3,8.6,8.5,8.7,9.0,8.8,8.8,9.0,9.1,9.5,9.6,9.7,9.8,9.9,10.1,10.1,10.1,10.6,10.6,10.7,11.3,10.8,11.1,11.3,11.3
078134,8.8,9.1,8.9,9.2,9.2,8.9,9.2,9.3,9.2,9.4,9.8,9.7,9.5,9.9,9.7,9.9,9.5,9.6,9.7,9.9,10.0,9.9,9.8,9.7,9.9
078135,8.4,8.5,8.4,8.8,8.6,8.7,8.9,9.0,9.0,9.3,9.4,9.5,9.6,9.7,9.6,10.0,10.0,10.0,10.1,10.3,10.6,10.5,10.3,10.5,10.6
078136,9.4,9.4,9.5,9.8,9.2,9.3,9.6,9.6,9.9,9.8,10.1,10.1,9.9,9.7,10.1,9.9,10.0,10.0,10.1,9.8,10.3,10.4,10.1,10.0,10.1
078137,8.7,8.8,8.8,8.7,8.7,8.7,9.0,9.2,9.2,9.3,9.6,9.3,9.3,9.4,9.6,9.8,9.6,9.6,9.7,9.7,10.1,10.1,10.0,9.7,9.9
078138,7.8,8.0,7.8,7.7,7.9,7.9,8.0,7.8,8.0,8.2,8.4,8.1,8.3,8.2,8.1,8.2,8.3,8.3,8.3,7.9,8.5,8.5,8.0,8.4,8.3
078139,8.1,8.5,8.3,8.3,8.5,8.4,8.6,8.3,8.3,8.7,8.8,8.8,8.9,9.0,8.9,8.9,8.9,8.8,9.0,9.0,9.2,9.1,9.0,9.1,9.2
078140,9.2,9.0,9.0,9.2,9.3,9.4,9.5,9.1,9.6,9.7,10.1,9.8,10.3,9.9,10.3,10.2,10.3,10.4,10.7,10.6,11.0,10.6,10.5,10.9,11.0
078142,8.9,9.0,9.2,8.9,9.1,9.0,9.1,9.2,9.0,9.7,9.7,9.4,9.7,9.7,9.7,9.7,9.7,10.0,9.7,9.9,10.2,10.4,9.8,9.9,10.1
078143,7.5,7.5,7.5,7.5,7.4,7.6,7.7,7.7,7.7,8.0,7.9,7.9,8.2,8.0,7.9,8.2,8.1,7.9,8.1,8.3,8.3,8.2,8.3,8.2,8.4
078145,9.6,9.7,9.5,10.1,9.7,9.7,9.9,10.4,10.3,10.6,11.0,10.8,10.9,10.9,11.0,11.0,11.5,11.4,12.0,11.7,12.3,11.7,11.9,12.3,12.5
078146,8.6,8.7,8.7,9.0,9.0,9.3,9.2,9.2,9.2,9.6,9.6,9.8,10.0,9.9,10.1,9.9,9.9,10.4,10.3,10.5,10.4,10.3,10.3,10.7,10.7
078147,9.6,9.8,9.7,9.8,9.9,9.7,10.0,9.9,9.8,10.4,10.3,10.2,10.1,10.5,10.3,10.4,10.5,10.4,10.7,10.7,10.7,10.4,10.6,10.3,10.7
078148,9.0,9.5,9.5,9.4,9.6,9.5,9.9,10.1,9.8,10.2,10.9,10.7,11.3,11.2,11.3,11.6,11.6,11.9,11.6,12.2,12.4,12.6,12.3,12.6,12.5
078149,8.7,8.9,8.8,8.8,8.6,8.7,8.7,8.9,8.7,9.4,9.4,9.2,9.3,9.0,9.3,9.7,9.7,9.3,9.3,9.4,9.6,9.3,9.4,9.3,9.4
078150,5.9,6.0,5.9,5.9,6.0,6.0,6.1,6.0,6.1,6.1,6.4,6.1,6.4,6.5,6.3,6.4,6.5,6.6,6.5,6.6,6.9,6.6,6.5,6.6,6.7
078152,7.3,7.6,7.5,7.7,7.8,7.6,7.5,7.8,7.7,8.1,8.0,8.0,8.0,8.1,8.0,8.3,8.0,8.4,8.4,8.1,8.5,8.2,8.4,8.4,8.4
078153,10.0,10.1,10.5,10.4,10.5,11.0,10.7,10.8,11.1,11.8,11.4,11.7,11.4,12.3,12.0,12.2,12.7,12.7,13.2,13.3,14.0,12.7,13.7,13.5,13.9
078154,10.4,10.6,10.4,10.4,10.7,10.4,10.5,10.4,10.4,11.0,10.9,10.9,11.2,10.7,10.9,11.1,10.9,11.0,11.2,11.6,11.2,11.5,11.5,11.2,11.4
078155,7.6,7.6,7.6,7.9,7.7,7.7,7.9,7.8,7.9,8.3,8.1,8.3,8.4,8.2,8.2,8.4,8.5,8.4,8.7,8.3,9.0,8.6,8.8,8.6,9.0
078156,8.9,8.9,8.8,9.1,9.2,9.1,9.3,9.6,10.0,10.0,10.2,10.2,10.2,10.6,10.9,10.9,11.2,11.1,11.3,11.6,11.9,11.5,11.8,11.8,12.4
078157,7.6,7.4,7.5,7.3,7.5,7.6,7.5,7.6,7.6,7.8,7.9,7.8,7.9,7.9,8.0,8.0,7.9,8.0,7.8,8.0,8.2,8.4,8.1,8.1,8.1
079002,7.8,7.8,7.8,8.0,8.2,7.9,8.2,8.2,8.3,8.6,8.7,8.7,8.6,8.6,8.7,8.9,9.0,9.2,9.2,9.3,9.6,9.5,9.4,9.6,9.9
079003,8.3,8.1,8.5,8.5,8.4,8.8,8.7,9.0,9.0,9.3,9.6,9.7,9.7,9.7,9.7,10.0,9.9,10.3,10.6,10.2,10.5,10.5,10.3,10.8,10.5
079004,7.7,7.8,7.6,7.7,7.9,7.8,7.8,7.9,8.0,8.1,8.4,8.2,8.3,8.2,8.5,8.4,8.4,8.3,8.5,8.8,8.7,8.4,8.7,8.7,8.9
079005,8.9,8.8,9.2,9.1,9.5,9.3,9.3,9.7,9.4,10.1,10.2,10.3,10.1,10.0,10.5,10.5,10.5,10.5,10.6,10.8,11.3,11.2,11.0,11.3,11.5
079007,8.4,8.6,8.7,8.9,8.8,9.1,9.2,9.3,9.5,9.5,9.8,9.8,9.9,10.1,10.2,10.3,10.2,10.1,11.0,10.4,11.3,11.0,10.9,10.8,11.3
079008,8.9,9.2,9.6,9.6,9.5,9.6,9.8,9.7,9.8,10.5,10.5,10.5,10.2,10.7,10.7,10.9,10.8,10.9,10.8,11.0,11.3,11.4,11.7,11.7,11.7
079009,6.7,6.6,6.8,7.0,7.3,7.1,7.0,7.4,7.1,7.5,7.7,7.7,7.7,7.8,7.8,7.9,8.1,7.9,8.1,8.3,8.3,8.5,8.5,8.3,8.7
079011,8.3,8.5,8.4,8.3,8.3,8.5,8.5,8.7,8.5,8.6,8.6,8.7,8.8,8.8,8.8,8.8,8.9,8.7,8.6,8.9,9.2,8.6,8.8,8.7,8.9
079012,7.2,7.4,7.4,7.5,7.7,7.8,8.0,7.9,7.8,8.0,8.3,8.3,8.0,8.5,8.5,8.5,8.6,8.6,8.8,8.7,9.0,8.8,8.9,9.3,9.3
079017,7.1,7.2,7.3,7.3,7.3,7.3,7.2,7.3,7.2,7.6,7.4,7.7,7.5,7.5,7.6,7.6,7.5,7.4,7.5,7.6,7.7,7.4,7.4,7.5,7.6
079018,8.5,8.6,8.8,8.9,8.7,8.9,8.8,9.1,8.9,9.4,9.7,9.8,9.4,9.7,9.7,9.8,10.1,10.1,10.0,10.1,10.7,10.2,10.3,10.7,10.7
079020,8.7,8.6,8.7,8.8,8.8,8.7,8.9,8.8,9.2,9.2,9.4,9.3,9.5,9.7,9.3,9.5,9.5,9.8,9.9,9.8,9.7,9.8,9.9,9.8,9.8
079023,9.0,9.0,9.0,9.2,9.3,9.3,9.4,9.5,9.4,9.7,10.1,10.2,9.9,10.5,10.2,10.6,10.3,10.6,10.5,10.7,11.2,11.1,10.8,10.8,11.3
079024,8.8,8.5,8.7,8.8,9.0,9.1,9.1,9.1,9.5,9.8,10.0,10.0,9.8,10.0,10.4,10.3,10.8,10.8,10.9,11.2,11.5,11.0,11.5,11.6,11.5
079025,10.0,10.3,10.2,10.3,10.4,10.3,10.2,10.4,10.4,10.6,10.8,11.0,11.0,11.2,10.9,11.1,11.3,10.9,11.1,11.0,11.2,11.2,11.3,11.0,10.9
079027,7.1,7.4,7.4,7.6,7.4,7.7,7.7,7.8,7.8,8.1,8.2,8.2,8.3,8.3,8.3,8.5,8.5,8.6,8.7,8.8,9.1,9.0,8.8,9.3,8.9
079029,8.8,8.7,9.0,9.1,9.3,9.3,9.3,9.3,9.5,9.7,10.0,10.2,9.9,10.0,10.2,10.0,10.1,10.5,10.5,10.4,10.6,10.4,10.5,10.9,10.6
079030,9.8,9.8,10.0,9.9,9.8,10.0,10.3,10.1,10.3,10.8,10.5,10.8,10.9,10.9,11.1,11.0,11.0,11.2,11.4,11.4,11.4,11.5,11.6,11.5,12.0
079033,9.1,9.3,9.4,9.6,9.6,9.9,9.8,9.8,9.9,10.2,10.7,10.7,10.5,11.0,11.3,11.4,11.3,11.4,11.5,11.8,12.4,11.9,12.2,12.4,12.4
079034,9.1,9.0,9.2,9.1,9.1,9.5,9.5,9.7,9.6,9.9,9.9,10.1,9.9,9.7,10.0,10.2,9.9,9.7,10.4,10.2,10.0,10.1,9.9,10.5,10.4
079036,7.9,8.0,8.2,8.3,8.3,8.2,8.4,8.3,8.5,8.7,8.6,8.8,9.0,8.7,9.1,8.7,9.1,9.0,9.1,9.4,9.2,9.3,9.4,9.6,9.9
079039,7.3,7.2,7.3,7.6,7.3,7.7,7.6,7.7,8.0,7.8,8.0,7.9,8.1,8.1,7.9,8.3,8.3,8.2,8.3,8.5,8.9,8.5,8.8,8.6,8.6
079042,7.5,7.5,7.6,7.7,7.7,7.8,7.9,8.1,8.0,8.2,8.3,8.5,8.6,8.4,8.5,8.6,8.9,8.7,8.6,9.0,9.4,9.2,9.2,9.1,9.2
079043,7.8,8.0,8.1,8.0,8.0,8.4,8.1,8.4,8.5,9.0,8.8,9.0,9.3,9.7,9.6,9.5,9.5,9.6,9.8,9.9,9.9,9.9,10.2,10.5,10.8
079047,9.0,8.8,9.1,9.3,9.3,9.2,9.2,9.7,9.7,9.7,9.9,10.0,9.8,10.3,10.0,10.3,10.2,10.4,10.4,10.1,10.2,10.8,10.3,10.7,10.8
079048,8.8,8.9,9.0,9.0,9.4,9.2,9.4,9.4,9.2,9.8,9.6,9.8,9.8,10.2,10.1,10.3,10.1,10.3,10.5,10.4,11.1,10.6,10.6,10.8,10.9
079052,8.1,8.4,8.4,8.3,8.5,8.5,8.8,8.6,8.9,9.0,9.1,9.4,9.2,9.3,9.5,9.4,9.5,9.7,9.5,9.8,9.8,9.8,10.1,10.1,10.2
079055,8.2,8.4,8.3,8.4,8.3,8.5,8.4,8.7,8.6,9.0,9.3,9.3,9.6,9.1,9.4,9.4,9.4,9.8,10.1,9.6,10.3,10.3,10.1,10.4,10.1
079056,8.5,8.5,8.5,8.1,8.4,8.5,8.5,8.5,8.2,8.4,8.7,8.5,8.7,8.6,8.6,8.4,8.5,8.6,8.5,8.5,8.4,8.7,8.5,8.3,8.6
079058,9.1,9.0,9.1,9.0,9.2,9.2,9.1,9.3,9.5,10.0,9.9,10.1,10.2,10.0,10.0,10.4,10.4,10.2,10.5,10.4,10.7,10.6,10.7,10.8,10.8
079059,8.0,8.1,8.1,8.4,8.3,8.3,8.4,8.4,8.5,8.9,8.7,8.9,8.9,9.1,9.0,9.4,9.1,9.5,9.3,9.5,9.7,9.6,9.5,9.7,9.4
079060,8.2,8.0,8.3,7.9,8.2,8.3,8.7,8.4,8.7,8.8,9.0,9.0,9.1,8.8,9.1,9.1,9.1,9.2,9.4,9.3,9.6,9.3,9.5,9.5,9.6
079061,7.6,8.1,7.9,7.8,8.0,7.9,8.1,8.0,8.1,8.4,8.2,8.5,8.5,8.4,8.5,8.4,8.6,8.3,8.5,8.7,8.8,8.9,8.8,8.7,9.1
079063,9.3,9.3,9.6,9.5,9.7,9.5,9.6,9.8,9.9,9.9,10.2,10.2,10.0,10.5,10.1,10.8,10.4,10.2,10.6,10.7,10.7,10.9,11.0,10.6,10.8
079065,9.7,9.3,9.9,10.2,10.0,10.2,10.5,10.4,10.7,11.1,11.3,10.9,11.1,11.5,11.2,11.3,11.5,12.0,12.0,12.0,12.2,12.4,12.2,12.7,12.4
079068,9.6,9.7,9.7,9.9,9.8,9.9,9.8,9.7,9.7,10.1,10.2,10.1,10.3,10.5,10.2,10.1,10.2,10.2,10.1,10.5,10.6,10.4,10.0,10.3,10.1
079069,9.4,9.5,10.0,9.9,9.9,9.8,9.9,10.3,9.9,10.6,10.7,10.8,10.5,10.4,11.0,10.7,11.1,11.0,11.3,11.2,11.2,11.3,11.0,11.2,11.2
079071,9.4,9.3,9.3,9.6,9.7,9.7,9.7,9.7,10.0,10.5,10.8,10.5,10.9,10.9,10.9,11.2,10.9,11.1,11.4,11.5,12.0,11.7,12.0,11.8,11.9
079072,8.7,8.8,8.6,8.7,8.9,8.9,8.8,9.0,9.1,9.5,9.5,9.3,9.4,9.4,9.7,9.8,9.7,9.8,9.7,9.9,10.0,10.0,9.8,9.6,10.2
079073,8.2,8.4,8.4,8.8,8.6,8.8,8.9,8.9,9.2,9.5,9.7,9.9,10.2,10.2,10.0,10.6,10.0,10.4,10.8,10.6,11.5,11.6,11.1,11.4,11.4
079074,9.2,9.1,9.3,9.1,9.1,9.1,9.5,9.3,9.5,9.6,9.9,9.8,10.2,9.9,10.2,10.1,10.4,10.4,10.4,10.3,10.6,10.5,10.4,10.5,10.3
079077,7.8,7.9,7.8,7.5,8.0,7.9,7.9,8.0,7.9,8.2,8.5,8.4,8.4,8.4,8.5,8.6,8.7,8.7,8.9,8.7,8.7,8.8,9.0,9.0,9.1
079080,6.9,7.0,7.2,7.1,7.4,7.2,7.3,7.6,7.4,7.7,7.8,7.6,8.0,7.9,7.7,7.9,8.1,7.8,8.0,8.2,8.4,8.2,8.2,8.5,8.5
079081,9.9,10.1,10.1,10.1,10.3,10.3,10.3,10.3,10.2,10.7,10.9,10.7,10.5,10.8,10.7,10.8,10.7,10.8,10.9,10.7,11.2,11.2,10.8,11.3,11.0
079083,8.6,8.9,8.8,9.0,8.9,9.0,9.2,9.2,9.3,9.4,9.4,9.4,9.6,9.6,9.9,9.9,9.9,10.0,10.1,9.9,10.3,10.2,10.1,10.6,10.2
079087,8.6,8.6,8.8,8.8,8.6,8.5,8.7,8.8,9.0,9.1,9.3,9.5,9.2,9.2,9.2,9.0,9.4,9.1,9.1,9.4,9.7,9.2,9.3,9.6,9.2
079088,8.4,8.4,8.5,8.6,8.4,8.8,8.5,8.5,8.6,9.2,9.0,9.0,9.2,9.2,9.4,9.2,9.5,9.3,9.5,9.4,9.9,9.5,9.6,9.7,9.7
079089,8.9,9.2,9.0,9.2,9.0,9.2,9.3,9.5,9.5,9.9,9.9,10.0,10.1,10.2,10.5,10.3,10.8,10.8,10.9,11.3,11.1,10.7,10.8,11.1,11.6
079092,9.0,9.1,9.2,9.7,9.6,9.5,9.4,9.5,9.4,9.8,9.9,10.0,10.2,9.9,10.0,10.1,10.5,9.9,10.0,10.2,10.3,10.0,10.5,10.2,10.4
079094,10.1,9.8,9.6,10.0,10.2,10.3,10.4,10.1,10.2,10.8,11.0,10.9,11.1,11.2,11.3,11.3,10.9,11.5,11.2,11.4,12.2,11.5,11.8,11.5,11.8
079095,9.3,9.4,9.1,9.2,9.4,9.7,9.4,9.3,9.9,10.1,9.9,10.0,10.2,10.4,10.3,10.1,10.7,10.4,10.7,10.5,11.1,10.5,10.7,10.6,11.2
079096,7.5,7.6,7.6,7.6,7.7,7.8,7.9,7.8,8.0,8.4,8.6,8.7,8.6,8.8,8.6,8.8,8.6,8.9,8.6,9.0,9.2,9.1,9.2,9.3,9.4
079099,8.7,8.6,8.7,8.9,9.1,9.0,8.6,9.4,9.3,9.3,9.5,9.6,10.0,10.2,9.8,9.9,9.9,10.3,10.4,10.1,10.6,10.6,10.7,10.9,10.7
079108,9.5,9.6,9.7,9.5,9.6,9.6,9.7,9.4,9.2,10.1,10.0,10.0,9.7,9.8,9.9,9.8,9.8,9.8,9.6,9.5,9.7,9.7,9.6,9.5,9.6
079110,8.4,8.6,8.3,8.5,8.5,8.5,8.6,8.4,9.0,9.2,9.2,9.1,9.2,9.2,9.3,9.6,9.3,9.4,9.5,9.3,9.7,9.3,9.6,9.6,9.5
079114,10.0,10.1,9.9,10.4,10.4,10.1,10.4,10.1,10.4,11.1,11.2,11.1,11.0,11.0,11.3,11.2,11.6,11.5,11.6,12.2,12.1,11.8,11.9,12.0,12.3
079115,8.3,8.1,8.3,8.3,8.5,8.4,8.5,8.8,8.6,9.0,9.2,9.2,9.3,9.5,9.4,9.4,9.7,9.7,10.1,9.9,10.2,10.5,10.2,10.1,10.5
079116,8.9,8.8,9.0,9.5,9.2,9.3,9.4,9.4,9.4,9.8,10.0,9.6,10.0,10.1,10.1,10.1,9.9,10.1,10.4,10.1,10.8,10.5,10.6,10.6,10.8
079117,10.4,10.3,10.2,10.4,10.6,11.0,10.5,10.8,11.1,10.8,11.1,11.2,11.1,11.4,11.3,11.6,11.6,11.6,11.3,11.6,12.2,11.9,11.7,12.0,11.8
079118,7.5,7.4,7.4,7.7,7.7,7.8,7.6,7.9,7.9,8.2,8.4,8.5,8.5,8.4,8.8,8.6,8.6,8.5,9.0,8.9,9.3,9.0,9.2,9.3,9.4
079122,7.2,7.1,7.2,7.3,7.2,7.3,7.2,7.3,7.3,7.6,7.7,7.7,7.5,7.7,7.9,7.9,7.7,7.8,7.7,7.7,8.3,8.0,7.9,7.9,8.1
079123,9.8,9.8,9.8,9.8,10.0,9.8,9.8,10.3,9.6,10.2,10.3,10.4,10.5,10.6,10.3,10.6,10.6,10.6,10.5,10.4,10.5,10.7,10.4,10.6,10.5
079126,8.2,8.3,8.2,8.4,8.4,8.5,8.6,8.6,8.4,9.1,8.9,8.9,9.2,9.1,9.0,9.2,9.4,9.2,9.9,9.6,10.4,10.0,10.2,10.1,9.9
079127,8.0,8.1,8.4,8.1,8.6,8.5,8.5,8.7,8.5,9.1,8.9,9.5,9.2,9.4,9.3,9.4,9.6,9.6,9.6,9.4,10.1,10.0,10.0,10.4,10.5
079129,10.1,10.4,10.6,10.4,11.0,10.8,10.6,11.1,10.8,11.3,11.3,11.7,11.4,11.5,11.8,11.7,11.9,11.8,11.7,12.0,12.3,12.1,12.3,12.0,12.5
079130,9.0,9.2,9.2,9.2,9.3,9.4,9.6,9.7,9.7,10.1,10.2,10.2,10.2,10.5,10.4,10.9,11.1,11.4,11.0,11.1,11.2,11.1,11.5,11.2,11.5
079131,9.6,9.6,9.5,9.7,9.8,9.8,9.6,9.5,9.4,10.4,10.1,10.1,10.2,10.1,10.3,10.3,10.3,10.3,10.5,10.1,10.7,10.0,10.1,10.2,10.6
079133,8.3,8.4,8.3,8.5,8.3,8.4,8.4,8.5,8.6,8.9,9.0,9.1,8.9,8.9,9.1,9.1,9.2,9.1,9.0,9.2,9.3,8.9,9.1,9.3,9.3
079134,9.0,9.1,9.2,9.2,9.1,8.8,9.2,9.5,8.9,9.7,9.7,9.4,10.0,10.1,9.8,10.0,10.0,10.1,9.7,9.8,10.2,10.3,9.9,10.3,10.4
079137,9.5,9.4,9.6,9.7,9.9,9.8,9.8,9.8,9.9,10.3,9.9,10.6,10.5,10.7,10.8,11.0,10.7,11.0,10.9,10.9,11.0,11.1,11.3,10.9,11.3
079138,8.5,8.4,8.6,8.8,8.6,8.6,8.5,8.9,8.9,9.0,8.9,9.1,9.1,8.9,9.0,9.3,9.4,9.0,9.3,9.3,9.6,9.3,9.6,9.5,9.4
079139,7.3,7.5,7.4,7.4,7.5,7.5,7.8,7.6,7.8,7.9,8.0,8.1,8.1,8.0,8.2,8.3,8.3,8.4,8.4,8.2,8.7,8.5,8.4,8.5,8.6
079142,6.9,7.0,7.3,7.1,7.5,7.5,7.4,7.5,7.6,7.9,7.8,8.1,8.2,8.6,8.6,8.6,8.5,8.8,8.8,9.0,9.4,9.3,9.3,9.3,9.5
079143,9.5,9.4,9.0,9.2,9.6,9.8,9.8,9.7,9.7,10.2,10.4,10.5,10.5,10.5,10.8,11.2,10.6,11.2,11.0,11.4,11.2,11.2,11.5,11.4,11.5
079146,8.2,8.3,8.6,8.7,8.7,8.8,8.8,8.9,8.6,9.1,8.8,9.2,9.2,9.5,9.6,9.4,9.5,9.6,9.4,9.7,9.5,9.4,9.7,10.1,10.0
079147,8.5,8.7,8.8,8.7,8.9,9.0,9.0,9.2,9.4,9.7,9.6,9.4,9.7,10.2,10.1,10.5,10.3,10.5,10.5,10.3,11.0,11.0,10.7,11.1,10.9
079148,8.2,8.4,8.4,8.5,8.6,8.7,8.8,8.7,9.2,9.1,9.5,9.4,9.3,9.5,9.5,9.6,9.8,9.5,9.9,10.0,10.1,10.0,10.4,9.8,10.3
079151,8.8,9.3,9.1,9.2,9.4,9.4,9.4,9.4,9.6,10.2,10.3,10.3,10.2,10.5,10.8,10.3,10.6,10.5,11.0,11.1,11.1,11.2,11.1,11.4,11.3
079157,7.9,7.9,7.9,8.2,8.2,8.1,8.3,8.6,8.4,8.4,8.9,8.6,8.8,8.5,8.9,8.9,8.9,9.0,8.9,9.0,9.3,9.3,9.3,9.2,9.1
079160,8.1,8.0,7.8,8.0,8.0,8.0,8.1,7.9,8.0,8.3,8.3,8.2,8.1,8.3,8.2,8.1,8.3,8.0,8.3,8.0,8.4,8.0,8.2,8.1,8.1
080001,7.8,7.9,7.8,8.1,7.8,8.0,8.0,8.4,8.2,8.4,8.6,8.7,8.6,8.9,8.8,8.9,9.1,9.3,9.2,9.3,9.3,9.6,9.8,9.6,9.6
080002,8.1,8.0,8.2,8.2,8.4,8.5,8.4,8.4,8.4,9.0,9.0,8.8,9.2,9.0,9.1,9.4,9.2,9.3,9.5,9.9,10.3,9.8,10.3,10.3,10.3
080003,8.0,8.2,8.3,8.3,8.2,8.1,8.3,8.2,8.3,8.8,8.6,8.6,8.8,8.5,8.5,8.9,8.8,8.9,8.8,8.7,8.8,8.9,9.0,8.7,8.7
080004,7.8,7.9,8.0,8.2,8.4,8.4,8.7,8.6,8.6,9.0,9.1,9.0,9.2,9.6,9.7,9.9,9.6,10.3,10.3,10.3,10.3,10.4,10.7,10.4,10.8
080005,9.7,9.6,9.7,9.5,9.7,9.6,9.7,9.6,9.8,9.9,9.8,10.1,10.4,10.0,9.9,10.3,10.4,10.3,10.4,10.5,10.4,10.4,10.2,10.2,10.2
080006,9.2,9.0,9.1,9.2,9.5,9.3,9.3,9.6,9.5,9.9,9.7,9.6,9.9,10.0,9.8,10.3,10.2,9.9,10.2,10.4,10.6,10.3,10.7,10.5,10.5
080007,10.2,10.0,10.4,10.2,10.3,10.4,10.5,10.4,10.6,11.2,11.3,11.2,11.6,11.4,11.5,11.4,11.9,11.6,11.9,11.9,12.4,11.8,11.6,12.8,12.8
080008,7.8,7.8,7.7,7.9,8.1,7.8,8.1,8.0,8.1,8.1,8.1,8.5,8.4,8.3,8.4,8.4,8.5,8.7,8.6,8.6,9.0,8.5,8.8,8.6,9.0
080009,8.7,8.7,8.6,8.7,8.8,8.9,8.7,8.9,9.1,9.3,9.1,9.5,9.7,9.4,9.6,9.5,10.1,9.6,9.9,10.1,9.8,10.1,10.1,10.3,10.1
080010,7.7,7.7,7.7,7.6,7.4,7.7,7.9,7.7,7.7,7.8,8.0,8.0,8.1,8.2,8.2,8.2,8.3,8.2,8.4,8.6,8.9,8.5,8.4,8.8,8.6
080011,8.4,8.5,8.4,8.7,8.5,8.6,8.6,8.9,8.7,9.0,9.1,9.2,9.2,9.3,9.3,9.4,9.2,9.4,9.6,9.4,9.9,9.5,9.5,9.7,9.8
080012,9.4,9.2,9.3,9.2,9.4,9.6,9.9,9.3,9.6,9.9,10.1,10.0,9.9,9.9,9.6,9.9,9.9,10.2,10.1,10.1,10.4,10.4,10.2,10.5,10.4
080013,7.4,7.6,7.5,7.5,7.5,8.1,7.8,7.7,7.9,8.4,8.6,8.6,8.6,8.8,8.6,8.9,8.9,8.9,9.0,8.9,9.6,9.5,9.3,9.5,9.8
080014,10.2,9.6,10.0,10.3,9.9,10.1,9.9,10.1,10.0,10.7,10.5,10.6,10.7,10.6,11.0,10.6,10.8,10.7,10.6,10.8,11.0,10.9,11.0,11.0,11.1
080015,7.9,8.2,8.4,8.2,8.4,8.5,8.6,8.5,8.8,9.3,9.4,9.2,9.2,9.3,9.4,9.4,9.7,9.9,10.1,10.2,10.2,10.0,10.3,10.5,10.5
080016,9.1,9.0,9.1,9.3,9.1,9.4,9.4,9.4,9.3,10.1,9.7,9.9,10.1,10.2,10.1,10.1,10.4,10.4,10.4,10.1,10.9,10.5,10.6,10.7,10.8
080017,8.7,8.5,8.9,9.0,8.8,9.1,9.2,9.4,9.4,9.7,10.0,9.9,10.1,10.4,10.4,10.2,10.4,10.5,10.5,10.7,11.3,10.9,11.1,10.9,11.5
080018,9.9,9.7,9.9,10.0,10.0,9.9,9.9,10.0,9.9,10.7,10.3,10.3,10.4,10.7,10.7,10.6,10.6,10.6,10.8,10.5,11.1,10.9,10.8,10.9,10.7
080019,8.7,9.0,8.8,8.9,8.9,9.2,9.1,9.1,9.3,9.3,9.5,9.4,9.4,9.7,9.6,10.0,9.6,9.7,9.6,9.7,9.9,10.2,9.9,9.8,10.2
080020,8.9,9.0,8.8,9.0,8.8,8.7,8.9,9.2,8.8,9.2,9.4,9.5,9.2,9.2,9.4,9.5,9.5,9.5,9.4,9.4,9.6,9.4,9.3,9.5,9.5
080021,9.1,9.0,9.4,9.5,9.5,9.8,9.6,9.8,9.8,10.1,10.0,10.7,10.4,10.4,11.0,10.7,10.9,10.9,11.1,11.4,11.5,11.4,11.9,11.6,11.7
080022,8.2,8.2,8.4,8.3,8.4,8.4,8.4,8.3,8.6,8.7,8.9,8.8,8.8,8.8,8.9,8.9,8.9,8.7,9.0,9.0,9.1,9.2,8.6,8.9,9.2
080023,9.1,9.4,9.4,9.2,9.1,9.4,9.1,9.2,8.9,9.5,9.6,9.6,9.6,9.7,9.5,9.5,9.6,9.6,9.6,9.7,9.8,9.6,9.8,9.9,10.0
080024,7.9,7.9,7.9,8.2,8.4,8.3,8.4,8.4,8.4,8.8,8.6,9.0,9.0,9.0,9.0,9.1,9.0,8.9,9.3,9.3,9.6,9.2,9.3,9.4,9.6
080025,7.7,7.9,7.7,7.9,7.8,7.7,7.7,7.8,7.7,7.9,7.9,8.0,7.9,7.8,8.0,8.0,7.9,8.0,8.0,8.0,7.9,8.0,8.1,7.7,7.8
080026,8.5,8.4,8.5,8.3,8.3,8.4,8.5,8.4,8.3,8.6,8.5,8.8,8.7,8.7,8.9,8.9,8.9,8.8,8.7,8.9,9.3,8.7,8.9,8.9,9.1
080027,7.3,7.8,7.7,7.5,7.8,7.9,7.9,7.9,8.0,8.4,8.3,8.2,8.2,8.4,8.3,8.6,8.4,8.6,8.2,8.7,8.7,8.6,8.4,8.7,8.9
080028,9.3,8.9,9.1,9.0,9.2,9.4,9.1,9.1,9.4,9.7,9.5,9.9,10.2,10.0,9.8,10.1,10.1,10.0,10.5,10.4,10.7,10.3,10.7,10.4,10.7
080029,8.2,8.4,8.6,8.6,8.9,8.9,8.8,8.8,8.8,9.1,9.4,9.2,9.0,9.4,9.5,9.1,9.2,9.5,9.2,9.8,9.8,9.4,9.7,9.7,9.8
080030,8.0,8.4,8.4,8.5,8.4,8.6,8.7,8.5,8.7,9.1,9.2,9.1,9.2,9.3,9.2,9.5,9.4,9.4,9.6,9.4,9.7,9.9,9.7,9.6,9.6
080031,9.1,9.3,9.4,9.2,9.5,9.8,9.6,9.9,9.9,10.3,10.1,10.0,10.5,10.3,10.4,10.5,10.8,11.0,11.1,11.1,11.4,11.3,11.1,11.1,11.3
080032,7.7,7.5,7.7,7.8,7.8,8.0,7.8,7.7,8.1,8.3,8.5,8.5,8.6,8.4,8.5,8.8,8.5,8.8,8.8,8.9,9.0,8.8,8.9,9.0,9.1
080033,8.4,8.6,8.4,8.4,8.7,8.7,8.9,8.7,8.8,8.8,8.7,8.9,9.0,9.1,9.2,9.2,9.3,9.2,9.0,9.4,9.6,9.3,9.4,9.5,9.4
080034,7.1,7.2,7.4,7.4,7.4,7.2,7.5,7.5,7.8,7.9,8.2,8.1,8.2,8.3,8.5,8.6,8.5,8.6,8.6,8.4,9.1,8.8,8.8,9.0,9.1
080035,8.3,8.3,8.4,8.7,8.6,8.7,8.6,8.8,8.7,9.0,8.7,9.1,9.1,9.0,9.2,9.3,9.4,9.6,9.3,9.5,9.7,9.5,9.5,9.7,9.9
080036,9.0,8.9,8.8,8.9,8.7,8.8,9.2,9.0,8.9,9.2,9.3,9.3,9.1,9.2,9.2,9.3,9.3,9.5,9.1,9.2,9.4,9.3,9.3,9.1,9.3
080037,10.8,11.0,10.9,11.1,10.9,11.1,10.7,10.9,11.0,11.5,11.6,11.6,11.8,11.9,11.8,11.5,11.6,11.5,11.7,11.6,11.9,11.8,11.6,11.8,11.6
080038,9.2,9.2,9.3,9.6,9.4,9.4,9.2,9.8,9.7,10.2,9.9,10.3,10.4,10.5,10.5,10.4,10.8,11.2,10.7,10.6,11.2,11.1,10.9,11.3,11.5
080039,7.1,7.1,7.3,7.3,7.4,7.4,7.6,7.7,7.5,7.9,8.0,8.0,8.0,8.3,8.4,8.0,8.4,8.6,8.6,8.5,8.8,8.5,8.8,9.0,8.8
080040,8.2,8.2,8.2,8.3,8.3,8.4,8.6,8.4,8.6,9.1,9.1,8.9,9.2,9.2,9.3,9.3,9.8,9.6,9.7,10.0,10.1,9.8,10.0,9.8,10.2
080041,7.7,7.7,7.7,8.1,8.0,8.2,8.0,8.2,8.2,8.4,8.5,8.5,8.4,8.7,8.8,8.8,8.8,8.6,8.7,8.9,9.2,9.2,9.2,9.3,9.2
080042,8.3,8.3,8.3,8.7,8.8,8.7,9.2,8.8,9.1,9.1,9.6,9.5,9.9,9.5,9.7,9.8,9.9,10.0,10.0,10.2,10.3,10.5,10.8,10.3,10.6
080043,9.8,10.1,9.8,9.8,10.0,10.1,10.2,10.4,10.5,10.7,10.7,11.0,10.7,11.1,11.0,11.3,11.5,11.2,11.4,11.2,11.8,11.4,11.7,11.8,12.1
080044,8.1,8.2,8.2,8.2,8.2,8.1,8.0,8.1,8.3,8.6,8.6,8.4,8.4,8.4,8.7,8.6,8.8,8.7,8.6,9.0,9.0,8.8,8.8,8.9,8.9
080045,9.6,9.8,9.6,9.8,9.7,10.2,9.7,10.1,10.2,10.4,9.8,10.6,10.7,10.8,10.4,10.4,10.6,10.9,10.6,11.2,11.1,11.0,10.7,10.9,11.0
080046,8.6,8.4,8.2,8.3,8.6,8.3,8.4,8.3,8.2,8.5,8.7,8.5,8.4,8.5,8.7,8.5,8.8,8.6,8.2,8.6,8.8,8.7,8.4,8.1,8.3
080047,8.0,8.3,8.4,8.4,8.6,8.3,8.7,8.9,8.7,9.3,9.2,9.4,9.8,9.6,9.7,10.0,10.0,9.8,9.7,10.4,10.7,10.4,10.5,10.7,10.9
080048,8.3,8.7,8.4,8.5,8.9,8.7,8.9,9.0,9.2,9.4,9.7,9.6,9.6,9.5,9.7,9.6,10.3,10.3,10.2,10.2,10.4,10.1,10.4,10.4,10.5
080049,8.1,8.2,8.1,8.3,8.6,8.5,8.7,8.6,8.9,9.1,9.0,9.2,9.4,9.1,9.3,9.7,9.5,9.5,9.7,9.5,10.3,9.7,10.0,10.0,10.1
080050,8.5,8.6,8.4,8.5,8.9,9.1,8.7,8.8,8.9,9.4,9.2,9.4,9.4,9.4,9.7,9.4,9.9,9.9,10.0,10.2,10.2,10.3,10.3,10.3,10.5
080051,8.1,7.7,7.9,7.7,7.9,8.1,8.0,8.0,7.9,8.4,8.3,8.5,8.1,8.4,8.3,8.6,8.3,8.4,8.5,8.5,8.5,8.2,8.4,8.7,8.4
080052,7.4,7.6,7.7,7.6,7.5,7.4,7.7,7.6,7.8,8.1,8.2,8.0,8.1,8.1,8.2,8.3,8.0,8.3,8.2,8.0,8.5,8.5,8.4,8.0,8.4
080053,8.6,8.6,8.8,8.8,8.7,8.8,8.9,9.0,8.9,9.4,9.3,9.5,9.7,9.7,9.7,9.7,9.8,9.8,9.8,10.0,10.4,10.2,10.2,9.9,10.6
080054,9.7,9.7,9.8,9.7,9.8,9.6,9.9,9.9,9.8,10.5,10.4,10.4,10.4,10.3,10.3,10.6,10.4,10.4,10.7,10.4,10.4,10.3,10.4,10.4,10.2
080055,9.6,9.5,9.5,9.7,9.6,9.8,9.8,10.0,10.1,10.5,10.4,10.5,10.6,10.8,10.7,10.8,11.0,11.1,10.9,11.2,11.5,11.2,11.5,11.8,11.5
080056,6.5,6.6,6.8,6.9,6.7,6.9,6.9,6.9,7.0,7.3,7.2,7.4,7.4,7.4,7.5,7.6,7.7,7.7,7.7,7.7,7.5,7.9,7.9,7.8,7.8
080057,8.4,8.8,8.9,8.8,9.0,8.9,9.0,9.3,9.2,9.6,9.8,9.7,10.0,9.8,9.9,10.2,10.3,10.5,10.3,10.2,10.9,10.5,10.5,10.5,11.1
080058,8.8,8.9,8.9,9.5,9.0,9.4,9.3,9.4,9.3,9.6,10.0,9.9,9.9,9.9,10.0,10.0,10.3,10.5,10.3,10.5,10.7,10.3,10.6,10.5,11.0
080059,8.0,8.2,8.1,8.1,8.4,8.6,8.4,8.4,8.4,9.3,9.0,9.3,9.3,9.5,9.3,9.4,9.7,9.8,9.5,9.9,10.0,10.0,10.1,10.2,10.3
080060,8.9,9.0,9.0,9.2,9.1,8.9,9.1,9.1,9.3,9.7,9.6,9.7,9.7,10.0,9.8,10.0,9.8,10.0,10.0,10.0,10.3,9.9,10.1,10.5,10.3
080061,8.8,8.9,9.0,9.1,9.2,9.2,9.1,9.3,9.3,9.9,9.9,9.8,9.9,10.2,10.3,10.2,10.3,10.4,10.4,10.4,10.9,10.6,10.7,11.3,10.7
080062,9.0,8.7,9.0,9.2,8.9,9.2,9.0,9.2,9.3,9.4,9.5,9.4,9.7,9.9,9.6,9.8,9.8,9.9,9.9,9.9,10.3,10.4,10.4,10.1,10.4
080063,7.7,7.6,7.6,7.8,7.6,8.0,7.9,8.1,8.2,8.6,8.7,8.9,8.8,9.0,8.8,9.3,9.3,9.4,9.6,9.4,10.0,9.8,9.9,9.9,10.4
080064,8.3,8.3,8.6,8.5,8.3,8.5,8.4,8.6,8.7,8.7,9.1,8.8,8.9,8.9,9.2,9.0,9.3,9.2,9.1,9.2,9.3,9.2,9.2,9.0,9.4
080065,9.3,9.5,9.3,9.5,9.3,9.5,9.8,10.0,9.5,10.5,10.4,9.9,10.5,10.6,10.9,10.8,10.7,11.1,11.1,11.4,11.1,11.1,11.4,11.3,11.4
080066,8.3,8.2,8.9,8.8,8.7,9.0,8.9,9.3,9.3,9.6,9.7,9.6,9.9,9.9,10.0,10.1,10.7,10.4,10.5,10.6,10.8,10.9,11.0,10.9,11.5
080067,8.2,8.0,8.4,8.6,8.5,8.6,8.3,8.7,8.7,9.1,9.1,9.1,9.3,9.2,9.5,9.3,9.5,9.4,9.5,10.0,10.0,9.8,9.7,9.7,10.0
080068,8.5,8.6,8.6,8.3,8.6,8.6,8.9,8.9,8.7,9.0,9.3,9.1,9.4,9.2,9.5,9.4,9.5,9.5,9.2,9.5,10.0,9.6,9.4,9.9,9.9
080069,7.7,7.7,7.8,8.1,7.8,7.9,8.3,8.0,8.3,8.4,8.3,8.5,8.7,8.9,8.7,8.9,9.0,8.9,8.8,9.2,9.3,9.1,9.4,9.3,9.7
080070,9.6,9.4,9.8,9.8,10.0,10.0,9.9,9.9,9.6,10.3,10.0,10.1,10.2,10.3,10.6,10.4,10.7,10.9,10.8,10.8,11.0,11.1,10.5,10.6,10.5
080071,7.9,8.1,7.9,7.8,8.2,8.1,8.2,8.3,8.2,8.6,8.5,8.7,8.8,8.9,8.8,9.0,8.9,9.2,9.0,9.2,9.4,9.2,9.4,9.6,9.7
080072,6.8,6.9,6.9,7.0,7.2,7.3,7.3,7.4,7.6,7.7,7.7,7.7,8.1,8.0,8.2,8.4,8.2,8.5,8.5,8.5,9.1,9.1,9.0,9.2,9.3
080073,9.3,9.3,9.4,9.6,9.7,9.7,9.9,9.6,10.1,10.4,10.3,10.7,10.5,11.1,10.8,10.8,11.3,10.8,11.5,11.3,11.7,11.5,11.6,11.8,11.9
080074,9.2,9.3,9.3,9.4,9.8,9.6,9.9,9.6,9.8,10.2,10.4,10.5,10.6,10.7,10.3,10.6,11.0,11.1,11.3,11.1,11.3,11.1,11.6,11.5,11.5
080075,8.5,8.3,8.7,8.8,8.5,8.7,8.9,8.9,9.0,9.1,9.3,9.1,9.5,9.5,9.5,9.5,9.7,9.6,9.8,9.4,9.8,9.7,9.8,10.0,10.0
080076,8.8,9.4,9.1,9.1,9.2,9.2,9.4,9.5,9.7,10.1,10.1,10.3,10.2,10.2,10.5,10.4,10.9,11.0,10.9,10.8,11.0,11.1,11.4,10.9,11.7
080077,9.5,9.6,9.7,9.7,10.0,10.1,10.0,10.2,10.4,11.1,10.9,10.9,11.2,11.5,11.3,12.0,11.5,11.6,12.0,12.4,12.6,12.4,12.6,13.0,12.8
080078,8.8,9.0,8.9,8.7,9.1,9.1,9.2,9.1,9.3,9.3,9.6,9.6,9.7,9.8,10.1,10.0,9.8,10.4,10.1,10.3,10.5,10.5,10.1,10.3,10.5
080079,9.4,9.2,9.7,9.4,9.9,9.9,10.0,9.6,10.5,10.5,10.8,11.1,10.7,10.8,11.4,11.4,11.4,11.5,11.5,11.9,12.0,12.0,12.0,12.0,12.1
080080,9.6,9.8,9.3,9.4,10.0,9.9,10.0,9.9,10.0,10.2,10.6,10.7,10.7,10.4,10.6,10.7,10.6,10.8,10.8,11.1,11.3,10.8,11.2,11.3,11.3
080081,8.1,8.3,8.0,8.1,8.3,8.1,8.3,8.4,8.2,8.6,8.4,8.4,8.6,9.0,8.7,8.8,9.1,8.9,8.9,9.2,9.4,9.2,9.1,9.2,8.9
080082,8.3,8.4,8.6,8.9,8.7,8.8,8.9,9.1,9.2,9.6,9.5,9.7,9.4,9.4,9.7,9.8,10.2,9.9,9.9,10.4,10.5,10.8,10.6,11.0,10.7
080083,8.0,8.1,8.1,8.4,8.6,8.6,8.7,8.8,8.9,9.3,9.2,9.3,9.3,9.7,9.8,9.8,10.0,9.9,10.2,10.0,10.2,10.5,10.8,10.8,10.8
080084,8.5,8.5,8.5,8.6,8.6,8.3,8.6,8.7,8.7,9.2,8.9,9.2,9.4,9.1,9.3,9.1,9.5,9.3,9.7,9.5,9.9,9.8,9.5,9.5,10.1
080085,8.3,8.2,8.5,8.2,8.0,8.3,8.5,8.7,8.2,9.1,9.2,9.1,9.2,9.2,9.1,9.6,9.7,9.5,9.5,9.5,9.9,9.9,9.8,10.0,9.8
080086,10.6,10.7,10.9,10.8,10.9,10.8,10.9,11.2,11.5,11.5,11.8,11.7,12.0,11.6,12.1,11.9,12.3,12.7,12.6,12.7,13.2,12.8,13.0,12.7,13.1
080087,6.6,6.5,6.7,6.8,6.9,6.7,6.9,6.9,6.8,7.3,7.2,7.2,7.2,7.4,7.3,7.4,7.5,7.5,7.5,7.5,7.4,7.6,7.5,7.6,7.8
080088,9.3,9.6,9.8,10.0,10.1,9.6,9.9,10.0,10.0,9.9,10.5,10.7,10.7,10.7,10.7,10.6,11.0,11.0,10.8,10.8,11.3,11.0,10.7,11.0,11.1
080089,7.3,7.3,7.5,7.4,7.6,7.7,7.7,7.8,7.6,8.0,8.0,8.1,8.0,8.2,8.3,8.5,8.3,8.4,8.5,8.5,8.7,8.4,8.7,8.9,8.9
080090,7.8,7.9,8.0,7.9,8.0,8.1,8.0,8.2,8.2,8.5,8.4,8.4,8.5,8.7,8.8,8.7,8.6,8.8,8.8,8.6,8.9,9.0,8.8,8.7,9.1
080091,6.6,6.7,6.7,6.6,6.7,6.7,6.7,6.5,6.6,6.9,6.8,6.7,6.8,6.7,7.0,6.9,7.0,7.0,7.0,6.8,7.0,6.9,7.1,6.9,6.8
080092,8.6,8.4,8.5,8.9,8.9,9.1,9.1,9.0,9.3,9.4,9.7,9.5,9.8,9.8,10.1,10.2,10.3,10.4,10.4,10.4,10.8,10.5,10.5,10.7,10.8
080093,6.6,6.6,6.4,6.6,6.5,6.6,6.5,6.6,6.6,6.7,6.8,6.9,6.9,6.8,6.7,6.9,6.7,7.0,7.1,6.9,7.0,7.0,7.0,6.9,7.2
080094,8.5,8.2,8.3,8.4,8.6,8.7,8.8,8.8,8.7,9.1,8.8,9.1,9.0,9.0,9.4,9.2,9.5,9.6,9.7,9.3,9.8,9.7,9.5,9.4,9.9
080095,8.3,8.3,8.3,8.4,8.7,8.5,8.7,8.8,8.6,9.1,9.2,9.0,9.4,9.4,9.3,9.4,9.6,9.7,9.7,9.6,10.0,9.8,9.9,10.0,10.1
080096,9.0,9.1,9.2,9.2,9.3,9.3,9.3,9.5,9.4,9.5,10.0,10.0,9.9,10.1,10.0,10.0,10.3,10.5,10.1,10.2,10.6,10.5,10.4,10.6,11.1
080097,8.1,8.0,8.1,8.2,8.2,8.2,8.4,8.1,8.1,8.4,8.5,8.4,8.5,8.2,8.5,8.5,8.6,8.5,8.7,8.5,8.7,8.6,8.7,8.5,8.6
081001,8.8,9.3,9.3,9.3,9.2,8.9,9.7,9.5,9.4,9.7,9.8,9.8,10.1,9.9,10.3,10.3,10.3,10.0,10.5,10.8,10.7,10.6,10.8,11.1,11.0
081002,8.5,8.6,8.8,8.9,8.6,8.9,9.0,8.9,9.1,9.2,9.7,9.6,9.5,9.4,9.6,10.0,10.0,10.3,10.3,10.5,10.3,10.3,10.8,10.4,10.7
081003,7.3,7.4,7.4,7.5,7.6,7.9,7.7,7.9,7.9,8.4,8.6,8.3,8.6,8.6,8.8,8.8,8.7,9.2,9.3,9.1,9.3,9.2,9.6,9.3,9.8
081004,9.4,9.2,9.4,9.3,9.6,9.3,9.4,9.4,9.5,10.1,10.0,10.4,10.2,10.1,9.9,10.2,10.3,10.4,10.2,10.2,11.2,10.3,10.9,10.7,10.5
081005,7.1,7.4,7.4,7.5,7.4,7.4,7.6,7.5,7.6,7.9,8.0,7.7,7.8,8.0,8.0,7.9,8.1,8.1,8.0,8.2,8.4,8.3,8.2,8.1,8.3
081006,8.6,8.4,8.5,8.4,8.6,8.7,8.8,8.8,8.6,9.1,9.1,8.9,9.0,9.0,8.9,8.9,9.0,9.1,9.2,9.1,9.6,9.2,9.2,9.2,9.2
081007,8.9,9.4,8.9,9.1,9.4,9.4,9.3,9.2,9.3,9.4,9.6,9.5,9.6,9.6,9.7,10.0,9.7,10.0,9.7,9.9,10.4,9.9,9.9,10.2,9.9
081008,8.8,8.8,8.9,8.7,8.7,8.7,8.7,8.5,8.7,9.0,8.6,9.1,8.8,9.3,9.1,9.1,8.7,8.7,8.8,8.8,9.1,8.9,8.9,8.9,9.1
081009,8.6,8.8,9.3,9.3,9.2,9.3,9.6,9.7,9.6,10.2,10.3,10.3,10.4,10.6,10.7,10.5,11.0,10.8,11.1,11.2,11.6,11.0,11.4,11.8,11.8
081010,7.0,7.1,7.2,7.3,7.2,7.4,7.3,7.4,7.6,7.5,7.9,7.9,7.7,8.1,7.9,8.2,8.0,8.1,8.0,8.2,8.5,8.2,8.1,8.4,8.6
081011,10.0,10.0,10.1,10.2,10.5,10.2,10.9,10.3,10.2,10.8,10.9,10.8,11.4,11.3,11.5,11.4,11.4,11.6,11.8,12.1,11.4,12.1,11.7,11.8,12.3
081012,9.5,9.4,9.6,9.9,9.7,9.7,9.7,9.7,9.9,9.9,10.1,10.6,10.1,10.4,10.7,10.3,10.4,10.6,10.6,10.3,11.0,10.6,10.4,10.5,10.9
081013,8.0,7.9,7.9,7.9,8.1,8.3,8.5,8.5,8.2,8.5,9.0,8.8,9.0,9.0,9.3,9.2,9.5,9.4,9.2,9.8,9.8,9.8,9.7,9.8,10.1
081014,8.8,8.8,8.7,8.7,9.0,8.7,8.7,8.8,8.9,9.2,9.3,9.2,9.4,9.5,9.3,9.7,9.6,9.5,9.5,9.7,9.9,9.8,9.7,9.7,10.1
081015,7.7,7.8,7.9,7.8,7.7,7.7,7.7,7.8,7.9,8.2,8.2,8.2,8.1,8.0,8.4,8.3,8.0,8.1,8.3,8.3,8.6,8.5,8.5,8.5,8.6
081016,8.1,8.1,8.1,8.3,8.1,8.8,8.6,8.7,8.9,9.4,9.2,9.2,9.4,9.6,9.6,9.7,9.9,10.1,10.3,10.2,10.5,10.1,10.7,10.7,10.9
081017,8.1,7.9,8.0,8.0,8.1,8.1,8.1,8.3,8.3,8.6,8.3,8.5,8.3,8.5,8.7,8.8,8.6,8.8,8.9,8.6,9.0,9.0,9.0,8.8,9.1
081018,9.4,9.2,9.2,9.2,9.8,9.7,9.6,9.7,10.0,10.2,10.2,10.7,10.3,10.8,10.7,10.7,10.8,10.6,11.1,11.1,11.5,11.4,11.2,11.1,11.3
081019,7.5,7.6,7.5,7.9,7.7,8.2,7.9,8.2,8.1,8.4,8.7,8.6,8.8,8.8,8.9,9.4,9.0,9.4,9.3,9.3,9.8,9.7,9.6,9.8,10.2
081020,7.5,7.5,7.4,7.7,7.5,7.6,7.4,7.7,7.8,7.8,7.9,7.8,7.9,8.1,7.7,7.9,7.9,7.7,8.0,7.8,8.1,8.0,8.2,8.1,8.0
081021,8.9,9.3,9.0,9.0,9.1,9.1,9.0,8.8,9.0,9.2,9.3,9.3,9.6,9.5,9.4,9.5,9.5,9.6,10.0,9.8,10.1,10.0,9.8,10.1,9.9
081022,7.8,7.9,7.9,7.8,7.9,7.9,8.0,8.0,8.0,8.5,8.4,8.2,8.4,8.7,8.6,8.6,8.5,8.8,8.8,8.9,9.2,9.0,9.2,8.8,9.0
081023,9.1,8.8,8.7,8.8,9.1,9.1,9.3,9.5,9.2,9.5,9.7,9.9,10.2,9.8,9.9,10.4,10.3,10.1,10.4,10.5,10.7,10.5,10.6,10.7,10.8
081024,8.5,8.5,8.6,8.1,8.7,8.5,8.5,8.7,8.6,8.9,8.9,9.2,9.2,9.1,9.1,9.1,9.0,9.2,8.9,9.1,9.6,9.2,9.1,9.3,9.3
081025,8.7,9.1,8.8,9.1,8.8,9.2,9.3,9.7,9.5,10.2,10.2,10.3,10.2,10.9,10.9,10.4,10.9,11.0,11.0,11.7,11.8,11.4,12.1,12.4,12.1
082001,7.7,7.9,8.1,7.9,8.2,8.3,8.3,8.4,8.5,8.7,8.9,9.0,9.1,9.2,9.4,9.3,9.6,9.5,9.5,9.5,9.9,10.0,9.8,10.0,10.1
082002,8.6,8.7,8.8,8.8,8.8,9.0,9.2,9.7,9.4,9.9,10.4,10.1,10.2,10.9,10.9,10.6,11.0,11.6,11.6,11.7,12.4,12.1,12.2,12.0,12.4
082003,8.0,8.4,7.9,8.1,8.4,8.2,8.3,8.4,8.1,8.7,8.9,8.6,8.9,9.1,9.0,8.9,9.3,9.1,9.1,9.3,9.4,9.4,9.5,9.3,9.6
082004,8.9,9.1,9.1,9.0,9.2,9.1,9.5,9.2,9.5,10.0,10.1,9.8,9.7,10.4,10.1,10.0,10.3,10.3,10.6,10.7,10.8,10.5,10.6,11.1,10.7
082005,7.9,8.1,7.9,7.9,7.9,8.0,8.1,8.0,8.0,8.3,8.3,8.2,8.4,8.4,8.2,8.4,8.5,8.3,8.3,8.5,8.8,8.3,8.4,8.4,8.4
082006,9.0,8.8,9.2,9.2,9.3,9.3,9.2,9.6,9.6,10.1,9.8,10.2,10.2,10.5,10.5,10.4,10.0,10.9,10.9,10.7,11.0,10.6,10.8,11.1,11.0
082007,9.1,9.2,9.4,9.2,9.3,9.4,9.3,9.6,9.5,9.7,9.9,10.3,10.1,10.0,10.1,10.2,10.0,10.3,10.5,10.6,10.4,10.5,10.6,10.5,10.7
082008,7.3,7.4,7.5,7.4,7.6,7.6,7.7,7.8,7.9,8.1,8.0,8.2,8.2,8.2,8.3,8.1,8.5,8.3,8.7,8.5,8.8,8.7,8.7,8.7,8.7
082009,7.8,7.7,7.6,7.8,7.6,7.7,7.6,7.7,7.4,7.9,7.9,7.9,7.8,8.0,7.8,8.0,7.8,7.9,8.0,7.9,8.2,8.0,8.2,8.0,8.0
082010,9.2,9.1,9.3,9.5,9.4,9.5,9.4,9.7,9.7,10.4,10.5,10.4,10.7,10.7,11.1,11.2,11.0,10.8,11.6,11.7,11.8,11.5,11.5,11.8,11.9
082011,7.0,7.0,7.2,7.3,7.3,7.4,7.2,7.4,7.6,7.5,7.7,7.6,7.8,7.7,8.0,7.8,8.0,7.8,7.7,7.8,8.0,7.9,8.1,7.8,8.1
082012,8.7,8.7,8.9,8.6,9.0,8.8,8.8,9.0,8.9,9.5,9.2,9.7,9.5,9.4,9.6,9.5,9.6,9.4,9.6,9.6,10.0,9.8,10.1,9.7,10.0
082013,9.6,9.9,9.9,9.7,9.8,10.2,10.2,10.5,10.2,10.6,10.7,10.9,10.8,11.0,11.3,11.1,11.3,11.4,11.4,11.5,11.8,11.4,12.0,11.8,11.6
082014,8.5,8.3,8.6,8.9,8.9,9.1,9.1,8.8,9.1,9.6,9.4,9.5,9.9,9.7,10.0,10.0,10.2,10.3,10.6,10.9,11.0,11.2,10.9,10.9,11.1
082015,7.6,7.7,7.5,7.7,7.7,7.8,7.8,7.5,7.8,8.1,8.0,8.0,8.3,8.2,8.2,8.2,8.1,8.3,8.4,8.4,8.6,8.5,8.5,8.2,8.5
082016,8.4,8.6,8.7,8.7,8.7,8.7,8.8,9.0,9.0,9.3,9.1,9.5,9.7,9.4,9.4,9.7,9.4,9.9,9.6,9.5,10.2,10.2,9.9,10.0,10.0
082017,8.1,8.3,8.4,8.5,8.4,8.7,8.6,8.8,9.1,8.9,9.3,9.4,9.4,9.6,9.5,9.6,9.9,10.0,10.1,10.0,10.3,10.2,10.2,10.1,10.3
082018,9.6,9.4,9.4,9.2,9.6,9.6,9.4,9.9,9.8,9.9,10.0,10.1,10.3,10.4,10.4,10.8,10.2,10.6,10.8,10.9,10.7,10.6,10.6,11.2,10.8
082019,8.7,8.6,8.7,8.8,8.8,8.8,9.0,9.0,8.9,9.3,9.4,9.4,9.5,9.7,9.4,9.6,10.0,9.8,9.7,9.8,10.1,10.2,10.0,10.2,10.3
082020,8.8,8.9,9.2,8.9,9.0,9.1,9.4,9.4,9.2,9.9,10.1,9.8,10.0,10.0,10.4,10.2,10.6,10.4,10.5,10.9,10.6,11.3,10.7,10.8,11.1
082021,7.8,7.8,7.9,8.0,7.9,8.1,7.9,8.1,7.8,8.3,8.2,8.2,8.2,8.5,8.3,8.2,8.3,8.4,8.2,8.5,8.8,8.4,8.2,8.5,8.3
082022,9.9,9.8,9.9,10.0,9.9,10.1,10.3,10.0,10.5,11.3,11.0,11.0,11.7,11.5,12.3,11.7,11.9,12.2,12.3,12.4,12.7,12.5,12.7,13.1,13.3
082023,9.3,9.5,9.3,9.8,9.6,9.7,10.0,10.0,10.0,10.8,10.9,10.9,10.8,11.1,11.1,11.8,11.8,11.7,12.3,11.8,12.2,12.4,12.4,12.4,12.6
082024,7.5,7.4,7.7,7.5,7.8,7.7,7.8,8.0,7.8,8.3,8.3,8.3,8.4,8.4,8.7,8.6,8.7,8.6,8.8,9.0,9.2,9.0,8.9,8.9,9.3
082025,8.6,8.6,8.9,8.7,8.8,8.9,8.8,8.9,8.8,9.3,9.5,9.3,9.9,9.6,9.5,9.7,9.5,9.7,10.0,9.8,10.2,10.0,9.5,10.1,10.0
082026,8.1,8.3,8.5,8.3,8.3,8.2,8.5,8.4,8.3,8.6,8.5,8.7,8.6,8.7,8.8,8.5,8.8,8.7,8.6,8.6,9.0,8.6,8.8,8.6,8.5
082027,8.4,8.4,8.3,8.8,8.5,8.7,8.6,8.6,8.7,9.1,9.3,9.2,9.5,9.5,9.6,9.5,9.7,9.7,9.5,9.8,9.8,10.1,9.9,10.3,10.2
082028,8.6,8.6,8.8,8.7,8.5,8.8,8.9,8.8,8.9,9.0,9.2,9.0,9.1,9.6,9.3,9.7,9.2,9.3,9.3,9.5,9.5,9.2,9.4,9.7,9.7
082029,10.7,10.8,10.4,10.7,11.0,10.9,10.8,11.0,10.7,11.2,11.8,11.2,11.3,11.6,11.3,11.8,11.3,11.7,12.0,11.8,12.1,11.6,11.7,11.6,12.0
082030,10.3,10.6,10.4,10.3,10.5,10.0,10.2,10.1,9.9,10.6,10.9,10.8,10.6,10.8,10.7,11.0,10.5,10.9,10.4,10.8,11.1,11.0,10.7,10.9,11.2
082031,7.4,7.6,7.3,7.4,7.8,7.7,7.8,7.7,7.8,8.1,8.2,8.2,8.3,8.2,8.4,8.5,8.7,8.6,8.9,8.8,9.0,8.8,8.9,9.0,9.0
082032,9.6,9.3,9.6,9.5,9.5,9.6,9.7,9.9,9.8,10.1,10.1,9.9,10.2,10.1,10.2,10.5,10.1,10.0,10.1,10.3,10.5,10.3,10.2,10.2,10.1
082033,9.8,10.0,9.9,10.1,10.1,10.2,9.9,10.3,10.7,11.1,11.3,11.0,11.7,11.7,11.9,11.4,12.0,12.1,12.3,12.0,12.8,12.8,12.8,13.5,13.1
082034,8.9,8.7,8.9,9.0,8.8,8.6,9.1,9.1,9.1,9.3,9.4,9.5,9.5,9.5,9.4,9.5,9.7,9.7,9.6,10.0,9.7,9.8,9.8,9.9,9.9
082035,10.5,10.5,10.4,10.5,10.3,10.3,10.3,10.2,10.7,10.8,11.0,11.0,10.9,10.7,11.0,11.0,11.1,11.0,11.3,11.2,11.3,10.9,11.0,11.3,11.4
082036,8.0,7.9,7.9,8.1,8.3,8.2,8.2,8.6,8.6,9.0,9.1,8.9,9.2,9.0,8.9,9.1,9.4,9.5,9.5,9.5,10.3,10.2,9.9,9.9,10.2
082037,9.1,9.1,8.7,8.9,8.5,8.7,8.8,8.7,8.9,9.2,9.2,8.9,9.1,9.0,9.4,9.0,8.9,9.1,8.8,8.9,9.2,8.7,8.6,8.8,9.0
082038,9.0,9.3,9.1,9.2,9.0,9.1,9.0,9.1,9.5,9.4,9.6,9.5,9.4,9.5,9.4,9.5,9.3,9.8,9.7,9.7,9.9,9.2,9.8,9.7,9.9
082039,7.2,7.3,7.6,7.7,7.7,7.9,7.9,8.1,8.0,8.4,8.2,8.8,8.7,8.7,9.0,8.8,9.4,9.2,9.5,9.5,9.8,9.7,9.7,10.1,10.1
082040,7.6,7.7,7.9,8.0,7.9,7.7,8.0,7.9,7.8,8.1,8.1,8.5,8.4,8.3,8.3,8.2,8.3,8.3,8.4,8.2,8.5,8.5,8.5,8.3,8.6
082041,8.4,8.2,8.2,8.2,7.9,8.0,8.3,8.2,8.2,8.4,8.5,8.4,8.5,8.7,8.6,8.5,8.6,8.4,8.5,8.5,8.6,8.4,8.3,8.7,8.4
082042,8.8,8.9,9.1,9.1,9.4,9.1,9.2,9.2,9.3,10.0,9.8,9.7,10.0,10.2,10.5,10.4,10.2,10.4,10.6,10.4,10.7,10.8,10.6,10.8,10.8
082043,7.9,7.8,7.8,7.7,7.8,7.8,8.2,8.0,8.2,8.4,8.4,8.5,8.5,8.6,8.7,8.8,8.7,8.5,9.1,9.1,9.4,9.4,9.3,9.2,9.4
082044,9.6,9.9,10.0,10.0,10.0,10.1,10.2,10.6,10.7,11.0,11.3,11.5,11.3,11.5,11.7,12.0,11.9,11.7,11.9,12.4,12.7,12.5,12.8,12.8,12.6
082045,9.5,9.2,9.4,9.7,9.9,10.0,10.0,9.7,9.8,10.6,10.4,11.0,10.9,11.0,10.7,11.1,11.2,11.4,11.3,11.4,12.0,11.7,11.9,12.1,12.3
082046,6.7,7.0,7.0,7.1,7.1,7.1,7.2,7.3,7.2,7.5,7.7,7.7,7.8,7.9,8.0,7.8,7.9,8.1,7.8,8.0,8.3,8.2,8.1,8.2,8.4
082047,8.5,8.3,8.4,8.5,8.4,9.1,9.0,8.9,9.0,9.4,9.5,9.6,9.7,9.6,9.9,9.7,10.3,9.8,10.6,10.6,10.8,10.5,10.4,10.7,11.0
082048,8.6,8.5,8.9,8.8,8.7,8.7,8.7,9.0,9.2,9.4,9.4,9.5,9.8,9.6,10.1,10.1,10.2,10.1,10.6,10.1,10.4,10.4,10.9,10.8,10.9
082049,8.9,8.6,8.8,8.8,8.9,9.3,9.2,9.1,9.4,9.5,9.8,10.0,10.0,10.2,10.4,10.2,10.2,10.5,10.9,10.7,11.2,11.0,11.3,10.9,11.1
082050,9.3,9.4,9.3,9.2,9.2,9.6,9.5,9.3,9.5,9.7,10.0,9.9,10.0,10.0,10.2,10.2,9.8,10.4,10.0,10.0,10.4,10.3,10.2,10.1,10.1
082051,7.6,7.8,7.5,7.6,7.7,7.8,7.6,7.8,7.8,7.9,7.9,8.2,7.9,7.9,8.1,8.0,8.2,7.8,8.1,7.9,8.3,8.2,8.3,8.2,8.3
082052,8.1,8.2,8.2,8.2,8.2,8.2,8.6,8.3,8.6,8.7,8.8,8.8,9.0,9.2,9.2,9.1,9.2,9.4,9.1,9.5,9.4,9.4,9.4,9.5,9.5
082053,11.6,12.2,11.8,12.4,12.3,12.6,13.0,13.1,13.4,13.7,14.6,14.3,14.8,14.8,15.0,15.5,15.8,15.3,16.1,16.2,17.5,17.2,17.5,18.1,18.3
082054,10.1,10.4,10.1,10.5,10.4,10.2,10.1,10.1,10.1,10.5,10.6,10.7,10.7,10.7,10.6,10.8,10.7,11.0,10.8,10.9,11.2,11.2,11.1,11.1,11.1
082055,7.2,7.5,7.1,7.2,7.6,7.4,7.6,7.4,7.5,7.7,8.1,8.1,7.9,8.1,8.1,8.3,8.4,8.5,8.1,8.2,8.3,8.5,8.5,8.6,8.8
082056,9.7,9.7,9.7,9.5,9.7,9.9,9.8,10.1,10.2,10.7,10.2,11.2,11.0,10.8,10.8,11.3,11.2,11.1,11.5,11.4,11.6,11.5,11.5,11.6,11.6
082057,8.6,9.0,8.9,8.9,8.7,8.8,8.8,8.9,9.0,9.2,9.3,9.3,9.1,9.3,9.4,9.5,9.2,9.5,9.2,9.4,9.6,9.4,9.4,9.8,9.6
082058,11.1,11.1,10.7,11.3,11.8,11.2,11.8,11.8,11.9,12.3,12.6,12.7,12.3,12.5,12.8,12.6,13.1,13.1,13.6,12.6,13.5,13.4,13.5,13.7,14.1
082059,9.7,10.0,9.8,9.8,10.2,10.1,9.8,10.5,9.9,10.7,10.7,10.8,10.8,10.7,11.3,10.9,11.1,11.3,11.2,11.3,12.0,11.6,11.5,11.8,11.8
082060,8.3,8.1,8.3,8.5,8.6,8.6,8.5,8.9,9.0,9.3,9.4,10.0,9.5,10.1,10.1,10.1,10.2,10.7,10.9,10.8,11.3,10.8,11.1,11.5,11.5
082061,8.4,8.6,8.8,8.7,8.8,8.9,8.9,8.9,9.1,9.5,9.5,9.8,10.0,9.7,9.9,10.1,10.2,10.4,10.3,10.7,11.0,10.5,10.6,10.8,11.1
082062,7.7,7.7,7.7,7.5,7.8,7.8,7.8,7.7,8.0,7.8,7.9,8.1,7.8,8.1,7.9,7.9,7.9,8.1,8.0,8.1,8.1,8.0,8.2,7.9,8.0
082063,8.0,8.1,8.1,8.0,8.3,8.3,8.3,8.3,8.4,8.8,8.7,8.7,9.0,9.1,9.1,9.2,9.3,9.2,9.2,9.2,9.4,9.4,9.7,9.8,9.6
082064,7.8,7.6,7.7,7.7,7.6,7.8,7.8,7.7,7.8,8.1,8.0,8.2,7.9,7.9,7.8,8.1,7.9,7.9,8.0,8.1,8.2,8.1,7.9,7.9,8.1
082065,8.6,8.3,8.3,8.7,8.5,8.5,8.6,8.6,8.5,8.8,9.0,9.2,9.1,8.8,9.0,9.2,9.0,9.0,9.0,9.3,9.3,9.2,9.1,9.1,9.0
082066,7.4,7.5,7.7,7.6,7.7,7.8,7.7,7.8,7.8,8.4,8.2,8.3,8.2,8.6,8.7,8.5,8.7,8.9,8.8,8.9,9.1,9.0,9.1,9.2,9.1
082067,10.4,10.2,10.4,10.4,10.4,10.4,10.4,10.7,10.6,11.0,10.9,11.0,11.0,10.9,10.8,10.9,11.1,11.1,11.3,11.2,11.3,11.2,11.0,11.6,11.4
082068,10.3,9.9,10.5,10.0,10.5,10.2,10.5,10.6,10.4,10.9,11.2,11.1,10.9,10.9,11.2,11.3,11.3,11.5,11.5,11.6,11.8,12.2,11.8,12.3,11.8
082069,8.9,8.7,9.0,8.8,8.9,8.9,9.1,8.9,8.8,9.1,9.3,9.1,9.4,9.4,9.3,9.2,9.2,9.4,9.3,9.2,9.5,9.1,9.4,9.4,9.3
082070,7.5,7.4,7.6,7.4,7.5,7.6,7.6,7.6,7.8,8.0,7.6,7.7,7.8,7.8,7.9,7.8,7.7,8.0,7.9,7.9,8.1,8.0,8.0,7.8,7.9
082071,8.6,8.4,8.6,8.9,8.9,9.0,9.0,8.9,9.1,9.6,9.5,9.8,9.8,9.9,9.9,9.9,10.3,10.5,10.3,10.4,10.6,10.7,10.6,10.9,11.1
082072,10.4,10.1,10.5,10.4,10.4,10.4,10.6,10.6,11.0,11.1,10.8,11.2,11.2,11.5,11.3,11.6,11.4,11.5,11.3,11.3,12.0,11.4,11.6,11.7,11.8
082073,6.2,6.3,6.3,6.4,6.4,6.4,6.6,6.7,6.5,6.7,6.7,6.8,7.2,6.8,6.9,6.9,7.1,7.1,7.1,7.0,7.4,7.0,7.3,7.3,7.2
082074,8.8,8.8,8.6,8.8,9.0,9.0,9.2,9.4,9.3,9.4,9.9,9.5,10.2,10.0,10.1,9.9,10.2,10.3,10.2,10.5,10.6,10.5,10.6,10.9,10.8
082075,8.5,8.2,8.3,8.3,8.7,8.3,8.4,8.4,8.9,9.0,8.9,9.0,9.2,9.0,9.1,9.5,9.2,9.4,9.2,9.5,9.7,9.4,9.6,9.9,9.8
082076,8.4,8.1,8.5,8.6,8.7,8.4,8.4,8.8,8.6,9.0,9.1,9.1,9.3,9.4,9.4,9.4,9.5,9.6,9.9,9.5,10.1,10.0,9.9,10.0,9.9
082077,9.3,9.2,9.5,9.6,9.3,9.5,9.5,9.9,9.6,10.2,10.5,10.6,10.5,10.8,10.7,10.6,10.6,11.0,10.8,11.1,11.6,11.2,11.1,11.3,11.5
082078,9.1,9.8,9.6,9.5,10.0,10.0,10.2,10.0,10.2,10.2,10.7,10.7,10.6,10.7,10.6,11.0,11.1,10.8,10.9,11.2,11.3,11.5,11.4,11.3,11.7
082079,9.1,9.4,9.3,9.3,9.5,9.3,9.7,9.6,9.7,10.2,10.6,10.5,10.7,10.9,10.7,11.1,10.8,11.0,11.2,11.1,11.4,11.8,11.1,12.1,11.5
082080,9.2,9.5,9.7,9.6,9.5,9.7,9.9,9.8,9.8,10.2,10.3,10.0,10.3,10.5,10.8,10.4,10.8,10.8,10.7,11.1,11.2,10.9,11.1,11.3,11.3
082081,9.1,9.0,9.0,8.9,9.1,9.2,9.1,9.1,9.1,9.8,9.4,9.6,9.7,9.6,9.7,10.0,9.7,9.8,9.6,9.7,10.0,9.7,9.9,10.0,10.2
082082,9.5,9.2,9.8,9.8,10.3,9.9,10.6,10.5,10.8,11.1,11.1,11.5,11.7,11.7,12.2,12.1,12.1,12.6,12.4,12.8,13.9,13.5,13.8,14.0,14.2
083001,6.9,6.8,6.8,6.9,7.0,6.9,6.9,6.9,6.9,7.2,7.1,7.3,7.3,7.3,7.6,7.5,7.3,7.6,7.3,7.4,7.7,7.7,7.8,7.6,7.7
083002,9.1,9.2,9.4,9.4,9.4,9.8,9.6,10.0,10.1,10.1,10.4,10.1,10.7,10.3,11.0,10.8,10.8,11.2,11.1,11.5,11.6,11.7,11.6,11.5,11.8
083003,8.7,8.8,8.6,8.7,8.8,8.6,9.1,8.6,8.8,8.8,8.8,9.0,9.1,9.2,9.2,9.1,9.0,9.2,8.9,9.0,9.5,9.4,9.2,9.1,9.1
083004,8.8,8.9,9.2,9.2,9.4,9.2,9.3,9.4,9.7,9.9,9.8,10.1,10.3,10.3,10.5,10.5,10.7,10.7,10.7,10.6,11.2,10.7,11.4,11.0,11.2
083005,8.4,8.6,8.6,8.5,8.5,9.0,9.0,8.8,8.9,9.2,9.3,9.3,9.2,9.6,9.6,9.3,9.7,9.8,9.9,9.9,10.1,10.0,9.9,9.6,10.1
083006,8.7,8.8,8.7,8.9,9.2,9.0,9.0,9.2,9.2,9.9,9.8,9.7,9.9,9.9,9.9,10.0,10.2,10.0,10.0,10.3,10.7,10.3,10.3,10.4,10.7
083007,8.4,8.7,8.5,8.9,9.0,9.0,8.9,9.0,9.1,9.3,9.4,9.9,9.8,9.7,9.7,9.9,9.9,10.2,10.0,10.4,10.5,10.4,10.5,10.8,11.1
083008,8.5,8.8,8.7,8.7,8.6,9.1,8.8,9.0,8.7,9.2,9.3,9.8,9.5,9.6,9.6,9.7,9.7,9.6,9.8,10.0,10.4,10.1,10.3,10.4,10.5
083009,7.7,7.5,7.6,7.6,7.5,7.7,7.7,7.5,7.7,7.9,8.0,8.0,8.1,7.8,8.2,8.0,8.1,8.1,8.1,8.1,8.1,8.2,8.3,8.2,8.2
083010,9.9,9.6,10.0,10.0,9.9,10.2,10.3,10.5,10.5,10.6,10.6,10.9,11.2,11.2,11.0,11.0,11.3,11.4,11.5,11.3,11.3,11.4,11.4,11.6,12.2
083011,9.1,9.4,9.8,9.5,9.5,9.6,9.6,9.9,9.8,9.9,10.2,10.5,10.6,10.4,10.4,10.6,11.0,10.9,10.9,10.7,11.4,10.8,11.3,11.1,11.3
083012,8.2,8.6,8.1,8.3,8.1,8.3,8.6,8.2,8.4,8.5,8.5,8.8,8.5,8.7,8.6,8.5,8.7,8.5,8.7,8.6,8.9,8.8,8.5,8.4,8.8
083013,8.2,7.9,8.1,8.3,8.2,8.3,8.5,8.5,8.4,8.7,8.8,8.8,8.7,9.1,9.1,9.1,9.2,9.3,9.3,9.4,9.9,9.4,9.2,9.7,9.8
083014,9.4,9.7,9.8,10.2,10.1,10.1,10.3,10.2,10.7,10.9,11.5,11.2,11.5,11.4,11.6,11.9,11.9,12.3,12.1,12.3,12.7,12.5,13.1,13.2,13.1
083015,8.1,8.1,8.1,8.4,8.4,8.1,8.3,8.1,8.5,8.6,8.8,8.9,8.9,9.0,8.8,9.6,9.4,9.2,9.3,9.4,9.6,9.5,9.4,9.6,9.7
083016,8.4,8.3,8.1,8.3,8.0,8.5,8.5,8.4,8.6,9.1,9.0,8.8,9.2,9.1,9.1,9.1,9.0,9.2,9.5,9.2,9.2,9.5,9.4,9.6,9.6
083017,8.2,8.2,9.0,8.3,8.6,8.4,8.8,8.8,8.8,9.2,9.4,9.4,9.7,9.6,9.6,9.9,9.8,10.1,10.3,10.3,10.6,10.2,10.5,10.7,10.6
083018,9.2,9.1,9.6,9.5,9.2,10.0,9.7,9.7,9.9,9.9,10.2,10.8,10.3,10.5,10.6,10.9,11.0,11.0,11.2,10.9,11.6,11.1,11.7,11.7,11.6
083019,8.9,8.7,9.0,9.0,8.9,9.0,9.2,9.2,9.2,9.6,9.4,9.3,9.5,9.7,9.4,9.7,9.8,9.7,10.1,10.2,10.2,10.3,10.1,10.2,9.7
083020,8.4,8.5,8.4,8.6,8.6,8.8,8.6,8.7,8.9,9.4,9.2,9.3,9.4,9.5,9.6,9.5,9.6,9.7,9.8,10.0,10.0,10.0,9.8,10.1,10.3
083021,8.7,8.5,8.6,8.6,9.0,8.9,8.9,9.4,9.1,9.2,9.5,9.8,9.3,9.9,9.6,9.8,9.7,9.9,10.0,10.0,10.3,10.1,10.4,10.2,10.5
083022,9.2,8.9,8.9,9.1,9.1,9.1,8.6,8.7,8.7,9.3,9.0,9.0,8.7,9.2,9.1,8.7,9.1,8.7,8.9,8.9,9.3,8.8,8.7,8.6,8.6
083023,8.4,8.4,8.8,9.0,8.8,8.7,9.0,8.9,9.1,9.4,9.4,9.8,9.7,9.6,10.0,10.2,10.0,9.9,10.0,10.4,11.0,10.4,10.7,10.7,11.1
083024,8.4,8.5,8.6,8.7,8.6,8.4,8.7,9.0,8.8,9.3,9.1,9.2,9.3,9.5,9.5,9.5,9.9,9.7,9.9,9.8,10.1,10.1,10.4,10.2,10.3
083025,8.0,8.3,8.3,8.5,8.7,8.8,8.8,9.2,9.5,9.6,9.9,9.8,10.0,10.3,10.7,10.8,10.9,11.0,10.9,11.4,11.7,11.3,11.7,12.5,12.4
083026,9.5,9.7,9.7,9.5,9.5,9.7,9.9,9.8,10.0,10.2,10.5,10.4,10.8,10.7,10.8,10.5,11.1,11.0,10.9,10.9,11.1,11.5,11.2,11.4,11.2
083027,8.0,8.0,8.0,8.4,8.2,8.3,8.5,8.2,8.6,9.0,8.9,8.8,8.9,8.7,9.2,9.1,9.3,9.2,9.4,9.5,9.6,9.3,9.5,9.7,9.7
083028,8.4,8.4,8.6,8.4,8.5,8.7,8.8,8.9,8.8,9.2,9.2,9.6,9.3,9.6,9.7,9.7,9.8,9.6,9.8,9.9,10.1,10.1,10.3,10.5,10.4
083029,9.2,9.2,9.3,9.3,9.3,9.2,9.7,9.9,9.8,10.3,10.2,10.3,10.7,10.3,10.1,10.8,11.0,10.8,11.1,10.9,11.2,11.2,11.4,11.6,11.1
083030,8.1,8.5,8.5,8.5,8.3,8.5,8.6,8.7,8.9,9.1,9.1,8.8,9.1,9.1,9.2,9.3,9.0,9.2,8.9,9.1,9.4,9.2,9.2,9.3,9.4
083031,9.5,9.9,9.7,9.9,10.0,10.0,10.2,10.0,10.3,10.4,11.2,11.1,10.9,11.1,10.7,11.3,11.3,11.4,11.5,11.4,11.8,11.5,11.7,11.8,12.0
083032,7.8,7.8,7.9,7.9,8.0,8.4,8.4,8.1,8.6,8.9,9.1,9.2,9.1,9.2,9.4,9.6,9.3,9.7,9.8,9.8,10.6,10.2,10.4,10.6,10.6
083033,7.2,7.0,7.3,7.4,7.3,7.4,7.5,7.5,7.5,7.9,7.9,7.7,7.9,7.8,8.1,8.0,8.1,8.0,8.1,8.0,8.5,8.3,8.3,8.3,8.0
083034,8.1,7.7,8.2,8.1,8.1,8.1,8.0,8.5,8.2,8.5,8.4,8.6,8.5,8.5,8.6,8.5,8.6,8.7,8.6,8.6,8.9,8.8,8.7,8.7,8.9
083035,9.3,9.0,9.5,9.2,9.4,9.7,9.9,9.8,9.9,10.3,10.3,10.7,10.8,10.4,10.9,11.3,11.2,11.2,11.5,11.3,11.9,11.7,11.7,11.9,11.8
083036,8.3,8.3,8.3,8.3,8.6,8.5,8.4,8.6,8.7,8.8,8.8,8.9,9.2,9.1,9.1,9.1,9.4,9.2,9.3,9.5,9.6,9.4,9.3,9.5,9.4
083037,8.5,8.4,8.7,8.7,8.5,8.7,9.0,9.0,9.3,9.5,9.4,9.4,9.8,9.8,9.9,10.2,10.3,10.2,10.3,10.1,10.7,10.4,11.1,10.4,11.0
083038,8.3,8.4,8.4,8.2,8.5,8.4,8.4,8.4,8.7,8.9,8.9,9.0,8.9,9.0,9.2,9.1,9.2,9.5,9.4,9.2,9.9,9.5,9.3,9.5,9.6
083039,8.7,9.0,9.4,9.3,9.4,9.2,9.7,9.4,9.7,9.9,10.2,10.3,10.2,10.4,10.4,10.3,10.9,10.7,10.7,11.1,11.1,11.2,11.0,11.2,11.3
083040,9.0,9.3,8.9,9.1,9.5,9.5,9.4,9.7,9.6,10.0,10.0,10.3,10.3,10.2,10.5,10.7,10.7,11.1,11.0,11.2,11.2,11.1,11.3,11.8,11.5
083041,7.3,7.4,7.5,7.3,7.5,7.6,7.6,7.6,7.8,7.8,8.0,8.1,8.3,8.1,8.3,8.4,8.6,8.0,8.6,8.7,8.5,8.8,8.6,8.8,8.8
083042,8.3,8.6,8.3,8.4,8.5,8.5,8.3,8.5,8.5,8.8,8.5,8.7,8.7,8.9,9.0,8.8,8.9,8.9,8.8,8.7,9.1,9.0,8.8,9.2,8.6
083043,9.0,9.0,9.5,9.3,9.3,9.3,9.5,9.6,9.6,9.9,9.5,9.7,9.9,10.1,9.9,9.9,10.0,9.9,10.1,10.0,10.1,10.2,10.2,10.4,10.3
083044,9.1,8.9,9.1,9.2,9.3,9.6,9.3,9.6,9.8,10.1,9.9,10.5,10.3,10.1,10.2,10.4,10.4,10.6,10.4,10.5,10.8,11.1,10.9,11.1,11.0
083045,8.3,8.4,8.3,8.9,8.6,8.9,8.7,8.8,9.0,9.2,9.6,9.8,9.4,9.6,9.9,10.0,10.1,10.6,10.2,10.4,10.4,10.3,10.7,10.5,10.8
083046,7.8,7.8,7.8,8.0,7.7,7.9,7.9,8.0,8.0,8.1,8.3,8.0,8.1,8.2,8.2,8.1,8.3,8.3,8.4,8.3,8.5,7.9,8.0,7.9,8.2
083047,6.7,6.7,6.9,6.9,6.9,7.0,6.9,7.0,7.2,7.3,7.4,7.3,7.3,7.4,7.4,7.6,7.4,7.3,7.6,7.5,8.2,7.5,7.5,7.7,7.6
083048,11.1,11.5,11.3,11.3,11.4,10.8,11.5,11.4,11.6,11.9,11.7,11.8,12.0,11.7,12.2,12.1,12.3,12.4,12.3,12.6,12.8,12.6,12.3,12.7,12.7
083049,7.9,7.5,7.9,7.9,8.1,8.1,8.1,8.4,8.5,8.5,8.7,8.8,9.0,8.9,9.1,9.1,9.2,9.6,9.5,9.4,9.9,9.8,9.9,9.7,9.7
083050,7.9,7.7,7.6,8.0,7.9,8.0,8.1,8.2,8.3,8.3,8.7,8.5,8.6,8.9,8.9,8.9,9.1,9.1,9.1,9.0,9.7,9.5,9.4,9.4,9.6
083051,7.2,7.4,7.3,7.4,7.4,7.4,7.4,7.4,7.5,7.8,7.9,7.8,8.0,8.0,8.1,8.5,8.0,8.2,8.2,8.1,8.6,8.6,8.7,8.4,8.7
083052,8.3,8.3,8.4,8.3,8.6,8.6,8.7,9.1,8.9,8.9,9.4,9.4,9.2,9.6,9.6,9.5,9.6,9.9,9.9,9.8,10.3,10.6,10.2,10.5,10.4
083053,8.2,8.1,8.5,8.4,8.3,8.5,8.7,8.6,8.5,8.8,9.1,9.1,9.4,8.9,9.1,9.2,9.5,9.5,9.6,9.5,9.7,9.9,9.9,9.8,9.8
083054,8.4,8.4,8.3,8.2,8.6,8.6,8.8,8.7,8.9,9.1,9.1,9.4,9.2,9.1,9.6,9.4,9.6,9.6,9.4,9.8,9.8,9.9,9.5,9.6,10.2
083055,7.9,8.3,8.5,8.6,8.6,9.1,8.9,9.0,8.8,9.3,9.5,9.6,9.4,9.8,10.1,9.7,10.1,10.5,10.1,10.3,10.6,10.5,10.8,10.7,11.1
083056,10.4,10.6,10.8,11.1,11.1,11.0,11.4,11.4,12.1,12.5,12.1,12.6,12.4,12.5,12.8,13.2,13.1,13.5,13.1,13.6,14.1,13.8,14.3,14.0,14.1
083057,8.3,8.6,8.6,8.7,8.6,8.8,8.8,8.9,9.0,9.5,9.5,9.7,9.6,9.9,9.8,10.0,10.1,10.2,10.3,10.4,10.7,10.4,10.5,11.0,10.9
083058,9.6,10.0,9.9,9.9,9.8,9.8,10.0,10.2,10.3,10.5,11.0,10.8,11.2,11.0,11.2,11.5,11.3,11.3,11.8,11.6,12.3,11.5,12.2,12.0,12.2
083059,8.4,8.5,8.4,8.5,8.7,8.8,9.0,8.6,8.8,8.9,9.3,9.2,9.3,9.6,9.4,9.5,9.9,10.1,9.7,10.0,10.3,10.3,10.2,10.1,10.6
083060,8.6,8.4,8.5,8.7,8.8,8.6,8.7,8.8,8.9,9.2,9.0,9.0,9.2,9.2,9.3,9.3,9.4,9.2,9.5,9.3,9.5,9.2,9.6,9.5,9.7
083061,7.5,7.7,7.9,7.7,7.7,7.9,8.0,7.9,7.9,8.3,8.6,8.7,8.7,8.5,8.8,8.6,8.8,8.7,9.0,9.1,9.4,9.2,9.2,9.2,9.4
083062,8.5,8.7,8.6,8.7,8.7,9.0,8.9,9.3,9.4,9.4,9.6,9.7,9.8,9.7,10.0,9.7,9.7,10.1,10.1,10.0,10.3,10.5,10.6,10.3,10.6
083063,9.0,8.9,9.3,9.3,9.3,9.7,9.4,9.5,9.7,10.1,10.1,10.0,10.1,10.1,10.0,10.5,10.6,10.3,10.8,10.5,10.9,10.9,10.6,10.8,10.9
083064,8.3,8.3,8.5,8.4,8.4,8.7,8.8,8.9,8.7,9.0,9.3,9.1,9.2,9.5,9.6,9.7,9.4,9.6,9.7,10.0,10.1,10.1,10.0,10.2,10.2
083065,9.2,9.1,9.5,9.2,9.1,9.3,9.2,9.3,9.3,9.5,9.9,9.7,10.2,9.9,9.9,10.1,10.1,9.7,10.1,10.5,10.6,10.1,10.1,10.0,10.5
083066,9.8,10.0,10.3,10.6,10.4,10.8,10.9,10.7,10.7,11.3,11.6,11.5,11.3,11.3,11.6,11.7,12.0,11.9,12.0,12.1,12.9,12.8,12.3,12.7,12.2
083067,9.0,8.7,8.9,8.9,9.1,9.1,9.0,9.1,9.3,9.5,9.6,9.8,9.9,9.7,9.9,10.1,9.9,10.1,10.2,10.3,10.4,10.3,10.2,10.4,10.6
083068,8.7,8.5,8.5,8.9,8.5,9.0,8.8,8.9,9.1,9.5,9.4,9.5,9.4,9.9,9.7,9.6,10.0,9.7,9.4,10.0,10.3,10.3,9.9,10.4,10.2
083069,8.7,9.0,9.0,9.0,9.1,9.0,9.2,9.2,9.3,9.4,9.4,9.4,9.7,9.7,9.7,9.5,9.8,9.7,10.0,10.0,10.2,9.8,9.9,10.0,10.2
083070,7.9,7.9,7.8,8.1,8.0,8.0,8.2,8.2,8.3,8.4,8.6,8.8,8.8,8.8,8.9,9.0,9.3,9.1,9.2,8.8,9.5,9.1,9.3,9.6,9.6
083071,9.5,9.3,9.6,9.1,9.6,9.6,9.5,9.5,9.5,10.2,9.9,10.1,9.7,10.2,10.4,10.2,10.1,9.8,10.3,10.5,10.7,10.3,10.5,10.2,10.7
083072,9.1,9.2,9.1,9.2,9.1,9.2,9.6,9.5,9.6,9.8,10.1,10.0,10.3,10.1,10.3,10.2,10.5,10.5,10.5,10.4,10.8,11.0,11.3,10.8,11.4
083073,6.6,6.7,6.6,6.7,6.8,6.8,6.8,6.9,6.8,7.2,7.3,7.3,7.3,7.4,7.3,7.5,7.7,7.6,7.8,7.5,8.0,8.1,7.8,8.0,8.3
083074,8.2,8.0,8.0,7.9,8.1,8.1,8.2,8.3,8.0,8.4,8.4,8.5,8.7,8.5,8.7,8.8,8.8,9.0,9.0,8.6,9.4,9.2,9.2,9.2,9.3
083075,9.8,9.6,10.0,9.8,10.2,10.1,10.5,10.2,10.4,10.8,11.0,11.2,11.3,11.2,11.1,11.1,11.6,11.5,11.7,11.9,12.3,12.4,12.1,12.2,12.5
083076,9.4,9.4,9.7,9.2,9.4,9.6,9.8,10.0,9.6,10.3,9.9,10.0,10.3,9.8,10.0,10.2,10.2,10.2,10.4,10.1,10.4,10.2,10.3,10.5,10.3
083077,10.1,9.8,9.8,9.4,9.8,9.8,9.7,9.9,10.1,10.5,10.4,10.2,10.4,10.2,10.3,10.3,10.8,10.6,10.5,10.6,10.9,10.8,11.1,11.3,10.7
083078,8.4,8.7,8.7,8.7,8.9,8.6,8.8,8.9,8.8,9.2,9.2,9.2,9.5,9.4,9.1,9.3,9.4,9.5,9.6,9.4,10.0,9.5,9.8,10.0,9.9
083079,9.3,8.9,9.1,9.4,9.2,9.5,9.6,9.6,9.6,9.9,9.7,10.3,10.3,10.1,10.4,10.4,10.4,10.5,10.3,10.8,11.4,11.2,10.6,10.9,10.9
083080,9.1,9.2,9.0,9.3,9.3,9.3,9.1,9.5,9.3,9.9,10.0,9.8,9.9,10.0,9.5,10.0,10.1,9.7,10.0,10.0,10.6,10.4,9.9,10.0,10.4
083081,8.4,8.7,8.7,8.9,9.1,9.1,9.0,9.0,9.1,9.4,9.9,9.7,9.6,10.0,9.8,10.2,10.0,10.2,10.0,10.4,10.8,10.7,10.8,10.8,11.1
083082,9.8,9.8,10.1,9.7,10.1,9.8,9.9,9.9,9.9,10.6,10.4,10.6,10.6,10.5,10.7,10.7,11.2,10.6,10.4,10.7,11.1,10.7,10.7,10.7,11.0
083083,8.3,8.4,8.5,8.4,8.6,8.6,8.8,8.5,8.6,9.3,9.4,8.9,9.3,9.3,9.6,9.5,9.5,9.6,9.9,9.9,10.0,9.8,10.1,9.9,10.0
083084,9.2,10.0,9.7,9.5,9.7,9.9,9.6,10.2,10.0,10.5,10.6,10.7,10.5,10.4,10.5,10.6,11.0,10.9,10.8,10.7,11.2,11.2,11.0,10.9,11.2
083085,7.9,8.1,7.9,8.3,8.5,8.5,8.6,8.7,8.8,8.9,9.1,9.1,9.2,9.5,9.3,9.5,9.8,9.8,9.9,9.9,10.2,10.3,10.4,10.5,10.5
083086,8.6,8.4,8.8,8.9,8.7,9.2,8.9,9.3,9.3,9.5,9.8,10.2,10.2,10.1,10.5,10.3,10.8,10.6,10.5,11.0,11.5,11.5,11.1,11.1,11.8
083087,8.3,8.4,8.4,8.5,8.7,8.6,8.7,9.0,8.6,9.2,9.6,9.3,9.5,9.4,9.8,9.6,9.8,9.8,10.2,10.0,10.1,10.5,10.6,10.6,10.6
083088,8.6,8.3,8.5,8.6,8.4,8.7,8.8,9.0,9.1,9.1,9.4,9.3,9.6,9.2,9.4,9.3,9.5,9.8,9.4,9.8,9.9,9.9,9.8,10.0,10.2
083089,9.1,9.2,9.3,9.3,9.0,9.7,9.4,9.6,9.5,9.7,9.7,9.9,10.0,9.9,10.2,10.0,10.1,10.4,10.2,10.6,10.8,10.6,10.4,10.4,10.7
083090,7.6,7.7,7.6,7.8,7.8,7.8,7.9,7.8,8.2,8.2,8.4,8.5,8.5,8.8,8.8,8.7,8.7,9.0,8.9,9.1,9.3,9.3,9.4,9.5,9.7
083091,8.5,8.5,8.4,8.4,8.5,8.4,8.7,8.6,8.5,8.7,8.9,8.6,8.9,8.6,8.8,8.7,8.8,8.9,8.8,8.8,8.9,8.7,8.6,9.0,8.7
083092,7.8,7.9,7.8,7.7,8.2,8.0,7.9,7.9,8.3,8.4,8.3,8.3,8.5,8.5,8.4,8.4,8.4,8.5,8.9,8.8,8.9,8.8,8.8,8.6,8.9
083093,9.3,9.3,9.3,9.3,9.4,9.3,9.6,9.8,9.9,9.9,9.9,9.9,10.1,10.1,10.4,10.2,10.2,10.2,10.3,10.4,10.6,10.5,10.4,10.8,10.5
083094,8.3,8.6,8.6,8.7,8.6,8.7,9.2,8.9,9.5,9.5,9.5,10.1,10.1,10.1,10.3,10.4,10.3,10.9,10.4,10.6,11.4,11.5,11.4,11.7,11.8
083095,9.6,9.7,9.9,10.0,10.4,10.2,10.4,10.5,10.7,10.9,11.2,11.3,11.3,11.8,11.6,12.0,11.8,11.6,12.0,12.0,13.0,12.4,12.7,12.8,12.8
083096,8.8,8.7,8.8,8.9,9.0,8.9,9.1,8.8,8.7,9.7,9.3,9.5,9.8,9.6,9.9,10.0,9.9,10.1,10.1,10.2,10.6,10.3,10.4,10.4,10.3
083097,9.3,9.5,9.4,9.7,9.5,9.3,9.8,9.9,10.1,10.4,10.3,10.4,10.2,11.0,10.4,10.8,10.9,10.9,11.3,11.4,12.0,11.7,11.4,11.3,11.5
083098,9.2,9.4,9.6,9.6,9.7,9.5,9.6,9.8,9.8,10.0,10.4,10.7,10.6,10.4,10.5,10.6,10.6,10.6,10.7,10.9,11.2,11.0,11.1,11.1,11.7
083099,8.7,8.8,8.7,8.6,8.7,9.1,9.1,9.0,8.9,9.3,9.4,9.5,9.6,9.4,9.8,9.5,9.9,9.8,9.6,9.9,9.9,9.8,10.2,9.9,9.5
083100,8.4,8.6,8.7,8.7,8.9,8.9,9.1,8.9,8.8,9.3,9.4,9.4,9.8,9.7,9.7,10.0,9.9,9.9,9.7,10.0,10.5,10.0,10.7,10.2,10.5
083101,8.4,8.8,8.5,9.0,8.7,8.8,8.8,8.9,9.3,9.8,10.0,9.8,10.1,10.0,10.3,10.7,10.5,10.5,10.8,10.9,11.2,11.2,10.7,11.4,11.3
083102,8.5,8.4,8.4,8.8,8.9,9.0,9.2,9.1,8.9,9.7,9.4,9.5,9.8,9.6,9.8,9.7,9.9,10.3,10.2,10.1,10.5,10.1,10.2,10.6,10.4
083103,7.7,7.6,7.6,7.7,7.8,8.0,8.2,8.2,8.2,8.7,8.5,8.6,8.8,8.9,9.2,9.1,9.1,9.3,9.4,9.0,9.5,9.7,9.9,9.9,10.0
083104,9.1,9.3,9.3,9.2,9.3,9.2,9.3,9.1,9.6,9.5,9.9,9.9,9.9,10.3,10.0,10.1,10.0,10.2,10.0,10.3,10.3,10.2,10.6,10.3,10.3
083105,8.0,8.4,8.3,8.5,8.4,8.5,8.5,8.6,8.7,8.9,9.2,9.0,9.3,9.3,9.2,9.1,9.5,9.8,9.6,9.7,10.2,9.7,9.9,9.7,10.2
083106,8.3,8.1,8.1,8.1,7.8,8.2,8.2,8.0,8.2,8.3,8.5,8.5,8.5,8.6,8.4,8.5,8.7,8.6,8.5,8.8,8.5,8.6,8.8,8.9,8.8
083107,9.2,9.3,9.3,9.4,9.1,9.2,9.6,9.2,9.2,9.9,9.5,9.7,9.8,9.7,9.7,9.7,9.8,10.0,9.8,9.6,9.9,10.0,9.8,10.0,10.3
083108,8.0,8.2,8.4,8.2,8.4,8.3,8.3,8.6,8.8,9.1,9.1,9.3,9.2,9.5,9.7,9.7,9.9,10.0,10.1,10.3,10.5,9.9,10.4,10.6,10.6
084001,8.1,8.3,8.4,8.6,8.2,8.6,8.7,8.7,8.7,9.2,9.1,9.1,9.2,9.3,9.1,9.1,9.2,9.8,9.3,9.8,10.2,9.9,10.2,9.7,10.3
084002,7.5,7.8,7.4,7.7,7.7,7.6,7.8,7.8,7.9,8.0,8.1,8.2,8.2,8.4,8.2,8.4,8.0,8.2,8.6,8.5,8.3,8.5,8.4,8.4,8.7
084003,8.0,8.3,8.4,8.2,8.5,8.5,8.6,8.7,8.9,9.3,9.2,9.3,9.3,9.2,9.8,9.9,9.8,10.1,9.9,10.1,10.8,10.4,10.5,10.5,10.5
084004,8.6,8.8,8.4,8.7,8.6,8.7,9.0,8.9,9.1,9.2,9.1,9.5,9.4,9.1,9.5,9.6,9.7,9.4,9.4,9.5,9.9,9.8,9.7,9.7,9.7
084005,9.6,9.2,9.4,9.6,9.2,9.5,9.7,9.8,9.6,10.0,9.9,9.9,10.2,9.9,10.1,10.0,10.2,10.2,10.2,10.4,10.7,10.3,10.4,10.3,10.6
084006,8.2,8.6,8.4,8.4,8.4,8.6,8.5,8.5,8.7,8.8,9.0,8.8,9.2,9.2,9.0,9.4,9.0,9.4,9.4,9.3,9.5,9.4,9.8,9.4,9.8
084007,9.8,9.8,9.7,9.8,9.9,10.0,10.2,10.6,10.3,10.6,11.3,11.0,11.1,11.5,11.5,11.2,11.5,11.6,11.5,12.2,12.2,11.9,12.1,11.6,12.3
084008,7.7,7.7,7.8,8.0,8.1,8.1,8.1,8.2,8.3,8.4,8.7,8.9,8.4,9.1,8.8,9.2,9.2,9.3,8.9,9.5,9.8,9.5,9.6,9.6,9.9
084009,6.9,6.9,6.8,6.9,6.9,7.0,7.1,6.9,7.1,7.2,7.4,7.6,7.5,7.5,7.3,7.6,7.8,7.7,7.7,7.7,8.1,7.9,7.9,7.9,7.8
084010,8.5,8.5,8.4,8.4,8.8,8.7,8.3,8.8,8.7,8.8,8.9,9.1,8.9,9.3,9.1,9.4,9.5,9.3,9.7,9.2,9.7,9.5,9.6,9.9,9.6
084011,7.7,7.4,7.7,7.6,7.7,7.6,7.9,8.0,8.2,8.4,8.4,8.4,8.4,8.4,8.3,8.4,8.7,8.6,8.5,8.6,8.8,8.8,8.6,8.7,8.7
084012,8.0,8.0,8.2,8.4,8.5,8.4,8.3,8.4,8.3,8.6,8.7,8.7,8.6,8.7,9.0,8.8,8.5,9.0,9.1,9.0,9.3,9.1,8.9,9.2,9.2
084013,7.4,7.5,7.4,7.6,7.5,7.5,7.7,7.5,7.5,7.9,7.9,7.9,7.9,7.9,7.9,8.0,8.0,8.0,7.9,8.0,8.2,8.4,8.2,8.4,8.4
084014,9.4,9.4,9.6,9.5,9.6,9.5,9.5,9.6,9.7,10.4,10.0,10.3,10.3,10.0,10.4,10.3,10.4,10.4,10.4,10.4,10.8,10.4,10.5,10.6,10.6
084015,8.6,8.7,9.0,9.2,8.8,8.8,9.0,8.9,9.1,9.4,9.3,9.2,9.4,9.5,9.6,9.8,9.4,9.5,9.9,9.9,9.8,9.9,9.9,9.9,10.1
084016,8.1,8.1,8.2,8.1,8.3,8.4,8.2,8.5,8.3,8.7,8.6,8.6,8.7,8.9,8.9,8.8,8.7,8.8,9.0,9.1,9.1,8.9,9.2,8.9,9.2
084017,7.4,7.3,7.2,7.4,7.6,7.6,7.6,7.7,7.6,7.8,8.1,8.0,8.1,8.0,8.2,8.3,8.2,8.2,8.3,8.4,8.5,8.2,8.5,8.8,8.6
084018,7.3,7.2,7.3,7.3,7.2,7.2,7.4,7.4,7.4,7.4,7.7,7.6,7.5,7.7,7.6,7.5,7.4,7.4,7.6,7.4,7.6,7.5,7.3,7.5,7.4
084019,8.7,8.9,9.3,9.1,9.1,9.4,9.3,9.3,9.1,9.8,9.7,9.5,9.8,9.7,10.1,9.7,10.3,10.3,10.3,10.3,10.3,10.3,10.3,10.4,10.6
084020,8.0,8.2,8.1,7.9,8.3,8.3,8.3,8.2,8.4,8.7,8.6,8.5,8.8,8.6,8.8,8.9,9.0,9.1,9.3,9.2,9.4,9.4,9.2,9.5,9.2
084021,7.2,7.3,7.4,7.6,7.4,7.6,7.6,7.6,7.7,8.1,8.0,8.0,8.3,8.4,8.1,8.4,8.7,8.6,8.5,9.2,9.1,8.9,9.2,9.2,9.0
084022,8.5,8.6,8.4,8.6,9.0,8.9,8.8,9.0,8.9,9.3,9.2,9.4,9.5,9.6,9.5,9.7,10.3,9.8,9.8,9.8,10.3,10.3,10.1,10.1,10.3
084023,9.2,9.4,9.6,9.8,9.6,9.5,9.6,9.7,9.8,10.4,10.1,10.6,10.5,10.6,10.8,10.7,10.7,10.8,10.7,10.8,11.1,11.2,11.2,11.2,11.3
084024,8.9,8.8,9.0,8.9,9.1,9.2,9.3,9.2,9.6,9.7,10.0,9.6,10.3,10.3,10.2,10.2,10.4,10.5,10.5,10.8,10.8,11.1,11.2,11.0,10.9
084025,8.9,8.9,9.1,9.1,9.2,9.4,9.7,9.5,9.8,10.4,10.5,10.6,10.6,10.7,10.8,10.9,11.2,11.3,11.7,11.7,12.0,12.2,12.5,12.4,12.4
084026,8.5,8.6,8.6,8.6,8.5,8.6,8.6,8.8,8.6,9.1,9.2,9.0,9.3,9.2,9.2,9.1,9.4,9.4,9.3,9.4,9.7,9.6,9.5,9.6,9.5
084027,9.0,9.1,9.1,9.1,9.3,9.2,9.4,9.4,9.3,9.8,9.5,9.7,9.8,10.0,9.9,9.7,10.0,10.0,10.3,10.2,10.3,10.1,10.2,10.5,10.5
084028,9.3,9.9,9.6,9.9,9.8,9.7,9.8,10.3,9.7,10.2,10.3,10.1,10.5,10.2,10.6,10.4,10.6,10.6,10.6,10.8,10.7,10.4,10.7,10.5,10.7
084029,7.3,7.5,7.7,7.6,7.6,7.5,7.7,7.8,7.5,8.1,8.1,7.8,8.4,8.2,8.2,8.1,8.4,8.1,8.1,8.4,8.6,8.3,8.2,8.6,8.5
084030,8.6,8.5,8.7,8.6,8.8,8.8,9.0,9.4,9.2,9.5,9.5,9.8,9.7,9.7,9.8,9.9,9.9,10.1,9.9,10.0,10.4,10.7,10.5,10.5,10.7
084031,9.5,9.7,9.6,9.6,9.8,9.5,9.5,9.7,9.4,10.1,9.8,10.1,10.2,10.0,10.2,10.2,10.3,10.1,9.9,10.1,10.5,10.4,10.2,10.0,10.3
084032,8.1,8.1,8.1,8.1,8.2,8.3,8.4,8.6,8.5,8.9,8.8,9.0,9.2,9.1,9.2,9.2,9.2,9.2,9.3,9.2,9.7,9.4,9.6,9.7,9.7
084033,8.5,8.6,8.8,8.8,8.7,8.9,9.0,8.9,8.8,9.3,9.5,9.4,9.7,9.7,9.8,9.7,9.7,10.0,10.3,9.9,10.4,10.7,10.1,10.4,10.4
084034,8.9,9.3,9.4,9.6,9.4,9.5,9.6,9.8,9.5,9.8,10.0,10.2,10.4,10.2,10.4,10.4,10.4,10.6,10.4,10.3,10.8,10.8,10.7,11.0,10.8
084035,9.1,9.2,8.9,9.2,9.3,9.5,9.3,9.5,9.6,10.2,10.4,10.3,10.3,10.5,10.4,10.7,10.7,10.6,10.7,11.2,11.5,11.4,11.2,11.2,11.3
084036,8.6,8.5,8.6,8.6,8.5,8.5,8.5,8.5,8.6,8.9,8.5,8.9,8.8,9.0,8.8,8.8,8.9,9.0,9.1,8.7,8.9,8.9,8.8,8.8,8.9
084037,8.8,9.2,9.1,9.1,9.2,9.6,9.8,9.7,9.8,10.3,10.2,10.6,10.5,10.7,10.9,10.9,10.9,11.3,11.5,11.6,11.8,11.5,12.5,12.1,12.3
084038,8.4,8.1,8.4,8.6,8.4,8.6,8.6,8.6,8.7,9.0,9.0,8.9,8.8,9.2,9.3,9.2,9.2,9.5,9.4,9.5,10.0,9.4,9.4,9.8,9.5
084039,10.8,10.6,10.9,10.9,10.8,11.3,11.3,11.0,11.6,11.7,12.2,11.9,11.8,12.1,12.5,12.3,12.5,12.2,12.5,12.4,12.9,12.7,12.9,13.2,13.2
084040,7.9,8.4,8.0,8.1,8.2,8.3,8.2,8.2,8.3,8.5,8.6,8.6,8.5,8.7,8.6,8.7,8.9,8.7,8.7,8.8,8.8,8.8,9.0,9.0,9.1
084041,6.6,6.8,6.8,6.7,6.8,6.6,6.9,6.9,6.9,7.1,7.3,7.4,7.4,7.2,7.2,7.2,7.4,7.3,7.5,7.3,7.7,7.4,7.4,7.6,7.5
084042,7.6,7.4,7.8,7.4,7.7,7.8,7.8,8.0,8.0,8.4,8.5,8.6,8.6,8.8,8.6,9.0,8.8,8.8,8.8,9.0,9.4,9.5,9.2,9.4,9.4
084043,9.1,9.2,9.5,9.3,9.3,9.3,9.4,9.6,9.7,10.1,10.1,10.1,10.2,10.2,10.2,10.2,10.4,10.6,11.0,10.8,11.0,11.0,11.1,10.8,10.8
085001,9.5,9.3,9.4,9.4,9.5,9.7,9.8,9.7,9.7,9.9,10.0,10.3,10.4,10.3,10.7,10.8,10.8,10.8,10.9,10.8,11.3,10.9,11.2,11.5,11.3
085002,10.2,10.4,10.4,10.3,10.5,10.5,10.9,10.6,10.7,11.0,11.1,11.4,11.3,12.1,11.8,11.3,11.3,11.2,11.7,11.8,12.3,12.0,11.7,11.8,12.1
085003,7.7,7.8,7.6,7.9,7.9,7.9,8.1,8.1,8.2,8.5,8.5,8.5,8.6,8.6,8.8,8.8,8.9,8.9,9.1,9.1,9.4,9.4,9.1,9.0,8.9
085004,8.4,8.6,8.6,8.8,8.7,8.9,8.8,8.8,8.9,9.0,9.1,9.2,9.1,9.3,9.1,9.3,9.5,9.8,9.5,9.6,10.0,9.7,9.5,9.6,9.7
085005,8.5,8.4,8.5,8.7,8.3,8.4,8.6,8.6,8.5,8.8,8.9,9.1,9.4,9.3,9.2,9.2,9.4,9.5,9.1,9.3,10.0,9.4,10.1,9.8,10.1
085006,8.3,8.4,8.4,8.4,8.3,8.5,8.3,8.6,8.4,8.6,8.6,8.9,8.8,9.0,9.1,8.9,9.0,8.9,9.1,9.1,9.2,9.3,9.3,9.1,9.1
085007,8.6,8.6,8.4,8.7,8.9,8.6,8.8,8.8,8.7,9.2,8.8,8.9,8.7,9.0,9.0,8.9,9.0,9.1,8.9,8.7,9.2,9.0,8.8,9.1,9.0
085008,9.4,9.6,9.9,9.8,10.1,10.2,9.9,10.2,10.3,10.9,10.8,10.8,11.1,11.0,11.4,11.4,11.5,11.8,12.2,12.0,12.2,12.6,12.5,12.2,12.5
085009,8.4,8.4,8.3,8.4,8.3,8.5,8.4,8.5,8.7,8.9,8.7,8.7,8.9,8.9,8.8,8.8,8.7,8.6,8.8,8.9,9.1,8.9,9.1,8.9,9.1
085010,7.5,7.4,7.5,7.7,7.8,7.8,8.1,7.8,7.8,8.5,8.4,8.3,8.4,8.5,8.4,8.6,8.7,8.8,8.9,9.2,9.3,9.0,9.4,9.3,9.5
085011,9.0,8.7,8.7,8.9,9.1,8.9,9.0,9.1,9.1,9.5,9.5,9.5,9.7,9.7,9.7,9.8,9.7,10.0,10.1,9.7,10.2,10.1,9.6,10.2,10.2
085012,7.5,7.6,7.7,7.7,7.8,7.9,8.1,8.2,8.2,8.4,8.5,8.8,8.8,8.9,8.9,8.6,8.9,9.0,9.1,9.3,9.4,9.5,9.8,9.3,9.8
085013,9.1,9.1,9.3,9.2,9.1,9.5,9.3,9.5,9.6,9.7,9.9,10.1,10.0,10.1,10.3,9.9,10.4,10.4,10.6,10.6,10.7,10.6,10.3,10.6,10.8
085014,10.0,9.8,9.9,10.2,10.2,10.3,10.3,10.4,10.5,10.8,10.9,11.1,11.1,10.8,11.5,11.4,11.7,11.7,11.7,11.8,12.4,12.2,12.3,11.6,12.3
085015,8.8,8.9,8.8,8.9,9.1,9.0,8.9,8.9,8.9,9.1,8.9,9.2,9.1,9.2,9.3,9.4,8.9,9.4,9.3,9.1,9.5,9.4,9.1,9.2,9.1
085016,7.6,7.5,7.7,7.8,7.7,7.8,7.8,7.7,7.9,8.3,8.2,8.2,8.2,8.4,8.0,8.2,8.3,8.2,8.3,8.3,8.3,8.5,8.6,8.5,8.6
085017,7.9,8.1,8.3,8.0,8.1,8.5,8.5,8.2,8.7,8.5,8.7,8.6,8.9,9.0,8.9,9.1,9.0,9.3,9.1,9.2,9.5,9.3,9.5,9.5,9.4
085018,10.9,11.3,10.8,11.1,11.2,11.2,11.1,11.5,11.3,11.4,11.7,11.8,11.7,12.1,12.2,12.5,12.2,12.7,12.3,12.0,12.7,12.5,12.3,12.6,12.6
085019,10.3,10.0,10.2,9.8,10.3,10.3,10.0,10.2,10.3,10.7,10.7,10.5,10.7,10.3,10.6,10.8,10.6,10.9,10.7,10.8,11.2,11.0,11.0,10.8,10.9
085020,7.2,7.2,7.3,7.1,7.3,7.2,7.1,7.2,7.3,7.5,7.5,7.4,7.3,7.5,7.6,7.5,7.6,7.6,7.5,7.6,7.6,7.5,7.6,7.6,7.5
085021,9.6,9.6,9.6,9.5,9.7,9.7,9.7,9.7,9.8,9.8,10.1,10.3,10.2,10.4,10.2,10.2,10.4,10.2,10.7,10.6,10.8,10.2,10.6,10.4,10.9
085022,7.8,8.0,8.2,8.2,8.2,8.2,8.3,8.6,8.3,8.8,8.7,8.7,8.9,8.8,9.3,9.1,9.2,9.1,9.4,9.4,9.6,9.2,9.5,9.6,9.8
086001,8.6,8.7,8.9,8.8,8.6,8.9,8.9,9.0,8.8,9.2,9.5,8.9,9.2,9.1,9.1,9.2,9.2,9.4,9.3,9.3,9.6,9.3,9.4,9.5,9.5
086002,8.6,8.7,8.9,8.7,9.0,9.2,9.1,9.1,9.0,9.5,9.7,9.5,9.4,9.7,9.4,9.4,9.8,9.9,10.0,9.8,10.0,9.9,10.5,10.1,10.2
086003,9.4,9.4,9.5,9.6,9.7,9.5,9.6,10.3,9.7,9.8,10.4,10.3,10.4,10.2,10.7,10.9,10.6,10.7,10.9,10.6,11.2,11.0,10.9,11.0,11.1
086004,8.1,8.5,8.4,8.7,8.7,8.6,8.9,8.9,9.2,9.4,9.3,9.5,9.5,9.4,10.1,9.7,9.9,9.9,10.0,9.9,10.7,10.5,10.5,10.5,10.3
086005,6.8,6.8,6.9,7.0,7.1,6.9,7.1,7.1,7.0,7.2,7.3,7.4,7.3,7.4,7.4,7.6,7.5,7.5,7.4,7.5,7.9,7.6,7.6,7.6,7.7
086006,9.0,9.0,8.9,9.0,9.2,9.0,9.3,9.2,9.2,9.3,9.4,9.0,9.4,9.5,9.3,9.3,9.4,9.6,9.3,9.4,9.8,9.5,9.4,9.3,9.4
086007,9.4,9.5,9.7,9.6,9.5,9.4,9.9,9.5,10.1,10.4,10.5,11.0,11.0,10.7,10.7,10.8,10.9,11.3,11.3,11.2,11.4,11.3,11.5,11.7,11.7
086008,7.2,7.5,7.3,7.4,7.2,7.5,7.6,7.3,7.4,7.7,7.6,7.7,7.6,7.7,7.9,7.7,7.7,7.7,7.4,7.7,7.5,7.6,7.7,7.6,7.8
086009,10.4,10.4,10.2,10.0,10.2,10.3,10.6,10.5,10.6,11.3,11.2,11.6,11.1,11.3,11.2,11.4,11.3,11.6,11.9,11.6,12.6,11.8,11.5,11.8,11.8
086010,8.7,9.2,9.0,9.3,9.1,9.4,9.6,9.6,9.8,10.2,10.1,10.3,10.8,11.0,10.6,10.8,11.2,11.1,11.3,11.5,11.4,11.7,11.8,11.8,12.3
086011,9.3,9.6,9.4,9.4,9.6,9.7,9.5,9.5,9.6,9.7,10.0,10.0,9.8,10.1,10.0,9.8,10.1,10.4,10.0,10.2,10.4,10.0,10.3,10.3,10.2
086012,8.2,8.4,8.5,8.3,8.5,8.8,8.4,8.6,8.7,9.0,9.1,9.0,9.5,9.3,9.5,9.1,9.3,9.5,9.6,9.5,9.9,9.8,9.4,9.9,9.7
086013,7.5,7.7,8.0,7.7,8.0,8.0,8.0,7.9,7.9,8.3,8.3,8.4,8.5,8.5,8.5,8.5,8.8,8.7,8.5,9.0,8.9,9.0,8.9,8.8,9.2
086014,9.5,9.2,9.2,9.1,9.5,9.3,9.5,9.6,9.5,10.0,10.0,10.0,10.2,10.1,10.3,10.1,10.3,10.2,10.4,10.7,10.8,10.3,10.8,10.1,11.0
086015,7.9,8.0,8.0,7.7,8.0,8.0,8.0,8.0,7.8,8.0,8.1,8.1,8.3,8.0,8.1,8.1,8.1,8.1,8.0,8.1,8.4,8.1,8.1,8.1,8.1
086016,9.6,9.5,9.5,9.8,9.9,9.9,9.8,9.9,10.1,10.2,10.3,10.2,10.2,10.5,10.6,10.4,10.6,10.6,10.8,10.7,11.1,10.5,10.9,11.0,10.9
086017,6.3,6.5,6.7,6.5,6.7,6.7,6.6,6.8,6.8,7.1,7.0,7.0,7.2,7.3,7.3,7.3,7.4,7.5,7.5,7.7,7.6,7.6,7.8,7.8,8.0
086018,9.3,9.3,9.4,9.0,9.8,9.7,9.4,9.6,9.5,10.0,10.1,9.7,10.0,9.9,10.2,9.9,10.2,10.2,10.4,10.1,10.5,10.3,10.5,10.4,10.4
086019,7.7,7.7,7.8,7.6,7.8,8.1,7.9,8.1,8.2,8.5,8.7,8.6,9.0,8.8,8.9,9.2,8.7,9.0,9.1,9.1,9.7,9.2,9.5,9.5,9.5
086020,7.4,7.4,7.5,7.3,7.4,7.5,7.4,7.5,7.6,7.5,7.6,7.6,7.6,7.8,7.7,7.9,7.6,7.7,7.7,7.7,7.8,7.6,7.5,7.7,7.9
087001,8.9,9.1,9.2,9.0,8.9,9.2,9.4,9.1,9.1,9.6,9.2,9.3,9.5,9.3,9.1,9.4,9.8,9.5,9.6,9.6,9.6,9.3,9.4,9.3,9.6
087002,9.6,9.4,9.7,9.7,10.0,9.9,9.8,10.1,9.7,10.2,10.3,10.5,10.4,10.5,10.3,10.5,10.5,10.4,10.7,10.4,10.7,10.7,10.7,10.8,10.6
087003,8.3,8.5,8.5,8.6,8.5,8.8,9.0,8.6,8.7,9.0,8.9,9.0,9.1,9.2,9.2,9.1,9.3,9.4,9.5,9.2,9.6,9.6,9.5,9.4,9.4
087004,8.9,8.8,9.0,9.0,8.9,9.2,8.9,9.4,9.4,9.6,9.4,9.7,10.0,9.7,10.0,10.1,10.1,10.3,10.3,10.1,10.7,10.4,10.6,10.5,10.7
087005,7.6,7.7,7.7,7.6,7.6,7.7,7.8,7.7,7.7,8.0,7.8,8.3,8.2,8.3,8.2,8.3,8.5,8.4,8.4,8.3,8.5,8.6,8.6,8.5,8.3
087006,7.5,7.6,7.6,7.8,7.7,7.7,7.6,7.8,7.8,8.1,8.1,8.1,8.3,8.1,8.3,8.5,8.3,8.2,8.2,8.3,8.5,8.3,8.3,8.4,8.5
087007,7.6,7.6,7.7,7.7,7.4,7.8,7.8,7.7,7.6,7.6,8.0,7.9,7.6,7.9,7.8,7.8,7.8,7.9,8.0,7.8,8.0,7.9,8.0,7.9,7.8
087008,8.2,8.2,8.3,8.3,8.4,8.7,8.4,8.8,8.4,8.8,9.1,9.2,9.1,9.5,9.6,9.5,9.6,9.7,9.8,9.5,9.6,10.1,10.1,10.4,10.4
087009,8.3,8.1,8.3,8.4,8.5,8.2,8.6,8.6,8.4,8.9,8.8,9.1,9.1,9.1,9.0,9.1,9.6,9.2,9.3,9.4,9.7,9.3,9.5,9.9,9.3
087010,8.5,8.6,8.6,8.6,8.8,8.5,9.0,8.8,9.0,9.5,9.3,9.4,9.3,9.2,9.6,9.8,9.9,9.8,9.8,10.0,10.4,10.1,10.3,10.3,10.4
087011,8.5,8.4,8.4,8.4,8.5,8.4,8.8,8.6,8.7,9.1,9.2,9.0,9.1,9.0,9.3,9.2,9.2,9.5,9.1,9.5,9.6,9.5,9.1,9.5,9.7
087012,8.3,8.2,8.5,8.5,8.7,8.6,8.7,9.0,8.9,9.0,9.3,9.1,9.5,9.4,9.3,9.3,9.5,9.7,9.7,9.9,10.5,9.7,10.0,10.0,10.1
087013,9.7,9.6,9.8,9.5,9.7,9.7,9.5,9.7,9.8,9.9,10.2,10.3,10.2,10.2,10.2,10.4,10.5,10.2,10.1,10.4,10.6,10.2,10.6,10.6,10.4
087014,7.7,7.5,7.6,7.6,7.5,7.3,7.5,7.4,7.5,7.7,7.6,7.7,7.6,7.8,7.7,7.6,7.7,7.7,7.5,7.7,7.8,7.6,7.4,7.6,7.8
087015,10.5,10.7,10.8,11.0,11.4,11.0,11.7,11.4,12.0,12.6,12.4,12.6,13.2,13.1,13.0,13.5,13.2,14.1,14.1,13.5,14.9,14.1,15.0,14.7,15.4
087016,9.5,9.2,9.4,9.4,9.5,9.4,9.4,9.3,9.5,9.9,9.8,10.3,10.4,10.0,10.2,10.3,10.4,10.1,10.3,10.3,10.8,10.5,10.5,10.9,10.5
087017,8.7,8.8,8.9,9.2,9.2,9.1,9.4,9.3,9.7,9.9,10.0,10.2,10.1,10.3,10.2,10.1,10.4,10.7,10.8,10.8,11.1,10.5,10.7,11.1,11.1
087018,8.5,8.8,8.6,9.0,9.1,9.4,9.2,9.3,9.4,10.0,9.8,10.3,10.2,10.7,10.5,10.8,10.8,11.0,10.8,11.3,11.4,11.4,11.4,11.8,11.6
087019,9.1,9.4,9.6,9.4,9.9,9.4,10.0,10.2,10.0,10.6,10.8,11.0,11.3,11.0,11.6,11.7,12.1,11.7,12.0,12.1,13.3,12.9,13.2,13.2,13.5
087020,9.5,9.4,9.6,9.6,9.7,9.8,10.1,9.8,9.9,10.4,10.0,10.2,10.2,10.5,10.2,10.6,10.6,10.6,10.6,10.6,11.4,10.9,11.1,10.9,10.9
087021,9.2,9.2,9.3,9.6,9.7,9.9,9.7,9.8,10.1,10.2,10.1,10.6,10.9,10.9,10.7,10.8,10.9,11.1,11.4,11.6,12.2,11.7,11.5,11.6,11.9
087022,7.6,7.7,7.6,7.8,7.8,7.6,7.7,7.9,7.9,8.2,8.2,8.0,8.2,8.0,8.2,8.3,8.4,8.6,8.3,8.8,8.7,8.7,8.5,8.8,8.6
087023,9.1,9.1,9.0,9.3,9.6,9.4,9.4,9.4,9.8,10.0,10.0,10.3,10.4,10.1,10.4,10.4,11.1,10.4,10.9,10.7,10.8,10.9,11.0,11.0,10.9
087024,10.2,10.2,10.3,10.8,10.9,10.5,10.2,10.6,10.5,11.3,11.4,11.2,11.1,10.9,11.0,11.0,11.1,11.4,11.0,11.5,12.1,11.3,11.6,11.6,11.8
087025,8.8,9.2,9.1,8.6,8.9,8.8,8.9,9.0,8.9,9.1,9.0,9.2,8.9,9.1,8.8,9.1,9.1,8.9,9.1,9.0,9.2,9.0,8.9,8.7,8.9
087026,7.9,8.0,8.0,7.9,8.1,8.0,7.9,8.0,8.4,8.5,8.6,8.4,8.4,8.6,8.9,8.8,8.7,8.6,8.7,8.8,9.0,8.8,9.2,8.9,8.9
087027,9.4,9.4,9.7,9.5,9.4,9.4,9.6,9.5,9.5,10.0,9.9,9.7,9.6,9.5,9.9,9.7,9.8,10.0,9.7,9.9,10.5,9.5,10.0,9.9,9.8
087028,6.5,6.7,6.8,6.7,6.8,6.8,6.9,6.9,6.8,7.2,7.2,7.2,7.3,7.1,7.3,7.4,7.5,7.2,7.2,7.4,7.6,7.6,7.7,7.6,7.5
087029,7.4,7.3,7.4,7.4,7.5,7.5,7.2,7.5,7.4,7.7,7.5,7.7,7.6,7.8,7.5,7.6,7.6,7.6,7.7,7.4,7.6,7.5,7.4,7.3,7.4
087030,8.9,8.6,8.7,8.6,8.8,8.7,9.0,8.8,9.0,9.1,9.3,9.7,9.6,9.5,9.3,9.7,9.7,9.8,9.5,9.6,10.2,9.6,9.9,10.0,10.0
087031,7.9,7.9,7.9,7.9,8.0,7.9,7.9,8.0,8.1,8.2,8.1,8.1,8.3,8.1,8.4,8.2,8.5,8.3,8.3,8.0,8.6,7.9,8.2,8.1,8.4
087032,8.4,8.3,8.4,8.5,8.7,8.6,8.8,9.0,9.2,9.5,9.5,9.3,9.6,9.9,10.0,9.7,9.9,10.2,10.3,10.4,10.6,10.6,10.7,10.5,10.6
087033,8.1,8.1,8.3,8.1,8.4,8.5,8.5,8.5,8.6,9.0,9.0,9.0,9.1,9.0,9.0,9.2,9.9,9.3,9.5,9.4,10.0,9.6,9.6,9.8,10.1
087034,6.9,6.9,6.9,7.0,7.0,7.1,6.9,7.0,7.2,7.3,7.3,7.3,7.4,7.3,7.5,7.4,7.5,7.4,7.5,7.4,7.4,7.5,7.5,7.4,7.6
087035,8.9,8.8,8.8,8.9,9.0,9.1,8.9,9.2,9.0,9.2,9.4,9.7,9.5,9.7,9.7,9.7,9.6,9.6,9.6,9.6,9.7,9.4,10.1,9.9,9.5
087036,9.3,9.5,9.5,9.7,9.6,9.8,10.1,10.1,10.3,10.4,10.9,10.8,10.8,11.2,10.8,11.5,11.8,11.2,11.4,11.8,11.7,12.1,11.9,12.0,12.0
087037,8.9,8.7,8.8,8.7,8.8,8.9,8.9,9.0,9.1,9.4,9.2,9.5,9.2,9.3,9.3,9.2,9.5,9.2,9.3,9.3,9.9,9.4,9.5,9.6,9.3
087038,8.0,8.2,8.1,8.1,8.0,8.1,8.0,8.1,7.9,8.3,8.3,8.4,8.5,8.6,8.5,8.4,8.4,8.6,8.4,8.4,8.8,8.5,8.5,8.4,8.2
087039,7.7,7.7,7.6,7.6,8.1,7.9,8.1,8.3,8.0,8.3,8.5,8.8,8.6,8.9,8.8,8.8,8.9,9.0,8.9,9.0,9.5,9.3,9.7,9.4,9.5
087040,9.8,10.0,9.7,9.9,9.7,10.3,10.0,9.9,9.9,10.6,10.7,10.4,10.6,10.6,10.6,10.6,10.8,10.9,10.5,10.8,11.1,10.6,11.1,10.8,10.9
087041,8.6,8.7,8.6,9.0,8.9,9.0,9.2,9.3,8.9,9.5,9.7,9.8,9.8,10.3,9.9,10.2,10.1,10.1,10.4,10.7,10.8,10.9,10.6,10.7,11.2
087042,8.5,8.5,8.7,8.6,8.8,8.9,9.0,9.2,9.4,9.7,9.6,10.0,10.0,10.0,10.0,10.0,10.4,10.1,10.2,10.4,10.7,11.0,10.5,11.0,10.6
087043,7.9,7.8,8.2,8.1,8.2,8.3,8.4,8.4,8.2,8.7,8.9,8.7,8.8,8.9,8.9,8.7,8.8,9.2,9.2,9.3,9.4,9.2,9.6,9.2,9.5
087044,7.9,7.7,7.7,7.8,8.1,8.2,8.0,8.1,7.9,8.2,8.4,8.3,8.4,8.4,8.6,8.6,8.7,8.6,8.6,8.6,9.0,8.7,8.7,8.7,8.9
087045,8.3,8.5,8.4,8.2,8.8,8.6,8.7,8.8,8.5,9.4,9.3,9.1,9.2,9.5,9.4,9.4,9.7,9.8,9.4,9.8,10.1,9.6,10.2,10.3,10.3
087046,7.2,7.4,7.3,7.7,7.6,7.6,7.9,7.7,7.8,8.3,8.3,8.4,8.5,8.9,9.0,8.7,9.0,9.2,9.2,9.3,9.4,9.4,9.5,9.8,10.0
087047,10.2,10.3,10.3,10.5,10.3,10.2,10.6,10.7,10.7,11.0,11.1,11.2,11.2,11.6,11.9,11.5,11.7,11.6,11.6,11.7,12.2,11.9,12.2,12.3,12.2
087048,7.2,7.5,7.4,7.4,7.6,7.4,7.5,7.5,7.6,7.7,7.6,7.9,7.8,8.0,7.9,8.0,7.9,7.9,8.0,8.1,8.3,8.2,8.2,8.2,8.2
087049,8.0,8.2,8.2,8.4,8.6,8.3,8.5,8.9,8.8,9.3,8.9,9.4,9.1,9.6,9.5,9.5,9.7,10.0,9.4,9.9,10.2,9.9,10.3,10.1,10.0
087050,7.4,7.5,7.5,7.8,7.9,7.6,8.0,7.7,7.8,8.2,8.3,8.1,8.2,8.5,8.4,8.4,8.3,8.7,8.5,8.7,8.8,8.6,8.8,8.8,8.8
087051,9.6,9.9,9.8,10.1,10.0,9.9,10.4,10.3,10.2,10.8,10.8,11.1,10.8,11.4,11.0,11.2,11.1,11.3,11.6,11.7,11.9,12.1,11.7,11.9,11.9
087052,8.3,8.3,8.6,8.5,8.3,8.5,8.6,8.6,8.7,9.0,9.0,9.1,8.8,9.0,9.1,9.1,9.0,9.2,9.2,9.2,9.7,9.4,9.3,9.4,9.4
087053,10.3,10.4,10.2,10.7,10.3,10.5,10.7,10.7,11.0,11.7,11.4,11.3,11.3,11.7,11.5,11.9,11.5,11.9,11.7,11.7,12.2,12.2,12.1,12.2,12.4
087054,8.0,8.2,7.9,7.8,7.9,8.2,8.0,8.2,8.2,8.3,8.6,8.1,8.3,8.3,8.2,8.2,8.2,8.5,8.5,8.3,8.7,8.5,8.6,8.4,8.2
087055,7.7,7.8,7.7,7.5,7.6,7.9,7.9,7.7,7.9,8.2,8.2,8.1,8.2,8.3,8.3,8.2,8.1,8.2,8.3,8.4,8.5,8.4,8.5,8.5,8.5
087056,8.8,8.7,8.9,8.8,8.7,9.0,9.0,8.9,9.3,9.6,9.5,9.6,9.4,9.9,9.6,9.8,10.0,9.8,10.3,10.4,10.5,10.1,10.7,10.8,10.4
087057,9.4,9.4,9.6,9.9,9.4,9.4,9.9,10.1,9.9,10.2,10.0,10.5,10.3,10.3,10.7,10.4,10.5,10.6,10.7,10.7,10.9,10.6,10.6,10.9,10.7
087058,9.1,9.3,9.3,9.4,9.6,9.5,9.4,9.4,9.6,9.9,9.7,10.0,9.9,9.8,10.0,10.4,10.3,10.2,10.2,10.3,10.6,10.6,10.6,10.7,10.3
088001,8.5,8.2,8.6,8.7,8.9,8.9,8.7,8.8,9.1,9.1,9.5,9.9,9.3,9.7,9.6,9.8,9.9,9.7,10.1,9.9,10.4,10.3,10.4,10.5,10.7
088002,7.0,7.0,7.2,7.4,7.5,7.6,7.7,7.7,7.6,7.9,8.3,8.3,8.4,8.3,8.6,8.5,8.9,8.9,8.9,9.1,9.6,9.6,9.3,9.5,9.9
088003,7.9,8.1,8.2,8.4,8.2,8.4,8.3,8.4,8.6,8.8,8.9,9.0,9.1,8.9,9.2,9.4,9.3,9.1,9.4,9.5,9.8,9.7,9.7,10.0,9.9
088004,8.8,9.1,9.3,9.2,9.3,9.3,9.1,9.4,9.4,9.7,9.7,9.8,9.8,9.9,9.9,9.9,10.3,10.2,10.1,10.4,10.5,10.4,10.5,10.1,10.1
088005,10.1,9.9,10.0,10.0,10.3,10.4,10.3,10.2,10.7,10.7,10.8,10.9,10.9,10.8,11.1,10.8,11.1,11.0,11.1,11.1,11.1,11.0,11.1,11.3,11.3
088006,10.3,10.5,10.5,10.3,10.5,10.7,11.1,10.6,11.0,11.4,11.9,11.4,11.6,11.8,12.0,11.7,11.9,12.2,12.6,12.2,12.9,12.4,12.5,12.9,13.1
088007,8.0,8.0,8.0,8.1,8.1,8.4,8.3,8.5,8.2,8.7,8.7,8.8,8.7,8.9,9.1,9.0,8.7,9.2,8.9,9.3,9.4,9.4,9.3,9.3,9.4
088008,8.0,8.3,8.2,8.2,8.4,8.4,8.2,8.5,8.4,8.8,9.1,8.9,8.9,9.0,9.2,9.4,9.2,9.1,9.3,9.4,9.6,9.6,9.4,9.4,9.6
088009,8.5,8.5,8.5,8.7,8.4,8.8,8.8,9.0,8.9,9.4,9.4,9.3,9.5,9.6,9.6,9.5,9.8,9.6,9.8,10.0,10.5,10.0,10.1,10.2,10.3
088010,9.8,9.9,10.0,10.0,10.0,10.1,9.8,10.0,10.1,10.8,10.5,11.0,10.5,11.1,11.2,10.6,11.2,11.1,11.0,11.2,11.7,11.0,11.1,11.2,10.9
088011,7.0,7.0,7.0,7.2,7.4,7.2,7.3,7.3,7.4,7.5,7.7,7.7,7.6,7.6,7.7,8.0,8.0,7.9,8.0,8.2,8.3,8.1,8.3,8.2,8.3
088012,8.1,8.3,8.2,8.3,8.4,8.2,8.5,8.3,8.5,8.7,8.5,8.8,8.5,9.0,8.7,8.8,9.0,9.0,8.8,8.9,9.2,8.8,8.9,8.8,8.9
089001,8.5,8.4,8.4,8.2,8.7,8.5,8.6,8.8,8.6,8.9,9.1,8.9,9.1,9.2,9.3,9.2,9.1,9.4,9.5,9.5,9.6,9.4,9.6,9.5,9.8
089002,8.0,8.3,8.0,8.1,8.1,8.2,8.0,8.3,8.3,8.3,8.5,8.4,8.7,8.3,8.4,8.4,8.3,8.7,8.3,8.5,8.6,8.2,8.5,8.5,8.5
089003,11.5,11.2,11.7,11.3,12.3,11.9,12.1,12.0,12.0,12.7,12.9,13.5,13.1,13.7,13.5,13.9,14.1,14.6,14.1,14.7,15.2,15.9,14.8,15.4,15.8
089004,8.9,9.2,9.1,9.2,9.2,9.2,9.2,9.5,9.0,10.0,9.9,9.9,9.9,9.8,9.9,10.0,10.2,10.4,10.2,10.0,10.7,10.4,10.1,10.5,10.2
089005,8.5,8.2,8.2,8.4,8.0,8.3,8.4,8.3,8.6,8.6,8.5,8.6,8.8,8.8,8.7,8.8,8.7,8.8,9.1,9.0,8.9,9.1,9.0,8.9,9.0
089006,8.7,8.9,8.7,9.2,8.9,9.0,9.2,9.2,9.4,9.4,9.8,9.6,9.7,9.9,9.5,10.1,9.8,10.0,10.1,10.2,10.6,10.1,10.1,10.2,10.6
089007,7.7,8.0,7.6,7.7,7.9,7.9,7.8,8.0,7.9,8.3,8.2,8.4,8.3,8.3,8.8,8.8,8.6,8.7,8.9,8.9,9.1,8.9,8.9,8.9,9.0
089008,9.0,9.0,8.7,8.7,8.7,9.0,8.6,8.8,8.8,8.7,9.1,9.1,8.9,9.0,9.1,8.9,9.0,8.8,9.1,9.0,9.1,8.9,8.9,8.8,8.4
089009,7.7,7.5,7.8,7.5,7.7,7.9,7.6,7.7,8.0,8.1,8.0,8.2,8.4,8.2,8.2,8.1,8.5,8.2,8.5,8.6,8.7,8.3,8.4,8.5,8.7
089010,6.8,7.0,7.1,7.3,7.2,7.2,7.2,7.4,7.6,7.7,7.6,7.9,7.8,7.8,8.1,8.2,8.0,8.5,8.4,8.4,8.6,8.5,8.9,8.5,9.0
089011,9.6,9.8,9.6,10.0,9.9,9.9,10.2,10.2,10.4,10.7,11.0,10.9,11.1,11.4,11.4,11.4,11.2,11.5,11.5,11.6,12.1,12.0,11.9,12.1,12.1
089012,8.4,8.5,8.4,8.4,8.6,8.6,8.7,8.6,8.9,8.8,9.1,9.1,9.1,9.2,9.3,9.3,9.3,9.4,9.6,9.5,9.8,9.7,9.5,9.8,10.1
089013,8.8,8.9,8.7,8.7,8.5,8.7,8.5,8.4,8.8,8.9,8.7,8.9,8.9,9.0,9.2,8.9,8.9,8.9,8.9,9.0,9.2,8.7,8.9,9.0,9.0
089014,7.9,7.6,7.8,8.1,7.9,8.1,8.2,8.2,8.1,8.6,8.6,8.2,8.2,8.3,8.4,8.4,8.5,8.6,8.5,8.4,8.8,8.6,8.6,8.6,8.7
089015,7.1,7.2,7.1,7.3,7.2,7.4,7.6,7.3,7.5,7.6,7.8,7.8,8.1,8.0,7.9,8.0,8.1,8.1,8.0,8.0,8.4,8.0,8.2,8.1,8.2
089016,9.1,9.2,9.3,9.5,9.6,10.0,9.8,10.1,10.2,10.4,10.5,10.4,11.0,10.9,10.8,11.0,11.3,11.1,11.3,11.3,11.8,11.9,11.6,12.0,11.9
089017,8.4,8.4,8.4,8.3,8.6,8.7,9.0,8.6,8.6,9.0,9.1,9.2,9.0,9.5,9.3,9.1,9.3,9.5,9.6,9.6,9.9,9.7,9.8,9.8,9.8
089018,8.3,8.5,8.5,8.5,8.9,9.0,8.9,9.0,9.3,9.5,9.3,9.5,9.5,10.0,9.7,9.8,9.6,10.0,10.1,10.3,10.3,10.7,10.4,10.7,10.7
089019,9.9,10.5,10.1,10.5,10.1,10.3,10.2,10.5,10.3,10.8,10.8,11.0,10.8,11.1,11.2,11.3,10.9,10.9,10.9,11.1,11.4,11.1,11.3,10.9,11.3
089020,7.7,7.8,7.8,8.0,8.0,8.0,8.3,8.1,8.1,8.4,8.6,8.5,8.8,8.7,8.8,8.6,8.9,8.6,8.9,9.2,9.4,8.9,9.0,9.4,9.3
089021,8.8,9.0,9.2,9.0,9.0,9.3,9.2,9.6,9.5,9.5,9.7,10.2,10.2,10.1,10.0,10.4,10.4,10.5,10.9,10.9,11.5,11.0,10.9,11.4,11.1
093001,9.0,8.9,9.0,9.3,8.8,9.4,9.2,9.1,9.2,9.7,9.4,9.7,9.4,9.7,9.7,9.6,9.5,9.4,10.1,10.0,10.1,10.1,9.9,10.0,9.9
093002,8.6,8.3,8.8,8.8,8.8,8.9,8.8,8.8,8.9,9.3,9.2,9.1,9.3,9.5,9.6,9.4,9.6,10.0,9.9,9.9,10.4,9.9,10.4,10.1,10.5
093004,8.4,8.4,8.3,8.6,8.7,8.4,8.7,8.9,8.8,9.0,9.4,9.2,9.4,9.4,9.3,9.2,9.3,9.5,9.6,9.5,9.9,9.9,9.7,9.8,9.7
093005,7.6,7.4,7.4,7.4,7.7,7.6,7.6,7.4,7.7,7.9,7.8,7.8,8.0,7.6,7.9,7.6,8.0,8.0,7.9,7.7,8.2,8.0,7.9,8.1,8.0
093006,7.5,7.7,7.8,7.8,7.8,7.9,8.1,7.6,7.9,8.0,8.2,8.0,8.3,7.9,8.3,8.3,8.3,8.3,8.4,8.5,8.5,8.7,8.4,8.6,8.5
093007,8.7,8.5,8.7,8.7,8.6,9.1,8.7,8.9,9.2,9.7,9.3,9.8,9.7,9.6,9.7,10.0,10.1,10.3,9.9,10.2,10.5,10.3,10.4,10.6,10.6
093008,8.3,8.1,8.5,8.2,8.5,8.5,8.5,8.7,8.3,8.8,8.9,9.1,8.9,8.8,8.9,9.0,9.1,9.3,9.2,9.2,9.5,9.3,9.4,9.0,9.6
093009,9.0,8.7,8.5,8.8,8.7,8.7,8.8,8.7,8.8,9.0,9.0,9.0,9.2,8.9,8.8,9.1,9.2,8.9,8.9,8.9,9.1,9.0,8.9,9.0,9.0
093010,9.6,9.5,9.6,9.6,9.5,9.5,9.8,10.0,9.9,10.5,10.5,10.5,10.5,10.9,11.1,10.7,10.7,10.9,10.8,11.1,11.7,10.9,11.4,10.8,11.9
093011,10.0,10.1,9.8,10.1,10.2,10.6,10.5,10.5,10.3,10.5,11.0,10.9,11.3,11.2,11.4,11.2,11.1,11.5,11.5,11.7,12.1,11.4,11.9,11.6,12.0
093012,9.1,9.1,9.2,9.2,9.2,9.6,9.5,9.4,9.7,10.0,10.2,10.0,9.9,10.2,10.0,10.1,10.4,10.3,10.3,10.3,10.8,10.6,10.6,10.8,11.3
093013,8.2,8.2,8.5,8.4,8.5,8.7,8.6,8.5,8.8,9.1,8.7,9.2,9.4,9.2,9.3,9.6,9.3,9.8,9.6,10.0,10.0,10.0,9.9,9.8,9.6
093014,8.9,9.1,9.0,9.2,9.5,9.4,9.2,9.5,10.1,10.3,10.4,10.6,10.3,10.6,10.6,10.2,10.9,10.9,11.1,10.7,11.1,11.2,11.2,11.7,11.6
093015,9.4,9.1,9.0,9.4,9.2,9.4,9.3,9.5,9.3,9.8,9.7,9.6,9.9,9.9,9.6,9.8,10.0,9.7,9.7,9.6,9.9,9.7,9.9,9.5,10.0
093016,9.0,9.5,9.3,9.3,9.5,9.3,9.6,9.5,9.8,10.0,10.5,10.3,10.5,10.2,10.3,10.3,10.3,10.6,11.0,10.9,11.2,11.3,11.1,11.2,11.5
093017,8.0,8.4,8.2,8.1,8.4,8.3,8.4,8.5,8.4,8.8,8.8,8.9,9.2,9.1,9.3,9.0,8.9,9.4,9.2,9.7,9.2,9.3,9.4,9.5,9.7
093018,8.5,8.5,8.7,8.5,8.4,8.6,8.6,8.7,8.7,8.9,9.0,8.9,9.0,8.9,9.1,8.9,8.9,9.5,9.2,9.2,9.4,9.1,9.3,9.3,9.0
093019,8.8,9.0,9.1,9.1,9.2,9.4,9.8,9.6,9.7,9.9,10.2,10.4,10.2,10.2,10.3,10.2,10.6,10.6,10.9,10.7,11.0,11.2,11.1,11.1,11.4
093020,9.0,8.9,9.0,9.3,9.3,9.3,9.3,9.7,9.8,10.1,9.7,9.9,10.1,10.4,10.4,10.6,10.6,10.6,10.8,10.7,11.1,10.7,11.0,10.9,11.3
093021,9.0,9.0,9.1,9.3,9.3,9.5,9.6,9.6,9.9,10.2,10.5,10.5,10.6,10.1,10.8,10.8,11.2,11.1,11.5,11.3,11.7,11.4,12.3,12.3,12.2
093022,7.1,7.0,7.2,7.2,7.2,7.3,7.4,7.5,7.5,7.7,8.0,7.7,8.0,8.0,8.0,8.3,8.4,8.4,8.4,8.3,8.6,8.7,8.8,8.7,9.0
093024,8.2,8.1,8.3,8.4,8.3,8.2,8.3,8.3,8.3,8.9,8.8,8.8,8.8,8.8,9.3,8.9,9.2,9.1,8.9,8.7,9.1,9.2,9.0,9.2,9.2
093025,7.6,7.8,8.0,7.7,8.0,8.0,7.9,8.0,8.3,8.3,8.6,8.5,8.6,8.3,8.7,8.9,8.7,8.7,8.6,8.7,9.0,8.8,8.7,8.9,8.9
093026,8.2,8.0,8.1,8.4,8.4,8.3,8.2,8.6,8.5,8.8,8.7,8.8,8.9,9.0,9.1,9.0,9.0,8.8,9.0,8.9,9.2,9.0,9.4,9.3,9.1
093027,7.8,7.8,7.9,8.1,7.9,8.3,8.2,8.5,8.0,8.7,8.8,8.6,8.9,8.9,8.8,9.0,9.1,9.1,9.3,9.2,9.4,9.4,9.4,9.5,9.7
093028,7.4,7.3,7.4,7.5,7.5,7.4,7.7,7.7,7.7,8.2,8.3,8.3,8.3,8.5,8.6,8.4,8.8,8.7,8.8,9.0,9.4,9.3,9.5,9.3,9.5
093029,8.7,8.5,8.7,8.8,8.8,9.0,9.1,8.9,9.1,9.7,9.7,9.8,9.7,9.8,10.0,9.7,10.0,10.2,10.0,10.2,10.7,10.3,10.4,10.6,10.5
093030,8.1,8.6,8.4,8.5,8.9,8.9,9.2,9.4,9.4,9.7,10.0,10.3,10.2,10.6,10.4,11.0,11.1,10.9,11.4,11.8,11.7,11.6,12.0,12.6,12.3
093031,8.2,8.2,8.2,8.2,8.2,8.2,8.3,8.3,8.1,8.5,8.5,8.5,8.5,8.4,8.4,8.2,8.2,8.3,8.2,8.2,8.3,8.3,8.2,8.2,8.0
093032,7.3,7.4,7.5,7.9,7.7,7.7,7.8,7.6,7.7,8.1,7.9,8.3,8.2,8.4,8.3,8.7,8.5,8.3,8.8,9.0,9.0,9.0,9.0,9.0,9.0
093033,7.0,7.2,7.3,7.4,7.2,7.6,7.5,7.5,7.6,7.9,7.8,8.2,8.1,8.2,8.2,8.3,8.3,8.5,8.6,8.7,8.9,8.6,9.0,8.9,8.8
093034,8.1,8.1,8.3,8.3,8.1,8.4,8.4,8.4,8.5,8.9,9.0,9.1,8.9,9.2,9.2,9.1,9.5,9.3,9.6,9.2,10.1,9.6,9.5,9.8,9.9
093035,8.8,8.9,8.8,8.9,8.8,8.9,9.1,9.1,9.1,9.4,9.0,9.4,9.6,9.5,9.4,9.6,9.5,9.8,9.4,9.8,10.2,9.8,9.6,9.8,9.6
093036,8.1,7.9,8.0,8.1,8.0,8.3,8.1,8.3,8.4,9.0,8.7,8.8,9.0,9.2,9.1,9.1,9.3,9.3,9.3,9.5,9.9,9.6,9.9,9.6,9.7
093037,6.7,6.8,7.0,7.1,7.1,7.3,7.3,7.2,7.4,7.7,7.5,7.8,7.7,7.9,8.1,8.1,8.1,8.3,8.1,8.6,8.5,8.4,8.5,8.5,8.7
093038,9.0,8.9,8.9,9.3,9.5,9.6,9.6,9.7,9.7,10.3,10.1,10.0,10.4,10.6,10.7,10.8,11.2,11.1,11.5,11.2,11.7,11.8,12.1,12.0,12.2
093039,8.3,8.4,8.7,8.7,8.7,8.7,9.0,9.1,9.2,9.8,9.6,9.9,10.1,10.0,10.5,10.3,10.2,10.4,10.8,11.0,11.2,11.2,11.3,11.4,11.4
093040,9.4,9.1,9.4,9.4,9.7,9.4,9.6,9.8,9.9,10.1,10.4,10.4,10.3,10.5,10.6,10.8,10.6,10.8,11.0,10.8,11.0,11.0,11.2,11.3,11.3
093041,7.2,7.1,7.2,7.1,7.4,7.4,7.5,7.6,7.5,7.7,7.9,7.8,7.9,8.0,8.1,8.1,8.1,8.2,8.2,8.3,8.6,8.4,8.5,8.4,8.6
093042,7.1,7.0,7.0,7.3,7.3,7.3,7.5,7.6,7.4,7.6,8.0,8.1,8.2,8.3,8.1,8.4,8.5,8.3,8.4,8.5,8.9,8.6,8.7,8.7,8.6
093043,10.6,10.8,10.8,11.1,11.1,11.1,11.3,11.1,11.5,11.9,11.5,11.9,12.3,12.0,12.1,12.4,12.3,12.7,12.7,12.4,13.1,13.3,12.9,13.3,13.7
093044,8.3,8.7,8.4,8.7,8.8,8.8,8.8,8.9,9.0,9.4,9.3,9.1,9.3,9.7,9.5,9.5,9.5,9.7,9.6,9.6,9.9,9.9,9.7,10.0,10.0
093045,8.7,8.8,8.8,8.8,8.9,9.0,9.0,9.1,9.6,9.4,9.6,9.5,9.8,9.8,9.5,9.7,9.8,9.8,10.0,10.0,10.1,10.0,10.2,10.0,10.1
093046,9.6,10.1,9.7,9.8,9.9,9.8,9.9,10.1,10.0,10.5,10.0,10.5,10.3,10.3,10.4,10.6,10.5,10.6,10.7,10.5,11.0,10.8,10.4,10.9,10.5
093047,8.6,8.6,8.7,9.0,9.2,8.8,9.2,9.0,9.2,9.6,9.5,9.7,9.6,9.5,9.6,9.7,9.6,9.6,10.0,9.9,10.0,9.8,10.0,10.0,9.9
093049,8.9,8.8,9.3,9.2,9.1,9.3,9.6,9.5,9.5,10.2,10.3,10.2,10.2,10.5,10.9,10.7,10.8,11.3,11.2,10.8,11.3,11.5,11.5,12.0,11.8
093050,8.1,8.1,8.2,8.4,8.2,8.3,8.6,8.5,8.4,8.9,8.8,9.1,9.1,9.5,8.9,9.1,9.4,9.3,9.4,9.4,9.7,9.4,9.6,9.9,9.7
093051,9.8,9.4,9.8,9.7,9.8,10.1,9.9,9.9,10.1,10.4,9.9,10.1,10.9,10.7,10.5,10.6,10.3,10.1,10.3,10.6,10.5,10.6,10.7,10.5,11.0
093052,9.2,9.2,9.4,9.3,9.2,9.6,9.7,9.7,9.8,10.0,10.1,10.2,10.2,10.8,10.3,10.7,10.5,10.9,10.9,11.1,11.4,11.0,11.1,11.6,11.3
093053,9.0,9.3,9.1,9.3,9.3,9.2,9.2,9.2,9.6,9.7,9.5,9.5,9.9,9.6,9.6,9.7,9.7,9.8,9.6,10.0,10.2,10.0,9.9,10.1,10.2
094001,7.0,7.1,7.0,7.2,7.0,7.3,7.1,7.4,7.3,7.5,7.7,7.4,7.4,7.5,7.6,7.5,7.7,7.8,7.7,7.6,8.0,7.9,7.7,7.5,7.9
094002,8.8,8.8,8.8,8.8,8.6,8.6,8.5,8.6,8.5,8.6,8.8,8.5,8.4,8.6,8.6,8.4,8.4,8.2,8.5,8.3,8.5,8.2,8.0,8.2,8.1
094003,8.9,8.8,9.0,8.7,9.0,9.1,9.1,9.1,8.8,9.4,9.6,9.5,9.1,9.2,9.5,9.5,9.5,9.6,9.7,9.3,9.6,9.8,9.5,9.6,9.5
094004,8.3,8.3,8.4,8.4,8.5,8.6,8.6,8.3,8.6,8.7,8.8,8.8,8.8,9.1,8.8,8.8,8.9,8.6,8.8,9.0,9.4,9.0,9.0,8.9,9.1
094005,8.5,8.8,8.7,8.4,8.8,9.0,8.9,9.0,9.4,9.5,9.4,9.2,9.5,9.6,9.8,9.9,9.9,9.9,10.0,9.9,10.3,10.5,10.2,10.4,10.4
094006,8.5,8.6,8.6,8.5,8.5,8.5,8.8,8.6,8.7,9.2,9.1,9.1,9.4,9.3,9.3,9.1,9.4,9.4,9.7,9.6,9.8,9.8,9.7,9.6,10.0
094007,7.3,6.9,7.1,7.4,7.3,7.2,7.6,7.4,7.5,7.7,7.9,7.8,7.7,7.9,8.2,8.1,7.8,8.0,8.2,8.0,8.6,8.5,8.2,8.2,8.7
094008,9.6,9.6,9.5,9.8,9.7,9.7,9.6,9.9,9.4,9.8,10.0,10.4,10.2,10.3,10.3,10.2,10.2,10.3,10.2,10.3,10.4,10.2,10.1,10.5,10.5
094009,8.4,8.6,8.3,8.4,8.5,8.6,8.4,8.6,8.8,9.1,9.1,9.2,9.2,9.1,9.2,9.4,9.3,9.4,9.3,9.5,10.0,9.6,9.6,9.9,9.9
094010,7.8,7.7,8.0,7.8,8.1,8.1,8.1,8.1,8.1,8.6,8.6,8.5,9.0,8.7,9.0,9.1,9.1,9.0,9.1,9.0,9.6,9.2,9.8,9.9,9.6
094011,9.1,9.5,9.7,9.8,9.5,9.6,9.8,9.7,9.6,10.0,10.4,10.1,10.3,10.4,10.5,10.6,10.5,10.7,10.7,10.8,11.0,11.2,11.2,11.0,11.0
094012,8.6,8.6,8.5,8.6,8.8,8.9,8.9,9.0,8.8,9.1,9.5,9.1,9.1,9.2,9.5,9.4,9.6,9.5,9.9,9.3,9.9,9.7,9.7,9.5,9.5
094013,7.7,7.8,7.6,7.8,7.9,7.8,7.9,7.9,7.9,8.2,8.0,8.0,8.1,8.2,8.0,8.5,8.2,8.0,8.3,8.3,8.4,8.2,8.3,8.5,8.2
094014,7.6,7.6,7.6,7.6,7.9,7.9,7.8,7.9,8.2,8.3,8.7,8.4,8.4,8.7,8.4,8.4,8.4,8.5,9.0,8.8,9.1,8.6,9.0,8.9,9.0
094015,7.0,7.2,7.0,7.1,7.1,7.1,7.2,7.3,7.2,7.4,7.6,7.5,7.5,7.5,7.6,7.8,7.8,7.9,7.6,7.9,8.1,7.8,8.0,7.9,8.2
094016,8.4,8.6,8.6,8.7,8.7,8.7,8.8,8.4,8.4,8.9,8.8,8.8,8.8,9.2,9.1,9.3,9.1,9.4,9.5,9.5,9.4,9.6,9.3,9.3,9.7
094017,8.5,8.8,8.7,8.7,9.0,9.0,9.2,9.0,8.8,9.3,9.1,9.2,9.3,9.3,9.3,9.5,9.6,9.4,9.8,9.4,9.7,9.7,9.7,9.6,9.5
094018,8.5,8.5,8.3,8.8,8.7,8.5,8.8,9.1,8.9,9.2,9.6,9.4,9.7,9.4,9.7,9.8,10.0,10.2,10.1,10.3,10.4,10.5,10.3,10.6,10.6
094019,9.0,9.3,9.0,9.1,9.4,9.3,9.4,9.5,9.4,9.7,9.5,9.6,9.6,9.9,9.9,9.9,9.7,10.1,9.9,9.9,10.2,10.1,10.1,10.0,10.2
094020,7.9,8.0,8.1,8.0,8.1,8.4,8.4,8.4,8.5,8.5,8.9,8.8,8.9,8.8,9.1,9.1,9.4,9.0,9.2,9.3,9.7,9.3,9.5,9.6,9.8
094021,9.8,10.0,9.9,9.8,9.6,10.3,10.3,10.5,10.3,11.2,10.9,11.5,11.2,11.1,11.2,11.6,11.3,11.8,11.8,11.6,12.3,12.0,12.0,12.5,12.0
094022,9.0,9.2,9.1,9.3,9.3,9.6,9.5,9.5,9.7,10.0,10.4,10.4,10.4,10.5,10.8,10.7,11.4,11.1,11.2,11.4,11.8,11.7,11.8,11.9,12.3
094023,8.0,7.9,8.1,8.0,8.0,7.9,8.0,8.2,7.9,8.1,8.3,8.2,8.4,8.0,8.2,8.1,8.0,8.5,8.3,8.1,8.6,8.0,8.5,8.2,8.2
094024,7.9,7.8,7.9,8.0,8.0,8.1,8.1,8.4,8.3,8.7,8.9,8.6,8.6,8.9,9.1,9.1,9.2,9.2,9.2,9.6,9.6,9.4,9.7,10.0,9.7
094025,9.3,9.2,9.1,9.6,9.3,9.3,9.5,9.0,9.2,9.4,9.5,9.6,9.5,9.6,9.3,9.4,9.3,9.2,9.2,9.4,9.6,9.1,9.1,9.1,9.3
094026,8.9,9.1,9.0,9.1,9.0,9.4,9.4,9.8,9.6,9.7,9.8,9.7,9.8,10.1,10.0,10.2,9.9,10.1,10.0,10.3,10.5,10.1,10.4,10.6,10.5
094027,9.2,9.1,9.6,9.3,9.6,9.7,9.3,9.4,9.8,10.2,10.1,10.1,10.3,10.3,10.0,10.8,10.9,10.9,10.6,10.8,11.4,11.2,10.8,11.1,11.7
094028,8.7,9.1,9.2,8.9,9.4,9.3,9.2,9.5,9.7,9.9,10.1,10.5,10.1,10.4,10.9,10.3,10.8,10.8,10.5,10.9,11.5,11.3,11.5,11.4,11.6
094029,8.2,8.0,8.3,8.5,8.3,8.5,8.6,8.6,8.7,9.0,8.8,9.0,9.0,9.0,8.9,9.1,9.1,9.5,9.1,9.1,9.4,9.5,9.5,9.7,9.7
094030,9.5,9.5,9.8,9.5,9.7,10.0,9.7,9.8,10.1,10.3,10.5,10.5,10.6,10.7,10.7,10.6,10.8,10.7,11.0,10.8,11.6,11.0,11.0,11.0,11.0
094031,8.8,8.7,9.1,9.1,9.1,9.2,8.8,9.2,9.2,9.5,9.5,9.6,9.7,9.4,9.9,9.8,9.7,9.9,10.1,9.8,9.9,10.1,10.1,10.1,9.9
094032,8.3,8.5,8.7,8.7,8.6,8.6,8.7,8.8,9.0,9.3,9.5,9.4,9.3,9.5,9.5,9.6,9.8,9.8,9.9,9.9,10.2,10.3,10.0,10.8,10.3
094033,7.4,7.5,7.5,7.6,7.7,7.7,7.6,7.7,7.8,8.1,8.2,8.0,8.0,8.0,8.2,8.1,8.3,8.4,8.1,8.2,8.4,8.3,8.4,8.6,8.6
094034,8.3,8.6,8.2,8.3,8.5,8.6,8.6,8.6,8.6,9.0,9.1,9.1,9.2,9.1,9.4,9.2,9.4,9.6,9.5,9.7,9.7,9.5,9.8,9.5,9.7
094035,8.8,8.7,8.9,8.5,8.7,8.9,8.9,8.7,9.0,9.2,9.3,9.3,9.2,9.4,9.3,9.4,9.5,9.3,9.4,9.4,9.6,9.2,9.7,9.5,9.8
094036,8.9,8.9,9.1,9.4,9.3,9.4,9.5,9.9,10.2,10.1,10.1,10.4,10.7,10.3,10.6,10.7,10.7,11.2,11.1,11.5,12.0,11.5,11.8,11.8,11.8
094037,8.6,8.4,8.6,8.5,8.7,8.6,8.6,8.6,8.7,8.7,8.6,8.9,8.6,8.5,8.5,8.6,8.6,8.6,8.3,8.7,8.7,8.6,8.5,8.7,8.5
094038,8.6,8.5,8.7,8.8,8.5,8.8,8.9,8.9,8.9,9.4,9.4,8.9,9.3,9.3,9.3,9.2,9.5,9.3,9.1,9.5,9.8,9.5,9.7,9.6,9.4
094039,8.2,8.2,8.4,8.3,8.3,8.4,8.3,8.3,8.3,8.9,8.7,8.5,8.9,8.8,9.1,8.7,9.0,8.8,8.7,8.8,9.3,8.9,9.2,9.0,9.2
094040,7.4,7.6,7.4,7.7,7.6,7.7,8.1,7.6,7.9,7.9,7.9,8.1,8.0,8.0,8.1,7.9,8.1,8.1,8.1,8.1,8.3,8.4,8.0,8.1,8.1
094041,8.0,8.1,8.3,8.2,8.3,8.5,8.4,8.6,8.4,8.8,8.7,9.0,9.0,9.1,9.1,9.3,9.1,9.4,9.5,9.5,9.7,9.5,9.9,9.8,10.0
094042,9.1,9.2,9.1,9.4,9.1,9.4,9.2,9.4,9.4,9.8,9.9,9.9,9.9,9.9,10.0,10.3,10.0,10.3,10.0,10.0,10.6,10.2,10.5,10.7,10.8
094043,8.2,7.9,8.1,8.0,8.1,8.2,8.3,8.4,8.8,9.0,9.0,9.1,9.3,9.1,9.3,9.4,9.6,9.6,9.6,9.7,9.8,10.1,10.1,10.0,10.2
094044,9.7,9.7,10.2,10.0,10.1,10.4,10.1,10.5,10.5,11.1,11.3,11.2,11.3,11.4,11.9,11.7,11.8,12.0,12.1,12.5,12.8,12.5,12.9,12.8,12.7
094045,8.1,8.3,8.3,8.1,8.2,8.5,8.4,8.5,8.5,8.7,8.8,8.8,8.6,8.8,9.0,9.0,9.0,8.8,9.1,9.2,9.0,9.2,9.1,9.1,9.0
094046,8.5,8.6,8.8,9.2,9.0,9.3,9.2,9.2,9.3,9.7,9.9,9.8,10.4,10.5,10.1,10.4,10.4,10.6,11.1,10.9,11.3,11.3,11.6,11.3,11.5
094047,7.4,7.4,7.5,7.7,7.5,7.8,7.7,7.7,7.8,8.2,8.1,8.4,8.3,8.6,8.6,8.6,8.3,8.9,8.9,9.0,8.8,8.8,9.0,8.8,9.2
094048,7.8,7.7,7.7,8.0,7.9,8.2,8.2,8.4,8.7,9.2,9.2,9.3,9.2,9.4,9.5,9.6,10.0,9.9,10.0,10.5,10.9,10.4,10.6,10.7,10.8
094049,8.3,8.5,8.6,8.5,8.6,8.6,8.5,8.8,8.9,9.3,9.0,9.2,9.4,9.4,9.4,9.4,9.5,9.6,9.8,9.9,10.0,9.9,9.9,9.8,10.2
094050,7.1,7.2,7.1,7.2,7.3,7.2,7.2,7.5,7.4,7.5,7.5,7.5,7.6,7.5,7.7,7.4,7.6,7.8,7.8,7.6,7.8,7.5,7.6,7.9,7.8
094051,8.1,8.4,8.3,8.4,8.5,8.6,8.6,8.4,8.6,8.8,9.0,9.0,8.8,9.1,9.1,9.0,8.9,9.2,9.2,9.1,9.1,9.1,9.3,9.2,9.4
094052,7.7,7.6,7.6,8.1,7.8,7.8,8.1,8.0,8.2,8.6,8.5,8.7,8.5,9.0,8.9,9.0,9.3,9.4,9.3,9.7,9.9,9.5,9.8,9.7,10.0
096001,7.1,7.4,7.3,7.3,7.4,7.6,7.7,7.6,7.8,8.2,8.2,8.3,8.5,8.4,8.3,8.6,8.5,8.5,9.2,9.2,9.3,9.5,9.2,9.2,9.6
096002,8.2,8.2,8.1,8.0,8.0,8.2,8.3,8.0,8.1,8.6,8.3,8.5,8.3,8.7,8.4,8.5,8.3,8.4,8.7,8.4,8.5,8.6,8.4,8.5,8.7
096003,9.8,10.1,9.9,10.1,10.3,10.7,10.8,10.8,10.8,11.5,11.6,11.8,11.7,11.8,12.1,12.1,12.2,12.4,12.4,12.7,13.4,13.2,12.8,12.9,13.3
096004,9.4,9.7,9.6,9.9,10.1,10.2,10.5,10.3,10.4,11.0,10.8,11.3,11.4,11.4,11.8,11.9,11.6,11.8,12.0,12.2,12.7,12.2,12.4,13.4,13.1
096005,9.5,9.4,9.5,9.4,9.5,9.5,10.1,9.7,9.7,10.2,10.5,10.3,10.5,10.4,10.4,10.4,10.8,10.8,11.0,10.6,11.6,11.0,11.1,11.3,10.8
096006,7.6,7.8,7.7,7.9,8.0,7.9,8.0,7.9,8.2,8.5,8.6,8.5,8.8,8.9,9.0,8.9,9.1,9.0,9.2,9.2,9.5,9.4,9.3,9.9,9.9
096007,8.1,8.6,8.5,8.7,8.5,8.8,8.7,8.7,9.0,9.3,9.5,9.9,9.6,9.7,10.0,9.9,10.1,10.2,10.2,10.1,10.6,10.6,10.7,10.7,11.0
096008,9.5,9.5,9.3,9.7,9.8,9.6,9.6,9.7,9.9,10.5,10.4,10.4,10.6,10.5,10.5,10.8,10.9,10.6,10.8,11.0,11.1,11.0,11.1,11.2,11.2
096009,9.0,9.3,9.6,9.5,9.3,9.5,9.5,9.8,9.7,10.5,10.3,10.5,10.1,10.4,10.4,10.4,10.6,10.7,11.0,10.9,11.1,11.0,11.0,11.4,11.2
096010,8.1,7.9,8.0,8.3,8.3,8.2,8.6,8.5,8.7,9.0,8.9,9.3,9.0,9.1,9.3,9.2,9.4,9.3,9.4,9.5,10.2,9.8,9.9,10.0,9.5
096012,8.2,8.0,8.1,8.2,8.4,8.2,8.1,8.2,8.5,8.9,9.0,9.0,9.5,9.1,9.0,9.2,9.0,9.5,9.4,9.4,9.6,9.5,9.3,9.7,9.8
096013,7.5,7.8,7.9,8.0,8.1,8.1,8.2,8.2,8.1,8.5,8.7,8.4,8.6,8.5,8.5,8.9,8.7,9.0,8.7,8.7,9.3,8.7,8.9,9.1,9.0
096014,8.5,8.3,8.3,8.6,8.8,8.6,8.9,8.9,9.2,9.2,9.6,9.3,9.8,9.8,10.0,10.0,10.1,10.2,10.4,10.6,10.9,11.0,10.5,11.1,11.1
096015,7.8,7.6,7.6,7.8,7.9,7.8,8.1,8.0,8.3,8.8,8.4,8.5,8.8,8.7,8.9,9.1,9.0,8.9,9.2,9.4,9.7,9.3,9.7,10.0,9.4
096016,7.6,7.6,7.8,7.9,7.9,7.9,8.0,8.1,8.3,8.6,8.6,8.7,8.7,8.5,8.6,8.9,8.8,9.0,9.2,9.3,9.5,9.2,9.1,9.7,9.6
096018,9.9,10.0,10.1,9.9,10.2,10.4,10.3,10.6,10.3,10.5,11.0,10.8,10.9,11.3,11.4,11.3,11.6,11.7,11.4,11.7,11.8,11.8,11.6,11.9,11.5
096019,8.2,8.4,8.6,8.5,8.5,8.1,8.5,8.5,8.4,8.7,8.6,8.8,8.8,8.7,8.7,8.5,8.7,8.8,8.8,8.8,9.1,8.7,8.8,8.9,9.0
096020,10.0,10.0,10.4,10.3,10.6,10.4,10.4,10.9,11.0,11.5,11.7,11.8,11.9,11.9,11.9,12.6,12.1,12.8,12.3,13.2,13.1,13.2,13.3,13.6,13.3
096021,8.4,8.4,8.6,8.9,9.0,8.9,9.2,9.2,9.4,9.6,10.0,9.7,10.0,10.4,10.6,10.7,10.5,11.0,10.9,11.1,11.3,11.3,11.4,11.5,11.5
096023,8.5,8.9,8.8,8.8,9.1,9.1,9.2,9.5,9.4,9.7,9.8,9.8,10.1,9.8,10.3,10.2,10.3,10.5,10.6,10.6,11.3,11.1,11.0,11.0,11.2
096024,8.4,8.5,8.7,8.4,8.6,8.3,8.5,8.7,8.8,9.0,9.2,9.1,9.2,9.2,9.4,9.3,9.3,9.5,9.3,9.7,9.8,9.9,9.7,9.7,9.8
096025,9.3,9.2,9.2,9.5,9.1,9.4,9.4,8.9,9.4,9.8,9.5,10.0,9.9,9.8,9.7,10.0,9.7,9.9,9.9,9.9,10.2,10.2,10.0,10.0,10.1
096026,9.7,9.8,10.0,9.7,10.1,10.3,9.7,10.0,10.2,10.3,10.2,9.9,10.2,10.7,10.3,10.2,10.2,10.4,10.8,10.4,10.7,10.5,10.1,10.2,10.2
096027,8.3,8.6,8.7,8.8,8.9,9.0,9.0,8.9,9.2,9.6,9.7,10.1,9.9,9.9,10.1,10.0,10.3,10.4,10.7,10.7,11.0,10.8,10.9,10.9,11.5
096028,7.6,7.7,7.7,7.5,7.9,7.9,7.9,7.8,8.0,8.3,8.4,8.4,8.6,8.6,8.5,8.7,8.8,8.9,8.9,9.0,9.2,8.8,8.8,9.0,9.2
096030,10.4,10.2,10.3,10.4,10.3,10.5,10.5,10.6,10.7,11.4,11.5,11.4,11.4,11.8,11.1,11.6,11.7,11.6,12.0,11.8,12.0,12.1,11.9,12.2,12.3
096031,7.5,7.7,7.6,7.8,7.8,7.8,7.8,7.7,7.9,7.9,8.1,7.9,8.3,8.0,8.2,8.0,8.1,8.0,8.4,8.4,8.5,8.3,8.2,8.3,7.9
096032,6.7,6.8,6.8,6.8,6.9,7.0,6.9,7.0,6.9,7.3,7.4,7.3,7.4,7.5,7.3,7.4,7.7,7.7,7.5,7.7,8.0,7.8,8.2,8.0,8.1
096033,7.8,7.7,7.5,7.8,7.8,7.8,8.1,8.0,8.1,8.3,8.4,8.3,8.3,8.4,8.6,8.8,8.8,8.8,8.9,9.0,9.1,9.1,9.1,9.3,9.4
096034,9.2,9.2,9.0,9.0,9.4,9.0,9.4,9.6,9.4,9.7,9.9,10.0,9.9,10.2,10.2,10.1,10.2,10.1,10.5,10.5,10.8,10.6,10.5,10.8,10.9
096035,7.8,7.8,7.9,8.0,7.8,7.8,7.8,8.1,8.0,8.4,8.3,8.4,8.3,8.6,8.5,8.7,8.6,8.9,8.9,8.8,9.0,9.1,8.9,9.0,9.2
096037,7.2,7.3,7.3,7.4,7.3,7.5,7.7,7.5,7.8,8.2,7.8,7.9,7.9,8.0,8.1,8.2,8.0,8.3,8.4,8.5,8.9,8.7,8.7,8.8,9.0
096038,9.6,9.2,9.1,9.3,9.7,10.0,9.8,9.8,10.1,10.3,10.4,10.5,10.6,10.4,10.3,10.8,11.1,10.6,11.3,11.2,11.3,11.5,11.2,12.1,11.6
096039,8.3,8.5,8.4,8.6,8.5,8.6,8.6,8.8,8.8,9.1,9.2,9.0,9.3,9.2,9.1,9.4,9.4,9.6,9.1,9.3,9.4,9.7,9.6,9.7,9.8
096040,8.8,8.4,8.4,8.4,8.5,8.5,8.6,8.3,8.5,8.8,8.8,8.8,9.0,9.1,9.0,8.9,9.1,9.2,9.2,9.2,9.1,9.2,9.3,9.3,9.3
096041,9.0,8.8,8.9,9.0,8.9,8.9,9.0,8.9,9.1,9.4,9.3,9.2,9.2,9.4,9.5,9.2,9.4,9.3,9.4,9.4,9.6,9.5,9.5,9.6,9.6
096042,7.6,7.4,7.7,7.6,7.7,7.6,7.8,7.7,7.8,7.9,8.0,8.2,8.3,8.4,8.3,8.3,8.4,8.5,8.7,8.5,8.7,8.6,8.6,8.9,8.8
096043,10.0,10.1,10.0,10.2,10.3,10.1,10.6,10.2,10.3,10.6,10.5,10.8,10.7,10.9,10.7,10.8,10.7,11.0,10.8,11.0,11.1,10.8,11.3,10.9,10.9
096044,9.1,9.1,9.0,9.3,9.1,8.9,8.8,9.0,8.7,9.2,9.3,9.2,9.3,9.5,9.3,9.0,8.9,9.0,9.2,9.2,9.0,8.9,8.6,8.7,8.9
096046,7.5,7.9,7.8,8.1,8.0,8.1,8.1,8.2,8.2,8.4,8.7,8.3,8.4,8.6,8.8,8.7,8.8,8.9,8.9,9.3,9.2,9.0,9.1,9.4,9.2
096047,9.5,9.9,9.6,9.9,9.6,9.8,9.7,9.8,9.4,10.1,10.0,10.2,10.0,10.0,10.3,10.3,10.0,10.2,10.4,10.4,10.8,10.4,10.6,10.6,10.4
096048,8.2,8.1,8.4,8.2,8.1,8.5,8.8,8.5,8.6,8.6,8.8,8.8,8.7,8.9,8.9,9.0,9.0,9.0,9.2,8.9,9.2,9.2,9.3,9.0,9.2
096049,8.4,8.6,8.3,8.5,8.7,8.9,9.0,9.0,8.9,9.4,9.9,9.7,9.4,9.9,10.0,10.2,10.1,10.3,10.6,10.7,11.0,10.8,10.6,11.2,11.0
096050,7.9,8.0,8.0,8.2,8.4,8.6,8.4,8.4,8.7,9.0,9.1,9.2,9.3,9.5,9.3,9.6,9.5,9.9,10.5,10.6,10.4,10.5,10.4,11.1,10.9
096053,9.0,9.1,8.9,9.2,9.2,9.0,9.0,9.1,9.2,9.6,9.5,9.5,9.5,9.5,9.4,9.8,9.7,9.7,9.5,9.4,9.8,9.5,9.8,9.8,9.8
096054,7.5,7.5,7.7,7.4,7.7,7.8,7.6,7.9,7.7,8.1,7.9,8.5,8.3,8.0,8.1,8.4,8.1,8.2,8.5,8.4,8.6,8.2,8.8,8.6,8.9
096055,8.5,8.5,8.6,8.5,8.6,8.9,8.8,8.9,8.9,9.3,9.3,9.1,9.4,9.6,9.4,9.6,9.8,9.5,9.7,9.9,10.3,10.2,10.1,10.0,10.1
096056,8.9,8.8,9.3,9.5,9.4,9.5,9.7,9.3,9.7,10.3,10.2,10.5,10.4,10.5,10.7,11.0,10.8,11.2,11.2,11.5,12.0,11.8,12.0,12.2,11.7
096057,7.8,7.9,8.1,7.8,7.9,8.3,8.3,8.4,8.4,8.7,8.9,8.8,9.2,9.0,9.0,9.2,9.1,9.3,9.5,9.7,9.7,9.8,9.6,9.8,9.9
096058,8.7,8.9,8.8,9.0,9.3,9.1,9.3,9.1,9.5,9.9,9.8,9.9,9.8,10.0,10.4,10.0,10.2,10.8,10.4,10.6,11.0,10.6,10.5,10.8,11.1
096059,8.7,9.0,8.8,9.1,8.9,9.3,9.2,9.2,9.4,9.8,9.6,10.0,10.1,9.8,10.2,10.3,10.6,10.2,10.7,10.9,11.1,10.9,11.1,11.2,11.3
096063,7.6,7.9,7.8,7.6,7.9,7.8,8.2,7.9,8.1,8.2,8.2,7.9,8.5,8.4,8.5,8.4,8.7,8.5,8.6,8.8,8.8,9.0,8.8,8.8,8.9
096064,7.4,7.5,7.5,7.6,7.8,7.8,7.8,7.9,7.9,8.2,8.5,8.4,8.3,8.9,8.8,8.6,9.1,8.8,8.8,9.2,9.2,9.3,9.1,9.2,9.5
096065,7.2,7.3,7.1,7.4,7.4,7.5,7.3,7.6,7.6,7.9,8.1,8.2,8.3,8.1,8.0,8.6,8.3,8.4,8.5,8.8,8.8,9.0,9.0,9.0,9.0
096066,7.4,7.5,7.6,7.5,7.6,7.8,7.9,7.8,8.1,8.2,8.1,8.2,8.4,8.2,8.6,8.7,8.6,8.8,8.6,8.7,9.1,8.8,9.0,9.1,9.1
096067,10.1,9.7,9.7,10.0,10.4,10.0,10.5,10.1,10.5,10.7,11.2,10.7,11.1,11.2,11.1,11.3,11.6,11.6,11.6,11.5,11.9,12.1,12.0,12.0,12.5
096068,7.8,8.1,8.2,8.1,8.2,8.4,8.5,8.9,8.7,9.2,9.0,9.4,9.6,9.3,9.6,9.6,9.8,9.8,10.0,10.2,10.5,10.2,10.6,10.5,10.7
096069,8.8,8.8,8.8,9.0,9.1,8.9,8.7,9.0,9.0,9.6,9.5,9.4,9.4,9.7,9.7,9.3,9.2,9.5,9.7,9.5,10.1,9.7,9.7,10.0,9.7
096071,7.5,7.4,7.6,7.5,7.6,7.8,7.8,7.7,7.8,8.1,8.3,8.2,8.1,8.4,8.4,8.7,8.4,8.5,8.6,8.7,8.8,8.8,8.8,8.7,9.1
096072,10.7,10.8,11.1,11.1,11.0,11.3,11.4,11.4,11.2,11.6,11.9,11.8,12.0,12.1,11.9,11.6,12.0,12.0,12.4,12.0,12.8,12.2,12.3,12.3,12.8
096074,7.4,7.3,7.4,7.4,7.3,7.3,7.3,7.2,7.2,7.4,7.6,7.4,7.5,7.5,7.5,7.7,7.5,7.7,7.5,7.7,7.7,7.7,7.6,7.8,7.9
096075,8.8,8.7,8.8,8.7,9.0,8.8,8.9,8.8,8.8,9.4,9.0,9.1,9.2,9.1,8.9,8.9,9.3,9.1,9.1,8.9,9.1,9.3,9.0,9.0,9.3
096076,11.4,11.2,11.4,11.5,11.3,11.6,12.0,11.9,12.0,11.8,12.3,12.5,12.8,12.9,12.9,12.6,13.0,13.0,12.7,12.8,13.7,13.5,13.3,13.5,14.0
096077,7.7,7.6,7.7,7.5,7.6,7.6,7.6,7.6,7.8,7.8,7.9,8.0,8.2,8.1,8.1,8.3,8.4,8.6,8.4,8.4,8.6,8.8,9.0,8.5,8.7
096078,9.5,9.7,9.8,9.8,10.2,10.1,9.9,10.0,10.0,10.1,10.3,10.4,10.3,10.3,10.1,10.2,10.2,10.1,10.0,10.5,10.3,10.8,10.3,10.4,10.5
096079,7.6,7.4,7.5,7.6,7.8,7.6,7.9,7.9,7.8,8.3,8.3,8.2,8.1,8.3,8.5,8.6,8.6,8.5,8.8,8.5,9.0,8.8,8.9,8.9,8.9
096080,9.4,9.3,9.5,9.4,9.6,9.7,9.6,9.5,9.5,10.2,10.0,10.2,10.2,10.1,10.4,10.6,10.5,10.7,10.7,11.0,11.0,11.0,10.6,11.2,11.1
096081,7.2,7.2,7.4,7.3,7.3,7.3,7.5,7.4,7.5,7.7,7.6,7.6,7.8,7.8,7.8,7.9,7.9,7.9,8.1,7.8,8.2,8.1,7.9,8.1,8.2
096082,9.7,9.8,9.7,9.8,10.2,10.2,10.3,10.3,10.2,10.9,11.1,11.3,10.7,11.0,11.1,11.0,11.4,11.7,11.5,11.4,12.0,11.5,11.9,11.9,11.8
096083,9.6,9.9,9.9,10.0,9.6,9.9,10.0,10.1,9.9,10.4,10.3,10.2,10.5,10.7,10.5,10.7,10.4,10.5,10.7,10.7,10.8,11.1,10.8,10.9,11.0
096085,9.1,9.2,9.0,9.6,9.1,9.3,9.4,9.2,9.6,9.9,10.2,10.3,10.0,9.9,10.4,10.3,10.5,10.4,10.3,10.9,11.2,10.9,10.8,11.1,11.3
096086,10.5,10.6,10.6,10.8,10.8,11.0,11.0,11.0,11.5,11.8,11.6,11.8,11.7,12.2,12.3,12.8,12.7,12.6,12.6,12.7,13.0,12.9,13.1,13.2,13.1
096087,8.9,9.2,9.4,9.1,9.1,9.4,9.2,9.4,9.3,9.7,9.7,9.8,9.8,10.0,9.9,10.1,10.2,10.3,10.1,10.4,10.6,10.6,10.4,10.4,10.4
096088,7.6,7.6,7.7,7.8,7.7,7.7,7.9,7.8,7.9,8.1,8.4,8.3,8.3,8.4,8.6,8.5,8.5,8.8,8.5,8.8,9.1,9.0,8.8,9.0,9.1
097001,8.7,8.8,8.7,9.0,9.0,8.9,9.3,9.3,9.2,9.9,10.2,9.8,9.7,9.7,10.1,10.1,10.1,10.6,10.5,10.5,11.0,10.5,10.9,10.7,10.8
097002,7.6,7.9,7.8,7.8,8.2,7.9,8.0,8.2,8.2,8.5,8.5,8.5,9.1,8.8,9.2,8.8,9.2,9.4,9.7,9.6,9.7,9.7,9.6,9.7,10.4
097003,8.3,8.4,8.3,8.3,8.5,8.4,8.4,8.4,8.6,8.8,9.2,9.2,9.0,9.4,9.1,9.5,9.3,9.6,9.3,9.5,9.6,9.6,9.7,10.0,9.5
097004,6.8,6.9,7.0,6.9,7.2,7.0,7.4,7.2,7.3,7.6,7.6,7.8,8.2,8.1,8.0,8.1,8.0,8.4,8.2,8.6,8.7,8.6,8.6,8.9,9.1
097005,8.2,7.9,8.4,8.5,8.4,8.6,8.4,8.6,8.5,8.6,8.9,8.7,8.9,8.8,8.9,8.7,8.7,9.0,8.9,8.6,8.8,8.9,9.1,9.1,8.9
097006,9.9,9.8,9.8,9.8,10.4,9.9,10.2,10.4,10.1,10.6,10.5,10.4,10.7,10.8,10.4,10.9,10.8,11.2,11.3,11.1,11.0,11.5,11.0,11.3,11.3
097007,9.2,9.5,9.6,9.2,9.4,9.5,9.5,9.7,9.7,10.1,9.9,10.4,10.2,10.1,10.2,10.1,10.2,10.6,10.7,10.6,11.1,10.6,10.8,10.7,11.0
097008,7.6,7.5,7.5,7.3,7.5,7.7,7.7,7.8,7.7,8.0,8.2,8.1,8.5,8.3,8.2,8.1,8.4,8.4,8.5,8.5,8.7,8.9,8.6,8.7,8.6
097009,9.5,9.7,9.8,9.7,9.9,10.2,10.4,10.3,10.4,10.8,10.8,10.9,11.1,11.2,11.3,11.2,11.5,11.6,11.5,11.5,12.6,11.4,12.4,12.2,12.3
097010,7.7,7.9,7.9,8.0,7.9,8.1,7.9,8.0,8.0,8.2,8.4,8.2,8.2,8.2,8.5,8.2,8.4,8.6,8.4,8.5,8.5,8.4,8.3,8.2,8.3
097011,10.6,10.5,10.6,10.6,10.9,10.7,10.6,11.1,11.0,11.9,11.9,12.0,12.0,12.4,12.1,12.4,12.8,13.0,13.1,12.7,13.3,12.8,13.4,13.2,13.2
097012,8.5,8.6,8.7,8.7,8.5,8.7,8.4,8.5,8.6,8.5,8.9,8.5,8.8,9.0,8.9,9.0,9.0,9.2,8.8,9.2,9.2,9.0,8.8,9.0,8.8
097013,8.1,8.1,8.0,8.2,8.2,8.4,8.6,8.6,8.8,9.1,8.9,9.4,9.6,9.8,9.3,9.9,10.1,9.7,9.6,10.1,10.7,10.3,10.4,10.5,10.6
097014,8.1,8.5,8.3,8.6,8.4,8.5,8.7,8.6,8.6,8.9,8.8,9.1,9.0,8.9,9.4,9.2,9.3,9.2,9.3,9.5,9.4,9.8,9.4,9.8,9.6
097015,8.5,8.6,8.7,9.0,8.6,9.0,8.9,9.1,8.9,9.5,9.4,9.5,9.9,9.6,9.8,9.5,10.1,9.7,10.2,10.3,10.2,10.4,10.4,10.5,10.4
097016,9.4,9.4,9.4,9.3,9.7,9.5,9.9,9.7,9.7,10.0,10.2,10.2,10.3,10.2,10.6,10.5,10.5,10.4,10.4,11.1,11.2,10.9,10.6,10.7,10.9
097017,9.0,9.1,9.2,8.9,9.1,9.1,9.0,9.1,9.2,9.5,9.4,9.4,9.4,9.5,9.4,9.4,9.5,9.7,9.6,9.4,9.8,9.7,9.5,9.5,9.3
097018,9.1,9.5,9.6,9.6,9.6,9.8,9.8,9.9,10.1,10.0,10.4,10.3,10.6,10.6,11.2,11.1,11.2,11.0,11.1,11.0,11.8,11.4,11.5,12.1,11.7
097019,9.1,9.1,9.0,9.3,9.3,9.4,9.1,9.6,9.1,9.9,10.1,10.2,9.8,10.1,10.0,10.0,10.1,10.3,10.1,10.5,10.4,10.3,10.8,10.3,10.6
097020,8.0,8.1,8.1,8.3,8.3,8.7,8.3,8.6,8.7,9.0,9.0,9.0,9.4,9.2,9.6,10.0,9.7,9.5,9.8,10.0,10.7,10.2,10.4,10.5,10.6
097021,7.0,7.2,7.3,7.2,7.5,7.4,7.6,7.5,7.5,7.7,7.8,8.2,8.1,8.2,8.2,8.4,8.2,8.3,8.6,8.6,9.1,8.8,8.6,9.0,9.1
097022,8.1,8.0,8.4,8.4,8.3,8.1,8.5,8.3,8.5,8.6,8.7,8.7,8.8,8.9,8.8,8.9,8.9,8.8,8.9,8.8,9.0,8.8,8.7,8.8,9.0
097023,9.1,9.4,9.4,9.3,9.4,10.0,9.9,9.9,10.0,10.1,10.3,10.6,10.7,10.5,10.6,10.8,11.0,11.1,11.5,11.0,11.6,11.3,11.7,11.6,11.5
097024,7.0,6.9,7.0,6.9,7.1,7.2,7.1,7.1,7.3,7.5,7.5,7.4,7.7,7.6,7.6,7.7,7.7,7.9,7.6,7.9,8.1,7.9,7.9,8.2,8.1
097025,10.7,10.8,11.1,10.7,11.3,10.6,11.5,11.2,11.6,11.9,12.0,12.1,12.2,12.2,12.6,12.5,12.5,12.7,12.5,12.8,13.5,13.7,13.1,13.2,14.0
097026,8.0,8.0,8.2,8.2,8.3,8.1,8.2,8.3,8.3,8.4,8.7,8.7,8.8,8.6,8.8,8.9,8.8,8.9,8.8,8.9,9.1,8.9,9.0,9.3,9.2
097027,8.7,8.9,8.6,8.5,8.9,8.9,8.9,8.9,8.6,8.9,9.1,9.0,9.1,9.1,9.0,9.0,9.0,9.1,9.0,9.2,9.3,8.9,9.0,8.7,9.2
097028,9.0,8.9,9.0,9.1,9.2,9.1,9.1,9.0,8.9,9.6,9.8,9.6,9.1,9.3,9.6,9.7,9.8,9.9,9.5,9.3,10.1,9.6,9.7,9.7,9.8
097029,9.5,9.8,9.5,9.7,9.9,10.0,9.8,10.1,10.0,10.3,10.6,10.7,11.2,10.7,10.5,11.0,11.1,11.2,11.4,11.1,11.5,11.4,11.6,11.7,12.1
097030,8.4,8.0,8.1,7.9,8.2,8.3,8.4,8.5,8.3,8.9,9.0,9.1,8.9,9.2,9.0,9.1,9.1,8.9,9.2,9.3,9.6,9.3,9.4,9.5,9.7
097031,7.9,7.8,7.6,7.8,7.9,7.8,7.8,7.8,7.7,8.1,8.2,8.1,8.0,8.1,8.3,8.1,8.2,8.1,8.2,8.2,8.3,8.1,8.3,8.3,8.1
097032,7.8,8.1,8.0,8.0,8.3,8.4,8.4,8.7,8.6,9.0,9.0,9.0,9.2,9.7,9.4,9.3,9.7,9.8,9.7,10.2,10.6,10.1,10.3,10.7,10.6
097033,7.6,7.7,7.4,7.7,7.5,7.5,7.6,7.5,7.6,8.1,8.0,8.1,7.9,8.1,8.0,8.2,8.3,8.0,8.4,8.3,8.2,8.2,8.4,8.4,8.5
097034,8.1,8.3,8.2,8.5,8.2,8.7,8.1,8.5,8.5,8.7,8.8,8.9,9.2,8.7,8.9,8.9,9.2,9.3,9.3,9.4,9.8,9.5,9.5,9.2,9.7
097035,9.1,9.2,9.3,9.5,9.4,9.5,9.6,9.6,9.9,10.0,9.9,10.1,10.1,10.3,10.1,10.3,10.3,10.3,10.7,10.4,10.5,10.7,10.7,10.8,11.1
097036,8.2,8.1,8.4,8.1,8.4,8.3,8.5,8.6,8.5,8.9,9.1,8.9,9.1,8.8,9.0,9.3,9.3,9.3,9.4,9.3,9.4,9.3,9.3,9.1,9.1
097037,7.8,8.1,8.1,8.0,8.2,8.2,8.1,8.2,8.4,8.6,8.7,8.7,8.6,8.9,9.2,9.3,9.2,9.3,9.3,9.4,9.1,9.4,9.0,9.9,10.0
097038,7.2,7.1,7.3,7.3,7.3,7.4,7.2,7.4,7.5,7.6,7.4,7.7,7.6,8.0,7.9,7.8,8.2,7.8,8.1,7.9,8.4,8.0,8.3,8.2,8.3
097039,8.2,8.3,8.5,8.3,8.5,8.4,8.5,8.4,8.4,8.8,8.8,8.9,9.1,8.9,8.9,9.1,9.2,9.2,9.1,9.3,9.2,9.4,9.5,9.3,9.0
097040,8.2,8.0,8.1,8.4,8.2,8.3,8.1,8.4,8.4,8.8,8.7,8.7,8.7,9.2,8.8,8.9,8.8,9.2,8.8,9.3,9.5,9.3,9.4,9.6,9.3
097042,8.3,8.3,8.3,8.1,8.6,8.5,8.6,8.4,8.6,8.9,9.2,9.0,9.5,8.8,9.3,9.2,9.2,9.2,9.1,9.2,9.7,9.4,9.4,9.6,9.4
097043,8.6,9.0,8.9,9.1,9.1,9.1,9.3,9.2,9.5,9.9,9.9,9.7,10.0,10.0,10.3,10.1,10.3,10.5,10.5,10.5,11.0,10.9,10.9,11.2,10.8
097044,8.9,9.4,9.4,9.4,9.6,9.9,9.7,10.1,10.1,10.3,10.6,10.9,11.0,11.0,11.2,11.1,11.5,11.6,12.2,11.9,12.4,12.3,12.2,12.8,12.9
097045,9.2,9.1,8.9,9.1,9.3,9.5,9.4,9.4,9.5,9.8,10.0,9.8,9.8,10.0,10.5,10.2,10.6,10.6,10.9,10.3,11.4,10.6,10.8,11.0,10.7
097046,11.3,11.4,11.2,11.7,11.6,11.6,11.7,11.8,11.8,12.0,12.2,12.2,12.2,12.8,13.0,12.4,12.5,13.1,13.2,13.6,13.4,13.6,13.4,13.4,13.9
097047,7.2,7.3,7.2,7.2,7.3,7.2,7.2,7.5,7.3,7.6,7.7,7.8,7.9,7.6,7.8,8.0,7.8,7.8,8.0,7.9,8.1,8.0,8.1,8.0,8.2
097048,7.5,7.6,7.9,7.7,7.7,7.8,8.0,8.1,8.1,8.4,8.3,8.4,8.5,8.6,8.6,8.8,8.8,8.8,9.0,9.0,9.0,9.3,9.5,9.4,9.5
097049,9.0,9.0,9.1,8.8,8.8,8.8,8.9,8.9,9.1,9.4,9.1,9.3,9.3,9.6,9.4,9.5,9.6,9.7,9.6,9.8,10.0,9.7,9.6,9.7,9.7
097050,8.0,7.7,8.1,8.3,7.9,8.3,7.9,8.3,8.4,8.3,8.5,8.6,8.7,8.8,9.0,8.8,8.6,8.8,8.7,8.8,8.9,8.8,8.9,9.1,9.1
097051,9.4,9.7,9.6,9.7,9.9,10.1,9.9,9.9,10.1,10.8,10.4,10.6,10.6,10.9,11.2,11.1,11.1,11.0,11.2,11.5,11.7,11.9,11.5,11.7,11.5
097052,7.8,7.5,7.5,7.6,7.9,8.0,7.8,8.1,8.1,8.3,8.4,8.6,8.6,8.5,8.8,8.9,8.9,9.1,8.9,9.1,9.5,9.3,9.4,9.4,9.2
097053,8.9,8.8,8.8,8.9,9.0,9.3,9.3,9.5,9.6,10.1,10.1,10.0,10.4,10.5,10.0,10.8,10.5,10.8,10.6,10.7,11.5,11.2,11.2,11.3,11.3
097054,7.3,7.2,7.3,7.2,7.3,7.2,7.4,7.3,7.4,7.6,7.7,7.6,7.5,7.3,7.5,7.7,7.7,7.6,7.6,7.5,8.0,7.6,7.7,7.6,7.4
097055,8.9,8.7,9.0,9.0,9.0,9.1,9.0,9.1,9.1,9.3,9.5,9.5,9.6,9.6,9.4,9.5,9.4,9.7,10.0,9.8,9.8,9.7,9.7,9.7,9.8
097056,8.8,8.8,8.9,9.0,8.8,8.8,9.3,9.1,9.3,9.6,9.4,10.0,9.8,9.6,9.8,9.7,10.0,10.1,10.3,10.4,10.7,10.6,10.6,10.8,10.7
097057,7.2,7.3,7.6,7.5,7.6,7.6,7.4,7.7,7.7,8.1,8.3,8.1,8.4,8.4,8.4,8.3,8.2,8.6,8.6,8.5,8.8,8.6,8.7,8.8,8.7
097058,9.4,9.3,9.5,9.4,9.4,9.5,9.4,9.7,9.7,10.3,10.4,10.6,10.6,10.6,10.9,11.0,10.6,11.0,10.8,11.1,11.5,11.0,11.3,11.5,11.4
097059,7.9,8.1,8.1,8.0,8.2,8.1,8.4,8.0,8.4,8.9,8.7,9.0,8.9,8.6,9.0,8.9,9.1,9.2,9.3,9.4,9.7,9.3,9.3,9.6,9.6
097060,8.0,8.1,8.2,8.3,8.5,8.2,8.4,8.7,8.5,9.2,9.0,9.2,8.9,9.4,9.2,9.5,9.6,9.8,9.9,9.9,9.9,9.9,9.8,9.9,10.1
097061,7.3,7.5,7.4,7.6,7.5,7.5,7.4,7.5,7.7,7.8,8.0,8.0,8.1,8.3,8.0,8.3,8.4,8.4,8.3,8.5,8.5,8.3,8.5,8.4,8.4
097062,9.8,9.7,9.8,9.7,9.8,9.8,10.0,9.7,9.9,10.4,10.3,10.8,10.5,10.5,10.8,10.8,10.9,10.7,11.0,11.0,11.2,11.5,11.2,10.9,10.8
097063,7.5,7.5,7.4,7.9,7.6,7.7,7.6,7.9,7.9,8.3,8.5,8.5,8.4,8.4,8.6,8.6,8.5,8.7,9.0,9.2,9.3,9.2,9.4,9.3,9.3
097064,8.0,8.3,8.5,8.6,8.6,8.9,9.0,9.0,9.3,9.7,9.8,10.1,10.2,10.2,10.1,10.3,10.7,10.5,11.2,10.9,11.5,11.4,11.8,11.8,11.6
097065,9.1,9.0,9.4,9.3,9.5,9.4,9.6,9.7,9.7,10.2,10.2,10.2,10.5,10.6,10.3,10.8,10.7,10.9,11.0,10.9,11.9,11.1,12.0,11.4,12.1
097067,9.0,9.0,9.3,9.1,9.2,9.6,9.7,10.0,9.8,10.2,10.2,10.3,10.7,10.4,10.8,10.7,11.3,11.0,11.3,11.0,11.7,11.8,11.7,11.8,12.1
097068,7.4,7.4,7.5,7.5,7.5,7.7,7.7,7.8,7.9,8.2,8.5,8.6,8.3,8.3,8.5,8.8,8.6,8.7,8.6,8.9,9.0,9.4,9.1,9.4,9.2
097069,9.7,9.9,9.5,9.8,9.8,9.9,9.6,10.0,9.7,10.1,10.0,10.1,10.3,10.3,10.4,10.5,10.4,10.3,10.9,10.7,10.7,10.8,10.8,10.7,10.6
097070,7.1,7.3,7.3,7.5,7.5,7.4,7.5,7.4,7.6,7.9,7.9,7.9,8.1,8.2,8.4,8.4,8.5,8.5,8.6,8.5,8.9,8.6,8.6,9.2,9.1
097071,8.5,8.2,8.4,8.4,8.5,8.7,8.7,8.9,9.0,9.4,9.4,9.7,9.7,9.4,10.0,9.7,9.9,10.1,10.2,10.4,10.6,10.5,10.5,10.5,10.6
097072,9.1,8.8,8.8,8.9,9.0,9.2,9.3,9.1,9.4,9.4,9.4,9.6,9.7,9.7,9.9,9.6,9.7,9.8,10.0,10.1,10.3,10.1,10.2,9.8,10.2
097074,9.7,9.8,9.7,9.7,10.0,10.0,10.0,9.8,10.0,10.8,10.6,10.7,10.8,11.1,10.8,11.1,10.7,10.9,11.2,11.3,11.6,11.2,11.6,11.5,11.4
097075,8.7,8.9,8.8,8.7,9.0,9.1,9.4,9.1,9.1,9.8,9.7,10.0,9.9,9.9,10.4,10.5,10.2,10.5,10.7,10.9,11.5,11.2,11.2,11.5,11.5
097076,9.7,9.4,9.7,9.9,9.7,10.0,10.0,9.9,10.2,10.5,10.8,11.2,10.9,10.7,11.6,11.3,11.4,11.3,11.6,11.9,12.4,11.8,12.2,12.0,12.0
097077,7.2,7.3,7.3,7.2,7.4,7.2,7.3,7.4,7.5,7.8,7.7,7.8,7.8,8.0,7.9,8.0,8.0,8.0,7.9,8.2,8.3,8.1,8.1,8.1,8.3
097078,8.5,8.5,8.3,8.5,8.7,8.6,8.4,8.6,8.7,8.6,8.8,8.7,8.8,8.9,8.7,8.7,9.0,8.4,8.7,8.8,9.0,8.7,8.7,8.6,8.5
097079,9.2,9.1,9.0,9.1,9.1,9.1,9.4,9.3,9.3,9.5,9.8,9.6,9.8,10.0,10.0,9.7,9.6,9.9,10.0,9.9,10.2,10.2,9.9,9.8,9.9
097082,8.4,8.4,8.5,8.2,8.2,8.1,8.4,8.7,8.8,9.0,8.8,8.8,8.8,9.0,8.9,9.3,9.2,8.9,9.3,9.1,9.4,9.1,9.3,9.3,9.2
097083,10.1,10.1,10.2,10.1,10.5,10.5,10.2,10.4,10.8,11.1,11.1,11.2,11.3,11.2,11.6,11.8,12.0,11.7,11.9,12.4,12.6,12.1,12.2,12.5,12.4
097084,9.6,9.7,9.4,10.0,9.6,9.8,9.8,10.1,10.1,10.6,10.6,10.4,10.6,11.2,11.0,11.0,11.0,11.0,11.1,11.1,11.5,11.4,11.8,11.8,11.4
097086,8.0,7.6,7.9,7.8,7.8,8.2,7.9,7.9,7.9,8.3,8.0,8.3,8.2,7.9,8.2,7.9,8.1,8.0,8.3,8.0,8.3,8.1,8.2,8.2,8.2
097090,8.5,8.4,8.4,8.5,8.4,8.6,8.5,8.8,8.6,9.1,9.0,9.1,8.9,9.1,9.0,9.4,9.1,9.1,9.2,9.1,9.6,9.2,9.3,9.0,9.3
097091,6.6,6.6,6.8,6.7,6.7,7.0,6.7,6.8,6.7,7.2,7.0,7.1,7.0,7.1,7.2,7.2,7.4,7.2,7.6,7.4,7.4,7.7,7.4,7.5,7.9
097092,7.9,8.1,8.2,8.4,8.4,8.3,8.5,8.9,9.0,9.1,9.6,9.7,9.8,9.8,9.8,10.3,10.4,10.4,10.4,10.4,11.3,11.0,11.6,11.5,11.8
097093,8.0,7.9,8.3,8.0,8.0,8.2,8.1,8.1,8.4,8.5,8.6,8.5,8.6,8.8,8.6,8.6,8.7,8.9,8.7,8.7,8.8,8.7,9.0,8.9,8.9
098001,9.2,9.3,9.0,9.2,9.3,9.7,9.5,9.4,10.0,9.9,10.1,10.2,10.1,9.9,9.9,10.4,10.4,10.3,10.4,10.4,10.9,10.5,10.6,10.6,10.6
098002,8.2,8.2,8.3,8.6,8.6,8.5,8.4,8.7,8.4,8.9,9.3,8.9,9.0,9.2,9.3,9.3,9.3,9.3,9.5,9.4,9.7,9.5,9.7,9.6,9.5
098003,6.9,6.9,7.1,7.1,7.2,7.2,7.1,7.1,7.3,7.4,7.5,7.5,7.5,7.6,7.7,7.7,7.5,7.4,7.8,7.8,7.8,7.6,7.9,7.8,7.9
098004,7.9,8.1,7.9,8.0,8.0,8.2,8.1,8.0,8.0,8.3,8.5,8.2,8.4,8.4,8.3,8.4,8.3,8.4,8.4,8.4,8.2,8.3,8.4,8.3,8.4
098005,8.1,8.2,8.2,8.3,8.4,8.3,8.6,8.6,8.7,8.7,8.8,9.1,9.2,9.3,9.3,9.6,9.3,9.5,9.2,9.6,9.8,9.8,10.0,9.8,10.1
098006,6.2,6.2,6.2,6.1,6.2,6.1,6.0,6.1,6.1,6.2,6.1,6.1,6.1,6.1,6.1,6.2,6.0,6.1,6.2,6.1,6.1,6.0,6.0,6.0,5.9
098008,7.5,7.5,7.5,7.6,7.5,7.6,7.6,7.5,7.7,8.2,8.2,8.2,8.2,8.2,7.9,8.3,8.2,8.4,8.3,8.2,8.6,8.4,8.7,8.5,8.4
098009,10.3,10.4,10.4,10.3,10.2,10.5,10.7,10.8,10.6,10.7,11.0,10.7,11.2,11.1,11.2,11.2,11.3,11.5,11.6,11.0,11.5,11.8,11.7,11.8,11.6
098010,9.0,8.9,9.1,9.1,9.3,9.1,9.5,9.6,9.5,9.8,9.7,9.8,9.7,10.0,10.0,10.2,9.9,10.7,10.6,10.4,10.4,10.5,10.6,10.6,10.4
098011,8.3,8.4,8.3,8.2,8.4,8.6,8.6,8.6,8.7,8.8,9.0,8.8,8.9,9.2,9.1,9.2,9.4,9.5,9.4,9.6,9.7,9.5,9.5,9.7,9.7
098012,9.0,9.0,9.3,9.0,9.3,9.2,9.3,9.4,9.4,9.6,9.5,9.6,9.5,9.9,10.0,9.9,10.4,10.3,10.3,10.5,10.5,10.5,10.6,10.6,10.9
098013,8.0,8.1,8.2,8.0,8.2,8.1,8.4,8.3,8.3,8.6,8.7,8.8,8.9,8.9,9.2,9.2,9.1,9.2,9.5,9.7,9.7,9.7,9.7,9.8,9.7
098014,8.8,9.4,9.2,8.8,9.3,9.3,9.1,9.7,9.4,10.0,9.8,10.1,10.4,10.6,10.5,10.7,10.5,11.0,10.9,10.9,11.4,11.4,11.2,11.3,11.8
098015,9.0,9.2,9.3,9.2,9.2,9.4,9.6,9.7,9.7,9.8,10.2,10.0,10.0,10.6,10.7,10.4,11.0,11.1,11.1,10.8,11.3,10.9,11.3,11.4,11.7
098017,8.7,8.6,8.5,8.4,8.5,8.6,8.8,8.9,8.8,9.3,9.0,8.8,9.2,8.9,8.9,9.1,8.9,9.0,9.1,9.2,9.1,9.3,9.2,9.1,9.1
098018,8.5,8.4,8.7,8.7,8.6,8.7,9.1,9.2,9.4,9.3,9.6,10.1,10.0,9.9,10.1,10.3,10.3,10.5,10.6,10.6,11.3,11.0,11.4,11.1,11.7
098019,7.8,7.6,7.7,7.6,7.7,7.8,7.9,7.8,8.0,8.5,8.5,8.5,8.6,8.8,8.7,8.8,9.3,8.8,9.4,9.3,9.4,9.3,9.5,9.8,9.6
098020,8.7,8.7,8.8,8.9,8.8,8.8,8.9,9.0,9.0,9.3,9.4,9.2,9.6,9.6,9.6,9.8,10.1,9.3,10.0,9.8,10.4,10.1,10.1,10.2,10.1
098021,10.1,10.5,10.2,10.3,10.3,10.4,10.9,10.8,10.9,11.3,11.2,11.4,11.6,12.0,11.9,11.5,12.6,12.1,12.2,12.5,12.9,12.9,12.9,12.7,13.1
098022,7.7,7.8,7.9,8.0,8.2,8.2,8.3,8.2,8.3,8.7,8.9,9.0,9.0,9.1,9.1,9.0,9.3,9.2,9.6,9.4,9.8,9.8,10.0,10.0,10.2
098023,9.5,9.4,9.7,9.5,9.8,9.6,9.8,9.5,9.9,10.2,10.0,10.0,10.2,10.0,10.1,10.2,10.4,10.4,10.3,10.3,10.6,10.6,10.0,10.5,10.3
098024,10.2,10.1,9.9,10.0,10.2,10.1,10.3,10.8,10.6,11.1,11.0,11.6,11.3,11.6,11.5,11.3,11.9,12.1,11.9,12.0,12.5,12.5,12.6,12.5,12.9
098025,7.8,8.0,8.0,8.0,8.1,8.2,8.1,8.3,8.2,8.7,8.9,8.6,8.9,8.9,9.3,8.8,8.8,9.2,9.1,9.3,9.4,9.5,9.2,9.4,9.8
098026,8.0,8.1,8.5,8.2,8.5,8.8,9.1,8.9,9.2,9.2,9.6,9.8,9.8,9.9,10.2,10.7,10.2,10.8,11.0,11.2,11.7,11.3,11.4,11.5,11.8
098027,8.5,8.1,8.5,8.3,8.5,8.3,8.6,8.6,8.7,8.8,8.9,9.0,9.1,9.3,9.1,9.3,9.1,9.3,9.3,9.3,9.5,9.0,9.5,9.1,9.7
098028,8.0,7.8,8.2,8.2,8.0,8.1,8.0,8.2,8.4,8.6,8.4,8.4,8.7,8.6,8.5,8.6,8.2,8.8,8.4,8.5,8.7,8.6,8.7,8.5,8.6
098029,8.6,8.8,8.6,8.9,9.1,9.0,9.0,9.3,9.0,9.2,9.2,9.6,9.5,9.6,9.5,9.6,9.3,9.7,9.7,9.7,10.2,9.9,9.9,9.6,9.9
098030,7.2,7.1,7.5,7.3,7.4,7.3,7.3,7.4,7.4,7.8,7.8,7.9,8.0,7.7,7.8,7.9,7.9,8.0,8.0,8.1,8.2,8.1,8.1,8.1,8.4
098031,8.5,8.5,8.7,8.9,8.8,9.0,9.1,9.1,9.3,9.7,9.7,9.6,9.8,9.6,9.7,10.0,10.3,10.4,10.2,10.4,10.7,10.6,10.9,10.6,11.1
098032,8.6,8.7,8.8,8.9,9.0,9.1,9.2,9.5,9.3,9.8,9.7,10.0,9.9,10.2,10.3,10.4,10.4,10.3,10.2,10.5,11.1,10.8,10.9,10.9,10.5
098033,6.8,7.0,7.0,7.1,7.4,7.3,7.2,7.4,7.2,7.7,7.6,7.6,7.5,7.7,7.7,7.6,7.9,7.8,7.9,7.9,7.9,7.9,7.8,7.8,7.8
098034,9.2,8.9,8.9,8.9,9.2,9.2,9.4,9.4,9.5,9.9,10.4,10.0,10.1,10.1,10.4,10.2,10.2,10.4,10.7,10.3,10.5,10.7,10.7,11.0,10.9
098035,9.3,9.2,9.9,9.7,10.1,9.8,10.0,9.9,10.0,10.8,10.8,10.8,10.6,11.2,10.9,10.7,11.2,11.3,11.4,11.8,11.4,11.7,11.8,12.0,12.4
098036,9.3,9.6,9.8,9.6,10.0,10.0,10.1,10.0,10.1,10.7,10.5,10.5,10.8,10.8,11.1,11.0,11.2,11.2,11.2,11.1,11.9,11.6,11.6,11.4,11.9
098037,9.6,9.8,10.0,9.6,10.0,10.1,9.9,10.1,10.2,10.5,11.0,10.7,10.9,10.9,11.0,10.9,11.3,11.1,11.2,11.3,11.6,11.5,11.8,11.7,11.6
098038,8.4,8.1,8.4,8.5,9.0,8.8,8.6,8.9,9.1,9.4,9.3,9.7,9.7,9.6,9.7,9.8,10.0,10.3,10.5,10.4,10.4,10.3,11.0,10.7,10.9
098039,8.7,8.5,8.7,8.5,8.8,8.6,8.5,8.5,8.6,9.1,8.8,8.9,8.9,9.0,8.8,8.8,8.9,9.0,9.0,9.0,9.0,9.1,9.1,9.1,9.0
098040,8.7,8.8,8.9,9.0,9.0,9.1,9.2,9.3,9.1,9.7,9.7,9.8,9.9,9.8,9.9,10.1,10.0,9.9,10.2,10.6,10.6,10.2,10.5,10.4,10.6
098041,8.2,8.2,8.1,8.3,8.4,8.2,8.4,8.7,8.7,8.9,9.1,9.3,9.0,9.2,9.4,9.4,9.6,9.4,9.1,9.3,10.0,9.8,9.7,9.8,9.9
098042,7.5,7.2,7.3,7.4,7.5,7.5,7.5,7.4,7.4,7.5,7.8,7.8,7.7,7.7,7.9,7.8,7.5,7.8,7.8,7.8,8.0,7.7,7.6,7.5,7.9
098043,8.1,8.3,8.2,8.2,8.2,8.3,8.3,8.5,8.2,8.7,8.7,8.8,8.8,8.8,8.8,8.7,8.9,9.2,9.0,9.0,9.0,8.9,8.8,8.9,9.0
098044,7.5,7.8,8.0,7.8,8.0,8.1,8.1,8.4,8.4,8.7,8.8,8.8,9.0,9.1,9.7,9.6,9.4,9.7,9.8,9.8,10.5,10.5,10.4,10.5,11.0
098045,8.9,9.0,9.1,9.0,9.1,9.1,9.1,9.2,9.2,9.4,9.4,9.9,9.7,9.8,9.7,9.9,10.0,9.6,9.8,9.8,10.3,10.0,9.9,10.0,10.3
098046,8.0,8.1,7.8,8.3,8.3,8.4,8.2,8.4,8.3,8.6,8.7,8.9,8.8,9.0,9.1,8.9,9.1,8.8,9.4,9.2,9.5,9.4,9.5,9.5,9.7
098047,8.0,7.8,8.2,8.2,8.5,8.5,8.5,8.7,8.8,9.3,9.4,9.2,9.4,9.8,9.8,10.0,9.9,10.1,10.6,10.5,10.7,10.6,10.9,10.8,11.2
098048,8.5,8.5,8.7,9.0,9.0,8.9,9.0,9.1,9.0,9.1,9.7,9.7,9.8,9.7,9.7,9.8,10.0,10.2,10.2,10.0,10.5,10.2,10.5,10.5,10.6
098049,8.7,8.5,8.7,8.6,8.8,9.0,9.3,9.2,9.3,9.8,9.6,9.8,10.1,10.1,10.4,10.5,10.8,10.9,10.9,11.0,11.3,11.0,11.3,11.3,11.7
098050,7.7,7.8,7.8,7.9,7.8,7.9,7.9,8.1,8.1,8.6,8.3,8.3,8.6,8.8,8.4,8.7,8.7,8.9,8.8,9.0,9.1,9.2,9.1,9.4,8.9
098051,8.9,8.8,8.9,9.2,8.9,8.9,9.2,9.5,9.2,10.0,9.8,9.9,9.9,10.4,10.4,10.1,10.3,10.5,10.5,10.8,10.9,11.1,10.9,11.1,10.8
098052,8.9,9.2,9.3,9.1,9.1,9.1,9.3,9.2,9.4,9.7,9.7,9.5,9.6,9.7,9.7,9.7,10.0,10.0,10.1,10.0,10.2,10.1,9.9,10.3,10.1
098053,8.5,8.8,9.0,8.8,9.0,8.9,8.9,9.0,8.9,9.6,9.8,10.0,9.9,10.3,10.1,10.4,10.3,10.4,9.9,10.1,10.8,10.7,10.7,10.5,11.2
098054,9.5,9.8,9.9,10.1,9.8,9.7,10.3,10.0,10.2,10.7,10.6,10.8,11.1,11.1,10.8,11.2,10.9,10.8,11.3,11.2,12.0,11.4,11.3,11.6,11.5
098055,8.8,8.8,9.0,9.1,8.8,9.0,8.9,9.0,9.0,8.9,9.3,9.1,9.3,9.3,9.1,9.1,9.1,9.4,9.2,9.5,9.2,9.3,9.1,9.2,9.1
098056,7.5,7.4,7.5,7.5,7.6,7.7,7.8,7.7,8.0,7.9,8.0,7.9,7.9,8.0,8.1,8.1,8.1,8.2,8.3,8.2,8.3,8.1,8.1,8.4,8.1
098057,9.7,9.8,10.2,10.1,10.0,10.2,10.5,10.6,10.6,11.1,11.7,11.1,11.5,11.9,12.0,12.2,12.0,12.1,12.8,12.7,12.8,13.2,13.5,13.5,13.5
098058,7.8,7.8,7.9,8.1,8.0,8.2,8.0,7.9,8.1,8.3,8.4,8.5,8.6,8.6,8.6,8.5,8.7,9.1,8.6,9.0,9.1,9.2,9.3,9.2,9.5
098059,9.1,9.3,9.4,9.4,9.7,9.9,9.7,9.8,9.9,10.3,10.5,10.8,10.9,11.0,11.2,11.0,11.3,11.3,11.7,11.7,12.1,11.8,11.9,12.2,11.8
098060,9.3,9.3,9.4,9.5,9.7,9.5,9.4,9.8,9.9,10.1,10.4,10.3,10.6,10.4,10.6,10.6,10.5,10.8,10.5,11.0,11.4,11.0,11.0,10.8,11.5
098061,7.4,7.5,7.5,7.6,7.7,7.6,7.9,7.9,7.7,8.0,8.2,8.2,8.0,8.1,8.0,8.5,8.2,8.2,8.3,8.3,8.8,8.4,8.6,8.7,8.5
098062,8.2,8.6,8.5,8.6,8.5,8.7,8.9,8.9,9.0,9.4,9.4,9.4,9.3,9.6,9.2,9.5,9.4,9.7,9.9,9.6,9.9,9.9,10.2,9.7,10.0
099001,6.6,6.8,6.8,7.0,6.9,7.2,7.1,7.0,7.4,7.7,7.8,7.8,7.8,7.8,7.8,8.2,8.3,8.1,8.6,8.7,8.5,8.8,8.8,8.8,9.2
099002,8.5,8.7,8.7,8.7,8.7,8.7,9.1,8.7,8.8,9.0,9.3,9.1,9.2,9.4,9.7,9.4,9.2,9.5,9.5,9.4,9.8,9.6,9.5,9.9,10.2
099003,8.2,8.4,8.5,8.7,8.7,8.9,8.8,9.0,9.2,9.7,9.4,9.8,9.6,9.5,9.8,10.0,10.1,10.4,10.5,10.5,10.7,10.6,10.4,10.8,10.9
099004,9.5,9.7,9.8,9.6,9.5,9.7,9.5,9.6,10.0,10.3,10.2,10.1,10.1,10.0,10.3,10.3,10.4,10.4,10.5,10.3,10.7,10.4,10.7,10.5,10.6
099005,8.5,8.4,8.4,8.7,8.5,8.5,8.9,9.1,9.0,9.3,9.6,9.6,9.6,9.4,9.6,9.8,9.9,9.9,10.2,10.4,10.7,10.2,10.6,10.8,10.7
099006,8.2,8.3,8.2,8.1,8.4,8.5,8.4,8.4,8.5,8.7,9.0,9.1,8.9,8.9,9.2,9.4,9.3,9.6,9.5,9.6,9.6,9.5,9.7,10.0,9.8
099008,9.6,9.9,9.9,9.5,9.6,9.8,9.9,9.8,10.0,10.5,10.8,10.7,10.8,10.4,11.0,11.0,11.0,11.3,11.0,11.1,11.7,11.5,11.5,12.0,11.8
099009,7.6,7.7,7.7,7.7,7.6,7.7,7.9,7.7,7.8,8.1,8.0,7.8,8.2,8.0,8.2,8.0,8.3,8.1,8.3,8.3,8.2,8.3,8.3,8.1,8.0
099011,8.8,9.0,8.8,9.0,9.0,9.1,9.1,9.3,9.4,9.9,9.3,10.2,9.9,9.9,10.2,9.8,10.3,10.1,10.3,10.8,11.1,10.7,10.6,10.6,10.9
099013,9.3,9.3,9.2,9.6,9.6,9.8,9.2,9.7,9.6,10.1,10.4,10.2,10.5,10.5,10.9,10.7,10.9,11.1,10.6,11.4,11.2,11.3,11.4,11.3,11.6
099014,7.4,7.5,7.2,7.3,7.3,7.4,7.6,7.5,7.8,7.9,8.0,8.1,7.7,8.0,8.3,8.1,8.3,8.3,8.3,8.3,8.6,8.2,8.3,8.5,8.5
099015,8.5,8.8,9.0,9.0,9.0,9.1,9.2,9.1,9.3,9.4,9.9,9.4,10.0,9.9,9.9,10.1,9.7,10.0,10.3,10.2,10.4,10.1,10.1,10.2,10.7
099016,8.7,8.7,8.7,8.6,9.0,8.8,9.3,9.0,8.8,9.3,9.1,9.4,9.4,9.2,9.3,9.5,9.1,9.4,9.5,9.6,9.7,9.5,9.5,9.6,9.8
099017,7.2,7.3,7.2,7.2,7.2,7.3,7.3,7.2,7.5,7.6,7.6,7.5,7.5,7.7,7.6,7.5,7.7,7.6,7.7,7.6,7.7,7.7,7.8,7.9,7.6
099018,8.4,8.1,8.2,8.3,8.1,8.3,8.4,8.3,8.5,8.5,8.6,8.5,8.8,8.7,8.9,8.9,9.1,8.8,8.8,9.0,9.2,9.1,9.1,9.1,9.4
099020,8.4,8.4,8.5,8.5,8.7,8.5,8.8,8.9,8.7,9.3,9.1,9.2,9.2,9.3,9.5,9.5,9.5,9.6,9.9,9.7,10.0,10.0,9.9,10.2,9.8
099021,9.1,9.4,9.4,9.5,9.4,9.4,9.3,9.4,9.1,9.5,9.8,9.8,10.0,10.1,9.6,10.0,9.7,9.9,9.9,10.0,10.5,10.2,10.0,10.1,10.1
099022,7.5,7.6,7.5,7.8,7.6,7.6,7.6,7.8,7.8,8.1,8.3,8.2,8.2,8.0,8.1,8.5,8.5,8.0,8.3,8.4,8.7,8.4,8.7,8.7,8.7
099023,8.1,8.4,8.4,8.6,8.4,8.8,8.9,8.7,8.9,9.3,9.4,9.5,9.6,9.6,9.8,9.8,9.7,9.7,9.8,10.1,10.5,10.2,10.5,10.4,10.6
099024,8.6,9.0,8.9,8.9,9.2,9.3,9.2,9.2,9.3,9.8,9.6,9.8,9.7,9.5,10.2,10.0,10.2,10.3,10.4,10.0,10.7,10.7,10.4,10.4,10.4
099025,7.6,7.5,7.7,7.7,7.8,8.0,7.7,8.0,8.2,8.4,8.3,8.7,8.6,8.7,9.2,8.6,8.9,9.1,9.3,9.3,9.7,9.4,9.4,10.0,9.8
099026,8.8,9.0,9.0,8.8,8.9,9.2,9.3,9.4,9.3,9.9,10.0,10.0,10.2,10.1,10.7,10.6,10.7,10.5,10.7,10.9,11.4,11.1,10.8,11.5,11.8
099027,9.0,8.5,8.6,9.1,9.1,9.3,9.3,9.2,9.5,9.7,10.1,10.4,10.4,10.3,10.7,10.8,11.0,11.2,11.1,11.2,11.3,11.5,11.5,11.8,12.1
099028,8.7,9.0,9.1,9.0,9.4,9.3,9.2,9.3,9.5,9.8,9.9,10.0,10.0,10.0,10.1,10.2,10.7,10.6,10.5,10.2,11.1,11.0,10.7,10.7,10.9
099029,9.0,9.0,9.1,9.2,9.3,9.3,9.0,9.4,9.3,9.5,9.9,9.6,9.8,10.0,10.0,10.1,10.0,10.1,10.2,10.2,10.6,10.5,10.6,10.4,10.4
099030,9.2,8.8,9.0,9.3,9.2,9.2,9.2,9.3,9.4,9.6,9.8,9.6,9.8,10.2,10.1,10.4,10.5,10.7,10.2,10.3,10.8,11.0,10.4,10.3,10.5
099031,8.0,8.3,8.1,8.0,8.4,8.5,8.6,8.5,8.7,9.3,9.5,9.2,9.6,9.7,9.8,9.7,9.9,10.1,10.2,10.4,10.8,10.7,10.5,10.7,10.7
100001,8.5,8.7,8.6,9.0,9.0,8.9,9.0,9.1,9.2,9.4,9.5,9.6,10.2,10.1,10.0,10.1,10.0,10.2,10.2,10.6,10.8,10.5,10.7,10.6,10.8
100002,9.2,9.7,10.0,9.7,9.9,9.9,10.3,10.0,10.1,10.5,10.5,11.3,11.1,11.0,11.6,11.2,11.7,11.8,11.8,12.4,12.4,12.1,12.2,12.1,12.0
100003,7.5,7.3,7.5,7.5,7.6,7.6,7.6,7.7,8.0,8.0,8.2,8.4,8.3,8.3,8.2,8.3,8.5,8.8,8.6,9.3,9.0,9.1,8.9,9.3,9.5
100004,7.6,7.5,7.5,7.5,7.7,7.7,7.8,7.7,7.9,8.3,8.2,8.0,8.0,8.3,8.2,8.4,8.5,8.2,8.3,8.4,8.6,8.6,8.8,8.6,8.5
100005,8.6,8.5,8.6,8.8,8.8,8.7,8.8,9.1,9.1,9.1,9.0,9.1,9.1,9.3,9.5,9.5,9.5,9.3,9.4,9.7,9.7,9.3,9.4,9.3,9.5
100006,6.8,7.0,7.0,7.0,7.2,7.2,7.1,7.2,7.5,7.9,7.9,8.0,8.0,8.3,8.2,8.2,8.4,8.5,8.4,8.6,8.9,8.9,9.2,9.0,9.2
100007,10.3,11.1,10.9,11.0,10.8,11.3,10.7,11.2,11.2,12.2,12.2,12.3,12.8,12.2,12.2,12.6,12.6,13.2,12.8,13.7,13.3,13.2,13.5,14.0,14.4
101001,8.0,8.0,8.1,8.2,8.1,8.3,8.2,8.4,8.3,8.3,8.6,8.6,8.7,8.6,8.4,8.9,8.8,8.9,9.2,9.0,9.0,8.9,9.0,9.0,9.1
101002,10.6,10.7,10.4,10.8,10.7,10.9,11.0,10.7,11.2,11.5,11.4,11.8,11.8,11.7,12.1,12.1,12.4,12.3,12.1,12.2,12.5,12.6,12.4,12.1,13.1
101003,7.5,7.9,8.0,7.8,7.9,8.0,8.3,8.0,8.3,8.4,8.5,8.6,8.5,8.5,8.4,8.8,8.6,8.7,8.7,8.8,8.9,8.9,8.8,9.2,9.1
101004,8.5,8.9,8.7,9.0,9.2,9.1,9.3,9.3,9.5,9.9,10.0,9.8,10.3,10.2,10.4,10.3,10.7,10.6,11.1,10.9,11.5,10.9,11.5,11.5,11.5
101005,8.6,8.8,8.9,9.0,8.8,9.0,8.9,9.4,9.3,9.5,9.6,9.5,9.9,9.8,9.7,9.9,9.8,9.9,10.0,9.9,10.3,10.4,10.6,10.1,10.3
101006,9.0,8.9,9.0,8.8,9.1,9.1,9.2,9.4,9.2,9.7,9.5,9.6,9.6,9.7,9.9,9.9,9.7,9.9,10.2,10.0,10.5,10.6,10.5,10.4,10.4
101007,8.3,8.0,8.0,8.0,8.4,8.2,8.4,8.5,8.5,8.9,8.9,9.2,9.1,8.9,9.3,9.0,9.3,9.4,9.5,9.2,9.8,9.8,9.8,9.8,9.7
101008,8.9,8.9,8.9,9.2,9.3,9.5,9.4,9.6,9.6,9.8,10.1,10.3,10.1,10.3,10.3,10.4,10.3,10.7,10.6,10.9,11.1,11.0,11.2,11.0,12.0
101009,7.7,7.8,8.0,7.8,7.9,7.6,7.8,7.6,7.7,8.0,8.2,8.1,8.1,8.2,8.0,8.5,8.2,8.2,8.3,8.2,8.4,8.4,8.3,8.3,8.2
101010,8.8,8.6,9.0,8.8,9.2,9.1,9.0,9.4,9.1,9.6,9.7,9.8,10.0,10.2,10.2,10.1,10.3,10.4,10.2,10.8,10.9,10.9,10.8,10.9,11.0
101011,10.1,10.0,10.0,10.0,10.2,10.5,10.6,10.8,10.9,11.1,11.0,11.3,11.4,11.6,11.6,11.5,11.7,11.6,11.4,12.0,12.2,11.7,12.3,12.0,12.5
101012,9.2,9.2,9.4,9.4,9.7,9.5,9.6,9.8,10.0,10.4,10.4,10.6,11.0,11.0,10.9,11.6,10.8,11.0,11.6,11.8,11.7,11.8,11.9,12.0,12.3
101013,9.2,9.0,9.1,9.2,9.6,9.4,9.5,9.6,9.6,10.4,10.4,10.9,10.6,10.5,10.4,10.8,10.8,10.7,10.9,11.0,11.9,11.7,11.4,11.5,11.8
101014,7.9,7.9,7.9,8.0,7.9,7.9,8.1,8.0,8.2,8.7,8.7,8.7,8.7,9.1,8.8,8.9,9.0,9.2,8.9,9.4,9.5,9.8,9.6,9.6,9.6
101015,9.1,9.3,9.3,9.6,9.7,9.8,9.9,9.7,9.6,10.3,10.3,10.3,10.7,10.8,10.7,11.2,11.2,10.9,11.0,11.2,11.7,11.5,11.6,11.6,11.6
101016,7.6,7.6,7.6,7.7,7.6,7.9,7.9,7.8,8.1,8.1,8.2,8.3,8.0,8.0,8.4,8.3,8.5,8.4,8.3,8.5,8.6,8.5,8.6,8.5,8.6
101017,8.5,8.4,8.6,8.7,8.8,8.9,9.0,9.0,9.0,9.3,9.6,9.9,9.4,9.7,9.8,9.8,10.1,9.7,10.1,10.3,10.7,10.6,10.7,10.8,10.6
101018,7.5,7.7,7.6,7.7,7.8,7.8,7.8,7.9,7.9,8.1,8.3,8.2,8.3,8.2,8.4,8.3,8.5,8.2,8.4,8.5,8.5,8.5,8.7,8.4,8.7
101019,9.5,9.3,9.1,9.2,9.4,9.1,9.5,9.2,9.3,9.8,9.7,9.6,9.7,9.8,10.1,9.9,10.1,10.1,10.2,10.5,10.5,10.2,10.2,10.2,10.2
101020,7.7,7.8,8.1,8.0,8.0,8.3,8.2,8.0,8.1,8.3,8.5,8.5,8.6,8.6,8.8,8.5,8.7,8.5,8.6,8.8,8.6,8.7,8.8,9.0,8.6
101021,6.8,6.9,7.0,7.0,7.2,7.2,7.2,7.4,7.7,7.6,7.9,7.9,7.9,7.7,8.2,8.3,8.4,8.2,8.3,8.4,8.8,8.7,8.7,8.8,8.8
101022,7.5,7.4,7.5,7.8,7.7,7.5,7.8,7.6,7.7,7.9,8.2,8.1,8.0,8.2,8.2,8.2,8.5,8.3,8.4,8.6,8.5,8.4,8.7,8.7,9.2
101023,9.3,9.2,9.5,9.6,9.4,9.4,9.4,9.6,9.9,10.1,10.3,10.3,10.0,10.0,10.2,10.3,10.5,10.7,10.6,10.2,10.9,10.4,10.7,10.4,11.0
101024,8.0,7.8,7.9,8.0,8.1,8.1,8.0,7.9,8.3,8.2,8.6,8.3,8.2,8.4,8.5,8.3,8.4,8.4,8.4,8.3,8.7,8.2,8.3,8.2,8.4
101025,7.4,7.7,7.6,7.6,7.9,7.7,7.8,8.0,7.8,8.3,8.2,8.1,8.3,8.3,8.5,8.4,8.6,8.1,8.4,8.7,8.7,8.7,8.8,8.7,9.0
101026,8.6,8.9,8.6,8.7,8.8,8.9,9.0,9.0,8.9,9.3,9.2,9.3,9.4,9.2,9.6,9.5,9.3,9.6,9.6,9.6,9.5,9.8,9.8,9.5,10.0
101027,7.0,7.1,7.0,7.2,7.1,7.1,7.1,7.2,7.3,7.3,7.5,7.5,7.6,7.6,7.6,7.5,7.5,7.6,7.6,7.9,7.8,7.8,7.8,7.8,7.8
102001,8.7,8.2,8.9,8.8,9.2,8.8,9.1,9.1,9.2,9.4,9.5,9.5,9.7,9.8,9.8,10.0,10.0,10.1,10.1,10.4,10.6,10.3,10.5,10.2,10.4
102002,8.7,8.9,8.5,8.8,9.0,9.1,9.2,9.2,9.2,9.4,10.0,9.6,10.3,9.8,10.1,10.3,10.5,10.3,10.8,10.7,11.3,10.9,11.1,11.1,11.2
102003,8.6,8.6,9.0,8.7,8.6,9.0,9.3,9.1,9.6,9.6,9.8,9.6,10.2,9.9,9.9,10.1,10.3,10.5,10.5,10.6,11.1,10.4,11.0,10.8,11.1
102004,7.8,8.1,7.9,8.1,8.2,8.1,8.2,8.1,8.3,8.7,8.9,8.4,8.7,9.0,9.1,8.9,8.9,8.9,9.2,9.1,9.6,9.4,9.4,9.6,9.3
102005,7.1,7.3,7.4,7.2,7.4,7.5,7.5,7.5,7.6,8.0,8.0,8.0,8.2,8.2,8.2,8.2,8.3,8.7,8.3,8.7,8.7,8.7,8.9,8.9,8.8
102006,9.7,10.0,10.1,10.1,10.2,10.4,10.3,10.5,10.4,10.8,10.4,11.2,11.3,11.0,11.1,11.1,11.4,11.3,11.7,11.5,12.2,12.0,11.8,11.9,11.9
102007,8.3,8.1,8.1,7.9,8.1,8.1,7.9,8.0,8.1,8.1,8.3,8.1,8.1,8.1,8.3,8.0,7.8,7.9,7.8,7.9,8.2,8.0,8.3,7.9,7.6
102008,8.8,8.9,9.2,8.9,9.0,9.2,9.1,9.4,9.5,9.5,10.1,10.2,10.2,10.0,10.2,10.3,10.5,10.6,10.8,10.8,11.3,11.6,10.6,11.2,11.2
102009,8.3,8.5,8.3,8.2,8.5,8.5,8.6,8.6,8.6,8.9,8.8,8.7,8.8,8.8,9.0,9.1,8.9,9.1,8.9,9.1,9.6,8.9,9.3,9.2,8.9
102010,9.1,9.2,9.1,9.3,9.1,9.1,9.2,9.2,9.3,9.6,9.9,9.8,9.9,10.0,9.8,10.1,10.3,10.3,10.5,10.4,10.4,10.6,10.7,10.5,10.8
102011,8.0,8.2,8.3,8.2,8.2,8.3,8.5,8.4,8.5,8.6,8.6,8.7,8.6,8.9,9.0,8.9,8.8,8.9,8.9,9.1,9.5,8.8,9.4,9.2,9.2
102012,8.5,8.3,8.5,8.5,8.8,8.7,8.9,8.7,8.7,9.3,9.3,9.3,9.3,9.5,9.3,9.5,9.5,9.8,9.8,9.8,10.1,9.7,10.0,10.0,10.1
102013,9.9,9.8,9.9,10.3,10.1,10.2,10.1,10.3,10.6,10.9,11.4,10.9,11.0,11.5,11.3,11.6,11.5,11.2,11.6,12.2,12.3,12.0,12.4,12.7,12.3
102014,8.4,8.4,8.4,8.6,8.2,8.6,8.8,8.7,8.9,9.1,8.9,9.1,9.1,9.1,9.4,9.7,9.6,9.8,9.7,10.1,10.2,10.0,10.2,10.1,10.3
102015,7.9,8.0,8.0,8.2,8.1,8.2,8.2,8.2,8.3,8.8,8.7,8.8,8.6,8.7,8.7,8.7,8.6,8.9,8.8,9.1,9.3,8.8,9.1,9.0,9.2
102016,9.6,9.5,9.3,9.7,9.6,9.4,9.8,9.9,9.5,9.5,10.0,10.1,10.0,10.3,10.0,10.2,10.4,10.3,9.7,10.1,10.6,9.9,10.1,10.2,10.2
102017,8.6,8.6,9.0,8.9,8.9,8.9,8.7,9.0,8.7,9.4,9.4,9.5,9.3,9.2,9.5,9.3,9.9,9.5,9.0,9.4,9.9,9.8,9.6,9.5,9.6
102018,9.3,9.5,9.5,9.7,9.7,9.9,10.0,9.8,10.2,10.7,10.6,10.6,11.0,11.2,10.9,11.3,11.4,11.7,12.1,12.0,12.1,12.4,12.3,12.1,12.8
102019,5.6,5.7,5.7,5.7,5.7,5.6,5.8,5.8,5.9,5.9,6.0,6.0,6.0,6.0,6.0,6.0,6.2,6.0,6.1,6.0,6.2,6.0,6.1,6.0,6.1
102020,8.5,8.3,8.5,8.3,8.5,8.6,8.5,8.8,8.8,9.2,9.1,9.2,9.4,9.2,9.3,9.5,9.8,9.6,9.6,9.8,9.9,9.9,9.9,9.8,9.8
102021,9.5,9.5,9.7,9.5,9.7,9.6,9.6,9.6,9.9,9.9,10.4,10.2,10.2,10.5,10.3,10.7,10.7,10.9,10.7,11.1,11.3,10.8,10.6,10.7,11.0
102022,9.6,9.5,9.8,9.6,10.3,10.3,10.2,10.5,10.8,10.8,11.2,11.1,11.2,11.4,11.5,11.6,11.7,12.1,11.7,11.9,12.6,12.3,12.7,12.8,12.9
102023,9.6,10.1,10.0,10.4,9.9,10.5,10.6,10.4,10.8,11.1,11.1,11.2,11.3,11.6,11.2,11.8,11.5,11.9,11.5,11.6,12.4,12.1,12.5,12.2,12.3
102024,7.8,7.9,7.9,8.0,8.0,8.1,8.2,8.2,8.3,8.6,8.6,8.8,8.8,8.9,8.9,8.9,8.7,8.9,9.2,8.8,9.6,9.5,9.4,9.4,9.4
102025,8.8,8.5,8.9,8.5,8.7,8.8,8.9,9.0,8.8,9.4,9.4,9.6,9.5,9.6,9.5,9.7,9.8,9.7,9.7,10.1,10.3,9.9,9.8,9.9,9.6
102026,8.2,8.0,8.1,8.1,8.0,8.2,8.3,8.4,8.1,8.7,8.5,8.7,8.8,8.7,8.6,8.6,8.7,9.0,9.0,9.0,9.2,9.1,9.1,9.4,9.4
102027,8.5,8.6,8.4,8.8,8.5,8.9,8.9,8.6,8.7,9.2,9.2,9.3,9.4,9.5,9.3,9.5,9.3,9.5,9.5,9.6,10.0,9.7,9.6,9.6,9.6
102028,8.3,8.3,8.7,8.5,8.5,8.3,8.4,8.5,8.8,9.1,9.3,9.2,9.0,9.4,9.3,9.2,9.1,9.3,9.4,9.3,9.8,9.8,9.7,9.4,9.9
102029,9.2,9.3,9.4,9.7,9.7,9.7,9.8,9.8,10.6,10.5,10.6,10.6,10.8,10.9,10.9,11.0,11.5,11.5,11.8,11.8,12.0,11.7,12.0,12.1,12.2
102030,8.6,8.7,8.7,8.8,9.1,8.7,9.0,9.0,9.2,9.5,9.5,9.5,9.7,9.7,9.7,9.9,9.7,9.9,10.4,10.2,10.6,10.4,10.1,10.4,10.0
102031,8.9,9.0,8.9,8.8,9.1,9.1,9.2,9.4,9.5,9.6,9.8,9.8,9.8,9.7,10.1,9.6,10.1,10.3,10.1,9.8,10.3,10.7,10.5,10.5,10.3
102032,8.3,8.5,8.4,8.7,8.8,9.1,8.7,9.1,9.0,9.1,9.5,9.4,9.5,9.9,9.8,9.8,10.1,9.8,9.9,9.9,10.6,10.6,10.5,10.6,10.6
102033,8.2,8.2,8.4,8.2,8.2,8.1,8.2,8.3,8.3,8.4,8.6,8.3,8.6,8.6,8.4,8.7,8.7,8.4,8.5,8.7,8.8,8.5,8.4,8.7,8.6
102034,8.4,8.3,8.5,8.1,8.3,8.8,8.3,8.3,8.6,8.7,9.1,9.0,9.0,9.1,9.3,9.0,9.2,9.2,9.4,9.3,9.5,9.4,9.5,9.4,9.5
102035,8.6,8.9,8.5,8.7,8.9,9.0,9.1,9.1,9.2,9.6,9.6,9.9,9.9,9.8,10.0,10.2,10.1,10.2,10.4,10.2,10.7,10.7,10.8,10.9,11.1
102036,9.3,9.4,9.5,9.3,9.5,9.4,9.5,9.7,9.9,10.0,10.1,10.3,10.0,10.2,10.4,10.1,10.4,10.3,10.4,10.5,10.8,10.3,10.8,10.5,10.4
102037,7.5,7.4,7.5,7.3,7.7,7.7,7.6,7.7,7.6,7.8,7.8,7.7,7.9,8.1,7.8,8.1,8.0,7.9,8.0,8.1,8.2,7.9,8.1,8.1,8.2
102038,9.4,9.6,9.8,9.8,10.0,9.8,10.1,10.3,10.4,10.4,10.7,10.4,10.5,10.7,10.6,10.9,11.2,11.0,11.1,11.2,11.4,11.2,11.1,11.6,11.5
102039,8.6,8.7,8.7,8.7,8.9,8.8,8.9,8.9,9.2,9.5,9.5,9.6,9.8,10.0,10.0,10.1,9.8,10.2,10.1,10.4,10.6,10.3,10.6,10.6,10.5
102040,8.5,8.6,8.7,8.8,8.5,9.1,9.2,9.0,9.1,9.4,9.4,9.7,9.5,9.6,9.9,9.7,10.3,10.1,10.2,10.1,10.4,10.2,10.2,10.5,10.5
102041,8.5,8.8,8.9,9.1,9.0,8.9,9.1,9.1,9.0,9.3,9.5,9.3,9.7,9.7,9.7,9.6,9.7,9.7,10.0,10.0,10.3,9.9,10.1,10.0,10.1
102042,9.2,9.4,9.3,9.5,9.4,9.6,9.6,9.9,9.6,10.2,10.5,10.8,10.5,10.7,10.6,10.7,10.9,11.3,11.1,11.0,11.5,11.2,11.5,11.7,12.1
102043,8.5,8.6,8.8,8.8,8.5,9.0,8.8,8.5,8.7,8.9,9.2,8.9,9.0,9.1,8.9,8.6,9.0,9.0,9.1,8.9,8.9,8.7,8.7,8.6,9.0
102044,9.0,9.3,9.2,9.1,9.2,9.3,9.5,9.6,9.9,9.7,10.2,10.2,10.3,10.1,9.8,10.4,10.4,10.3,10.5,10.7,10.9,10.5,11.0,10.8,11.0
102045,8.7,8.8,9.2,8.8,9.1,8.9,9.2,9.4,9.5,9.7,10.0,10.1,10.1,10.1,10.1,10.4,10.7,10.7,10.8,10.8,11.0,10.8,11.1,11.4,11.3
102046,7.6,7.7,7.7,8.0,7.9,8.0,8.1,8.0,8.3,8.5,8.5,8.7,8.8,8.8,9.0,9.0,9.2,9.2,9.2,9.5,9.4,9.4,9.5,9.7,10.1
102047,8.3,8.2,8.4,8.3,8.6,8.4,8.6,8.9,8.8,8.9,8.9,8.9,9.3,9.3,9.6,9.5,9.6,9.4,9.5,9.6,10.0,9.7,9.6,10.0,10.0
102048,7.9,7.9,8.2,7.9,8.3,8.3,8.6,8.5,8.6,8.9,8.8,8.9,9.0,9.0,9.1,9.2,9.2,9.4,9.4,9.4,9.5,9.8,9.4,9.8,9.7
102049,9.2,9.1,9.4,9.4,9.1,9.4,9.8,9.3,9.4,9.9,9.9,10.4,10.4,10.4,10.7,10.7,10.5,10.7,10.8,10.4,11.1,10.9,11.1,11.4,11.0
102050,7.2,7.6,7.3,7.3,7.3,7.4,7.3,7.5,7.5,7.6,7.5,7.7,7.6,7.7,7.6,7.7,7.6,7.7,7.7,7.7,7.8,7.6,7.7,7.8,7.6
103001,9.2,9.2,9.4,9.3,9.3,9.3,9.4,9.4,9.5,9.8,9.6,9.4,9.6,9.8,9.5,9.7,9.5,9.8,10.1,10.0,9.9,9.8,9.9,9.6,9.7
103002,8.6,8.4,8.4,8.7,8.6,8.7,8.7,8.7,9.0,9.1,9.3,9.5,9.1,9.0,9.4,9.5,9.2,9.2,9.4,9.5,9.7,9.5,9.4,9.7,9.2
103003,9.1,9.3,10.0,9.7,9.6,10.0,10.2,10.3,10.2,10.6,10.7,10.7,10.8,11.2,11.1,11.1,11.2,11.7,11.6,11.8,12.0,11.7,11.9,12.4,12.4
103004,8.1,8.3,8.1,8.3,8.3,8.2,8.2,8.3,8.3,8.3,8.8,8.6,8.3,8.6,8.5,8.4,8.4,8.6,8.5,8.7,8.7,8.6,8.7,8.6,8.6
103005,7.8,7.8,7.9,8.2,8.0,8.0,8.2,8.3,8.4,8.7,8.9,8.6,8.6,9.1,8.9,9.1,9.0,9.1,9.1,9.2,9.5,9.3,9.3,9.5,9.5
103006,6.8,6.9,6.9,7.2,7.1,7.0,7.0,7.3,7.3,7.5,7.6,7.9,7.6,7.7,8.0,7.9,7.9,7.8,7.9,7.8,8.5,8.1,8.2,8.3,8.5
103007,8.6,8.4,8.9,9.1,8.9,8.7,9.1,9.0,9.3,9.5,9.6,9.7,9.7,9.9,9.9,10.2,9.9,10.4,10.2,10.0,10.7,10.5,10.4,10.6,10.8
103008,8.8,8.9,9.0,8.7,9.0,8.9,8.9,9.0,8.9,9.6,9.3,9.3,9.3,9.6,9.6,9.5,9.5,9.6,10.0,9.8,10.0,9.7,10.0,9.7,10.1
103009,8.8,8.9,8.7,8.8,9.1,9.2,9.3,9.2,9.1,9.4,9.3,9.5,9.6,9.6,9.6,9.8,9.8,9.8,9.7,10.0,10.0,10.0,9.9,10.2,9.8
103010,8.4,8.6,8.6,8.7,8.7,8.9,8.6,8.8,8.8,9.3,9.1,9.3,9.2,9.2,9.4,9.3,9.3,9.6,9.7,9.8,9.8,9.7,9.6,10.0,9.6
103011,7.4,7.5,7.6,7.6,7.5,7.6,7.7,7.7,7.9,8.1,8.3,8.0,8.3,8.1,8.3,8.5,8.4,8.7,8.4,8.6,9.1,8.6,8.9,8.8,8.9
103012,8.3,8.5,8.2,8.4,8.5,8.7,8.4,9.0,9.0,9.3,9.5,9.3,9.4,9.1,9.9,9.7,9.7,10.0,10.3,10.5,10.4,10.2,10.5,10.6,10.8
103013,7.8,7.8,7.8,7.8,8.1,7.9,7.8,7.8,8.0,8.1,8.2,8.5,8.2,8.3,8.3,8.3,8.3,8.4,8.2,8.2,8.6,8.5,8.4,8.4,8.6
103014,8.0,7.9,7.9,8.0,7.9,8.3,8.1,8.3,8.4,8.6,8.8,8.6,8.8,8.9,9.0,8.9,8.9,9.2,9.1,9.2,9.5,9.3,9.5,9.6,9.6
103015,7.5,7.7,7.8,7.7,7.8,7.9,7.9,7.8,7.9,8.5,8.3,8.6,8.5,8.4,8.8,8.6,8.8,8.7,9.2,8.8,9.4,9.2,9.0,9.4,9.6
103016,8.6,8.5,8.7,8.8,9.0,9.0,9.1,9.0,9.3,9.8,9.3,9.8,9.7,9.7,9.9,9.9,10.1,10.2,10.5,10.6,10.9,10.6,10.9,10.6,11.0
103017,9.8,9.7,9.9,10.2,10.0,10.2,10.2,10.2,10.2,11.4,10.8,11.0,11.1,11.5,11.0,11.3,11.6,12.1,11.8,11.8,12.0,12.0,12.2,12.1,12.9
103018,8.4,8.6,8.6,8.4,8.4,8.7,8.7,8.6,8.8,9.2,9.0,9.2,9.1,9.1,9.3,9.3,9.1,9.3,9.5,9.5,9.4,9.2,9.3,9.6,9.5
103019,9.3,9.0,9.0,9.2,9.6,9.4,9.5,9.6,9.5,9.8,10.1,10.1,10.4,10.5,10.7,10.5,10.5,10.7,10.5,10.7,11.1,10.8,10.7,11.1,11.1
103021,7.7,7.8,7.9,7.7,7.9,7.7,7.9,7.9,7.8,8.0,8.1,8.1,8.1,8.2,8.3,8.0,8.2,7.9,7.9,7.9,8.2,8.0,8.1,8.0,7.9
103022,6.6,6.4,6.6,6.6,6.6,6.7,6.7,6.9,6.8,7.1,7.2,7.2,7.1,7.2,7.2,7.1,7.5,7.3,7.4,7.5,7.5,7.5,7.4,7.5,7.7
103023,9.7,10.0,9.5,9.8,10.1,10.1,10.3,10.9,10.9,10.8,11.3,11.3,11.3,11.4,11.5,11.7,12.2,12.1,12.4,12.4,12.6,13.0,13.0,13.4,13.1
103024,8.7,9.2,8.9,9.0,8.8,9.2,8.9,9.2,9.1,9.6,10.0,9.6,9.7,9.7,10.0,9.9,9.9,10.2,10.1,10.5,10.5,10.2,10.4,10.6,10.8
103025,7.9,7.7,7.9,8.0,8.0,7.9,8.2,8.0,8.5,8.5,8.9,8.8,8.8,8.8,8.8,9.1,9.0,8.8,9.0,9.3,9.4,9.3,9.5,9.4,9.6
103026,8.1,7.9,8.2,8.3,8.4,8.6,8.2,8.7,8.6,9.0,9.1,9.1,9.3,9.5,9.3,9.7,9.7,9.9,9.6,10.1,10.4,10.5,10.3,10.3,10.2
103028,12.4,12.3,12.7,12.7,12.8,13.3,13.3,13.4,13.6,14.6,14.6,14.4,15.1,14.9,15.4,15.4,15.2,15.9,15.7,15.9,16.7,16.8,17.0,16.9,17.3
103029,8.0,7.8,7.8,7.7,7.8,7.8,7.6,7.9,7.8,8.1,8.1,8.0,8.1,8.0,8.0,8.3,8.4,8.6,8.1,8.4,8.5,8.3,8.5,8.4,8.3
103031,9.8,10.1,10.1,10.0,9.8,10.0,10.2,10.1,10.0,10.7,10.9,10.4,11.0,10.4,10.7,11.2,11.0,10.9,10.8,10.8,11.0,11.5,11.5,11.1,11.8
103032,11.6,11.3,11.4,11.4,11.9,12.0,11.9,11.8,11.9,12.6,12.6,12.6,12.4,12.5,13.0,13.1,12.7,12.5,13.0,12.8,13.4,13.1,13.5,13.7,13.4
103033,9.4,9.3,9.3,9.5,9.5,9.5,9.7,9.5,9.6,10.0,10.1,10.2,9.9,10.1,10.2,9.9,10.2,10.3,10.3,10.1,10.3,10.3,10.6,10.5,10.5
103034,9.3,9.1,9.3,9.3,9.1,9.4,9.6,9.7,9.8,10.3,10.1,10.3,10.6,10.3,10.3,10.5,11.1,10.8,10.6,11.0,11.2,10.8,11.2,11.1,11.2
103035,8.7,8.6,8.6,8.6,8.7,8.8,8.8,8.7,8.6,9.0,9.1,9.2,9.1,8.9,9.3,9.1,9.2,9.2,9.3,9.0,9.5,9.4,9.3,9.5,9.5
103036,7.2,7.1,6.9,7.1,7.0,7.1,7.2,7.2,7.2,7.5,7.3,7.5,7.6,7.7,7.7,7.7,7.8,7.6,7.7,7.9,7.7,7.7,8.0,8.0,8.1
103037,7.5,7.4,7.6,7.5,7.6,7.7,7.6,7.9,7.9,8.1,8.2,8.3,8.4,8.5,8.5,8.8,8.4,8.7,8.8,8.8,8.9,8.8,9.0,9.3,9.0
103038,7.2,7.4,7.3,7.3,7.5,7.5,7.7,7.7,7.8,8.0,8.0,8.1,8.3,8.1,8.5,8.6,8.6,8.8,8.8,8.8,9.2,9.0,9.0,9.3,9.4
103039,7.7,7.9,7.9,7.9,8.1,7.8,7.8,8.0,7.8,8.4,8.5,8.1,8.2,8.4,8.3,8.3,8.4,8.3,8.5,8.6,8.4,8.6,8.8,8.6,8.5
103040,8.5,8.6,8.8,8.8,8.9,8.9,8.9,9.2,9.0,9.5,9.5,9.2,9.3,9.6,10.1,9.6,9.7,9.8,10.0,10.1,10.1,9.9,10.2,9.8,10.1
103041,8.3,8.2,8.1,8.2,8.2,8.1,8.4,8.1,8.3,8.6,8.5,8.6,8.6,8.6,8.7,8.5,8.8,8.4,8.4,8.7,8.8,8.7,8.5,8.6,8.8
103042,10.1,10.3,10.8,10.4,10.6,11.0,10.9,10.9,11.1,11.4,11.2,11.8,11.6,11.6,11.7,11.6,12.0,12.1,12.3,12.2,12.4,11.9,12.4,12.4,12.2
103043,8.6,9.0,8.8,9.0,9.1,9.0,9.2,9.0,9.4,9.6,9.5,9.6,9.7,9.7,9.9,10.1,10.1,9.9,10.1,10.6,10.5,10.4,10.4,10.5,10.7
103044,7.4,7.4,7.6,7.3,7.6,7.4,7.2,7.7,7.6,7.8,7.8,7.8,7.8,7.8,7.9,7.9,7.9,8.0,8.1,8.0,8.0,7.8,8.0,8.0,8.0
103045,8.9,9.0,9.2,8.9,9.1,9.3,9.4,9.3,9.5,10.0,9.7,10.3,10.2,10.1,10.4,10.4,9.9,10.9,10.8,10.6,11.0,10.7,10.7,11.0,11.2
103046,9.3,9.3,9.4,9.3,9.4,9.6,10.0,10.0,9.8,10.3,10.6,10.6,10.8,10.6,11.0,11.2,11.4,11.0,11.0,11.5,12.0,11.6,12.0,12.0,12.1
103047,7.2,7.4,7.5,7.4,7.6,7.4,7.5,7.4,7.5,7.8,7.7,7.8,7.9,7.9,7.9,7.9,8.0,8.1,8.1,8.1,8.2,8.3,8.2,8.3,8.2
103048,9.0,8.8,9.3,9.3,9.3,9.3,9.2,9.6,9.4,9.9,9.6,9.6,9.9,9.9,10.2,9.9,10.4,10.1,10.4,10.4,10.7,9.9,10.3,10.4,10.0
103049,8.0,7.8,8.0,8.1,7.9,8.0,8.2,8.2,8.2,8.3,8.4,8.6,8.8,8.9,9.0,9.1,9.1,9.0,9.1,9.0,9.3,9.2,9.4,9.3,9.2
103050,7.3,7.5,7.4,7.5,7.5,7.6,7.8,7.5,7.8,8.0,8.0,8.2,8.2,8.2,8.1,8.4,8.3,8.4,8.6,8.7,8.8,8.5,8.6,8.5,8.6
103051,7.9,7.7,7.9,7.9,7.9,8.0,8.1,8.0,8.1,8.3,8.5,8.6,8.3,8.4,8.4,8.6,8.5,8.7,8.7,8.7,8.9,8.6,8.8,8.9,9.2
103052,8.2,8.2,8.2,8.2,8.6,8.4,8.4,8.6,8.6,9.0,9.1,9.3,9.4,9.3,9.1,9.4,9.3,9.4,9.6,9.9,10.2,10.1,10.1,10.0,9.8
103053,7.4,7.6,7.6,7.5,7.7,7.7,7.5,7.6,7.6,8.1,8.0,7.9,7.8,7.9,7.8,7.8,8.0,7.9,7.8,7.8,8.1,8.0,7.9,8.1,8.0
103054,8.6,8.4,8.6,8.5,8.5,8.5,8.2,8.5,8.2,8.6,8.4,8.9,8.8,8.6,8.6,8.5,8.7,8.5,8.6,8.6,8.8,8.3,8.3,8.3,8.4
103055,8.4,8.7,8.7,8.7,8.7,8.8,8.7,8.8,8.9,9.0,9.3,9.2,9.2,9.4,9.4,9.5,9.4,9.6,9.5,9.6,9.8,9.5,9.7,9.7,9.5
103056,7.6,7.8,7.7,7.8,7.8,8.2,8.0,8.0,8.0,8.3,8.4,8.5,8.4,8.5,8.6,8.6,8.6,8.6,8.8,8.8,9.0,8.8,9.0,9.1,9.0
103057,8.5,8.8,9.0,8.9,8.9,8.8,9.2,9.0,8.8,9.9,9.2,9.5,9.7,9.9,9.6,9.8,10.1,9.8,9.5,9.9,10.5,9.8,9.8,10.1,10.1
103058,9.8,10.0,10.0,10.3,10.2,9.9,9.9,9.8,9.8,10.3,10.3,10.6,10.4,10.4,10.4,10.5,10.5,10.7,10.5,10.9,11.0,10.7,10.9,10.8,10.7
103059,8.9,9.0,9.0,9.3,8.9,9.3,9.2,9.0,9.3,9.7,9.3,9.6,9.6,9.8,9.7,10.0,10.0,9.7,10.0,9.9,10.1,10.0,10.2,10.3,9.8
103060,7.3,7.4,7.3,7.6,7.5,7.6,7.4,7.4,7.4,7.9,7.7,7.7,7.9,7.9,7.9,8.1,8.0,8.1,8.2,8.0,8.4,8.3,8.1,7.9,8.2
103061,8.6,8.5,8.9,8.8,8.8,8.7,8.6,8.9,9.0,9.2,9.1,8.9,9.3,9.2,9.5,9.5,9.6,9.7,9.7,9.6,9.8,9.5,9.7,10.2,10.3
103062,9.7,9.8,10.1,10.1,10.2,10.4,11.0,10.9,11.1,11.6,12.3,12.2,12.2,12.1,12.5,12.3,13.0,12.9,13.3,13.3,13.9,14.0,14.1,13.9,14.2
103064,8.5,8.6,8.4,8.9,8.4,8.8,8.8,9.0,8.9,9.4,9.6,9.5,9.8,10.1,10.0,10.2,10.1,10.0,10.5,10.1,10.8,10.5,10.7,10.7,11.0
103065,8.2,8.4,8.5,8.8,8.8,8.9,8.9,8.9,9.3,9.4,9.4,9.4,9.7,9.7,9.9,9.8,9.7,10.0,10.1,10.0,10.6,10.2,10.5,10.2,10.7
103066,10.0,9.9,10.2,10.3,10.3,10.2,10.3,10.5,10.3,11.3,11.2,11.5,11.1,11.6,11.7,11.5,11.7,11.9,12.1,11.9,12.2,11.8,11.6,12.3,12.5
103067,8.2,8.5,8.4,8.7,9.1,8.7,8.8,8.9,9.0,9.5,9.5,9.6,9.6,10.0,9.8,9.9,10.0,9.9,10.5,10.6,10.8,10.4,10.7,10.9,11.0
103068,8.7,8.5,8.2,8.3,8.6,7.9,8.3,8.2,8.0,8.6,8.3,8.4,8.2,8.4,8.2,8.0,7.9,8.3,7.9,7.9,8.0,7.9,7.8,7.9,7.9
103069,10.2,10.6,10.8,10.5,10.7,10.5,10.8,10.7,10.8,11.3,11.1,11.0,11.2,11.5,11.7,11.3,11.6,11.6,11.3,11.6,11.7,11.5,11.8,11.4,11.6
103070,7.8,7.7,7.7,7.9,7.9,7.9,8.1,8.0,8.0,8.2,8.4,8.3,8.5,8.6,8.7,8.5,8.5,8.8,8.5,8.7,9.1,8.9,8.8,8.9,8.8
103071,8.2,7.9,8.0,8.1,8.3,8.1,8.1,8.4,8.3,8.7,8.8,8.9,8.9,9.0,9.0,9.0,9.1,9.5,9.4,9.5,9.8,9.4,9.6,9.8,9.6
103072,7.5,7.5,7.7,7.5,7.7,7.7,7.8,8.0,8.0,8.2,8.2,8.2,8.4,8.4,8.5,8.4,8.6,8.7,8.7,8.9,9.0,8.9,9.1,8.9,9.2
103074,9.5,8.9,9.1,9.4,9.5,9.7,9.8,9.6,9.9,10.2,10.2,10.1,10.4,10.9,10.8,10.8,10.6,10.6,11.5,10.9,11.0,11.3,11.3,11.5,11.5
103075,8.8,8.9,8.9,9.2,9.2,9.2,9.1,9.5,9.3,9.9,9.9,10.2,10.0,10.3,10.4,10.3,10.7,10.6,10.8,10.8,11.2,11.2,11.7,11.7,11.6
103076,8.7,8.8,8.7,8.8,8.8,8.8,8.9,8.9,8.9,8.8,9.1,9.0,9.2,9.0,8.8,9.2,8.9,8.9,9.2,9.1,9.2,9.0,9.0,8.9,9.0
103077,8.1,8.0,8.4,8.3,8.4,8.5,8.2,8.5,8.5,9.0,9.0,9.0,8.8,9.3,9.3,9.4,9.2,9.2,9.2,9.8,10.0,9.7,9.6,10.0,9.8
103078,7.7,7.7,7.8,7.6,8.0,8.1,7.9,8.1,8.0,8.3,8.3,8.4,8.2,8.3,8.4,8.6,8.4,8.5,8.6,8.6,9.0,8.7,8.7,8.6,8.6
103079,7.9,7.8,7.7,7.7,7.8,7.9,7.9,7.9,8.0,8.2,8.4,8.2,8.3,8.3,8.6,8.2,8.6,8.5,8.5,8.8,8.7,8.5,8.5,8.6,8.8
108001,9.6,9.7,9.5,9.8,9.9,10.0,10.1,10.2,10.3,10.7,11.0,10.8,10.9,10.9,11.4,11.3,11.3,11.5,11.9,11.7,12.0,12.5,11.8,12.0,12.0
108002,8.5,8.6,8.7,8.8,9.0,9.0,9.0,9.0,9.0,9.4,9.6,9.5,9.6,9.6,9.7,10.0,10.0,9.6,10.1,10.1,10.4,10.2,10.1,10.3,10.1
108003,7.8,8.0,8.0,8.1,8.1,8.4,8.6,8.3,8.7,9.0,9.0,9.0,9.2,9.4,9.4,9.7,9.8,9.7,10.0,10.2,10.7,10.4,10.5,10.7,10.8
108004,7.2,7.2,7.1,7.5,7.5,7.5,7.7,7.7,7.7,8.0,8.0,8.1,8.3,7.9,8.6,8.4,8.5,8.4,8.5,8.5,8.9,8.6,8.7,8.7,8.9
108005,8.2,8.3,8.3,8.3,8.4,8.4,8.5,8.5,8.6,9.2,9.3,9.1,9.2,9.1,9.1,9.3,9.7,9.5,9.6,9.6,9.8,9.8,9.8,9.9,9.9
108006,7.2,7.1,7.3,7.2,7.4,7.4,7.2,7.3,7.6,7.7,7.5,7.6,7.8,7.6,7.7,7.5,7.9,7.7,7.6,7.6,7.8,7.6,7.6,7.5,7.7
108007,9.0,9.0,9.2,9.3,9.6,9.6,9.6,9.8,9.7,10.3,10.2,10.6,10.7,10.3,10.8,10.8,10.7,11.1,10.7,10.9,11.4,11.1,11.7,11.6,11.1
108008,6.4,6.3,6.6,6.5,6.6,6.7,6.7,6.8,6.7,6.8,7.0,7.1,7.0,7.0,7.2,7.1,7.5,7.4,7.7,7.6,7.8,7.7,7.5,7.9,7.9
108009,8.5,8.4,8.6,8.7,8.9,8.9,9.2,9.2,8.9,9.5,9.5,10.0,10.1,10.0,10.2,10.6,10.5,10.3,10.6,10.6,11.6,11.1,11.2,11.4,11.6
108010,8.3,8.4,8.5,8.7,8.7,8.9,8.8,8.8,8.8,9.3,9.2,9.4,9.3,9.4,9.5,9.8,10.0,9.7,10.0,10.0,10.4,9.8,9.9,10.3,10.5
108011,8.1,8.0,8.2,8.2,8.3,8.3,8.2,8.2,8.7,8.8,8.8,8.9,8.6,9.0,9.0,9.0,9.1,9.0,9.2,9.4,9.4,9.6,9.4,9.6,9.6
108012,9.5,9.7,9.8,10.0,9.9,9.8,10.2,10.2,10.1,10.8,10.9,10.8,11.2,11.2,11.5,11.4,11.6,11.6,11.5,12.2,12.1,11.7,12.2,12.4,12.6
108013,8.5,8.5,8.6,8.4,8.6,8.8,8.7,8.9,8.7,9.2,9.3,9.4,8.9,9.3,9.2,9.5,9.3,9.5,9.6,9.5,9.7,9.6,9.8,9.7,9.9
108014,8.1,8.2,8.3,8.2,8.5,8.3,8.6,8.4,8.6,8.8,9.1,9.1,9.1,9.1,9.5,9.5,9.6,9.2,9.4,9.5,10.0,9.8,9.9,9.8,10.1
108015,9.8,9.9,9.8,10.0,10.2,10.6,10.6,10.6,10.6,11.2,11.1,11.8,11.4,11.6,12.1,12.1,12.0,12.6,12.8,12.5,12.9,12.6,13.2,13.2,13.2
108016,8.1,8.1,8.0,8.6,8.3,8.5,8.6,8.7,8.5,8.9,9.0,9.0,9.1,9.2,9.4,9.7,9.3,9.5,9.8,9.7,10.1,10.1,10.1,10.2,10.0
108017,6.3,6.2,6.5,6.4,6.4,6.4,6.3,6.3,6.4,6.4,6.7,6.8,6.6,6.5,6.7,6.7,6.7,6.7,6.9,6.8,7.1,6.9,6.7,6.7,6.9
108018,8.6,9.2,9.2,9.3,9.8,9.5,9.2,9.7,9.6,10.1,10.3,10.6,10.7,10.9,11.1,11.1,11.0,11.4,11.8,11.7,12.2,12.0,12.1,12.6,12.4
108019,7.5,7.9,8.0,7.8,7.8,8.0,8.0,8.0,8.0,8.2,8.5,8.2,8.4,8.5,8.5,8.7,8.6,8.7,8.8,8.7,9.0,8.8,9.1,8.9,8.8
108020,9.3,9.1,9.3,9.5,9.5,9.4,9.4,9.6,9.8,10.4,10.3,10.3,10.5,10.4,10.4,10.6,10.5,10.7,10.8,11.1,11.4,11.2,11.2,11.2,11.4
108021,7.4,7.5,7.5,7.6,7.7,7.5,7.5,7.5,7.6,7.8,7.8,7.7,7.6,7.7,7.8,7.6,7.6,7.6,7.8,7.5,7.8,7.7,7.6,7.4,7.5
108022,8.9,9.1,9.0,9.1,9.1,8.9,9.2,9.2,9.2,9.7,9.9,9.6,9.7,10.1,10.0,10.0,9.9,10.1,9.9,10.1,10.8,10.3,10.5,10.5,10.4
108023,8.6,8.5,8.8,8.6,8.9,8.9,8.9,8.7,9.0,9.0,9.2,9.1,9.4,9.4,9.6,9.1,9.3,9.2,9.1,9.5,9.8,9.5,9.6,9.3,9.8
108024,7.7,8.0,7.7,8.1,8.1,8.1,8.2,8.3,8.3,8.5,8.7,8.6,8.9,8.6,8.8,8.9,8.8,9.0,9.2,9.4,9.5,9.5,9.6,9.6,9.7
108025,8.4,8.3,8.1,8.3,7.9,8.5,8.4,8.4,8.6,8.7,8.8,8.9,8.9,8.8,8.8,9.2,9.0,9.0,9.2,8.9,9.6,9.2,9.4,9.1,9.4
108026,9.5,9.9,9.9,9.7,10.0,9.6,9.9,10.3,10.3,10.5,10.5,10.7,10.9,10.5,10.7,11.0,11.0,11.3,11.5,11.7,11.8,11.2,11.7,11.8,11.8
108027,10.0,10.1,10.2,10.2,10.4,10.6,10.4,10.7,10.6,11.5,11.2,11.5,11.3,11.6,11.4,11.9,11.9,12.1,12.1,12.0,12.6,12.5,12.7,12.6,13.0
108028,7.9,8.1,8.0,8.1,8.0,8.3,8.1,8.1,8.1,8.3,8.5,8.1,8.4,8.4,8.5,8.6,8.4,8.3,8.5,8.5,8.6,8.6,8.6,8.6,8.4
108029,8.7,8.7,8.8,8.5,8.6,8.9,8.7,8.7,9.1,9.3,9.2,9.3,9.4,9.7,9.6,9.2,9.8,9.9,9.7,9.8,9.8,10.0,10.0,9.6,10.2
108030,7.6,7.6,7.6,7.7,7.7,7.7,8.0,8.0,8.0,8.4,8.2,8.6,8.6,8.7,8.4,8.8,8.6,8.7,8.7,9.1,8.9,9.1,9.1,9.2,9.2
108031,8.9,8.9,8.8,9.0,9.1,9.0,9.1,9.1,9.0,9.4,9.6,9.4,9.6,9.7,9.7,9.9,9.7,10.0,10.1,9.8,10.2,10.3,10.0,10.2,10.0
108032,8.7,8.8,8.8,9.0,9.0,9.0,9.0,9.2,9.1,9.6,9.4,9.7,9.6,9.7,9.9,9.7,10.0,10.1,10.1,10.1,10.3,10.4,10.5,10.6,10.4
108033,8.9,8.7,8.9,8.8,8.9,9.1,9.2,9.0,9.2,9.5,9.5,9.9,9.7,9.8,9.9,9.9,10.1,10.0,10.1,10.5,10.6,10.6,10.8,10.6,10.8
108034,7.6,7.7,7.6,7.7,7.8,8.0,7.9,7.7,8.1,8.1,8.1,8.2,8.1,8.4,8.3,8.3,8.3,8.4,8.5,8.5,8.8,8.6,8.4,8.5,8.7
108035,9.4,9.5,9.5,9.5,9.5,9.5,9.3,9.7,9.4,10.0,10.2,9.9,10.3,10.2,10.3,10.2,10.1,10.1,10.4,10.3,10.5,10.5,10.5,10.5,10.3
108036,8.0,7.8,7.9,8.0,8.0,8.1,8.2,8.2,8.3,8.4,8.6,8.6,8.5,8.5,8.6,8.5,8.8,8.6,8.6,8.5,8.7,8.7,8.7,8.7,8.8
108037,6.7,6.7,6.8,6.9,7.0,7.0,7.0,7.0,7.0,7.5,7.5,7.6,7.3,7.6,7.7,7.9,7.7,7.7,7.8,7.9,8.0,7.9,8.2,8.3,8.2
108038,9.6,9.4,9.3,9.9,9.7,9.9,9.9,9.9,9.8,10.0,10.4,10.0,10.4,10.6,10.5,10.6,10.4,10.4,10.5,10.3,10.9,10.6,10.5,10.6,10.7
108039,9.0,9.1,9.4,9.4,9.3,9.5,9.4,9.7,9.7,10.1,10.2,10.5,10.3,10.5,10.6,10.8,11.1,10.9,11.1,11.0,11.5,11.3,11.5,11.5,11.8
108040,9.1,9.3,9.5,9.6,9.5,9.7,9.4,9.4,9.3,9.8,10.0,10.3,10.3,10.0,9.9,9.8,10.1,10.2,10.0,10.1,10.8,10.2,10.2,10.2,10.4
108041,8.6,8.7,9.0,8.7,8.8,9.0,9.2,9.3,9.4,9.7,9.8,9.8,9.8,9.6,10.0,10.0,10.1,10.0,10.3,10.2,10.5,10.3,10.7,10.9,10.4
108042,10.1,10.5,10.3,10.1,10.5,10.1,10.2,10.2,10.4,10.4,10.9,10.6,10.8,10.6,10.5,10.8,11.1,10.7,10.7,10.8,11.1,10.8,11.1,10.6,11.1
108043,8.5,8.2,8.3,8.4,8.7,8.5,8.7,8.7,8.6,8.8,8.7,9.0,8.9,9.1,9.3,9.1,9.1,8.9,9.2,9.2,9.1,9.2,8.9,9.5,9.4
108044,7.9,8.2,8.0,8.0,8.4,8.4,8.5,8.3,8.8,9.0,9.2,9.1,9.2,9.2,9.6,9.4,9.5,9.4,9.7,9.7,9.9,9.9,9.8,9.9,9.8
108045,8.5,8.5,8.6,8.6,8.5,8.6,8.8,8.7,8.7,8.8,8.9,8.8,8.8,8.9,9.0,9.1,8.9,8.9,8.9,8.8,9.2,8.8,9.0,9.0,8.5
108046,8.6,8.6,8.8,8.9,9.0,9.2,9.4,9.3,9.0,9.8,9.8,10.1,9.9,10.1,10.2,10.2,10.3,10.4,10.5,10.6,10.9,11.0,10.8,11.0,11.1
108047,7.8,7.8,7.8,8.1,8.0,8.2,7.9,8.2,8.3,8.4,8.5,8.9,8.9,8.8,9.2,8.9,8.9,9.1,9.3,9.2,9.5,8.9,9.4,9.6,9.7
108048,9.1,9.2,9.0,9.2,9.3,9.1,9.3,9.4,9.8,10.0,10.1,10.5,10.4,10.4,10.4,10.8,10.4,10.8,10.7,10.4,11.2,10.9,11.3,11.1,11.0
108049,9.3,9.2,9.3,9.3,9.7,9.7,9.7,9.5,9.7,9.8,10.3,10.7,10.4,10.1,10.6,10.3,10.3,10.4,10.4,10.7,11.2,11.0,10.6,10.7,10.8
108050,9.7,9.9,9.9,9.7,9.8,10.1,10.1,10.0,10.0,10.4,10.1,10.4,10.4,10.3,10.4,10.1,10.7,10.7,10.5,10.8,10.8,10.7,10.9,10.8,10.8
108051,8.9,9.1,9.0,9.0,9.1,9.3,9.4,9.8,9.4,10.0,10.1,10.2,10.3,10.6,10.7,11.0,10.9,11.1,11.5,11.5,11.6,11.5,11.7,11.8,11.7
108052,8.7,8.7,8.7,8.8,8.9,9.1,9.1,9.1,9.1,9.3,9.7,9.4,9.4,9.5,9.5,9.7,9.6,10.0,10.0,9.9,10.3,9.8,10.0,10.2,10.2
108053,8.7,9.0,9.0,8.8,9.4,9.0,9.4,9.2,9.3,9.6,9.5,9.6,9.7,9.8,9.5,9.8,9.7,10.0,10.0,10.2,10.1,9.9,9.7,9.9,10.3
108054,8.1,7.9,8.0,8.3,8.1,8.2,8.2,8.2,8.5,8.5,8.5,8.5,8.6,8.5,8.7,8.8,8.7,8.6,8.9,8.8,8.9,8.7,8.7,8.8,9.0
108055,8.7,8.5,8.6,8.7,9.0,8.9,8.8,9.0,9.3,9.4,9.6,9.7,9.8,9.7,9.9,9.9,10.1,10.3,10.3,10.3,10.2,10.3,10.5,10.6,10.7
109001,7.8,8.2,8.2,8.1,8.2,8.1,8.4,8.4,8.4,8.8,8.6,8.8,8.8,9.0,8.4,8.6,8.9,9.0,9.2,9.1,9.2,9.3,9.4,9.3,9.5
109002,7.9,8.5,8.3,8.6,8.1,8.2,8.4,8.5,8.6,8.7,8.9,8.9,9.0,9.1,8.9,9.2,9.3,9.2,9.3,9.3,9.4,9.5,9.3,9.8,9.6
109003,8.7,8.8,8.8,9.1,9.3,9.1,9.4,9.6,9.6,9.8,10.1,10.0,10.5,10.7,11.1,10.9,10.8,11.0,11.5,11.5,11.8,11.4,11.8,11.7,12.3
109004,9.4,9.7,9.5,9.9,9.8,10.0,9.8,10.2,9.8,10.6,10.5,10.5,10.7,10.6,10.4,10.6,10.8,11.1,10.5,10.9,11.3,10.5,10.9,11.2,11.3
109005,10.2,10.2,10.2,10.4,10.3,10.2,10.4,10.4,10.8,10.7,10.9,11.0,10.9,10.8,10.6,10.9,10.8,10.9,11.2,11.2,11.4,11.3,10.9,11.3,11.4
109006,8.0,7.8,7.8,7.7,7.9,8.1,8.1,7.9,8.1,8.2,8.4,8.4,8.5,8.2,8.5,8.5,8.2,8.7,8.5,8.5,8.7,8.7,8.8,8.7,8.6
109007,8.7,8.7,8.6,8.4,8.9,8.9,9.2,8.8,9.1,9.3,9.6,9.5,9.5,9.7,9.4,9.3,9.5,9.6,9.7,9.7,9.9,9.6,9.6,9.8,10.1
109008,8.5,8.5,8.6,8.8,8.9,8.5,8.9,8.7,9.0,9.1,9.4,9.3,9.2,9.1,9.3,9.2,9.1,9.7,9.2,9.4,10.0,9.6,9.4,9.6,9.6
109009,6.8,6.6,6.8,6.7,6.7,6.9,6.8,6.8,6.7,6.9,7.1,7.0,7.2,6.9,6.9,6.8,6.8,7.0,6.9,7.0,7.1,7.0,7.0,7.2,7.0
109010,7.2,7.4,7.4,7.9,7.6,7.9,8.0,7.9,8.1,8.4,8.6,8.3,8.8,8.5,8.8,9.0,8.9,8.9,9.3,9.2,9.7,9.6,9.6,9.5,9.8
109011,7.8,7.9,7.7,7.9,7.9,7.7,8.0,7.8,8.2,8.0,8.2,8.3,8.2,8.4,8.1,8.3,8.3,8.2,8.5,8.3,8.6,8.2,8.5,8.7,8.4
109012,9.7,9.2,9.7,9.7,10.1,10.0,9.7,10.1,10.2,10.2,10.6,10.2,10.9,11.1,11.0,10.9,10.8,10.9,11.7,10.8,11.5,11.1,11.6,11.6,11.8
109013,8.6,8.4,8.6,8.7,8.9,9.0,9.1,8.9,8.9,9.4,9.3,9.7,9.6,9.9,9.7,9.7,9.8,9.9,9.9,10.1,10.4,10.2,10.3,10.3,10.4
109014,8.6,8.8,9.0,9.2,8.9,8.8,9.1,9.0,9.2,9.4,9.7,9.7,9.7,9.5,9.6,9.8,9.9,9.9,10.0,10.1,10.3,10.3,10.4,9.9,10.4
109015,7.9,8.1,8.0,8.1,8.0,8.1,8.2,8.2,8.2,8.5,8.6,8.5,8.8,8.8,8.7,8.7,8.7,8.6,8.9,8.5,9.2,8.7,9.1,8.9,9.1
109016,8.2,8.3,8.3,8.0,8.3,8.6,8.4,8.7,8.5,8.9,8.8,9.1,9.1,9.3,9.0,9.4,9.6,9.6,9.8,9.6,9.8,9.5,9.8,9.6,10.2
109017,8.2,7.9,8.0,8.2,8.4,8.4,8.4,8.5,8.5,8.7,8.7,8.8,9.3,9.0,9.1,9.0,9.1,9.1,9.4,9.5,9.6,9.3,9.5,9.3,9.6
109018,8.9,9.2,9.4,9.5,8.8,9.1,9.1,9.4,9.4,9.8,9.8,9.9,9.6,10.3,10.0,10.3,10.3,10.0,10.6,10.2,10.5,10.6,10.9,10.8,11.0
109019,9.2,9.3,9.3,9.4,9.3,9.8,9.9,9.8,9.8,10.5,10.8,10.5,10.7,11.2,10.8,11.3,11.2,11.4,11.7,11.6,12.0,12.2,11.9,12.1,12.6
109020,8.4,8.8,8.4,8.2,8.5,8.4,8.3,8.3,8.6,8.6,8.8,8.6,9.0,8.5,8.7,8.6,8.5,8.6,8.5,8.8,8.8,8.8,8.4,8.6,8.5
109021,7.7,7.8,7.6,7.7,8.1,7.9,8.0,8.0,8.2,8.4,8.3,8.4,8.5,8.6,8.6,8.7,8.7,9.1,9.0,9.0,9.4,9.0,9.1,9.0,9.4
109022,8.5,8.3,8.6,8.7,8.6,8.3,8.8,8.6,8.7,9.1,9.2,9.6,9.6,9.3,9.7,9.6,9.9,9.9,9.9,10.1,10.3,9.9,10.1,10.2,10.4
109023,8.1,8.2,8.2,8.5,8.3,8.2,8.2,8.1,8.5,8.7,8.6,8.8,8.6,8.8,8.8,8.7,8.9,8.9,8.9,8.7,9.0,8.7,8.9,8.8,8.9
109024,7.8,7.9,7.7,8.0,8.2,8.3,8.0,8.4,8.2,8.7,8.5,8.5,8.7,8.9,8.9,9.1,9.0,9.3,8.9,9.1,9.5,9.2,9.5,9.6,9.5
109025,7.3,7.2,7.3,7.1,7.1,7.2,7.3,7.2,7.4,7.6,7.4,7.5,7.3,7.7,7.6,7.7,7.4,7.5,7.6,7.6,7.5,7.7,7.7,7.7,7.7
109026,8.4,8.2,8.1,8.2,8.4,8.4,8.3,8.2,8.3,8.7,8.8,8.5,8.6,8.5,8.7,8.4,8.7,8.4,8.5,8.7,8.7,8.7,8.8,8.8,8.5
109027,9.4,9.0,9.4,9.0,9.4,9.5,9.4,9.5,9.6,10.1,10.1,9.9,10.5,10.1,10.6,10.4,10.3,10.8,10.7,11.2,10.8,10.9,11.1,11.4,11.1
109028,8.7,9.1,8.9,9.1,8.7,8.7,8.8,8.9,8.7,9.2,9.0,8.9,9.1,8.7,9.0,8.8,8.9,8.7,9.1,9.0,9.2,8.8,8.9,9.0,9.0
109029,8.2,8.2,8.2,8.3,8.3,8.4,8.5,8.2,8.6,8.7,9.0,9.1,9.2,9.1,9.3,9.4,9.4,9.5,9.3,9.7,10.2,10.1,9.8,10.1,10.3
109030,8.0,8.3,8.0,8.4,8.3,8.0,8.2,8.3,8.5,9.0,8.8,8.7,8.7,9.1,9.1,9.0,9.3,9.2,9.2,9.3,9.7,9.8,9.7,9.4,9.8
109031,8.0,8.1,8.2,8.1,8.2,8.5,8.5,8.4,8.6,8.8,9.0,9.2,9.0,9.6,9.5,9.4,9.6,9.6,9.4,9.8,9.8,9.9,10.2,10.2,10.0
109032,9.1,8.9,9.2,9.2,9.1,9.3,9.0,9.3,9.4,9.6,9.9,9.9,10.1,10.1,10.2,10.6,10.7,10.2,10.3,10.5,10.7,10.9,11.1,10.8,11.0
109033,8.1,8.4,8.3,8.3,8.5,8.3,8.3,8.3,8.6,8.5,8.6,8.6,8.5,8.8,8.9,8.8,8.6,8.7,8.8,8.8,9.0,8.6,9.0,8.5,8.7
109034,7.2,7.3,7.4,7.5,7.7,7.7,7.6,7.7,8.0,8.1,8.5,8.3,8.5,8.5,8.7,8.6,9.2,8.9,8.9,9.1,9.8,9.5,9.9,9.8,9.8
109035,8.3,8.4,8.7,8.5,8.5,8.8,8.6,8.4,8.7,8.9,9.1,9.1,9.4,9.3,9.2,9.6,9.4,9.6,9.6,9.6,9.8,9.5,9.7,9.9,9.7
109036,8.0,8.2,8.3,8.5,8.2,8.7,8.7,8.7,8.9,9.2,8.7,9.3,9.5,9.4,9.1,9.5,9.5,9.4,9.5,9.9,10.0,9.8,9.9,9.8,9.9
109037,8.8,9.1,9.2,9.0,9.1,9.2,9.3,9.3,9.4,9.8,10.0,10.1,10.1,10.0,10.3,10.3,10.6,10.6,10.5,11.2,11.3,10.9,10.9,11.4,11.2
109038,8.5,8.6,8.7,8.8,8.9,9.2,8.9,9.1,8.9,9.4,9.5,9.6,9.9,9.8,9.9,10.2,10.3,10.2,10.3,10.3,10.7,10.6,10.6,10.4,10.7
109039,9.1,9.3,9.6,9.4,9.5,9.5,9.5,9.6,9.9,10.3,10.4,10.5,10.2,10.7,10.8,10.7,10.9,11.1,11.0,11.1,11.2,11.3,11.6,11.3,11.7
109040,7.1,7.3,7.4,7.3,7.2,7.5,7.5,7.6,7.6,8.0,8.0,8.1,8.2,8.2,8.3,8.5,8.5,8.3,8.3,8.7,8.7,8.9,8.5,8.6,8.9
110001,7.7,7.8,7.9,7.7,7.7,7.9,8.0,7.8,8.0,8.1,8.1,8.2,8.3,8.3,8.3,8.5,8.2,8.3,8.7,8.6,8.9,8.6,8.8,8.6,8.8
110002,8.8,8.7,8.8,8.7,8.8,9.1,8.9,8.8,8.7,9.4,9.4,9.2,9.3,9.4,9.1,9.3,9.5,9.1,9.3,9.2,9.3,9.4,9.3,9.4,9.2
110003,6.7,6.8,6.9,6.9,6.7,6.9,6.9,7.0,7.0,7.2,7.2,7.4,7.4,7.4,7.4,7.6,7.5,7.6,7.5,7.6,7.8,7.6,7.8,7.8,7.9
110004,7.6,7.5,7.5,8.0,7.7,7.7,8.1,7.9,8.0,8.4,8.5,8.6,8.5,8.7,8.6,8.9,8.7,9.4,8.9,9.1,9.5,9.2,9.3,9.2,9.6
110005,9.3,9.2,9.5,9.4,10.0,9.4,9.8,9.8,9.6,10.4,10.3,11.0,10.6,10.5,10.7,10.5,11.0,11.1,11.0,11.2,11.9,11.3,11.6,11.7,11.3
110006,8.3,8.4,8.5,8.9,8.7,8.8,8.7,9.0,9.0,9.2,9.3,9.5,9.5,9.7,9.9,9.7,10.0,10.3,9.9,10.2,10.4,10.1,10.6,10.6,10.3
110007,8.9,9.1,9.2,9.2,9.2,9.3,9.4,9.7,9.7,10.2,10.3,10.5,10.4,10.5,10.9,11.0,11.0,11.2,11.6,11.6,11.8,12.1,11.6,11.8,11.6
110008,6.6,6.8,6.7,6.9,6.7,6.9,6.8,6.9,6.8,7.2,7.3,7.5,7.3,7.4,7.5,7.4,7.5,7.6,7.8,7.6,7.9,7.6,8.0,7.9,7.8
110009,8.3,8.1,8.3,8.3,8.2,8.2,8.6,8.6,8.4,8.8,9.0,9.0,8.8,8.8,9.2,9.2,9.4,9.4,9.3,9.4,9.7,9.4,9.4,9.7,9.7
110010,7.8,7.8,8.2,8.2,8.0,8.4,8.3,8.3,8.3,8.9,8.7,9.0,8.6,8.8,8.8,8.9,9.0,8.9,9.2,9.3,9.2,9.2,9.2,9.6,9.5
112001,6.7,6.9,6.9,6.9,6.9,6.9,6.9,7.0,6.9,7.2,7.2,7.3,7.2,7.5,7.2,7.3,7.4,7.5,7.3,7.5,7.6,7.5,7.5,7.7,7.5
112002,6.5,6.6,6.5,6.6,6.5,6.6,6.7,6.6,6.5,6.7,6.6,6.8,6.7,6.7,6.8,6.8,6.8,6.7,6.8,6.7,7.0,7.0,6.7,6.9,7.0
112003,8.6,8.6,8.7,8.7,9.0,9.1,8.9,9.2,9.3,9.6,9.5,10.0,10.2,9.8,9.7,10.4,10.4,10.2,10.4,10.2,10.6,10.8,10.8,10.8,10.9
112004,8.6,8.4,8.5,8.5,8.3,8.4,8.5,8.6,8.5,8.7,8.9,8.9,8.9,9.1,8.8,9.1,9.0,9.1,9.1,9.0,9.0,9.1,9.2,9.4,9.0
112005,10.6,10.5,10.7,10.9,11.1,11.1,11.0,11.0,11.5,12.2,12.2,12.2,12.4,12.3,12.7,12.8,13.5,13.0,13.0,13.6,13.8,13.5,13.8,13.7,14.3
112006,9.4,9.3,8.9,9.5,9.7,9.7,9.6,9.8,9.9,10.0,10.3,10.4,10.5,11.1,10.9,11.0,11.6,11.3,11.4,11.5,11.7,12.0,12.0,12.2,12.1
112007,9.7,9.9,9.7,9.9,10.3,10.2,10.2,10.6,10.5,10.8,10.8,10.9,11.0,11.0,11.2,11.6,11.2,11.1,11.2,11.3,11.8,11.6,11.9,11.8,12.4
112008,7.7,7.9,7.9,7.7,7.7,8.0,8.1,8.0,7.9,8.2,8.3,8.3,8.5,8.3,8.2,8.6,8.6,8.8,8.6,8.5,8.9,8.6,8.6,8.5,8.6
112009,9.2,9.1,9.5,9.4,9.5,9.3,9.7,9.8,9.5,9.9,10.1,10.4,10.8,10.6,10.6,10.8,10.5,10.6,10.6,10.9,11.1,10.9,11.1,11.2,11.1
112010,9.0,9.2,9.3,9.6,9.3,9.5,9.4,9.6,9.7,9.9,9.9,10.2,10.3,10.1,10.6,10.2,10.2,10.4,10.2,10.6,10.5,10.5,10.4,10.7,10.9
112011,8.8,8.6,8.5,8.4,8.8,8.7,9.0,9.1,9.2,9.6,9.4,9.6,9.4,9.9,9.6,9.9,10.0,10.0,9.9,10.3,10.5,10.5,10.1,10.4,11.0
112012,9.6,9.8,9.9,9.5,9.9,9.8,10.2,10.5,10.4,10.4,10.6,10.4,10.6,11.1,10.7,10.8,11.0,10.9,10.6,11.1,11.2,11.3,11.2,11.5,11.5
112013,9.2,9.2,9.3,9.2,9.6,9.3,9.7,9.4,9.5,9.9,9.9,10.0,9.9,10.0,9.8,10.0,10.1,10.1,10.2,10.0,10.6,10.1,10.3,10.4,10.2
112014,8.7,8.9,8.8,8.7,8.9,9.0,9.0,9.1,9.1,9.6,9.3,9.4,9.4,9.7,9.3,9.5,9.5,9.6,9.6,9.7,10.2,9.7,9.9,10.0,9.9
112015,9.2,9.0,9.1,9.2,9.0,9.2,9.4,9.5,9.8,9.7,9.5,9.8,9.8,9.8,9.8,9.9,9.9,10.2,10.2,10.1,10.4,10.1,10.1,9.9,10.0
112016,7.2,7.2,7.2,7.4,7.4,7.4,7.6,7.6,7.8,7.9,7.9,8.1,8.1,8.2,8.2,8.1,8.1,8.3,8.6,8.5,8.7,8.6,8.7,8.6,8.6
112017,9.4,9.4,9.4,9.2,9.2,9.6,9.0,9.3,9.3,9.6,9.6,9.6,9.5,9.7,9.4,9.7,9.4,9.6,9.4,9.6,9.8,9.3,9.5,9.3,9.8
112018,8.7,8.9,9.0,9.1,9.1,9.1,9.3,9.4,9.3,9.8,9.6,9.7,9.8,9.9,10.0,10.2,10.1,10.3,10.5,10.4,10.5,10.6,10.7,10.9,10.9
112019,8.8,8.6,8.6,8.8,8.5,8.8,8.8,8.5,8.7,9.1,8.9,9.0,9.2,9.2,8.8,9.0,9.2,9.1,9.3,9.2,9.1,9.1,9.3,8.9,9.1
112020,8.1,8.1,8.0,8.2,8.5,8.3,8.6,8.5,8.7,8.9,8.9,9.1,9.0,9.2,9.0,9.6,9.3,9.5,9.6,9.3,9.8,9.8,9.7,9.7,9.7
112021,9.8,10.1,10.1,10.3,10.1,10.5,10.7,10.1,10.7,11.4,11.3,11.7,11.8,11.9,11.8,12.3,12.4,12.7,12.4,13.1,13.3,13.3,13.3,13.3,13.9
112022,8.5,8.7,8.9,8.9,9.0,8.8,9.0,8.9,8.8,9.0,9.1,9.1,9.3,9.4,9.4,9.3,9.4,9.3,9.4,9.5,9.6,9.3,9.4,9.4,9.6
112023,7.8,7.6,7.8,8.0,8.0,8.2,8.5,8.4,8.5,9.0,9.0,9.0,9.3,9.2,9.4,9.4,9.7,9.4,9.7,10.3,10.3,10.0,10.5,10.2,10.7
112024,10.6,10.6,10.9,10.7,11.1,11.1,11.3,11.0,11.2,11.7,12.0,11.9,12.1,11.8,12.2,12.2,12.8,12.7,12.6,12.8,12.9,12.7,12.8,12.7,13.3
112025,6.5,6.5,6.5,6.5,6.6,6.7,6.7,6.7,6.6,7.0,6.9,7.1,7.3,7.3,7.2,7.1,7.5,7.6,7.4,7.3,7.5,7.5,7.5,7.7,7.6
112026,8.0,8.1,8.2,8.3,8.3,8.2,8.6,8.4,8.4,8.7,8.8,8.8,9.0,8.9,9.1,9.0,9.0,9.0,9.1,9.2,9.3,9.2,9.4,9.3,9.3
112027,9.6,9.7,9.7,10.1,10.1,10.1,10.1,10.1,10.0,10.4,10.6,10.8,10.5,10.5,10.4,10.8,10.8,10.6,11.1,10.9,11.2,10.7,10.8,11.2,10.8
112028,8.8,9.1,9.1,9.2,9.3,9.2,9.2,9.2,9.6,10.0,9.7,9.8,10.1,10.4,10.2,10.6,10.5,10.2,11.0,10.7,11.0,10.9,11.1,11.5,10.8
112029,8.0,7.9,7.9,8.2,7.8,8.0,7.9,8.3,8.3,8.4,8.4,8.6,8.2,8.3,8.4,8.5,8.3,8.6,8.5,8.6,8.8,8.5,8.6,8.5,8.6
112030,10.0,10.1,10.3,10.0,10.3,10.2,10.3,10.6,10.5,10.8,10.7,10.8,10.6,10.6,10.9,10.7,10.9,10.8,10.8,11.0,11.4,11.3,11.0,10.9,10.8
112031,8.1,8.1,8.1,8.3,8.1,8.3,8.3,8.3,8.6,8.9,8.9,8.9,8.9,9.0,9.2,9.3,9.1,9.2,9.1,9.4,9.5,9.3,9.3,9.8,9.5
112032,9.0,9.2,9.2,9.2,9.2,9.5,9.1,9.7,9.5,10.1,10.1,10.4,9.8,10.4,10.3,10.4,10.4,11.0,10.8,11.0,11.1,11.0,11.3,11.3,11.7
112033,8.5,8.7,8.8,8.6,8.7,8.6,8.8,8.8,8.8,9.3,9.3,9.2,9.5,9.6,9.7,9.8,9.5,9.6,9.8,9.8,10.0,9.9,10.0,9.8,10.0
112034,8.8,9.3,9.1,9.0,9.2,9.2,9.0,8.9,9.1,9.3,9.4,9.5,9.3,9.6,9.3,9.5,9.5,9.4,9.4,9.8,9.8,9.3,9.6,9.2,9.4
112035,7.8,8.0,8.0,8.0,8.1,8.0,8.4,8.3,8.1,8.7,8.5,8.9,8.9,9.1,8.9,9.1,9.0,9.1,9.1,9.4,9.7,9.4,9.4,9.3,9.6
112036,8.0,8.2,8.3,8.1,8.2,8.4,8.2,8.5,8.3,8.8,9.0,9.0,8.7,8.9,9.2,9.0,9.2,9.2,9.5,9.2,9.7,9.6,9.3,9.4,9.5
112037,6.7,6.9,6.7,6.7,6.9,7.0,6.9,7.1,6.7,7.2,7.3,7.3,7.3,7.3,7.2,7.5,7.4,7.6,7.4,7.3,7.6,7.5,7.6,7.5,7.6
112038,7.4,7.4,7.4,7.2,7.4,7.3,7.3,7.4,7.4,7.6,7.5,7.8,7.5,7.5,7.6,7.6,7.7,7.6,7.7,7.7,7.8,7.5,7.6,7.5,7.5
112039,9.5,9.4,9.6,9.6,10.0,9.8,9.9,10.0,9.7,10.2,10.3,10.1,10.1,10.2,10.7,10.3,10.2,10.4,10.4,10.6,11.0,10.8,10.2,11.1,10.9
112040,8.0,7.7,7.9,7.9,8.0,7.9,8.1,8.0,8.1,8.4,8.5,8.8,8.6,8.5,8.6,8.8,8.8,8.6,9.0,8.6,8.8,9.1,8.8,8.7,9.4
112041,8.1,8.3,8.2,8.3,8.4,8.4,8.5,8.5,8.7,8.9,8.9,9.0,9.0,8.8,9.1,9.1,9.2,9.1,9.2,9.4,9.6,9.3,9.3,9.6,9.5
112042,9.2,9.0,9.2,9.4,9.5,9.8,10.1,9.8,9.9,10.1,10.5,10.7,10.5,10.5,10.5,11.0,11.2,10.9,11.6,11.4,11.7,11.9,12.2,12.1,12.2
112043,9.3,9.2,9.3,9.4,9.5,9.7,9.7,9.6,9.6,10.0,9.9,10.0,10.1,10.6,10.1,10.1,9.9,9.9,10.2,10.5,10.4,10.6,10.3,10.3,10.4
112044,7.7,7.4,7.9,7.8,7.6,7.7,7.9,8.1,7.9,8.4,8.2,8.2,8.6,8.6,8.8,8.6,8.7,8.9,9.0,9.0,9.2,9.1,9.4,9.1,9.4
112045,7.7,7.9,7.7,8.0,7.9,7.9,7.7,7.9,7.9,8.3,8.5,8.2,8.3,8.4,8.4,8.5,8.6,8.5,8.4,8.6,8.8,8.5,8.4,8.7,8.7
112046,8.5,8.5,8.4,8.7,8.6,8.6,8.7,8.7,8.6,9.1,9.0,8.9,9.1,9.2,9.0,9.1,9.2,9.2,9.3,9.2,9.4,9.4,9.5,9.4,9.2
112047,9.2,9.5,9.2,9.2,9.3,9.6,9.3,9.8,9.3,10.4,10.2,10.5,10.3,9.9,10.1,10.4,10.9,10.5,11.0,11.0,11.2,11.4,11.2,11.4,11.4
112048,9.1,9.3,9.4,9.3,9.4,9.3,9.4,9.5,9.4,9.9,9.9,10.3,9.9,9.9,10.0,9.9,10.0,9.8,9.8,10.2,10.6,10.2,9.9,10.0,10.3
112049,8.1,7.9,8.0,7.9,8.0,7.9,8.1,8.2,8.1,8.2,8.6,8.3,8.3,8.5,8.3,8.7,8.2,8.8,8.5,8.5,8.8,8.6,8.8,8.6,8.8
112050,7.7,7.8,8.0,8.0,8.1,8.1,8.0,8.4,8.2,8.4,8.5,8.8,8.4,8.9,8.8,8.8,9.1,8.9,8.9,9.5,9.3,9.3,9.4,9.3,9.4
112051,8.3,8.3,8.1,8.5,8.4,8.4,8.3,8.6,8.6,9.2,9.2,9.3,9.1,9.3,9.2,9.3,9.5,9.6,10.0,9.6,9.9,10.2,10.0,10.0,10.3
112052,7.3,7.5,7.4,7.3,7.4,7.3,7.3,7.4,7.4,7.8,7.7,7.7,7.9,7.8,7.8,7.9,7.6,7.7,7.9,7.6,7.9,7.5,7.6,7.8,7.8
112053,7.9,8.0,8.0,8.2,8.2,8.4,8.6,8.5,8.8,9.3,9.3,9.6,9.5,9.5,9.9,9.9,10.2,10.2,9.9,10.4,10.9,10.6,11.0,10.9,11.4
112054,9.0,9.2,9.2,9.2,9.1,9.4,8.9,9.2,9.3,9.7,9.7,9.6,9.7,9.3,9.5,9.4,9.7,9.5,9.7,9.5,9.8,9.7,10.0,9.6,9.8
112055,9.0,8.7,9.1,8.9,9.1,9.1,9.2,9.2,9.4,9.4,9.9,9.6,9.9,9.5,9.7,9.8,10.0,10.0,10.0,10.0,10.3,10.1,10.3,10.7,10.6
112056,9.5,9.6,9.6,9.9,10.1,10.1,9.7,10.0,10.0,10.8,10.6,11.0,10.8,10.8,10.9,11.1,11.1,11.0,11.0,11.5,11.4,11.0,11.2,11.5,11.4
112057,8.8,8.8,9.0,8.9,9.1,9.2,9.1,9.5,9.2,9.8,9.5,9.9,10.2,9.9,10.3,10.3,10.1,10.2,10.2,10.4,10.6,10.5,10.5,10.8,11.0
112058,10.3,10.2,10.3,10.2,10.9,10.6,10.8,10.9,10.8,11.3,11.6,11.3,11.1,11.6,11.8,11.5,11.8,12.1,12.1,12.1,12.5,12.7,12.6,12.5,12.5
112059,9.1,8.9,9.0,9.1,8.9,9.2,9.2,9.2,9.4,9.6,9.6,9.7,9.7,9.8,9.9,9.8,9.8,10.1,10.0,10.0,10.1,10.1,10.6,9.8,10.1
112060,8.5,8.5,8.5,8.5,8.6,8.7,8.8,8.9,8.8,9.1,9.1,9.4,9.1,9.3,9.4,9.6,9.5,9.3,9.4,9.4,9.4,9.6,9.7,9.5,9.4
112061,9.5,10.0,9.7,9.9,10.4,10.3,10.1,10.2,10.5,10.9,10.9,11.4,11.2,11.4,12.0,11.9,11.7,11.9,12.0,12.4,12.8,12.5,12.9,12.8,13.1
112062,8.0,8.1,7.9,8.1,7.9,8.0,8.1,8.2,8.1,8.7,8.6,8.5,8.8,8.9,8.9,9.0,9.2,9.0,9.1,9.3,9.5,9.2,9.3,9.5,9.7
112063,8.2,8.0,8.1,8.2,8.1,8.4,8.3,8.3,8.4,9.0,8.6,8.7,8.8,8.8,8.8,8.9,9.1,9.2,8.9,9.2,9.1,9.2,9.2,9.2,9.1
112064,8.3,8.0,8.3,8.2,8.6,8.5,8.5,8.5,8.5,8.9,8.8,8.7,9.2,9.1,9.2,9.1,9.2,8.9,9.2,9.3,9.5,9.4,9.1,9.3,9.4
112065,7.8,7.8,7.9,7.8,8.0,8.1,8.1,8.2,8.1,8.5,8.9,8.8,8.8,8.6,8.9,8.9,9.1,9.2,9.5,9.3,9.6,9.5,9.7,9.7,9.8
112066,9.0,9.2,9.0,9.0,9.1,9.2,9.1,9.2,9.4,9.9,9.6,9.8,9.8,9.6,10.0,10.1,10.0,10.0,10.0,10.2,9.9,10.0,9.8,9.8,10.3
113001,8.5,8.3,8.5,8.7,8.6,8.8,8.7,8.8,8.9,9.7,9.5,9.6,9.6,9.7,10.0,9.9,9.9,10.0,10.2,10.2,10.2,10.3,10.5,10.4,10.4
113002,8.1,8.0,8.5,8.2,8.1,8.3,8.8,8.3,8.7,8.8,8.8,9.2,9.3,9.0,9.1,9.2,9.2,9.3,9.3,9.3,9.8,9.6,9.7,9.7,9.8
113003,9.1,9.3,9.4,9.2,9.3,9.2,9.5,9.4,9.6,9.9,10.0,9.7,9.8,9.8,10.0,10.1,10.2,10.1,10.3,10.0,10.7,10.1,10.0,10.3,10.4
113004,7.3,7.2,7.3,7.3,7.3,7.5,7.4,7.6,7.5,7.8,7.8,7.8,8.0,8.0,7.8,7.8,8.0,8.0,8.1,7.9,8.2,7.7,7.8,8.1,8.0
113005,8.7,8.8,8.8,8.9,8.8,8.8,8.8,8.8,8.8,9.2,9.1,9.0,9.1,9.0,9.1,9.1,9.4,9.1,9.0,9.2,9.2,9.0,9.2,9.4,9.0
113006,6.5,6.3,6.5,6.5,6.5,6.4,6.4,6.4,6.5,6.6,6.6,6.5,6.5,6.6,6.6,6.5,6.6,6.5,6.5,6.6,6.6,6.5,6.4,6.4,6.3
113007,7.6,7.5,7.7,7.5,7.8,7.7,7.9,7.8,8.0,8.1,8.3,8.4,8.3,8.3,8.4,8.6,8.5,8.4,8.6,8.8,9.0,8.8,8.7,8.9,8.8
113008,10.4,10.3,10.3,10.4,10.6,10.9,10.7,10.9,11.0,11.1,11.2,11.6,11.8,11.7,11.4,11.9,11.6,11.9,12.2,12.4,12.3,12.2,12.3,12.4,12.7
113009,9.3,9.3,9.3,9.5,9.3,9.4,9.6,9.6,9.5,10.0,10.3,10.1,10.3,10.5,10.3,10.5,10.5,10.5,10.7,10.5,10.7,10.6,11.0,10.7,10.8
113010,8.3,8.3,8.1,8.6,8.2,8.4,8.4,8.4,8.4,8.7,8.7,8.6,8.9,8.6,9.0,9.2,8.6,9.1,9.1,9.0,9.5,9.2,9.5,9.2,9.2
113011,6.4,6.4,6.2,6.6,6.6,6.6,6.7,6.7,6.8,6.9,6.9,6.9,7.1,7.1,6.9,7.2,7.3,7.2,7.6,7.3,7.6,7.6,7.4,7.9,7.6
113012,10.6,10.1,10.5,10.5,10.4,10.6,10.5,11.0,10.8,11.3,11.3,11.9,11.9,11.7,12.0,12.4,12.1,12.5,12.4,12.9,13.2,12.5,13.0,12.9,12.5
113013,8.6,8.7,8.8,8.8,8.9,8.9,8.9,8.9,9.1,9.7,9.7,9.6,9.7,9.8,10.0,10.3,10.2,10.4,10.3,10.2,10.9,10.2,10.3,10.7,10.8
113014,8.2,8.3,8.5,8.2,8.3,8.3,8.6,8.5,8.7,9.0,9.0,9.3,9.3,9.0,9.4,9.7,9.4,9.4,9.7,9.5,9.5,9.6,9.9,10.0,10.2
113015,8.8,8.8,9.0,8.8,8.9,9.3,9.3,9.3,9.5,9.7,10.1,10.0,10.0,10.1,10.2,10.6,10.3,10.5,10.6,10.8,11.3,10.9,10.8,10.9,11.2
113016,7.1,7.2,7.3,7.2,7.2,7.3,7.3,7.4,7.3,7.8,7.8,7.7,7.7,7.9,8.0,8.1,8.2,8.1,8.0,8.2,8.4,8.2,8.2,8.3,8.4
113017,8.5,8.7,8.6,8.7,9.0,8.7,9.0,9.1,9.5,9.5,9.9,9.9,10.1,10.2,10.1,10.4,10.5,10.5,11.1,10.8,10.8,10.9,11.4,11.6,11.5
113018,9.6,9.2,9.5,9.4,9.3,9.8,9.5,9.5,9.7,10.2,9.8,10.3,10.0,10.1,9.8,10.1,9.8,10.1,10.1,10.2,10.5,9.9,10.3,10.2,10.1
113019,9.3,9.0,9.1,9.4,9.5,9.4,9.5,9.6,9.8,10.0,10.2,9.9,10.3,10.6,10.4,10.6,10.4,10.9,10.9,10.9,10.8,11.4,11.4,11.2,11.6
113020,8.4,8.7,8.4,8.4,8.7,8.5,8.8,8.7,9.1,9.2,9.1,9.3,9.3,9.5,9.6,9.5,9.7,10.0,9.7,10.1,10.0,10.2,10.2,10.2,10.3
113021,7.9,8.0,8.1,8.2,8.1,8.2,8.1,8.2,8.4,8.7,8.7,8.6,8.8,8.8,9.1,9.1,8.9,9.2,9.1,9.3,9.8,9.6,9.7,9.2,9.7
113022,6.8,7.0,7.1,7.0,7.1,7.1,7.2,7.2,7.1,7.4,7.6,7.6,7.7,7.8,7.9,8.0,7.9,8.0,8.2,8.2,8.3,8.2,8.4,8.4,8.9
113023,8.5,8.6,8.7,8.5,8.5,8.6,8.8,8.9,8.8,9.2,9.2,9.5,9.4,9.7,9.7,9.9,9.4,10.0,10.0,10.1,10.2,10.1,9.9,10.0,10.2
113024,7.1,7.2,7.3,7.3,7.3,7.4,7.4,7.8,7.8,8.4,8.4,8.4,8.2,8.7,8.7,8.7,8.6,9.2,9.0,9.1,9.3,9.5,9.2,9.4,9.5
113025,9.7,9.6,9.7,9.8,9.7,9.8,9.7,9.6,10.1,9.7,10.4,10.2,10.5,10.3,10.3,10.6,10.4,10.6,10.4,10.8,10.9,10.6,10.8,10.8,11.0
113026,8.9,9.0,9.1,9.3,9.4,9.3,9.3,9.6,9.6,10.3,10.1,10.2,10.4,10.4,10.5,10.7,10.5,10.8,10.5,10.6,11.0,11.0,11.1,11.2,11.6
114001,8.5,9.0,8.8,9.1,9.1,9.1,9.2,9.2,9.4,9.5,9.9,9.8,10.0,10.1,10.2,10.4,10.3,10.2,10.3,10.4,10.7,10.5,10.7,10.7,10.8
114002,9.6,9.8,9.9,9.8,10.3,9.9,10.3,10.4,10.5,11.1,10.9,11.1,11.1,11.2,11.4,11.4,11.6,11.4,11.8,12.0,12.4,12.0,12.1,12.4,12.3
114003,9.9,9.6,9.7,9.8,10.1,10.1,10.0,10.0,10.1,10.4,10.6,10.8,10.6,10.8,10.3,10.7,11.0,10.6,10.8,10.7,11.2,11.3,10.8,11.0,10.9
114004,8.9,9.0,9.0,9.2,9.0,9.1,9.6,9.4,9.4,10.0,10.0,10.3,10.1,10.3,10.2,10.7,10.5,10.4,10.9,10.8,10.9,11.1,11.3,11.4,11.2
114005,8.8,9.0,8.9,8.7,9.0,8.8,8.8,9.1,8.9,9.4,9.1,9.4,9.5,9.4,9.6,9.5,9.4,9.6,9.6,9.5,9.7,9.8,9.6,9.7,9.7
114006,9.9,10.0,10.2,10.1,10.5,10.6,10.3,10.8,10.9,11.6,11.1,11.5,11.7,12.1,12.2,11.9,12.1,12.5,12.3,12.2,12.9,12.6,12.8,13.0,13.1
114007,8.3,8.2,8.5,8.7,8.8,8.5,8.6,8.7,8.7,9.0,8.8,9.1,9.2,9.4,9.3,9.4,9.4,9.2,9.3,9.6,9.7,9.6,9.7,9.6,9.6
114008,9.5,9.6,9.6,9.7,9.4,9.5,9.7,9.6,9.6,9.8,9.9,10.0,9.7,10.0,9.8,9.8,10.0,10.0,9.8,10.0,10.2,10.1,10.1,10.1,9.7
114009,9.0,8.9,8.7,8.9,8.9,9.0,9.0,9.2,9.1,9.4,9.6,9.7,9.6,9.6,9.8,9.9,9.7,9.7,9.8,10.0,10.3,10.0,10.1,10.0,10.0
114010,9.3,9.2,9.3,9.1,9.2,9.5,9.7,9.4,9.8,10.0,10.3,10.1,10.2,10.6,10.5,10.7,10.6,10.5,11.0,11.0,11.1,11.1,11.0,11.4,11.3
114011,8.7,8.9,8.8,8.9,9.0,9.1,8.9,9.3,9.2,9.1,9.3,9.4,9.6,9.3,9.5,9.5,9.9,10.0,9.8,9.7,10.0,10.4,9.8,10.1,10.0
114012,9.5,9.2,9.4,9.4,9.5,9.3,9.6,10.0,9.8,10.0,10.0,10.0,9.9,10.0,10.1,10.1,10.1,10.2,10.4,10.1,10.6,10.5,10.2,10.6,10.8
114013,6.6,6.6,6.6,6.7,6.6,6.7,6.7,6.6,6.6,6.9,7.0,6.8,6.7,6.9,6.7,6.7,6.7,6.8,6.6,6.8,7.2,7.0,7.0,6.8,6.8
114014,6.8,6.9,6.9,6.7,7.0,6.9,7.0,6.9,7.1,7.5,7.5,7.6,7.5,7.6,7.6,7.8,7.7,7.9,7.7,8.1,8.0,8.0,8.1,8.0,8.2
114015,8.0,8.1,8.2,8.1,8.3,8.0,8.3,8.3,8.3,8.9,8.9,8.8,8.9,8.5,8.9,8.9,8.8,9.0,9.0,9.3,9.5,9.2,9.3,9.4,9.5
114016,10.4,10.6,10.8,10.9,10.9,10.8,10.8,11.1,11.0,11.9,11.8,11.7,12.0,12.2,12.4,12.1,12.3,12.1,12.3,12.4,13.4,12.9,12.9,12.8,13.1
114017,8.5,8.7,8.6,8.7,8.6,9.0,8.9,9.2,9.0,9.2,9.3,9.2,9.3,9.5,9.5,9.6,9.6,9.8,10.0,10.1,9.9,9.9,9.7,10.0,10.2
114018,9.8,9.5,9.7,9.9,10.1,10.0,10.1,10.1,10.0,10.9,10.6,10.5,11.0,10.7,10.6,10.6,10.9,11.0,11.4,11.0,11.3,11.5,11.2,11.0,11.4
114019,8.4,8.1,8.4,8.3,8.3,8.7,8.6,8.8,8.8,9.0,9.0,9.1,9.2,9.9,9.7,9.5,9.7,9.9,9.9,10.0,10.1,10.4,10.2,10.6,10.3
114020,9.4,9.3,9.5,9.5,9.4,9.8,9.9,9.7,9.9,10.4,10.4,10.5,10.3,10.3,10.5,10.5,10.5,10.4,10.6,10.7,11.1,10.7,10.9,10.9,11.0
114021,8.6,8.5,8.6,8.5,8.6,8.3,8.5,8.6,8.7,9.1,9.1,9.1,9.0,9.1,9.3,9.5,9.3,9.4,9.5,9.4,9.8,9.4,9.2,9.5,9.5
114022,8.3,8.2,8.3,8.3,8.2,8.4,8.2,8.3,8.6,8.7,8.8,8.7,8.6,8.9,8.8,8.8,8.8,8.8,9.1,8.9,9.1,9.1,9.0,8.9,8.8
114023,8.9,9.2,9.2,9.4,9.9,9.6,9.6,10.2,9.8,10.9,10.4,10.8,10.9,11.0,11.3,11.2,11.2,12.2,12.0,12.0,12.2,12.8,12.2,12.7,13.0
114024,8.4,8.4,8.4,8.5,8.4,8.5,8.4,8.5,8.4,9.0,8.7,8.5,8.8,9.0,8.8,8.8,9.0,8.8,8.8,8.8,9.1,8.6,8.8,9.0,8.6
114025,8.9,9.4,9.2,9.1,9.6,9.7,9.4,9.4,9.7,9.8,10.1,10.1,10.3,10.5,10.4,10.0,10.4,10.5,10.8,10.7,11.4,11.1,10.8,11.1,11.2
114026,9.1,9.0,9.2,9.0,8.9,9.2,9.1,9.2,9.1,9.5,9.6,9.5,9.4,9.3,9.4,9.3,9.7,9.6,9.8,9.6,9.9,9.6,9.6,10.0,10.0
114027,9.2,9.0,9.6,9.2,9.3,9.2,9.6,9.3,9.1,9.6,9.6,9.5,9.7,10.0,9.8,9.8,9.9,9.8,9.8,9.8,10.2,10.1,9.8,10.0,9.7
114028,9.4,9.4,9.5,9.4,9.5,9.6,9.8,9.6,9.7,10.2,10.3,10.2,10.0,10.3,10.3,10.5,10.5,10.6,10.5,10.5,10.7,10.7,10.6,10.7,10.6
114029,8.7,8.7,8.5,8.6,8.8,8.9,8.8,8.7,8.9,9.5,9.5,9.5,9.6,9.7,9.7,10.0,9.6,9.7,9.9,9.8,10.2,10.1,10.0,10.2,10.7
114030,7.8,7.8,8.0,7.9,7.9,7.8,7.9,8.1,7.9,8.3,8.5,8.4,8.5,8.5,8.5,8.6,8.6,8.7,8.7,8.6,8.9,8.8,8.8,8.7,8.8
114031,10.3,10.3,10.4,10.1,10.4,10.4,10.2,10.2,10.3,10.7,11.1,11.0,10.8,10.7,11.3,10.8,10.8,11.0,11.2,11.0,11.7,11.0,11.6,11.0,11.1
114032,8.7,8.8,8.8,9.0,9.2,8.8,8.9,9.0,9.2,9.3,9.5,9.6,9.8,9.6,9.7,10.1,9.9,9.8,10.1,9.8,10.3,10.2,10.0,10.3,10.3
114033,9.0,9.1,8.9,9.1,9.3,9.4,9.3,9.3,9.4,10.0,10.0,10.1,10.0,10.0,10.2,10.1,10.4,10.7,10.3,10.5,10.7,10.7,10.9,11.0,11.2
114034,7.7,8.0,7.8,8.0,8.0,8.0,8.2,8.2,8.2,8.4,8.4,8.6,8.7,8.7,9.0,9.0,8.9,8.9,8.9,9.1,9.4,9.1,9.1,9.2,9.4
114035,7.1,7.3,7.4,7.7,7.6,7.6,7.8,8.1,7.9,8.1,8.3,8.3,8.0,8.5,8.5,8.6,8.8,8.6,8.7,9.0,9.2,9.0,9.2,9.3,9.4
114036,9.1,9.2,9.8,9.6,9.8,9.8,9.8,10.0,9.9,10.5,10.5,10.6,10.9,10.7,11.0,10.9,11.0,11.0,11.3,11.6,11.8,11.5,11.6,11.8,12.2
114037,7.0,7.0,7.3,7.4,7.3,7.3,7.4,7.4,7.3,7.7,7.8,7.7,7.7,7.7,8.0,7.9,8.0,8.0,8.2,8.3,8.7,8.5,8.5,8.5,8.3
114038,7.9,8.3,8.3,8.1,8.3,8.4,8.7,8.3,8.7,8.9,8.9,9.0,9.3,9.4,9.4,9.3,9.6,9.7,9.5,9.9,10.4,9.9,10.1,10.1,10.1
114039,8.1,8.1,8.3,8.4,8.5,8.5,8.7,8.6,9.0,9.2,9.6,9.4,9.5,9.3,9.8,10.0,9.8,10.2,10.3,10.4,10.6,10.5,10.5,10.6,10.8
114040,9.7,9.6,9.6,9.8,10.0,10.0,10.2,10.4,10.5,10.6,10.8,11.2,10.9,11.2,11.2,11.8,11.6,11.9,11.7,12.0,11.7,11.9,12.0,12.3,12.1
114041,10.6,10.4,11.1,10.5,10.7,10.8,10.9,10.8,10.9,11.6,11.5,11.3,11.7,11.7,11.6,11.6,11.9,12.2,11.9,11.7,12.3,12.0,11.7,12.4,12.2
114042,9.0,9.0,8.9,9.2,8.9,9.3,9.1,9.0,9.2,9.8,9.6,9.5,9.7,9.7,9.9,9.9,9.9,10.1,9.7,10.1,10.3,10.2,10.3,10.3,10.2
114043,8.5,8.9,8.8,8.8,8.9,8.8,9.0,9.4,9.3,9.6,9.7,9.8,10.0,9.9,10.1,10.3,9.8,10.3,10.4,10.6,10.9,10.5,10.9,10.5,11.2
114044,9.7,10.1,10.1,10.2,9.9,10.2,10.6,10.9,10.7,11.3,11.5,11.3,11.2,11.6,11.5,11.4,11.5,12.2,12.3,12.6,12.5,12.7,12.6,13.2,12.8
114045,8.5,8.5,8.5,8.4,8.5,8.3,8.4,8.7,8.6,8.7,8.9,9.1,8.9,9.0,9.1,9.1,9.1,9.3,9.1,9.4,9.7,9.5,9.5,9.5,9.4
114046,7.9,7.7,7.7,7.8,8.1,7.9,7.6,8.1,8.1,8.2,8.2,8.3,8.2,8.6,8.3,8.5,8.7,8.2,8.5,8.8,8.8,8.5,8.7,8.7,8.8
114047,8.0,7.9,8.3,8.1,8.4,8.4,8.5,8.5,8.9,8.9,9.0,9.2,9.2,9.3,9.2,9.9,9.4,9.5,9.9,9.5,10.3,10.0,10.0,10.1,10.3
114048,7.5,7.5,7.5,7.3,7.6,7.5,7.6,7.7,7.4,7.8,7.9,8.0,7.9,8.2,7.8,8.0,8.1,8.1,8.0,8.1,8.3,8.1,8.2,8.1,8.0
114049,8.2,8.4,8.4,8.2,8.3,8.6,8.5,8.3,8.5,8.9,8.7,8.7,9.1,8.5,9.1,9.0,9.1,8.7,8.9,8.8,9.4,8.9,9.1,9.3,8.9
114050,9.2,9.4,9.5,9.1,9.7,9.3,9.7,9.3,9.7,9.6,10.1,9.7,9.7,9.7,9.6,9.8,9.6,9.6,10.0,9.8,9.9,9.4,9.8,9.7,9.7
114051,8.6,8.5,8.3,8.5,8.5,8.5,8.5,8.5,8.7,9.0,9.2,9.0,9.0,8.9,8.8,8.8,8.9,9.2,8.9,8.9,9.1,9.4,9.4,9.0,9.0
114052,8.3,8.6,8.3,8.5,8.4,8.5,8.5,8.8,8.5,8.8,8.8,9.0,9.0,8.9,9.0,9.0,9.0,9.1,9.0,9.3,9.4,9.0,9.1,9.1,9.2
114053,8.6,8.7,8.6,8.7,8.5,8.5,8.7,8.9,8.9,9.1,8.9,8.8,8.9,8.7,9.2,9.3,9.2,8.9,9.0,9.3,9.4,9.4,9.4,9.4,9.5
115001,8.0,8.2,8.2,8.3,8.4,8.4,8.4,8.5,8.5,9.1,9.3,8.9,9.1,9.5,9.3,9.4,9.5,9.6,10.1,10.2,10.5,10.1,10.1,10.1,10.4
115002,8.3,8.6,8.3,8.5,8.5,8.7,8.8,8.9,9.0,9.5,9.3,9.9,9.7,9.9,9.9,10.3,10.0,10.4,10.2,10.2,10.9,10.9,10.8,11.2,11.2
115003,8.5,8.5,8.8,8.9,9.2,9.0,9.3,9.2,9.6,9.6,10.1,10.1,10.7,10.2,10.4,10.6,10.7,11.3,11.1,11.1,11.7,11.2,11.7,11.7,12.3
115004,7.3,7.4,7.4,7.3,7.6,7.5,7.7,7.5,7.7,7.9,7.7,8.0,8.1,8.0,8.1,8.4,8.1,8.2,8.2,8.5,8.8,8.6,8.5,8.3,8.5
115005,9.4,9.5,9.6,9.7,9.8,9.9,9.9,10.1,10.3,10.6,10.9,11.0,10.9,10.9,11.1,11.3,11.5,11.6,12.1,11.8,12.2,12.1,12.6,12.8,12.4
115006,8.6,8.4,8.7,8.4,8.7,8.7,8.6,8.6,8.5,8.8,8.8,8.7,8.6,9.1,8.5,8.8,8.7,8.7,8.6,8.6,8.8,8.8,8.6,8.7,8.5
115007,10.1,9.9,9.8,10.5,10.5,10.7,10.5,11.1,11.3,11.7,11.6,11.7,12.0,12.0,12.2,12.6,12.2,12.3,12.7,12.8,13.3,12.8,13.3,13.4,13.0
115008,8.0,7.9,7.8,8.3,8.1,8.2,8.1,8.3,8.3,8.7,8.8,8.9,8.8,9.0,9.1,9.3,9.2,9.2,9.4,9.6,9.8,9.6,9.6,9.7,9.8
115009,8.2,8.4,8.2,8.3,8.4,8.5,8.6,8.9,8.7,8.8,8.9,8.9,9.1,9.1,9.2,9.6,9.5,9.1,9.5,9.4,9.9,9.8,9.4,9.9,9.8
115010,8.7,8.6,8.7,8.8,8.7,8.8,9.0,8.8,9.0,9.2,9.2,9.5,9.3,9.4,9.7,9.4,9.4,9.3,9.5,9.4,9.9,9.7,9.8,9.5,9.8
115011,9.5,9.4,9.6,9.8,9.7,9.8,9.7,10.1,9.7,10.2,10.1,10.3,10.7,10.5,10.4,10.4,10.5,10.7,10.6,11.1,11.0,10.8,11.3,10.9,11.4
115012,9.7,9.8,9.6,9.6,10.0,10.0,10.3,10.1,9.9,10.8,10.9,10.8,10.9,11.0,11.1,11.5,11.3,11.2,11.5,11.5,12.1,11.6,11.9,12.5,12.1
115013,7.8,8.2,8.2,8.2,8.2,8.2,8.2,8.3,8.1,8.7,9.0,8.7,8.7,8.4,8.8,9.2,9.3,8.9,9.1,9.0,9.3,9.4,9.1,9.3,9.2
115014,8.6,8.6,9.0,9.0,9.1,9.1,9.1,9.4,9.3,10.1,9.9,10.2,10.2,10.0,10.3,10.1,10.5,10.5,10.5,10.8,11.4,10.9,11.2,11.2,11.5
115015,8.0,8.0,8.1,8.2,8.5,8.4,8.5,8.3,8.6,8.8,8.8,8.8,9.4,9.1,9.3,9.4,9.3,9.3,9.6,9.6,10.0,9.8,9.6,9.8,10.1
115016,7.2,7.0,7.2,7.0,7.1,7.2,7.3,7.3,7.4,7.5,7.6,7.7,7.8,7.9,7.8,8.1,8.1,8.0,8.3,8.1,8.2,8.5,8.4,8.4,8.4
115017,9.6,9.8,9.8,10.0,10.3,10.2,10.8,11.0,10.8,11.6,11.5,11.5,11.9,11.9,11.7,12.5,12.5,12.4,12.7,13.0,13.4,13.0,13.1,12.7,13.7
115018,8.6,8.9,9.0,9.0,9.3,9.3,9.5,9.4,9.6,10.1,10.2,10.4,10.4,10.6,10.5,10.7,10.9,10.9,11.3,11.2,11.6,11.9,12.0,11.8,12.1
115019,9.5,9.1,9.5,9.3,9.5,9.2,9.5,9.3,9.4,9.7,9.9,10.0,9.8,9.7,10.0,9.9,9.8,10.0,10.1,9.8,10.2,10.0,9.9,10.1,10.2
115020,8.8,8.5,9.1,9.0,9.1,9.1,9.2,9.4,9.1,9.6,9.9,10.1,9.7,9.7,9.9,9.8,10.0,10.3,10.2,10.0,10.3,10.0,10.4,10.1,10.6
115021,8.5,8.5,8.6,8.8,8.6,8.6,8.6,8.6,8.9,9.0,9.3,9.2,9.0,9.2,9.0,9.3,9.2,9.5,9.5,9.7,9.6,9.3,9.2,9.7,9.6
115022,9.9,10.1,10.2,10.4,10.3,10.9,10.6,11.0,11.3,11.4,11.4,11.6,11.9,11.8,11.7,11.9,12.6,12.4,12.2,12.3,12.5,12.8,12.9,12.2,13.2
115023,9.0,8.9,8.9,8.7,8.9,9.1,9.2,9.1,9.1,9.4,9.5,9.4,9.5,9.4,9.3,9.5,9.7,9.4,9.5,9.4,9.9,9.5,9.5,9.5,9.7
115024,9.6,9.9,10.1,10.0,9.8,9.7,10.0,10.0,10.1,10.7,10.5,10.7,10.6,10.8,11.1,11.1,11.1,11.4,11.3,10.9,11.8,11.5,12.0,12.0,11.9
115025,9.8,10.2,10.1,9.8,10.0,10.3,9.9,9.7,9.7,9.9,10.0,9.8,9.9,9.9,10.2,9.8,9.5,10.0,9.8,9.9,9.8,9.8,9.6,9.5,9.5
115026,7.9,8.1,8.0,8.2,8.2,8.4,8.2,8.1,8.3,8.6,8.6,8.6,8.7,8.6,8.8,8.7,8.9,8.8,9.0,8.7,9.0,9.1,8.7,9.1,9.1
115027,9.3,9.7,9.7,9.6,9.9,10.4,10.0,10.2,10.1,10.5,10.8,10.6,10.7,11.0,11.1,11.4,11.3,11.4,11.6,11.8,12.2,12.3,11.5,12.1,12.1
115028,9.5,9.8,9.6,9.7,9.9,9.9,10.0,9.9,10.0,10.1,10.0,10.2,10.3,10.3,10.2,10.0,10.4,10.5,10.5,10.0,10.7,10.4,10.3,10.5,10.3
115029,7.2,7.4,7.2,7.3,7.5,7.7,7.6,7.5,7.7,8.2,8.2,8.3,8.5,8.0,8.5,8.4,8.8,8.5,8.8,8.6,8.9,8.8,8.8,8.7,9.3
115030,9.3,9.4,9.2,9.5,9.7,9.5,9.2,9.8,9.7,10.3,10.6,10.4,10.8,11.0,10.4,11.0,10.7,10.9,10.9,11.0,11.9,11.4,11.1,11.8,11.6
115031,10.0,9.7,10.2,10.2,10.2,10.3,10.2,10.0,10.1,10.7,10.8,10.7,10.6,11.0,11.1,11.3,11.3,11.5,11.6,11.5,12.0,11.4,11.9,11.9,12.1
115032,9.6,9.6,10.1,10.0,10.0,10.2,10.1,9.9,10.1,10.9,10.8,10.8,10.9,11.0,11.0,11.1,10.9,11.4,11.6,11.4,12.0,11.5,11.5,11.4,11.9
115033,8.6,8.8,8.9,8.7,8.7,8.8,8.8,9.0,8.8,9.3,9.3,9.1,9.4,9.6,9.4,9.4,9.7,9.6,9.8,9.6,9.9,10.0,9.6,9.7,9.9
115034,8.3,8.4,8.6,8.5,8.7,8.9,8.7,8.9,8.6,9.5,9.5,9.4,9.9,9.8,9.9,9.9,10.2,10.1,10.0,10.1,10.4,10.6,10.6,10.7,10.6
115035,7.6,7.4,7.6,7.2,7.5,7.7,7.7,7.8,7.6,8.0,7.7,8.1,8.3,8.2,8.3,8.3,8.3,8.4,8.6,8.6,8.9,8.5,8.7,8.7,8.6
115036,8.5,8.5,8.6,8.9,8.7,8.9,8.4,8.8,9.3,9.0,9.1,9.5,9.5,9.5,9.5,9.5,9.6,9.8,9.7,9.5,9.9,10.1,10.0,10.1,10.1
115037,6.8,6.9,7.0,7.0,7.2,7.2,7.3,7.4,7.4,7.7,7.7,7.6,7.8,7.8,7.8,7.8,8.0,7.8,8.0,8.1,8.2,8.4,8.2,8.2,8.5
115038,8.8,8.7,8.9,8.6,9.0,8.9,8.7,8.8,8.8,9.2,9.1,8.9,9.2,9.1,9.0,8.9,9.0,9.4,9.1,8.9,9.3,9.1,8.9,9.2,9.2
115039,8.7,8.6,8.7,8.9,9.1,9.0,9.2,8.7,9.3,9.9,9.7,9.6,10.1,10.2,10.0,10.4,10.6,10.6,10.9,10.8,11.5,11.3,11.2,11.6,11.8
115040,7.8,7.9,7.6,7.9,8.1,8.0,8.2,8.0,8.2,8.6,8.6,8.6,8.6,8.6,8.7,8.6,8.8,8.8,8.9,8.7,9.1,9.1,9.0,9.4,8.9
115041,8.3,8.5,8.2,8.2,8.3,8.6,8.4,8.5,8.7,9.1,9.2,9.2,9.2,9.4,9.3,9.4,9.3,9.7,9.6,9.9,9.9,9.9,10.0,10.2,10.0
115042,9.2,9.0,9.2,9.5,9.1,9.5,9.2,9.8,9.9,10.0,10.4,10.5,10.7,10.5,10.8,11.2,11.0,11.3,10.9,11.2,11.4,11.9,11.8,11.9,11.4
115043,8.5,8.5,8.4,8.7,8.6,8.7,8.8,8.8,8.7,9.0,9.0,9.3,9.3,9.2,9.5,9.5,9.4,9.8,9.7,9.7,10.0,10.1,9.7,10.1,10.0
115044,9.1,9.0,9.1,9.0,9.3,9.1,9.4,9.4,9.6,9.8,9.5,9.6,9.8,9.7,9.7,9.7,9.6,9.6,9.9,9.6,10.6,9.6,9.9,10.5,9.9
115045,8.2,8.3,8.3,8.2,8.4,8.3,8.3,8.4,8.6,8.7,8.8,9.0,8.6,8.8,8.8,8.9,8.8,8.8,8.9,9.0,9.2,8.9,9.0,9.1,8.9
115046,9.1,9.4,9.4,9.1,9.7,9.6,9.9,9.9,10.1,10.3,10.7,10.7,10.5,11.1,11.5,11.0,11.1,11.3,11.7,11.7,12.0,11.9,11.8,12.1,12.5
115047,8.0,8.3,8.6,8.5,8.6,8.3,8.7,8.6,8.6,9.0,8.9,9.0,9.0,9.3,9.2,9.0,9.4,9.6,9.4,9.6,9.9,9.7,9.8,9.3,9.7
115048,10.5,10.2,10.2,10.7,10.5,10.6,10.9,10.8,10.9,11.4,11.4,11.6,11.9,11.8,11.8,11.9,11.8,12.2,12.3,12.1,12.7,12.7,12.3,12.6,12.9
115049,7.8,8.0,8.2,7.9,8.1,8.2,8.3,8.4,8.4,8.6,8.8,8.8,8.9,8.9,9.1,9.4,9.2,9.2,9.6,9.4,9.8,9.8,9.9,9.9,9.7
115050,7.5,7.5,7.5,7.5,7.5,7.5,7.8,7.6,7.6,7.8,7.8,7.9,7.9,8.0,7.9,7.9,8.1,8.0,8.0,7.9,8.2,7.9,8.1,8.0,8.1
115051,9.1,9.5,9.3,9.5,9.6,9.5,9.6,9.8,9.9,10.2,10.1,10.3,10.4,10.3,10.5,10.4,10.7,10.5,10.9,10.9,11.2,11.1,11.1,10.5,11.3
115052,7.0,7.2,7.1,7.4,7.1,7.3,7.3,7.3,7.2,7.7,7.4,7.4,7.9,7.7,7.6,7.6,7.6,7.8,7.5,7.8,7.8,7.7,7.9,7.8,7.9
115053,8.4,8.4,8.6,8.6,8.6,8.5,8.4,8.7,8.8,9.1,9.1,8.9,9.2,9.4,9.4,9.3,9.5,9.7,9.4,9.6,9.8,9.9,9.9,9.8,9.8
115054,9.1,9.3,9.4,9.4,9.4,9.6,9.6,10.0,9.7,10.1,10.1,10.3,10.6,10.4,10.5,10.9,10.9,11.2,11.0,11.2,11.8,11.5,11.7,11.6,12.1
115055,9.0,9.1,9.3,9.1,9.2,9.6,9.3,9.6,9.4,9.9,10.2,10.2,9.9,10.2,10.1,10.0,10.1,10.5,10.4,10.6,10.6,10.6,10.5,10.9,10.6
115056,7.6,7.5,7.6,7.7,7.6,7.8,7.8,7.6,7.8,8.1,8.0,8.1,8.1,7.9,8.2,8.2,8.1,7.8,8.1,8.3,8.5,8.0,8.1,8.1,8.1
115057,10.2,10.2,10.4,10.3,10.7,10.7,10.7,10.7,10.6,11.1,10.7,11.0,11.0,10.6,11.1,11.2,11.1,10.9,11.0,11.0,11.4,10.9,10.9,11.2,11.2
115058,7.5,7.5,7.3,7.5,7.8,7.9,7.6,7.6,7.9,8.2,8.3,8.2,8.2,8.3,8.3,8.3,8.5,8.4,8.6,8.4,8.9,9.0,9.0,8.7,8.9
115059,7.6,7.8,7.7,7.6,7.6,7.7,7.7,7.7,7.9,8.0,7.9,8.2,8.1,8.2,8.1,8.2,8.2,8.4,8.2,8.5,8.8,8.6,8.8,8.5,8.4
115060,7.1,6.9,6.9,7.3,7.3,7.0,7.2,7.2,7.4,7.5,7.6,7.7,7.5,7.7,7.7,7.8,7.9,7.8,7.8,8.1,8.0,8.0,8.0,7.9,8.0
115061,8.7,8.4,8.9,8.9,8.9,9.0,9.0,8.9,9.3,9.5,9.3,9.3,9.5,9.5,9.7,9.7,9.7,9.7,10.0,9.7,10.4,10.0,9.9,10.2,10.2
115062,7.7,7.7,8.0,7.8,8.0,7.9,8.1,8.2,8.3,8.3,8.4,8.5,8.7,8.5,8.8,8.7,8.8,8.9,9.0,9.4,9.1,9.2,9.4,9.5,9.5
115063,8.8,8.5,8.8,8.9,8.8,9.0,8.9,8.8,8.9,9.6,9.5,9.4,9.5,9.7,9.8,9.6,9.9,9.7,10.0,9.9,10.2,10.1,10.0,10.1,10.1
115064,7.2,7.4,7.5,7.4,7.3,7.3,7.7,7.7,7.4,7.8,7.9,7.9,7.9,7.8,8.1,8.0,8.1,8.2,8.0,8.1,8.4,8.1,8.3,8.0,8.4
115065,7.7,7.8,8.1,7.9,8.1,7.9,8.1,8.3,8.3,8.6,8.7,8.2,8.7,8.5,8.9,8.7,8.8,8.9,9.0,9.1,9.3,9.0,9.2,8.9,9.3
115066,8.7,8.4,8.7,8.5,8.5,8.5,8.5,8.5,8.6,9.2,9.1,9.2,9.0,9.2,9.2,9.0,9.0,9.4,9.4,9.4,9.6,9.3,9.2,9.7,9.4
115067,9.6,9.5,9.2,9.4,9.4,9.6,9.4,9.4,9.5,9.6,9.9,9.8,9.9,9.8,10.1,10.0,9.9,9.7,9.9,9.8,10.0,10.0,9.9,10.2,10.0
115068,8.1,8.1,8.3,8.1,8.4,8.3,8.2,8.4,8.3,8.5,8.5,8.5,8.4,8.7,8.7,8.6,8.7,8.7,8.7,8.8,9.1,8.8,8.7,9.0,8.8
115069,8.3,8.3,8.7,8.8,8.4,8.7,8.7,8.9,9.3,9.5,9.6,9.8,9.6,9.7,10.0,10.0,10.5,10.3,10.1,10.3,11.1,10.6,11.0,10.9,11.1
115070,9.5,9.4,9.7,9.9,9.9,9.8,10.2,10.2,10.3,10.4,10.9,10.9,11.2,11.1,11.4,11.3,11.4,11.5,11.7,11.8,12.4,11.7,11.7,12.3,12.1
115071,6.6,6.5,6.8,6.8,6.6,6.9,6.6,6.7,6.5,6.8,6.9,7.0,7.2,7.2,7.0,7.2,7.1,7.1,7.2,7.2,7.3,7.1,7.2,7.3,7.2
115072,8.5,8.6,8.4,8.4,8.6,8.5,8.3,8.5,8.7,8.7,8.8,8.7,8.6,8.9,9.0,8.8,8.8,8.7,9.0,8.7,9.1,9.0,9.1,9.3,9.1
115073,8.9,8.7,9.0,9.1,9.1,9.3,9.0,9.6,9.4,9.9,10.3,10.4,10.5,10.8,10.6,10.7,11.0,11.3,11.1,11.3,11.6,11.9,11.2,11.9,11.5
115074,8.7,8.7,8.5,8.6,8.7,8.8,9.0,9.2,9.2,9.3,9.3,9.7,9.3,9.6,9.5,9.8,9.7,10.0,10.0,10.0,10.5,10.3,10.5,10.4,10.7
115075,8.7,8.6,8.7,8.5,8.9,9.0,9.3,9.3,9.0,9.5,9.5,9.3,9.7,9.7,9.5,10.1,9.8,9.8,10.0,10.1,10.4,10.0,10.1,10.2,10.5
115076,9.1,8.8,8.6,9.1,9.1,8.9,9.1,9.0,9.1,9.7,9.7,9.5,9.6,9.9,9.7,9.8,9.8,9.9,10.0,9.9,10.0,10.0,10.1,9.8,9.9
115077,8.6,8.5,8.5,8.6,8.6,8.7,8.6,8.7,8.7,8.8,8.9,8.9,9.1,9.1,8.9,9.0,8.9,9.0,9.2,9.0,9.1,9.0,9.4,9.3,9.3
115078,8.9,8.7,8.9,9.0,9.1,9.2,9.4,9.3,9.5,9.9,9.9,10.2,10.3,9.9,10.5,10.0,10.5,10.5,10.4,11.1,11.2,11.5,10.8,11.3,11.7
115079,9.0,9.2,9.4,9.6,9.3,9.5,9.1,9.3,9.1,9.6,9.9,9.9,9.8,10.0,9.7,9.7,10.0,10.1,10.1,10.1,10.4,9.8,10.2,10.1,9.9
115080,10.1,10.3,10.5,10.1,9.9,10.0,10.2,10.4,10.2,10.7,10.4,10.3,10.4,10.6,10.6,10.7,10.7,10.7,10.6,10.8,11.0,10.7,10.6,10.6,10.7
115081,8.2,8.7,8.5,8.4,8.6,8.7,8.6,8.6,8.4,9.1,9.1,9.0,8.9,9.0,9.0,9.2,9.1,9.5,9.4,9.2,9.8,9.3,9.6,9.2,9.5
115082,8.5,8.5,8.6,8.8,8.6,8.9,8.9,8.9,8.9,9.1,9.3,9.3,9.6,9.4,9.5,9.8,9.6,10.0,9.7,10.0,10.0,10.2,10.0,10.2,10.1
115083,9.4,9.3,9.5,9.6,9.5,9.6,9.6,9.8,10.0,10.3,10.2,10.4,10.6,10.5,10.7,10.8,10.8,10.7,11.2,11.0,11.5,10.7,10.9,11.5,11.3
115084,8.5,8.5,8.6,8.7,8.6,8.7,8.7,8.9,9.3,9.2,9.5,9.5,9.4,9.9,10.1,9.8,9.9,10.1,10.4,10.3,10.6,10.7,10.6,10.7,11.0
115085,9.3,9.2,9.4,9.5,9.4,9.3,9.9,9.9,10.0,10.7,10.7,10.7,11.1,11.1,10.9,11.1,11.3,11.0,11.4,11.8,11.7,11.6,11.9,12.2,12.3
115086,8.4,8.2,8.6,8.4,8.9,8.9,8.6,8.9,9.0,9.2,9.4,9.1,9.5,9.5,9.5,9.5,9.9,9.6,9.7,9.7,9.9,10.3,10.0,10.3,10.1
115087,7.3,7.4,7.4,7.5,7.5,7.5,7.3,7.6,7.6,7.7,7.5,7.6,7.9,7.7,7.8,7.6,7.7,7.7,7.7,7.6,7.9,7.9,7.6,7.6,7.6
116001,9.5,9.6,9.2,9.5,9.6,9.7,9.6,9.7,9.9,10.1,10.1,10.4,10.1,10.7,10.2,10.3,10.5,10.7,10.6,10.7,10.8,10.9,11.1,10.8,10.7
116002,7.8,7.5,7.6,7.6,7.6,7.7,7.9,8.1,7.9,8.7,8.6,8.5,8.4,8.4,8.3,8.7,8.8,8.6,8.7,8.8,9.0,8.9,8.9,9.0,9.1
116003,8.0,7.9,8.2,8.1,8.2,8.2,8.3,8.6,8.4,8.8,9.1,8.9,8.8,9.1,9.4,9.2,9.5,9.2,9.8,9.5,10.0,9.6,10.0,10.2,10.3
116004,8.1,8.2,8.3,8.2,8.3,8.4,8.4,8.5,8.6,8.8,8.9,9.0,9.0,9.1,9.4,9.5,9.2,9.7,10.0,9.4,9.5,9.2,9.6,10.0,9.9
116005,9.1,9.1,9.4,9.3,9.5,9.5,9.5,9.7,9.7,9.9,10.7,10.6,10.4,10.8,10.8,10.7,11.1,11.3,11.0,11.0,11.8,11.4,11.6,11.7,11.9
116006,9.1,8.8,9.3,9.2,9.5,9.2,9.3,9.4,9.8,9.8,10.2,10.2,9.9,10.3,10.6,10.3,10.2,10.7,10.7,10.7,10.8,11.3,11.0,11.0,11.1
116007,8.8,8.8,9.1,9.2,9.2,8.9,9.3,9.3,9.6,10.0,9.9,10.3,9.9,9.9,10.1,10.0,10.4,10.6,10.8,10.6,10.9,10.7,10.7,10.6,11.1
116008,6.8,6.8,6.8,6.8,6.7,6.8,7.0,6.9,7.0,7.1,7.3,7.2,7.4,7.4,7.5,7.7,7.3,7.5,7.5,7.5,7.7,7.8,7.7,7.7,7.5
116009,7.5,7.7,7.6,7.7,7.5,7.6,7.7,7.7,7.9,8.0,8.1,8.0,7.9,8.1,8.1,8.1,8.0,8.4,8.2,8.1,8.3,8.1,8.4,8.4,8.4
116010,7.5,7.6,7.6,7.3,7.5,7.8,7.6,7.8,7.7,7.9,8.0,8.0,8.1,7.9,7.9,8.1,8.2,8.3,8.1,8.1,8.1,8.1,8.2,8.4,8.3
116011,8.0,8.0,8.0,8.0,8.2,8.2,8.1,8.1,8.2,8.5,8.5,8.6,8.5,8.6,8.6,8.7,8.9,8.8,8.8,9.0,9.3,8.8,9.1,9.2,9.1
116012,8.8,8.7,8.7,8.5,8.8,8.8,8.6,9.0,9.0,9.2,9.3,9.3,9.2,9.6,9.5,9.7,9.8,9.6,9.8,9.7,9.8,9.8,10.0,10.0,10.0
116013,9.1,9.4,9.6,9.5,9.5,9.7,9.6,10.0,9.8,10.3,10.3,10.7,10.1,10.9,10.8,11.0,11.1,11.0,11.3,11.4,11.6,11.9,11.6,11.7,12.1
116014,8.6,8.8,9.0,8.9,9.2,9.4,9.4,9.3,9.5,10.0,10.2,10.1,10.1,10.6,10.7,10.4,10.7,10.7,10.8,11.2,11.6,11.4,11.6,11.8,12.2
116015,8.2,8.2,8.2,8.5,8.2,8.4,8.2,8.8,8.4,8.9,8.7,8.8,8.6,9.1,8.9,9.1,9.2,9.0,9.1,9.1,9.7,9.1,9.7,9.5,9.7
116016,9.1,8.9,9.1,9.0,9.0,9.2,8.9,8.9,9.2,9.3,9.3,9.9,9.8,9.6,9.6,9.6,9.8,9.6,9.9,9.8,9.9,10.0,10.1,10.0,9.9
116017,8.2,8.3,8.3,8.6,8.5,8.5,8.6,8.7,8.7,9.0,9.1,8.9,9.2,9.2,9.1,9.2,9.2,9.3,9.2,9.8,9.7,9.3,9.7,9.8,9.6
116018,8.3,8.3,8.5,8.4,8.5,8.6,8.6,8.8,8.7,9.0,9.2,9.0,9.1,9.5,9.4,9.3,9.2,9.7,9.7,9.4,10.1,10.0,9.6,10.1,9.7
116019,9.1,9.1,9.2,9.2,9.4,9.3,9.4,9.7,9.6,9.7,10.3,9.9,10.2,10.2,10.4,10.6,10.1,10.5,10.5,10.5,11.0,10.5,10.9,10.9,10.7
116020,7.1,7.0,7.0,7.2,7.3,7.5,7.4,7.4,7.7,7.8,8.1,8.1,8.3,8.3,8.2,8.5,8.7,8.6,8.6,8.5,9.0,9.0,9.1,8.8,9.4
116021,8.8,9.0,9.2,8.8,9.3,8.9,9.1,9.5,9.5,9.9,10.0,10.0,10.0,10.2,10.2,10.4,10.7,10.6,10.6,10.6,11.3,11.2,11.0,11.1,11.3
116022,8.4,8.4,8.5,8.7,8.7,8.7,8.9,8.6,8.5,8.8,9.0,9.1,9.3,9.3,8.9,9.3,9.5,9.3,9.5,9.3,9.6,9.4,9.5,9.5,10.0
116023,8.4,8.6,8.5,8.7,8.7,8.8,8.8,8.9,8.8,9.0,9.3,9.1,9.4,9.3,9.3,9.3,9.4,9.8,9.6,9.8,10.1,9.8,10.0,10.0,10.1
117001,8.9,8.8,8.8,9.1,8.8,8.8,9.4,9.0,9.1,9.2,9.4,9.5,9.6,9.6,9.5,9.5,9.6,9.4,9.9,9.9,10.2,9.7,9.8,9.9,9.6
117002,8.1,8.2,7.8,8.6,8.1,8.6,8.7,8.7,8.6,9.1,9.1,9.1,9.3,9.1,9.5,9.4,9.5,9.6,9.9,9.9,10.5,10.6,9.9,10.4,10.7
117003,10.8,10.7,10.6,11.3,10.9,10.9,11.3,11.2,11.1,11.7,11.6,11.8,11.8,12.1,12.3,12.2,11.9,12.5,12.4,12.9,13.4,12.9,13.1,13.2,13.2
117004,9.2,9.3,9.2,9.1,9.4,9.0,9.2,9.2,9.3,9.5,9.2,9.4,9.5,9.4,9.3,9.5,9.3,9.5,9.5,9.4,9.5,9.5,9.1,9.4,9.0
117005,7.7,7.5,7.6,7.8,7.7,7.6,7.8,7.7,8.1,8.1,8.1,8.2,8.4,8.3,8.3,8.3,8.3,8.3,8.3,8.5,8.6,8.2,8.4,8.4,8.6
117006,9.0,9.2,8.9,8.9,8.7,9.0,9.1,9.1,8.9,9.5,9.5,9.4,9.5,10.0,10.0,9.7,9.9,9.7,10.1,10.0,9.9,10.1,9.9,10.3,10.2
117007,9.1,9.1,9.1,9.3,9.5,9.3,9.2,9.5,9.4,10.1,9.8,9.9,9.9,9.6,9.8,10.0,10.0,9.9,10.2,9.9,10.2,9.8,10.0,10.1,10.2
117008,7.6,7.6,7.6,7.7,7.8,7.8,7.8,7.8,8.0,8.3,8.3,8.1,8.5,8.5,8.2,8.2,8.4,8.5,8.8,8.8,9.1,8.8,8.8,9.0,8.9
117009,9.2,9.6,9.4,9.5,9.7,9.5,10.0,9.7,10.0,10.1,10.5,10.1,10.4,10.8,10.4,10.7,11.0,10.9,11.1,11.1,11.6,11.5,11.5,11.6,11.8
117010,9.9,9.8,10.1,10.0,10.0,10.1,9.9,9.9,10.2,10.6,10.8,10.5,10.6,10.8,11.0,10.9,10.7,10.9,10.8,11.1,11.4,11.1,11.0,11.3,11.2
117011,8.6,8.5,8.6,8.8,8.6,9.0,9.1,9.0,9.0,9.9,9.8,10.0,9.7,10.0,10.1,10.0,10.6,10.3,10.3,10.5,10.8,10.8,10.9,10.9,10.9
117012,10.6,11.0,10.9,10.9,11.2,11.2,11.3,11.5,11.7,11.8,11.9,12.0,12.2,12.2,12.1,12.5,12.7,12.6,12.9,12.9,13.2,13.3,13.3,13.3,13.5
117013,6.8,6.8,6.9,6.8,6.7,7.2,7.1,7.1,7.2,7.3,7.4,7.5,7.7,7.8,7.6,7.8,7.9,8.0,8.1,8.0,8.3,8.2,8.4,8.5,8.3
117014,8.3,8.4,8.3,8.5,8.6,8.8,8.9,8.9,8.8,9.2,9.1,9.7,9.6,9.6,9.8,10.2,9.9,10.3,10.3,10.7,11.1,10.9,10.8,11.2,11.2
117015,8.5,8.8,8.4,8.7,8.6,8.7,8.7,9.1,9.1,9.3,9.4,9.3,9.3,9.7,9.8,9.9,9.6,9.8,9.8,10.0,10.0,10.0,10.3,10.1,10.6
117016,10.3,9.9,10.3,9.9,10.1,10.0,10.0,10.0,10.4,10.4,10.6,10.4,10.5,10.3,10.4,10.5,10.5,10.2,10.5,10.5,10.4,10.6,10.3,10.5,10.3
117017,8.4,8.5,8.4,8.4,8.6,8.5,8.4,8.6,8.8,8.8,8.6,8.8,8.8,8.8,8.8,8.9,8.9,9.1,9.1,8.8,9.3,9.0,9.4,9.1,9.0
117018,8.4,8.2,8.6,8.5,8.5,8.6,8.8,8.7,8.8,9.3,9.1,9.4,9.2,9.5,9.5,9.4,9.5,9.6,9.5,9.6,9.9,9.7,9.9,10.1,10.2
117019,8.4,8.5,8.4,8.5,8.5,8.5,8.5,8.7,8.7,9.1,8.9,8.9,9.2,9.4,9.4,9.2,9.5,9.4,9.9,10.0,10.1,10.3,10.3,10.0,10.1
117020,7.7,7.4,7.5,7.3,7.3,7.4,7.4,7.5,7.6,7.5,7.6,7.7,7.5,7.8,7.7,7.7,7.3,7.6,7.6,7.6,7.4,7.4,7.7,7.5,7.4
117021,8.9,8.8,9.0,9.0,9.4,9.4,9.2,9.2,9.3,9.6,10.1,10.1,10.2,10.1,10.3,10.0,10.3,10.5,10.3,10.6,11.0,10.6,11.0,11.2,11.5
117022,9.0,9.0,9.3,9.4,9.3,9.7,9.7,9.9,9.7,10.2,10.4,10.7,10.9,10.5,11.3,11.0,11.2,11.4,11.3,11.5,12.2,11.8,11.9,12.4,12.3
117023,9.3,9.2,9.3,9.6,9.5,9.6,9.6,9.9,9.8,10.3,10.2,10.7,10.1,10.4,10.6,10.8,10.7,10.8,11.0,11.0,11.2,10.9,10.9,11.1,11.2
117024,7.6,7.8,7.9,7.8,8.0,8.2,8.1,8.0,8.4,8.4,8.5,8.7,8.6,8.7,9.2,8.7,8.7,9.0,9.4,9.1,9.4,9.4,9.5,9.7,9.6
117025,8.3,8.3,8.4,8.3,8.3,8.4,8.4,8.5,8.4,8.9,8.9,8.9,8.7,9.0,9.0,8.9,9.0,9.0,8.9,9.3,9.1,9.2,9.0,9.3,9.3
117026,8.2,8.1,8.5,8.6,8.4,8.5,8.5,8.7,8.6,8.9,9.0,9.3,9.2,9.1,9.4,9.6,9.6,9.5,9.8,9.5,10.2,10.0,10.0,9.9,9.8
117027,9.8,9.8,9.6,9.7,9.9,10.3,9.9,10.3,10.3,10.7,10.6,10.9,10.9,11.0,11.0,10.9,11.2,11.0,11.7,11.3,11.3,11.6,11.4,11.7,11.7
117028,7.8,7.9,7.8,8.0,8.0,7.7,8.2,8.0,8.2,8.3,8.2,8.2,8.3,8.4,8.4,8.5,8.5,8.6,8.7,8.6,8.8,8.7,8.7,8.5,9.0
118001,8.3,8.4,8.3,8.3,8.2,8.4,8.2,8.5,8.4,8.6,8.9,8.6,8.7,8.8,9.0,9.2,9.1,9.0,8.9,8.9,9.1,9.0,9.5,9.2,9.2
118002,7.9,7.9,7.9,8.2,8.0,8.1,8.2,8.2,8.5,8.6,9.0,8.8,8.8,9.2,9.2,9.4,9.3,9.3,9.4,9.7,10.2,9.8,9.9,9.6,10.2
118003,7.2,7.1,7.1,7.1,7.1,7.2,7.2,7.3,7.2,7.6,7.7,7.5,7.8,7.6,7.8,7.8,8.0,7.7,7.9,7.9,8.1,8.0,8.3,8.2,8.2
118004,9.4,9.4,9.7,9.4,9.5,9.5,9.6,9.4,9.7,10.2,10.1,9.9,10.1,10.2,10.3,10.3,10.5,10.7,10.4,10.6,10.9,10.3,10.1,10.9,10.8
118005,8.6,8.7,8.9,8.8,9.0,9.0,9.0,9.4,9.4,9.7,9.7,9.9,9.7,9.9,10.2,10.1,10.2,10.6,10.4,10.5,10.9,10.6,11.0,10.7,10.7
118006,8.4,8.4,8.7,8.8,8.8,8.5,8.7,9.0,9.0,9.3,9.6,9.6,9.9,9.5,9.6,9.8,9.9,10.1,10.2,10.5,10.5,10.3,10.4,10.6,10.5
118007,10.9,11.2,11.1,11.3,11.3,11.8,12.0,11.9,12.6,13.1,12.9,12.9,13.5,13.6,14.5,13.9,14.1,14.1,14.9,14.4,15.4,15.2,15.8,16.0,16.7
118008,11.2,10.8,11.0,11.0,11.5,11.6,11.1,11.6,12.2,12.5,12.2,12.6,12.5,13.2,13.3,13.3,12.7,13.1,13.7,13.7,14.1,13.9,14.0,13.7,14.5
118009,7.2,6.9,7.2,7.2,7.3,7.2,7.2,7.4,7.3,7.5,7.7,7.7,7.7,7.6,7.8,7.9,7.9,8.0,8.0,8.2,8.2,7.8,8.0,8.2,8.2
118010,9.1,9.0,9.0,8.9,9.2,9.2,9.1,9.2,9.1,9.8,9.6,9.6,9.8,10.4,9.8,9.9,10.1,10.2,10.2,10.0,10.7,10.2,10.4,10.7,10.2
118011,9.2,9.4,9.2,9.4,9.4,9.2,9.2,9.3,9.3,9.6,9.6,10.2,9.9,10.0,10.1,10.0,10.3,10.0,9.9,10.0,10.6,9.9,10.2,10.4,10.4
118012,8.3,8.4,8.6,8.4,8.6,8.5,8.5,8.5,8.7,9.1,9.0,9.1,8.9,9.3,8.9,9.2,9.0,9.2,9.4,9.2,9.8,9.6,9.5,9.4,9.9
118013,9.3,9.2,9.3,10.0,9.7,10.0,9.8,10.0,10.1,10.6,10.9,10.7,10.8,11.0,10.9,11.4,11.9,11.5,11.5,11.6,12.1,11.7,12.1,11.8,11.7
118014,9.0,8.9,9.3,9.3,9.4,9.6,9.6,9.7,9.8,10.1,10.4,10.5,10.7,10.9,11.2,11.1,11.1,11.5,11.0,11.6,12.2,11.5,11.9,12.2,12.8
118015,8.6,9.1,9.3,9.3,9.2,9.3,9.1,9.5,9.1,9.6,9.9,9.8,9.8,9.9,9.8,9.7,10.1,9.9,10.0,10.3,10.5,10.1,10.2,10.5,10.3
118016,10.6,10.6,10.6,11.0,10.7,11.0,10.9,11.2,11.2,11.6,11.7,12.0,12.1,12.1,11.6,11.8,12.0,12.0,11.8,12.1,12.8,12.7,12.6,12.4,12.8
118017,7.9,7.8,8.0,8.2,8.0,7.9,7.7,8.1,8.0,8.2,8.2,8.3,8.2,8.1,8.2,8.1,8.1,8.1,7.9,8.1,8.1,7.9,8.2,7.9,8.0
118018,8.6,8.8,8.8,9.2,8.9,9.0,8.9,9.0,9.3,9.5,9.3,9.5,9.8,9.6,9.9,9.6,9.6,9.7,9.8,9.8,10.2,10.0,10.4,10.1,10.2
118019,7.8,7.5,7.6,7.7,7.8,7.9,7.7,8.1,8.1,8.6,8.4,8.5,8.4,8.6,8.6,8.6,8.7,8.4,9.3,8.9,9.0,9.0,9.0,9.1,9.0
118020,9.8,9.9,9.7,10.2,10.2,10.3,10.6,10.5,11.0,11.5,11.9,11.4,11.8,11.8,12.2,12.3,12.4,12.7,12.7,12.7,13.7,12.9,13.6,13.7,13.5
118021,6.9,6.9,6.9,6.9,7.0,7.0,7.1,7.0,7.1,7.2,7.5,7.5,7.4,7.3,7.5,7.7,7.6,7.5,7.9,7.7,7.9,7.9,7.7,8.0,7.9
118022,7.9,7.9,7.9,7.9,7.7,7.6,7.5,7.6,7.8,7.8,7.7,7.6,7.7,7.7,7.7,7.7,7.7,7.7,7.5,7.4,7.7,7.6,7.3,7.2,7.4
118023,8.8,9.2,8.9,9.2,9.4,8.9,9.2,9.4,9.2,9.5,9.7,9.6,10.0,10.2,9.7,9.8,9.5,9.9,10.1,10.3,10.5,9.9,9.9,10.0,10.2
118024,9.2,9.3,9.0,9.2,9.6,9.3,9.5,9.5,9.5,9.8,9.4,9.7,9.8,9.9,9.8,10.0,9.9,10.0,10.0,9.7,10.2,9.6,9.9,10.0,10.3
118025,8.5,8.9,8.6,8.7,8.8,9.0,9.2,8.9,9.1,9.3,9.3,9.6,9.5,9.6,9.8,9.8,9.7,9.9,10.0,9.9,10.8,10.0,10.3,10.2,10.4
118026,9.2,9.4,9.2,9.3,9.5,9.2,9.1,9.2,9.4,9.4,9.7,9.8,10.0,10.3,10.1,10.1,10.3,10.0,10.0,10.2,10.3,10.3,10.2,10.3,10.2
118027,9.2,9.0,9.3,9.3,9.7,9.8,9.9,9.8,10.4,10.6,10.8,10.6,10.9,10.9,11.2,11.5,11.6,11.7,11.7,11.9,12.4,12.2,12.3,12.5,12.9
118028,7.6,7.9,8.0,8.2,8.1,8.2,8.3,8.3,8.3,8.7,8.7,8.8,8.9,9.0,8.9,9.4,9.4,9.6,9.5,9.5,10.0,9.5,9.9,10.1,10.3
118029,7.2,7.3,7.3,7.3,7.5,7.2,7.7,7.7,7.9,8.1,8.1,8.0,8.6,8.5,8.5,8.5,8.6,9.0,9.0,8.7,9.4,9.1,9.3,9.5,9.6
118030,8.2,8.3,8.2,8.3,8.8,8.7,8.6,8.4,8.6,9.0,8.9,9.0,9.1,9.7,9.1,9.6,9.7,9.7,10.3,10.0,10.3,9.9,10.1,10.5,10.2
118031,9.0,9.2,9.2,9.4,9.6,9.9,9.9,10.1,10.2,10.7,10.6,11.0,11.2,11.0,11.2,10.9,11.2,11.4,11.7,11.8,12.4,12.4,12.6,12.3,13.3
118032,8.4,8.6,8.4,8.5,8.4,8.5,8.7,8.8,8.9,9.1,9.2,9.3,9.4,9.2,9.3,9.3,9.4,9.6,9.7,9.7,9.7,9.8,9.7,9.9,10.2
118033,8.8,8.9,8.8,8.8,9.4,8.8,9.0,9.1,9.3,9.5,9.4,9.5,9.5,9.7,9.8,9.9,9.7,9.8,10.1,10.3,10.3,10.1,10.1,10.3,10.3
118034,7.4,7.6,7.8,7.8,7.6,7.6,7.5,7.8,7.7,7.9,8.1,7.9,8.1,8.4,8.3,8.3,8.4,8.5,8.6,8.4,8.4,8.5,8.8,8.2,8.8
118035,7.0,7.0,7.1,7.2,7.3,7.3,7.4,7.4,7.6,7.9,7.8,8.0,7.9,8.1,8.1,8.3,8.4,8.2,8.2,8.7,8.7,8.4,8.6,8.8,8.8
118036,7.6,7.6,7.7,7.6,7.5,7.8,7.7,7.9,7.8,8.1,8.0,8.1,8.5,8.1,8.0,8.0,8.1,8.0,8.0,8.2,8.5,8.3,8.4,8.3,8.4
118037,9.3,9.2,9.2,9.1,9.2,9.2,9.2,9.3,9.5,9.8,10.1,10.0,10.0,9.8,10.2,10.0,9.9,10.1,10.4,10.6,10.7,10.7,10.4,10.4,10.7
118038,8.1,8.4,8.3,8.5,8.4,8.3,8.6,8.6,8.9,8.9,8.9,8.6,8.9,8.7,9.2,8.9,9.2,9.4,9.2,9.3,9.7,9.4,9.4,9.6,9.6
118039,7.6,7.8,7.7,7.8,7.8,7.8,7.9,7.9,7.9,8.1,8.1,8.2,8.1,8.0,8.3,8.2,8.2,8.5,8.4,8.4,8.5,8.6,8.5,8.3,8.3
118040,10.2,10.0,10.1,10.4,10.3,10.2,10.0,10.5,10.4,10.2,10.8,10.8,10.9,10.7,10.5,10.9,11.2,11.3,11.1,11.0,11.4,11.3,11.3,11.2,11.4
118041,8.7,8.7,8.9,9.0,9.0,9.2,9.0,9.1,9.2,9.3,9.5,9.7,9.6,9.5,9.8,9.9,9.8,10.0,10.0,10.1,10.1,10.1,10.1,10.3,10.5
118042,9.6,9.5,9.5,9.7,9.8,9.9,9.9,10.3,10.2,10.2,10.7,10.6,10.4,10.7,10.8,10.7,11.0,11.1,11.1,11.2,11.5,11.1,11.3,11.4,11.3
118043,10.6,10.5,10.9,10.8,10.9,11.2,11.2,11.3,11.2,12.0,12.1,12.4,12.5,12.4,12.5,12.8,13.2,12.9,13.3,13.7,13.6,13.2,13.8,13.8,14.2
118044,9.5,9.4,9.5,9.5,9.8,9.8,10.2,9.9,10.2,10.8,10.6,10.9,10.6,11.2,10.7,11.1,10.9,11.5,11.4,11.3,11.9,11.9,11.7,12.0,11.7
118045,8.9,9.0,8.9,9.0,9.2,9.2,9.6,9.5,9.5,9.9,10.3,10.0,10.1,10.6,10.7,10.9,10.5,10.8,11.0,11.2,11.6,11.4,11.5,11.8,11.8
118046,8.9,9.2,9.2,9.3,9.2,9.3,9.3,9.3,9.2,9.7,9.8,9.8,9.9,9.9,10.0,9.9,10.0,10.2,10.1,10.1,10.4,10.3,10.1,10.4,10.5
118047,8.9,8.5,8.8,8.8,8.7,9.1,9.3,8.9,8.9,9.2,9.4,9.2,9.8,9.7,9.9,9.9,9.7,10.1,9.9,10.1,10.4,10.4,10.5,10.5,10.8
118048,10.0,10.1,10.5,10.6,11.2,11.3,11.4,11.3,11.2,11.9,12.1,12.5,13.0,13.0,13.0,12.9,13.2,13.0,13.7,13.4,14.1,14.1,14.3,15.0,14.8
118049,7.4,7.4,7.6,7.5,7.8,7.9,7.8,7.9,7.9,8.0,8.2,8.2,8.4,8.3,8.6,8.4,8.5,8.6,8.6,8.8,9.1,9.0,8.8,8.9,9.1
118050,8.4,8.5,8.3,8.5,8.4,8.6,8.8,8.8,8.9,9.0,8.9,8.9,9.1,9.1,9.4,9.2,9.4,9.3,9.4,9.2,9.7,9.1,9.8,9.4,9.7
118051,7.4,7.4,7.5,7.2,7.4,7.6,7.6,7.6,7.7,7.9,7.7,7.8,7.7,7.9,7.8,7.8,8.3,7.9,7.8,8.1,8.3,8.1,8.1,8.1,8.1
118052,7.7,7.7,7.8,7.6,7.8,7.8,7.8,7.7,7.8,8.1,7.9,8.0,8.2,8.1,8.0,8.0,8.3,8.3,8.1,8.1,8.5,8.4,8.3,8.4,8.3
118053,7.3,7.7,7.3,7.6,7.6,7.5,7.6,7.7,7.6,7.8,7.7,8.1,8.0,8.0,8.0,8.1,8.3,7.9,8.1,8.2,8.5,8.3,8.4,8.3,8.4
118054,9.6,9.8,9.9,9.7,9.8,9.8,10.2,10.1,10.0,10.7,10.3,10.4,10.8,10.9,10.8,11.0,10.9,11.0,11.5,11.2,11.4,11.4,11.2,11.5,11.8
118056,8.3,8.3,8.2,8.2,8.2,8.4,8.2,8.3,8.4,8.5,8.5,8.8,8.6,8.4,8.7,8.7,8.8,9.0,9.1,8.8,9.0,9.1,9.0,8.9,8.8
118057,8.6,8.8,8.7,9.0,9.1,9.2,9.2,9.5,9.5,10.0,10.4,10.1,10.3,10.3,10.4,10.7,11.1,11.3,11.0,11.1,11.9,11.7,11.9,12.1,11.9
118058,7.7,7.6,7.7,7.9,8.0,8.1,8.2,8.1,8.2,8.4,8.6,8.6,8.7,8.9,8.9,9.0,8.9,9.4,9.2,9.6,9.6,9.6,9.7,9.5,10.0
118059,9.3,9.2,9.3,9.4,9.5,9.5,9.5,9.6,9.8,10.0,10.2,10.1,10.1,10.3,10.4,10.5,10.6,10.4,11.0,10.6,11.0,10.9,10.9,11.2,10.7
118060,7.2,7.2,7.2,7.3,7.5,7.6,7.5,7.5,7.7,7.9,7.7,7.8,8.0,8.2,8.3,8.1,8.6,8.5,8.4,8.4,8.6,8.5,9.0,9.0,8.7
118061,9.7,9.6,9.8,10.1,9.9,10.0,10.0,10.2,10.3,10.9,10.9,11.1,11.2,11.3,11.2,11.2,11.4,11.6,11.9,11.9,12.6,12.2,12.1,12.3,12.4
118063,8.6,8.6,8.7,8.5,8.7,8.8,9.1,8.9,9.0,9.0,9.2,9.3,9.6,9.4,9.5,9.6,9.3,9.9,9.7,9.6,9.7,9.7,9.6,9.8,9.5
118064,8.5,8.6,8.5,8.8,8.5,8.7,8.8,9.0,9.1,9.5,9.2,9.6,9.3,9.2,9.8,9.7,9.7,9.9,9.8,10.3,10.2,10.3,10.1,10.5,10.2
118065,8.1,8.1,8.1,8.3,8.4,8.6,8.6,8.5,8.5,8.9,9.0,9.0,8.9,9.2,9.1,9.0,9.5,9.3,9.4,9.2,9.7,9.9,9.7,10.0,9.9
118066,8.4,8.5,8.5,8.8,8.5,8.7,8.9,8.8,9.0,9.1,9.2,9.3,9.3,9.3,9.3,9.6,9.7,9.5,9.9,9.9,10.0,9.9,10.0,10.3,10.2
118067,8.2,8.2,8.3,8.4,8.3,8.7,8.6,8.8,9.0,8.9,9.3,9.4,9.5,9.4,9.6,9.6,9.6,9.7,9.7,10.3,10.4,9.9,10.4,10.3,10.5
118068,10.1,9.7,10.0,10.1,10.2,10.5,10.3,11.0,10.8,11.7,11.6,11.8,11.7,12.6,12.3,12.3,12.5,13.2,12.9,13.4,14.0,13.6,13.4,13.7,14.0
118069,8.3,8.2,8.4,8.4,8.4,8.4,8.5,8.5,8.7,8.8,8.9,8.9,9.1,9.0,9.0,9.1,9.1,9.2,9.2,9.1,9.5,9.4,9.5,9.3,9.4
118070,10.0,10.6,10.7,10.9,11.1,10.9,10.8,10.9,11.2,11.6,11.7,11.6,12.2,11.8,12.0,12.0,12.1,11.8,12.7,12.5,12.4,12.8,12.8,12.9,12.7
118071,9.0,9.1,8.9,9.1,9.2,9.3,9.5,9.4,9.1,9.9,9.8,9.8,9.8,9.9,9.7,9.7,9.8,9.5,9.9,9.6,10.2,9.9,10.2,10.0,10.2
118072,7.7,7.7,7.7,7.7,7.8,8.1,8.0,7.8,8.0,8.5,8.4,8.4,8.5,8.5,8.7,8.7,8.8,8.7,8.9,8.9,9.1,8.8,8.9,9.3,9.3
119001,8.5,8.3,8.3,8.5,8.6,8.7,8.7,9.0,8.9,9.2,9.6,9.3,9.4,9.8,9.7,9.8,9.8,9.8,10.3,9.7,10.8,10.0,10.1,10.5,10.5
119002,8.6,8.6,8.4,8.3,8.6,8.5,8.3,8.9,8.7,8.8,9.1,9.2,9.2,9.1,9.3,9.0,9.3,9.3,9.3,9.3,9.4,9.1,9.2,9.3,9.2
119003,8.0,8.1,8.0,8.3,8.3,8.5,8.6,8.8,8.4,8.7,9.0,9.1,9.2,9.1,9.2,9.4,9.4,9.3,9.7,9.7,9.9,9.5,10.1,9.9,9.8
119004,9.9,9.8,9.9,9.8,9.9,10.4,10.4,10.0,10.5,10.8,11.1,10.9,11.1,10.6,11.1,11.6,11.9,11.4,11.7,11.4,12.4,11.9,12.4,12.6,12.1
119005,9.2,8.9,9.4,9.0,9.1,9.0,9.2,9.4,9.3,9.4,9.5,9.5,9.2,9.4,9.5,9.4,9.8,9.5,9.5,9.6,9.8,9.8,9.8,9.8,9.8
119006,9.3,9.4,9.6,9.7,9.4,9.7,9.7,9.4,9.5,9.7,10.1,10.2,10.1,9.9,10.1,10.1,10.1,10.6,10.3,10.4,10.4,10.2,10.3,10.2,10.7
119007,8.6,8.9,9.1,9.0,8.8,8.9,8.9,9.4,9.3,9.6,9.6,9.9,9.8,9.8,9.9,10.2,10.1,10.1,10.2,10.1,10.5,10.3,10.7,10.3,10.6
119008,9.6,9.4,9.7,10.0,9.8,10.2,10.4,10.1,10.0,10.8,10.7,11.3,10.9,11.5,11.2,11.8,11.5,11.6,11.5,11.7,11.8,11.8,12.0,12.2,12.1
119009,8.4,8.8,8.8,8.6,9.0,8.7,8.9,8.7,9.1,9.2,9.5,9.7,9.5,9.4,9.4,9.6,9.9,9.9,10.0,10.1,10.3,9.9,10.1,10.3,10.1
119010,9.7,9.8,9.7,9.9,9.7,10.0,10.0,10.4,10.2,10.9,10.8,10.6,10.7,10.9,10.7,11.3,10.7,10.9,10.7,10.8,11.6,11.0,11.0,11.2,11.3
119011,9.4,9.4,9.6,9.4,9.5,9.7,9.8,9.8,10.0,10.3,10.3,10.5,10.5,10.8,10.5,10.7,10.8,10.7,10.9,11.1,11.4,11.2,11.8,11.4,11.3
119012,7.5,7.6,7.7,7.6,7.7,7.8,7.7,7.8,7.7,8.0,8.0,8.4,8.2,8.4,8.4,8.4,8.6,8.7,8.6,8.8,8.7,8.8,8.8,8.7,9.0
119013,7.7,7.9,7.8,7.9,7.9,8.3,7.8,8.3,8.4,8.7,8.8,8.8,8.9,9.1,9.1,9.4,9.2,9.4,9.3,9.2,9.6,9.5,9.6,9.9,10.2
119014,8.6,8.6,8.7,8.8,9.0,9.0,8.8,9.1,9.1,9.2,9.4,9.4,9.6,9.6,9.4,9.8,9.7,10.0,9.9,10.0,10.2,10.4,9.8,9.9,10.4
119015,9.5,9.6,9.7,9.7,9.9,9.6,9.9,9.5,9.9,10.1,10.7,10.0,10.4,10.2,10.5,10.5,10.4,10.4,10.4,10.9,10.8,10.9,10.6,10.6,11.0
119016,9.1,9.2,9.0,9.1,9.3,9.3,9.3,9.4,9.5,10.0,9.8,9.9,9.8,9.6,10.1,10.0,10.0,9.9,10.1,10.2,10.3,10.4,10.3,10.6,10.4
119017,7.5,7.7,7.5,7.8,7.9,7.8,7.8,8.1,8.0,8.5,8.5,8.5,8.4,8.8,8.9,9.0,9.0,9.2,9.1,9.6,9.8,9.3,9.7,9.6,9.9
119018,8.0,8.1,8.2,8.0,8.2,8.2,8.2,8.1,8.0,8.4,8.5,8.4,8.4,8.7,8.8,8.5,8.6,8.7,8.8,9.0,8.8,8.9,8.9,8.8,8.7
119019,8.2,8.3,8.3,8.2,8.5,8.5,8.7,8.9,8.8,8.9,8.9,8.8,8.9,9.4,9.4,9.2,9.7,9.4,9.5,9.4,9.9,9.8,9.6,9.8,10.0
119020,7.5,7.7,8.0,7.6,7.9,8.0,8.0,8.0,8.0,8.4,8.7,8.7,8.6,8.8,8.6,8.8,8.9,8.8,8.8,9.0,9.1,9.2,9.2,9.0,9.3
119021,7.4,7.6,7.4,7.4,7.3,7.4,7.2,7.3,7.1,7.7,7.7,7.7,7.6,7.8,7.7,7.8,8.0,7.7,7.8,7.8,8.0,7.9,7.8,7.6,7.7
119022,8.7,8.7,8.8,9.0,9.1,9.3,9.3,9.2,9.5,9.7,10.0,10.0,10.2,10.0,10.4,10.0,10.0,10.3,10.7,10.6,10.9,10.9,11.1,10.8,11.1
119023,8.1,8.2,8.3,8.4,8.4,8.3,8.7,8.5,8.8,8.9,8.9,9.1,9.1,9.2,9.5,9.4,9.4,9.6,9.5,9.5,10.2,9.6,9.7,9.9,9.7
119024,8.4,8.2,8.7,8.5,8.5,8.7,8.8,8.7,8.8,9.1,9.5,9.6,9.7,9.5,9.6,9.8,10.0,9.8,9.9,10.0,10.2,10.1,10.3,10.0,10.5
